feature	first_member_id	log2fc	ci_low	ci_high	se	t	p	q	residual_sd	mean_log2_abundance	prior_variance	prior_sd	notrend_se	notrend_t	notrend_p	notrend_q	hit_q05_trend	hit_q05_notrend	hit_q10_trend	hit_q10_notrend
sp|P56134|ATPK_HUMAN	psvid_86283_sp|P56134|ATPK_HUMAN	0.858438115505344	0.33152009209118305	1.385356138919505	0.23620359499782653	3.6343143528922286	0.004645198683917614	1.0	0.3447083326484261	-11.056189082180017	0.10048472472739184	0.31699325659608574	0.2658751188852484	3.2287267763323335	0.011020959892787327	1.0	False	False	False	False
sp|O00168|PLM_HUMAN	psvid_36643_sp|O00168|PLM_HUMAN	1.204219514435962	0.46493521946437544	1.9435038094075485	0.33140185083490425	3.6337139077592924	0.004649798592149569	1.0	0.44521266228706824	-12.743770359923776	0.25252586147574996	0.5025195135273355	0.3137991177461831	3.837549076253289	0.004358984111620917	1.0	False	False	False	False
sp|P61966|AP1S1_HUMAN	psvid_87408_sp|P61966|AP1S1_HUMAN	-1.4521216731816393	-2.517578527565094	-0.3866648187981847	0.4776164946679716	-3.0403507613176592	0.012574604983952763	1.0	0.6951887449068436	-13.569891439918516	0.4147588725438117	0.6440177579413565	0.44522199372089244	-3.2615676980503516	0.010471295827963025	1.0	False	False	False	False
sp|Q8N8J7|F241A_HUMAN	psvid_81790_sp|Q8N8J7|F241A_HUMAN	-1.248250367505236	-2.187573074722101	-0.30892766028837126	0.42107384915418233	-2.9644452392676874	0.014308108650448122	1.0	0.5229887028779096	-13.910984148657356	0.4789307669764668	0.6920482403535658	0.3532985384321441	-3.5331319881612813	0.006891333370615112	1.0	False	False	False	False
sp|Q08722|CD47_HUMAN	psvid_40342_sp|Q08722|CD47_HUMAN	1.2276211217864592	0.30362127019461804	2.1516209733783005	0.41420501297201506	2.9638007347569233	0.014323824366955007	1.0	0.4264414427935256	-15.04390687069981	0.590401894367166	0.7683761412011476	0.30453980609505904	4.031069493106821	0.003279239918576613	1.0	False	False	False	False
sp|Q02325|PLGB_HUMAN	psvid_44984_sp|Q02325|PLGB_HUMAN	-1.1609391216334681	-2.0376980543589944	-0.28418018890794194	0.3930281422418719	-2.953832046253368	0.014569147310626066	1.0	0.6093995355829249	-12.494638120824114	0.2132325779282917	0.4617711315449372	0.3988229324318088	-2.9109136592389078	0.018179386759982187	1.0	False	False	False	False
sp|O14561|ACPM_HUMAN	psvid_87262_sp|O14561|ACPM_HUMAN	1.581876969758241	0.3096498132543164	2.8541041262621656	0.570306223486098	2.773732609980542	0.0198127020395781	1.0	0.9658659511078358	-12.52404017721433	0.21753015657957542	0.4664012827807996	0.5962801167723524	2.6529091365999204	0.027444708863170627	1.0	False	False	False	False
sp|Q9Y2D2|S35A3_HUMAN	psvid_58610_sp|Q9Y2D2|S35A3_HUMAN	-1.2900038178809852	-2.328837576544823	-0.2511700592171473	0.4656820558378124	-2.7701385563592926	0.019934794886246	1.0	0.5769004750129522	-14.939240148320401	0.5884257772738953	0.7670891586210141	0.3815351198640261	-3.3810880066315385	0.008701048742763963	1.0	False	False	False	False
sp|P30046|DOPD_HUMAN	psvid_99364_sp|P30046|DOPD_HUMAN	0.4986500544932828	0.09292897787458515	0.9043711311119804	0.18187416752757352	2.7417310620414725	0.020926817483404	1.0	0.221363387808281	-10.73193914026679	0.0924576469389218	0.30406849053942075	0.2150754356389016	2.3184891059827284	0.04696112024259964	1.0	False	False	False	False
sp|P30273|FCERG_HUMAN	psvid_67242_sp|P30273|FCERG_HUMAN	0.6853412223519353	0.07688831469761537	1.2937941300062552	0.27275355518037964	2.512675671261919	0.030957590557714194	1.0	0.3442187736294522	-12.363947009462315	0.1952481244183039	0.4418688995825616	0.2656530842962435	2.579835367496339	0.030858177332156986	1.0	False	False	False	False
sp|Q14678|KANK1_HUMAN	psvid_34616_sp|Q14678|KANK1_HUMAN	1.216406662441651	0.1217920065694944	2.3110213183138075	0.4906871759273428	2.4789860467471585	0.032790329205793695	1.0	0.6594445154939197	-15.822123140563525	0.5531178271015167	0.7437189167296451	0.42576917490236105	2.856962725684878	0.01980797517053809	1.0	False	False	False	False
sp|Q8NHW5|RLA0L_HUMAN	psvid_64823_sp|Q8NHW5|RLA0L_HUMAN	0.4129862474788135	0.03668269491627779	0.7892898000413493	0.1686870594211216	2.448239058147354	0.0345562507312922	1.0	0.19311658353554967	-10.336847895015312	0.08698649476238603	0.2949347296646938	0.20533064527895498	2.011322990378494	0.0767381940167077	1.0	False	False	False	False
sp|O75348|VATG1_HUMAN	psvid_99175_sp|O75348|VATG1_HUMAN	0.7834267423881687	0.0675702413044289	1.4992832434719086	0.3208997824043697	2.441343950183684	0.03496495009797275	1.0	0.44570317479888766	-12.521455452443941	0.2171486590883977	0.46599212341883817	0.3140426772976611	2.4946505651065007	0.035383005287041816	1.0	False	False	False	False
sp|P62266|RS23_HUMAN	psvid_40300_sp|P62266|RS23_HUMAN	0.6091716756429939	0.04562686808739014	1.1727164831985977	0.25262242620682873	2.4113919131797457	0.03679621703167039	1.0	0.38840724938717364	-10.709432573016727	0.09202957118395433	0.30336376049876873	0.2861813010006305	2.128621518991738	0.0636602442329231	1.0	False	False	False	False
sp|P46783|RS10_HUMAN	psvid_64450_sp|P46783|RS10_HUMAN	0.7405093318553995	0.020079135811590376	1.4609395278992086	0.32295005046123343	2.292953138721647	0.04500365283128528	1.0	0.5375838029940226	-9.870846781367753	0.08532132033771067	0.29209813477273466	0.36088270085016927	2.0519391206918587	0.07194019370009921	1.0	False	False	False	False
sp|Q7L2H7|EIF3M_HUMAN	psvid_67794_sp|Q7L2H7|EIF3M_HUMAN	-0.7848098324209496	-1.5522280096124859	-0.017391655229413217	0.34401353581493066	-2.2813341648369168	0.045898981035480894	1.0	0.506030373166824	-12.450707230836052	0.20698354000387395	0.45495443728342067	0.3445483996109513	-2.277792708679309	0.05013177667215574	1.0	False	False	False	False
sp|P02652|APOA2_HUMAN	psvid_85363_sp|P02652|APOA2_HUMAN	0.45392041447346854	0.008345019700739531	0.8994958092461975	0.19973981798145843	2.272558466612828	0.0465866629884588	1.0	0.2680215459600117	-10.707345706067038	0.09199065240392003	0.30329960831481473	0.23291080589227187	1.9489023393934763	0.08471587467364801	1.0	False	False	False	False
sp|P13640|MT1G_HUMAN	psvid_62246_sp|P13640|MT1G_HUMAN	0.7297020625842126	-0.0032162618244920838	1.462620386992917	0.3285481524116466	2.22098970037716	0.05083411561679014	1.0	0.4871220914285004	-12.266976558334232	0.18307746858764015	0.4278755293162255	0.3348768756901189	2.179015977381037	0.0587316839812347	1.0	False	False	False	False
sp|P02795|MT2_HUMAN	psvid_62248_sp|P02795|MT2_HUMAN	0.7267034757351896	-0.004060678202032153	1.4574676296724114	0.32758249402268974	2.218383121794216	0.05105847107349545	1.0	0.4868189642506027	-12.243844917992622	0.18032006953126486	0.4246411067375188	0.33472259517939085	2.1710619067879806	0.05948404125915288	1.0	False	False	False	False
sp|P04731|MT1A_HUMAN	psvid_34319_sp|P04731|MT1A_HUMAN	0.7267034757351896	-0.004060678202032153	1.4574676296724114	0.32758249402268974	2.218383121794216	0.05105847107349545	1.0	0.4868189642506027	-12.243844917992622	0.18032006953126486	0.4246411067375188	0.33472259517939085	2.1710619067879806	0.05948404125915288	1.0	False	False	False	False
sp|P80294|MT1H_HUMAN	psvid_80675_sp|P80294|MT1H_HUMAN	0.7267034757351896	-0.004060678202032153	1.4574676296724114	0.32758249402268974	2.218383121794216	0.05105847107349545	1.0	0.4868189642506027	-12.243844917992622	0.18032006953126486	0.4246411067375188	0.33472259517939085	2.1710619067879806	0.05948404125915288	1.0	False	False	False	False
sp|P80297|MT1X_HUMAN	psvid_62249_sp|P80297|MT1X_HUMAN	0.7267034757351896	-0.004060678202032153	1.4574676296724114	0.32758249402268974	2.218383121794216	0.05105847107349545	1.0	0.4868189642506027	-12.243844917992622	0.18032006953126486	0.4246411067375188	0.33472259517939085	2.1710619067879806	0.05948404125915288	1.0	False	False	False	False
sp|Q9BXR6|FHR5_HUMAN	psvid_81273_sp|Q9BXR6|FHR5_HUMAN	0.8759051625627126	-0.03554915773569434	1.7873594828611195	0.4085811787872092	2.143772665110665	0.057900618121858684	1.0	0.43435956274784415	-15.787335592975595	0.5565087121398423	0.7459951153592377	0.3084307400180526	2.839876344723115	0.020354421746920055	1.0	False	False	False	False
sp|P62330|ARF6_HUMAN	psvid_88144_sp|P62330|ARF6_HUMAN	-0.45285385890728547	-0.9252105324578448	0.019502814643273914	0.21174516614733505	-2.138673893467697	0.05839905716152713	1.0	0.27730623462637977	-11.300301898163461	0.10925578392012632	0.33053862697138187	0.2366836652220858	-1.9133295847956475	0.08961028906054003	1.0	False	False	False	False
sp|Q16878|CDO1_HUMAN	psvid_51126_sp|Q16878|CDO1_HUMAN	0.8300493277492116	-0.03717209439725189	1.697270749895675	0.38875272522062926	2.1351601516828795	0.058744939968832836	1.0	0.3451193708111301	-14.800793284744476	0.583059412249827	0.7635832713265968	0.26606164145630595	3.119763236841966	0.013070310130546632	1.0	False	False	False	False
sp|P46777|RL5_HUMAN	psvid_67743_sp|P46777|RL5_HUMAN	0.5611708466504908	-0.02737450752062831	1.1497162008216097	0.2638295186293514	2.1270206971755425	0.05955371951182342	1.0	0.41731314312960077	-9.746368625966504	0.08564540453746856	0.2926523612367899	0.3000823135721812	1.8700563854307524	0.09592632765208133	1.0	False	False	False	False
sp|O75452|RDH16_HUMAN	psvid_59530_sp|O75452|RDH16_HUMAN	-0.7499994589897652	-1.5414983835584921	0.04149946557896178	0.3548083062497543	-2.113815955768044	0.060888529744981	1.0	0.5973152356392789	-9.19454272774161	0.09078219066720901	0.3013008308438744	0.39237366577844984	-1.9114418841075982	0.08987738790750197	1.0	False	False	False	False
sp|O75083|WDR1_HUMAN	psvid_95037_sp|O75083|WDR1_HUMAN	-1.0427891243891656	-2.150174621867075	0.06459637308874355	0.49641201084356196	-2.100652485456859	0.06224760783496209	1.0	0.6554256526404106	-15.21383493689165	0.5898494968111668	0.7680165993070507	0.4235921560345098	-2.461776285357395	0.03730266151733706	1.0	False	False	False	False
sp|Q9Y5J9|TIM8B_HUMAN	psvid_98593_sp|Q9Y5J9|TIM8B_HUMAN	-0.7114259344229752	-1.4691192988583457	0.046267430012395305	0.33965415611711075	-2.0945597797357136	0.06288641832274369	1.0	0.4632140666341185	-12.761183766996373	0.2555101113237509	0.5054800800464355	0.3227880280367108	-2.204003471721276	0.056428266120429074	1.0	False	False	False	False
sp|Q9BW72|HIG2A_HUMAN	psvid_84413_sp|Q9BW72|HIG2A_HUMAN	0.490704157482325	-0.03621400665991781	1.0176223216245677	0.236203658082552	2.0774621420588937	0.06471264031006266	1.0	0.3369048355195747	-11.285372907305486	0.10863981324204093	0.3296055418861172	0.2623516089987248	1.870406510389308	0.09587357523684883	1.0	False	False	False	False
sp|P11215|ITAM_HUMAN	psvid_23094_sp|P11215|ITAM_HUMAN	1.0146918843898316	-0.10131371471315309	2.130697483492816	0.5002761773791771	2.028263447813068	0.07025325957160886	1.0	0.7295482424565191	-16.588502432517153	0.45196887144268866	0.6722863016919864	0.46406070523218906	2.1865498908858028	0.05802765808592898	1.0	False	False	False	False
sp|Q14195|DPYL3_HUMAN	psvid_62000_sp|Q14195|DPYL3_HUMAN	-0.8161953104750697	-1.7154357552424373	0.08304513429229787	0.4031060172229977	-2.024765881933118	0.07066381638575436	1.0	0.45689530424743446	-16.239398229710286	0.5031991253649961	0.7093652975477417	0.31962117181688	-2.553633433715996	0.03218413987554237	1.0	False	False	False	False
sp|Q13418|ILK_HUMAN	psvid_43230_sp|Q13418|ILK_HUMAN	-0.8893769918311403	-1.880505405113285	0.10175142145100458	0.44429699482441826	-2.001762339586864	0.07342113840433252	1.0	0.5422983148666581	-14.391887540350538	0.5492096221382378	0.7410867844849467	0.3633425475475937	-2.4477645071683822	0.03815227727689128	1.0	False	False	False	False
sp|Q7Z2W4|ZCCHV_HUMAN	psvid_62867_sp|Q7Z2W4|ZCCHV_HUMAN	-1.0815570826949452	-2.303712475312852	0.14059830992296174	0.5478603588312396	-1.9741473630292405	0.07686536276348352	1.0	0.7993549258686605	-15.936744287861185	0.5410194344688071	0.7355402330728124	0.5026912254971632	-2.151533641004539	0.061371348898548124	1.0	False	False	False	False
sp|Q8NBN3|GPHCC_HUMAN	psvid_49917_sp|Q8NBN3|GPHCC_HUMAN	-0.9164675404011002	-1.9565703466550595	0.123635265852859	0.4662509367446899	-1.9656100785550599	0.0779605781605539	1.0	0.5943431810165816	-15.752244325888478	0.5597893920119673	0.7481907457406616	0.3907912377208405	-2.345158877527785	0.044991857307783455	1.0	False	False	False	False
sp|O15269|SPTC1_HUMAN	psvid_86951_sp|O15269|SPTC1_HUMAN	-0.7434818313858282	-1.590313981267217	0.10335031849556031	0.3796127467146848	-1.9585270458387052	0.07888034969063308	1.0	0.37769894283844513	-14.109334831919973	0.5113740976861536	0.7151042565151976	0.2811211470486544	-2.6447026102136384	0.027808164481134136	1.0	False	False	False	False
sp|P56381|ATP5E_HUMAN	psvid_47979_sp|P56381|ATP5E_HUMAN	-0.36763525766274263	-0.7894099516251093	0.05413943629962403	0.18907058511208572	-1.9444339131060464	0.08074080565674398	1.0	0.22297643074715098	-11.187885043804936	0.10488327369336443	0.32385687223427023	0.21565770172727022	-1.704716570371642	0.12411711986093742	1.0	False	False	False	False
sp|Q5VTU8|AT5EL_HUMAN	psvid_104079_sp|Q5VTU8|AT5EL_HUMAN	-0.36763525766274263	-0.7894099516251093	0.05413943629962403	0.18907058511208572	-1.9444339131060464	0.08074080565674398	1.0	0.22297643074715098	-11.187885043804936	0.10488327369336443	0.32385687223427023	0.21565770172727022	-1.704716570371642	0.12411711986093742	1.0	False	False	False	False
sp|P36406|TRI23_HUMAN	psvid_34633_sp|P36406|TRI23_HUMAN	-1.078619390656384	-2.318272228238581	0.161033446925813	0.555704006647768	-1.9409962457586976	0.08120081989723998	1.0	0.7969616864978897	-15.115283006567783	0.590731025595272	0.7685902846089534	0.5013597965058617	-2.151387881863745	0.06138565327705374	1.0	False	False	False	False
sp|P46782|RS5_HUMAN	psvid_17903_sp|P46782|RS5_HUMAN	0.49999963932651026	-0.07899957053665796	1.0789988491896785	0.25955023133282684	1.92640798953999	0.08318040859749751	1.0	0.40824799597519146	-9.715783022304514	0.08577238299230074	0.2928692250686315	0.29568674789538957	1.6909775053679583	0.12677602110141548	1.0	False	False	False	False
sp|P0DPH7|TBA3C_HUMAN,sp|P0DPH8|TBA3D_HUMAN	psvid_34681_sp|P0DPH7|TBA3C_HUMAN	-0.49999963932650937	-1.0789988491896776	0.07899957053665885	0.25955023133282684	-1.9264079895399866	0.08318040859749794	1.0	0.40824799597519146	-9.715783022304514	0.08577238299230074	0.2928692250686315	0.29568674789538957	-1.6909775053679554	0.12677602110141606	1.0	False	False	False	False
sp|Q14257|RCN2_HUMAN	psvid_77669_sp|Q14257|RCN2_HUMAN	-0.672419220446713	-1.4558861290301208	0.11104768813669474	0.351207763154797	-1.9145909942495776	0.08481694292441418	1.0	0.38453120378287675	-13.4877966942936	0.39821734446787765	0.631044645384047	0.2843437996988135	-2.36481056087371	0.04359347355447105	1.0	False	False	False	False
sp|P68366|TBA4A_HUMAN	psvid_51224_sp|P68366|TBA4A_HUMAN	-0.49999963932651026	-1.0829714519744837	0.08297217332146323	0.26133104545869296	-1.9132806760440646	0.08500024984817342	1.0	0.40824799597519146	-9.215783382978003	0.0904719033364427	0.30078547726983546	0.29568674789538957	-1.6909775053679583	0.12677602110141548	1.0	False	False	False	False
sp|P07327|ADH1A_HUMAN	psvid_59640_sp|P07327|ADH1A_HUMAN	-0.4999996393265098	-1.0829714519744833	0.08297217332146367	0.26133104545869296	-1.913280676044063	0.08500024984817364	1.0	0.40824799597519146	-9.215783382978003	0.0904719033364427	0.30078547726983546	0.29568674789538957	-1.6909775053679568	0.12677602110141573	1.0	False	False	False	False
sp|P14854|CX6B1_HUMAN	psvid_98045_sp|P14854|CX6B1_HUMAN	0.4999996393265098	-0.08297217332146367	1.0829714519744833	0.26133104545869296	1.913280676044063	0.08500024984817364	1.0	0.40824799597519146	-9.215783382978003	0.0904719033364427	0.30078547726983546	0.29568674789538957	1.6909775053679568	0.12677602110141573	1.0	False	False	False	False
sp|P55084|ECHB_HUMAN	psvid_32785_sp|P55084|ECHB_HUMAN	0.4999996393265098	-0.08297217332146367	1.0829714519744833	0.26133104545869296	1.913280676044063	0.08500024984817364	1.0	0.40824799597519146	-9.215783382978003	0.0904719033364427	0.30078547726983546	0.29568674789538957	1.6909775053679568	0.12677602110141573	1.0	False	False	False	False
sp|O15155|BET1_HUMAN	psvid_90448_sp|O15155|BET1_HUMAN	-0.39576216120052354	-0.8642100500811553	0.07268572768010817	0.20999296001643256	-1.8846449003316779	0.08909970915911827	1.0	0.17730418054153946	-12.199713931028928	0.17521331462927867	0.4185848953668523	0.2002775781724394	-1.9760682389507003	0.08115093277039705	1.0	False	False	False	False
sp|Q9H0C2|ADT4_HUMAN	psvid_79092_sp|Q9H0C2|ADT4_HUMAN	0.5879780877509253	-0.1127619476912547	1.2887181231931053	0.3141234654640948	1.8718056827821825	0.09099686466538731	1.0	0.37660809180499977	-12.91149904797934	0.2824592600121427	0.5314689642981448	0.2806085751160507	2.09536749726111	0.06713069644945871	1.0	False	False	False	False
sp|P54707|AT12A_HUMAN	psvid_41279_sp|P54707|AT12A_HUMAN	0.7394648205188559	-0.14221427819847277	1.6211439192361845	0.39523372421783004	1.870955779348691	0.09112376344098322	1.0	0.39457510181849836	-15.826169353515102	0.5527146510341726	0.7434478132553572	0.2891186814941855	2.5576514692763888	0.031977132506328096	1.0	False	False	False	False
sp|P11279|LAMP1_HUMAN	psvid_34906_sp|P11279|LAMP1_HUMAN	0.40018129390428303	-0.07933910780768655	0.8797016956162527	0.2149564784769994	1.8616851966483203	0.09251865762601641	1.0	0.06302417490510077	-12.593240392087804	0.22800790185823427	0.47750172969135335	0.1746443663228651	2.2914068305213338	0.049048218970167874	1.0	False	False	False	False
sp|P36956|SRBP1_HUMAN	psvid_64569_sp|P36956|SRBP1_HUMAN	-1.2493739930092587	-2.7630512897555537	0.26430330373703637	0.6785420184365968	-1.841262529162003	0.09566164291206121	1.0	1.0808440677554956	-15.931955895132322	0.5415520445853618	0.7359021977038537	0.6617367497822358	-1.8880226818601238	0.09325449433020565	1.0	False	False	False	False
sp|O00442|RTCA_HUMAN	psvid_43288_sp|O00442|RTCA_HUMAN	0.8308220803774589	-0.1764506550742606	1.8380948158291783	0.4515340730145855	1.83999864025903	0.0958593610542017	1.0	0.5372520343650007	-15.172295412315925	0.5904081866367885	0.7683802357145767	0.3607097773256093	2.3032979214962714	0.04812076131904209	1.0	False	False	False	False
sp|P07148|FABPL_HUMAN	psvid_73804_sp|P07148|FABPL_HUMAN	-0.7880006050468795	-1.7462624352076763	0.1702612251139174	0.42956376357479115	-1.8344205723713962	0.09673649335008626	1.0	0.727321689539209	-8.029302220823672	0.12382270141391785	0.3518845001046762	0.46283611432831023	-1.7025477931653268	0.124533401163339	1.0	False	False	False	False
sp|P06748|NPM_HUMAN	psvid_47126_sp|P06748|NPM_HUMAN	0.7125335297137134	-0.15419720586193741	1.5792642652893643	0.388532763240031	1.8339084811581734	0.09681738843150207	1.0	0.5624202491311587	-12.897349163399983	0.27983589391570696	0.5289951738113562	0.37389330287479206	1.9057135397590255	0.09069254929521227	1.0	False	False	False	False
sp|Q6P2S7|TTC41_HUMAN	psvid_32133_sp|Q6P2S7|TTC41_HUMAN	-0.9759800937781717	-2.1712452075872903	0.21928502003094708	0.5358061487968692	-1.8215171587143881	0.09879398517833415	1.0	0.8262258639742969	-16.867539130716363	0.4078681588758962	0.6386455659251822	0.5176710121936132	-1.8853288493834905	0.0936505696938834	1.0	False	False	False	False
sp|Q6P4E1|GOLM2_HUMAN	psvid_73679_sp|Q6P4E1|GOLM2_HUMAN	-1.121382933636938	-2.4959832997103883	0.2532174324365122	0.6161974609410398	-1.8198434831659205	0.09906379553987492	1.0	0.9411248516743423	-14.553585283361322	0.5657312547616379	0.752151085063126	0.5822717497103496	-1.9258755627329829	0.0878541714253705	1.0	False	False	False	False
sp|Q9Y3U8|RL36_HUMAN	psvid_51350_sp|Q9Y3U8|RL36_HUMAN	0.4227861157461259	-0.10256023716637896	0.9481324686586308	0.23549905613950886	1.7952773258491057	0.10310292337941566	1.0	0.35166218308292485	-10.673450219931068	0.09137664477357604	0.3022857005774108	0.26904284160978326	1.5714453252739955	0.15220077853745637	1.0	False	False	False	False
sp|P40616|ARL1_HUMAN	psvid_91489_sp|P40616|ARL1_HUMAN	-0.42158035841075625	-0.9471022488499155	0.10394153202840295	0.2355777450303996	-1.7895593590827281	0.10406452301577067	1.0	0.23880450483785495	-12.352298695212312	0.19373362643700842	0.440151822030772	0.2215081143638657	-1.9032276069048966	0.09104848346415383	1.0	False	False	False	False
sp|P51809|VAMP7_HUMAN	psvid_61910_sp|P51809|VAMP7_HUMAN	-0.9635122044915256	-2.165506463064993	0.2384820540819419	0.5388226487341862	-1.7881805947746061	0.10429762022583072	1.0	0.8553176351415426	-13.249949988720864	0.3492895711948244	0.5910072513893754	0.5339485322866462	-1.8045038917239151	0.10629912991007218	1.0	False	False	False	False
sp|P18621|RL17_HUMAN	psvid_66069_sp|P18621|RL17_HUMAN	0.5073365439893296	-0.12899791129837823	1.1436709992770373	0.28525212515230286	1.7785548266062894	0.10593836142115019	1.0	0.4616073953373329	-9.77259330125033	0.08555134109316258	0.29249160858589185	0.3219816309278775	1.5756692160583867	0.15122897950543002	1.0	False	False	False	False
sp|P49773|HINT1_HUMAN	psvid_79904_sp|P49773|HINT1_HUMAN	0.5454484567833426	-0.14183212857575644	1.2327290421424417	0.3080899453432265	1.7704195317886398	0.1073434459117702	1.0	0.4926655994746087	-11.288389087393089	0.10876335968055564	0.3297929042301481	0.33770267699374856	1.6151736244407675	0.14240724225207804	1.0	False	False	False	False
sp|Q8WU67|ABHD3_HUMAN	psvid_41702_sp|Q8WU67|ABHD3_HUMAN	-0.9514649831647302	-2.15631363527243	0.2533836689429698	0.5401021988432442	-1.7616387883673055	0.10887912304350032	1.0	0.7640980949279065	-14.795049624982802	0.5827689718420235	0.7633930650995092	0.48312528899540685	-1.9693959410470352	0.08201300377259013	1.0	False	False	False	False
sp|P62273|RS29_HUMAN	psvid_103923_sp|P62273|RS29_HUMAN	0.624516556091157	-0.1757250139232549	1.4247581261055688	0.35872740598121106	1.7409223429220433	0.11258206395869876	1.0	0.5735487883255992	-11.922807929568823	0.14761410436758615	0.3842058099086818	0.3797627887250104	1.6444911787904921	0.13616455188498616	1.0	False	False	False	False
sp|Q5UCC4|EMC10_HUMAN	psvid_107450_sp|Q5UCC4|EMC10_HUMAN	-0.6683748484772325	-1.5258587928818077	0.18910909592734282	0.3843876681403224	-1.7388040873185333	0.1129670854551514	1.0	0.32139470653837815	-15.189833058394349	0.5902053620630047	0.7682482424730984	0.25545170969630304	-2.6164430422949145	0.029097504192976263	1.0	False	False	False	False
sp|P30049|ATPD_HUMAN	psvid_90404_sp|P30049|ATPD_HUMAN	0.5424809497992968	-0.15540961361889494	1.2403715132174886	0.31284612153960595	1.7340184597130106	0.11384135360468774	1.0	0.5092070806737209	-8.798302343010333	0.09831717555184696	0.3135556976867857	0.3461822217284717	1.5670387320605743	0.153220589966611	1.0	False	False	False	False
sp|O95445|APOM_HUMAN	psvid_92082_sp|O95445|APOM_HUMAN	0.7946264436540287	-0.23690986995948826	1.8261627572675456	0.4624108017174536	1.7184426503504746	0.11672959605966698	1.0	0.6525005507032133	-13.64987866233535	0.4305460241651706	0.6561600598673852	0.42200898693508593	1.882960951673428	0.0940000364952092	1.0	False	False	False	False
sp|Q9Y5C1|ANGL3_HUMAN	psvid_86071_sp|Q9Y5C1|ANGL3_HUMAN	-0.6576801858752348	-1.5176405541534335	0.20228018240296375	0.3854977843172148	-1.7060543863827997	0.11907406171083003	1.0	0.3652327426562842	-14.384714993884925	0.5483860346445653	0.7405309140370612	0.275296756318256	-2.388986323961353	0.04193234086884188	1.0	False	False	False	False
sp|Q02543|RL18A_HUMAN	psvid_66518_sp|Q02543|RL18A_HUMAN	0.46128647011636037	-0.14194282080184795	1.0645157610345688	0.27041194415715875	1.7058657359020675	0.11911009100364209	1.0	0.43125841436125867	-10.001147552484527	0.08531880713197527	0.2920938327523799	0.30690420822901027	1.5030307755576648	0.16873899604350812	1.0	False	False	False	False
sp|P63104|1433Z_HUMAN	psvid_19362_sp|P63104|1433Z_HUMAN	-0.2801569476757799	-0.6487208678579492	0.0884069725063894	0.16521758426375505	-1.6956848081529536	0.12106918216235245	1.0	0.07828686575059593	-11.674433804883305	0.12889910712765723	0.3590252179550306	0.17679184722796207	-1.5846711942238774	0.14917647876870274	1.0	False	False	False	False
sp|O75521|ECI2_HUMAN	psvid_38263_sp|O75521|ECI2_HUMAN	-0.4426355725979034	-1.0256462092916414	0.14037506409583445	0.26134844926492923	-1.6936606046175664	0.12146214921166722	1.0	0.2913430271010825	-12.513031188653677	0.21591020972827782	0.4646613925519074	0.24251231303052878	-1.8252086546310002	0.10291422530015118	1.0	False	False	False	False
sp|Q9BUR5|MIC26_HUMAN	psvid_77802_sp|Q9BUR5|MIC26_HUMAN	-0.5936837604661998	-1.3780159518796737	0.19064843094727435	0.351595646859794	-1.6885412711123338	0.12246113340294147	1.0	0.5108033492982664	-12.581947955178059	0.2262634523841274	0.47567158038306995	0.34700414106870897	-1.7108837912935646	0.1229403587928152	1.0	False	False	False	False
sp|P10599|THIO_HUMAN	psvid_26384_sp|P10599|THIO_HUMAN	-0.3226181864526887	-0.7493398552886048	0.10410348238322747	0.1912881848099003	-1.6865557419205082	0.12285058068145274	1.0	0.24465684419709235	-10.78898852393081	0.09361253840674578	0.3059616616616301	0.2237317612785093	-1.4419865315907563	0.18482023464719133	1.0	False	False	False	False
sp|A0AV96|RBM47_HUMAN	psvid_59937_sp|A0AV96|RBM47_HUMAN	0.7272848343023153	-0.23527136898057166	1.6898410375852022	0.43148881894322827	1.6855241720597294	0.12305335653503603	1.0	0.4955106735983854	-15.670983612120171	0.566825237642015	0.7528779699539727	0.3391561218143201	2.1443954200552113	0.06207570697314731	1.0	False	False	False	False
sp|Q9NR77|PXMP2_HUMAN	psvid_74152_sp|Q9NR77|PXMP2_HUMAN	0.45130570850270635	-0.14923222650648937	1.051843643511902	0.2692054795594812	1.676435818621552	0.12485294160365376	1.0	0.4130985765980197	-11.2055089461725	0.10552931113126197	0.3248527529993581	0.29803479060603333	1.5142718995490665	0.1659163351317462	1.0	False	False	False	False
sp|Q5J8M3|EMC4_HUMAN	psvid_28301_sp|Q5J8M3|EMC4_HUMAN	-0.8943855510114092	-2.099370574790721	0.3105994727679031	0.5401633307037221	-1.6557687280367737	0.1290337281297307	1.0	0.7972837201533115	-14.059659890796317	0.5036611188125122	0.7096908614407489	0.501538926362256	-1.7832824213636496	0.10987635865774628	1.0	False	False	False	False
sp|Q96S06|LMF1_HUMAN	psvid_52093_sp|Q96S06|LMF1_HUMAN	-0.7500399575191969	-1.7651680933706058	0.2650881783322119	0.45505544395295544	-1.648238621218951	0.1305879821467361	1.0	0.5603727665102801	-14.575638218866189	0.5676733383232901	0.7534409985680963	0.3728160020726439	-2.011823401756908	0.07667724830499907	1.0	False	False	False	False
sp|O75400|PR40A_HUMAN	psvid_26128_sp|O75400|PR40A_HUMAN	0.8711504926392166	-0.30831097112985906	2.050611956408292	0.5287217850293165	1.6476538650491073	0.13070937838610552	1.0	0.7745501249816427	-16.287861294533535	0.496486863316227	0.7046182394149523	0.4889145687340543	1.7818051421435144	0.11012951455553785	1.0	False	False	False	False
sp|P01860|IGHG3_HUMAN	psvid_1265178_sp|P01860|IGHG3_HUMAN	-0.697557311726372	-1.6428547547450723	0.2477401312923282	0.42375216724702636	-1.6461445289074614	0.1310231862976617	1.0	0.5400111294323581	-13.819698097385006	0.4626518312947039	0.6801851448647669	0.36214858876691847	-1.9261632748631947	0.08781428536809148	1.0	False	False	False	False
sp|O14975|S27A2_HUMAN	psvid_39450_sp|O14975|S27A2_HUMAN	0.4999996393265107	-0.18002646601982297	1.1800257446728444	0.30483795132762564	1.6402145374252772	0.13226264213065686	1.0	0.49999963932650976	-9.465783202641258	0.08750296115836259	0.2958089943838128	0.3414536586727319	1.4643264953436566	0.1787852855353403	1.0	False	False	False	False
sp|O75947|ATP5H_HUMAN	psvid_84557_sp|O75947|ATP5H_HUMAN	0.4999996393265107	-0.18002646601982297	1.1800257446728444	0.30483795132762564	1.6402145374252772	0.13226264213065686	1.0	0.49999963932650976	-9.465783202641258	0.08750296115836259	0.2958089943838128	0.3414536586727319	1.4643264953436566	0.1787852855353403	1.0	False	False	False	False
sp|Q9Y4L1|HYOU1_HUMAN	psvid_53465_sp|Q9Y4L1|HYOU1_HUMAN	0.4999996393265098	-0.18002646601982397	1.1800257446728435	0.3048379513276257	1.6402145374252741	0.13226264213065744	1.0	0.4999996393265098	-9.465783202641258	0.08750296115836259	0.2958089943838128	0.3414536586727319	1.464326495343654	0.17878528553534082	1.0	False	False	False	False
sp|Q15800|MSMO1_HUMAN	psvid_105695_sp|Q15800|MSMO1_HUMAN	-0.7291045367046243	-1.7252447964439732	0.26703572303472467	0.446543674759749	-1.632773181922014	0.13383283422428094	1.0	0.7025445667458763	-12.749523620427922	0.2535085347224769	0.5034963105351189	0.4492441618911517	-1.6229582898425747	0.14072476981325627	1.0	False	False	False	False
sp|Q969E2|SCAM4_HUMAN	psvid_86477_sp|Q969E2|SCAM4_HUMAN	0.7272669421338422	-0.2712897054584892	1.7258235897261738	0.4476268783557948	1.6247168731359702	0.13555154917587248	1.0	0.5309428086853961	-14.798456647982308	0.5829419058362117	0.7635063233767038	0.357425886851536	2.0347349447465377	0.07393615326854686	1.0	False	False	False	False
sp|P18085|ARF4_HUMAN	psvid_37945_sp|P18085|ARF4_HUMAN	-0.3268550057476678	-0.7759427822921561	0.12223277079682054	0.2013143270409868	-1.6236052870748805	0.13579023291092135	1.0	0.27315520666916715	-10.647563046692031	0.0909303639056581	0.30154661978814834	0.23498850431165752	-1.3909404066599391	0.19928068497105758	1.0	False	False	False	False
sp|P84095|RHOG_HUMAN	psvid_79270_sp|P84095|RHOG_HUMAN	-0.35438171999389345	-0.8436550979340236	0.13489165794623664	0.21932848312412292	-1.615757857557155	0.13748595209497275	1.0	0.2756669190058177	-11.647990253336117	0.12720738360855607	0.35666144115751575	0.2360126180404216	-1.5015371760047123	0.1691172269540743	1.0	False	False	False	False
sp|O43148|MCES_HUMAN	psvid_30375_sp|O43148|MCES_HUMAN	0.7304178805389068	-0.279086878749949	1.7399226398277625	0.4525346310350463	1.6140596331120125	0.1378553888333183	1.0	0.5805078555456178	-16.10558910484552	0.5208623662979462	0.7217079508346477	0.38344496017045193	1.9048832463835637	0.09081128309339002	1.0	False	False	False	False
sp|P62826|RAN_HUMAN	psvid_87118_sp|P62826|RAN_HUMAN	-0.7879683118734087	-1.88127547369333	0.3053388499465126	0.4901010604751228	-1.6077670003601336	0.1392320242030681	1.0	0.7432248559577886	-13.350523296679883	0.3700319398637232	0.6083025068695042	0.47159369835150844	-1.6708626824909063	0.13076325251586454	1.0	False	False	False	False
sp|Q8N1S5|S39AB_HUMAN	psvid_89442_sp|Q8N1S5|S39AB_HUMAN	0.5103307753561417	-0.1990815965479692	1.2197431472602527	0.3180110475135111	1.6047580087118187	0.13989461157792324	1.0	0.24735547964672744	-13.588981635604721	0.41855909978943384	0.6469614360913901	0.2247676829359681	2.2704810971492058	0.050723435413352023	1.0	False	False	False	False
sp|Q14117|DPYS_HUMAN	psvid_84271_sp|Q14117|DPYS_HUMAN	-0.3931916618619793	-0.9401722415353747	0.15378891781141613	0.24519711524709037	-1.603573767439114	0.1401561522772848	1.0	0.22533235506553392	-12.585113775290825	0.226751149134775	0.4761839446419577	0.21651287085389087	-1.8160198066345736	0.10440380044999759	1.0	False	False	False	False
sp|Q99653|CHP1_HUMAN	psvid_31111_sp|Q99653|CHP1_HUMAN	-0.2810648044571544	-0.6735681745177009	0.11143856560339199	0.17594901471835236	-1.5974218719386666	0.14152180717479473	1.0	0.18097805394453284	-11.234632775863144	0.10662835041340152	0.32653996755895215	0.20142418452483243	-1.395387575331122	0.19798304291332217	1.0	False	False	False	False
sp|P20648|ATP4A_HUMAN	psvid_31806_sp|P20648|ATP4A_HUMAN	0.5981549081437252	-0.2379031294377204	1.4342129457251707	0.3747829934227642	1.5960033369737032	0.14183837824542447	1.0	0.28220185194277553	-15.231325694311451	0.5895335005286252	0.7678108494470661	0.2386998869861053	2.505886851042136	0.034749875930787835	1.0	False	False	False	False
sp|Q9Y241|HIG1A_HUMAN	psvid_27490_sp|Q9Y241|HIG1A_HUMAN	0.40213402461925574	-0.1599685369095145	0.964236586148026	0.2519759049620209	1.5959225334655212	0.14185642987870029	1.0	0.37635869033079344	-11.177354691721836	0.10450398483335858	0.32327076086982964	0.28049146264206287	1.4336765220281296	0.18711015951069285	1.0	False	False	False	False
sp|P22830|HEMH_HUMAN	psvid_52142_sp|P22830|HEMH_HUMAN	-0.37282538185378566	-0.8950481550369747	0.14939739132940333	0.23409883688614916	-1.5925981812336143	0.14260086498710547	1.0	0.27419686446682795	-12.080186070938293	0.16237755219603794	0.4029609809845588	0.23541262757739775	-1.5837102099852738	0.14939438614600103	1.0	False	False	False	False
sp|O75381|PEX14_HUMAN	psvid_55422_sp|O75381|PEX14_HUMAN	-0.4796989212144771	-1.153340844531899	0.19394300210294468	0.3019760891795468	-1.5885327958176882	0.14351595060998537	1.0	0.39321718324670885	-12.573317094925217	0.22493924218972072	0.4742776003457476	0.2884705920438611	-1.6629040687154006	0.13237230682684528	1.0	False	False	False	False
sp|P62328|TYB4_HUMAN	psvid_18957_sp|P62328|TYB4_HUMAN	-0.44508270065492583	-1.0703097991295571	0.18014439781970537	0.28027298704430514	-1.5880328152515384	0.14362885090352245	1.0	0.44996218272387073	-10.397295011626223	0.08756070092593123	0.29590657465817016	0.3161607559359012	-1.4077733947003923	0.19440740814593402	1.0	False	False	False	False
sp|O15245|S22A1_HUMAN	psvid_56180_sp|O15245|S22A1_HUMAN	-0.5549250252408595	-1.3364390427737616	0.22658899229204255	0.35033233307597816	-1.5839960313355101	0.1445432807474951	1.0	0.22471967673327808	-14.350749500721578	0.5443844780164571	0.7378241511474513	0.21628993814291522	-2.5656534465056278	0.031568866622713465	1.0	False	False	False	False
sp|Q9NPA0|EMC7_HUMAN	psvid_58949_sp|Q9NPA0|EMC7_HUMAN	-0.761515620061409	-1.8374514639529524	0.31442022383013435	0.4823139521163185	-1.5788795176253914	0.1457097006344838	1.0	0.7075345928009562	-13.551364218283592	0.4110529417824941	0.6411341059267508	0.4519761823050864	-1.6848578528577902	0.12797711463200465	1.0	False	False	False	False
sp|Q9H0U3|MAGT1_HUMAN	psvid_56110_sp|Q9H0U3|MAGT1_HUMAN	-0.45396058244541626	-1.1031514981590802	0.1952303332682478	0.29101534075058816	-1.5599197666850104	0.15010484802934715	1.0	0.37917157085582187	-12.46251407723904	0.20864274401657026	0.4567742812556003	0.28181397423352683	-1.6108519234366963	0.14334912715544282	1.0	False	False	False	False
sp|P11766|ADHX_HUMAN	psvid_81665_sp|P11766|ADHX_HUMAN	0.4428239654974657	-0.19085674193162505	1.0765046729265566	0.28406251926188064	1.5588961424693308	0.15034543160250832	1.0	0.2536642205941294	-13.056040437747704	0.3101590573723983	0.5569192557026542	0.22721474265808836	1.9489226813236546	0.08471315011977452	1.0	False	False	False	False
sp|P05546|HEP2_HUMAN	psvid_74899_sp|P05546|HEP2_HUMAN	-1.0740106273858872	-2.619158564745167	0.47113730997339287	0.6926494851000191	-1.5505831600102888	0.15231185175997689	1.0	1.1362332639965222	-13.758211461465049	0.45127806217146604	0.6717723291201164	0.6934453355579026	-1.5488035931798512	0.15750620419016276	1.0	False	False	False	False
sp|O75489|NDUS3_HUMAN	psvid_96908_sp|O75489|NDUS3_HUMAN	0.28580858121521	-0.12750560042701498	0.699122762857435	0.1852779582958834	1.5425935380763545	0.15422306456804236	1.0	0.21883739624803725	-11.056489446203237	0.10049393533193668	0.31700778433965415	0.21416897975317709	1.3345003629591703	0.21639537447551374	1.0	False	False	False	False
sp|Q15070|OXA1L_HUMAN	psvid_75881_sp|Q15070|OXA1L_HUMAN	-0.6445804074171244	-1.5773005790552497	0.28813976422100085	0.4181141048097124	-1.5416375577917394	0.15445315168759907	1.0	0.4652243669933565	-14.433758747015652	0.5538663166326407	0.7442219538770949	0.3237981092442553	-1.99068613748726	0.0792924983195787	1.0	False	False	False	False
sp|Q8WVM8|SCFD1_HUMAN	psvid_86181_sp|Q8WVM8|SCFD1_HUMAN	-0.5589437110584767	-1.3791546718798129	0.26126724976285953	0.36767916259023603	-1.5201941473126055	0.15969389670190665	1.0	0.5111393304796967	-12.921625576985944	0.2843470715378935	0.5332420384196032	0.3471772171936508	-1.6099665628309516	0.14354278031161755	1.0	False	False	False	False
sp|Q5HYI8|RABL3_HUMAN	psvid_64949_sp|Q5HYI8|RABL3_HUMAN	-0.5908481754607067	-1.4591861449598862	0.27748979403847285	0.389253244252011	-1.517901736685793	0.1602632600741218	1.0	0.5866397045992894	-12.668696896425534	0.24000716186563203	0.4899052580506072	0.3866966957826246	-1.5279369643045582	0.1625415562349442	1.0	False	False	False	False
sp|Q96SB4|SRPK1_HUMAN	psvid_59276_sp|Q96SB4|SRPK1_HUMAN	-0.8137871863152286	-2.013258852127185	0.3856844794967276	0.5376918362500663	-1.5134825032693218	0.1613658652930504	1.0	0.7553991506807581	-15.21242952714338	0.589872818438794	0.7680317821801348	0.47831453691428	-1.70136410982857	0.12476114244722804	1.0	False	False	False	False
sp|Q9BSR8|YIPF4_HUMAN	psvid_62004_sp|Q9BSR8|YIPF4_HUMAN	0.5806344001952168	-0.2754538606878103	1.436722661078244	0.3837620196511459	1.5130064218523638	0.16148504249047085	1.0	0.3967435075382269	-14.066934572130037	0.5048087854930052	0.7104989693820852	0.29015519889341485	2.001116652086962	0.07799143879469901	1.0	False	False	False	False
sp|O95197|RTN3_HUMAN	psvid_52886_sp|O95197|RTN3_HUMAN	0.5268831059481509	-0.25329256550527535	1.3070587774015772	0.3497323874653211	1.506532208145566	0.1631133667654967	1.0	0.1690578082525884	-14.680596306271706	0.5758614593714563	0.7588553612984864	0.19776667233226394	2.6641653001216747	0.02695401629347375	1.0	False	False	False	False
sp|P0DJI9|SAA2_HUMAN	psvid_85654_sp|P0DJI9|SAA2_HUMAN	0.3962403847312763	-0.19088905913377097	0.9833698285963236	0.2631948030006818	1.5055023131678245	0.16337370992603492	1.0	0.40960032398198626	-9.017663190612364	0.09372902607533927	0.3061519656565008	0.2963404528359333	1.337112030906735	0.21557659003170423	1.0	False	False	False	False
sp|Q9P2R3|ANFY1_HUMAN	psvid_38492_sp|Q9P2R3|ANFY1_HUMAN	-0.78855270106805	-1.9576501084636162	0.38054470632751625	0.5240758491049368	-1.5046537679895196	0.1635884823111788	1.0	0.7769083571105821	-16.49609854453643	0.4660966733426753	0.6827127312000819	0.49022209979591175	-1.6085621219368498	0.1438504567418207	1.0	False	False	False	False
sp|Q9H078|CLPB_HUMAN	psvid_39230_sp|Q9H078|CLPB_HUMAN	-0.973302878895348	-2.4176262680403395	0.47102051024964386	0.6474524721036963	-1.503280813389903	0.16393650706226734	1.0	1.0043595822653664	-14.700479968305505	0.5772139424364829	0.7597459723068514	0.6181329134571977	-1.5745851057367193	0.15147786928648166	1.0	False	False	False	False
sp|A6NHQ2|FBLL1_HUMAN	psvid_42411_sp|A6NHQ2|FBLL1_HUMAN	0.5823467218553664	-0.2822852367516465	1.4469786804623794	0.38759193631238337	1.5024737805329844	0.16414137932025252	1.0	0.3336114030753066	-15.166003117073359	0.590469134826686	0.768419894866528	0.2608747567139526	2.232284676335724	0.05392802423116693	1.0	False	False	False	False
sp|Q9Y282|ERGI3_HUMAN	psvid_49848_sp|Q9Y282|ERGI3_HUMAN	-0.466866367991138	-1.16140566259149	0.2276729266092138	0.31134383521155656	-1.499520193402592	0.1648930746150738	1.0	0.3884764119502671	-12.785514258989199	0.25972935355413634	0.5096364915840862	0.2862141482883655	-1.631178510157934	0.13896776317999707	1.0	False	False	False	False
sp|O00264|PGRC1_HUMAN	psvid_53194_sp|O00264|PGRC1_HUMAN	0.29248113013604193	-0.14287762976253904	0.7278398900346229	0.19515996726688695	1.4986738019691583	0.16510903479423267	1.0	0.23880984274195552	-8.527061868110685	0.10552708990608096	0.3248493341629023	0.22151012806558903	1.3203961944775655	0.2208629772372423	1.0	False	False	False	False
sp|Q9NP73|ALG13_HUMAN	psvid_40268_sp|Q9NP73|ALG13_HUMAN	0.6620492112504697	-0.3238037642968624	1.6479021867978019	0.44193215380023765	1.498078846622528	0.1652609872732947	1.0	0.5966868090973575	-16.64225298115079	0.44361457975008667	0.6660439773393996	0.3920389442521967	1.6887332775403474	0.1272152847193656	1.0	False	False	False	False
sp|O94905|ERLN2_HUMAN	psvid_28780_sp|O94905|ERLN2_HUMAN	-0.25664702723677557	-0.6407497924848191	0.12745573801126797	0.17218324287397271	-1.4905459030332298	0.16719545325693305	1.0	0.20250075295091538	-10.374349100107057	0.08733231112053959	0.29552040728271134	0.2084700589761125	-1.2310977820857403	0.2509882098960101	1.0	False	False	False	False
sp|P18827|SDC1_HUMAN	psvid_104949_sp|P18827|SDC1_HUMAN	-0.6682598839783926	-1.66849365780968	0.3319738898528948	0.44837869026828125	-1.490391712368285	0.16723525412434045	1.0	0.5285014792711975	-15.036465118394101	0.5903202467352526	0.7683230093751278	0.3561575682695554	-1.8763040393195427	0.09498911651649308	1.0	False	False	False	False
sp|O95139|NDUB6_HUMAN	psvid_89961_sp|O95139|NDUB6_HUMAN	-0.5447550009328701	-1.360574553731789	0.27106455186604883	0.3657106090090237	-1.4895794311491484	0.16744506218351798	1.0	0.6024048176183017	-11.547140629060667	0.12121834466517943	0.34816424955066744	0.395086990598454	-1.3788229273449577	0.20285374309226742	1.0	False	False	False	False
sp|Q14194|DPYL1_HUMAN	psvid_77888_sp|Q14194|DPYL1_HUMAN	-0.7088919909956233	-1.7733590264846957	0.3555750444934491	0.4771727846962858	-1.4856085965733015	0.1684739999827481	1.0	0.6385717690425762	-16.04502202420234	0.5283883441592714	0.7269032563961118	0.4144863728213092	-1.7102902229821593	0.12305316825353903	1.0	False	False	False	False
sp|P14550|AK1A1_HUMAN	psvid_75053_sp|P14550|AK1A1_HUMAN	-0.24407542064406185	-0.6109150013073912	0.12276416001926749	0.1644446078703727	-1.484240947787476	0.16882965808201333	1.0	0.13696182106206192	-11.275645895729763	0.1082444660200259	0.32900526746547065	0.18887758698074547	-1.2922413111352558	0.23001492064410908	1.0	False	False	False	False
sp|Q9BTV4|TMM43_HUMAN	psvid_35234_sp|Q9BTV4|TMM43_HUMAN	-0.5929632772755271	-1.4843766473405373	0.2984500927894831	0.39959734395531527	-1.4839019484119367	0.16891791575494	1.0	0.5917720401130249	-12.854930804210952	0.27207573123534295	0.5216087913708347	0.3894234861108997	-1.5226695318182826	0.16383512026639938	1.0	False	False	False	False
sp|Q9NXA8|SIR5_HUMAN	psvid_80693_sp|Q9NXA8|SIR5_HUMAN	-0.4909342780190502	-1.2298951126759228	0.24802655663782236	0.3312568520195676	-1.4820350885603728	0.16940466526810205	1.0	0.2678870754549707	-13.729744008501353	0.44591105409685816	0.6677657179706503	0.23285666601779864	-2.1083110327686523	0.06575856964197019	1.0	False	False	False	False
sp|Q8IZ81|ELMD2_HUMAN	psvid_65291_sp|Q8IZ81|ELMD2_HUMAN	-0.3397641661053865	-0.8514835846207389	0.1719552524099659	0.22939045717272613	-1.4811608568771077	0.1696330228108691	1.0	0.28379922066800345	-11.869084189145575	0.14310641270743008	0.3782940823055921	0.23936165723879432	-1.4194594490396082	0.19108523364754074	1.0	False	False	False	False
sp|P32119|PRDX2_HUMAN	psvid_30088_sp|P32119|PRDX2_HUMAN	-0.2784830485337464	-0.6980293485249389	0.14106325145744608	0.18807165426578001	-1.4807284469364979	0.1697460709218948	1.0	0.16770039915765417	-11.778377865741211	0.1360837177582384	0.368895266651984	0.19736185492602398	-1.4110277218367684	0.19347725398887408	1.0	False	False	False	False
sp|A0A804HLA8|GBG5B_HUMAN	psvid_884047_sp|A0A804HLA8|GBG5B_HUMAN	0.5820340002377744	-0.29685544245840234	1.460923442933951	0.39398319424594963	1.477306668757123	0.17064295551908523	1.0	0.5498173984685598	-13.120333103242306	0.3229353319942841	0.5682739937691008	0.36727543782540845	1.5847343445669122	0.14916216918443995	1.0	False	False	False	False
sp|P63218|GBG5_HUMAN	psvid_70701_sp|P63218|GBG5_HUMAN	0.5820340002377744	-0.29685544245840234	1.460923442933951	0.39398319424594963	1.477306668757123	0.17064295551908523	1.0	0.5498173984685598	-13.120333103242306	0.3229353319942841	0.5682739937691008	0.36727543782540845	1.5847343445669122	0.14916216918443995	1.0	False	False	False	False
sp|P50135|HNMT_HUMAN	psvid_60196_sp|P50135|HNMT_HUMAN	-0.754538914737299	-1.8992224738927765	0.39014464441817864	0.5131317582486866	-1.4704584204893738	0.17245028093881967	1.0	0.7363797761841502	-14.053088001391679	0.5026190709611941	0.7089563251436537	0.467821144933186	-1.6128790306070109	0.14290663271128667	1.0	False	False	False	False
sp|Q9Y5Y5|PEX16_HUMAN	psvid_52725_sp|Q9Y5Y5|PEX16_HUMAN	-0.74914163534162	-1.886778148143997	0.38849487746075684	0.5099727513277744	-1.4689836533248906	0.17284164646256867	1.0	0.6908748563291827	-14.862027945812937	0.5858202820434604	0.7653889743414524	0.4428660512651619	-1.6915761169805237	0.12665909019734947	1.0	False	False	False	False
sp|Q969X5|ERGI1_HUMAN	psvid_44747_sp|Q969X5|ERGI1_HUMAN	-0.24932889613912446	-0.6292031501329707	0.1305453578547217	0.17028771166162485	-1.4641625852284672	0.17412639401143934	1.0	0.19085152931962665	-10.655716016990189	0.09106882557255383	0.30177611829393297	0.20458823417308888	-1.2186863880362904	0.2554332255567793	1.0	False	False	False	False
sp|Q9NZ45|CISD1_HUMAN	psvid_94852_sp|Q9NZ45|CISD1_HUMAN	0.32190172089090563	-0.1710799863380959	0.8148834281199071	0.2209908303404729	1.4566293107952164	0.17615040689628236	1.0	0.3078167117594799	-11.108834703492478	0.1021550233360001	0.3196169947546596	0.24953168173908336	1.2900234497176764	0.23074922146845303	1.0	False	False	False	False
sp|O95758|PTBP3_HUMAN	psvid_68339_sp|O95758|PTBP3_HUMAN	0.8089009593826093	-0.4361313170844552	2.053933235849674	0.5581154686726266	1.4493433792588282	0.17812721746730487	1.0	0.8079875878666972	-15.527546665447076	0.577207747967144	0.7597418956245233	0.507497617859079	1.5939009975948764	0.14709812502961117	1.0	False	False	False	False
sp|Q6UWM9|UD2A3_HUMAN	psvid_26922_sp|Q6UWM9|UD2A3_HUMAN	-0.2637998241779269	-0.6708568038373321	0.14325715548147833	0.18247301798772494	-1.4456922293885273	0.17912500223363872	1.0	0.19887667016100924	-11.270852334391392	0.10805135628579092	0.3287116613170134	0.20724565924630894	-1.2728846777167189	0.23649017604437675	1.0	False	False	False	False
sp|O00203|AP3B1_HUMAN	psvid_32180_sp|O00203|AP3B1_HUMAN	-0.6666047224482154	-1.6971889277721888	0.3639794828757579	0.46198399642550275	-1.4429173469339187	0.17988653042460723	1.0	0.6732758212989133	-17.00163323013033	0.3863182020406377	0.6215450120792844	0.43327768850474835	-1.5385161528826565	0.15997100304724807	1.0	False	False	False	False
sp|P06744|G6PI_HUMAN	psvid_55291_sp|P06744|G6PI_HUMAN	-0.2935648606140804	-0.7495508844880473	0.16242116325988654	0.20440663124392405	-1.4361807091461791	0.1817468841192203	1.0	0.18609159420790217	-12.042125638965754	0.15858890697665368	0.398232227446064	0.20304805004671792	-1.4457901001587363	0.18378030791406175	1.0	False	False	False	False
sp|Q96NT0|VMA22_HUMAN	psvid_74347_sp|Q96NT0|VMA22_HUMAN	-0.6676718225679816	-1.706726990211442	0.37138334507547865	0.4657813077036202	-1.433444862482171	0.1825070992933621	1.0	0.6279701284403341	-14.003227085330646	0.49455397756410224	0.7032453181956508	0.40877919629583254	-1.633331217973209	0.13851094446986362	1.0	False	False	False	False
sp|O60831|PRAF2_HUMAN	psvid_92670_sp|O60831|PRAF2_HUMAN	-0.5413986139493092	-1.3848233185641625	0.3020260906655441	0.3780852779511399	-1.4319484135514908	0.1829240723806875	1.0	0.48760513004611533	-13.300497062928923	0.35970150978740556	0.5997512065743641	0.3351227759516647	-1.6155231837402662	0.14233130387528758	1.0	False	False	False	False
sp|Q9P2X0|DPM3_HUMAN	psvid_108581_sp|Q9P2X0|DPM3_HUMAN	-0.3873412858696703	-0.9911632689000583	0.21648069716071772	0.27067763255915456	-1.4310058877325957	0.1831871180719384	1.0	0.4104963245720514	-11.382233478268592	0.11284192306637603	0.335919518733842	0.29677396717781784	-1.3051727196731757	0.22577254229773067	1.0	False	False	False	False
sp|P13645|K1C10_HUMAN	psvid_22937_sp|P13645|K1C10_HUMAN	0.9875433179437043	-0.5559016717282272	2.530988307615636	0.6918860981062728	1.427320653857131	0.18421872651410795	1.0	1.1748003338260424	-13.051525128149438	0.3092711445061778	0.5561215195496195	0.7155799888917845	1.3800599978670562	0.20248645946502594	1.0	False	False	False	False
sp|P48723|HSP13_HUMAN	psvid_66749_sp|P48723|HSP13_HUMAN	-0.8882539648366921	-2.2788225155037862	0.5023145858304023	0.6233555812538898	-1.4249555014009097	0.18488342021532939	1.0	0.97047291771069	-14.199979774500012	0.5246703734401316	0.724341337657966	0.5988918850119956	-1.4831624656575544	0.17383208830681857	1.0	False	False	False	False
sp|O15229|KMO_HUMAN	psvid_89061_sp|O15229|KMO_HUMAN	-0.3852185426494401	-0.9882864405591887	0.21784935526030846	0.27033959588454	-1.4249431030960187	0.18488690998696844	1.0	0.34728500298312504	-12.285740704895096	0.1853552825931482	0.43052907287795117	0.26704587533710655	-1.4425182271141905	0.18467455619272247	1.0	False	False	False	False
sp|O95232|LC7L3_HUMAN	psvid_55565_sp|O95232|LC7L3_HUMAN	0.8292004308522638	-0.47070338883050056	2.129104250535028	0.5827129491054407	1.4229998357256717	0.18543458146679972	1.0	0.8631710209455852	-15.514977247871458	0.5779871290525983	0.7602546475047676	0.5383526148489314	1.5402552304588473	0.1595519273873926	1.0	False	False	False	False
sp|Q58FF8|H90B2_HUMAN	psvid_47966_sp|Q58FF8|H90B2_HUMAN	0.35316260127149013	-0.20211862684207904	0.9084438293850593	0.24891807925905973	1.4187904804774691	0.18662566139839568	1.0	0.22625248198855685	-12.640344825601883	0.23542902489309275	0.48521028935204247	0.2168483809800185	1.6286153471629208	0.13951346886720833	1.0	False	False	False	False
sp|Q9UKA9|PTBP2_HUMAN	psvid_60200_sp|Q9UKA9|PTBP2_HUMAN	0.5819538274866103	-0.3342741834463565	1.498181838419577	0.41072109968417236	1.4169075509734192	0.18716056695316607	1.0	0.4646737506771951	-16.083791988064107	0.5236067797908412	0.7236067853405199	0.3235213294283606	1.7988113133526056	0.10724787812627175	1.0	False	False	False	False
sp|O15321|TM9S1_HUMAN	psvid_82741_sp|O15321|TM9S1_HUMAN	-0.75003213361087	-1.9419134205220454	0.4418491533003055	0.5342892675314198	-1.403794122753482	0.19092223965505656	1.0	0.7512737957859033	-15.464015824397148	0.5809228964757742	0.762182980967021	0.47603555327677377	-1.5755800768410058	0.15124943017952275	1.0	False	False	False	False
sp|P68036|UB2L3_HUMAN	psvid_68541_sp|P68036|UB2L3_HUMAN	-0.565394648147794	-1.4683136948878355	0.3375243985922475	0.4047550384595113	-1.396881062431424	0.1929310683457557	1.0	0.47091991359553276	-13.975782685446	0.48999830473704814	0.6999987890968442	0.32666640025749766	-1.7308013548443206	0.11920982708363503	1.0	False	False	False	False
sp|P08575|PTPRC_HUMAN	psvid_33321_sp|P08575|PTPRC_HUMAN	-0.8157200839066352	-2.129441599898409	0.4980014320851387	0.5889070616575766	-1.385142303457282	0.19638327977594552	1.0	0.9198713445972565	-16.537864017992533	0.45975128284350436	0.6780496168006471	0.5702631987370368	-1.4304273635633726	0.18801221325597547	1.0	False	False	False	False
sp|CATG_HUMAN|,sp|P08311|CATG_HUMAN	psvid_66643_sp|CATG_HUMAN|	0.4631822447993552	-0.2900394835739132	1.2164039731726235	0.3376496384000156	1.371783624570687	0.2003753733363029	1.0	0.49690290707968476	-12.392642071321848	0.19904059280941044	0.44613965617215695	0.33986813510991526	1.3628292768592722	0.20765402092164784	1.0	False	False	False	False
sp|P10176|COX8A_HUMAN	psvid_109873_sp|P10176|COX8A_HUMAN	-0.4183075428083405	-1.1064428955139456	0.2698278098972645	0.3084731152314441	-1.3560583472387497	0.2051622260569336	1.0	0.364073447223727	-12.89211969748182	0.2788706900432104	0.52808208646309	0.27475890032898914	-1.5224531118281153	0.16388846359845766	1.0	False	False	False	False
sp|Q9NZN4|EHD2_HUMAN	psvid_60518_sp|Q9NZN4|EHD2_HUMAN	-0.9637035028889951	-2.5490515105334772	0.621644504755487	0.710670127208643	-1.3560489824923583	0.2051651051424579	1.0	1.1351387871164118	-14.803840281307536	0.5832113008491338	0.763682722633643	0.692817829669246	-1.3909911980023248	0.19926582318485142	1.0	False	False	False	False
sp|P02765|FETUA_HUMAN	psvid_419634_sp|P02765|FETUA_HUMAN	-0.7255201375864369	-1.9198215363964886	0.46878126122361485	0.5353741405200256	-1.3551647019815274	0.20543712020099145	1.0	0.8312185110924517	-13.4613893999114	0.39283653047357725	0.6267667273185273	0.5204602541015536	-1.3939972012634636	0.19838795463795184	1.0	False	False	False	False
sp|Q9NQC3|RTN4_HUMAN	psvid_38604_sp|Q9NQC3|RTN4_HUMAN	0.37745151459388815	-0.24395464528072697	0.9988576744685033	0.27856016001337175	1.3550089667372724	0.20548505755663765	1.0	0.43556334046304157	-11.112031824784346	0.10226014546136963	0.3197814026196171	0.3090241986013889	1.2214302837842281	0.2544449938513303	1.0	False	False	False	False
sp|O75153|CLU_HUMAN	psvid_37447_sp|O75153|CLU_HUMAN	-0.4761443892549653	-1.260441998921289	0.3081532204113585	0.35158014476528354	-1.3542982911416723	0.20570393214820157	1.0	0.32130198952662614	-13.849044979621647	0.4679679936981739	0.6840818618397756	0.2554108937376912	-1.8642289774216478	0.09680836063482284	1.0	False	False	False	False
sp|P53680|AP2S1_HUMAN	psvid_18452_sp|P53680|AP2S1_HUMAN	-0.42258092830205696	-1.1187872980518416	0.2736254414477278	0.3120911414829879	-1.3540305126702608	0.20578645361274664	1.0	0.42790321295685535	-12.491233474032711	0.21274089959903078	0.461238441154931	0.30525643789392004	-1.3843473088318894	0.20121799218565312	1.0	False	False	False	False
sp|P78362|SRPK2_HUMAN	psvid_27129_sp|P78362|SRPK2_HUMAN	0.8335430614274455	-0.541052350214899	2.20813847306979	0.6161952399989077	1.3527255767651225	0.20618899452811393	1.0	0.9411704157552907	-15.685996961929877	0.5655858944204404	0.7520544491062069	0.5822975196652891	1.4314728008915014	0.18772155899567908	1.0	False	False	False	False
sp|P06576|ATPB_HUMAN	psvid_44001_sp|P06576|ATPB_HUMAN	0.2528738650546185	-0.16527951042628458	0.6710272405355215	0.18744724256932846	1.3490401970628703	0.20732941537407643	1.0	0.12178128301558006	-7.451660379272444	0.15527594464826966	0.3940506879175186	0.18520341982918415	1.3653844258807306	0.2068806486963836	1.0	False	False	False	False
sp|Q9Y679|AUP1_HUMAN	psvid_89405_sp|Q9Y679|AUP1_HUMAN	0.5169878938453611	-0.33923777084843254	1.3732135585391547	0.38382361419266336	1.3469413416180664	0.20798125630925926	1.0	0.6294726759509757	-11.815605633464422	0.13887805843859796	0.3726634653928367	0.4095870586301592	1.2622173551439784	0.24012331022854883	1.0	False	False	False	False
sp|P23528|COF1_HUMAN	psvid_5656_sp|P23528|COF1_HUMAN	0.32025046227154474	-0.21418386596418837	0.8546847905072779	0.239572958240426	1.3367554694973294	0.21116911546221004	1.0	0.34216374377291175	-11.34767894055267	0.11128613131685346	0.33359576034004607	0.26472247053577713	1.20975926835143	0.2586702079646967	1.0	False	False	False	False
sp|P27695|APEX1_HUMAN	psvid_60122_sp|P27695|APEX1_HUMAN	-0.39927526380512113	-1.0667384203060606	0.2681878926958182	0.2992063093089515	-1.334448009225773	0.21189692799861737	1.0	0.297314214471235	-13.095822350239892	0.31803641272996236	0.5639471719318773	0.2450350674903442	-1.629461725191048	0.13933305729409362	1.0	False	False	False	False
sp|A6NHG4|DDTL_HUMAN	psvid_99367_sp|A6NHG4|DDTL_HUMAN	0.29136892856334207	-0.19797142590332284	0.780709283030007	0.2193585069525839	1.328277314662448	0.21385357027353966	1.0	0.2872426537832409	-11.473682884259826	0.11728376550811319	0.34246717435122626	0.24079465524123864	1.2100307138106363	0.2585712883710237	1.0	False	False	False	False
sp|P06756|ITAV_HUMAN	psvid_73598_sp|P06756|ITAV_HUMAN	-0.7260417403792725	-1.94647184214904	0.4943883613904949	0.5470869559817663	-1.3271048275613988	0.21422704871731668	1.0	0.7780187372643197	-14.935728668191167	0.5883284799564644	0.7670257361760845	0.49083792117742525	-1.479188361481197	0.17486695839894492	1.0	False	False	False	False
sp|Q6NUQ4|TM214_HUMAN	psvid_37700_sp|Q6NUQ4|TM214_HUMAN	-0.6956897361862602	-1.8693394206085254	0.47795994823600507	0.5261165160613737	-1.3223111515189634	0.21575966323769694	1.0	0.7935268206282207	-13.682847287473589	0.4369410658254746	0.6610151782111169	0.4994496902614102	-1.3929125390429988	0.19870433186926592	1.0	False	False	False	False
sp|Q8NC56|LEMD2_HUMAN	psvid_31405_sp|Q8NC56|LEMD2_HUMAN	0.4343199909457387	-0.29886448148969	1.1675044633811673	0.3286674596243824	1.3214572304848837	0.21603363130732595	1.0	0.27578555535140264	-13.650513765235727	0.4306698741056809	0.6562544278751047	0.2360611116639828	1.8398625164654996	0.10057992852982661	1.0	False	False	False	False
sp|O43657|TSN6_HUMAN	psvid_82331_sp|O43657|TSN6_HUMAN	-0.7127940439182145	-1.91811577958213	0.4925276917457009	0.5403142698519153	-1.3192212082674977	0.21675239839260654	1.0	0.7903908685734853	-14.176083186160405	0.5212658996302351	0.7219874650090783	0.49770665012315635	-1.4321569618204526	0.1875315595060272	1.0	False	False	False	False
sp|P51888|PRELP_HUMAN	psvid_42092_sp|P51888|PRELP_HUMAN	0.5805852756150065	-0.4052020262054088	1.5663725774354218	0.4419027139828366	1.3138305270457251	0.21849340822464133	1.0	0.5750498849849842	-13.930757926354936	0.48235314743385826	0.6945164846379518	0.38055629378060385	1.5256225822656404	0.16310879275418882	1.0	False	False	False	False
sp|Q00765|REEP5_HUMAN	psvid_91714_sp|Q00765|REEP5_HUMAN	0.20549467965179957	-0.1441097668833844	0.5550991261869835	0.1567185471542111	1.3112339501819956	0.2193361524119783	1.0	0.1534621715267526	-10.466286957231352	0.08832601827784596	0.29719693517572815	0.19326560251166233	1.0632760148790539	0.31668650798101605	1.0	False	False	False	False
sp|Q8WWP7|GIMA1_HUMAN	psvid_43189_sp|Q8WWP7|GIMA1_HUMAN	-0.9205666935467951	-2.495147596299508	0.654014209205918	0.7058435151548823	-1.3042079069675896	0.2216300548939532	1.0	1.132836364835615	-14.459301159525886	0.5565787989341305	0.7460420892510895	0.6914978819094821	-1.3312646612955183	0.21741346574140272	1.0	False	False	False	False
sp|Q5BJF2|SGMR2_HUMAN	psvid_70595_sp|Q5BJF2|SGMR2_HUMAN	-0.5382164273851262	-1.4588647578499072	0.3824319030796548	0.4127026135403286	-1.3041265301619724	0.2216567392774479	1.0	0.6577991317034537	-12.396172843832609	0.19951329760535708	0.4466691142281466	0.42487761057812523	-1.2667563881579507	0.2385717344792924	1.0	False	False	False	False
sp|P27348|1433T_HUMAN	psvid_10809_sp|P27348|1433T_HUMAN	-0.3122344113726476	-0.8464803542657541	0.22201153152045883	0.23948851000901994	-1.3037552881384074	0.2217785075391923	1.0	0.2768530405425138	-12.180614269631231	0.17306524952495322	0.4160111170689471	0.23649794482626044	-1.3202415420650941	0.22091239474325836	1.0	False	False	False	False
sp|P55899|FCGRN_HUMAN	psvid_66619_sp|P55899|FCGRN_HUMAN	-0.48142869135579947	-1.305191667932271	0.3423342852206721	0.36927143852988903	-1.303725772218997	0.22178819120771107	1.0	0.5488324151732187	-12.599855116670923	0.2290359833620946	0.47857704015351027	0.36675956814959	-1.312654755770242	0.22334818836242534	1.0	False	False	False	False
sp|P06753|TPM3_HUMAN	psvid_10853_sp|P06753|TPM3_HUMAN	0.544644257997843	-0.3879520402489509	1.477240556244637	0.4180585756020238	1.3027941293000147	0.22209402732959957	1.0	0.6269837032054173	-12.913096936675428	0.2827565714958802	0.5317485980196659	0.40824901611430275	1.3340981521076143	0.216521706373128	1.0	False	False	False	False
sp|Q8IUE6|H2A2B_HUMAN	psvid_48121_sp|Q8IUE6|H2A2B_HUMAN	-0.5193062275822209	-1.4103897856598675	0.3717773304954257	0.39944949785093664	-1.3000547763262214	0.22299531472441952	1.0	0.6465307626572413	-12.129653853733894	0.16751546793933703	0.4092865352529167	0.4187815382731282	-1.2400408807981664	0.24782501750343544	1.0	False	False	False	False
sp|P0DPI2|GAL3A_HUMAN	psvid_91468_sp|P0DPI2|GAL3A_HUMAN	0.581357409896397	-0.41984593262612613	1.58256075241892	0.4488133226025166	1.2953211961830857	0.22455986266934216	1.0	0.5505376692059348	-14.452252229139244	0.5558400284950595	0.7455467983266104	0.3676527947357817	1.581267484486815	0.14994957604954745	1.0	False	False	False	False
sp|P26440|IVD_HUMAN	psvid_34697_sp|P26440|IVD_HUMAN	-1.0210820752552014	-2.7811394251125643	0.7389752746021616	0.7889877646335293	-1.2941671861406823	0.22494265953275125	1.0	1.3238050877874574	-13.843563259732765	0.46698074955008245	0.6833598975284417	0.8014557520946197	-1.274034246540229	0.23610140328321624	1.0	False	False	False	False
sp|P06454|PTMA_HUMAN	psvid_82774_sp|P06454|PTMA_HUMAN	-0.6215703567831046	-1.6980086005355044	0.45486788696929525	0.4825391648590746	-1.288124160791454	0.22695599985864626	1.0	0.8071507907047679	-12.2480439965612	0.18081648131807343	0.42522521246755046	0.5070314588769946	-1.2259009690637301	0.25284158244937954	1.0	False	False	False	False
sp|Q9BRJ6|CHOLN_HUMAN	psvid_86802_sp|Q9BRJ6|CHOLN_HUMAN	0.6228799637983364	-0.45645961597150664	1.7022195435681795	0.4838397580579489	1.2873682937889839	0.22720887279236993	1.0	0.6961083512957418	-13.71501880458529	0.4431112968936312	0.665666055085905	0.44572449694997535	1.3974550828159746	0.19738225342517787	1.0	False	False	False	False
sp|Q9UEU0|VTI1B_HUMAN	psvid_42541_sp|Q9UEU0|VTI1B_HUMAN	0.4687569574545023	-0.3513320982903321	1.2888460131993367	0.3676245157267037	1.2750971096905344	0.23134672424515323	1.0	0.47187888313994464	-13.220821934505246	0.34331467066283644	0.5859306022583531	0.3271502789057966	1.432849022847636	0.1873395366567753	1.0	False	False	False	False
sp|Q96K19|RN170_HUMAN	psvid_84528_sp|Q96K19|RN170_HUMAN	0.48515684211574417	-0.3677942517706917	1.3381079360021801	0.38235570958055465	1.2688625537930704	0.2334726224999426	1.0	0.5123916488433492	-13.19555234700789	0.3381519758492299	0.5815083626649147	0.3478225736912523	1.3948400098562832	0.1981424223861247	1.0	False	False	False	False
sp|O60337|MARH6_HUMAN	psvid_40820_sp|O60337|MARH6_HUMAN	0.47830924443464795	-0.36614100369946123	1.3227594925687571	0.3785450023395853	1.2635465835725552	0.23529792048330814	1.0	0.4018540331088697	-16.41362555382659	0.47840272301614845	0.6916666270799455	0.2926057946595627	1.63465404022892	0.13823091064835	1.0	False	False	False	False
sp|Q8TBY0|RBM46_HUMAN	psvid_56990_sp|Q8TBY0|RBM46_HUMAN	0.6204861598021734	-0.476228366540695	1.7172006861450417	0.49162849304342493	1.262103740084419	0.23579534754938053	1.0	0.6447080269175126	-15.31811390578704	0.5872681769868368	0.7663342462573605	0.417797091756638	1.4851375752600964	0.17331977549131952	1.0	False	False	False	False
sp|Q9UL46|PSME2_HUMAN	psvid_85740_sp|Q9UL46|PSME2_HUMAN	-0.3628144311991228	-1.0054789992837267	0.2798501368854811	0.28808974947511595	-1.2593798698501117	0.23673675920765838	1.0	0.35948306729053636	-12.556331651616766	0.22235624455799427	0.47154665151816555	0.2726357086947973	-1.3307663656240873	0.21757061211848555	1.0	False	False	False	False
sp|Q4G148|GXLT1_HUMAN	psvid_60419_sp|Q4G148|GXLT1_HUMAN	-0.4619089749040475	-1.282309621649132	0.35849167184103714	0.367764193838208	-1.255992243516934	0.23791185887285166	1.0	0.2529789096120862	-14.89657891923742	0.5871069565197803	0.766229049644935	0.2269472279258688	-2.0353144610998632	0.07386805945121706	1.0	False	False	False	False
sp|Q99943|PLCA_HUMAN	psvid_64624_sp|Q99943|PLCA_HUMAN	-0.44903202777445994	-1.2491944729733926	0.3511304174244726	0.35869193639194047	-1.2518598335140867	0.2393517523651806	1.0	0.46209693287238157	-13.127889318351382	0.3244520284386744	0.5696069069443193	0.3222272493222649	-1.393525931524728	0.1985253623950121	1.0	False	False	False	False
sp|Q9NVV5|AIG1_HUMAN	psvid_78704_sp|Q9NVV5|AIG1_HUMAN	-0.5545838381383672	-1.5432518007798224	0.434084124503088	0.4431940390308777	-1.251334154563683	0.2395354280430428	1.0	0.6466778291864503	-13.272724360516467	0.3539753139609197	0.594958245560913	0.4188609879849722	-1.3240283866165747	0.21970503955163664	1.0	False	False	False	False
sp|P42785|PCP_HUMAN	psvid_84276_sp|P42785|PCP_HUMAN	-0.5635770929820416	-1.5691309416687929	0.4419767557047096	0.45076354094842275	-1.2502721311405423	0.23990685659890634	1.0	0.5629848055808856	-15.914463424055734	0.5434781666319887	0.7372097168594488	0.374190493158718	-1.5061234940113584	0.16795819515226124	1.0	False	False	False	False
sp|P31947|1433S_HUMAN	psvid_49003_sp|P31947|1433S_HUMAN	-0.4311334147755179	-1.2005687074342897	0.33830187788325383	0.34491775602322716	-1.2499600477120258	0.2400160928235428	1.0	0.34771067376094067	-13.583000471656067	0.4173705064552544	0.6460421862814025	0.2672396295560577	-1.613283985955687	0.14281838396923052	1.0	False	False	False	False
sp|O15260|SURF4_HUMAN	psvid_82724_sp|O15260|SURF4_HUMAN	0.25338045948821186	-0.1995593693374867	0.7063202883139104	0.20304110152299437	1.247926934929067	0.24072872051709612	1.0	0.2567598791371318	-11.264277680613812	0.10778832972635839	0.3283113304873263	0.22842821025728055	1.1092345345735861	0.297472119810423	1.0	False	False	False	False
sp|Q9H6K4|OPA3_HUMAN	psvid_78814_sp|Q9H6K4|OPA3_HUMAN	-0.6191026744782446	-1.7294756465941554	0.49127029763766616	0.49775121773743236	-1.2437994170911826	0.24218075919063595	1.0	0.7449470186398939	-13.518258466759274	0.4043902273799174	0.6359168399876807	0.47254356086741545	-1.3101494248314394	0.22415751396962122	1.0	False	False	False	False
sp|P07360|CO8G_HUMAN	psvid_94344_sp|P07360|CO8G_HUMAN	-0.3496148513168862	-0.9769785991533346	0.27774889651956225	0.28123079117717753	-1.2431599322871663	0.24240636273518984	1.0	0.3829243174495129	-12.205667169841082	0.17589049525005507	0.41939300810821234	0.2835839741649177	-1.2328441772720498	0.25036790178770113	1.0	False	False	False	False
sp|P0DJI8|SAA1_HUMAN	psvid_36397_sp|P0DJI8|SAA1_HUMAN	0.3962403847312763	-0.3157313277955869	1.1082120972581395	0.319158333104543	1.2415166506133006	0.24298687919978637	1.0	0.5230194893652268	-8.871422625544344	0.09666926433220019	0.3109168125595658	0.35331448555012945	1.121494874783605	0.2925046617023556	1.0	False	False	False	False
sp|P18124|RL7_HUMAN	psvid_58755_sp|P18124|RL7_HUMAN	0.29324827130526865	-0.23371918207369036	0.8202157246842277	0.23622575316070404	1.2413899305287526	0.24303169206137548	1.0	0.35880451056554874	-9.862407157957147	0.08533344749583445	0.2921188927403266	0.2723227480425369	1.0768408934367215	0.31091724921359576	1.0	False	False	False	False
sp|P23526|SAHH_HUMAN	psvid_29720_sp|P23526|SAHH_HUMAN	0.3511983164894641	-0.282192839908051	0.9845894728869792	0.2839327210929921	1.2369068106611125	0.24462141346229643	1.0	0.3496177051887085	-12.54755987606826	0.2210342956395049	0.4701428459941775	0.268108844613134	1.3099094772357232	0.2242351567949285	1.0	False	False	False	False
sp|Q14315|FLNC_HUMAN	psvid_24329_sp|Q14315|FLNC_HUMAN	0.4768479891564166	-0.38866635586594345	1.3423623341787767	0.3879874871081822	1.2290292986264721	0.24743522413898622	1.0	0.6027681214218811	-18.24518506719109	0.2056114700845135	0.4534440098672751	0.39528083741896725	1.2063524057226038	0.259914366520371	1.0	False	False	False	False
sp|Q08170|SRSF4_HUMAN	psvid_37590_sp|Q08170|SRSF4_HUMAN	0.387068573718524	-0.3160100565877414	1.0901472040247895	0.31517179649396027	1.2281193242046373	0.2477619450734554	1.0	0.2209137239219942	-13.63907091441414	0.42843460251252596	0.6545491597370865	0.21491359271345914	1.8010427764547976	0.10687503398970025	1.0	False	False	False	False
sp|P56378|ATP68_HUMAN	psvid_151851_sp|P56378|ATP68_HUMAN	-0.6394767378335229	-1.8025963471163735	0.5236428714493278	0.5213961582580651	-1.2264699839177062	0.2483550207971025	1.0	0.9117550410756571	-11.127695921988185	0.10278142238417565	0.32059541853272894	0.56568382898382	-1.130449033662961	0.2889185170054377	1.0	False	False	False	False
sp|P03928|ATP8_HUMAN	psvid_107160_sp|P03928|ATP8_HUMAN	0.255611562287934	-0.20956203204029095	0.7207851566161589	0.20852517924220695	1.2258067021778465	0.24859384959305628	1.0	0.2956705056128254	-10.243079572849615	0.08626706460620107	0.2937125543898338	0.2443381251606048	1.0461386741013876	0.3240934154829727	1.0	False	False	False	False
sp|P05107|ITB2_HUMAN	psvid_889170_sp|P05107|ITB2_HUMAN	-0.46700316339633385	-1.3174059510190586	0.38339962422639073	0.3812133704046351	-1.2250440295434497	0.2488686957435016	1.0	0.42951313449323814	-13.769657830174017	0.45341854116346675	0.6733636024938285	0.30604658607612373	-1.5259218192362878	0.1630353530886208	1.0	False	False	False	False
sp|P59998|ARPC4_HUMAN	psvid_8322_sp|P59998|ARPC4_HUMAN	0.5189827691646038	-0.42716184267799373	1.4651273810072014	0.42413193091591367	1.2236352213422357	0.24937703732358843	1.0	0.5538294518229026	-13.704538076550241	0.4411090844450538	0.6641604357721512	0.3693787405835654	1.4050152652117596	0.19519877055409185	1.0	False	False	False	False
sp|Q01518|CAP1_HUMAN	psvid_53378_sp|Q01518|CAP1_HUMAN	-0.5606097198101061	-1.5843640735903117	0.46314463397009953	0.45892235226786615	-1.2215785895799787	0.25012063994594524	1.0	0.682249116624878	-13.269856875932366	0.35338477350227965	0.5944617510843567	0.43816185913568995	-1.2794580544184164	0.23427432491713343	1.0	False	False	False	False
sp|P31689|DNJA1_HUMAN	psvid_11314_sp|P31689|DNJA1_HUMAN	-0.2290490594290504	-0.6474763610068084	0.18937824214870758	0.18757003648786177	-1.2211388541467436	0.2502798643218431	1.0	0.1661353235477423	-11.776283843306192	0.13593012406105842	0.3686870272481233	0.19689813683200938	-1.1632870839426568	0.2760661957257147	1.0	False	False	False	False
sp|P21281|VATB2_HUMAN	psvid_48913_sp|P21281|VATB2_HUMAN	-0.3283496512340456	-0.9308792170854491	0.2741799146173579	0.2700982756756396	-1.2156673359453798	0.25226790429136764	1.0	0.25533544981832523	-12.841483462575237	0.2696491314933901	0.5192775091349423	0.22786882283965626	-1.4409590884010242	0.18510202678418888	1.0	False	False	False	False
sp|P60174|TPIS_HUMAN	psvid_37841_sp|P60174|TPIS_HUMAN	-0.2029798046117457	-0.5754936046681242	0.16953399544463277	0.1669882123019697	-1.2155337302772686	0.2523166078292564	1.0	0.18401623032204895	-10.545801310849372	0.08935928726333889	0.29893023812143676	0.20238511363778455	-1.002938412629624	0.34335508565268746	1.0	False	False	False	False
sp|Q15493|RGN_HUMAN	psvid_66275_sp|Q15493|RGN_HUMAN	-0.6680100372149815	-1.8942498709822084	0.5582297965522454	0.5496913071764401	-1.21524577247965	0.25242160342340386	1.0	0.8287674648667119	-13.904389419247465	0.47778083510487024	0.6912169233351207	0.519090701368537	-1.2868849999698162	0.23179167760156255	1.0	False	False	False	False
sp|Q6FI13|H2A2A_HUMAN	psvid_48118_sp|Q6FI13|H2A2A_HUMAN	-0.36144352228157484	-1.0268577993661445	0.30397075480299496	0.2982878501514382	-1.2117272698102621	0.25370737023866696	1.0	0.48533398349449514	-10.56565751578928	0.08964344963218765	0.2994051596619331	0.33396715622457107	-1.0822726592866747	0.30863016978964863	1.0	False	False	False	False
sp|P62805|H4_HUMAN	psvid_20925_sp|P62805|H4_HUMAN	0.41561551948076714	-0.35019114127393836	1.1814221802354727	0.3432911350640299	1.2106794409452124	0.2540912958318451	1.0	0.5777033991067277	-9.836816088302992	0.08537901886168706	0.29219688373028047	0.38196000335145935	1.0881126710493292	0.30618588759675774	1.0	False	False	False	False
sp|P49221|TGM4_HUMAN	psvid_35676_sp|P49221|TGM4_HUMAN	-0.4184489572645571	-1.1900640631641293	0.35316614863501505	0.3458949093962789	-1.2097574896228256	0.2544294862943901	1.0	0.3344757026165114	-16.699460706150944	0.4346331084311292	0.6592670994605518	0.261261730858458	-1.6016465782784597	0.1453741933699019	1.0	False	False	False	False
sp|Q8N128|F177A_HUMAN	psvid_43856_sp|Q8N128|F177A_HUMAN	-0.418744487619672	-1.1910899081114565	0.3536009328721126	0.3462222903635159	-1.209467152389326	0.25453606283207514	1.0	0.410623473144288	-13.247528440555492	0.34879200924352155	0.5905861573416038	0.2968355111898292	-1.41069539133369	0.19357206367964994	1.0	False	False	False	False
sp|Q16777|H2A2C_HUMAN	psvid_48129_sp|Q16777|H2A2C_HUMAN	-0.3588312198233061	-1.021853413274192	0.30419097362757985	0.29721554150245605	-1.2073097456794362	0.25532912544706143	1.0	0.4832533952923193	-10.555584906958952	0.08949797060695172	0.2991621142573901	0.3329097353284237	-1.0778634018296587	0.31048570810351783	1.0	False	False	False	False
sp|Q04917|1433F_HUMAN	psvid_35291_sp|Q04917|1433F_HUMAN	-0.4385937026706297	-1.2494125312010216	0.3722251258597622	0.3634689148605384	-1.206688343180369	0.25555792109099235	1.0	0.47021722789001097	-13.157005172514069	0.3303224934912536	0.5747368906649838	0.32631200832192997	-1.3440930504706583	0.21340090331798808	1.0	False	False	False	False
sp|P61106|RAB14_HUMAN	psvid_86141_sp|P61106|RAB14_HUMAN	-0.28361904464233456	-0.8084740634363544	0.2412359741516853	0.23527880388019295	-1.2054593952575392	0.2560108954308514	1.0	0.35673565036271326	-9.857592544625682	0.08534101130656462	0.2921318389127837	0.27136999522185196	-1.0451378178728592	0.3245300878961747	1.0	False	False	False	False
sp|P52565|GDIR1_HUMAN	psvid_95598_sp|P52565|GDIR1_HUMAN	-0.5648890891510003	-1.6114425956839151	0.48166441738191446	0.4691426172878419	-1.2040881990569903	0.25651706169718813	1.0	0.6739064440346597	-13.590124114863631	0.4187859187731143	0.6471367079474895	0.4336206113748504	-1.3027265640347356	0.22656995362446805	1.0	False	False	False	False
sp|Q8TCJ2|STT3B_HUMAN	psvid_33161_sp|Q8TCJ2|STT3B_HUMAN	-0.27215245747165095	-0.7768349045892478	0.23252998964594584	0.2262359665912941	-1.2029584047672983	0.2569347199069531	1.0	0.18131690190088903	-12.464374589595266	0.2089055600468431	0.4570618777002115	0.20153078993772353	-1.350426193217179	0.21144335297367442	1.0	False	False	False	False
sp|P35575|G6PC1_HUMAN	psvid_99891_sp|P35575|G6PC1_HUMAN	-0.4648840117918738	-1.3278013020124608	0.3980332784287133	0.3868232952352028	-1.2017994198338215	0.2573637361924802	1.0	0.45258229465058725	-13.719939340955309	0.4440486037530354	0.6663697200151245	0.3174666955399585	-1.4643552168556855	0.17877763927103338	1.0	False	False	False	False
sp|O14602|IF1AY_HUMAN	psvid_54566_sp|O14602|IF1AY_HUMAN	0.43495276775769387	-0.3729882700486695	1.2428938055640573	0.36217887640206525	1.2009335610032656	0.25768462224544153	1.0	0.5738237868550665	-12.053804625296891	0.15973640023573754	0.3996703644701938	0.37990812631593895	1.144889349895029	0.2832090548318612	1.0	False	False	False	False
sp|P09960|LKHA4_HUMAN	psvid_49809_sp|P09960|LKHA4_HUMAN	-0.5645889800731716	-1.6148198193513035	0.4856418592049603	0.4707910695628189	-1.199234685138472	0.2583151556802785	1.0	0.5979998165121144	-15.566463268065917	0.5746585772803753	0.7580623835017638	0.39273837280649126	-1.4375701972757167	0.18603414453480516	1.0	False	False	False	False
sp|O75695|XRP2_HUMAN	psvid_85324_sp|O75695|XRP2_HUMAN	-0.6246804005925708	-1.786893898373513	0.5375330971883714	0.5209899721252907	-1.199025766358405	0.25839278069001076	1.0	0.7180061504701145	-14.836869441088231	0.5847602828530102	0.7646962029806413	0.4577181934800537	-1.3647707464785162	0.20706616667780425	1.0	False	False	False	False
sp|P62899|RL31_HUMAN	psvid_85869_sp|P62899|RL31_HUMAN	0.22045594499730647	-0.1898730524277515	0.6307849424223644	0.18393977813788298	1.1985224035230195	0.25857988493062145	1.0	0.18717501159288413	-11.481768716342675	0.117700280360933	0.34307474456877907	0.20339621300177385	1.083874383616886	0.30795826925280523	1.0	False	False	False	False
sp|P49257|LMAN1_HUMAN	psvid_37424_sp|P49257|LMAN1_HUMAN	-0.286351756390792	-0.8199039085644733	0.24720039578288922	0.23917750174051824	-1.197235334874652	0.2590587930577046	1.0	0.36521892500462033	-9.869944726241961	0.08532254769406113	0.29210023569668875	0.27529034173694483	-1.0401809034928549	0.3266994588406914	1.0	False	False	False	False
sp|P39019|RS19_HUMAN	psvid_93803_sp|P39019|RS19_HUMAN	0.22525970035809895	-0.19455409663049827	0.6450734973466962	0.18819156618685784	1.196970219879225	0.25915752847177953	1.0	0.24726863307507835	-10.135758218326863	0.08568919694052961	0.2927271715104862	0.22473424303164816	1.0023381275561856	0.34362871906805453	1.0	False	False	False	False
sp|Q9Y5K3|PCY1B_HUMAN	psvid_67456_sp|Q9Y5K3|PCY1B_HUMAN	0.7673043579857519	-0.6630565414847687	2.1976652574562725	0.6411934524655735	1.1966815241722224	0.2592650802115808	1.0	1.0194749049940617	-13.972505824875029	0.4894489903073568	0.6996063109402006	0.6267317343413426	1.2242947276192147	0.2534167013569331	1.0	False	False	False	False
sp|P15121|ALDR_HUMAN	psvid_40208_sp|P15121|ALDR_HUMAN	0.5806589898431196	-0.501887346256819	1.6632053259430581	0.48527726321015974	1.1965509902565798	0.2593137215227025	1.0	0.6268243859562691	-15.086694373454531	0.5906976315196415	0.7685685600645147	0.40816340051812877	1.4226140538471168	0.19019692277405173	1.0	False	False	False	False
sp|Q9P2W9|STX18_HUMAN	psvid_56067_sp|Q9P2W9|STX18_HUMAN	-0.40154148973094994	-1.15109216579999	0.34800918633808997	0.3360040014827863	-1.1950497254763235	0.2598736686130261	1.0	0.38098937489658874	-13.250681690622605	0.3494399431215743	0.5911344543516088	0.28267055672396757	-1.4205281738029114	0.19078388635495344	1.0	False	False	False	False
sp|O95140|MFN2_HUMAN	psvid_59678_sp|O95140|MFN2_HUMAN	-0.5345227476124932	-1.5325913280143442	0.4635458327893579	0.447408090575022	-1.1947096149412695	0.26000065864791955	1.0	0.553607756393708	-14.349733731556832	0.5442622460681169	0.7377413137869648	0.36926243221662114	-1.447541642413613	0.18330314518910418	1.0	False	False	False	False
sp|H3BR10|SMLR1_HUMAN	psvid_103269_sp|H3BR10|SMLR1_HUMAN	0.6624311540166472	-0.5753199118684567	1.900182219901751	0.5548514920406421	1.193889110003736	0.2603072221802289	1.0	0.8521451711285921	-13.732374878473987	0.4464096043348239	0.6681389109570134	0.5321706179501347	1.2447721307280406	0.24616493946714316	1.0	False	False	False	False
sp|P61326|MGN_HUMAN	psvid_52873_sp|P61326|MGN_HUMAN	-0.6694650697068956	-1.9211252600521846	0.5821951206383935	0.5610865894462694	-1.1931582081966774	0.2605805510122125	1.0	0.8678551943006374	-13.699963802717114	0.44023280453355323	0.6635004178849876	0.5409813653850539	-1.2375011646295633	0.24871995334627908	1.0	False	False	False	False
sp|Q6DRA6|H2B2D_HUMAN	psvid_30702_sp|Q6DRA6|H2B2D_HUMAN	-0.5658814931390634	-1.6243223041796366	0.49255931790150975	0.4744713855872246	-1.192656734059328	0.26076821559788466	1.0	0.6257512283316798	-14.31676905248043	0.5402156852751827	0.7349936634251908	0.4075867948579124	-1.3883705269115347	0.20003389340091857	1.0	False	False	False	False
sp|Q9H7Z7|PGES2_HUMAN	psvid_80086_sp|Q9H7Z7|PGES2_HUMAN	-0.646077353194527	-1.8551895355883798	0.5630348291993259	0.5420134281734655	-1.1919951049400144	0.2610159797028928	1.0	0.8261746309110904	-13.708639690435813	0.44189357209711705	0.6647507593806246	0.5176423992578862	-1.2481152125884016	0.2449974959994096	1.0	False	False	False	False
sp|Q96A72|MGN2_HUMAN	psvid_52871_sp|Q96A72|MGN2_HUMAN	-0.6682636026728859	-1.9199197460425597	0.5833925406967879	0.5610847752927451	-1.1910207371501398	0.2613811995890365	1.0	0.8663276980607763	-13.721175594281867	0.44428382197352717	0.6665461889273144	0.5401239808369719	-1.237241126819346	0.24881173505702112	1.0	False	False	False	False
sp|P20290|BTF3_HUMAN	psvid_77721_sp|P20290|BTF3_HUMAN	0.36788293705720276	-0.3215068505489047	1.0572727246633102	0.3090354456510216	1.190423112410978	0.26160540785800307	1.0	0.4895136984589021	-11.457575221977327	0.11646585944152327	0.3412709472567556	0.3360949864199943	1.0945802583246074	0.3034966667892596	1.0	False	False	False	False
sp|A6NNZ2|TBB8B_HUMAN	psvid_34264_sp|A6NNZ2|TBB8B_HUMAN	0.2822173605866829	-0.2466694981684424	0.8111042193418082	0.23708617248584124	1.1903577405111505	0.26162994247308113	1.0	0.36067585931266155	-9.863075865940747	0.08533243402306705	0.292117158042911	0.2731864029786489	1.033057859064603	0.32983629946191095	1.0	False	False	False	False
sp|P49006|MRP_HUMAN	psvid_87632_sp|P49006|MRP_HUMAN	0.3247107274372598	-0.28382414346011553	0.9332455983346352	0.27279029716263703	1.1903309275097418	0.26164000614626437	1.0	0.39003341515668954	-11.87724536097279	0.14377423731003225	0.37917573407330835	0.286954162490451	1.1315769899245327	0.2884692623356395	1.0	False	False	False	False
sp|P10301|RRAS_HUMAN	psvid_90151_sp|P10301|RRAS_HUMAN	-0.615528550418051	-1.7717693687527616	0.5407122679166596	0.518312575842984	-1.187562446110737	0.26268076093973625	1.0	0.8366070107594117	-12.940970573762822	0.2879769741647093	0.5366348611157398	0.523472667024292	-1.1758561414811886	0.2712702780687966	1.0	False	False	False	False
sp|P12235|ADT1_HUMAN	psvid_82712_sp|P12235|ADT1_HUMAN	0.41315515444700956	-0.3652704816344017	1.1915807905284208	0.3489478922917362	1.1840024358181056	0.2640239302220646	1.0	0.5880407861481372	-10.307844653172909	0.08674204305819447	0.29452002148953216	0.3874406287116225	1.066370235411028	0.3153632442443378	1.0	False	False	False	False
sp|Q9UMX5|NENF_HUMAN	psvid_36799_sp|Q9UMX5|NENF_HUMAN	-0.33073065878633834	-0.9560356060608154	0.2945742884881387	0.28030788462907685	-1.1798835385026163	0.26558479215463887	1.0	0.43720486146219606	-11.19143217064251	0.10501216316843529	0.32405580255325667	0.3098342687717352	-1.067443766299454	0.314905146099342	1.0	False	False	False	False
sp|Q08257|QOR_HUMAN	psvid_93173_sp|Q08257|QOR_HUMAN	-0.3356909543165001	-0.9706718077100116	0.2992898990770114	0.28464534075815107	-1.1793305782641281	0.2657948956925602	1.0	0.392930755581065	-12.186978470519808	0.17377686087297012	0.4168655189302302	0.28833398938195676	-1.1642434353162903	0.2756988966152491	1.0	False	False	False	False
sp|O43776|SYNC_HUMAN	psvid_59595_sp|O43776|SYNC_HUMAN	-0.6040265067245136	-1.7479828236559185	0.5399298102068912	0.5128057545438842	-1.1778855860573676	0.2663445616967877	1.0	0.7052554194906342	-14.599860229751473	0.5697183551120023	0.7547968965966952	0.4507279996823826	-1.340113121772237	0.21463897407792806	1.0	False	False	False	False
sp|Q6DN03|H2B2C_HUMAN	psvid_30703_sp|Q6DN03|H2B2C_HUMAN	-0.5643204845492669	-1.6340467423313367	0.505405773232803	0.4795303567611956	-1.176819103509429	0.26675082491383895	1.0	0.6252978446367782	-14.551425118708645	0.5655369295744785	0.7520218943451571	0.40734324463244304	-1.3853684625566056	0.20091687933852131	1.0	False	False	False	False
sp|P11182|ODB2_HUMAN	psvid_1633339_sp|P11182|ODB2_HUMAN	0.22074383016497912	-0.19820183341324055	0.6396894937431987	0.18780240464112016	1.1754047057427628	0.2672903823230527	1.0	0.17898993464208757	-11.684699146158916	0.12957015368395727	0.35995854439637526	0.2008015903599689	1.0993131566799874	0.30154050950213407	1.0	False	False	False	False
sp|Q13085|ACACA_HUMAN	psvid_30800_sp|Q13085|ACACA_HUMAN	-0.5351306540596514	-1.5523067734253653	0.4820454653060624	0.4559735015009603	-1.1736003348837682	0.2679799639111613	1.0	0.5985461603304025	-16.23293070283706	0.50408300656926	0.7099880326943969	0.3930294912904804	-1.3615534353480534	0.20804110889400473	1.0	False	False	False	False
sp|P06213|INSR_HUMAN	psvid_33217_sp|P06213|INSR_HUMAN	-0.7337710156191561	-2.1296128030073262	0.662070771769014	0.6257194356210682	-1.1726837522488645	0.26833079800723586	1.0	0.9549506982891581	-15.367965033953464	0.5854514157153203	0.7651479698171592	0.5900961681337149	-1.243477004671694	0.24661844934821459	1.0	False	False	False	False
sp|P22792|CPN2_HUMAN	psvid_104749_sp|P22792|CPN2_HUMAN	-0.7721689544692367	-2.242986034620839	0.6986481256823653	0.659328902179052	-1.1711437977574675	0.2689210572068876	1.0	1.0295604936704952	-14.701138723006157	0.5772576585896309	0.7597747420055703	0.6324745180789648	-1.220869667310187	0.2546466476621319	1.0	False	False	False	False
sp|Q9Y694|S22A7_HUMAN	psvid_41954_sp|Q9Y694|S22A7_HUMAN	-0.6048657167174682	-1.7603778363079288	0.5506464028729923	0.5179859192182077	-1.1677261760906312	0.27023470165773056	1.0	0.7129454445103353	-14.745675525182136	0.5800501872571817	0.7616102594222203	0.4549417061347477	-1.329545540804551	0.2179560286530394	1.0	False	False	False	False
sp|Q99459|CDC5L_HUMAN	psvid_31149_sp|Q99459|CDC5L_HUMAN	-0.5639659048807029	-1.6468038788624342	0.5188720691010285	0.4854079968595245	-1.1618389242233946	0.2725095325874447	1.0	0.6691725927348927	-16.209989550458122	0.5071947664351711	0.7121760782525423	0.4310476380119233	-1.3083609679009607	0.22473677355001445	1.0	False	False	False	False
sp|P51148|RAB5C_HUMAN	psvid_56495_sp|P51148|RAB5C_HUMAN	-0.36867837591526165	-1.077464594393636	0.34010784256311277	0.3177303592781366	-1.1603498537340773	0.2730873038172696	1.0	0.5160610470413959	-11.138500960922087	0.1031470923762434	0.321165210407733	0.34971570065667	-1.0542231167287741	0.3205827607531208	1.0	False	False	False	False
sp|Q02809|PLOD1_HUMAN	psvid_38014_sp|Q02809|PLOD1_HUMAN	-0.6031566348550181	-1.7628786323818502	0.5565653626718139	0.5198730976005865	-1.160199744204532	0.2731456012323503	1.0	0.7181615176911391	-15.506033686825774	0.578528465380124	0.7606105872127498	0.457803476885652	-1.3175012102533066	0.22178959211872398	1.0	False	False	False	False
sp|Q07020|RL18_HUMAN	psvid_66690_sp|Q07020|RL18_HUMAN	0.1935900365968206	-0.17890896091353892	0.5660890341071801	0.16698157670700156	1.1593496744644367	0.27347592498586526	1.0	0.18983563901832623	-10.201463567745314	0.08601247633620507	0.29327883717753156	0.20425723685016156	0.947775655747433	0.36919020984499645	1.0	False	False	False	False
sp|Q9HCL2|GPAT1_HUMAN	psvid_31164_sp|Q9HCL2|GPAT1_HUMAN	-1.1662158865501735	-3.4136180788036596	1.0811863057033126	1.00745173561661	-1.1575898331609822	0.2741607752739389	1.0	1.7251989240888967	-14.727120542762723	0.5789258534118888	0.760871771990451	1.03468897098979	-1.1271173456450048	0.29024875152090307	1.0	False	False	False	False
sp|P46952|3HAO_HUMAN	psvid_67945_sp|P46952|3HAO_HUMAN	0.4513515617449779	-0.4193302660406387	1.3220333895305947	0.39030393473671804	1.1564104831519055	0.27462048257101807	1.0	0.5473549366379876	-13.06770147912615	0.3124581231922583	0.5589795373645249	0.3659861376309405	1.233247698031994	0.2502247538888417	1.0	False	False	False	False
sp|O14966|RAB7L_HUMAN	psvid_25052_sp|O14966|RAB7L_HUMAN	0.8713363293968026	-0.8182373662180329	2.560910025011638	0.7573917823727687	1.1504433368250533	0.27695579548120897	1.0	1.2725625591014489	-13.613558849287202	0.4234226481416506	0.6507093422885909	0.7718655494864076	1.1288706044421621	0.28954812614096415	1.0	False	False	False	False
sp|P13693|TCTP_HUMAN	psvid_68918_sp|P13693|TCTP_HUMAN	0.6268422993578744	-0.5890167216128099	1.8427013203285587	0.5450378597850315	1.1500894627854061	0.2770947785262606	1.0	0.8599469940098545	-13.356394338938244	0.371244382424781	0.6092982704921959	0.5365441271553787	1.1682958914884294	0.27414686940139715	1.0	False	False	False	False
sp|Q13509|TBB3_HUMAN	psvid_40981_sp|Q13509|TBB3_HUMAN	0.28595570717399044	-0.26873553042602816	0.840646944774009	0.24865360191320565	1.1500163479385486	0.27712350102839156	1.0	0.3855910136795816	-9.8979658619121	0.08529213237748379	0.29204816790639826	0.2848455636626987	1.0038973522951065	0.3429183049119654	1.0	False	False	False	False
sp|P0C7P4|UCRIL_HUMAN	psvid_62707_sp|P0C7P4|UCRIL_HUMAN	-0.2780885524692822	-0.8183504965193599	0.26217339158079545	0.24218532628336242	-1.1482469096575743	0.2778193242786798	1.0	0.3329952932487633	-11.647125373301296	0.12715293758825494	0.35658510567360346	0.26059916647494796	-1.0671122100308619	0.31504657291163285	1.0	False	False	False	False
sp|P54727|RD23B_HUMAN	psvid_72712_sp|P54727|RD23B_HUMAN	-0.8040021621214555	-2.3681870093575452	0.7601826851146343	0.7011832348499641	-1.1466363172437972	0.27845387750900574	1.0	1.114621500886499	-14.869677078671884	0.5861219992708258	0.7655860495534292	0.6810613788248586	-1.1805135148152517	0.2695103927881757	1.0	False	False	False	False
sp|P08637|FCG3A_HUMAN	psvid_105020_sp|P08637|FCG3A_HUMAN	-0.5226836521618496	-1.5433893043906979	0.4980220000669986	0.4575556989470325	-1.1423388526570541	0.2801526061821158	1.0	0.5575448143945415	-14.821904467167919	0.5840805874171273	0.764251651890349	0.37132940713120693	-1.4076010198060145	0.1944567843775442	1.0	False	False	False	False
sp|Q8WWZ4|ABCAA_HUMAN	psvid_23160_sp|Q8WWZ4|ABCAA_HUMAN	-0.41801680598412183	-1.2370941545899279	0.4010605426216842	0.36717099382632334	-1.1384799262815657	0.2816849159051763	1.0	0.5067810999846089	-17.623592338045746	0.2892568498742655	0.5378260405319414	0.3449342827475163	-1.211873759414341	0.25790046861899474	1.0	False	False	False	False
sp|Q9BTZ2|DHRS4_HUMAN	psvid_69585_sp|Q9BTZ2|DHRS4_HUMAN	-0.368700209879393	-1.0913135300421715	0.35391311028338557	0.3239286880145398	-1.138214130212646	0.2817907003609477	1.0	0.28543330070259043	-13.52971075000297	0.40670072705644295	0.6377309205742206	0.2400405975193934	-1.535991051886983	0.16058124043717262	1.0	False	False	False	False
sp|Q02818|NUCB1_HUMAN	psvid_56539_sp|Q02818|NUCB1_HUMAN	-0.17955617908352162	-0.5316146725806077	0.17250231441356445	0.15781863234571566	-1.1377375181543072	0.2819804657386214	1.0	0.16291584285743066	-10.08152239842464	0.0854934266522988	0.29239258994081707	0.19595453632301307	-0.916315500793203	0.384551489109286	1.0	False	False	False	False
sp|P61011|SRP54_HUMAN	psvid_8086_sp|P61011|SRP54_HUMAN	0.9497231571681883	-0.9153447621484543	2.814791076484831	0.8360612616802506	1.135949242833604	0.2826933698119498	1.0	1.3881168796685315	-15.3219664076585	0.5871410395347431	0.7662512900705245	0.8386658129422259	1.1324214514436313	0.2881332854838822	1.0	False	False	False	False
sp|Q16134|ETFD_HUMAN	psvid_78198_sp|Q16134|ETFD_HUMAN	0.21873268363701293	-0.2112720981321321	0.648737465406158	0.19275991863404962	1.1347415229629352	0.28317563159065817	1.0	0.2585330451320464	-10.154326045062545	0.08577090315651623	0.29286669861306563	0.22912697134941867	0.954635250266742	0.36590143012130366	1.0	False	False	False	False
sp|P51589|CP2J2_HUMAN	psvid_34830_sp|P51589|CP2J2_HUMAN	-0.2947113970307571	-0.8775789734100428	0.28815617934852855	0.2612843190604694	-1.1279337316930667	0.285906154105383	1.0	0.2986142315574903	-12.466198160281284	0.20916351703946978	0.45734398109024	0.24558760807155813	-1.2000255197928615	0.2622378760111673	1.0	False	False	False	False
sp|P39060|COIA1_HUMAN	psvid_46243_sp|P39060|COIA1_HUMAN	-0.42979572593295723	-1.2800749238014903	0.4204834719355759	0.3811579683440721	-1.1276052493410809	0.2860384232074787	1.0	0.31364043970911165	-15.373458685225367	0.5852286091414108	0.7650023589123179	0.2520565200791158	-1.7051561522711354	0.12403290155371333	1.0	False	False	False	False
sp|P53007|TXTP_HUMAN	psvid_74158_sp|P53007|TXTP_HUMAN	0.2806698111441621	-0.2753255120600926	0.8366651343484168	0.24923818944716325	1.1261107768705814	0.28664080209354237	1.0	0.3827520333071309	-10.59682233791877	0.09011109841940025	0.3001851069247111	0.2835025769002423	0.9900079717544262	0.3492857322211671	1.0	False	False	False	False
sp|Q86UL3|GPAT4_HUMAN	psvid_84967_sp|Q86UL3|GPAT4_HUMAN	-0.6856205380226794	-2.0440666008084962	0.6728255247631374	0.6089559084761983	-1.1258952060064915	0.2867277742200053	1.0	0.9180193986638348	-15.336472264375704	0.5866423154520057	0.7659257897812332	0.5692179745289377	-1.2044955864053166	0.26059452045181175	1.0	False	False	False	False
sp|Q16698|DECR_HUMAN	psvid_45398_sp|Q16698|DECR_HUMAN	0.42260612465575864	-0.41472373509020366	1.259935984401721	0.37535311809891453	1.125889473880411	0.2867300871291444	1.0	0.6380929932556038	-9.283379471978778	0.08954550594897169	0.2992415511739165	0.41422828194557254	1.0202251827683917	0.33554562945010036	1.0	False	False	False	False
sp|Q92692|NECT2_HUMAN	psvid_57939_sp|Q92692|NECT2_HUMAN	-0.6481841159668864	-1.933105448957132	0.6367372170233592	0.5759966914305757	-1.1253261096986897	0.28695747529747906	1.0	0.8449240737916448	-15.344707014615375	0.5863451734711641	0.7657317895132499	0.5281263131615869	-1.2273278187685497	0.25233159681673234	1.0	False	False	False	False
sp|Q14498|RBM39_HUMAN	psvid_29481_sp|Q14498|RBM39_HUMAN	-0.7481530471527651	-2.23268887935254	0.7363827850470099	0.6654786606019392	-1.124232964098421	0.28739909837242633	1.0	1.0456835855774722	-15.665939693591328	0.567235319493034	0.7531502635550451	0.6416635475049308	-1.1659584685181388	0.2750412029089493	1.0	False	False	False	False
sp|O15239|NDUA1_HUMAN	psvid_94709_sp|O15239|NDUA1_HUMAN	-0.46142705910916426	-1.3785380030390217	0.4556838848206931	0.41111689549820896	-1.1223743518251355	0.2881511818609006	1.0	0.6137812062216516	-12.891250997943498	0.27871058229560686	0.5279304710808108	0.40116723861447595	-1.1502112203947898	0.28112777942166817	1.0	False	False	False	False
sp|Q9UHB9|SRP68_HUMAN	psvid_34373_sp|Q9UHB9|SRP68_HUMAN	-0.5042744006436215	-1.5071471054220216	0.49859830413477857	0.4495616541240632	-1.1217024317302193	0.2884234503543085	1.0	0.5399208254090895	-15.530902075673042	0.5769960376096896	0.7596025523980877	0.3621014711223531	-1.392632841508751	0.19878598543005693	1.0	False	False	False	False
sp|P09471|GNAO_HUMAN	psvid_12517_sp|P09471|GNAO_HUMAN	-0.3469697808586125	-1.0379315210726237	0.3439919593553987	0.3097401109702059	-1.1201964762387129	0.28903440651569023	1.0	0.38207790562313515	-12.799850865687734	0.2622422070776457	0.5120958963686837	0.28318420657712406	-1.2252441089581623	0.25307664294120785	1.0	False	False	False	False
sp|O43760|SNG2_HUMAN	psvid_85440_sp|O43760|SNG2_HUMAN	0.472984204546532	-0.46939744141936723	1.4153658505124311	0.4224450915434983	1.119634750207128	0.28926255312014193	1.0	0.5852727069289516	-13.393790025368773	0.3789600585125816	0.6155973184741642	0.38597119366580446	1.2254391320095983	0.2530068342535285	1.0	False	False	False	False
sp|P07741|APT_HUMAN	psvid_77584_sp|P07741|APT_HUMAN	0.6257322448480664	-0.6216722203964249	1.8731367100925578	0.5591788589768928	1.1190198534918572	0.2895124559655473	1.0	0.87064397544803	-13.606209611033023	0.42197184476974553	0.6495935996988775	0.5425470966275798	1.1533233681233526	0.27991637759634497	1.0	False	False	False	False
sp|Q8WXI7|MUC16_HUMAN	psvid_33803_sp|Q8WXI7|MUC16_HUMAN	-0.7323540975139498	-2.1924603750802047	0.7277521800523052	0.6545275289795203	-1.118904958292235	0.28955916966392214	1.0	1.1728982455932584	-20.115575275434242	0.061279175460628166	0.24754630972936795	0.7144873286663007	-1.0250064180718224	0.3334096874133521	1.0	False	False	False	False
sp|P07306|ASGR1_HUMAN	psvid_62919_sp|P07306|ASGR1_HUMAN	-0.26835965583679355	-0.8044767452646465	0.2677574335910594	0.24032729615531856	-1.1166424294282338	0.29048025724762966	1.0	0.36770425858888434	-9.869603747335814	0.08532301593048239	0.29210103719514996	0.2764456037377718	-0.9707503111221537	0.3582603925836785	1.0	False	False	False	False
sp|P38405|GNAL_HUMAN	psvid_65187_sp|P38405|GNAL_HUMAN	-0.5933883213368745	-1.7789720693253006	0.5921954266515517	0.5314662452260641	-1.1165117759914767	0.2905335165237522	1.0	0.7833359466575229	-13.977244868027078	0.49024305095036513	0.7001735862986872	0.49378833233824027	-1.2017058372501381	0.26161914151579324	1.0	False	False	False	False
sp|P54652|HSP72_HUMAN	psvid_52200_sp|P54652|HSP72_HUMAN	-0.20698283473371504	-0.6206119718896316	0.2066463024222015	0.1854191446309347	-1.11629699913513	0.2906210841949091	1.0	0.17894305279990042	-11.61367960455814	0.1250894336438741	0.3536798462506368	0.20078696880093633	-1.0308579086072134	0.330809759647282	1.0	False	False	False	False
sp|P0CG04|IGLC1_HUMAN	psvid_30846_sp|P0CG04|IGLC1_HUMAN	-0.6862769676675171	-2.0595137311466933	0.6869597958116589	0.6155861934941057	-1.1148348922060227	0.2912177524015172	1.0	1.0744638536981288	-11.94850403158146	0.14986408470669826	0.3871228289660767	0.6580909235581819	-1.0428300149726093	0.3255387050338276	1.0	False	False	False	False
sp|Q16864|VATF_HUMAN	psvid_103841_sp|Q16864|VATF_HUMAN	0.5795671254132775	-0.5809047270003096	1.7400389778268646	0.5202092379717785	1.1141038703444155	0.29151643061362104	1.0	0.8016565116825625	-13.42675904377187	0.3857433795382248	0.6210824257199883	0.5039720982297295	1.1499984373124736	0.2812107585258243	1.0	False	False	False	False
sp|Q58FG0|HS905_HUMAN	psvid_40567_sp|Q58FG0|HS905_HUMAN	0.7848500484650005	-0.7899754903328844	2.3596755872628856	0.7059531791078464	1.1117593513168404	0.2924759521596194	1.0	1.1812686334837899	-13.42571193152613	0.38552833283158106	0.620909279067064	0.7192964726482476	1.0911356836985493	0.3049266034185797	1.0	False	False	False	False
sp|Q8NBU5|ATAD1_HUMAN	psvid_53995_sp|Q8NBU5|ATAD1_HUMAN	-0.6850152290493798	-2.0607320205061512	0.6907015624073916	0.6166979252967257	-1.1107792015349867	0.2928778162555311	1.0	0.9802279300056477	-13.770996410775172	0.4536681842745276	0.6735489472002221	0.6044254744236265	-1.133332822714997	0.28777103795600045	1.0	False	False	False	False
sp|P27635|RL10_HUMAN	psvid_881227_sp|P27635|RL10_HUMAN	0.18396565029920664	-0.1870913628591621	0.5550226634575754	0.16633517276419485	1.105993682767298	0.2948460494928141	1.0	0.18599128961657888	-10.35351824108006	0.08713604700725427	0.2951881552624601	0.20301588866472756	0.906163805745364	0.38960583335217086	1.0	False	False	False	False
sp|P49207|RL34_HUMAN	psvid_17293_sp|P49207|RL34_HUMAN	-0.4995200129701649	-1.50712315887757	0.5080831329372402	0.4516821873966902	-1.1059103655364233	0.2948804075835115	1.0	0.7744474999693497	-11.408503596102207	0.1140686517640604	0.3377405095099793	0.48885767887111053	-1.0218107121149784	0.33483616708615943	1.0	False	False	False	False
sp|Q9BVK6|TMED9_HUMAN	psvid_65675_sp|Q9BVK6|TMED9_HUMAN	0.4558728593445074	-0.46582441489086446	1.3775701335798791	0.41317282765059715	1.1033466598873725	0.29593913721901155	1.0	0.7125604036346542	-9.599091712628123	0.08642683338654929	0.29398441010800097	0.4547305714909713	1.00251201024332	0.3435494396039452	1.0	False	False	False	False
sp|P19827|ITIH1_HUMAN	psvid_43385_sp|P19827|ITIH1_HUMAN	-0.256143276023431	-0.7757333713657163	0.2634468193188543	0.23291867613464687	-1.0997111965180428	0.29744551082850473	1.0	0.21116064238352308	-12.447196273469753	0.2064930253594149	0.4544150364583185	0.21145512566217628	-1.2113363306815705	0.25809593099476785	1.0	False	False	False	False
sp|O75911|DHRS3_HUMAN	psvid_43424_sp|O75911|DHRS3_HUMAN	0.3346526219806538	-0.3443518745509464	1.013657118512254	0.3043799907645044	1.0994567058764748	0.29755118202571174	1.0	0.4679187375034851	-11.745244216037069	0.13369732125537717	0.36564644296830945	0.3251538032346548	1.0292133096753107	0.331538915511817	1.0	False	False	False	False
sp|P0CF74|IGLC6_HUMAN	psvid_30849_sp|P0CF74|IGLC6_HUMAN	-0.581467587332245	-1.7633477650902705	0.6004125904257804	0.529806031371394	-1.0975103205735992	0.298360332103938	1.0	0.8982055299011287	-12.284228349673626	0.18517032875223954	0.4303142209505044	0.5580472478545159	-1.0419683809350762	0.32591589649485836	1.0	False	False	False	False
sp|Q8WW59|SPRY4_HUMAN	psvid_1265238_sp|Q8WW59|SPRY4_HUMAN	-0.5226649334677869	-1.585481967470967	0.5401521005353933	0.4764331321025214	-1.0970373348327862	0.2985572179136613	1.0	0.6332828503651089	-14.276980278475104	0.5351281537270454	0.7315245407551584	0.41163713960926146	-1.2697224889958092	0.23756235610958326	1.0	False	False	False	False
sp|Q96KK5|H2A1H_HUMAN	psvid_48116_sp|Q96KK5|H2A1H_HUMAN	-0.3599179941438644	-1.0935510860662065	0.3737150977784778	0.32886856402940623	-1.094412885603994	0.2996514984440074	1.0	0.542995322199378	-10.889437525992324	0.09590092739850978	0.30967874870341	0.363706621359859	-0.9895832877558585	0.34948181445119764	1.0	False	False	False	False
sp|Q99878|H2A1J_HUMAN	psvid_48120_sp|Q99878|H2A1J_HUMAN	-0.3599179941438644	-1.0935510860662065	0.3737150977784778	0.32886856402940623	-1.094412885603994	0.2996514984440074	1.0	0.542995322199378	-10.889437525992324	0.09590092739850978	0.30967874870341	0.363706621359859	-0.9895832877558585	0.34948181445119764	1.0	False	False	False	False
sp|P61803|DAD1_HUMAN	psvid_89287_sp|P61803|DAD1_HUMAN	0.282625323991442	-0.2936097801562799	0.858860428139164	0.25831115489601786	1.094127445271234	0.29977070092573355	1.0	0.33738248110872304	-12.09152654932055	0.16353394306650845	0.40439330245011285	0.2625663069924664	1.0763960053699926	0.31110515648151416	1.0	False	False	False	False
sp|Q9BTM1|H2AJ_HUMAN	psvid_48122_sp|Q9BTM1|H2AJ_HUMAN	-0.359362050425752	-1.092088546745734	0.37336444589423	0.3284621608870366	-1.09407442688457	0.29979284591406646	1.0	0.5420227200724455	-10.900166380274277	0.09616544482963625	0.31010553821180986	0.3631986222010969	-0.9894367116480396	0.3495495097567791	1.0	False	False	False	False
sp|P0C0S8|H2A1_HUMAN	psvid_48117_sp|P0C0S8|H2A1_HUMAN	-0.3586955082697574	-1.091762976860265	0.37437196032075026	0.32861500985502384	-1.0915372016269258	0.3008540825040353	1.0	0.5421668341708042	-10.910925008309999	0.09643472270157406	0.3105394060366157	0.3632738816659934	-0.9873969100799668	0.35049260142487443	1.0	False	False	False	False
sp|P20671|H2A1D_HUMAN	psvid_48113_sp|P20671|H2A1D_HUMAN	-0.3586955082697574	-1.091762976860265	0.37437196032075026	0.32861500985502384	-1.0915372016269258	0.3008540825040353	1.0	0.5421668341708042	-10.910925008309999	0.09643472270157406	0.3105394060366157	0.3632738816659934	-0.9873969100799668	0.35049260142487443	1.0	False	False	False	False
sp|P51149|RAB7A_HUMAN	psvid_80050_sp|P51149|RAB7A_HUMAN	0.2003559906236001	-0.20996512482567453	0.6106771060728747	0.18393624485389387	1.0892686799317282	0.30180537837450677	1.0	0.2364596428188211	-10.134253521176733	0.08568290580486645	0.2927164255809135	0.22062611793979237	0.9081245343684836	0.38862591327041385	1.0	False	False	False	False
sp|Q9NX14|NDUBB_HUMAN	psvid_89575_sp|Q9NX14|NDUBB_HUMAN	0.2766996395937307	-0.2903574792694201	0.8437567584568815	0.25419690367909015	1.0885248230365898	0.3021178156051752	1.0	0.3070207271886639	-12.265069987040416	0.18284808723416426	0.42760739847921747	0.2491883003089999	1.1104038161126184	0.2969955087104527	1.0	False	False	False	False
sp|P50151|GBG10_HUMAN	psvid_93521_sp|P50151|GBG10_HUMAN	-0.418489771770695	-1.2766017746072373	0.4396222310658472	0.38466921034026086	-1.0879211554273294	0.3023715529993925	1.0	0.4949454063072883	-13.370162358517522	0.3740867979163262	0.6116263548248442	0.33886717821422463	-1.2349669684035751	0.24961560414083872	1.0	False	False	False	False
sp|Q3ZCM7|TBB8_HUMAN	psvid_34265_sp|Q3ZCM7|TBB8_HUMAN	0.2543540785519598	-0.26732694692828385	0.7760351040322034	0.233855985532938	1.0876526336168322	0.30248447246535937	1.0	0.3536067572943985	-9.842960061580492	0.08536687281289884	0.2921760989761121	0.2699332278032341	0.9422851740852348	0.37183820096527587	1.0	False	False	False	False
sp|P61513|RL37A_HUMAN	psvid_82606_sp|P61513|RL37A_HUMAN	0.3162032278739235	-0.33290545568677266	0.9653119114346197	0.2909784782230368	1.086689399865346	0.30288980086118167	1.0	0.4701878205792755	-10.590281053957202	0.09001072789441668	0.300017879291246	0.32629718021537674	0.9690651560801397	0.3590538264342312	1.0	False	False	False	False
sp|P31327|CPSM_HUMAN	psvid_70920_sp|P31327|CPSM_HUMAN	0.29414234088842406	-0.31132518592949265	0.8996098677063408	0.2714152868831083	1.0837353498629712	0.3041354685507146	1.0	0.43336807269199384	-9.936193847093067	0.0852764521589852	0.2920213214116141	0.30794231627697627	0.9551864922125872	0.36563808214939686	1.0	False	False	False	False
sp|P51572|BAP31_HUMAN	psvid_40168_sp|P51572|BAP31_HUMAN	-0.24999981966325402	-0.7716300815594611	0.2716304422329531	0.2338332295433692	-1.0691372656976728	0.31034899890963275	1.0	0.35355313555860307	-9.84078293213614	0.08537108978973837	0.29218331538562975	0.26990864901097605	-0.926238638811043	0.3796569354869794	1.0	False	False	False	False
sp|Q9Y2B0|CNPY2_HUMAN	psvid_64909_sp|Q9Y2B0|CNPY2_HUMAN	-0.24999981966325402	-0.7716300815594611	0.2716304422329531	0.2338332295433692	-1.0691372656976728	0.31034899890963275	1.0	0.35355313555860307	-9.84078293213614	0.08537108978973837	0.29218331538562975	0.26990864901097605	-0.926238638811043	0.3796569354869794	1.0	False	False	False	False
sp|P08603|CFAH_HUMAN	psvid_25506_sp|P08603|CFAH_HUMAN	-0.1898682341388569	-0.5861175038350249	0.20638103555731113	0.17762820374039767	-1.0689081471338187	0.31044728867417454	1.0	0.1316711020496007	-11.739194047559106	0.13327154003648686	0.36506374790779605	0.1875564322324712	-1.0123259004176421	0.3390973007464038	1.0	False	False	False	False
sp|B9A064|IGLL5_HUMAN	psvid_30844_sp|B9A064|IGLL5_HUMAN	-0.6810151800841293	-2.1051315800214576	0.7431012198531988	0.6383942063339926	-1.0667627828186124	0.31136878357801334	1.0	1.0752832166414665	-12.962569915394916	0.2920655086953894	0.5404308546848425	0.6585590487035349	-1.0340988882087376	0.3293764175234051	1.0	False	False	False	False
sp|Q9HBR0|S38AA_HUMAN	psvid_26541_sp|Q9HBR0|S38AA_HUMAN	-0.5025787833986843	-1.5539155277453953	0.5487579609480266	0.4712868179360329	-1.0663968612567871	0.31152616537959604	1.0	0.5922669252516208	-15.311328619957372	0.5874866583373682	0.7664767826473078	0.38968665840579403	-1.2896997435188862	0.23085656020704037	1.0	False	False	False	False
sp|Q10589|BST2_HUMAN	psvid_44089_sp|Q10589|BST2_HUMAN	0.4112920567794931	-0.452789115703378	1.2753732292623643	0.38734503327089265	1.0618234944343612	0.3134982763529041	1.0	0.5224759198354328	-13.212480584313266	0.34160815542809303	0.5844725446315618	0.3530329537358885	1.1650245463690891	0.27539919322471856	1.0	False	False	False	False
sp|P0DOY2|IGLC2_HUMAN	psvid_30853_sp|P0DOY2|IGLC2_HUMAN	-0.39315834791757354	-1.2194988391951216	0.4331821433599745	0.3704268710858095	-1.0613656260009774	0.3136962390895509	1.0	0.6115219499186331	-11.558172091894738	0.12183930018911601	0.3490548670182326	0.3999580968891726	-0.9829988465679612	0.3525325106430588	1.0	False	False	False	False
sp|P0DOY3|IGLC3_HUMAN	psvid_166891_sp|P0DOY3|IGLC3_HUMAN	-0.39315834791757354	-1.2194988391951216	0.4331821433599745	0.3704268710858095	-1.0613656260009774	0.3136962390895509	1.0	0.6115219499186331	-11.558172091894738	0.12183930018911601	0.3490548670182326	0.3999580968891726	-0.9829988465679612	0.3525325106430588	1.0	False	False	False	False
sp|Q7L576|CYFP1_HUMAN	psvid_40213_sp|Q7L576|CYFP1_HUMAN	-0.40348245906780056	-1.2532948108433664	0.44632989270776524	0.3809486934273496	-1.0591517073801129	0.31465478505349803	1.0	0.38883703670796943	-14.058211953591709	0.5034319591104737	0.7095293927036946	0.2863854529963938	-1.4088790294557358	0.19409096094595876	1.0	False	False	False	False
sp|O43674|NDUB5_HUMAN	psvid_27616_sp|O43674|NDUB5_HUMAN	-0.35296090683602044	-1.0974833834989288	0.39156156982688795	0.33374999094733593	-1.0575607982314998	0.3153449647474195	1.0	0.35889580667416093	-13.33513719743557	0.3668540519449462	0.605684779357172	0.2723648416885349	-1.2959121472794635	0.22880387614184872	1.0	False	False	False	False
sp|O75380|NDUS6_HUMAN	psvid_88323_sp|O75380|NDUS6_HUMAN	0.3188515511453991	-0.35386301717803936	0.9915661194688375	0.3015603801438248	1.057339001208738	0.3154412776375661	1.0	0.48045262603274747	-11.239522390630123	0.10681677648985825	0.32682835937209953	0.331488184937406	0.9618790823739524	0.36245195050098816	1.0	False	False	False	False
sp|P17568|NDUB7_HUMAN	psvid_50327_sp|P17568|NDUB7_HUMAN	-0.5224210942084531	-1.6249744209031578	0.5801322324862517	0.4942458748225529	-1.057006483657584	0.3155857115524447	1.0	0.7794682237676761	-13.035291718361151	0.3060899098882862	0.5532539289406685	0.491641972080531	-1.0626047487314212	0.31697414707857646	1.0	False	False	False	False
sp|Q71U36|TBA1A_HUMAN	psvid_8301_sp|Q71U36|TBA1A_HUMAN	0.24999981966325535	-0.2782360531257452	0.7782356924522559	0.23679435247085015	1.055767661072199	0.3161242546950049	1.0	0.35355313555860307	-9.090783473146375	0.0924315012039812	0.3040254943322701	0.26990864901097605	0.926238638811048	0.37965693548697693	1.0	False	False	False	False
sp|P40763|STAT3_HUMAN	psvid_52586_sp|P40763|STAT3_HUMAN	-0.3514266549087677	-1.094819091060585	0.3919657812430497	0.333243423285286	-1.0545644125373037	0.31664800075900196	1.0	0.4157728992785639	-12.991450893540481	0.29758890868425786	0.5455171021006197	0.29933324780764814	-1.1740314765655262	0.27196229767447333	1.0	False	False	False	False
sp|Q86UP2|KTN1_HUMAN	psvid_53602_sp|Q86UP2|KTN1_HUMAN	-0.6029185790271594	-1.8815132483673593	0.6756760903130405	0.5731606132702577	-1.0519190695730347	0.31780177159709466	1.0	0.9100421145094824	-16.950004648743402	0.3946215463270887	0.6281891007706905	0.5647178346109925	-1.0676457198177238	0.3148190260942292	1.0	False	False	False	False
sp|P30043|BLVRB_HUMAN	psvid_70183_sp|P30043|BLVRB_HUMAN	-0.18079425497930446	-0.5645908067794163	0.20300229682080745	0.17204597537879485	-1.0508484989622597	0.3182696076613845	1.0	0.15161553799637448	-11.422118186988385	0.11471973888098408	0.3387030246115084	0.19275492184378495	-0.9379488380889499	0.373939384654241	1.0	False	False	False	False
sp|A1L0T0|HACL2_HUMAN	psvid_67259_sp|A1L0T0|HACL2_HUMAN	0.16505524509493963	-0.18550229305893762	0.5156127832488169	0.15714579324695047	1.0503319349793836	0.31849553109195816	1.0	0.15937103314779572	-10.22816713004752	0.0861713371566453	0.29354954804367406	0.194931823617578	0.8467331912861444	0.420149994507344	1.0	False	False	False	False
sp|P35754|GLRX1_HUMAN	psvid_65892_sp|P35754|GLRX1_HUMAN	-0.5211650557522516	-1.6307881324333047	0.5884580209288015	0.49741505918958434	-1.0477468386288145	0.3196279690910919	1.0	0.8087521744149055	-12.733058510218939	0.2507049774329073	0.5007044811392318	0.5079235978101165	-1.0260697829343328	0.3329360582486187	1.0	False	False	False	False
sp|Q9BVT8|TMUB1_HUMAN	psvid_80494_sp|Q9BVT8|TMUB1_HUMAN	-0.5302599043701752	-1.6606949476853585	0.6001751389450081	0.5067445205469775	-1.0464048112406137	0.3202170633769344	1.0	0.8213050226427144	-12.825555370460744	0.26679627874625406	0.5165232606052258	0.5149236769352056	-1.0297834963159005	0.33128597631286066	1.0	False	False	False	False
sp|Q5TEC6|H37_HUMAN	psvid_93838_sp|Q5TEC6|H37_HUMAN	-0.4195885600672158	-1.3153623833028045	0.47618526316837284	0.40155202128450723	-1.0449170663492422	0.3208710808151568	1.0	0.5726117896067006	-13.076582225936374	0.3142146856563275	0.5605485578041633	0.3792676876492991	-1.1063124377081144	0.29866583785523687	1.0	False	False	False	False
sp|Q96PC5|MIA2_HUMAN	psvid_160167_sp|Q96PC5|MIA2_HUMAN	0.20084673957113042	-0.22863891898214178	0.6303323981244027	0.19252720924779348	1.0432122314338916	0.3216217723495208	1.0	0.12884459054640915	-12.079827718396743	0.16234121787922423	0.4029158942995724	0.18686827327205038	1.0748038500828314	0.3117783602458441	1.0	False	False	False	False
sp|A0A096LP55|QCR6L_HUMAN	psvid_766_sp|A0A096LP55|QCR6L_HUMAN	-0.3140164492530584	-0.9856063883901808	0.357573489884064	0.3010562382374119	-1.0430491362395424	0.3216936576693325	1.0	0.43739556903749294	-12.114051755591916	0.16586865982913418	0.40726976296937906	0.30992844055829033	-1.0131901695998087	0.3387073237649928	1.0	False	False	False	False
sp|P22760|AAAD_HUMAN	psvid_96490_sp|P22760|AAAD_HUMAN	-0.1836759849649643	-0.5766567394476562	0.20930476951772758	0.17616301369294823	-1.0426478357432687	0.32187058525338275	1.0	0.21556393719998332	-10.196174154638683	0.08598290893567508	0.29322842450157366	0.21300414919380475	-0.8623117702643631	0.4119858294748661	1.0	False	False	False	False
sp|Q9NZJ7|MTCH1_HUMAN	psvid_45889_sp|Q9NZJ7|MTCH1_HUMAN	-0.6234756347559207	-1.957450216621087	0.7104989471092455	0.597985982393721	-1.0426258359103424	0.3218802867853469	1.0	0.9729810021953227	-13.302990955833135	0.36021617590569355	0.6001801195522004	0.6003141850155495	-1.0385822129786444	0.3274014889798162	1.0	False	False	False	False
sp|Q6NXT2|H3C_HUMAN	psvid_65781_sp|Q6NXT2|H3C_HUMAN	-0.41873391538399574	-1.3151326468942113	0.4776648161262197	0.40183215135114325	-1.0420617513457324	0.322129113371583	1.0	0.5744628646488582	-13.065885075431183	0.3120994452706798	0.5586586124554779	0.38024593518151584	-1.101218649935356	0.3007557551606369	1.0	False	False	False	False
sp|Q96RQ1|ERGI2_HUMAN	psvid_42509_sp|Q96RQ1|ERGI2_HUMAN	0.6616333671707868	-0.7590833192812465	2.08235005362282	0.636870203526144	1.038882591001333	0.32353420624969403	1.0	1.0011864083580253	-14.154402115912053	0.5181138600113031	0.719801264246808	0.6163289928194995	1.073506803799761	0.3123276230249553	1.0	False	False	False	False
sp|P48448|AL3B2_HUMAN	psvid_95892_sp|P48448|AL3B2_HUMAN	-0.47400254753227244	-1.4956409889141704	0.5476358938496255	0.45797384397440827	-1.034999168115723	0.3252568237435908	1.0	0.611605814935689	-13.970515085972	0.48911472186333693	0.699367372604225	0.4000029665136842	-1.184997580551835	0.2678247540512237	1.0	False	False	False	False
sp|P05186|PPBT_HUMAN	psvid_55825_sp|P05186|PPBT_HUMAN	0.8452538966933685	-0.9777640678882418	2.6682718612749787	0.8172113646629614	1.034314907064432	0.3255610638546458	1.0	1.4007898141875514	-13.374900784627517	0.3750646670602663	0.6124252338532976	0.8460069652926611	0.9991098553201249	0.34510311539982996	1.0	False	False	False	False
sp|Q15303|ERBB4_HUMAN	psvid_23246_sp|Q15303|ERBB4_HUMAN	0.3313820578117621	-0.3841420164248822	1.0469061320484063	0.3207507641266328	1.0331450299551963	0.3260817171830268	1.0	0.40520303555239245	-17.759723069700193	0.2695004285801189	0.5191343068803284	0.29421748275239706	1.1263166780970708	0.2905691570809469	1.0	False	False	False	False
sp|Q8NBK3|SUMF1_HUMAN	psvid_69945_sp|Q8NBK3|SUMF1_HUMAN	-0.5658723218355646	-1.788474233962507	0.6567295902913779	0.5480605218709995	-1.0324996952959833	0.32636919091502226	1.0	0.7799915896512724	-15.255541762148157	0.5890176504295868	0.7674748532880975	0.4919323349242343	-1.1503051978128622	0.28109113726402635	1.0	False	False	False	False
sp|P00747|PLMN_HUMAN	psvid_23689_sp|P00747|PLMN_HUMAN	-0.189731906109309	-0.5997630729440795	0.22029926072546152	0.18380626845895723	-1.0322384959992534	0.32648560009219724	1.0	0.22059322020370317	-10.915838602195633	0.09655905627207538	0.3107395312348839	0.21479836371342878	-0.8833023810294852	0.40116242803409047	1.0	False	False	False	False
sp|Q13155|AIMP2_HUMAN	psvid_87848_sp|Q13155|AIMP2_HUMAN	-0.5669284614791898	-1.7925406981066072	0.6586837751482275	0.5494099717617339	-1.031886006111759	0.3266427443848111	1.0	0.7998590838551802	-14.38481748986218	0.5483978566693906	0.7405388961218652	0.5029717620074653	-1.127157634489181	0.29023263644057795	1.0	False	False	False	False
sp|P00966|ASSY_HUMAN	psvid_69598_sp|P00966|ASSY_HUMAN	0.16629632769777247	-0.19333787326561191	0.5259305286611569	0.16121462424327324	1.0315213553258724	0.3268053699601341	1.0	0.15717183589752978	-10.797862483093366	0.0938013816694178	0.30627011226924805	0.1943060023760557	0.8558476097713447	0.41535988493472176	1.0	False	False	False	False
sp|P00387|NB5R3_HUMAN	psvid_29323_sp|P00387|NB5R3_HUMAN	0.3962403847312763	-0.4616435672557727	1.2541243367183252	0.3845669810975723	1.0303546695568808	0.32732609270869495	1.0	0.6572157114239296	-9.517662829938875	0.08704253675178247	0.2950297218108414	0.42456156588020266	0.9332931112353263	0.3762049844512107	1.0	False	False	False	False
sp|Q9Y265|RUVB1_HUMAN	psvid_26087_sp|Q9Y265|RUVB1_HUMAN	-0.582126855230988	-1.8459436801178588	0.6816899696558829	0.566536091369151	-1.0275194539224477	0.32859412068737426	1.0	0.8355248777360748	-14.451863115323938	0.5557990290552445	0.7455193015980501	0.5228675395299315	-1.1133352354486028	0.29580328567974645	1.0	False	False	False	False
sp|P55061|BI1_HUMAN	psvid_39659_sp|P55061|BI1_HUMAN	0.47686145796985535	-0.5591865799610123	1.512909495900723	0.4644332899528953	1.0267598561210385	0.3289344698905303	1.0	0.5791100733286721	-14.722305985660096	0.5786249838319083	0.7606740325736828	0.3827046572491985	1.24602993179502	0.24572516088359833	1.0	False	False	False	False
sp|P26583|HMGB2_HUMAN	psvid_79104_sp|P26583|HMGB2_HUMAN	0.6227185680840819	-0.73039299767788	1.9758301338460438	0.6065645927144496	1.0266319128476347	0.32899182279612504	1.0	0.9231546290271715	-14.467415609792845	0.5574199561764311	0.7466056229204486	0.5721167219175181	1.0884467176504922	0.306046535178831	1.0	False	False	False	False
sp|P04626|ERBB2_HUMAN	psvid_44554_sp|P04626|ERBB2_HUMAN	0.3315456039305067	-0.3896662454610592	1.0527574533220725	0.32330044525241164	1.0255030848214817	0.3294981654278676	1.0	0.40499371458941297	-17.69999473608576	0.27808004285429794	0.5273329525587207	0.2941166160504978	1.1272590048893483	0.29019209257930534	1.0	False	False	False	False
sp|Q9NQR4|NIT2_HUMAN	psvid_90393_sp|Q9NQR4|NIT2_HUMAN	-0.4867842507084257	-1.5465568662616096	0.5729883648447582	0.47506839878421997	-1.0246614002408676	0.3298760880082416	1.0	0.7753026892550117	-12.552918384477291	0.22184087732690114	0.4709998697737624	0.48933177847366516	-0.9947938640462187	0.3470817308045163	1.0	False	False	False	False
sp|Q9NQH7|XPP3_HUMAN	psvid_32520_sp|Q9NQH7|XPP3_HUMAN	0.37349551315401097	-0.4402529458615345	1.1872439721695565	0.3647821917306761	1.0238863673196197	0.33022437055383563	1.0	0.2407655407131568	-15.37207289619597	0.5852852326746186	0.7650393667482861	0.2222496980979504	1.6805220270283705	0.12883441046488475	1.0	False	False	False	False
sp|Q86WU2|LDHD_HUMAN	psvid_83402_sp|Q86WU2|LDHD_HUMAN	-0.6688187327019208	-2.1269533171937596	0.7893158517899181	0.6536436704441987	-1.0232161083230709	0.3305257919922639	1.0	1.0357575919105022	-14.166061830171188	0.5198163813146316	0.7209829272005209	0.6360052148156755	-1.0515931585494236	0.3217215796773303	1.0	False	False	False	False
sp|O60220|TIM8A_HUMAN	psvid_69186_sp|O60220|TIM8A_HUMAN	0.2621373496597674	-0.3097175815578712	0.8339922808774061	0.2563476377134131	1.0225853922353167	0.33080961867395886	1.0	0.3893473302910764	-11.057160025649662	0.10051451152639347	0.31704023644703755	0.28662795004016595	0.9145561332139222	0.38542403649812135	1.0	False	False	False	False
sp|P49638|TTPA_HUMAN	psvid_48776_sp|P49638|TTPA_HUMAN	0.5605731621661163	-0.662445148119903	1.7835914724521356	0.5482471822958739	1.0224825229718928	0.33085592786252416	1.0	0.8234437234131684	-13.935881596467596	0.4832335880132043	0.69515004712163	0.5161175061347779	1.086134757110388	0.30701202195991334	1.0	False	False	False	False
sp|Q969Z3|MARC2_HUMAN	psvid_89237_sp|Q969Z3|MARC2_HUMAN	0.19673068535198945	-0.23323513064179796	0.6266965013457768	0.19274245129413645	1.0206920376444042	0.331662737016272	1.0	0.24655126888837406	-10.852279691588638	0.09501530286700759	0.30824552367716157	0.2244582841492017	0.8764688106642516	0.40466369994625234	1.0	False	False	False	False
sp|Q9ULC5|ACSL5_HUMAN	psvid_49819_sp|Q9ULC5|ACSL5_HUMAN	-0.25809112496608444	-0.8225866480513716	0.3064043981192027	0.25304860716089145	-1.0199270719636362	0.33200788579056967	1.0	0.39492865447261155	-9.901775182539108	0.08528923048876261	0.2920431996961453	0.28928754817242447	-0.8921611960023044	0.39665559254265015	1.0	False	False	False	False
sp|P30838|AL3A1_HUMAN	psvid_72865_sp|P30838|AL3A1_HUMAN	-0.4753716753379682	-1.515518660653145	0.5647753099772086	0.46627074106456423	-1.019518561796576	0.3321923135160095	1.0	0.6129687907854426	-14.205215724221407	0.5254064392799074	0.7248492527966814	0.40073234516723616	-1.1862573138177381	0.26735274153778515	1.0	False	False	False	False
sp|P43353|AL3B1_HUMAN	psvid_67272_sp|P43353|AL3B1_HUMAN	-0.47543030671885855	-1.51823883180385	0.5673782183661329	0.4674638398653729	-1.0170418889636041	0.33331208185128014	1.0	0.6125564526789653	-14.252019633459835	0.5318253202469224	0.7292635464953136	0.40051165673879013	-1.1870573520633625	0.267053324331293	1.0	False	False	False	False
sp|Q15185|TEBP_HUMAN	psvid_44918_sp|Q15185|TEBP_HUMAN	0.5790839507994159	-0.6914540593007303	1.849621960899562	0.5695490232475012	1.0167411884890043	0.3334482279958962	1.0	0.9347223266086522	-13.024106427882204	0.30390821370832183	0.5512787078314578	0.5786517063243776	1.0007469855706188	0.3443548203096828	1.0	False	False	False	False
sp|Q13733|AT1A4_HUMAN	psvid_47339_sp|Q13733|AT1A4_HUMAN	0.356463118719045	-0.42670474486264076	1.139630982300731	0.3510737090869267	1.0153512196801495	0.33407809423987184	1.0	0.20815605994406752	-14.473184457378327	0.5580119027168106	0.7470019429136785	0.21041011393567974	1.6941349065948998	0.12616038051170558	1.0	False	False	False	False
sp|P20962|PTMS_HUMAN	psvid_26160_sp|P20962|PTMS_HUMAN	0.22564539122698113	-0.2701571006132795	0.7214478830672417	0.22225531444670407	1.0152530740995622	0.3341226025676556	1.0	0.27773639425095886	-11.720857386340647	0.13199947648604976	0.3633173220286225	0.23686009199410546	0.952652636952436	0.36684975196839004	1.0	False	False	False	False
sp|Q9BX93|PG12B_HUMAN	psvid_72380_sp|Q9BX93|PG12B_HUMAN	-0.24184820384320282	-0.7737387446150829	0.2900423369286772	0.23843264472452216	-1.0143250481603594	0.3345436744136446	1.0	0.2842969746640208	-12.097074583710278	0.16410431271978781	0.4050979051041709	0.23956825865309966	-1.0095168917740667	0.3403671382057346	1.0	False	False	False	False
sp|A6NKH3|RL37L_HUMAN	psvid_88664_sp|A6NKH3|RL37L_HUMAN	0.4773860015624818	-0.5737835189430953	1.528555522068059	0.47121185585333697	1.0131026960218643	0.3350988940136332	1.0	0.7555783839525914	-12.726804274061859	0.2496471102428683	0.4996469856237184	0.47841358742496737	0.9978520972449455	0.34567884027427376	1.0	False	False	False	False
sp|Q8WWI5|CTL1_HUMAN	psvid_80849_sp|Q8WWI5|CTL1_HUMAN	0.5668973325718616	-0.6867108425728301	1.8205055077165533	0.5619598201807937	1.0087862374030219	0.337065018002943	1.0	0.8118660651501224	-15.238457590018971	0.5893910054142095	0.7677180507283969	0.5096589317845153	1.1123072651487385	0.29622093465685406	1.0	False	False	False	False
sp|Q9HD45|TM9S3_HUMAN	psvid_26171_sp|Q9HD45|TM9S3_HUMAN	-0.35771482281863465	-1.1491777584451204	0.4337481128078512	0.3547921733464187	-1.0082376379519575	0.3373155155191968	1.0	0.47654708354127095	-12.94935634576675	0.2895599159727331	0.5381077178156183	0.32950956760002115	-1.0855976821069147	0.30723664825348906	1.0	False	False	False	False
sp|Q86VP6|CAND1_HUMAN	psvid_33136_sp|Q86VP6|CAND1_HUMAN	-0.5862777458326853	-1.889065694072777	0.7165102024074064	0.5840058286491362	-1.0038902303232218	0.33930549204497384	1.0	0.861496227863871	-15.016572751700354	0.5900578978879307	0.7681522621771876	0.5374130702347294	-1.0909257297680033	0.30501393163366824	1.0	False	False	False	False
sp|P19652|A1AG2_HUMAN	psvid_91368_sp|P19652|A1AG2_HUMAN	0.23752360590118604	-0.2905087563868758	0.7655559681892479	0.2367031240258065	1.0034662908601497	0.33950001083974735	1.0	0.3598192135000445	-9.847021039017175	0.08535926227464866	0.29216307479667697	0.27279083019991596	0.8707169728803414	0.4076274403334132	1.0	False	False	False	False
sp|P14927|QCR7_HUMAN	psvid_93676_sp|P14927|QCR7_HUMAN	-0.2501166806333277	-0.8078298752929158	0.3075965140262604	0.25000826637652074	-1.000433642688613	0.3408939123751524	1.0	0.3884777084338016	-9.902565116631424	0.08528866575223346	0.2920422328229831	0.28621476404548024	-0.8738776333480252	0.40599696176748284	1.0	False	False	False	False
sp|O14735|CDIPT_HUMAN	psvid_34903_sp|O14735|CDIPT_HUMAN	-0.41880684271508084	-1.3541660270394478	0.516552341609286	0.4192971053070121	-0.9988307513080199	0.34163236286492177	1.0	0.5945325256814964	-13.247497154336031	0.348785581695097	0.5905807156478249	0.39089200681219466	-1.071413166338543	0.3132158093797635	1.0	False	False	False	False
sp|Q8TDB6|DTX3L_HUMAN	psvid_47508_sp|Q8TDB6|DTX3L_HUMAN	0.5334870412113797	-0.6603281722566432	1.7273022546794026	0.5351561963227891	0.996880994515473	0.3425322092808661	1.0	0.7643026639917766	-14.447573328170806	0.5553455214285905	0.7452150840050076	0.4832385043086318	1.1039828913770817	0.299620195995366	1.0	False	False	False	False
sp|Q16563|SYPL1_HUMAN	psvid_84043_sp|Q16563|SYPL1_HUMAN	-0.6017259285975705	-1.9490805126528434	0.7456286554577025	0.6039838880981115	-0.996261556731834	0.34281845714398257	1.0	0.9143982459070304	-14.55952317340352	0.5662616634915926	0.7525035969957835	0.5671747717165672	-1.060918007295059	0.31769781354938825	1.0	False	False	False	False
sp|Q2TAA5|ALG11_HUMAN	psvid_23458_sp|Q2TAA5|ALG11_HUMAN	-0.5313271810971201	-1.7243659451300255	0.6617115829357854	0.5348081343098019	-0.9934912111664603	0.34410082326805963	1.0	0.8739338859963104	-12.887916298088374	0.2780965790533398	0.5273486314131666	0.5443948190534986	-0.9759960280681981	0.355798864169737	1.0	False	False	False	False
sp|ANT3_HUMAN|,sp|P01008|ANT3_HUMAN	psvid_26970_sp|ANT3_HUMAN|	0.14712998919686227	-0.18408933623509793	0.47834931462882246	0.14847697729688525	0.9909279665807741	0.34529047595818235	1.0	0.117093282489999	-10.631847689147378	0.09066884315732987	0.301112675185436	0.18414247474306936	0.7990008247806492	0.4458592406447971	1.0	False	False	False	False
sp|Q8NHP1|ARK74_HUMAN	psvid_418942_sp|Q8NHP1|ARK74_HUMAN	-0.5391718789420912	-1.7538430219967562	0.6754992641125739	0.5445053651241651	-0.9902048969143623	0.3456266149155739	1.0	0.8201196742173877	-13.865381215009597	0.47089404653039124	0.6862172006955168	0.5142621587157529	-1.0484377856783094	0.3230920292104417	1.0	False	False	False	False
sp|P14384|CBPM_HUMAN	psvid_29039_sp|P14384|CBPM_HUMAN	0.5008974354224058	-0.6280783875785327	1.6298732584233444	0.5060903901722275	0.989739076554972	0.3458432921469264	1.0	0.6809119859791684	-14.887526581929388	0.5867887653859347	0.7660213870290664	0.43743343180819333	1.1450826548667645	0.28313324177273125	1.0	False	False	False	False
sp|P61960|UFM1_HUMAN	psvid_165824_sp|P61960|UFM1_HUMAN	-0.4168088644569976	-1.3578198208518861	0.524202091937891	0.4218306471898948	-0.9880952634277504	0.3466087149608555	1.0	0.5782826644744611	-13.441667139785828	0.3888016525402302	0.6235396158547026	0.38226660651177885	-1.0903616935322191	0.3052486339372153	1.0	False	False	False	False
sp|P02655|APOC2_HUMAN	psvid_102240_sp|P02655|APOC2_HUMAN	-0.14227538518314287	-0.4635905106858152	0.17903974031952946	0.14403718301215604	-0.9877684512278716	0.3467610399190016	1.0	0.09376497316910676	-10.687709603830225	0.09163081100654392	0.30270581594436524	0.1794079340106341	-0.7930272758991235	0.44915008603270745	1.0	False	False	False	False
sp|P50148|GNAQ_HUMAN	psvid_51782_sp|P50148|GNAQ_HUMAN	-0.6017800618559752	-1.9613712928149831	0.7578111691030327	0.6094692574742686	-0.9873837842942914	0.34694039372933133	1.0	0.9543488804045612	-13.94926546612694	0.4855209214109284	0.6967933132650803	0.5897553831746006	-1.0203892648111947	0.33547215610838654	1.0	False	False	False	False
sp|P33260|CP2CI_HUMAN	psvid_74061_sp|P33260|CP2CI_HUMAN	0.19604610003259193	-0.2471621302953141	0.639254330360498	0.19867867995434116	0.9867495600315331	0.34723625461632285	1.0	0.27277550315878735	-10.182050379801925	0.08590701649508486	0.2930989875367789	0.23483411514066396	0.8348280228158576	0.4264643875140224	1.0	False	False	False	False
sp|O95182|NDUA7_HUMAN	psvid_85794_sp|O95182|NDUA7_HUMAN	0.2764864310603823	-0.3495016970315725	0.9024745591523371	0.280614136755501	0.9852904570566408	0.347917620202569	1.0	0.43683257712090356	-11.22817853595594	0.10638136324928994	0.3261615600423967	0.309650469911725	0.8928984707796597	0.3962821450571831	1.0	False	False	False	False
sp|P60900|PSA6_HUMAN	psvid_16249_sp|P60900|PSA6_HUMAN	-0.6697162583394496	-2.1919920779327207	0.8525595612538217	0.6823965117692918	-0.9814180564948004	0.3497307034170587	1.0	1.1591131707823557	-13.00050011200876	0.29933238538043117	0.5471127720867346	0.7065715004270684	-0.9478393311004722	0.3691595815112358	1.0	False	False	False	False
sp|O14936|CSKP_HUMAN	psvid_47747_sp|O14936|CSKP_HUMAN	0.5800820433093725	-0.7406926865950056	1.9008567732137507	0.5920688333344135	0.979754397883885	0.35051176627352304	1.0	0.91635543242245	-16.343714230716415	0.48856719088128275	0.6989758156626613	0.5682790061624091	1.0207697926880483	0.3353018088856879	1.0	False	False	False	False
sp|P02654|APOC1_HUMAN	psvid_78187_sp|P02654|APOC1_HUMAN	0.20948944054550944	-0.2678002263498322	0.6867791074408511	0.21395649829078323	0.979121654257013	0.35080916562388176	1.0	0.3061317157916624	-10.459060979793271	0.08824024225426076	0.2970525917312636	0.2488052810018832	0.841981487297787	0.4226624362639829	1.0	False	False	False	False
sp|Q16836|HCDH_HUMAN	psvid_53988_sp|Q16836|HCDH_HUMAN	-0.23558846271352207	-0.7732368179142325	0.30205989248718834	0.2410137226284585	-0.9774898298081562	0.3515770023546525	1.0	0.3212504640587155	-11.778133156985175	0.1360657491243792	0.368870911193034	0.2553882134258774	-0.9224719479150829	0.3815094895013368	1.0	False	False	False	False
sp|Q9Y6M9|NDUB9_HUMAN	psvid_75621_sp|Q9Y6M9|NDUB9_HUMAN	-0.20683855040386456	-0.6827027352592827	0.26902563445155364	0.21331749190369273	-0.9696277063732156	0.3552936912785113	1.0	0.2856713837409173	-11.202593816079354	0.1054214714506988	0.3246867281714773	0.24013968264810193	-0.8613259921183603	0.4124991246686233	1.0	False	False	False	False
sp|Q8N0Y7|PGAM4_HUMAN	psvid_60934_sp|Q8N0Y7|PGAM4_HUMAN	-0.2690905208175911	-0.8892579679302576	0.35107692629507536	0.2780048774180903	-0.9679345316409936	0.35609785343526795	1.0	0.2964466425001635	-12.768805043201448	0.2568255670213795	0.5067796039911033	0.24466697769413806	-1.0998236188374604	0.3013301239626958	1.0	False	False	False	False
sp|Q8WXH0|SYNE2_HUMAN	psvid_29254_sp|Q8WXH0|SYNE2_HUMAN	-0.3684422210337024	-1.2179668692646657	0.4810824271972608	0.38081972343864356	-0.9674977380552208	0.35630552092340806	1.0	0.3957875790019011	-16.301483058230737	0.49457290912070806	0.7032587782038047	0.28969801356515046	-1.2718147994854754	0.23685247855440092	1.0	False	False	False	False
sp|Q16629|SRSF7_HUMAN	psvid_64230_sp|Q16629|SRSF7_HUMAN	0.3632988620115829	-0.47437075048813737	1.2009684745113032	0.3755054203893696	0.9674929902073598	0.3563077787072982	1.0	0.5553726212465447	-12.677750282487008	0.2414865071473015	0.4914127665693083	0.3701886103223374	0.9813885459502513	0.35328161793947327	1.0	False	False	False	False
sp|O15143|ARC1B_HUMAN	psvid_47209_sp|O15143|ARC1B_HUMAN	-0.6088049195974032	-2.0156453764663285	0.7980355372715222	0.6306498520352081	-0.9653612343405652	0.3573225644274964	1.0	0.9643023406932573	-14.975698089052209	0.5893168192622639	0.767669733194076	0.5953939103821209	-1.0225245992299035	0.3345171038007056	1.0	False	False	False	False
sp|Q96L21|RL10L_HUMAN	psvid_62019_sp|Q96L21|RL10L_HUMAN	0.25115986324468764	-0.329370886874672	0.8316906133640473	0.26023678084968016	0.9651205430095003	0.35743727355333216	1.0	0.3533808434162926	-11.968410833407928	0.1516495466231581	0.3894220674578652	0.26982968491212367	0.930808866809757	0.3774179751257216	1.0	False	False	False	False
sp|P00918|CAH2_HUMAN	psvid_86295_sp|P00918|CAH2_HUMAN	-0.22253731838431356	-0.7369197433494905	0.2918451065808634	0.23058421344789637	-0.9651021423225007	0.35744604409071234	1.0	0.31317187800585466	-11.50659898915217	0.11900458456742559	0.344970411147718	0.2518525714746569	-0.8836015335531596	0.4010096458249061	1.0	False	False	False	False
sp|Q9Y3B3|TMED7_HUMAN	psvid_61444_sp|Q9Y3B3|TMED7_HUMAN	-0.2025192613194231	-0.6707606917179081	0.2657221690790619	0.2099004100683688	-0.9648349960510249	0.35757339483875616	1.0	0.28714344718001983	-10.925337739125736	0.09680184163668024	0.311129943330243	0.24075324825465738	-0.8411901512755825	0.42308186084730226	1.0	False	False	False	False
sp|P47985|UCRI_HUMAN	psvid_62708_sp|P47985|UCRI_HUMAN	-0.18535519930904343	-0.6147535910951025	0.24404319247701567	0.19248808983410176	-0.9629437305383107	0.3584759210577392	1.0	0.2397135550591987	-11.027335776985073	0.09961659516767044	0.31562096756658997	0.22185143409512584	-0.8354924549622993	0.4261102612984898	1.0	False	False	False	False
sp|BID_HUMAN|,sp|P55957|BID_HUMAN	psvid_48133_sp|BID_HUMAN|	0.4017198123847825	-0.5329810153841739	1.3364206401537388	0.4190019812492493	0.9587539686257801	0.3604812062103632	1.0	0.6487532662894538	-12.69408922172041	0.24417755323010235	0.4941432517298019	0.41998251971835115	0.9565155536811009	0.3650037172873081	1.0	False	False	False	False
sp|Q9Y5M8|SRPRB_HUMAN	psvid_78879_sp|Q9Y5M8|SRPRB_HUMAN	0.14639127154662246	-0.19449975187564628	0.4872822949688912	0.15281254703170244	0.957979396261566	0.3608528190979573	1.0	0.14639145628242575	-10.066822733813531	0.08545126141474624	0.29232047724158194	0.19133661466547427	0.7650980540372131	0.46475163812416903	1.0	False	False	False	False
sp|P02585|TNNC2_HUMAN	psvid_85347_sp|P02585|TNNC2_HUMAN	0.43451396079312676	-0.5831166000023265	1.45214452158858	0.45617721573097436	0.9525113175520294	0.3634841212370938	1.0	0.6017984312164953	-14.030742881064798	0.4990391265375641	0.7064270143033632	0.3947634915701409	1.1006943906207778	0.3009715044944649	1.0	False	False	False	False
sp|Q5XKP0|MIC13_HUMAN	psvid_151646_sp|Q5XKP0|MIC13_HUMAN	-0.47436276396765287	-1.5854054428622577	0.636679914926952	0.498051429804002	-0.9524373098463519	0.36351982963263363	1.0	0.8095486543403106	-12.740320943446026	0.25193826027473465	0.5019345179151705	0.5083673950880224	-0.9331101257694118	0.3762942342521685	1.0	False	False	False	False
sp|Q9Y5U9|IR3IP_HUMAN	psvid_89719_sp|Q9Y5U9|IR3IP_HUMAN	0.2913882913911072	-0.39216678355875934	0.9749433663409738	0.30641989627912214	0.9509444227658036	0.3642406832838908	1.0	0.48108443047881133	-11.540598200831212	0.12085387882347741	0.34764044474640377	0.33180867117515717	0.878181665232273	0.40378407102939556	1.0	False	False	False	False
sp|P61026|RAB10_HUMAN	psvid_21468_sp|P61026|RAB10_HUMAN	0.214962176459788	-0.2937295625563797	0.7236539154759557	0.22803322748911267	0.9426791824452481	0.3682503246334681	1.0	0.3341408447799108	-10.721999992334837	0.09226671464743075	0.3037543656434105	0.2611117537130038	0.8232573731478198	0.4326637775887943	1.0	False	False	False	False
sp|O43819|SCO2_HUMAN	psvid_50098_sp|O43819|SCO2_HUMAN	-0.5486298441271793	-1.851427799971497	0.7541681117171384	0.5840103147968678	-0.9394180722955302	0.36984107430751245	1.0	0.9058111920941239	-13.860423056210491	0.4700085326556376	0.6855716830905705	0.562332545020185	-0.9756323886740116	0.35596909264619025	1.0	False	False	False	False
sp|Q8N1G4|LRC47_HUMAN	psvid_61917_sp|Q8N1G4|LRC47_HUMAN	-0.4143191101466299	-1.3985116757385812	0.5698734554453212	0.4411878353613087	-0.9390991249958768	0.3699969197217382	1.0	0.6872244751165707	-12.798836833080285	0.26206382809685036	0.5119217011388073	0.4408741732436449	-0.9397672517270828	0.37305721157345234	1.0	False	False	False	False
sp|Q96AG4|LRC59_HUMAN	psvid_47999_sp|Q96AG4|LRC59_HUMAN	0.15113498970062889	-0.20828697257770462	0.5105569519789623	0.16111948318113645	0.9380305020635982	0.37051941887812057	1.0	0.16252596265918884	-10.652951468499555	0.09102166090733277	0.3016979630480338	0.19584121453530223	0.7717220813772342	0.4610193897640187	1.0	False	False	False	False
sp|Q9UKS6|PACN3_HUMAN	psvid_30920_sp|Q9UKS6|PACN3_HUMAN	-0.5013560331914291	-1.6962397203421635	0.6935276539593054	0.5356351651828439	-0.9360028351019236	0.3715122955303485	1.0	0.8637926407491426	-13.05320118534334	0.30960057987771356	0.556417630811348	0.5387013848985482	-0.9306752261010944	0.37748330905819577	1.0	False	False	False	False
sp|O60725|ICMT_HUMAN	psvid_106406_sp|O60725|ICMT_HUMAN	0.4785750397687685	-0.6662586956529184	1.6234087751904553	0.5131990783485613	0.9325329291486444	0.3732158115965593	1.0	0.6970142631998281	-15.234008166896244	0.5894808304402503	0.7677765498113694	0.4462196121815267	1.072510097503467	0.31275021207223985	1.0	False	False	False	False
sp|P50579|MAP2_HUMAN	psvid_50381_sp|P50579|MAP2_HUMAN	-0.3769213706963668	-1.2793983239419187	0.5255555825491852	0.4045568594865337	-0.931689481608983	0.3736307380463116	1.0	0.6430081779084784	-12.364223269625997	0.19528421840814647	0.4419097401145923	0.4168794336030428	-0.9041495941372715	0.39061433194880363	1.0	False	False	False	False
sp|Q8IWB7|WDFY1_HUMAN	psvid_66168_sp|Q8IWB7|WDFY1_HUMAN	-0.30641208936102027	-1.0442680782043552	0.43144389948231465	0.33076157848273746	-0.9263835623429643	0.37624850970585233	1.0	0.29399987519025395	-13.605109383759743	0.42175438786802627	0.6494261989387449	0.2436317013143716	-1.2576856283806828	0.24168076151137058	1.0	False	False	False	False
sp|O76095|JTB_HUMAN	psvid_76479_sp|O76095|JTB_HUMAN	-0.4190980285878836	-1.4283146352197826	0.5901185780440155	0.4524054597209957	-0.9263770354282346	0.37625173792549854	1.0	0.5763201426726053	-14.22168018033762	0.5276975863771917	0.7264279636531015	0.3812280988875125	-1.0993366695972355	0.301530816180541	1.0	False	False	False	False
sp|Q9H1K4|GHC2_HUMAN	psvid_43470_sp|Q9H1K4|GHC2_HUMAN	-0.3945900743074122	-1.3461790143391352	0.5569988657243108	0.4265724811219723	-0.9250246834243975	0.3769210393572212	1.0	0.6972105196501505	-12.211982046497084	0.176612794236122	0.42025325011964154	0.446326886189513	-0.8840831384284275	0.400763768960488	1.0	False	False	False	False
sp|P04264|K2C1_HUMAN	psvid_22957_sp|P04264|K2C1_HUMAN	0.6058028022682231	-0.8686784631578062	2.0802840676942527	0.6609714607860814	0.9165339779538331	0.3811426306810498	1.0	1.1372494529613986	-12.609161439479074	0.2304901927583662	0.4800939415972318	0.6940279887220762	0.8728794978192402	0.4065113682637485	1.0	False	False	False	False
sp|P62263|RS14_HUMAN	psvid_4635_sp|P62263|RS14_HUMAN	0.15338425772711073	-0.22057911535031205	0.5273476308045335	0.16763801804701517	0.9149729847324556	0.38192240139269795	1.0	0.19279114470082992	-10.042474970831321	0.08539153768472049	0.29221830484198025	0.2052236040909803	0.7474006628356064	0.474820179299677	1.0	False	False	False	False
sp|O15120|PLCB_HUMAN	psvid_82679_sp|O15120|PLCB_HUMAN	-0.4911026382263084	-1.6894555767690673	0.7072503003164505	0.5371903400190315	-0.9142060116138903	0.382305945809269	1.0	0.9056116384905547	-12.433601759370088	0.20460617678726956	0.4523341428493648	0.5622200668472485	-0.8735060649475853	0.40618840227485176	1.0	False	False	False	False
sp|P00414|COX3_HUMAN	psvid_167787_sp|P00414|COX3_HUMAN	-0.4617523533284844	-1.5894297958033323	0.6659250891463635	0.5055083600758746	-0.9134415764344181	0.38268849284693435	1.0	0.6815604918145021	-14.788882447488387	0.5824511135767297	0.763184848890968	0.4377866905780577	-1.054742785165036	0.3203581038937545	1.0	False	False	False	False
sp|P13747|HLAE_HUMAN	psvid_65666_sp|P13747|HLAE_HUMAN	0.42599348500262924	-0.6149994716756404	1.4669864416808989	0.46664996794303193	0.9128758475659726	0.38297177579721026	1.0	0.7275075206131637	-12.961171592719632	0.291799706271362	0.5401848815649712	0.4629383008918753	0.9201949464581567	0.38263255316210615	1.0	False	False	False	False
sp|O95716|RAB3D_HUMAN	psvid_86907_sp|O95716|RAB3D_HUMAN	0.21892507423276708	-0.31645179260714407	0.7543019410726782	0.23999547369223867	0.9122050131391582	0.3833078818669449	1.0	0.26129706592244395	-12.300167906760148	0.1871317316952313	0.43258725327410114	0.23022150489755144	0.95093233940152	0.36767407004742253	1.0	False	False	False	False
sp|O95864|FADS2_HUMAN	psvid_64365_sp|O95864|FADS2_HUMAN	-0.4005791090487385	-1.3831168602972568	0.5819586421997798	0.4404460252891458	-0.9094851265504433	0.38467275920043836	1.0	0.5753817199550009	-13.889993472153417	0.4752560179703415	0.6893881475412393	0.38073176365243966	-1.052129470905971	0.3214890937182395	1.0	False	False	False	False
sp|Q86X29|LSR_HUMAN	psvid_45990_sp|Q86X29|LSR_HUMAN	-0.5063038107942677	-1.7485205312579677	0.7359129096694323	0.5568533284148247	-0.9092229227318177	0.38480451829361945	1.0	0.822195552770113	-14.27269549025455	0.5345672267999225	0.7311410443956231	0.5154207321998701	-0.9823116905548397	0.35285202822277123	1.0	False	False	False	False
sp|P62917|RL8_HUMAN	psvid_63227_sp|P62917|RL8_HUMAN	0.2482858768782754	-0.3614340354112192	0.85800578916777	0.27332152028388484	0.9084022239463391	0.38521713100256993	1.0	0.4350464753212688	-10.464329665653958	0.08830265272902386	0.29715762270051876	0.30876932428607223	0.8041144548680639	0.443055061679787	1.0	False	False	False	False
sp|P26641|EF1G_HUMAN	psvid_74056_sp|P26641|EF1G_HUMAN	-0.4369405099629504	-1.5116280545654346	0.6377470346395337	0.4817543721311844	-0.9069777779701584	0.3859340247767731	1.0	0.7165833171813061	-13.44050023628283	0.3885625153982013	0.6233478285822461	0.45693729832371666	-0.9562373471499813	0.36513643876838386	1.0	False	False	False	False
sp|P61204|ARF3_HUMAN	psvid_8581_sp|P61204|ARF3_HUMAN	-0.16793418952157824	-0.581735183761181	0.24586680471802452	0.1854961836753187	-0.9053242292872186	0.38676740271409776	1.0	0.229530653341466	-10.786166388000064	0.09355300804521652	0.30586436216927354	0.21805056283662894	-0.7701616878989685	0.4618967921491693	1.0	False	False	False	False
sp|P84077|ARF1_HUMAN	psvid_25700_sp|P84077|ARF1_HUMAN	-0.16793418952157824	-0.581735183761181	0.24586680471802452	0.1854961836753187	-0.9053242292872186	0.38676740271409776	1.0	0.229530653341466	-10.786166388000064	0.09355300804521652	0.30586436216927354	0.21805056283662894	-0.7701616878989685	0.4618967921491693	1.0	False	False	False	False
sp|P56537|IF6_HUMAN	psvid_40056_sp|P56537|IF6_HUMAN	0.3006677401197022	-0.4476624402842304	1.0489979205236348	0.3354568851364718	0.896293244949745	0.3913413603590008	1.0	0.449742019090192	-12.787127500012183	0.2600111332643663	0.5099128683063081	0.316051120410287	0.9513262909158031	0.3674851792527993	1.0	False	False	False	False
sp|Q5BJD5|TM41B_HUMAN	psvid_35221_sp|Q5BJD5|TM41B_HUMAN	0.26912297212037295	-0.4011062896185419	0.9393522338592878	0.3004462820795139	0.8957440586638674	0.39162073009960974	1.0	0.30779378483251524	-13.065792670559807	0.31208120392427435	0.5586422861941928	0.24952178542645354	1.0785550113807472	0.31019408510983176	1.0	False	False	False	False
sp|P24844|MYL9_HUMAN	psvid_32754_sp|P24844|MYL9_HUMAN	0.5427055767060676	-0.8097744698800526	1.8951856232921878	0.6062814991533728	0.8951379474120779	0.3919292199527387	1.0	1.0318702030757276	-12.604851823920864	0.22981563945438355	0.4793909046429475	0.6337902583736283	0.856285765733772	0.41513057496891087	1.0	False	False	False	False
sp|P48449|LSS_HUMAN	psvid_31596_sp|P48449|LSS_HUMAN	-0.15824029031359688	-0.5536254198428645	0.23714483921567076	0.17724083226146942	-0.8927981678632464	0.3931216872221323	1.0	0.21700778299521503	-10.33325586703897	0.08695513864520682	0.294881567150622	0.21351654721780944	-0.7411148802072706	0.4784302210821273	1.0	False	False	False	False
sp|P04406|G3P_HUMAN	psvid_31422_sp|P04406|G3P_HUMAN	-0.13211939632766834	-0.46229307959848626	0.19805428694314958	0.1480082432119459	-0.8926489056320672	0.3931978448494868	1.0	0.12883713157373627	-10.095156791975711	0.08553667056166073	0.292466528959573	0.18686647370607587	-0.7070256836733605	0.4983151801520661	1.0	False	False	False	False
sp|P62906|RL10A_HUMAN	psvid_90968_sp|P62906|RL10A_HUMAN	-0.29774907487426105	-1.042639454254808	0.447141304506286	0.3339149121317598	-0.8916914580825069	0.39368660637924463	1.0	0.5586972664600214	-9.614657740078389	0.0863240041054407	0.2938094690533998	0.37193503593787725	-0.8005405409669253	0.4450136449707722	1.0	False	False	False	False
sp|P33121|ACSL1_HUMAN	psvid_68886_sp|P33121|ACSL1_HUMAN	0.16096401137631333	-0.24204111035491377	0.5639691331075405	0.18065667584999576	0.890993984135777	0.39404292342947217	1.0	0.1314265649411716	-7.7243379069239015	0.13886746552492757	0.37264925268263666	0.1874964064358354	0.8584911809037689	0.41397770932290345	1.0	False	False	False	False
sp|P00367|DHE3_HUMAN	psvid_67269_sp|P00367|DHE3_HUMAN	-0.2835089035875735	-0.997245553113029	0.43022774593788193	0.3199495082883239	-0.8861051392274315	0.39654681421057114	1.0	0.5316204935252115	-10.004680730974115	0.08532362446519995	0.29210207884436556	0.3577781938083954	-0.7924152687164717	0.44948816116185203	1.0	False	False	False	False
sp|O95399|UTS2_HUMAN	psvid_89590_sp|O95399|UTS2_HUMAN	0.2525164363479542	-0.38361691047584623	0.8886497831717546	0.28516197347775657	0.8855193182608941	0.39684759474459536	1.0	0.36582691151075386	-12.449384229506595	0.2067985491201135	0.4547510847926737	0.2755726759777363	0.9163333608893617	0.38454263883519696	1.0	False	False	False	False
sp|P08519|APOA_HUMAN	psvid_882150_sp|P08519|APOA_HUMAN	-0.49464610292782396	-1.740902332228209	0.751610126372561	0.5586641347772037	-0.8854087315361487	0.39690439161939467	1.0	0.8145042502403737	-14.535710981552882	0.5641014296939768	0.7510668610010541	0.5111297448411616	-0.9677505719835184	0.3596736877834618	1.0	False	False	False	False
sp|Q16853|AOC3_HUMAN	psvid_39586_sp|Q16853|AOC3_HUMAN	0.22867726305826297	-0.3490007490506254	0.8063552751671513	0.25895797286870775	0.8830670881649311	0.39810838176126156	1.0	0.33947136520172155	-12.08690671874501	0.1630613238920758	0.403808523798193	0.26350674853502254	0.8678231746610072	0.4091242961830506	1.0	False	False	False	False
sp|P22090|RS4Y1_HUMAN	psvid_60027_sp|P22090|RS4Y1_HUMAN	-0.15076266948724548	-0.5316645987793736	0.23013925980488253	0.17074839167095873	-0.8829522082865249	0.3981675143866176	1.0	0.13660500997159744	-11.508373306109076	0.1190992646861301	0.34510761319642036	0.18878714626880308	-0.7985854570447464	0.4460875414668416	1.0	False	False	False	False
sp|P09871|C1S_HUMAN	psvid_29297_sp|P09871|C1S_HUMAN	-0.2412528921193391	-0.8509131726152588	0.3684073883765806	0.27329478890747966	-0.8827570151767953	0.3982680010328185	1.0	0.38287584996815555	-11.990255008903974	0.15365178092224183	0.39198441413178897	0.28356107390644053	-0.8507969334286666	0.4180095556330602	1.0	False	False	False	False
sp|Q14139|UBE4A_HUMAN	psvid_72001_sp|Q14139|UBE4A_HUMAN	-0.3659733950695534	-1.2913917236379033	0.5594449334987965	0.41484087917204	-0.8822018596623873	0.39855389521372503	1.0	0.4450251809160948	-14.582272592316677	0.5682426600590631	0.7538187182997402	0.31370604650877537	-1.1666124996392633	0.2747907237861059	1.0	False	False	False	False
sp|Q8IXI2|MIRO1_HUMAN	psvid_47137_sp|Q8IXI2|MIRO1_HUMAN	-0.49949255850781293	-1.7652705599913228	0.7662854429756969	0.5674152356420118	-0.8802945834590666	0.39953719419953554	1.0	0.8239432987737869	-15.036127007711325	0.5903163239863038	0.7683204565715427	0.5163964195175643	-0.9672657277028691	0.3599025052563387	1.0	False	False	False	False
sp|P05388|RLA0_HUMAN	psvid_64822_sp|P05388|RLA0_HUMAN	0.2928418787509153	-0.44950239565181593	1.0351861531536466	0.33277355973484385	0.8800034443369047	0.39968743982155797	1.0	0.5564331100824645	-9.612204142016715	0.08633989564403548	0.2938365117612777	0.3707454421800394	0.7898731728944816	0.4508942506922315	1.0	False	False	False	False
sp|P25325|THTM_HUMAN	psvid_44389_sp|P25325|THTM_HUMAN	-0.3513511289843452	-1.242187037321996	0.5394847793533057	0.3993384829372538	-0.8798328836230676	0.39977547785930606	1.0	0.5738665823422383	-13.019578119008017	0.30302740737379236	0.5504792524462592	0.37993074512969394	-0.9247767744208415	0.38037513972449155	1.0	False	False	False	False
sp|P07737|PROF1_HUMAN	psvid_30177_sp|P07737|PROF1_HUMAN	0.13276948142081846	-0.20450539341435353	0.47004435625599045	0.15119152201763267	0.8781542751142769	0.40064264216041623	1.0	0.11393459017137368	-10.88976639145174	0.09590897628124778	0.3096917439668804	0.183447808331284	0.7237452582756031	0.48849776324699545	1.0	False	False	False	False
sp|P05141|ADT2_HUMAN	psvid_70839_sp|P05141|ADT2_HUMAN	0.29334056805660635	-0.45199881942608233	1.038679955539295	0.3341161907428458	0.8779597522778457	0.40074321657998657	1.0	0.5593262334977055	-10.185868796726755	0.08592709631423497	0.29313323986582446	0.37226567743291283	0.7879871442337582	0.45193935602452595	1.0	False	False	False	False
sp|Q8NHM4|TRY6_HUMAN	psvid_33404_sp|Q8NHM4|TRY6_HUMAN	0.5594885171646875	-0.863472637910041	1.982449672239416	0.6378763402191068	0.8771112547809917	0.4011821216394286	1.0	0.9993187475644555	-14.24099900619677	0.5303401899884016	0.7282445948913054	0.6152674491338033	0.9093419747011752	0.38801836254127037	1.0	False	False	False	False
sp|Q8N5K1|CISD2_HUMAN	psvid_86080_sp|Q8N5K1|CISD2_HUMAN	-0.15490623048241092	-0.5491632660484889	0.23935080508366696	0.1767351371860301	-0.8764880201459757	0.4015047168984317	1.0	0.2169174357498739	-10.217898244129195	0.08610834685548861	0.2934422376814364	0.21348442026262215	-0.7256090645483634	0.48741104950036385	1.0	False	False	False	False
sp|O14950|ML12B_HUMAN	psvid_65538_sp|O14950|ML12B_HUMAN	0.3007215800919738	-0.4650106937722507	1.0664538539561983	0.3432577893628552	0.8760808622876822	0.40171556495331234	1.0	0.5474058494874604	-11.797796462294762	0.13752618349601348	0.37084522849298396	0.36601278196172765	0.8216149678713104	0.4335487353247097	1.0	False	False	False	False
sp|Q9Y617|SERC_HUMAN	psvid_25441_sp|Q9Y617|SERC_HUMAN	-0.24588207102652282	-0.872114610660871	0.3803504686078254	0.2807237000697301	-0.8758863999208019	0.40181629505997823	1.0	0.2894570467739948	-12.847875410792259	0.27080052380428976	0.5203849765359198	0.24172076369369247	-1.0172153491046534	0.3368955588314866	1.0	False	False	False	False
sp|P49189|AL9A1_HUMAN	psvid_53393_sp|P49189|AL9A1_HUMAN	-0.24816403066887327	-0.8808574092206894	0.3845293478829429	0.28361992549986365	-0.8749879975163896	0.4022818886410793	1.0	0.24829421896677498	-13.070538956998448	0.3130188363352446	0.5594808632431002	0.2251295717275672	-1.1023164516529194	0.30030436952354767	1.0	False	False	False	False
sp|Q9H0V9|LMA2L_HUMAN	psvid_45737_sp|Q9H0V9|LMA2L_HUMAN	-0.6296011461500597	-2.237310717322826	0.9781084250227063	0.7206942324023294	-0.8736036974395865	0.4030000292794168	1.0	1.2064509854720185	-13.49602081670562	0.39988766048925195	0.6323667136158038	0.7337762171062254	-0.8580288260540818	0.4142192164020695	1.0	False	False	False	False
sp|O60313|OPA1_HUMAN	psvid_38847_sp|O60313|OPA1_HUMAN	-0.26937158267808803	-0.9574119123633963	0.41866874700722023	0.3084305188919676	-0.8733622847888132	0.4031253591569722	1.0	0.38443169206839556	-12.760396572901609	0.2553745622706794	0.5053459827392313	0.2842967116801853	-0.9475015770886334	0.36932206511289994	1.0	False	False	False	False
sp|Q6UX07|DHR13_HUMAN	psvid_33439_sp|Q6UX07|DHR13_HUMAN	-0.5663979181691476	-2.013287026920248	0.8804911905819526	0.648602617226447	-0.873258761414157	0.4031791118074678	1.0	1.0129405169050805	-14.475285809326161	0.5582262699360854	0.7471454141839361	0.623013261451563	-0.9091265839983778	0.38812580114854645	1.0	False	False	False	False
sp|Q9P0U1|TOM7_HUMAN	psvid_151841_sp|Q9P0U1|TOM7_HUMAN	-0.41843771505920646	-1.4883101233722116	0.6514346932537987	0.47959587222903644	-0.8724798091243304	0.40358372808819865	1.0	0.7981228493104243	-12.312668622723601	0.1886886725117593	0.43438309418272636	0.5020057277149316	-0.8335317546353177	0.4271558510730726	1.0	False	False	False	False
sp|P19105|ML12A_HUMAN	psvid_29433_sp|P19105|ML12A_HUMAN	0.2983097302810549	-0.46771724205558574	1.0643367026176955	0.3433898949951014	0.8687201767696466	0.4055405725518869	1.0	0.5480267127395432	-11.789998888885274	0.13694301580118656	0.3700581248955177	0.3663377429482345	0.8143024736689707	0.437503848640025	1.0	False	False	False	False
sp|Q9UK55|ZPI_HUMAN	psvid_24559_sp|Q9UK55|ZPI_HUMAN	-0.50232221716103	-1.7926554579072422	0.7880110235851823	0.5784227084027665	-0.8684344681904391	0.4056895482965315	1.0	0.8653059167848021	-14.373567780020702	0.5470911686808168	0.73965611515137	0.5395505385499613	-0.9310012339363386	0.3773239456400934	1.0	False	False	False	False
sp|P27482|CALL3_HUMAN	psvid_32071_sp|P27482|CALL3_HUMAN	0.43254354942398887	-0.6796708114575838	1.5447579103055615	0.49857666425266023	0.8675567479122765	0.4061474506065858	1.0	0.7240099284988694	-13.78197834174859	0.4557109075305106	0.6750636322084834	0.4610156088248002	0.93824057395065	0.3737977511574883	1.0	False	False	False	False
sp|P04070|PROC_HUMAN	psvid_37486_sp|P04070|PROC_HUMAN	-0.4232604130853872	-1.5132192733714638	0.6666984472006894	0.48860010430302925	-0.8662716388265066	0.40681852945685854	1.0	0.6915638276014898	-13.895550361669425	0.4762329600608853	0.690096341144398	0.4432421733579523	-0.9549190905703183	0.36576581199410957	1.0	False	False	False	False
sp|P09497|CLCB_HUMAN	psvid_77211_sp|P09497|CLCB_HUMAN	0.17811220697469565	-0.28135287787465785	0.6375772918240492	0.2059662034602592	0.8647642379302393	0.4076066631328177	1.0	0.23331145462552363	-11.71307823413891	0.13146806009116643	0.3625852452750476	0.21945017126283445	0.81162938242309	0.43895575845709056	1.0	False	False	False	False
sp|P14678|RSMB_HUMAN	psvid_21728_sp|P14678|RSMB_HUMAN	-0.525191349080683	-1.8816742975804384	0.8312915994190724	0.6080758955877517	-0.8636937475922237	0.4081670003294296	1.0	0.9747330838649207	-13.579313972640204	0.41663697139776473	0.6454742221016767	0.6013079421372495	-0.8734149547634068	0.40623535404632827	1.0	False	False	False	False
sp|P63162|RSMN_HUMAN	psvid_79729_sp|P63162|RSMN_HUMAN	-0.525191349080683	-1.8816742975804384	0.8312915994190724	0.6080758955877517	-0.8636937475922237	0.4081670003294296	1.0	0.9747330838649207	-13.579313972640204	0.41663697139776473	0.6454742221016767	0.6013079421372495	-0.8734149547634068	0.40623535404632827	1.0	False	False	False	False
sp|P09417|DHPR_HUMAN	psvid_94834_sp|P09417|DHPR_HUMAN	0.272591023052275	-0.43161038076692737	0.9767924268714774	0.3156751065504386	0.8635176401174997	0.40825923281566023	1.0	0.40588640618418603	-12.742356432267304	0.2522848592652187	0.50227966240454	0.2945469044083504	0.9254587944145002	0.3800399450857456	1.0	False	False	False	False
sp|Q6UWW8|EST3_HUMAN	psvid_62167_sp|Q6UWW8|EST3_HUMAN	-0.6684867974275375	-2.395566101280565	1.0585925064254902	0.7742045674831347	-0.8634498238633806	0.40829475394414105	1.0	1.2679701698677845	-14.625364208579992	0.5717712887379067	0.7561555982322069	0.7692164005796168	-0.8690490698375932	0.4084897137759304	1.0	False	False	False	False
sp|P61247|RS3A_HUMAN	psvid_19780_sp|P61247|RS3A_HUMAN	-0.20982933370844714	-0.7532624925666153	0.333603825149721	0.2436068990990498	-0.8613439704888292	0.4093988278588275	1.0	0.3747567880429239	-9.860868175113545	0.08533581429023232	0.29212294379290427	0.2797399368206103	-0.7500871562826048	0.4732826836145669	1.0	False	False	False	False
sp|Q93099|HGD_HUMAN	psvid_91615_sp|Q93099|HGD_HUMAN	-0.1638269889765689	-0.5886728814126507	0.2610189034595129	0.19044732321594282	-0.8602220614611112	0.4099878697191343	1.0	0.14245414262638503	-11.979330013367584	0.15264474741123807	0.3906977699081965	0.19029383785332687	-0.8609158910486745	0.4127127964961976	1.0	False	False	False	False
sp|P13667|PDIA4_HUMAN	psvid_28028_sp|P13667|PDIA4_HUMAN	0.20751868952714636	-0.33087989534110396	0.7459172743953967	0.241350031004093	0.8598245820139426	0.4101967002484342	1.0	0.33691364926918327	-8.092820607827361	0.12108214996573989	0.34796860485644376	0.262355569546379	0.7909825961993209	0.4502802421724193	1.0	False	False	False	False
sp|Q13011|ECH1_HUMAN	psvid_55805_sp|Q13011|ECH1_HUMAN	0.1626496229698966	-0.2611713420633166	0.5864705880031098	0.18998787501639042	0.8561052801704565	0.4121543162394902	1.0	0.19613881952577658	-11.593618561989942	0.12389017895438081	0.35198036728542237	0.20633062601005012	0.7882960766181852	0.45176805641344014	1.0	False	False	False	False
sp|P51689|ARSD_HUMAN	psvid_66290_sp|P51689|ARSD_HUMAN	-0.2584112491342112	-0.9325637533625405	0.4157412550941181	0.30220496927347906	-0.8550860356646323	0.41269190241988857	1.0	0.4073875754298134	-12.459701099585255	0.20824608589930804	0.45633987980375773	0.29527120202529494	-0.8751657708633365	0.40533377736677306	1.0	False	False	False	False
sp|P63241|IF5A1_HUMAN	psvid_75227_sp|P63241|IF5A1_HUMAN	0.48357381497298757	-0.7789088847519632	1.7460565146979383	0.5659380378856493	0.8544642391941433	0.4130200962445896	1.0	0.9999363431309031	-9.271745404614315	0.08969835991101649	0.29949684457605974	0.6156184621322961	0.7855089551701389	0.45331505565432456	1.0	False	False	False	False
sp|P42126|ECI1_HUMAN	psvid_48065_sp|P42126|ECI1_HUMAN	0.5831412499534943	-0.9430919126022945	2.109374412509283	0.6841704853151754	0.8523332451046317	0.4141462246314652	1.0	1.0937752075084581	-14.293736247526123	0.5372974340775357	0.7330057530998892	0.6691303162308886	0.8714913011836649	0.40722756398472665	1.0	False	False	False	False
sp|Q7Z7H5|TMED4_HUMAN	psvid_30569_sp|Q7Z7H5|TMED4_HUMAN	0.18411535190130568	-0.2979182569875207	0.6661489607901321	0.216083083648524	0.8520581472299964	0.41429175374785754	1.0	0.29543619453079145	-11.126406607091255	0.10273812251486389	0.3205278810257602	0.24423892913666032	0.7538329477291748	0.4711443596859547	1.0	False	False	False	False
sp|P57088|TMM33_HUMAN	psvid_35498_sp|P57088|TMM33_HUMAN	-0.29554734894481527	-1.0693345911076877	0.47823989321805715	0.34686862138072055	-0.852044061432771	0.41429920619623795	1.0	0.5593433467211756	-11.689625819386361	0.12989510231852852	0.36040963127881104	0.37227467477078435	-0.7938959294687146	0.4486705314624327	1.0	False	False	False	False
sp|O00217|NDUS8_HUMAN	psvid_44242_sp|O00217|NDUS8_HUMAN	0.25797116033584944	-0.4184194114768518	0.9343617321485507	0.30320823654805706	0.8508052527621961	0.41495498818307486	1.0	0.4300854989845574	-12.259492794107253	0.1821792681755734	0.42682463398399745	0.3063277244028868	0.8421410789333645	0.42257788428286214	1.0	False	False	False	False
sp|Q96TC7|RMD3_HUMAN	psvid_67826_sp|Q96TC7|RMD3_HUMAN	0.30567890627203953	-0.4968133512151345	1.1081711637592135	0.3597363304223193	0.8497304287092216	0.41552453729911687	1.0	0.49727267311777573	-12.879296234061679	0.27651388860734394	0.5258458791388823	0.3400573247833672	0.8989040493886483	0.3932495269806694	1.0	False	False	False	False
sp|P12694|ODBA_HUMAN	psvid_47964_sp|P12694|ODBA_HUMAN	-0.31296511608152855	-1.1347011082180019	0.5087708760549449	0.368362794318727	-0.8496110924023846	0.4155878065303345	1.0	0.602108736422931	-11.71543907666101	0.13162882186835687	0.36280686579550403	0.3949290276470284	-0.7924591361292493	0.4494639229566577	1.0	False	False	False	False
sp|Q96RQ3|MCCA_HUMAN	psvid_25196_sp|Q96RQ3|MCCA_HUMAN	-0.80930791113683	-2.9357403666922175	1.3171245444185575	0.9532241605018135	-0.8490216096817977	0.41590043261906395	1.0	1.6257204485899333	-14.410698836246889	0.5513337784302164	0.7425185374320404	0.97669721544165	-0.8286169944396445	0.42978452581686033	1.0	False	False	False	False
sp|Q96G23|CERS2_HUMAN	psvid_56376_sp|Q96G23|CERS2_HUMAN	0.24706828426355676	-0.4034085595827449	0.8975451281098584	0.2915917887640187	0.8473087850340868	0.41680972282517104	1.0	0.43432616773230337	-11.84981287068565	0.1415532711176789	0.3762356590192893	0.3084142835401103	0.8010922238347781	0.44471092996213774	1.0	False	False	False	False
sp|Q9NXW2|DJB12_HUMAN	psvid_419179_sp|Q9NXW2|DJB12_HUMAN	-0.2284229780419409	-0.8299714408023645	0.3731254847184827	0.2696584727710979	-0.8470825177291569	0.4169299431231339	1.0	0.27141824508994433	-12.760880245650897	0.25545783999440935	0.5054283727635493	0.2342831765941586	-0.9749866864646063	0.3562715112215362	1.0	False	False	False	False
sp|P49585|PCY1A_HUMAN	psvid_50459_sp|P49585|PCY1A_HUMAN	0.5046500496213802	-0.8277221315666949	1.8370222308094553	0.5972676679999498	0.8449311366732521	0.4180741961571132	1.0	0.9998285623072486	-12.869160445657766	0.27466124646232004	0.5240813357316974	0.6155572032543715	0.8198264059836526	0.43451385190314656	1.0	False	False	False	False
sp|P30613|KPYR_HUMAN	psvid_45483_sp|P30613|KPYR_HUMAN	-0.22077946327741982	-0.8042235364612423	0.3626646099064027	0.26154274752881834	-0.844142937869432	0.41849394988704713	1.0	0.2567785695473002	-12.701889501263537	0.24547185362827872	0.4954511616983845	0.22843556171892812	-0.966484647206863	0.3602713557594066	1.0	False	False	False	False
sp|Q66PJ3|AR6P4_HUMAN	psvid_882652_sp|Q66PJ3|AR6P4_HUMAN	-0.5000762684628111	-1.823377845238898	0.8232253083132759	0.5932015528250837	-0.8430124062913026	0.41909651319116253	1.0	0.8885857839424678	-14.631066704043569	0.5722161666112392	0.7564497118852245	0.5526320117887535	-0.9048992056109262	0.3902387889265652	1.0	False	False	False	False
sp|P35270|SPRE_HUMAN	psvid_81942_sp|P35270|SPRE_HUMAN	0.37012986063040065	-0.6095028952706438	1.3497626165314451	0.4391437917081435	0.8428443430583444	0.4191861397972241	1.0	0.5998756317942023	-13.623182241902423	0.4253177071614842	0.6521638652681427	0.39373810715554314	0.9400407374950471	0.3729246664273367	1.0	False	False	False	False
sp|P60604|UB2G2_HUMAN	psvid_59158_sp|P60604|UB2G2_HUMAN	-0.21741338773237606	-0.7937472960734256	0.3589205206086735	0.25835544623665874	-0.8415281771657372	0.4198884901967766	1.0	0.3542918582209208	-11.900592616187186	0.1457181313788408	0.38173044334823597	0.2702473909509801	-0.8044976381356165	0.4428454151317899	1.0	False	False	False	False
sp|P48735|IDHP_HUMAN	psvid_32184_sp|P48735|IDHP_HUMAN	-0.27605842867618957	-1.0079838654462714	0.45586700809389236	0.32810306680202556	-0.8413771665315178	0.4199691256983378	1.0	0.5200804209340069	-11.701733049685581	0.13070171226386879	0.36152691775837215	0.35179306646546654	-0.7847182192923879	0.4537545990316659	1.0	False	False	False	False
sp|Q9BXK5|B2L13_HUMAN	psvid_91085_sp|Q9BXK5|B2L13_HUMAN	-0.4305183848323284	-1.5728988750074286	0.7118621053427718	0.5120993525451043	-0.8406930856144942	0.42033453784722785	1.0	0.7782975783048696	-13.496140368513213	0.39991192148951393	0.6323858960235546	0.4909925842605978	-0.8768327641458383	0.40447667991919056	1.0	False	False	False	False
sp|Q86VU5|CMTD1_HUMAN	psvid_49087_sp|Q86VU5|CMTD1_HUMAN	-0.24132355581531773	-0.8846460928491557	0.4019989812185203	0.2883846997791481	-0.8368112316642633	0.42241217880341075	1.0	0.41839533916993926	-11.98273335595496	0.15295724255995222	0.3910974847272125	0.30060915256223913	-0.8027817974216646	0.44378470517264873	1.0	False	False	False	False
sp|P20674|COX5A_HUMAN	psvid_88221_sp|P20674|COX5A_HUMAN	0.166195662155328	-0.27770001824569157	0.6100913425563476	0.19898684587662033	0.8352092894541172	0.4232715947331671	1.0	0.27339617194787863	-10.200696222581284	0.08600814813427059	0.29327145809688093	0.2350865406058187	0.7069552417890079	0.49835680368046675	1.0	False	False	False	False
sp|P08697|A2AP_HUMAN	psvid_52443_sp|P08697|A2AP_HUMAN	-0.2211714016310955	-0.8121726107573064	0.3698298074951154	0.26493041429700626	-0.8348282782781832	0.4234761752532769	1.0	0.23891529367292705	-12.832759325203803	0.26808367051996307	0.517767969770208	0.2215499144565941	-0.9982915234861317	0.34547761556045253	1.0	False	False	False	False
sp|Q6S8J3|POTEE_HUMAN	psvid_32630_sp|Q6S8J3|POTEE_HUMAN	0.3094309516876086	-0.5174989454277362	1.1363608488029535	0.3706910863367858	0.8347407399121536	0.42352318764776303	1.0	0.6106694538316466	-11.60268745778875	0.12442880980191828	0.35274468075637694	0.39950205638577235	0.7745415742962081	0.4594367974585325	1.0	False	False	False	False
sp|Q96HR9|REEP6_HUMAN	psvid_415045_sp|Q96HR9|REEP6_HUMAN	0.15288236907947628	-0.2558280653240666	0.5615928034830191	0.18321421858701542	0.834445984916103	0.42368151151233524	1.0	0.22879453935184382	-10.576794815896642	0.0898075149217925	0.29967901982253026	0.21777968713410542	0.7020047236330799	0.5012874974608149	1.0	False	False	False	False
sp|P07203|GPX1_HUMAN	psvid_59464_sp|P07203|GPX1_HUMAN	-0.3129170261884502	-1.150273387352089	0.5244393349751886	0.37536499799265427	-0.8336340038678136	0.42411786389211553	1.0	0.45831939945238276	-13.456266957041514	0.3917898324783552	0.6259311723171768	0.32033382986674197	-0.976846642512353	0.3554009078630834	1.0	False	False	False	False
sp|P27169|PON1_HUMAN	psvid_99075_sp|P27169|PON1_HUMAN	-0.17150980449900244	-0.6304816861390944	0.2874620771410895	0.2057451133363397	-0.8336032954456057	0.42413437232788037	1.0	0.2880026017815913	-10.370365654561525	0.08729396879483406	0.2954555276092056	0.24111208127559777	-0.7113281242135768	0.4957770530486883	1.0	False	False	False	False
sp|Q6NUK4|REEP3_HUMAN	psvid_74835_sp|Q6NUK4|REEP3_HUMAN	0.4353896504948094	-0.7302142379781913	1.60099353896781	0.5225097957682978	0.8332660057685864	0.42431572334419343	1.0	0.7249793325729028	-14.702806670907579	0.5773680330150566	0.7598473748161907	0.4615483817273084	0.9433239671763076	0.37133613815629046	1.0	False	False	False	False
sp|Q13724|MOGS_HUMAN	psvid_55562_sp|Q13724|MOGS_HUMAN	-0.16711104032034685	-0.6164205841665351	0.28219850352584147	0.2014137395332282	-0.8296903712111344	0.42624146413342645	1.0	0.2599931556068127	-11.100778511235644	0.10189203170731409	0.31920531278052705	0.22970436495713156	-0.7275048532557657	0.4863072730665039	1.0	False	False	False	False
sp|O60664|PLIN3_HUMAN	psvid_56447_sp|O60664|PLIN3_HUMAN	0.28241570066229427	-0.47861407758581165	1.0434454789104002	0.34114978333415336	0.8278349114050894	0.42724308644209535	1.0	0.41643466121491884	-13.124435302160588	0.32375836829602883	0.5689976874259058	0.29965497204425734	0.9424695967353516	0.3717490306729411	1.0	False	False	False	False
sp|P51153|RAB13_HUMAN	psvid_74423_sp|P51153|RAB13_HUMAN	0.28261593354478043	-0.4791906982009184	1.0444225652904793	0.3414980264778005	0.8275770623323127	0.4273824051245885	1.0	0.5303072747512463	-12.053169454605882	0.1596736510928163	0.3995918556387459	0.3570955859058762	0.7914293670918485	0.45003313584311627	1.0	False	False	False	False
sp|P02671|FIBA_HUMAN	psvid_46503_sp|P02671|FIBA_HUMAN	0.1812670011791142	-0.30774133078169025	0.6702753331399187	0.2192096699304675	0.8269115191707165	0.42774214689175544	1.0	0.31990703520928754	-10.282786686289718	0.0865467556880733	0.2941882997130805	0.2547974416030933	0.7114160960119843	0.49572524133303886	1.0	False	False	False	False
sp|Q9NPD5|SO1B3_HUMAN	psvid_35240_sp|Q9NPD5|SO1B3_HUMAN	-0.6603143964888258	-2.443345545501849	1.122716752524197	0.7992863190769015	-0.8261299871257964	0.4281648437424285	1.0	1.3399732395047232	-13.939298399900371	0.48381925505351875	0.6955711718102747	0.8108031834443334	-0.8143954167567232	0.4374534247460306	1.0	False	False	False	False
sp|P02747|C1QC_HUMAN	psvid_49466_sp|P02747|C1QC_HUMAN	-0.3187623867169824	-1.1806412006596156	0.5431164272256508	0.3863577734286354	-0.8250445795051704	0.4287523601621528	1.0	0.5226331603731482	-13.19228610851183	0.33748628374526374	0.5809356967386871	0.3531143865481936	-0.9027170765626035	0.3913327216773846	1.0	False	False	False	False
sp|P0CG22|DR4L1_HUMAN	psvid_29435_sp|P0CG22|DR4L1_HUMAN	-0.41921521500222214	-1.5533824432395402	0.7149520132350959	0.5084175616209815	-0.8245490452093027	0.42902076644647663	1.0	0.6861428262467127	-14.917358549252846	0.5877865714625062	0.766672401656996	0.44028426071300897	-0.9521467206738959	0.3670920312952534	1.0	False	False	False	False
sp|P21695|GPDA_HUMAN	psvid_88138_sp|P21695|GPDA_HUMAN	-0.20066391353929758	-0.7437301257605657	0.3424022986819706	0.24344240650066318	-0.824276741360388	0.4291683080116589	1.0	0.318035467749516	-11.894164066083032	0.1451779332424038	0.38102222145486975	0.25397627557224	-0.7900892045415538	0.450774644393339	1.0	False	False	False	False
sp|O75976|CBPD_HUMAN	psvid_46119_sp|O75976|CBPD_HUMAN	-0.37789845330798233	-1.4007621662389287	0.644965259622964	0.4585231012248218	-0.824164480041524	0.42922914415377933	1.0	0.5606892789052551	-14.803198570189487	0.5831794386117476	0.7636618614359025	0.37298248415288304	-1.0131801609029025	0.3387118379575989	1.0	False	False	False	False
sp|P02452|CO1A1_HUMAN	psvid_883224_sp|P02452|CO1A1_HUMAN	-0.5789168538278155	-2.1518752907742735	0.9940415831186424	0.7051162060874957	-0.8210233275449346	0.4309337340589581	1.0	1.1440839296681478	-16.17312990447288	0.5121152106198474	0.7156222541396037	0.6979474922316735	-0.8294561700862915	0.42933490468053476	1.0	False	False	False	False
sp|P62854|RS26_HUMAN	psvid_5377_sp|P62854|RS26_HUMAN	0.17708861487891658	-0.3046906662146914	0.6588678959725245	0.21596907513701166	0.8199720944610743	0.4315052137576601	1.0	0.3111751363907902	-10.424718241609362	0.08785064316439073	0.29639609168204417	0.25098503292942187	0.7055744034295253	0.4991731712313138	1.0	False	False	False	False
sp|Q9HD20|AT131_HUMAN	psvid_60305_sp|Q9HD20|AT131_HUMAN	-0.3315246424370053	-1.2350788620220303	0.5720295771480196	0.40503976986508733	-0.8184989897348381	0.4323068894875649	1.0	0.5504982805723558	-13.333642161725834	0.3665452545910549	0.6054298097971844	0.36763215589232173	-0.9017835821034866	0.3918013676504936	1.0	False	False	False	False
sp|P30040|ERP29_HUMAN	psvid_46244_sp|P30040|ERP29_HUMAN	-0.1462405650680214	-0.5448852036853036	0.25240407354926075	0.17870198509797425	-0.8183488559897323	0.43238864951847555	1.0	0.20681539048830033	-8.892663280780738	0.0962130787989783	0.3101823315390132	0.20994699754209808	-0.6965594496710894	0.5045235278113044	1.0	False	False	False	False
sp|P04350|TBB4A_HUMAN	psvid_40983_sp|P04350|TBB4A_HUMAN	0.14624056506802097	-0.2524040735492612	0.5448852036853031	0.17870198509797425	0.8183488559897298	0.43238864951847683	1.0	0.20681539048830033	-8.892663280780738	0.0962130787989783	0.3101823315390132	0.20994699754209808	0.6965594496710873	0.5045235278113056	1.0	False	False	False	False
sp|P25705|ATPA_HUMAN	psvid_64446_sp|P25705|ATPA_HUMAN	0.14624056506802097	-0.2524040735492612	0.5448852036853031	0.17870198509797425	0.8183488559897298	0.43238864951847683	1.0	0.20681539048830033	-8.892663280780738	0.0962130787989783	0.3101823315390132	0.20994699754209808	0.6965594496710873	0.5045235278113056	1.0	False	False	False	False
sp|Q13885|TBB2A_HUMAN	psvid_40984_sp|Q13885|TBB2A_HUMAN	0.14624056506802097	-0.2524040735492612	0.5448852036853031	0.17870198509797425	0.8183488559897298	0.43238864951847683	1.0	0.20681539048830033	-8.892663280780738	0.0962130787989783	0.3101823315390132	0.20994699754209808	0.6965594496710873	0.5045235278113056	1.0	False	False	False	False
sp|Q9BVA1|TBB2B_HUMAN	psvid_22585_sp|Q9BVA1|TBB2B_HUMAN	0.14624056506802097	-0.2524040735492612	0.5448852036853031	0.17870198509797425	0.8183488559897298	0.43238864951847683	1.0	0.20681539048830033	-8.892663280780738	0.0962130787989783	0.3101823315390132	0.20994699754209808	0.6965594496710873	0.5045235278113056	1.0	False	False	False	False
sp|P15313|VATB1_HUMAN	psvid_48912_sp|P15313|VATB1_HUMAN	-0.370120531248074	-1.3803032973538594	0.6400622348577114	0.45283856379208914	-0.8173343898732235	0.43294138027714074	1.0	0.5795026565776508	-14.195545697852156	0.5240442424046697	0.7239090014668071	0.38291254408946174	-0.9665928603310548	0.3602202374196262	1.0	False	False	False	False
sp|Q9NPJ3|ACO13_HUMAN	psvid_91932_sp|Q9NPJ3|ACO13_HUMAN	-0.41942447893544266	-1.5642729822752657	0.7254240244043804	0.5132056984207535	-0.8172638772837164	0.4329798165625837	1.0	0.7292072222020357	-14.161280804290568	0.5191203449816569	0.7205000659137075	0.46387311324362446	-0.9041793261149035	0.39059943177349704	1.0	False	False	False	False
sp|Q86YT5|S13A5_HUMAN	psvid_87204_sp|Q86YT5|S13A5_HUMAN	-0.4065055218574507	-1.518573423381725	0.7055623796668236	0.49851101034602247	-0.8154394053910471	0.43397512709420916	1.0	0.7121895539520126	-13.925269808580458	0.4814071657452553	0.6938351142348269	0.4545272336787588	-0.8943479988368577	0.39554865616131624	1.0	False	False	False	False
sp|Q04941|PLP2_HUMAN	psvid_38196_sp|Q04941|PLP2_HUMAN	0.3738891558683255	-0.650261185181243	1.398039496917894	0.4590998630236965	0.8143961390139365	0.4345449509486458	1.0	0.6223134052406629	-13.883380642505074	0.47408961426715895	0.6885416576120569	0.40574082885625795	0.9214974911996925	0.3819898184541032	1.0	False	False	False	False
sp|P15880|RS2_HUMAN	psvid_36713_sp|P15880|RS2_HUMAN	0.2996997685558296	-0.5224222017411996	1.1218217388528586	0.36853581825236126	0.8132174776851812	0.4351893277241804	1.0	0.6268711130702944	-10.117534739806619	0.08561632012561589	0.2926026659578068	0.4081885108372127	0.7342190203764729	0.4824109901504913	1.0	False	False	False	False
sp|P13473|LAMP2_HUMAN	psvid_61668_sp|P13473|LAMP2_HUMAN	-0.32529986049005055	-1.2177781887634325	0.5671784677833315	0.40007473691999307	-0.8130977301751098	0.4352548296449255	1.0	0.5665175757998381	-13.099946750664568	0.31885843637103384	0.5646755142301053	0.3760515932835018	-0.8650405058776337	0.41056731269105307	1.0	False	False	False	False
sp|O60493|SNX3_HUMAN	psvid_17573_sp|O60493|SNX3_HUMAN	0.4785242663220881	-0.8347923339000658	1.791840866544242	0.5887255484881544	0.8128138273444003	0.4354101508730445	1.0	0.8923525861196948	-14.276981264241876	0.5351282824852528	0.7315246287619117	0.5547517984428189	0.8625916448856941	0.4118401802895172	1.0	False	False	False	False
sp|Q8WWC4|MAIP1_HUMAN	psvid_90971_sp|Q8WWC4|MAIP1_HUMAN	-0.4192334674698386	-1.5708694908880698	0.7324025559483927	0.5162483664875085	-0.8120770828240145	0.43581339115405626	1.0	0.7266331037765049	-14.320932403234107	0.5407352476365848	0.7353470253129367	0.4624574991697746	-0.9065340452311103	0.38942066149082205	1.0	False	False	False	False
sp|Q96KP4|CNDP2_HUMAN	psvid_32973_sp|Q96KP4|CNDP2_HUMAN	0.2134270582731128	-0.37363250799980374	0.8004866245460294	0.26316347870024487	0.8110056126603187	0.4364002804321789	1.0	0.3349642278023725	-12.23128772454061	0.17884648720110818	0.4229024558939191	0.2614806478554814	0.8162250630152657	0.43646160248576443	1.0	False	False	False	False
sp|O75821|EIF3G_HUMAN	psvid_31225_sp|O75821|EIF3G_HUMAN	-0.36214785825147366	-1.3598869865998062	0.6355912700968589	0.4472604058195903	-0.8097024765423834	0.43711477276436667	1.0	0.6637962576599855	-13.19444348938671	0.33792593569707197	0.5813139734232027	0.4281289173627408	-0.8458850677087917	0.42059767404026616	1.0	False	False	False	False
sp|Q96HS1|PGAM5_HUMAN	psvid_100570_sp|Q96HS1|PGAM5_HUMAN	-0.21940217461595735	-0.8239339005254728	0.3851295512935581	0.27099579176442856	-0.809614692491902	0.4371629316049018	1.0	0.3633464387485473	-12.149592756762491	0.16965560560250822	0.4118927112762597	0.2744219406891935	-0.7995066796224184	0.4455813112281283	1.0	False	False	False	False
sp|Q8NFI4|F10A5_HUMAN	psvid_52224_sp|Q8NFI4|F10A5_HUMAN	-0.3540117611849496	-1.3301474352808786	0.6221239129109793	0.43757614122426447	-0.8090289388139038	0.43748436995085493	1.0	0.5524529866470134	-14.050061222583286	0.5021374722376799	0.7086165904335573	0.36865676483256826	-0.960274691678939	0.36321387204247185	1.0	False	False	False	False
sp|Q6IB77|GLYAT_HUMAN	psvid_52645_sp|Q6IB77|GLYAT_HUMAN	-0.27558936950377744	-1.037200643494589	0.4860219044870343	0.34141045269598896	-0.8072083538378881	0.43848443907465895	1.0	0.5544435082236808	-11.51080274050137	0.11922922589558023	0.3452958527054448	0.3697009456418771	-0.7454386383169711	0.4759451044793652	1.0	False	False	False	False
sp|Q14651|PLSI_HUMAN	psvid_56616_sp|Q14651|PLSI_HUMAN	0.3726357927831421	-0.6572621851462754	1.4025337707125596	0.4616763785981037	0.807136362303533	0.4385240161179695	1.0	0.5790221421028365	-15.68287787816901	0.5658456705719055	0.752227140278723	0.38265809836482795	0.973808719521387	0.3568237124344772	1.0	False	False	False	False
sp|O95816|BAG2_HUMAN	psvid_72301_sp|O95816|BAG2_HUMAN	0.1495012174227881	-0.2637094420947787	0.562711876940355	0.18523155202978597	0.8071044904852264	0.4385415382747522	1.0	0.18777022335029275	-11.520914725003225	0.11977419401390238	0.34608408517859124	0.20358809326130758	0.7343318316307508	0.48234569667253097	1.0	False	False	False	False
sp|O95870|ABHGA_HUMAN	psvid_38020_sp|O95870|ABHGA_HUMAN	-0.29207587045616057	-1.1007220844071017	0.5165703434947806	0.36249498845945266	-0.8057376784640186	0.4392934080624528	1.0	0.4827647216523064	-13.04712593969969	0.30840733232826184	0.555344336721157	0.3326615487864184	-0.8779970859922996	0.40387879577085606	1.0	False	False	False	False
sp|Q9UHA4|LTOR3_HUMAN	psvid_151859_sp|Q9UHA4|LTOR3_HUMAN	0.26501811946762244	-0.4687855324510669	0.9988217713863118	0.32894502162339584	0.8056608309793412	0.4393357065244546	1.0	0.5170051008915915	-11.809275147313121	0.13839432882687475	0.3720138825727808	0.35020328050384525	0.7567551025973686	0.46948060078204684	1.0	False	False	False	False
sp|P62070|RRAS2_HUMAN	psvid_90147_sp|P62070|RRAS2_HUMAN	-0.3520089507275719	-1.3269202486374336	0.62290234718229	0.43702728534170254	-0.805462181731613	0.4394450597608754	1.0	0.6794607284354591	-12.78603354004498	0.2598200274679466	0.5097254432220807	0.4366430779574185	-0.8061709173869002	0.44193071978530524	1.0	False	False	False	False
sp|Q12797|ASPH_HUMAN	psvid_35479_sp|Q12797|ASPH_HUMAN	-0.17813359055857791	-0.6716655398025932	0.31539835868543736	0.22123748947204513	-0.8051691012389937	0.43960642890367435	1.0	0.291662263515326	-11.478964362419356	0.11755537033691647	0.34286348644455633	0.2426465492062269	-0.7341278544504707	0.4824637597852596	1.0	False	False	False	False
sp|Q9BYV7|BCDO2_HUMAN	psvid_28662_sp|Q9BYV7|BCDO2_HUMAN	-0.5725970693779994	-2.160424519398421	1.0152303806424223	0.7117815965013274	-0.804456131196041	0.43999915213691015	1.0	1.1576758457046141	-14.113429656041372	0.5119967650804138	0.7155394923275821	0.7057464554439438	-0.8113353810864159	0.439115647162273	1.0	False	False	False	False
sp|P11117|PPAL_HUMAN	psvid_85558_sp|P11117|PPAL_HUMAN	0.19294201973112957	-0.34276150901501834	0.7286455484772775	0.24014190769747923	0.8034500166217964	0.4405537434442182	1.0	0.2711243638279914	-12.23658334334261	0.17946593261601032	0.42363419670278074	0.23416407607045825	0.8239608011993895	0.4322851362509614	1.0	False	False	False	False
sp|P05156|CFAI_HUMAN	psvid_25954_sp|P05156|CFAI_HUMAN	-0.2233963309721405	-0.8442235704302495	0.3974309084859685	0.27830064510304403	-0.8027158215512775	0.44095873962416166	1.0	0.2963829343486949	-12.773951609784081	0.25771707727063575	0.5076584257851294	0.2446399684702001	-0.9131636681000992	0.38611563433809215	1.0	False	False	False	False
sp|A8MTJ3|GNAT3_HUMAN	psvid_71250_sp|A8MTJ3|GNAT3_HUMAN	-0.41998663279523507	-1.5900534315533816	0.7500801659629115	0.524510401947365	-0.8007212654619212	0.4420602210986165	1.0	0.7390696303910419	-14.457135305845348	0.5563526014557898	0.7458904755095012	0.4693030641370911	-0.8949155990862018	0.39526170401596006	1.0	False	False	False	False
sp|P19087|GNAT2_HUMAN	psvid_33055_sp|P19087|GNAT2_HUMAN	-0.41998663279523507	-1.5900534315533816	0.7500801659629115	0.524510401947365	-0.8007212654619212	0.4420602210986165	1.0	0.7390696303910419	-14.457135305845348	0.5563526014557898	0.7458904755095012	0.4693030641370911	-0.8949155990862018	0.39526170401596006	1.0	False	False	False	False
sp|P16070|CD44_HUMAN	psvid_58845_sp|P16070|CD44_HUMAN	-0.39474008958579354	-1.496002404661664	0.7065222254900769	0.49366714801496187	-0.7996077745360319	0.4426759315915401	1.0	0.655151872180605	-15.536629613203502	0.5766311140810618	0.759362307519317	0.4234439274802375	-0.9322133675047599	0.37673184480862865	1.0	False	False	False	False
sp|P11488|GNAT1_HUMAN	psvid_33054_sp|P11488|GNAT1_HUMAN	-0.41855401268965586	-1.5877771401301501	0.7506691147508384	0.5241322061192268	-0.798565720257315	0.4432526546096006	1.0	0.7389419369363459	-14.44088265844037	0.5546326825160849	0.7447366531305445	0.46923269791025873	-0.8919966885379006	0.3967389538088525	1.0	False	False	False	False
sp|Q9UHQ4|BAP29_HUMAN	psvid_84150_sp|Q9UHQ4|BAP29_HUMAN	-0.18036262968459438	-0.6849683300452919	0.32424307067610314	0.2262015630236071	-0.7973535959420898	0.4439241273671752	1.0	0.227470849601324	-12.24027874870424	0.17989991796798846	0.42414610450644064	0.21729394073210678	-0.8300398486810842	0.4290223667570429	1.0	False	False	False	False
sp|Q03113|GNA12_HUMAN	psvid_53482_sp|Q03113|GNA12_HUMAN	-0.41909003712390946	-1.5939558535511347	0.7557757793033157	0.526661676292755	-0.7957481168440862	0.44481453838032287	1.0	0.7395888319290971	-14.563710775950529	0.5666324105300385	0.7527498990568106	0.4695891897310719	-0.8924609984397582	0.39650370507521815	1.0	False	False	False	False
sp|P16671|CD36_HUMAN	psvid_70753_sp|P16671|CD36_HUMAN	-0.7290409294559463	-2.7770182721572723	1.3189364132453796	0.9180547814359475	-0.7941148439046732	0.44572157272138185	1.0	1.5745021983107446	-13.855969242715787	0.4692111826457864	0.6849899142657404	0.9468802200524897	-0.76993997130443	0.4620215518366438	1.0	False	False	False	False
sp|P36957|ODO2_HUMAN	psvid_70633_sp|P36957|ODO2_HUMAN	-0.2572007402889107	-0.9804679424392844	0.46606646186146294	0.324221806240357	-0.7932863716706297	0.4461821286761398	1.0	0.43614728454915314	-12.674328164487521	0.24092633607185124	0.49084247582279517	0.3093122615278921	-0.8315245539198185	0.428228068194779	1.0	False	False	False	False
sp|Q9Y6B6|SAR1B_HUMAN	psvid_30645_sp|Q9Y6B6|SAR1B_HUMAN	-0.14053049000737516	-0.5360662724801424	0.25500529246539205	0.1773083660433299	-0.7925767584651527	0.44657685892582777	1.0	0.2162265936063466	-10.400665480506749	0.08759533467197961	0.2959650902927229	0.2132390436021598	-0.6590279511362045	0.5271791983281364	1.0	False	False	False	False
sp|P29992|GNA11_HUMAN	psvid_51781_sp|P29992|GNA11_HUMAN	-0.5605463608353389	-2.1396903275311927	1.0185976058605148	0.7078890176043736	-0.7918562753414804	0.44697787090061536	1.0	1.1769356592745728	-13.571405256321253	0.4150609146536493	0.6442522135419089	0.7168067527406656	-0.7820048551330259	0.45526502722705076	1.0	False	False	False	False
sp|P48741|HSP77_HUMAN	psvid_39364_sp|P48741|HSP77_HUMAN	-0.1809680006121206	-0.6908525337123217	0.3289165324880805	0.2285679259397659	-0.7917471354218385	0.4470386374935206	1.0	0.30202518399538864	-11.609344770582627	0.12482788944734359	0.35330990567396153	0.2470428555230255	-0.7325368719082571	0.48338526657295405	1.0	False	False	False	False
sp|Q5T9A4|ATD3B_HUMAN	psvid_58162_sp|Q5T9A4|ATD3B_HUMAN	-0.3568210495119417	-1.3624413454212947	0.6487992463974113	0.45079332750374773	-0.7915402197451009	0.44715385830057275	1.0	0.6933212507070318	-12.965208089799098	0.29256740475207954	0.5408950034452893	0.4442018340947061	-0.8032858536911526	0.44350863384863887	1.0	False	False	False	False
sp|Q96EE3|SEH1_HUMAN	psvid_75431_sp|Q96EE3|SEH1_HUMAN	-0.39548432983773907	-1.512555530764352	0.7215868710888738	0.5007538588597731	-0.7897778975448438	0.44813599769528556	1.0	0.6745279576720683	-14.639096150587704	0.5728337908048501	0.7568578405518768	0.43395862947340574	-0.9113410887061886	0.38702221086696953	1.0	False	False	False	False
sp|Q99424|ACOX2_HUMAN	psvid_47377_sp|Q99424|ACOX2_HUMAN	-0.37198812078840593	-1.4227368209814841	0.6787605794046723	0.4710232130925213	-0.7897447736091463	0.448154471180188	1.0	0.7035607088563125	-13.326725051390035	0.3651165823818702	0.6042487752423419	0.44980027067018685	-0.8270073297958591	0.43064787144365135	1.0	False	False	False	False
sp|P20339|RAB5A_HUMAN	psvid_39623_sp|P20339|RAB5A_HUMAN	-0.29902419987831497	-1.144042248412097	0.545993848655467	0.37879953243664843	-0.7893996013005234	0.4483470063308516	1.0	0.5924046489460872	-12.314419926233164	0.18890810924258958	0.43463560512524696	0.38975990524782217	-0.7672010277408743	0.46356458671064205	1.0	False	False	False	False
sp|Q99805|TM9S2_HUMAN	psvid_42686_sp|Q99805|TM9S2_HUMAN	-0.18015881005244339	-0.6894996529729197	0.32918203286803294	0.22832420382492172	-0.7890482350727416	0.4485430522316783	1.0	0.2605653467800968	-12.056721174292647	0.1600250347551966	0.40003129221999195	0.22993112459980236	-0.7835338098137509	0.45441350397441793	1.0	False	False	False	False
sp|Q99735|MGST2_HUMAN	psvid_97118_sp|Q99735|MGST2_HUMAN	0.20731446289970545	-0.3800551922884038	0.7946841180878147	0.263302483466229	0.7873623528746377	0.44948447867424896	1.0	0.37176676023362354	-11.821608272774412	0.13933999738214456	0.3732827311598335	0.27834037961707037	0.7448235257310508	0.47629813437022867	1.0	False	False	False	False
sp|P00740|FA9_HUMAN	psvid_55753_sp|P00740|FA9_HUMAN	-0.24096970168264287	-0.9241184788731295	0.44217907550784374	0.3062377635997667	-0.7868712821374145	0.4497589449534212	1.0	0.4357882941708716	-12.274305565003635	0.1839627645797277	0.42890880683395594	0.3091351556204182	-0.7794962730752159	0.4566644360623947	1.0	False	False	False	False
sp|Q8NHH9|ATLA2_HUMAN	psvid_79320_sp|Q8NHH9|ATLA2_HUMAN	-0.1922274386646463	-0.7379429305577359	0.35348805322844323	0.24463000941958443	-0.7857884611979133	0.45036453702984874	1.0	0.28673468812130093	-12.216545780725149	0.17713735256396546	0.42087688528115375	0.24058271566909978	-0.7990076848622747	0.4458554707617634	1.0	False	False	False	False
sp|P83881|RL36A_HUMAN	psvid_10446_sp|P83881|RL36A_HUMAN	0.30598631358862205	-0.564525303621858	1.1764979307991021	0.39022763377913566	0.7841226174202895	0.4512972408790916	1.0	0.6352183160166075	-11.981582158776963	0.15285141666704272	0.3909621678206764	0.4126793393892474	0.7414626427421162	0.4782300318625269	1.0	False	False	False	False
sp|O14828|SCAM3_HUMAN	psvid_84326_sp|O14828|SCAM3_HUMAN	0.28483644592796553	-0.5266678415303575	1.0963407333862887	0.36377618820441	0.7829991493778385	0.45192698281383376	1.0	0.5151793274776868	-12.807134255556559	0.26352629604904027	0.5133481236442189	0.34926050656954805	0.8155415243642676	0.43683195855711004	1.0	False	False	False	False
sp|P67809|YBOX1_HUMAN	psvid_48893_sp|P67809|YBOX1_HUMAN	-0.2784693418655202	-1.0718776327424508	0.5149389490114105	0.3556642253227881	-0.7829557263252761	0.45195133444201874	1.0	0.5839544797193316	-11.488704404205585	0.1180607474235957	0.3435996906628347	0.3852718888569234	-0.7227865565061614	0.48905734670616324	1.0	False	False	False	False
sp|P00558|PGK1_HUMAN	psvid_51790_sp|P00558|PGK1_HUMAN	0.15131199603525536	-0.28287146891187054	0.5854954609823813	0.19463311322056354	0.7774216500549138	0.45506186343604743	1.0	0.2400031168057711	-11.15198948157762	0.1036106505942716	0.321886083256595	0.22196095453978698	0.6817054663915331	0.5134169603346931	1.0	False	False	False	False
sp|P06681|CO2_HUMAN	psvid_72746_sp|P06681|CO2_HUMAN	-0.24350160544103439	-0.9432406626510556	0.4562374517689868	0.31367475305259196	-0.7762869120684632	0.4557013839051031	1.0	0.22842014862800689	-13.58865290962633	0.41849382408187774	0.6469109862120737	0.21764212348302955	-1.1188165302936919	0.2935841806524505	1.0	False	False	False	False
sp|O43169|CYB5B_HUMAN	psvid_89786_sp|O43169|CYB5B_HUMAN	0.2206320987663375	-0.41427158025632116	0.8555357777889961	0.28461074550229126	0.7752064960757474	0.4563108329237735	1.0	0.4534724446953703	-10.856468046073012	0.09511279041658742	0.30840361608870187	0.31791087083286174	0.6940061476612182	0.5060453887690249	1.0	False	False	False	False
sp|P02766|TTHY_HUMAN	psvid_39080_sp|P02766|TTHY_HUMAN	-0.41834229114840005	-1.623227278028787	0.786542695731987	0.540118486773341	-0.7745379974819415	0.4566881899933429	1.0	0.7867013381653687	-14.23199974680793	0.5291153748315509	0.7274031721346498	0.4956569583696311	-0.8440157735794875	0.4215855445802365	1.0	False	False	False	False
sp|Q9Y2Q3|GSTK1_HUMAN	psvid_39406_sp|Q9Y2Q3|GSTK1_HUMAN	-0.15162439664812544	-0.5888441374523041	0.2855953441560533	0.19599419642700622	-0.7736167672933859	0.4572085425365029	1.0	0.22999292419050776	-11.396803987637782	0.11351754898280951	0.33692365453142276	0.2182209418421688	-0.6948205583210698	0.505559660213489	1.0	False	False	False	False
sp|P78329|CP4F2_HUMAN	psvid_30111_sp|P78329|CP4F2_HUMAN	0.2499998196632558	-0.4740044000848195	0.9740040394113311	0.32455219198997665	0.7702915766194446	0.45908996407234637	1.0	0.5400613352954272	-9.590783112472884	0.08648367393674554	0.2940810669471014	0.3621747852777937	0.6902739501081006	0.508275047703594	1.0	False	False	False	False
sp|P00441|SODC_HUMAN	psvid_25483_sp|P00441|SODC_HUMAN	0.24999981966325535	-0.4740044000848199	0.9740040394113306	0.32455219198997665	0.7702915766194433	0.4590899640723473	1.0	0.5400613352954272	-9.590783112472886	0.08648367393674554	0.2940810669471014	0.3621747852777937	0.6902739501080993	0.5082750477035946	1.0	False	False	False	False
sp|P12074|CX6A1_HUMAN	psvid_84835_sp|P12074|CX6A1_HUMAN	0.24999981966325535	-0.4740044000848199	0.9740040394113306	0.32455219198997665	0.7702915766194433	0.4590899640723473	1.0	0.5400613352954272	-9.590783112472886	0.08648367393674554	0.2940810669471014	0.3621747852777937	0.6902739501080993	0.5082750477035946	1.0	False	False	False	False
sp|P62424|RL7A_HUMAN	psvid_77737_sp|P62424|RL7A_HUMAN	0.24999981966325535	-0.4740044000848199	0.9740040394113306	0.32455219198997665	0.7702915766194433	0.4590899640723473	1.0	0.5400613352954272	-9.590783112472886	0.08648367393674554	0.2940810669471014	0.3621747852777937	0.6902739501080993	0.5082750477035946	1.0	False	False	False	False
sp|P05062|ALDOB_HUMAN	psvid_52184_sp|P05062|ALDOB_HUMAN	0.2499998196632549	-0.47400440008482037	0.9740040394113302	0.32455219198997665	0.7702915766194419	0.45908996407234787	1.0	0.5400613352954272	-9.590783112472886	0.08648367393674554	0.2940810669471014	0.3621747852777937	0.6902739501080981	0.5082750477035953	1.0	False	False	False	False
sp|P30086|PEBP1_HUMAN	psvid_81261_sp|P30086|PEBP1_HUMAN	0.2499998196632549	-0.47400440008482037	0.9740040394113302	0.32455219198997665	0.7702915766194419	0.45908996407234787	1.0	0.5400613352954272	-9.590783112472886	0.08648367393674554	0.2940810669471014	0.3621747852777937	0.6902739501080981	0.5082750477035953	1.0	False	False	False	False
sp|Q02338|BDH_HUMAN	psvid_25318_sp|Q02338|BDH_HUMAN	-0.24999981966325535	-0.9755946745839711	0.4755950352574604	0.3252652322152345	-0.7686029581477847	0.4600473182701924	1.0	0.5400613352954272	-9.34078329280963	0.08883115219277486	0.298045553888621	0.3621747852777937	-0.6902739501080993	0.5082750477035946	1.0	False	False	False	False
sp|P02656|APOC3_HUMAN	psvid_89229_sp|P02656|APOC3_HUMAN	0.2499998196632549	-0.47559503525746083	0.9755946745839706	0.3252652322152345	0.7686029581477833	0.4600473182701931	1.0	0.5400613352954272	-9.34078329280963	0.08883115219277486	0.298045553888621	0.3621747852777937	0.6902739501080981	0.5082750477035953	1.0	False	False	False	False
sp|P00326|ADH1G_HUMAN	psvid_59638_sp|P00326|ADH1G_HUMAN	0.24999981966325446	-0.4755950352574613	0.9755946745839702	0.3252652322152345	0.7686029581477819	0.4600473182701939	1.0	0.5400613352954272	-9.34078329280963	0.08883115219277486	0.298045553888621	0.3621747852777937	0.6902739501080969	0.5082750477035962	1.0	False	False	False	False
sp|P55157|MTP_HUMAN	psvid_65098_sp|P55157|MTP_HUMAN	-0.24999981966325446	-0.9755946745839702	0.4755950352574613	0.3252652322152345	-0.7686029581477819	0.4600473182701939	1.0	0.5400613352954272	-9.34078329280963	0.08883115219277486	0.298045553888621	0.3621747852777937	-0.6902739501080969	0.5082750477035962	1.0	False	False	False	False
sp|P47813|IF1AX_HUMAN	psvid_101104_sp|P47813|IF1AX_HUMAN	0.24949953523947244	-0.4781852803898363	0.9771843508687812	0.32620210704364755	0.7648618137407925	0.4621729425427503	1.0	0.5116142169359253	-11.801324142871305	0.1377917574290571	0.37120312152385937	0.34742189533566	0.7181456856610021	0.4917719392342008	1.0	False	False	False	False
sp|Q92526|TCPW_HUMAN	psvid_71945_sp|Q92526|TCPW_HUMAN	0.37473569122147854	-0.7186650882449481	1.4681364706879052	0.49014302682221517	0.7645435530339653	0.46235406265892814	1.0	0.6405176972479962	-15.289704854017444	0.5881364290899255	0.766900534026366	0.4155356898453152	0.9018134913055853	0.3917863459716357	1.0	False	False	False	False
sp|P08758|ANXA5_HUMAN	psvid_79079_sp|P08758|ANXA5_HUMAN	0.3118378029202393	-0.5986401466400623	1.222315752480541	0.4081434972729257	0.7640396208780298	0.4626409409133461	1.0	0.6889140665060313	-11.454441946945497	0.11630857115311452	0.34104042451462335	0.44179592516438937	0.7058412836293284	0.49901532308983193	1.0	False	False	False	False
sp|P11509|CP2A6_HUMAN	psvid_659594_sp|P11509|CP2A6_HUMAN	0.29749267795861556	-0.5714078758858901	1.1663932318031214	0.3895054361280727	0.7637702849949376	0.46279431541511273	1.0	0.6307730147034816	-7.401593128693323	0.15862674178770036	0.39827972806521345	0.41028647127743967	0.725085272815267	0.48771629627888047	1.0	False	False	False	False
sp|O75746|S2512_HUMAN	psvid_53032_sp|O75746|S2512_HUMAN	-0.29291758460519635	-1.14907889787745	0.5632437286670574	0.3837947671302447	-0.7632141177834031	0.4631111310899745	1.0	0.5130520108826132	-13.217816734717843	0.3426996001102733	0.5854055005808139	0.34816303069068116	-0.841323054961092	0.42301139899421825	1.0	False	False	False	False
sp|Q16851|UGPA_HUMAN	psvid_24468_sp|Q16851|UGPA_HUMAN	0.13614578311018555	-0.2620591720782605	0.5343507382986317	0.1785048864945157	0.7627005948342396	0.46340377902884133	1.0	0.205667030582677	-10.91676590404398	0.09658261619271569	0.31077743835857147	0.2095518845797167	0.6496996358837023	0.5329043939675601	1.0	False	False	False	False
sp|Q9NZR2|LRP1B_HUMAN	psvid_25103_sp|Q9NZR2|LRP1B_HUMAN	-0.3147665973328637	-1.2355461316923786	0.6060129370266512	0.41276142882133393	-0.7625872364859755	0.46346839607436524	1.0	0.661178706697278	-18.353230845906232	0.19292498565100594	0.4392322684537259	0.4267092469376623	-0.7376605958081048	0.48042161613513634	1.0	False	False	False	False
sp|P61981|1433G_HUMAN	psvid_54161_sp|P61981|1433G_HUMAN	-0.16635024557810718	-0.6537951619658402	0.3210946708096258	0.21850883154114406	-0.7612975841975719	0.4642039384912001	1.0	0.2609305004405419	-11.797619136845102	0.13751286264749793	0.37082726793953263	0.23007597863401266	-0.7230230924833942	0.4889192453665797	1.0	False	False	False	False
sp|Q02985|FHR3_HUMAN	psvid_55751_sp|Q02985|FHR3_HUMAN	0.3235248637226693	-0.6287932095376766	1.275842936983015	0.426899332514751	0.7578481367419104	0.4661749941185539	1.0	0.5920194702126255	-13.42776098151697	0.3859491207255417	0.62124803478606	0.3895550603520085	0.8304984241003744	0.4287769266289402	1.0	False	False	False	False
sp|Q13442|HAP28_HUMAN	psvid_30657_sp|Q13442|HAP28_HUMAN	0.5185667303621231	-1.0084827293537089	2.045616190077955	0.6845364100230444	0.7575444092808239	0.4663488049244389	1.0	1.15717442917523	-13.110854627450857	0.32103701627288356	0.5666012850963926	0.7054586493180119	0.7350774292206029	0.4819142987609129	1.0	False	False	False	False
sp|P07099|HYEP_HUMAN	psvid_64636_sp|P07099|HYEP_HUMAN	-0.249999972448536	-0.9891783535425649	0.4891784086454929	0.33135437240841736	-0.7544791717442425	0.4681052437846939	1.0	0.47934637144893055	-6.846464130785369	0.20398135370204026	0.4516429493549526	0.330927300333824	-0.7554528508114855	0.4702215763194898	1.0	False	False	False	False
sp|P62495|ERF1_HUMAN	psvid_74785_sp|P62495|ERF1_HUMAN	-0.31438294092933283	-1.2459576111812207	0.6171917293225551	0.41760060644093183	-0.7528316196873177	0.4690510719879518	1.0	0.5880032913954295	-13.270077249796369	0.35343015283214424	0.5944999182776598	0.3874207156188547	-0.8114768474038528	0.4390387076550052	1.0	False	False	False	False
sp|P17152|TMM11_HUMAN	psvid_87536_sp|P17152|TMM11_HUMAN	0.3296522319737951	-0.649612922086712	1.3089173860343022	0.4389790053990699	0.7509521592589894	0.4701315269520436	1.0	0.5084902505931496	-14.742774464140542	0.5798780877945203	0.7614972670958973	0.3458133289317647	0.9532664139699529	0.36655597723750655	1.0	False	False	False	False
sp|Q9HCN8|SDF2L_HUMAN	psvid_102189_sp|Q9HCN8|SDF2L_HUMAN	-0.1513887398453706	-0.6011116547792031	0.29833417508846194	0.20159904300099926	-0.7509397742757152	0.4701386520435043	1.0	0.27994374857388	-10.150813551564323	0.08575486744744334	0.29283932018675934	0.23776764653950386	-0.6367087450656082	0.5409391386644438	1.0	False	False	False	False
sp|A6NDB9|PALM3_HUMAN	psvid_61003_sp|A6NDB9|PALM3_HUMAN	-0.4976908369245967	-1.9761708423433233	0.9807891684941299	0.6627639915399484	-0.7509322221447183	0.470142996824798	1.0	1.0639413011630232	-13.975278849276224	0.4899139181886052	0.6999385102911578	0.652081243579112	-0.7632344003530838	0.4658052721715467	1.0	False	False	False	False
sp|Q969V3|NCLN_HUMAN	psvid_48681_sp|Q969V3|NCLN_HUMAN	-0.24870994202421404	-0.9876495923153451	0.49022970826691703	0.33124735562141167	-0.7508284603740926	0.4702026941243022	1.0	0.4880264427026473	-12.32900504129756	0.19074818777412023	0.436747281358591	0.33533730497065106	-0.7416709633483256	0.47811013821381143	1.0	False	False	False	False
sp|P04839|CY24B_HUMAN	psvid_47971_sp|P04839|CY24B_HUMAN	-0.31649254979657915	-1.2590496412527212	0.626064541659563	0.42252373917686836	-0.7490527050933236	0.4712250908415282	1.0	0.49214200893358434	-14.261853676424257	0.5331367004949996	0.7301621056279213	0.3374354260865792	-0.9379351583415947	0.37394602693511114	1.0	False	False	False	False
sp|Q16531|DDB1_HUMAN	psvid_46097_sp|Q16531|DDB1_HUMAN	-0.2703935508101285	-1.0768525120003178	0.5360654103800608	0.36151450014381115	-0.747946626490958	0.47186263580141374	1.0	0.3182408592376692	-14.080037236616988	0.5068603323167574	0.7119412421799691	0.2540662868090123	-1.0642637959021688	0.31626360968812633	1.0	False	False	False	False
sp|P26368|U2AF2_HUMAN	psvid_68906_sp|P26368|U2AF2_HUMAN	-0.2923970084305796	-1.164921896301753	0.5801278794405939	0.39113013046102585	-0.7475696338861204	0.4720800604232898	1.0	0.4809763407770321	-13.598177323984526	0.4203827334380326	0.6483692878584184	0.331753834185379	-0.8813673823802518	0.40215166241750955	1.0	False	False	False	False
sp|O60518|RNBP6_HUMAN	psvid_83738_sp|O60518|RNBP6_HUMAN	-0.31461355267550317	-1.2536734922637223	0.6244463869127158	0.4209560572856616	-0.7473786093117216	0.4721902552562845	1.0	0.6157620809434033	-17.443218065627455	0.3164542100473668	0.5625426295378572	0.4022280548788227	-0.782177048217796	0.4551690743801736	1.0	False	False	False	False
sp|P22087|FBRL_HUMAN	psvid_35253_sp|P22087|FBRL_HUMAN	0.2750608410240658	-0.5466411508011566	1.0967628328492882	0.36834755286675214	0.7467426860402346	0.4725572134177908	1.0	0.4074513080264723	-13.661818464900989	0.4328701271709383	0.657928664196156	0.29530197207956904	0.9314561602384109	0.3771016445792383	1.0	False	False	False	False
sp|Q9NRZ7|PLCC_HUMAN	psvid_80789_sp|Q9NRZ7|PLCC_HUMAN	-0.19123395501045426	-0.7644623538497776	0.38199444382886905	0.2569633273946143	-0.7442071868752674	0.47402212342761774	1.0	0.3205106501705341	-12.215643249051219	0.1770334447613187	0.42075342513319924	0.2550627437916546	-0.7497525987827597	0.47347397607910724	1.0	False	False	False	False
sp|Q58FF3|ENPLL_HUMAN	psvid_72761_sp|Q58FF3|ENPLL_HUMAN	0.14749022469513617	-0.29493030237435375	0.589910751764626	0.1983255731461439	0.7436772895972033	0.47432864144063974	1.0	0.19969163956536606	-11.80588994510737	0.13813710163046017	0.3716679992015188	0.2075196968841406	0.7107287978426491	0.4961301222284904	1.0	False	False	False	False
sp|Q969Q0|RL36L_HUMAN	psvid_91789_sp|Q969Q0|RL36L_HUMAN	0.257797251698213	-0.5158387205203886	1.0314332239168147	0.3468008110135208	0.7433582722739429	0.47451323712050364	1.0	0.5418166988610132	-12.048836421349142	0.1592466364079395	0.39905718438331556	0.36309104118663255	0.7100071950431367	0.4965554361480322	1.0	False	False	False	False
sp|Q9P0Z9|SOX_HUMAN	psvid_63983_sp|Q9P0Z9|SOX_HUMAN	0.2659735715710263	-0.5327007809348441	1.0646479240768967	0.3580248632834638	0.7428913431647441	0.4747835025508275	1.0	0.46460690684935246	-13.09796633790784	0.3184636056402437	0.564325797425781	0.3234877350611997	0.8222060459902986	0.43323010921611843	1.0	False	False	False	False
sp|P07205|PGK2_HUMAN	psvid_56005_sp|P07205|PGK2_HUMAN	0.43059082567362506	-0.8635150885065017	1.7246967398537518	0.5801138994196716	0.7422522130643225	0.4751535989637263	1.0	0.8718194396339992	-14.31241790411272	0.5396700815613215	0.7346224074729285	0.5432071972378751	0.7926824752380179	0.44934053426115117	1.0	False	False	False	False
sp|P02647|APOA1_HUMAN	psvid_54328_sp|P02647|APOA1_HUMAN	0.13681741874238362	-0.27444086711640125	0.5480757046011685	0.18435635388417068	0.7421356295012468	0.4752211279114579	1.0	0.22087805628737542	-10.94793343935612	0.09739230755655963	0.3120774063538718	0.2149007641022793	0.6366539426414841	0.5409731846925477	1.0	False	False	False	False
sp|P24534|EF1B_HUMAN	psvid_31234_sp|P24534|EF1B_HUMAN	0.3303539305702867	-0.6627776271649604	1.3234854883055338	0.44519495219178434	0.7420432979841479	0.47527461361865525	1.0	0.5610247150385811	-14.178258108188817	0.5215787944974003	0.7222041224594334	0.3731589413792257	0.8852901376268028	0.40014802242639297	1.0	False	False	False	False
sp|O60568|PLOD3_HUMAN	psvid_52166_sp|O60568|PLOD3_HUMAN	-0.32328226716450414	-1.2969055688891435	0.6503410345601351	0.4364499102742835	-0.7407087492842878	0.47604811641408046	1.0	0.5816764753483282	-13.731985359600813	0.44633582266219396	0.668083694354378	0.38406416356728207	-0.8417402554869458	0.42279026362402444	1.0	False	False	False	False
sp|Q9UDX4|S14L3_HUMAN	psvid_87457_sp|Q9UDX4|S14L3_HUMAN	0.3310107352784133	-0.6673712365203216	1.3293927070771483	0.4475485757573388	0.7396085100221335	0.4766864139169265	1.0	0.5474830497694039	-15.80052836884915	0.555238784664563	0.7451434658269258	0.3660531843782749	0.9042695143893376	0.3905542364337548	1.0	False	False	False	False
sp|Q00325|S25A3_HUMAN	psvid_69811_sp|Q00325|S25A3_HUMAN	-0.18052699017612817	-0.7252277359644773	0.364173755612221	0.24417512523020585	-0.73933407428758	0.47684571072387316	1.0	0.371857250772243	-10.593446044850001	0.09005914423129263	0.30009855752951003	0.278382674321237	-0.648485005815451	0.5336525967478551	1.0	False	False	False	False
sp|P07858|CATB_HUMAN	psvid_79845_sp|P07858|CATB_HUMAN	-0.15508981939861188	-0.6231391273296221	0.31295948853239836	0.20981428658144885	-0.7391766400921741	0.47693710896144265	1.0	0.25494219504724225	-11.584966768337909	0.12338166086025038	0.35125725737733926	0.22771469497595032	-0.6810707557322615	0.5137991191372993	1.0	False	False	False	False
sp|P38646|HSPA9_HUMAN	psvid_31483_sp|P38646|HSPA9_HUMAN	-0.11929633403594497	-0.4796547613825841	0.24106209331069417	0.1615392760253638	-0.7384973919111404	0.4773315729227987	1.0	0.1164908028809121	-11.35027914137214	0.11140096523113907	0.33376783133061083	0.18400871420248918	-0.6483189372470013	0.5337549424883077	1.0	False	False	False	False
sp|O96008|TOM40_HUMAN	psvid_94523_sp|O96008|TOM40_HUMAN	0.29979092506509586	-0.6091631044309053	1.208744954561097	0.40746036368917626	0.7357548163722396	0.4789263854143725	1.0	0.5843129622488491	-13.094013775026557	0.3176762542086153	0.563627762098901	0.3854620292630784	0.777744375076924	0.4576434238217319	1.0	False	False	False	False
sp|P05976|MYL1_HUMAN	psvid_81173_sp|P05976|MYL1_HUMAN	-0.41947396588803576	-1.691630178301242	0.8526822465251704	0.5702744211021845	-0.7355651075447278	0.4790368258300816	1.0	0.8539210742018474	-14.236135511019931	0.529679603745018	0.727790906610558	0.5331657873210515	-0.7867608459945031	0.452619753186275	1.0	False	False	False	False
sp|P22234|PUR6_HUMAN	psvid_85800_sp|P22234|PUR6_HUMAN	-0.4732598181635863	-1.912494948856252	0.9659753125290793	0.6451715386656445	-0.7335410659037919	0.480216138107309	1.0	1.0022229970504979	-14.58943412880588	0.5688494417304172	0.7542210827936443	0.6169182361112304	-0.7671354005464308	0.46360160063323186	1.0	False	False	False	False
sp|O43741|AAKB2_HUMAN	psvid_87839_sp|O43741|AAKB2_HUMAN	-0.23633907361144368	-0.9562925268513203	0.4836143796284329	0.32273633910733335	-0.732297683815654	0.48094150476276776	1.0	0.2915286378606629	-13.48378915909176	0.397402451074474	0.6303986445690329	0.2425903519146852	-0.974231133868671	0.3566256219566521	1.0	False	False	False	False
sp|P08590|MYL3_HUMAN	psvid_93158_sp|P08590|MYL3_HUMAN	-0.41736782265924965	-1.689144668999325	0.8544090236808257	0.570104361194738	-0.7320902120176623	0.4810626072563192	1.0	0.8531739024110528	-14.243307495316788	0.5306526322716945	0.7284590807119466	0.5327470660034064	-0.7834258493252425	0.45447359573566626	1.0	False	False	False	False
sp|Q96GQ5|RUSF1_HUMAN	psvid_48646_sp|Q96GQ5|RUSF1_HUMAN	-0.5843839903118675	-2.3670334545491887	1.1982654739254535	0.7991152197556208	-0.731288775216394	0.4815305910048012	1.0	1.3416823808828202	-13.89084894141253	0.4754066072944859	0.6894973584390921	0.8117915989233851	-0.7198694727647954	0.490762526005935	1.0	False	False	False	False
sp|Q13283|G3BP1_HUMAN	psvid_63060_sp|Q13283|G3BP1_HUMAN	0.6336482924041866	-1.301999148247536	2.569295733055909	0.8677002186560459	0.7302617641212825	0.4821307134683612	1.0	1.464352214998939	-14.215491585227813	0.5268405821007613	0.7258378483523447	0.8828666670660426	0.7177168603611883	0.4920232548615204	1.0	False	False	False	False
sp|Q06033|ITIH3_HUMAN	psvid_56970_sp|Q06033|ITIH3_HUMAN	-0.289516809228465	-1.1748478714964379	0.5958142530395077	0.39687080414512865	-0.7294988852911282	0.4825767976769922	1.0	0.3908867463689227	-14.531670420230132	0.5637261177514366	0.7508169668777048	0.2873601785624611	-1.0075049739904556	0.34127885539338376	1.0	False	False	False	False
sp|P59190|RAB15_HUMAN	psvid_85856_sp|P59190|RAB15_HUMAN	0.22129189221179724	-0.45745001629541737	0.9000338007190118	0.30426227940788503	0.7273063642408985	0.4838602919751217	1.0	0.44353843591089837	-12.12860578147397	0.16740407948053743	0.40915043624629976	0.31296839429100815	0.707074248545471	0.4982864848435229	1.0	False	False	False	False
sp|Q9H444|CHM4B_HUMAN	psvid_50788_sp|Q9H444|CHM4B_HUMAN	0.32300463826791015	-0.6683279916570938	1.3143372681929142	0.44438853981445137	0.7268518634678934	0.4841266231289651	1.0	0.683853469034914	-12.917143725937791	0.2835104967659679	0.5324570374837466	0.4390361462321956	0.7357130865873645	0.48154670761676766	1.0	False	False	False	False
sp|Q9NRV9|HEBP1_HUMAN	psvid_77890_sp|Q9NRV9|HEBP1_HUMAN	-0.1503574985961138	-0.6134705204913506	0.31275552329912304	0.20760147841058318	-0.7242602497210773	0.48564702971685736	1.0	0.2705263671024719	-11.222002374604546	0.10614685342278934	0.3258018622150422	0.23392193910619363	-0.6427678360166805	0.5371827492670316	1.0	False	False	False	False
sp|P36269|GGT5_HUMAN	psvid_58832_sp|P36269|GGT5_HUMAN	0.18904289258040663	-0.3943742125691224	0.7724599977299357	0.2615306584630299	0.7228326257861267	0.48648584137969675	1.0	0.3735687313480205	-11.729123949900174	0.1325695504869726	0.3641010168716542	0.27918333560755315	0.677128139360522	0.5161768834797463	1.0	False	False	False	False
sp|P08240|SRPRA_HUMAN	psvid_27191_sp|P08240|SRPRA_HUMAN	-0.20296638408218337	-0.8296298426179517	0.42369707445358495	0.2809168697643411	-0.7225140457119938	0.4866731492336035	1.0	0.40099067291073665	-11.98626607795692	0.1532827795196253	0.39151344743140726	0.292191043914364	-0.6946358839857844	0.5056697777096141	1.0	False	False	False	False
sp|Q07065|CKAP4_HUMAN	psvid_26991_sp|Q07065|CKAP4_HUMAN	-0.12934614794908317	-0.5298259076695306	0.27113361177136425	0.17952462198371863	-0.7204925236428782	0.4878627455061956	1.0	0.21689226680327758	-10.661020558972869	0.09115994189937338	0.30192704731337566	0.21347547185332696	-0.6059063686621257	0.5602732541552041	1.0	False	False	False	False
sp|Q9BRL6|SRSF8_HUMAN	psvid_31477_sp|Q9BRL6|SRSF8_HUMAN	0.374063108720033	-0.7845617384744423	1.5326879559145083	0.5193812737470835	0.7202090788167033	0.4880296880840433	1.0	0.7155180663320401	-14.775673817496003	0.5817494397406268	0.7627250092534181	0.45635279696429676	0.8196796671529949	0.4345930979790522	1.0	False	False	False	False
sp|Q96BI1|S67A1_HUMAN	psvid_68804_sp|Q96BI1|S67A1_HUMAN	-0.46036719305526486	-1.8866453327989592	0.9659109466884295	0.6393632578581844	-0.7200401139681658	0.48812922151277816	1.0	0.9853945833150752	-14.786604801285844	0.5823321519942517	0.7631069073165645	0.607358075607826	-0.7579831594311857	0.46878254173559586	1.0	False	False	False	False
sp|O14949|QCR8_HUMAN	psvid_108947_sp|O14949|QCR8_HUMAN	0.14079031471468717	-0.2960698100846079	0.5776504395139823	0.1958329899595905	0.7189305271994202	0.48878316909236086	1.0	0.2561522444493635	-10.793100102567838	0.09369972246923645	0.3061041039732013	0.22818937331018385	0.6169889187754032	0.5532714502853237	1.0	False	False	False	False
sp|P40939|ECHA_HUMAN	psvid_56092_sp|P40939|ECHA_HUMAN	0.24999981966325535	-0.5267908303729905	1.0267904696995012	0.34821497072807994	0.7179467876999449	0.48936340383149246	1.0	0.5801325205181562	-8.798302343010333	0.09831717555184696	0.3135556976867857	0.38324613792708145	0.6523218238165827	0.5312912887349865	1.0	False	False	False	False
sp|Q9BY50|SC11C_HUMAN	psvid_81600_sp|Q9BY50|SC11C_HUMAN	-0.20731016715276107	-0.8515099305205378	0.43688959621501566	0.2887779374451526	-0.7178878309986383	0.4893981916310157	1.0	0.40715652628001453	-12.137308165775952	0.16833230852067657	0.41028320526275086	0.29515966513192743	-0.7023661822495283	0.501073149939252	1.0	False	False	False	False
sp|O75881|CP7B1_HUMAN	psvid_65229_sp|O75881|CP7B1_HUMAN	-0.21127637235883112	-0.8678700268563639	0.4453172821387017	0.29433379530306275	-0.717812142983068	0.4894428541142177	1.0	0.31677221862256977	-12.925462073358077	0.28506451075320427	0.5339143290390362	0.25342324422185597	-0.8336897943500087	0.42707150719616993	1.0	False	False	False	False
sp|Q9UDW1|QCR9_HUMAN	psvid_107074_sp|Q9UDW1|QCR9_HUMAN	0.30068177954951736	-0.6382428597793723	1.239606418878407	0.4208954057113415	0.7143859863268048	0.4914672408777923	1.0	0.7202789007326743	-11.107279917156436	0.10210405656916682	0.31953725380488396	0.4589659951502662	0.6551286647087519	0.5295678394595332	1.0	False	False	False	False
sp|P17066|HSP76_HUMAN	psvid_39366_sp|P17066|HSP76_HUMAN	-0.1482017680717287	-0.6110877331118276	0.3146841969683702	0.20749969474961635	-0.7142264389861359	0.49156163802986	1.0	0.22623538696871656	-11.825819064511682	0.13966594212672362	0.3737190684548002	0.21684213982112227	-0.6834546467489369	0.5123646866208497	1.0	False	False	False	False
sp|Q86YB7|ECHD2_HUMAN	psvid_31293_sp|Q86YB7|ECHD2_HUMAN	-0.1931191872854483	-0.7969198279016165	0.4106814533307199	0.27066806531199156	-0.7134908474069344	0.4919970009073361	1.0	0.17361871925932507	-13.130378867858497	0.32495237286104767	0.5700459392549408	0.19914455169424622	-0.9697437647300094	0.35873415523252355	1.0	False	False	False	False
sp|P36543|VATE1_HUMAN	psvid_87175_sp|P36543|VATE1_HUMAN	-0.26610999196326146	-1.098156443980956	0.5659364600544329	0.37298470433472014	-0.713460870836279	0.49201474773874	1.0	0.5101473348489504	-13.033855232849705	0.305809247275345	0.553000223576216	0.34666628353201895	-0.767625825194168	0.46332504684736375	1.0	False	False	False	False
sp|P62316|SMD2_HUMAN	psvid_55812_sp|P62316|SMD2_HUMAN	-0.23401314613054014	-0.9658688715462284	0.4978425792851481	0.3280718170216266	-0.7132985340070035	0.49211086184488123	1.0	0.4961268137770045	-12.133435083281213	0.16791825126124263	0.40977829525396126	0.33947116476637096	-0.6893461666813187	0.5088302612912806	1.0	False	False	False	False
sp|Q9H9B4|SFXN1_HUMAN	psvid_43805_sp|Q9H9B4|SFXN1_HUMAN	-0.12813724737251464	-0.5289073718944144	0.27263287714938506	0.1796547849443998	-0.7132414948601064	0.4921446355475517	1.0	0.21884819321547982	-10.595460855562528	0.09009011002948981	0.3001501458095428	0.21417284024095637	-0.5982889671181141	0.5651151528901274	1.0	False	False	False	False
sp|P84098|RL19_HUMAN	psvid_46147_sp|P84098|RL19_HUMAN	0.18969853504038037	-0.404089503431712	0.7834865735124728	0.26617967714415175	0.7126709938026095	0.49248251661945136	1.0	0.40886956119431306	-11.123820135914002	0.10265147304597717	0.32039268569363	0.29598711853498716	0.6409013202307892	0.5383382585980299	1.0	False	False	False	False
sp|P80723|BASP1_HUMAN	psvid_67990_sp|P80723|BASP1_HUMAN	-0.11720533933506783	-0.48587468666874917	0.2514640079986135	0.16526484450366136	-0.7091970448226284	0.49454307826469257	1.0	0.1709216830267192	-10.787644752566221	0.09358416118754488	0.30591528433137316	0.19832648243671303	-0.5909717043081659	0.5697886020357308	1.0	False	False	False	False
sp|Q9NUL3|STAU2_HUMAN	psvid_35627_sp|Q9NUL3|STAU2_HUMAN	0.3712048757309563	-0.7984509444550372	1.5408606959169497	0.5243261709818333	0.7079655685236007	0.4952748035524888	1.0	0.7261622792110307	-15.393695773358306	0.5843695571668767	0.764440682569208	0.4621986469316492	0.8031284344842549	0.44359483979386455	1.0	False	False	False	False
sp|O15533|TPSN_HUMAN	psvid_881288_sp|O15533|TPSN_HUMAN	-0.35836821335884483	-1.4879712002810384	0.7712347735633487	0.5063715313863645	-0.7077179326762107	0.4954220259488231	1.0	0.7587936801091971	-13.577723807876461	0.41632034240605076	0.6452289069826698	0.4801909772844565	-0.7463035132093996	0.47544901626584707	1.0	False	False	False	False
sp|Q9UH99|SUN2_HUMAN	psvid_70349_sp|Q9UH99|SUN2_HUMAN	-0.3301262547280226	-1.371938706413715	0.7116861969576698	0.4670173261624032	-0.7068822423372417	0.49591905317323803	1.0	0.5862148811682343	-14.714440735466708	0.578125387813902	0.7603455713120857	0.3864711953173104	-0.8542066232309343	0.41621948533078246	1.0	False	False	False	False
sp|O15145|ARPC3_HUMAN	psvid_20272_sp|O15145|ARPC3_HUMAN	-0.3154252111813616	-1.3152080391280685	0.6843576167653455	0.4481765429999126	-0.7037967874669047	0.4977567940759097	1.0	0.5585675104429039	-14.309413383062644	0.5392917848844109	0.7343648853835612	0.3718668342743925	-0.8482208740040962	0.4193655255036645	1.0	False	False	False	False
sp|P08133|ANXA6_HUMAN	psvid_50160_sp|P08133|ANXA6_HUMAN	0.25080310141752804	-0.5443778144067929	1.045984017241849	0.35645884681332557	0.7035962318221589	0.49787639294461916	1.0	0.601853806649732	-9.379586637953086	0.08838561602889344	0.29729718469722083	0.39479303109863106	0.635277428073116	0.5418287602337829	1.0	False	False	False	False
sp|Q8IVS2|FABD_HUMAN	psvid_60644_sp|Q8IVS2|FABD_HUMAN	0.33407483967284257	-0.7273898367084839	1.395539516054169	0.47582690548317974	0.702093210415677	0.49877326423782686	1.0	0.6195369288288657	-15.765073062146893	0.5586065738579816	0.7473998754736193	0.4042512926234022	0.826403887306959	0.430971835099351	1.0	False	False	False	False
sp|P46459|NSF_HUMAN	psvid_33044_sp|P46459|NSF_HUMAN	0.2174070643903483	-0.47465139216381846	0.909465520944515	0.31023174027633416	0.7007892364485216	0.4995521660451693	1.0	0.2003421371020455	-13.627001605694446	0.4260683272920359	0.6527390958813758	0.20773897345428818	1.0465396106243277	0.3239186142950278	1.0	False	False	False	False
sp|Q9UBI6|GBG12_HUMAN	psvid_47105_sp|Q9UBI6|GBG12_HUMAN	-0.22804365716052377	-0.9543422506259388	0.49825493630489126	0.3255806998341242	-0.7004213003925194	0.49977208015628255	1.0	0.5277079672579426	-11.320212268207738	0.11009487629942265	0.33180547961030216	0.3557456118827454	-0.6410301337341232	0.5382584662780744	1.0	False	False	False	False
sp|P62304|RUXE_HUMAN	psvid_104389_sp|P62304|RUXE_HUMAN	-0.31509748085517586	-1.319205532930951	0.6890105712205994	0.45011542806942983	-0.7000370598418422	0.5000018028749856	1.0	0.6535390264112251	-13.358226751488445	0.37162276210609324	0.6096086958911374	0.4225709147852951	-0.7456676970190301	0.47581368480640074	1.0	False	False	False	False
sp|P52209|6PGD_HUMAN	psvid_64329_sp|P52209|6PGD_HUMAN	0.2117106385588996	-0.46363003779395595	0.8870513149117552	0.30273759582033893	0.6993206046484569	0.5004303171403459	1.0	0.2804489442533707	-13.222924537797802	0.3437451720706379	0.5862978526914779	0.23797587870951564	0.8896306621786798	0.3979392788192639	1.0	False	False	False	False
sp|P62269|RS18_HUMAN	psvid_105195_sp|P62269|RS18_HUMAN	0.15127932667145316	-0.3317582295776036	0.6343168829205099	0.2165331270426339	0.6986428762083471	0.5008358761712184	1.0	0.31429800690042914	-10.2151482659788	0.0860918821111283	0.29341418185072154	0.2523429716381499	0.5994988712758044	0.5643445054988139	1.0	False	False	False	False
sp|P39023|RL3_HUMAN	psvid_60920_sp|P39023|RL3_HUMAN	0.2499998196632549	-0.5484193294135041	1.0484189687400138	0.3579104622481352	0.6984982168247792	0.5009224677992665	1.0	0.5973152356392789	-8.652061777942313	0.10198373814846264	0.3193489285224903	0.39237366577844984	0.6371472947025323	0.5406667351538685	1.0	False	False	False	False
sp|Q9H6U8|ALG9_HUMAN	psvid_59343_sp|Q9H6U8|ALG9_HUMAN	-0.3364235697527955	-1.411106140630105	0.738259001124514	0.4817521425400249	-0.6983333130165473	0.5010211887308911	1.0	0.6622130731523713	-14.058561459877136	0.5034872963325101	0.7095683873542494	0.4272701451937846	-0.7873790704478395	0.45227665310709314	1.0	False	False	False	False
sp|Q9BUF5|TBB6_HUMAN	psvid_40978_sp|Q9BUF5|TBB6_HUMAN	-0.12838519000129	-0.539179023549204	0.2824086435466239	0.18414815203747367	-0.6971842431259585	0.5017094193581252	1.0	0.23657182852716246	-10.198658578973394	0.08599671876420006	0.29325197145833487	0.22066819717688535	-0.5818019616953582	0.5756758737028113	1.0	False	False	False	False
sp|O75955|FLOT1_HUMAN	psvid_63021_sp|O75955|FLOT1_HUMAN	-0.1604311218261416	-0.6740410801054145	0.3531788364531313	0.2302379367974141	-0.6968057656254305	0.5019362336275728	1.0	0.23703144106001303	-12.261547184518403	0.18242525391795694	0.42711269463451557	0.22084071568713798	-0.7264562665764143	0.48691758927617595	1.0	False	False	False	False
sp|P36021|MOT8_HUMAN	psvid_98866_sp|P36021|MOT8_HUMAN	-0.292276500422048	-1.2281706315859648	0.6436176307418687	0.4195369080106959	-0.6966645719155573	0.5020208643766109	1.0	0.44518993488944786	-14.920040327248568	0.5878691272626952	0.7667262401031383	0.3137878345837029	-0.9314462455493419	0.37710648840290567	1.0	False	False	False	False
sp|P08684|CP3A4_HUMAN	psvid_54083_sp|P08684|CP3A4_HUMAN	-0.2064926299837777	-0.8677253398255923	0.4547400798580369	0.29641336271397284	-0.6966373853497115	0.502037160860859	1.0	0.3555034355353228	-6.417197904806811	0.2513674821962695	0.5013656172856985	0.2708035700901047	-0.7625181230626732	0.4662106434794752	1.0	False	False	False	False
sp|Q14699|RFTN1_HUMAN	psvid_60680_sp|Q14699|RFTN1_HUMAN	-0.4797427892331334	-2.0163016020319953	1.0568160235657285	0.6887992047738511	-0.6964914969532291	0.5021246164956447	1.0	1.093808624675187	-14.595806375573398	0.5693825467027639	0.7545744142911048	0.6691494304273227	-0.7169441793094958	0.49247629489294004	1.0	False	False	False	False
sp|P30533|AMRP_HUMAN	psvid_44289_sp|P30533|AMRP_HUMAN	-0.1375915583675673	-0.578425900478067	0.3032427837429324	0.19761452783549513	-0.6962623642837933	0.5022619933556702	1.0	0.23865944559216815	-11.330156602476315	0.11052161020279473	0.3324479059985109	0.22145340160369095	-0.6213115597736389	0.5505542648223328	1.0	False	False	False	False
sp|P27708|PYR1_HUMAN	psvid_44236_sp|P27708|PYR1_HUMAN	-0.37782600951977763	-1.5929159500028378	0.8372639309632826	0.5446931010788433	-0.693649338997389	0.5038302631699134	1.0	0.7909388406055236	-15.909601936639028	0.5440079705759812	0.7375689598783162	0.4980111682602802	-0.7586697520050613	0.46839256108841854	1.0	False	False	False	False
sp|Q96F07|CYFP2_HUMAN	psvid_59039_sp|Q96F07|CYFP2_HUMAN	-0.2960516104869799	-1.251536383790434	0.6594331628164742	0.42831888147915226	-0.6911943957842768	0.5053063779531163	1.0	0.4702059994024514	-15.052303150945399	0.5904832474827106	0.7684290777181135	0.32630634652947904	-0.9072811903161502	0.3890471765871404	1.0	False	False	False	False
sp|P28845|DHI1_HUMAN	psvid_59047_sp|P28845|DHI1_HUMAN	-0.3068066822128439	-1.2975420606858203	0.6839286962601324	0.44412080757942074	-0.6908180769215111	0.5055328847928493	1.0	0.7700446441371933	-9.236544219363413	0.09017751677941277	0.30029571555287426	0.4864178381996063	-0.6307471850712489	0.5446501744957214	1.0	False	False	False	False
sp|P60660|MYL6_HUMAN	psvid_16801_sp|P60660|MYL6_HUMAN	0.1581651629776597	-0.3527041604262837	0.6690344863816031	0.22900938172553642	0.6906492729071587	0.5056345082576584	1.0	0.33439644069241026	-10.819165284708578	0.09426505904952127	0.30702615368974884	0.2612262249968484	0.6054719926361448	0.5605487191423162	1.0	False	False	False	False
sp|P28332|ADH6_HUMAN	psvid_418778_sp|P28332|ADH6_HUMAN	-0.1330336343792995	-0.5627342732021221	0.2966670044435231	0.19262357929069387	-0.6906404442756956	0.5056398236166126	1.0	0.19278267781207784	-11.70617557531976	0.13100057839104004	0.36194002043299944	0.2052208208830491	-0.648246283232209	0.5337997218319389	1.0	False	False	False	False
sp|Q9Y512|SAM50_HUMAN	psvid_63908_sp|Q9Y512|SAM50_HUMAN	0.2404581302059663	-0.5375470022294401	1.0184632626413728	0.34875939148424345	0.6894671113590067	0.5063465423383022	1.0	0.39560848041622554	-13.380816967329228	0.3762852384644912	0.6134209308985887	0.2896123998537486	0.8302756730284866	0.42889613607079236	1.0	False	False	False	False
sp|P53582|MAP11_HUMAN	psvid_71806_sp|P53582|MAP11_HUMAN	-0.5023926681242394	-2.1284243471734294	1.1236390109249508	0.7289075550750059	-0.6892405828782256	0.5064830535741941	1.0	1.195440679208012	-14.041401559682994	0.5007538336311582	0.7076396212982695	0.7274432682680619	-0.6906279706462393	0.5080632902375594	1.0	False	False	False	False
sp|Q13438|OS9_HUMAN	psvid_24520_sp|Q13438|OS9_HUMAN	-0.166045478430477	-0.7036943218542877	0.3716033649933337	0.24101394148612956	-0.6889455332194258	0.5066608908136594	1.0	0.2903218800233867	-12.10636730280962	0.1650665019072011	0.406283770174494	0.24208341880723527	-0.6859019062461882	0.5108946963036709	1.0	False	False	False	False
sp|Q96HY6|DDRGK_HUMAN	psvid_31516_sp|Q96HY6|DDRGK_HUMAN	0.1361974148272509	-0.3049022049790901	0.5772970346335919	0.19773344490161568	0.6887930106867725	0.5067528366246393	1.0	0.2260513388871837	-11.520337206626436	0.11974289374793658	0.34603886161518993	0.21677496487121165	0.6282894102101101	0.5461844724710471	1.0	False	False	False	False
sp|Q9BVC6|TM109_HUMAN	psvid_98278_sp|Q9BVC6|TM109_HUMAN	-0.1853305073853022	-0.785874148559511	0.41521313378890656	0.26920803748430033	-0.6884285815430392	0.5069725680969824	1.0	0.1840642413967925	-13.08170769270266	0.31523064580599086	0.5614540460322562	0.20240039027880183	-0.9156627965490272	0.38487502692158304	1.0	False	False	False	False
sp|P30041|PRDX6_HUMAN	psvid_87098_sp|P30041|PRDX6_HUMAN	-0.12289701668583808	-0.5213165661411336	0.27552253276945743	0.17860108350248163	-0.688109020817505	0.5071652939576597	1.0	0.21492688435385826	-10.63890867583217	0.09078547381295335	0.30130627907986474	0.21277876692599065	-0.5775812054056337	0.5783971257421974	1.0	False	False	False	False
sp|CATD_HUMAN|,sp|P07339|CATD_HUMAN	psvid_24407_sp|CATD_HUMAN|	-0.12070847494503623	-0.5122904603062188	0.2708735104161463	0.17553598200985707	-0.6876565907624452	0.5074382289602589	1.0	0.2100523000029001	-10.477538913071573	0.08846224286605389	0.2974260292342516	0.21106849769008745	-0.5718924248102285	0.5820761492972826	1.0	False	False	False	False
sp|Q13243|SRSF5_HUMAN	psvid_59788_sp|Q13243|SRSF5_HUMAN	-0.35075773389768505	-1.4895621695798071	0.788046701784437	0.5104963006667941	-0.6870916271862038	0.5077791767352975	1.0	0.7687732074364715	-13.567081915520536	0.41419799688478953	0.643582160166664	0.4857135902434035	-0.7221493096825052	0.48942952641009285	1.0	False	False	False	False
sp|Q9C0E8|LNP_HUMAN	psvid_78220_sp|Q9C0E8|LNP_HUMAN	-0.18419322592311982	-0.7834239996901842	0.41503754784394453	0.26861951329734296	-0.6857030736975196	0.5086177407264488	1.0	0.3460902950066498	-12.25739507667059	0.1819285486722541	0.4265308296855623	0.2665025938947876	-0.6911498429761527	0.5077512320451173	1.0	False	False	False	False
sp|Q96JJ7|TMX3_HUMAN	psvid_29983_sp|Q96JJ7|TMX3_HUMAN	-0.3537031001711881	-1.5052264720873136	0.7978202717449374	0.5161978677598187	-0.6852083711739824	0.5089167003538917	1.0	0.7037163832343711	-15.098373622171053	0.5907271138538975	0.7685877398540114	0.44988547752533437	-0.7862069745322465	0.45292728650592223	1.0	False	False	False	False
sp|P05362|ICAM1_HUMAN	psvid_44118_sp|P05362|ICAM1_HUMAN	-0.229746332215631	-0.9778459802174906	0.5183533157862286	0.33535354347854124	-0.685086937900008	0.5089901014415442	1.0	0.3844853333754146	-13.219893494236118	0.3431246182273633	0.5857683998197267	0.2843220937029781	-0.8080495230723765	0.4409053081232434	1.0	False	False	False	False
sp|Q9Y6L6|SO1B1_HUMAN	psvid_69219_sp|Q9Y6L6|SO1B1_HUMAN	-0.28027240005632725	-1.1951603183209367	0.6346155182082822	0.4101203711233134	-0.6833905843025194	0.5100161436990704	1.0	0.5150883358129237	-13.726934805023182	0.44537814759532635	0.6673665766243664	0.3492135420347431	-0.8025817052319325	0.44389432772468573	1.0	False	False	False	False
sp|O95255|MRP6_HUMAN	psvid_55070_sp|O95255|MRP6_HUMAN	-0.2531941931374022	-1.0798421131074645	0.5734537268326599	0.3705646833434104	-0.6832658494408157	0.5100916391881645	1.0	0.2617101851256564	-15.131279173609167	0.5906926331822998	0.7685653083390506	0.23038564739442827	-1.0990015914660036	0.3016689770245755	1.0	False	False	False	False
sp|P09104|ENOG_HUMAN	psvid_50022_sp|P09104|ENOG_HUMAN	0.23095163162368548	-0.5234215597073913	0.9853248229547623	0.338165809185708	0.6829538213215858	0.5102805231189877	1.0	0.36144346539553796	-13.394336042848726	0.379072580533014	0.6156887042434789	0.27354117144993817	0.8443029997988908	0.42143364884548834	1.0	False	False	False	False
sp|A6NGU5|GGT3_HUMAN	psvid_38856_sp|A6NGU5|GGT3_HUMAN	0.22839042929610454	-0.5177144704596769	0.974495329051886	0.3344593499116058	0.6828645375184332	0.5103345782021701	1.0	0.41203941681507555	-13.037085917456546	0.30644065789042585	0.5535708246380275	0.2975212982093926	0.767643965896403	0.46331481926807006	1.0	False	False	False	False
sp|P02743|SAMP_HUMAN	psvid_107946_sp|P02743|SAMP_HUMAN	0.27857258996077316	-0.631932531560121	1.1890777114816673	0.4081556777535506	0.6825155330289897	0.5105459091969695	1.0	0.689275276797661	-11.44009287627545	0.11559570332854725	0.33999368130679614	0.44199302626759923	0.6302646725292784	0.5449511893179944	1.0	False	False	False	False
sp|O60716|CTND1_HUMAN	psvid_28051_sp|O60716|CTND1_HUMAN	-0.21398954962487826	-0.9169091463309611	0.4889300470812046	0.3151005058824811	-0.679115220794622	0.5126076523724556	1.0	0.39039932503219416	-12.839852775816016	0.26935599019326917	0.5189951735741568	0.287128224506023	-0.745275216301104	0.4760388802786242	1.0	False	False	False	False
sp|O95154|ARK73_HUMAN	psvid_97357_sp|O95154|ARK73_HUMAN	-0.2199282375971383	-0.9430530286849189	0.5031965534906423	0.32415796707855726	-0.6784600717336075	0.5130054715082115	1.0	0.44164790747769245	-12.627067767854879	0.23331378739591724	0.4830256591485769	0.31203146542697635	-0.7048271150994141	0.49961532698097616	1.0	False	False	False	False
sp|P61916|NPC2_HUMAN	psvid_77729_sp|P61916|NPC2_HUMAN	0.22880938338154166	-0.5236059181552161	0.9812246849182994	0.337288138300527	0.6783795734247562	0.5130543644700668	1.0	0.4294314652828221	-12.9707840346193	0.29362996570303335	0.5418763380172946	0.3060064806576802	0.7477272471150815	0.4746331001850073	1.0	False	False	False	False
sp|O75251|NDUS7_HUMAN	psvid_74582_sp|O75251|NDUS7_HUMAN	-0.3441697008613134	-1.4768076162753438	0.7884682145527171	0.5077320106041531	-0.6778570065964208	0.5133718287532624	1.0	0.8450145717278973	-12.481200868746335	0.21129925772874153	0.459672989992605	0.5281769760096888	-0.651618144095323	0.531723887430789	1.0	False	False	False	False
sp|Q13247|SRSF6_HUMAN	psvid_29073_sp|Q13247|SRSF6_HUMAN	0.23152966107795603	-0.5307812335790437	0.9938405557349558	0.3417240743774369	0.677533947527003	0.5135681493832315	1.0	0.4152769845339797	-13.141649979573788	0.3272214630410296	0.5720327464761346	0.29909226135104966	0.7741078289090393	0.4596800260197468	1.0	False	False	False	False
sp|Q96S66|CLCC1_HUMAN	psvid_91752_sp|Q96S66|CLCC1_HUMAN	0.18192487890980713	-0.4178600737123268	0.7817098315319411	0.26886793721154323	0.6766328510441542	0.5141159780438523	1.0	0.359683445057152	-12.13322817468617	0.1678961738452812	0.4097513561237854	0.27272817025938834	0.6670556940882956	0.522282061562009	1.0	False	False	False	False
sp|P46779|RL28_HUMAN	psvid_43422_sp|P46779|RL28_HUMAN	-0.14498393979633084	-0.6232137768500497	0.33324589725738807	0.2143779520301704	-0.6763006103161513	0.514318055121586	1.0	0.2951175875245506	-11.016807209106524	0.09930792486110873	0.3151315992741901	0.2441041078718492	-0.593943055937613	0.5678882057995117	1.0	False	False	False	False
sp|Q15582|BGH3_HUMAN	psvid_38592_sp|Q15582|BGH3_HUMAN	-0.4172098344656394	-1.7935819781072253	0.9591623091759465	0.6169917025735777	-0.6762000732349981	0.5143792136945529	1.0	0.9345098904747325	-15.22154554992643	0.5897160635872868	0.7679297256828171	0.5785316298035986	-0.72115302426468	0.4900117615092306	1.0	False	False	False	False
sp|Q14390|GGTL2_HUMAN	psvid_87714_sp|Q14390|GGTL2_HUMAN	0.3309315658728589	-0.7622604033686116	1.4241235351143293	0.4900494226492408	0.6753024298729302	0.5149254607200677	1.0	0.6960322301844999	-13.882379794057666	0.4739127201318792	0.6884131899752352	0.4456828981693587	0.7425269563453285	0.477617697154272	1.0	False	False	False	False
sp|Q9HCS2|CP4FC_HUMAN	psvid_61571_sp|Q9HCS2|CP4FC_HUMAN	0.2114102586700115	-0.48785223638009534	0.9106727537201184	0.31346112267668963	0.6744385296165243	0.5154515030969826	1.0	0.5153459302195008	-10.629206205371078	0.0906255762790789	0.30104082161573853	0.3493465022161849	0.6051592253790056	0.5607471124585991	1.0	False	False	False	False
sp|Q03154|ACY1_HUMAN	psvid_33222_sp|Q03154|ACY1_HUMAN	0.15853468780758195	-0.36598218935495086	0.6830515649701148	0.2351272238137945	0.6742506683663783	0.5155659374744054	1.0	0.31070674549925853	-11.722053121797078	0.13208159316101617	0.3634303140369776	0.25078189878524176	0.6321616056641467	0.5437683534020635	1.0	False	False	False	False
sp|B5MD39|GGTL3_HUMAN	psvid_87713_sp|B5MD39|GGTL3_HUMAN	0.33214961334571536	-0.7669328311389316	1.4312320578303623	0.49268996893321254	0.6741554208316761	0.5156239626788277	1.0	0.6984547749429263	-13.928012916714929	0.48188036839000015	0.6941760355918376	0.4470071001470652	0.7430522093193559	0.47731568881738795	1.0	False	False	False	False
sp|P20340|RAB6A_HUMAN	psvid_73124_sp|P20340|RAB6A_HUMAN	0.1998801494769582	-0.46299669563061263	0.862756994584529	0.2971503856343847	0.6726565373631779	0.5165376052243928	1.0	0.4776720857387225	-10.952899842457997	0.09752455875101532	0.31228922291845956	0.33007907183845153	0.6055523252767272	0.5604977693452194	1.0	False	False	False	False
sp|O15228|GNPAT_HUMAN	psvid_74809_sp|O15228|GNPAT_HUMAN	-0.31494150928677467	-1.3602184327259341	0.7303354141523848	0.46857035841139527	-0.6721328048887429	0.5168570745078159	1.0	0.6307047953986422	-16.24464927887108	0.5024793885692879	0.7088578056065179	0.41024977197949686	-0.7676823506010737	0.46329317877662146	1.0	False	False	False	False
sp|P62913|RL11_HUMAN	psvid_30934_sp|P62913|RL11_HUMAN	-0.14833072138656256	-0.6409053740948434	0.3442439313217182	0.22080835842476318	-0.6717622577548568	0.5170831744733353	1.0	0.322756396997398	-10.37132478532428	0.08730316566148756	0.2954710910757388	0.2560517579652654	-0.5792997578508494	0.5772882585034534	1.0	False	False	False	False
sp|Q8IXI1|MIRO2_HUMAN	psvid_33373_sp|Q8IXI1|MIRO2_HUMAN	-0.35890994891585004	-1.5566682660522062	0.8388483682205061	0.5369237867647987	-0.6684560411794007	0.5191031793222484	1.0	0.7827536646132714	-14.175500878646059	0.5211820233579747	0.7219293756026103	0.4934651184854661	-0.7273258746583948	0.4864114105905792	1.0	False	False	False	False
sp|Q9Y3D6|FIS1_HUMAN	psvid_42846_sp|Q9Y3D6|FIS1_HUMAN	-0.1428813639664055	-0.6197880972344549	0.334025369301644	0.21378483914193522	-0.6683418924367421	0.519173005117931	1.0	0.27865625805528227	-11.37481285592207	0.11250234446619838	0.3354136915306207	0.23723784286351265	-0.6022705409971536	0.5625813511427875	1.0	False	False	False	False
sp|P40261|NNMT_HUMAN	psvid_91509_sp|P40261|NNMT_HUMAN	0.15953257506004537	-0.3731975738917318	0.6922627240118225	0.23880901915407057	0.6680341287994696	0.519361294818177	1.0	0.3396668181177884	-11.364708976527721	0.1120448157616028	0.3347309602675002	0.2635948685524064	0.6052188190770036	0.5607093081129676	1.0	False	False	False	False
sp|P08134|RHOC_HUMAN	psvid_84346_sp|P08134|RHOC_HUMAN	-0.10621743250987903	-0.4613483176635434	0.24891345264378534	0.15919590532230296	-0.6672120887458418	0.5198644186079554	1.0	0.12245945409765094	-11.202186685486069	0.10540644149219146	0.32466358202328677	0.18535982951476948	-0.5730337192687999	0.5813370197842219	1.0	False	False	False	False
sp|Q8WUM4|PDC6I_HUMAN	psvid_52098_sp|Q8WUM4|PDC6I_HUMAN	-0.6281412407854021	-2.7286575100789268	1.4723750285081225	0.9416066107280915	-0.6670951898900708	0.5199359893462954	1.0	1.5997940583989863	-14.579670474500869	0.5680201873330707	0.7536711400425723	0.9616002645936266	-0.6532249042702327	0.5307364146188397	1.0	False	False	False	False
sp|P18428|LBP_HUMAN	psvid_62407_sp|P18428|LBP_HUMAN	0.2804222248859345	-0.6610584143816902	1.2219028641535592	0.42204119376093513	0.6644427819640265	0.5215614923496776	1.0	0.5952495241493859	-13.297942606498818	0.35917441151917706	0.5993116147040511	0.39127364824516453	0.7166908023159978	0.492624913028141	1.0	False	False	False	False
sp|Q8N490|PNKD_HUMAN	psvid_34791_sp|Q8N490|PNKD_HUMAN	-0.30123522541426606	-1.3128497674305555	0.7103793166020234	0.45348039155706305	-0.6642739819023918	0.5216650422036867	1.0	0.7302809039073229	-12.568530586378937	0.22420825802192373	0.4735063442256331	0.46446377537887007	-0.6485655962481551	0.5336029342170175	1.0	False	False	False	False
sp|Q9BQA9|CYBC1_HUMAN	psvid_85946_sp|Q9BQA9|CYBC1_HUMAN	-0.4231198476060256	-1.8458086778181486	0.9995689826060974	0.6377542640920881	-0.6634527927592648	0.5221689726015936	1.0	1.0607771520824154	-13.18220847344243	0.33543488823478174	0.5791674095067693	0.6502749132271007	-0.6506784115447739	0.5323019326648528	1.0	False	False	False	False
sp|P08708|RS17_HUMAN	psvid_102576_sp|P08708|RS17_HUMAN	0.12417101018082466	-0.2934179991678595	0.5417600195295088	0.18719425196471529	0.6633270459833882	0.5222461638482546	1.0	0.24464054400585175	-10.1551127384575	0.08577453181352207	0.29287289361346175	0.2237255241795665	0.5550149480537704	0.593066678302615	1.0	False	False	False	False
sp|Q9Y3A5|SBDS_HUMAN	psvid_58342_sp|Q9Y3A5|SBDS_HUMAN	-0.49945268502194384	-2.1867460394832436	1.1878406694393562	0.7563695649606624	-0.660328902905975	0.5240886206102732	1.0	1.2913304505045775	-13.213458315164464	0.34180807026857496	0.5846435412014529	0.7826967319925661	-0.6381177595445583	0.5400642229280616	1.0	False	False	False	False
sp|Q9H845|ACAD9_HUMAN	psvid_62073_sp|Q9H845|ACAD9_HUMAN	0.42885349776174664	-1.0245509222320135	1.8822579177555068	0.6515232611779946	0.6582320591076868	0.5253794881582332	1.0	1.040917053353808	-13.97202316547082	0.4893679843985786	0.6995484146208742	0.6389458958463728	0.6711890639717945	0.5197714127648031	1.0	False	False	False	False
sp|Q03135|CAV1_HUMAN	psvid_100481_sp|Q03135|CAV1_HUMAN	0.41358736284776265	-0.9885304860347512	1.8157052117302765	0.628532830155926	0.658020302209449	0.5255099554016913	1.0	0.9751710964660629	-14.343364110530676	0.5434923949739785	0.7372193669281746	0.6015563994847691	0.6875288222384447	0.5099189039007366	1.0	False	False	False	False
sp|Q96FJ2|DYL2_HUMAN	psvid_21668_sp|Q96FJ2|DYL2_HUMAN	0.38114343385095184	-0.9119796660274757	1.6742665337293794	0.5796733294240346	0.6575141799772939	0.5258218641233169	1.0	1.0023709013545656	-12.075914446981834	0.16194526452307503	0.40242423451262854	0.6170023153243674	0.6177342035589914	0.5528024145378069	1.0	False	False	False	False
sp|Q8NB16|MLKL_HUMAN	psvid_43635_sp|Q8NB16|MLKL_HUMAN	0.40842995379161096	-0.9774332139216577	1.7942931215048796	0.6212462809070661	0.6574364569157221	0.5258697723342085	1.0	0.9434279759521605	-15.099980253577247	0.5907294557938452	0.7685892633870481	0.5835744755826726	0.6998763155016542	0.5025508231344974	1.0	False	False	False	False
sp|P21589|5NTD_HUMAN	psvid_58869_sp|P21589|5NTD_HUMAN	-0.3355506193441724	-1.4745115041680825	0.8034102654797377	0.5105664327330408	-0.6572124562674125	0.5260078599604149	1.0	0.8283908040304465	-12.835488952274225	0.2685727237886106	0.5182400252668744	0.5188802761126702	-0.6466821630955781	0.534764290867815	1.0	False	False	False	False
sp|P13010|XRCC5_HUMAN	psvid_48170_sp|P13010|XRCC5_HUMAN	0.13608803849222406	-0.32604321777495443	0.5982192947594025	0.20716137850796434	0.6569180002197762	0.5261894132062185	1.0	0.22167318320109164	-11.856496868690632	0.1420881782882637	0.3769458559107179	0.21518705760354917	0.6324173953944129	0.5436089709430626	1.0	False	False	False	False
sp|P50993|AT1A2_HUMAN	psvid_52603_sp|P50993|AT1A2_HUMAN	0.1936630323138715	-0.46410633934615597	0.851432403973899	0.29486083861557366	0.6567946873621989	0.5262654554239036	1.0	0.24998018222432328	-13.227466824423939	0.3446756408379205	0.587090828439621	0.2257814918857476	0.8577453833632696	0.41436731897728846	1.0	False	False	False	False
sp|Q16762|THTR_HUMAN	psvid_78155_sp|Q16762|THTR_HUMAN	-0.18679631516858963	-0.8219653045403075	0.4483726742031282	0.284729677205997	-0.6560479293960134	0.5267260906582879	1.0	0.38090454156453313	-12.309467396033694	0.18828839759614782	0.4339221100568025	0.28263054844989693	-0.6609204708871156	0.5260222179300637	1.0	False	False	False	False
sp|P07919|QCR6_HUMAN	psvid_92036_sp|P07919|QCR6_HUMAN	-0.1623088204901837	-0.7143653169571217	0.3897476759767543	0.2474725162416815	-0.6558660450668914	0.5268383214905112	1.0	0.381967151990094	-10.288237378814529	0.08658798966296122	0.2942583722903415	0.2831319204297541	-0.5732621749035641	0.5811891288713872	1.0	False	False	False	False
sp|P60709|ACTB_HUMAN	psvid_7063_sp|P60709|ACTB_HUMAN	0.14624056506802097	-0.35184574908976596	0.6443268792258079	0.22327909237375357	0.6549675722580621	0.5273929269392816	1.0	0.3159157272648288	-8.746422715712715	0.09956047191975101	0.3155320457889357	0.25304885301401664	0.5779143565607094	0.5781820729786642	1.0	False	False	False	False
sp|P63261|ACTG_HUMAN	psvid_7061_sp|P63261|ACTG_HUMAN	0.14624056506802097	-0.35184574908976596	0.6443268792258079	0.22327909237375357	0.6549675722580621	0.5273929269392816	1.0	0.3159157272648288	-8.746422715712715	0.09956047191975101	0.3155320457889357	0.25304885301401664	0.5779143565607094	0.5781820729786642	1.0	False	False	False	False
sp|O75964|ATP5L_HUMAN	psvid_94579_sp|O75964|ATP5L_HUMAN	0.17174053102193065	-0.4137224828459346	0.7572035448897959	0.2624477859341633	0.654379805151082	0.5277559277126954	1.0	0.41109369866471823	-10.58034839209374	0.08986057617819228	0.2997675368984979	0.2970631701864174	0.5781279817156652	0.5780441989859388	1.0	False	False	False	False
sp|Q9Y277|VDAC3_HUMAN	psvid_42268_sp|Q9Y277|VDAC3_HUMAN	-0.1325011834962435	-0.5843485803904681	0.3193462133979811	0.20255139280543594	-0.654160811540406	0.5278912142904865	1.0	0.2551984124961245	-11.269764041251799	0.10800767158191414	0.328645206236017	0.22781509884079595	-0.5816172157616266	0.5757948353005016	1.0	False	False	False	False
sp|P83111|LACTB_HUMAN	psvid_81051_sp|P83111|LACTB_HUMAN	-0.2653057794136795	-1.170148742126691	0.6395371832993321	0.405617479767449	-0.6540787629906536	0.5279419062765635	1.0	0.6703023196396132	-11.888195476803805	0.14467976369285707	0.3803679319985546	0.4316614174268344	-0.6146154571682289	0.5547666951618071	1.0	False	False	False	False
sp|Q15041|AR6P1_HUMAN	psvid_50981_sp|Q15041|AR6P1_HUMAN	0.13500465559366193	-0.3255090976861777	0.5955184088735015	0.20643629414274636	0.6539773258103008	0.528004581092747	1.0	0.29081314756667037	-10.239430570980103	0.0862431736110237	0.2936718808654034	0.2422896639572063	0.5572035281600238	0.5916351491667929	1.0	False	False	False	False
sp|Q9NW15|ANO10_HUMAN	psvid_43656_sp|Q9NW15|ANO10_HUMAN	-0.3224453553383202	-1.4232528490811187	0.7783621384044783	0.49346326348420094	-0.6534333540082135	0.5283407588666282	1.0	0.6710689969549996	-14.341340358380432	0.5432465847569021	0.7370526336408426	0.4320780444991136	-0.7462664660781709	0.4754702594482864	1.0	False	False	False	False
sp|O75907|DGAT1_HUMAN	psvid_75224_sp|O75907|DGAT1_HUMAN	-0.5142752504133137	-2.277723252238558	1.2491727514119306	0.7905077053996672	-0.6505632353745431	0.5301165964523574	1.0	1.3284011663346216	-13.807687765459637	0.4604546757323469	0.6785681069224716	0.8041124037390653	-0.6395564202491721	0.5391717634378863	1.0	False	False	False	False
sp|P56962|STX17_HUMAN	psvid_101381_sp|P56962|STX17_HUMAN	-0.3107390759283657	-1.3773019968741547	0.7558238450174233	0.4781123154346204	-0.6499290352851365	0.5305094700534467	1.0	0.6171121037009452	-15.572434344151382	0.5742494473648454	0.7577924830485226	0.40295138373710654	-0.7711577338349532	0.46133659267137256	1.0	False	False	False	False
sp|Q53FV1|ORML2_HUMAN	psvid_91450_sp|Q53FV1|ORML2_HUMAN	0.331614562263415	-0.8099939210575222	1.4732230455843522	0.5117532820251879	0.6479969428844686	0.5317074144398842	1.0	0.7466595737066187	-13.872083956575201	0.472087548026332	0.6870862740779589	0.47348840821080546	0.7003646900596864	0.5022607703960109	1.0	False	False	False	False
sp|O75923|DYSF_HUMAN	psvid_35945_sp|O75923|DYSF_HUMAN	-0.5112786162570453	-2.273700327408749	1.2511430948946585	0.7900476460814599	-0.6471490913148402	0.5322336036115656	1.0	1.2962674328488366	-15.351835927796124	0.5860797644471216	0.7655584657275508	0.7855471816188617	-0.6508566617264139	0.5321922590708484	1.0	False	False	False	False
sp|P39656|OST48_HUMAN	psvid_68699_sp|P39656|OST48_HUMAN	0.13417162285036177	-0.32848797626983745	0.5968312219705609	0.20739822081688042	0.6469275499177347	0.5323711457401468	1.0	0.28534968715843306	-10.763607271156037	0.09308619549759825	0.30510030399460153	0.24000580923197237	0.5590348970290179	0.5904387130332615	1.0	False	False	False	False
sp|P09467|F16P1_HUMAN	psvid_46462_sp|P09467|F16P1_HUMAN	0.10062680958375436	-0.24656081716363004	0.44781443633113877	0.15563514993306227	0.6465558045662136	0.5326019875266732	1.0	0.13143827481391904	-10.902827362709573	0.09623166990444894	0.31021229811928624	0.187499278717491	0.5366783822959171	0.6051337010847269	1.0	False	False	False	False
sp|P17693|HLAG_HUMAN	psvid_63935_sp|P17693|HLAG_HUMAN	0.2884518154849891	-0.7088788977242129	1.285782528694191	0.4470773239741656	0.645194466408807	0.5334478345376978	1.0	0.5408460097388887	-14.536532601787439	0.5641774368242402	0.7511174587401361	0.36258428436409573	0.7955441753105186	0.4477615354318413	1.0	False	False	False	False
sp|Q14974|IMB1_HUMAN	psvid_44398_sp|Q14974|IMB1_HUMAN	-0.2974094235441527	-1.3283015731226446	0.7334827260343393	0.46212203979609184	-0.6435733376304288	0.5344561228458758	1.0	0.5943739376949202	-14.317548813672106	0.5403131807340366	0.7350599844461924	0.3908076059862847	-0.7610123728108561	0.46706356567245155	1.0	False	False	False	False
sp|P04004|VTNC_HUMAN	psvid_44441_sp|P04004|VTNC_HUMAN	-0.12336551658147465	-0.5511675209633813	0.3044364878004319	0.1917724710336158	-0.6432910621454625	0.5346318025637523	1.0	0.20338177924702622	-11.576780310874042	0.12290524710239424	0.3505784464316	0.20876995582323163	-0.5909160448638976	0.5698242345383635	1.0	False	False	False	False
sp|Q04828|AK1C1_HUMAN	psvid_39510_sp|Q04828|AK1C1_HUMAN	0.1816578975475589	-0.44863238506433545	0.8119481801594532	0.28254268032146507	0.6429396696487634	0.5348505457252672	1.0	0.4543112829170734	-10.438454539866864	0.08800291057093915	0.2966528452095802	0.3183296720009956	0.5706596447816864	0.5828751101970325	1.0	False	False	False	False
sp|Q01740|FMO1_HUMAN	psvid_74005_sp|Q01740|FMO1_HUMAN	-0.4183081016640351	-1.8710804205950515	1.0344642172669813	0.6512399067722096	-0.6423256580471669	0.5352328956432938	1.0	1.0136919811401164	-15.586610994155501	0.5732591222335904	0.7571387734316546	0.6234408003765692	-0.6709668366449062	0.5199062082762513	1.0	False	False	False	False
sp|P07225|PROS_HUMAN	psvid_82187_sp|P07225|PROS_HUMAN	-0.2681626573231184	-1.1998705464692927	0.663545231823056	0.41766032499363615	-0.6420592076281231	0.5353988660442419	1.0	0.5492917141319499	-13.602222230860939	0.42118342806115033	0.6489864621555294	0.3670000939575282	-0.7306882525053305	0.48445741655702934	1.0	False	False	False	False
sp|Q9NVH1|DJC11_HUMAN	psvid_42928_sp|Q9NVH1|DJC11_HUMAN	-0.32934485743614283	-1.473750101714401	0.8150603868421153	0.5130069969544826	-0.6419890165072437	0.53544259267589	1.0	0.7287959857009314	-14.160500930349176	0.5190065342549061	0.7204210812121659	0.4636469117542724	-0.7103354925626936	0.4963619085247335	1.0	False	False	False	False
sp|A3KMH1|VWA8_HUMAN	psvid_23430_sp|A3KMH1|VWA8_HUMAN	-0.5676927614350604	-2.5416778837519862	1.4062923608818652	0.8848860005629319	-0.6415433864632452	0.5357202533027046	1.0	1.4912729866738723	-15.777469055172697	0.5574454988150436	0.746622728568481	0.8984964529560628	-0.6318252671642111	0.5439779676118346	1.0	False	False	False	False
sp|Q15437|SC23B_HUMAN	psvid_37358_sp|Q15437|SC23B_HUMAN	0.34951372062595176	-0.866305080532034	1.5653325217839376	0.5450198302929143	0.6412862453795669	0.5358805094866265	1.0	0.7722569187524889	-15.151457158828396	0.5905860523946143	0.7684959677152602	0.48764355636794426	0.7167401600242439	0.49259596006153183	1.0	False	False	False	False
sp|Q15008|PSMD6_HUMAN	psvid_50923_sp|Q15008|PSMD6_HUMAN	0.3077316035650455	-0.764156034703021	1.379619241833112	0.48049924721144555	0.6404413853943605	0.5364072421331074	1.0	0.6193499251684585	-14.772922710638866	0.5815997115901093	0.7626268495077453	0.40415101065967557	0.7614272770535709	0.4668284438095928	1.0	False	False	False	False
sp|O43493|TGON2_HUMAN	psvid_62566_sp|O43493|TGON2_HUMAN	0.21478802076321912	-0.536254729274095	0.9658307708005333	0.3366728592930116	0.6379724852613848	0.5379482180754624	1.0	0.41100608384352033	-13.081910958247192	0.315270969016926	0.5614899545111435	0.2970207450802203	0.7231414785698167	0.48885013507839903	1.0	False	False	False	False
sp|P84085|ARF5_HUMAN	psvid_22625_sp|P84085|ARF5_HUMAN	-0.1126505395146804	-0.5066056224349433	0.2813045434055825	0.17659977969721527	-0.6378860704572937	0.5380022008499771	1.0	0.19739771208744725	-10.98011602003913	0.09826536037356408	0.3134730616393761	0.20675029531348152	-0.5448627744104355	0.5997315753904342	1.0	False	False	False	False
sp|Q9BQE5|APOL2_HUMAN	psvid_1211782_sp|Q9BQE5|APOL2_HUMAN	0.2241659004026575	-0.5600130018375317	1.0083448026428465	0.351526931324938	0.6376919673202709	0.5381234673082574	1.0	0.5490255610076346	-12.095197899845486	0.16391103740120144	0.4048592809868652	0.3668607095122509	0.6110381804055572	0.5570247350410236	1.0	False	False	False	False
sp|O60551|NMT2_HUMAN	psvid_80064_sp|O60551|NMT2_HUMAN	0.30601487806308514	-0.7646543178230536	1.3766840739492239	0.4799530512983806	0.637593358840508	0.5381850793026978	1.0	0.643376625136151	-14.256515804758756	0.5324265155703911	0.7296756235275995	0.4170783042887199	0.7337108521742916	0.4827051807965483	1.0	False	False	False	False
sp|P0C7V7|SC11B_HUMAN	psvid_93377_sp|P0C7V7|SC11B_HUMAN	0.3295992866837314	-0.8245760316464978	1.4837746050139606	0.5173866661096913	0.6370463490333803	0.5385269332714225	1.0	0.7314745795346687	-14.282699484888818	0.5358729334914866	0.732033423752964	0.4651205870610731	0.7086319028928578	0.4973666721648431	1.0	False	False	False	False
sp|P01031|CO5_HUMAN	psvid_39328_sp|P01031|CO5_HUMAN	-0.2092564778596091	-0.9433212804261062	0.524808324706888	0.32906208864161723	-0.6359179166564858	0.5392325455099607	1.0	0.40372307441930844	-12.997212883234557	0.2986983551358257	0.5465330320628623	0.29350470243481525	-0.7129578372124483	0.49481777527774723	1.0	False	False	False	False
sp|Q16695|H31T_HUMAN	psvid_65782_sp|Q16695|H31T_HUMAN	-0.31742923942843326	-1.4311108108924875	0.796252332035621	0.4992343764560794	-0.6358320949005389	0.5392862320473629	1.0	0.8021429610233319	-12.877663306222814	0.27621480655886155	0.5255614203486225	0.5042428698630406	-0.6295165651319006	0.5454180883175686	1.0	False	False	False	False
sp|P13637|AT1A3_HUMAN	psvid_61721_sp|P13637|AT1A3_HUMAN	0.17671343268398276	-0.44416668525931613	0.7975935506272817	0.2783243491475915	0.6349190547833603	0.5398575839545405	1.0	0.20301268421784677	-13.151820155661824	0.3292741454942695	0.5738241416098397	0.20864421178213646	0.8469606282128957	0.4200299989048477	1.0	False	False	False	False
sp|Q15165|PON2_HUMAN	psvid_29605_sp|Q15165|PON2_HUMAN	-0.11880270018049188	-0.536250219965873	0.29864481960488926	0.18713082588699204	-0.6348644036458034	0.5398917940443947	1.0	0.24252049805132073	-10.364448321357102	0.08723772141972402	0.295360324721727	0.22291637801275532	-0.5329473825099292	0.6076048970935443	1.0	False	False	False	False
sp|Q9UI09|NDUAC_HUMAN	psvid_88718_sp|Q9UI09|NDUAC_HUMAN	-0.1896679709492486	-0.8561812999518496	0.4768453580533524	0.2987805264361592	-0.6348070043640384	0.5399277257479341	1.0	0.47605717005115283	-11.18579721276438	0.10480767584681965	0.32374013629270565	0.32926167366424114	-0.5760402321913093	0.5793924195132918	1.0	False	False	False	False
sp|P35520|CBS_HUMAN	psvid_74323_sp|P35520|CBS_HUMAN	-0.22218565470945828	-1.00342336150613	0.5590520520872136	0.3502084701858626	-0.6344382664175425	0.540158587142702	1.0	0.413676934636371	-13.297086418711267	0.35899775760814806	0.5991642158942305	0.2983153673440434	-0.7448012373201489	0.4763109294828002	1.0	False	False	False	False
sp|Q7Z3Z0|K1C25_HUMAN	psvid_30183_sp|Q7Z3Z0|K1C25_HUMAN	0.33060856463148847	-0.8346979731056559	1.4959151023686328	0.5223765011955872	0.6328932558696828	0.5411265166093582	1.0	0.7260829169895356	-15.573046825434385	0.5742072125771683	0.7577646155483696	0.46215501703166334	0.7153629246630848	0.49340424384781295	1.0	False	False	False	False
sp|Q8WTV0|SCRB1_HUMAN	psvid_65913_sp|Q8WTV0|SCRB1_HUMAN	-0.2821513398710165	-1.2768817527156635	0.7125790729736304	0.4459116772001146	-0.6327516284001543	0.54121529457205	1.0	0.5758418152142278	-14.030426530943506	0.49898803853681317	0.7063908539447642	0.3809750894607941	-0.7406031199319463	0.47872491394356675	1.0	False	False	False	False
sp|O00148|DX39A_HUMAN	psvid_89112_sp|O00148|DX39A_HUMAN	0.5448483392278844	-1.3816251191891509	2.4713217976449195	0.8635877619018837	0.6309125294086639	0.5423688820932552	1.0	1.4466971158548492	-14.59802297883681	0.5695664850299985	0.7546962866146875	0.8726221787529954	0.6243805767193424	0.548629824755761	1.0	False	False	False	False
sp|Q7Z3Y8|K1C27_HUMAN	psvid_30186_sp|Q7Z3Y8|K1C27_HUMAN	0.32974620711430225	-0.8378323071486697	1.4973247213772742	0.523394968963446	0.630014093882763	0.5429329474915001	1.0	0.729458528413007	-15.603150407132109	0.572070273648659	0.7563532730468343	0.46401135324313264	0.7106425409843837	0.49618095006832863	1.0	False	False	False	False
sp|Q9Y2P5|S27A5_HUMAN	psvid_39274_sp|Q9Y2P5|S27A5_HUMAN	-0.2499998196632549	-1.1364771541089835	0.6364775147824738	0.3973846480396259	-0.6291129284851631	0.543499066381932	1.0	0.6770028674174959	-8.840783563314782	0.09734506997543893	0.3120017146995172	0.43530511712094616	-0.5743093977776383	0.5805114750506041	1.0	False	False	False	False
sp|P00739|HPTR_HUMAN	psvid_33247_sp|P00739|HPTR_HUMAN	0.24999981966325446	-0.6364775147824743	1.136477154108983	0.3973846480396259	0.629112928485162	0.5434990663819328	1.0	0.6770028674174959	-8.840783563314782	0.09734506997543893	0.3120017146995172	0.43530511712094616	0.5743093977776373	0.5805114750506047	1.0	False	False	False	False
sp|P04908|H2A1B_HUMAN	psvid_21408_sp|P04908|H2A1B_HUMAN	-0.22472062363046952	-1.0216728713656813	0.5722316241047423	0.35725288866935434	-0.6290239512617449	0.5435549809829214	1.0	0.5978000819172239	-10.996082402007445	0.09871277004382024	0.314185884539424	0.3926319570504448	-0.5723442007080379	0.5817835063470933	1.0	False	False	False	False
sp|Q7L7L0|H2A3_HUMAN	psvid_21410_sp|Q7L7L0|H2A3_HUMAN	-0.22472062363046952	-1.0216728713656813	0.5722316241047423	0.35725288866935434	-0.6290239512617449	0.5435549809829214	1.0	0.5978000819172239	-10.996082402007445	0.09871277004382024	0.314185884539424	0.3926319570504448	-0.5723442007080379	0.5817835063470933	1.0	False	False	False	False
sp|Q93077|H2A1C_HUMAN	psvid_21409_sp|Q93077|H2A1C_HUMAN	-0.22472062363046952	-1.0216728713656813	0.5722316241047423	0.35725288866935434	-0.6290239512617449	0.5435549809829214	1.0	0.5978000819172239	-10.996082402007445	0.09871277004382024	0.314185884539424	0.3926319570504448	-0.5723442007080379	0.5817835063470933	1.0	False	False	False	False
sp|O00303|EIF3F_HUMAN	psvid_93468_sp|O00303|EIF3F_HUMAN	0.15512942985259492	-0.395373622761664	0.7056324824668538	0.24677614791430383	0.6286240836633271	0.5438063045826903	1.0	0.33366655013856855	-11.801956473184962	0.13783947614344733	0.3712673917050181	0.2608994350112541	0.5945947328168928	0.5674718910380797	1.0	False	False	False	False
sp|P34913|HYES_HUMAN	psvid_36588_sp|P34913|HYES_HUMAN	-0.17569623903659437	-0.7993537898448988	0.44796131177171006	0.27956939979765016	-0.6284530394376557	0.5439138292201557	1.0	0.34339369583929286	-12.508111764179379	0.21519050882052798	0.4638863102318584	0.2652791733770072	-0.6623069455471345	0.5251755802138504	1.0	False	False	False	False
sp|P15311|EZRI_HUMAN	psvid_30602_sp|P15311|EZRI_HUMAN	-0.159744421682817	-0.7268578069551153	0.40736896358948127	0.254222126441508	-0.6283655318238845	0.5439688444291383	1.0	0.3280223924691276	-12.081048817663135	0.1624650803213552	0.40306957255709	0.2583828120252081	-0.618247090163382	0.5524797697608583	1.0	False	False	False	False
sp|Q9Y3L5|RAP2C_HUMAN	psvid_12792_sp|Q9Y3L5|RAP2C_HUMAN	-0.2502412052733791	-1.1386683049183923	0.638185894371634	0.39825867688094085	-0.6283383634807499	0.5439859255610159	1.0	0.5981383985877177	-12.758510737794365	0.25505008190951767	0.5050248329632095	0.39281221131088095	-0.6370504736558006	0.5407268682162427	1.0	False	False	False	False
sp|Q96LJ7|DHRS1_HUMAN	psvid_88758_sp|Q96LJ7|DHRS1_HUMAN	-0.1060210751478019	-0.48249914483940687	0.27045699454380306	0.1687652908944118	-0.6282161135498774	0.5440627896877007	1.0	0.19518280233399712	-10.178795348055441	0.08589015501651241	0.29307022198871113	0.2060131516024294	-0.5146325577912845	0.6198122238676786	1.0	False	False	False	False
sp|P15153|RAC2_HUMAN	psvid_79268_sp|P15153|RAC2_HUMAN	-0.1787386945143612	-0.813852285999795	0.4563748969710726	0.28470484377970656	-0.6278034898930704	0.544322271210925	1.0	0.3736016933858033	-12.37474273685883	0.19666464891294258	0.4434688815609756	0.2791987693359783	-0.6401843924292987	0.5387824810586106	1.0	False	False	False	False
sp|PRDX1_HUMAN|,sp|Q06830|PRDX1_HUMAN	psvid_37411_sp|PRDX1_HUMAN|	-0.08669075139264937	-0.394900512226931	0.22151900944163228	0.13816239013949266	-0.6274554985993216	0.5445411635101515	1.0	0.08481501970713162	-10.134018684357045	0.08568192840695589	0.29271475604580627	0.17784244689455136	-0.4874581569609822	0.6381546259169076	1.0	False	False	False	False
sp|Q9Y673|ALG5_HUMAN	psvid_37557_sp|Q9Y673|ALG5_HUMAN	-0.1607257491685159	-0.7326358936504374	0.41118439531340556	0.25637238837847987	-0.626923009084887	0.5448762062233509	1.0	0.3886928020180259	-11.084208422088379	0.10135957570513902	0.31837018658338445	0.2863169315663054	-0.5613560759025352	0.5889241788540444	1.0	False	False	False	False
sp|P62333|PRS10_HUMAN	psvid_47569_sp|P62333|PRS10_HUMAN	0.44826255391246006	-1.1484696901578992	2.0449947979828194	0.7157733832192725	0.6262632341766441	0.5452915012872663	1.0	1.196799556933574	-13.49478675817204	0.3996371957109269	0.6321686449919253	0.7282247007589775	0.6155552722192305	0.5541743464537475	1.0	False	False	False	False
sp|Q13347|EIF3I_HUMAN	psvid_73822_sp|Q13347|EIF3I_HUMAN	-0.22942224440662562	-1.0473721360358557	0.5885276472226044	0.3666655842953548	-0.6256988772140187	0.5456468797941196	1.0	0.598498675636899	-11.720190979619808	0.13195376141597337	0.36325440316116386	0.39300418715394847	-0.5837653946337112	0.5744124291531186	1.0	False	False	False	False
sp|Q14739|LBR_HUMAN	psvid_26730_sp|Q14739|LBR_HUMAN	-0.24942309446909672	-1.1388626897390037	0.6400165008008102	0.39871255223895175	-0.6255712118128034	0.5457272897975503	1.0	0.4034843247797376	-14.451937819316694	0.5558069020972988	0.7455245818196062	0.2933897980931929	-0.8501423569945316	0.41835381780066866	1.0	False	False	False	False
sp|P80404|GABT_HUMAN	psvid_57994_sp|P80404|GABT_HUMAN	-0.1400707773523111	-0.6397261738287218	0.35958461912409956	0.22398247101718088	-0.6253649078707002	0.5458572446311805	1.0	0.2951695751309215	-11.535856420572612	0.12059147913648656	0.3472628386920872	0.2441261020192777	-0.5737640350364921	0.5808643225058645	1.0	False	False	False	False
sp|P61158|ARP3_HUMAN	psvid_418_sp|P61158|ARP3_HUMAN	-0.25657176043395635	-1.1738676883936967	0.6607241675257841	0.41119981900990143	-0.6239588360027422	0.5467434292370675	1.0	0.6022914668721745	-13.006430533867585	0.30047820645817547	0.5481589244536437	0.39502651487273405	-0.6495051617398803	0.5330241463261398	1.0	False	False	False	False
sp|P61088|UBE2N_HUMAN	psvid_86334_sp|P61088|UBE2N_HUMAN	0.25093144910732557	-0.6462665291748414	1.1481294273894926	0.4021904328151215	0.6239120293114319	0.5467729435901999	1.0	0.5902735694654749	-12.926852905437965	0.2853249020881494	0.5341581246111955	0.38862688046019306	0.6456873204709482	0.535378335977921	1.0	False	False	False	False
sp|P00403|COX2_HUMAN	psvid_110282_sp|P00403|COX2_HUMAN	-0.13026141663490431	-0.596844684414396	0.3363218511445873	0.20915709905167693	-0.6227922323722817	0.5474793131008533	1.0	0.23744879567474805	-11.766159861110033	0.13519286963383725	0.36768583006941846	0.22099754550799888	-0.5894247211455549	0.570779429940905	1.0	False	False	False	False
sp|P33947|ERD22_HUMAN	psvid_27932_sp|P33947|ERD22_HUMAN	0.4009009075445147	-1.0375249430394247	1.839326758128454	0.6448087595187048	0.6217361374615217	0.5481459776722577	1.0	1.084028803420429	-13.02875730477686	0.3048143335774412	0.5520999307892016	0.6635571304593763	0.6041693912127409	0.5613752452242732	1.0	False	False	False	False
sp|P31949|S10AB_HUMAN	psvid_29613_sp|P31949|S10AB_HUMAN	-0.2910696389910572	-1.3374853638208657	0.7553460858387513	0.46908085334705324	-0.6205105940994504	0.5489201889085569	1.0	0.7611765787050775	-12.58333456295624	0.226476929997615	0.47589592349337795	0.481508838686768	-0.6044949035305338	0.5611686359380562	1.0	False	False	False	False
sp|P20851|C4BPB_HUMAN	psvid_51310_sp|P20851|C4BPB_HUMAN	0.25183462081658314	-0.6558937712328862	1.1595630128660526	0.40691094241647247	0.6188937051460045	0.549942579342746	1.0	0.6023436153663132	-12.91228334319895	0.2826051632232988	0.5316062106703596	0.3950543372581283	0.6374683102188916	0.540467388967031	1.0	False	False	False	False
sp|Q15738|NSDHL_HUMAN	psvid_89344_sp|Q15738|NSDHL_HUMAN	-0.1492162449671386	-0.6871279264903856	0.3886954365561084	0.24113176494486604	-0.6188162103041728	0.5499916081015674	1.0	0.3616564574607974	-10.809286752407708	0.09404821762173843	0.3066728185244633	0.27363966311562105	-0.5453019612295393	0.5994424203049102	1.0	False	False	False	False
sp|Q8TEB9|RHBL4_HUMAN	psvid_59023_sp|Q8TEB9|RHBL4_HUMAN	0.2948287546046737	-0.7713332268436464	1.3609907360529938	0.47793258472420524	0.6168835606277128	0.5512151456589645	1.0	0.6884829522426053	-13.64971912921212	0.43051491002596015	0.6561363501788026	0.4415606998380331	0.667697000011139	0.521892043336796	1.0	False	False	False	False
sp|P01893|HLAH_HUMAN	psvid_57350_sp|P01893|HLAH_HUMAN	0.2022498957335297	-0.5297551590456645	0.9342549505127239	0.32813875747712723	0.6163547923705033	0.5515501722825359	1.0	0.4882551359213524	-12.241307771605063	0.18002101774890383	0.42428883764353714	0.33545377380353203	0.6029143552040737	0.5621722493902009	1.0	False	False	False	False
sp|O00767|SCD_HUMAN	psvid_48347_sp|O00767|SCD_HUMAN	-0.3143990565186505	-1.4524267452261745	0.8236286321888735	0.5101481052746248	-0.616289766183493	0.5515913807545858	1.0	0.7704056969051613	-13.538873631327649	0.4085450812336223	0.639175313379375	0.48661785120314377	-0.646090265166621	0.535129576430179	1.0	False	False	False	False
sp|Q6P2E9|EDC4_HUMAN	psvid_27065_sp|Q6P2E9|EDC4_HUMAN	0.41201209836125674	-1.0869675833656411	1.9109917800881546	0.6719534612963775	0.6131557051084692	0.5535795757254729	1.0	1.06763682858199	-15.946055266010033	0.5399772621997372	0.7348314515586123	0.6541913894390339	0.6298036094827772	0.5452389141908195	1.0	False	False	False	False
sp|Q27J81|INF2_HUMAN	psvid_49094_sp|Q27J81|INF2_HUMAN	-0.4887597857851773	-2.2678535452966964	1.290333973726342	0.7975212901467167	-0.6128485744816445	0.5537746325835431	1.0	1.3317811243503384	-16.240141363751977	0.5030973816261343	0.7092935792929006	0.8060663707450433	-0.606351788790567	0.5599908660192161	1.0	False	False	False	False
sp|Q6XQN6|PNCB_HUMAN	psvid_74588_sp|Q6XQN6|PNCB_HUMAN	-0.3151636041492196	-1.4641265625832034	0.8337993542847641	0.5150501012339289	-0.6119086345079204	0.5543718248809689	1.0	0.707863071276509	-14.67908589678579	0.5757561168004045	0.7587859492639571	0.4521561199471825	-0.6970238602233996	0.5042470292667054	1.0	False	False	False	False
sp|P05177|CP1A2_HUMAN	psvid_82849_sp|P05177|CP1A2_HUMAN	-0.09969427885689441	-0.4634661288639307	0.26407757115014185	0.16306942429854046	-0.6113609543036004	0.5547199624117051	1.0	0.17906067184288613	-10.10344128413003	0.0855648976095391	0.29251478186501806	0.20082365718732836	-0.4964269660914479	0.632070893232641	1.0	False	False	False	False
sp|P56385|ATP5I_HUMAN	psvid_85731_sp|P56385|ATP5I_HUMAN	-0.12216864979945363	-0.5682910794727599	0.32395377987385265	0.19998503944734872	-0.6108889451784103	0.5550200982182744	1.0	0.2736533018371226	-10.420993874131499	0.08781017115941486	0.29632781030374933	0.23519120364965748	-0.5194439583779542	0.6165930456607306	1.0	False	False	False	False
sp|Q99623|PHB2_HUMAN	psvid_90957_sp|Q99623|PHB2_HUMAN	0.1073519358735382	-0.2847941754676873	0.4994980472147637	0.1757888649605188	0.6106867798347116	0.5551486769140691	1.0	0.21143552610851027	-10.439836766502316	0.0880184947090565	0.29667911067187813	0.21155121967294283	0.5074512736891982	0.6246330929549611	1.0	False	False	False	False
sp|P20645|MPRD_HUMAN	psvid_88591_sp|P20645|MPRD_HUMAN	-0.15360756867919312	-0.7157470436300853	0.4085319062716991	0.25199245228555406	-0.6095721014101142	0.5558579232436578	1.0	0.35754150512328126	-11.624030097091296	0.12571936440952025	0.35456926602501837	0.27174084983109714	-0.5652722760478199	0.5863737348442452	1.0	False	False	False	False
sp|Q9Y5J7|TIM9_HUMAN	psvid_18911_sp|Q9Y5J7|TIM9_HUMAN	-0.19637262991445814	-0.9152329177888957	0.5224876579599794	0.32224630161047424	-0.6093867607884295	0.5559759011779882	1.0	0.5026882758007586	-11.812975633108481	0.13867666484767324	0.37239315897002356	0.3428322289261936	-0.5727951264370016	0.5814914952479774	1.0	False	False	False	False
sp|Q96N66|MBOA7_HUMAN	psvid_36995_sp|Q96N66|MBOA7_HUMAN	0.4112854612549479	-1.0952665156587522	1.917837438168648	0.6753479235581126	0.6089978911729895	0.5562234807474247	1.0	1.060638453128189	-15.354372783698253	0.5859834927708433	0.7654955863823405	0.6501957420670036	0.6325563744041934	0.543522384719776	1.0	False	False	False	False
sp|P50991|TCPD_HUMAN	psvid_76277_sp|P50991|TCPD_HUMAN	-0.2850341524014586	-1.3309225346813773	0.7608542298784602	0.46884445944791836	-0.6079503482606935	0.5568907239060832	1.0	0.7655841378735531	-12.507056079777866	0.21503640125425655	0.4637201755954301	0.4839478003543698	-0.5889770594943151	0.571066333971871	1.0	False	False	False	False
sp|Q2M3C7|SPKAP_HUMAN	psvid_51144_sp|Q2M3C7|SPKAP_HUMAN	0.33242059211311403	-0.8924205504045293	1.5572617346307573	0.5490643104013004	0.6054310684847724	0.558497251213191	1.0	0.8830948423153503	-17.344811983952365	0.3317031980722371	0.5759368004149735	0.5495434938537885	0.6049031529459937	0.5609095732765109	1.0	False	False	False	False
sp|Q9BZF1|OSBL8_HUMAN	psvid_26337_sp|Q9BZF1|OSBL8_HUMAN	-0.3146927921900389	-1.4775886840164285	0.8482030996363508	0.521295871562352	-0.6036740541352984	0.5596192284990792	1.0	0.7222735302566655	-15.531591517411355	0.5769523470103111	0.7595737929986204	0.46006154953620926	-0.6840232410365146	0.5120229177316418	1.0	False	False	False	False
sp|Q9Y536|PAL4A_HUMAN	psvid_85421_sp|Q9Y536|PAL4A_HUMAN	-0.2212905565189609	-1.0390773626201364	0.5964962495822146	0.3665924773103839	-0.6036418372317013	0.5596398130690592	1.0	0.5524755824621579	-12.492314654215656	0.2128969027982039	0.46140752356046805	0.36866861355848374	-0.6002424626902948	0.5638711726705388	1.0	False	False	False	False
sp|P09496|CLCA_HUMAN	psvid_46960_sp|P09496|CLCA_HUMAN	0.2661088518503676	-0.7181040364479819	1.250321740148717	0.44119694550007427	0.6031520720270327	0.5599527944957113	1.0	0.7258083710079545	-12.228444077942367	0.1785150551176187	0.42251042012904094	0.46200408859842346	0.5759880884553619	0.5794261150767106	1.0	False	False	False	False
sp|P00167|CYB5_HUMAN	psvid_88729_sp|P00167|CYB5_HUMAN	0.1381352424596276	-0.37345605785056146	0.6497265427698167	0.22933302512580514	0.6023347155685528	0.5604753397464192	1.0	0.1586591520089457	-6.616414085324336	0.22786404447182704	0.4773510704626387	0.19472851384892426	0.7093734745328397	0.4969291416833329	1.0	False	False	False	False
sp|Q9HCG7|GBA2_HUMAN	psvid_43837_sp|Q9HCG7|GBA2_HUMAN	-0.47187055308957904	-2.2198717955040808	1.276130689324923	0.7835833263848009	-0.6021957553214368	0.5605642057936576	1.0	1.282994777084907	-14.894320382591296	0.5870288260128069	0.7661780641683804	0.7778851691999331	-0.6066069540506925	0.5598291327391258	1.0	False	False	False	False
sp|Q15836|VAMP3_HUMAN	psvid_103652_sp|Q15836|VAMP3_HUMAN	0.24975414735532597	-0.6761774603229325	1.1756857550335844	0.4150709687981494	0.6017143238865794	0.5608721456288985	1.0	0.679013055767817	-12.114982153972228	0.165966181161931	0.4073894710985189	0.43639932767786704	0.5723064439267073	0.5818079606137702	1.0	False	False	False	False
sp|Q9UBM7|DHCR7_HUMAN	psvid_59466_sp|Q9UBM7|DHCR7_HUMAN	-0.1638344352897496	-0.7713275240296633	0.4436586534501641	0.27232329341658446	-0.6016174130177148	0.5609341445580897	1.0	0.35430834048249255	-12.26844440219331	0.18325432490374582	0.4280821473779838	0.2702549521228642	-0.6062217694914491	0.5600732874169029	1.0	False	False	False	False
sp|Q5XXA6|ANO1_HUMAN	psvid_30046_sp|Q5XXA6|ANO1_HUMAN	-0.41962345970819337	-1.9794037558431044	1.1401568364267176	0.6992087895696357	-0.6001404243880749	0.5618795260493106	1.0	1.1518286773065542	-16.647316471509406	0.4428231213360291	0.665449563329956	0.7023907172162223	-0.5974217047902948	0.5656679229718174	1.0	False	False	False	False
sp|P01861|IGHG4_HUMAN	psvid_160640_sp|P01861|IGHG4_HUMAN	-0.21252449612017887	-1.0026828031320147	0.5776338108916569	0.35420734239506757	-0.6000002560171049	0.5619692904176491	1.0	0.17247943383312528	-15.01466125555091	0.5900293037822392	0.7681336496875001	0.1987978306132844	-1.0690483666977058	0.3142213935225451	1.0	False	False	False	False
sp|O95298|NDUC2_HUMAN	psvid_96887_sp|O95298|NDUC2_HUMAN	-0.2479759295763051	-1.1715858724413617	0.6756340132887516	0.4140302270681457	-0.5989319459409674	0.5626537037565197	1.0	0.680770028324416	-12.035374037756032	0.15793159305817525	0.39740608080170997	0.4373561104357128	-0.5669886018724213	0.5852578813290051	1.0	False	False	False	False
sp|Q9UL25|RAB21_HUMAN	psvid_75021_sp|Q9UL25|RAB21_HUMAN	-0.43481138550180365	-2.054536416283263	1.1849136452796558	0.7260804492880893	-0.5988473948418932	0.5627078913380261	1.0	1.2738056506209197	-12.268322514493324	0.18323963043315195	0.4280649838904742	0.7725827152719531	-0.5628023730103097	0.5879815655283852	1.0	False	False	False	False
sp|P05026|AT1B1_HUMAN	psvid_74352_sp|P05026|AT1B1_HUMAN	-0.1430578897636714	-0.6759962731112613	0.3898804935839185	0.23890236519787164	-0.5988131998826518	0.5627298072227394	1.0	0.3339881856034833	-11.490141856686135	0.11813582754286209	0.34370892851781154	0.26104340154294714	-0.5480233896666236	0.5976523335444358	1.0	False	False	False	False
sp|Q9ULC4|MCTS1_HUMAN	psvid_72221_sp|Q9ULC4|MCTS1_HUMAN	0.32991531604735336	-0.8994255458166109	1.5592561779113177	0.5510814171216125	0.5986689185974633	0.5628222837631457	1.0	0.8316729103234859	-13.90642826996627	0.4781368035576296	0.6914743694148248	0.5207142031531908	0.6335823260620651	0.5428834511475537	1.0	False	False	False	False
sp|P02533|K1C14_HUMAN	psvid_22939_sp|P02533|K1C14_HUMAN	0.41400447145134756	-1.1302420521802552	1.9582509950829503	0.6922454048568	0.5980602667012138	0.5632124902847516	1.0	1.0951026916013131	-15.249614945930269	0.5891522814208047	0.7675625586366265	0.6698896495013925	0.6180189106661022	0.5526232985616517	1.0	False	False	False	False
sp|P31512|FMO4_HUMAN	psvid_66625_sp|P31512|FMO4_HUMAN	-0.1697958249867786	-0.8036202239402198	0.46402857396666264	0.28412693242126047	-0.5976055263041062	0.5635041227220429	1.0	0.2926007431935336	-12.885945984681456	0.2777342476250217	0.5270049787478499	0.24304159221671007	-0.6986286727227278	0.5032922918027144	1.0	False	False	False	False
sp|A6NMY6|AXA2L_HUMAN	psvid_32028_sp|A6NMY6|AXA2L_HUMAN	-0.24896171176115223	-1.178748541633042	0.6808251181107378	0.41679916426914665	-0.5973181644874558	0.5636884559755332	1.0	0.7101322803234058	-11.243520359876797	0.10697168761129719	0.3270652650638664	0.45339949687611014	-0.5491001059253053	0.5969448909172783	1.0	False	False	False	False
sp|Q14254|FLOT2_HUMAN	psvid_51775_sp|Q14254|FLOT2_HUMAN	-0.14632825186250686	-0.6940459264484452	0.4013894227234315	0.2455275356549351	-0.5959749136575739	0.5645505534662424	1.0	0.26966155663594776	-12.353819425807792	0.1939305318996624	0.4403754442514505	0.2335722692514771	-0.6264795574039725	0.5473159151961089	1.0	False	False	False	False
sp|Q71DI3|H32_HUMAN	psvid_20393_sp|Q71DI3|H32_HUMAN	-0.3383561439712368	-1.6053013431017866	0.928589055159313	0.5679384598781415	-0.5957619845710669	0.5646872786153848	1.0	0.9558425100091302	-12.627662633366233	0.23340816536172468	0.4831233438385323	0.5906011977998501	-0.5729012152899543	0.5814228058677687	1.0	False	False	False	False
sp|P07384|CAN1_HUMAN	psvid_49645_sp|P07384|CAN1_HUMAN	-0.27682869820709355	-1.3135280101180136	0.7598706137038265	0.4647252390770117	-0.5956825128691128	0.5647383133822221	1.0	0.5735571971257439	-15.001287796435822	0.5898126267494666	0.7679925955043229	0.3797672325940491	-0.7289430852582499	0.4854709649946575	1.0	False	False	False	False
sp|Q7Z406|MYH14_HUMAN	psvid_24901_sp|Q7Z406|MYH14_HUMAN	0.2501918301706816	-0.6877539590852311	1.1881376194265942	0.4204566127759567	0.5950479135501148	0.56514592951685	1.0	0.4488650172759593	-14.886324819033277	0.5867455133382663	0.7659931548899548	0.3156145526606462	0.7927132258685544	0.4493235471660057	1.0	False	False	False	False
sp|P50053|KHK_HUMAN	psvid_73292_sp|P50053|KHK_HUMAN	-0.21219024028937872	-1.0092803006984705	0.5848998201197132	0.35731466649353244	-0.5938469931046602	0.5659177530738391	1.0	0.49343008280564854	-12.863073210385531	0.27355298396290095	0.5230229287162285	0.3380930144960774	-0.6276090637531956	0.5466096351369863	1.0	False	False	False	False
sp|P08779|K1C16_HUMAN	psvid_420_sp|P08779|K1C16_HUMAN	0.41113900728451025	-1.1340969022881775	1.956374916857198	0.6926889207468246	0.5935406139327875	0.5661147546685497	1.0	1.096049756643025	-15.252710333213379	0.5890826438119975	0.7675171944731906	0.6704314160388439	0.6132454378609987	0.5556308496299173	1.0	False	False	False	False
sp|Q92901|RL3L_HUMAN	psvid_50397_sp|Q92901|RL3L_HUMAN	-0.2974469987569601	-1.41603187522958	0.8211378777156597	0.501432400093399	-0.5931946134744311	0.5663372785177774	1.0	0.7044223293301642	-14.120565267824436	0.5130769532970801	0.7162939014797488	0.4502719042479387	-0.6605941786524909	0.52622158512517	1.0	False	False	False	False
sp|P46781|RS9_HUMAN	psvid_8817_sp|P46781|RS9_HUMAN	-0.20555088362553908	-0.979244587427246	0.5681428201761678	0.34682669057517634	-0.5926616642007976	0.5666801300699469	1.0	0.5845639656669821	-10.088604387516042	0.08551539062823268	0.2924301465790295	0.3855951759738053	-0.5330743132520486	0.6075207381007905	1.0	False	False	False	False
sp|O94973|AP2A2_HUMAN	psvid_57742_sp|O94973|AP2A2_HUMAN	0.12581068301436282	-0.3497898514265599	0.6014112174552855	0.21319930430532025	0.5901083187128547	0.5683243189954267	1.0	0.23349356499809348	-11.912143239737741	0.14669825619536417	0.38301208361533995	0.21951793632664932	0.5731225662906776	0.5812795021286549	1.0	False	False	False	False
sp|Q9UQ80|PA2G4_HUMAN	psvid_42074_sp|Q9UQ80|PA2G4_HUMAN	0.09293342195758836	-0.25910049954680026	0.44496734346197697	0.15780761736282745	0.588903270391049	0.5691012082541881	1.0	0.15761008002928703	-10.44553017087046	0.08808319317133204	0.2967881284204812	0.19443017891174383	0.4779783800938274	0.6446164410881604	1.0	False	False	False	False
sp|Q9UI10|EI2BD_HUMAN	psvid_46153_sp|Q9UI10|EI2BD_HUMAN	-0.300992128354026	-1.446619826269357	0.844635569561305	0.5135549910085174	-0.5860952256796078	0.5709138171911368	1.0	0.7102135032397773	-14.522389134561887	0.5628544369209469	0.7502362540699743	0.4534440121383942	-0.6637911633998183	0.5242701713637204	1.0	False	False	False	False
sp|P62847|RS24_HUMAN	psvid_96844_sp|P62847|RS24_HUMAN	-0.15169386254024442	-0.7303653828856639	0.42697765780517505	0.2594033366761707	-0.5847799202737831	0.5717639474304634	1.0	0.399259914211756	-10.914058419561158	0.09651391228082079	0.31066688314144586	0.2913605204501656	-0.5206397294522619	0.6157943349837718	1.0	False	False	False	False
sp|Q9NVI7|ATD3A_HUMAN	psvid_46364_sp|Q9NVI7|ATD3A_HUMAN	-0.2328462761219381	-1.1212828310865433	0.6555902788426671	0.39826291545388814	-0.5846546768146119	0.5718449331952408	1.0	0.6424778105257565	-12.15946120894314	0.17072967714837353	0.41319447860344594	0.41659319946437046	-0.558929613880681	0.5905074589695867	1.0	False	False	False	False
sp|P11234|RALB_HUMAN	psvid_82796_sp|P11234|RALB_HUMAN	-0.13545368397231794	-0.6523037085860343	0.3813963406413984	0.23169037395503517	-0.5846323334892015	0.5718593816494153	1.0	0.28806698584802753	-11.888885091151858	0.14473715661143652	0.3804433684682078	0.24113899344864806	-0.561724514294133	0.5886839735598605	1.0	False	False	False	False
sp|O43390|HNRPR_HUMAN	psvid_35520_sp|O43390|HNRPR_HUMAN	-0.33704608634508126	-1.6238782348867338	0.9497860621965712	0.5768532601615058	-0.584283923871239	0.5720847089376815	1.0	0.925718915389891	-13.360117351459039	0.3720131357526437	0.6099287956414615	0.5735647549170301	-0.5876338869424381	0.5719276534532228	1.0	False	False	False	False
sp|RS27A_HUMAN|,sp|P62979|RS27A_HUMAN	psvid_34278_sp|RS27A_HUMAN|	-0.1606122254188862	-0.7757290391954302	0.45450458835765783	0.2757408103374502	-0.5824753514807249	0.573255152808346	1.0	0.4422971137769021	-9.919888643268303	0.08527948367553839	0.29202651193947854	0.312353071661944	-0.5142008835204122	0.6201014688826902	1.0	False	False	False	False
sp|Q58FF6|H90B4_HUMAN	psvid_47968_sp|Q58FF6|H90B4_HUMAN	0.21779122852628685	-0.6167135816888772	1.052296038741451	0.3740867221405873	0.5821944903044105	0.573437034054666	1.0	0.37366698008602084	-14.005439166966323	0.49491763453300974	0.7035038269497969	0.2792293398572394	0.7799725796638569	0.4563985093838496	1.0	False	False	False	False
sp|P33908|MA1A1_HUMAN	psvid_73521_sp|P33908|MA1A1_HUMAN	-0.3336893577271338	-1.6126400000994665	0.9452612846451989	0.573320186688087	-0.5820296676709841	0.5735437853221683	1.0	0.9194216317193386	-13.346687999947939	0.3692398296447253	0.6076510755727544	0.5700093668485463	-0.585410305749934	0.5733551458020607	1.0	False	False	False	False
sp|P24752|THIL_HUMAN	psvid_23119_sp|P24752|THIL_HUMAN	-0.14022761307229192	-0.6777799872590332	0.39732476111444937	0.24097069684542652	-0.5819280722014203	0.5736095914562287	1.0	0.36359628036980723	-10.68029107203187	0.09149783419532637	0.30248608925920273	0.27453770992755816	-0.5107772375215542	0.6223979564029618	1.0	False	False	False	False
sp|Q8N6M3|FITM2_HUMAN	psvid_50514_sp|Q8N6M3|FITM2_HUMAN	0.22219055999261972	-0.6311404493499001	1.0755215693351396	0.3825260157620377	0.5808508463143075	0.5743075944940751	1.0	0.42821684052848114	-13.806312803891386	0.46020236296572714	0.6783821658665027	0.30541029347845744	0.7275149683463182	0.4863013880930598	1.0	False	False	False	False
sp|P16219|ACADS_HUMAN	psvid_53529_sp|P16219|ACADS_HUMAN	-0.3447161724940213	-1.670841623193622	0.9814092782055794	0.5944674217893539	-0.5798739507985511	0.574940989295644	1.0	0.9811901710411614	-13.077334339566658	0.3143636696189386	0.5606814332746703	0.604971551286948	-0.5698055912888981	0.5834289743410996	1.0	False	False	False	False
sp|P00533|EGFR_HUMAN	psvid_29207_sp|P00533|EGFR_HUMAN	0.21122240607757936	-0.6013735584668891	1.0238183706220478	0.3642655585445125	0.5798582960232526	0.5749511425753971	1.0	0.47556166321026055	-13.133151580590368	0.32550999275905046	0.5705348304521385	0.32901101918877906	0.6419918901147342	0.5376629372131596	1.0	False	False	False	False
sp|P00505|AATM_HUMAN	psvid_84928_sp|P00505|AATM_HUMAN	-0.3911509900731347	-1.8961632371408637	1.1138612569945943	0.6746577028619456	-0.5797769571352177	0.575003898440428	1.0	1.1587371950925944	-12.71380953082576	0.24746163803242943	0.49745516183112365	0.7063556792778364	-0.553759248418643	0.5938888663714403	1.0	False	False	False	False
sp|P18405|S5A1_HUMAN	psvid_74011_sp|P18405|S5A1_HUMAN	-0.2114245855136403	-1.025980532428659	0.6031313614013785	0.36514416747699235	-0.5790167400851668	0.5754970982470163	1.0	0.2855511837579617	-14.403122929048443	0.5504845746218265	0.7419464769252743	0.2400896527409431	-0.8806068195773833	0.40254096024093367	1.0	False	False	False	False
sp|P17174|AATC_HUMAN	psvid_26719_sp|P17174|AATC_HUMAN	0.1306582961178271	-0.3746536027799354	0.6359701950155896	0.2265181333928576	0.5768116404668683	0.5769289901851851	1.0	0.27857796034353116	-11.842515373895992	0.14097383151262644	0.3754648206059077	0.23720566398085555	0.5508228341814481	0.5958139327359879	1.0	False	False	False	False
sp|Q9BY44|EIF2A_HUMAN	psvid_54956_sp|Q9BY44|EIF2A_HUMAN	-0.3534268968236689	-1.720344106377324	1.0134903127299861	0.6127533024376967	-0.5767849727086612	0.5769463189096544	1.0	0.925478400622787	-14.96442517298648	0.5890645049229357	0.7675053777811174	0.5734289229299521	-0.6163395020568961	0.5536803407147992	1.0	False	False	False	False
sp|P78527|PRKDC_HUMAN	psvid_40998_sp|P78527|PRKDC_HUMAN	-0.2093460166966179	-1.0203955380753598	0.601703504682124	0.3635723284423466	-0.5758029429619116	0.5775846400570585	1.0	0.372491340200683	-13.788760925526484	0.4569676689573144	0.6759938379580944	0.27867915207011296	-0.751208029526186	0.4726421600335265	1.0	False	False	False	False
sp|Q30154|DRB5_HUMAN	psvid_61957_sp|Q30154|DRB5_HUMAN	-0.45532798047952916	-2.2204694124889954	1.3098134515299373	0.7912668259452111	-0.5754417669862694	0.5778195018667265	1.0	1.347092152317972	-13.446870428287463	0.38986743974551585	0.6243936576756012	0.8149204956337613	-0.558739144393984	0.5906318394560272	1.0	False	False	False	False
sp|P09525|ANXA4_HUMAN	psvid_68747_sp|P09525|ANXA4_HUMAN	-0.20567971711404098	-1.0036074457892359	0.5922480115611539	0.3576901713103673	-0.5750219983975264	0.5780925300234853	1.0	0.600340868297274	-10.878250175235044	0.09562933762302515	0.3092399353625355	0.39398615061276315	-0.5220480892390486	0.6148543165954499	1.0	False	False	False	False
sp|O96005|CLPT1_HUMAN	psvid_73367_sp|O96005|CLPT1_HUMAN	-0.1467366952302136	-0.7164566681962828	0.42298327773585565	0.2553905916611193	-0.5745579517076345	0.5783944394994371	1.0	0.3315887823563064	-12.075220614616779	0.16187521845166594	0.40233719496420656	0.2599708441294718	-0.5644351993454125	0.5869183757503093	1.0	False	False	False	False
sp|Q9H9S3|S61A2_HUMAN	psvid_28157_sp|Q9H9S3|S61A2_HUMAN	-0.20554709647488512	-1.005475536040744	0.5943813430909736	0.35858703777521894	-0.5732139615256611	0.5792693253371035	1.0	0.4330543272863281	-13.32097825421088	0.363929735370194	0.6032658911045726	0.3077878316572571	-0.6678207366682902	0.5218168117337995	1.0	False	False	False	False
sp|P13807|GYS1_HUMAN	psvid_59925_sp|P13807|GYS1_HUMAN	-0.2734519741650585	-1.3425543098787958	0.7956503615486787	0.47925066878509687	-0.570582352776389	0.5809844811007564	1.0	0.6526405883568799	-14.104297988987412	0.5106054045166627	0.7145665850826378	0.42208475396178136	-0.6478603446307346	0.5340376276322917	1.0	False	False	False	False
sp|O14521|DHSD_HUMAN	psvid_106346_sp|O14521|DHSD_HUMAN	-0.35693450927192805	-1.7528765784305764	1.0390075598867203	0.6257643893209744	-0.5703976054937268	0.5811049937652715	1.0	1.043080419806201	-13.084399668685773	0.31576487021595656	0.5619295954262923	0.6401792359880982	-0.5575540242585498	0.5914060675814125	1.0	False	False	False	False
sp|Q5T2N8|ATD3C_HUMAN	psvid_41659_sp|Q5T2N8|ATD3C_HUMAN	-0.3460421955498423	-1.7012827111676483	1.0091983200679637	0.6075189453597856	-0.5695990194098536	0.5816260758583769	1.0	0.9683057082232011	-13.659164235258356	0.4323542579078907	0.6575365069012448	0.5976631306720832	-0.5789920404839285	0.577486720906874	1.0	False	False	False	False
sp|Q13190|STX5_HUMAN	psvid_44863_sp|Q13190|STX5_HUMAN	-0.18392259518100307	-0.9050977414507043	0.5372525510886982	0.3232839922009941	-0.5689195865493197	0.58206960876304	1.0	0.422177515294781	-12.765379436233584	0.2562335960330502	0.5061952153399419	0.302453841103996	-0.6081013701451488	0.5588824542777281	1.0	False	False	False	False
sp|Q9BY49|PECR_HUMAN	psvid_78667_sp|Q9BY49|PECR_HUMAN	0.12996609864618902	-0.37991550177706845	0.6398476990694465	0.22856661129724795	0.5686136654367675	0.5822693733692518	1.0	0.32444568300956794	-11.142687002101182	0.10329010903942118	0.3213877860769155	0.25679772869161976	0.506102991285648	0.6255403417619085	1.0	False	False	False	False
sp|P01019|ANGT_HUMAN	psvid_882441_sp|P01019|ANGT_HUMAN	0.09369411642368064	-0.2739598907910305	0.4613481236383918	0.16480969403320994	0.5684988190367056	0.5823443769284737	1.0	0.15630627128164803	-11.045377152086864	0.1001555703199015	0.31647364869748873	0.19406152852378664	0.48280623746708407	0.6413215532732562	1.0	False	False	False	False
sp|O95793|STAU1_HUMAN	psvid_25761_sp|O95793|STAU1_HUMAN	-0.19259905717527248	-0.9488746546372399	0.5636765402866949	0.3390186081929438	-0.5681076274894611	0.5825998943633387	1.0	0.47454337872660235	-12.650356165456529	0.237036103674119	0.48686353701434554	0.3284961357942749	-0.5863053965903886	0.5727802759874254	1.0	False	False	False	False
sp|O14880|MGST3_HUMAN	psvid_25069_sp|O14880|MGST3_HUMAN	-0.2970884234242841	-1.4639514914977871	0.8697746446492189	0.5230742531130276	-0.567966061522222	0.5826923769604345	1.0	0.9197675395252403	-10.531545328655675	0.08916179868273408	0.2985997298771954	0.5702046069499475	-0.5210207350190044	0.6155399567782152	1.0	False	False	False	False
sp|O00161|SNP23_HUMAN	psvid_45131_sp|O00161|SNP23_HUMAN	0.24355131524638507	-0.7141983089683422	1.2013009394611123	0.4293341550200164	0.5672768224904684	0.5831427581425168	1.0	0.6190507530700573	-13.235486813461966	0.34631994543185773	0.5884895457286032	0.40399058884460703	0.6028638338901153	0.5622043462275017	1.0	False	False	False	False
sp|O95167|NDUA3_HUMAN	psvid_81317_sp|O95167|NDUA3_HUMAN	-0.3818660052123306	-1.8851161813126989	1.1213841708880377	0.6738678124451497	-0.5666779124331792	0.5835342666269974	1.0	1.1618196845289532	-12.613034190990152	0.2310980295270586	0.4807265641995027	0.7081252394767613	-0.5392633730927231	0.6034246845512229	1.0	False	False	False	False
sp|P47755|CAZA2_HUMAN	psvid_63439_sp|P47755|CAZA2_HUMAN	-0.3153420994705556	-1.5593302168658172	0.928646017924706	0.5576473994179229	-0.5654865418537096	0.5843134887691911	1.0	0.8399171607166902	-13.999200173429044	0.49389060242345734	0.7027735072009028	0.5253242139392478	-0.6002809143441159	0.563846702438524	1.0	False	False	False	False
sp|P11717|MPRI_HUMAN	psvid_46919_sp|P11717|MPRI_HUMAN	-0.23964377603878084	-1.1855640796954714	0.7062765276179096	0.4240313794116106	-0.5651557589235789	0.5845299384378352	1.0	0.6503118598595375	-12.801624384177419	0.26255442226715275	0.5124006462399835	0.42082514747502914	-0.5694616338321388	0.5836521169101114	1.0	False	False	False	False
sp|P08246|ELNE_HUMAN	psvid_49839_sp|P08246|ELNE_HUMAN	-0.3956783565154991	-1.9608940207615846	1.1695373077305864	0.7016453232066467	-0.5639293007857261	0.5853328547687826	1.0	1.1374367323976393	-14.104455255649324	0.5106294518908979	0.714583411429973	0.6941353727340577	-0.5700305330313347	0.5832830687192782	1.0	False	False	False	False
sp|Q6UX53|TMT1B_HUMAN	psvid_37390_sp|Q6UX53|TMT1B_HUMAN	0.08431384131470843	-0.2496426793101768	0.41827036193959366	0.14970399044893204	0.5632036999272246	0.585808157586084	1.0	0.13463032214919918	-10.15068288532981	0.08575427613661428	0.29283831056850174	0.1882901158321553	0.4477868683763893	0.665406800529812	1.0	False	False	False	False
sp|A8MUH7|PDZ1P_HUMAN	psvid_43534_sp|A8MUH7|PDZ1P_HUMAN	-0.20580047650464994	-1.021394438306788	0.6097934852974882	0.365609482454093	-0.5628969881285583	0.586009130619626	1.0	0.5269376660101168	-12.73782605503977	0.2515139958062265	0.5015117105374775	0.3553458417715124	-0.5791554376397622	0.5773813331320472	1.0	False	False	False	False
sp|Q6IQ22|RAB12_HUMAN	psvid_882831_sp|Q6IQ22|RAB12_HUMAN	-0.16559169976561083	-0.8230586324896991	0.49187523295847746	0.2947252631355905	-0.5618510541101092	0.5866947576076086	1.0	0.3134591082220415	-12.948691037273903	0.28943412344127784	0.5379908209637762	0.2519775762087511	-0.6571683967164849	0.5283175203686461	1.0	False	False	False	False
sp|Q16696|CP2AD_HUMAN	psvid_64463_sp|Q16696|CP2AD_HUMAN	0.2499999098315948	-0.7429319841137405	1.2429318037769301	0.44510544812687786	0.5616644570037526	0.5868171203000251	1.0	0.7698212819131871	-8.944542862994185	0.09514079645122323	0.3084490175883581	0.486294107632151	0.5140919988705746	0.6201744384499142	1.0	False	False	False	False
sp|P00568|KAD1_HUMAN	psvid_92468_sp|P00568|KAD1_HUMAN	-0.3516143437787682	-1.7498485348445154	1.046619847286979	0.6267918877373732	-0.5609746243654244	0.5872696028917637	1.0	0.9868757869932195	-14.019461678764447	0.4972103935489799	0.7051314725276272	0.6081990339522544	-0.5781238116967662	0.5780468901472338	1.0	False	False	False	False
sp|Q99798|ACON_HUMAN	psvid_55477_sp|Q99798|ACON_HUMAN	-0.3951765565271881	-1.9681871702318212	1.177834057177445	0.7051395955661407	-0.5604231545243318	0.5876314634545208	1.0	1.1285183991230008	-15.674743757449631	0.5665174654791709	0.7526735450905465	0.6890228912536542	-0.5735318253478886	0.5810145972703794	1.0	False	False	False	False
sp|Q92887|MRP2_HUMAN	psvid_48191_sp|Q92887|MRP2_HUMAN	-0.44635229994560355	-2.2239771378346127	1.3312725379434054	0.7968628109287184	-0.5601369443071312	0.5878193144121326	1.0	1.3091120747785048	-14.987799776666266	0.5895645985782801	0.76783110029373	0.792965637217222	-0.562889839100722	0.5879245866284228	1.0	False	False	False	False
sp|Q14032|BAAT_HUMAN	psvid_58179_sp|Q14032|BAAT_HUMAN	-0.22915000618390335	-1.1443895377011108	0.6860895253333041	0.41027799016578687	-0.5585237611486481	0.5888787103961932	1.0	0.4923893442769347	-13.923463605395185	0.4810951761247134	0.6936102479957411	0.3375616618619014	-0.6788389561775829	0.515144273350522	1.0	False	False	False	False
sp|Q15125|EBP_HUMAN	psvid_108796_sp|Q15125|EBP_HUMAN	0.16267807738694717	-0.4874907761210373	0.8128469308949317	0.29145372473526576	0.5581609140000234	0.5891171367754561	1.0	0.32164120818880804	-12.853137736039068	0.2717512214404675	0.5212976322989272	0.25556025039583247	0.6365546955560505	0.5410348452082627	1.0	False	False	False	False
sp|P60468|SC61B_HUMAN	psvid_60577_sp|P60468|SC61B_HUMAN	0.18392719581194727	-0.5525768480284996	0.9204312396523942	0.33015553682970694	0.5570925678790487	0.589819444822125	1.0	0.5237355257227768	-11.716440843408936	0.13169717243442144	0.36290105047302007	0.3536854475055573	0.5200304313031067	0.6162012461507669	1.0	False	False	False	False
sp|Q9Y3Z3|SAMH1_HUMAN	psvid_28209_sp|Q9Y3Z3|SAMH1_HUMAN	-0.27724531442828315	-1.3874359632511777	0.8329453343946114	0.49766948696462027	-0.5570872269450442	0.5898229569603559	1.0	0.7132087428580726	-13.888157866096018	0.4749326594801071	0.6891535819250358	0.4550860932952758	-0.6092150881182754	0.5581775379264003	1.0	False	False	False	False
sp|P62195|PRS8_HUMAN	psvid_4553_sp|P62195|PRS8_HUMAN	0.26263172760126174	-0.789232262788014	1.3144957179905374	0.4715231685734532	0.5569858388842867	0.58988963072637	1.0	0.700836828446541	-13.366685100617854	0.3733690571213399	0.6110393253476735	0.4483098216061281	0.5858263971562111	0.5730878718974063	1.0	False	False	False	False
sp|Q96A08|H2B1A_HUMAN	psvid_62088_sp|Q96A08|H2B1A_HUMAN	-0.24247210920897677	-1.2151142352806241	0.7301700168626707	0.43601007484208604	-0.5561158404350983	0.5904619152653208	1.0	0.7066395534582801	-12.381532555511022	0.19756190585068184	0.4444793649323688	0.4514859480146768	-0.5370535013884741	0.6048855391898316	1.0	False	False	False	False
sp|Q562R1|ACTBL_HUMAN	psvid_39530_sp|Q562R1|ACTBL_HUMAN	0.10470655038832533	-0.3160794288706319	0.5254925296472825	0.1886273701203887	0.5550973346100191	0.5911322635406514	1.0	0.22844437208462207	-11.048519036838204	0.10025074221462127	0.31662397605775416	0.21765101980192686	0.48107539529846194	0.6425018524818008	1.0	False	False	False	False
sp|P14406|CX7A2_HUMAN	psvid_80162_sp|P14406|CX7A2_HUMAN	0.12664269822206276	-0.3835934038448946	0.6368788002890201	0.2287255251300525	0.5536885231766511	0.5920601656705514	1.0	0.33599551988666376	-10.705869253626732	0.09196319626409506	0.3032543425313067	0.26194323465594427	0.4834738274054098	0.6408665953220738	1.0	False	False	False	False
sp|Q5SSJ5|HP1B3_HUMAN	psvid_34976_sp|Q5SSJ5|HP1B3_HUMAN	0.3736729715145395	-1.1326946087679528	1.8800405517970318	0.6752652633619125	0.5533721217261359	0.5922686672716931	1.0	1.0604192079544439	-15.350479373312929	0.5861308518994145	0.7655918311341982	0.6500705955354633	0.5748190643921449	0.5801818302438142	1.0	False	False	False	False
sp|Q12905|ILF2_HUMAN	psvid_32941_sp|Q12905|ILF2_HUMAN	-0.2754442241085573	-1.3860433129916734	0.8351548647745588	0.4978525799815195	-0.553264631306685	0.5923395099686318	1.0	0.8024866560918236	-12.834463759228132	0.2683889647710174	0.5180627035128252	0.5044341917166304	-0.5460459037703179	0.5989527883936566	1.0	False	False	False	False
sp|Q86TX2|ACOT1_HUMAN	psvid_28161_sp|Q86TX2|ACOT1_HUMAN	-0.2974910394436936	-1.497835389779764	0.9028533108923769	0.5380830379412879	-0.5528719890184568	0.5925983232486822	1.0	0.8150686302931436	-13.742545653701077	0.4483321324385123	0.6695760841297367	0.5114444611366585	-0.5816683179685539	0.5757619281944947	1.0	False	False	False	False
sp|Q9H1X3|DJC25_HUMAN	psvid_27860_sp|Q9H1X3|DJC25_HUMAN	-0.23246098482907396	-1.1717361443865961	0.7068141747284482	0.42105253477970395	-0.5520949658946913	0.5931106810615089	1.0	0.5617087630397457	-13.568328569900485	0.41444692052673815	0.6437755202916139	0.37351885529083334	-0.6223540834319399	0.5499001052697946	1.0	False	False	False	False
sp|Q9Y262|EIF3L_HUMAN	psvid_81098_sp|Q9Y262|EIF3L_HUMAN	0.15462207261615246	-0.47081482977672284	0.7800589750090278	0.2803670366640406	0.5514987583987402	0.5935039708765596	1.0	0.383513925706519	-12.177693505605163	0.17274004917611993	0.4156200779270895	0.28386264038974257	0.544707371156193	0.5998339088327116	1.0	False	False	False	False
sp|Q709F0|ACD11_HUMAN	psvid_419470_sp|Q709F0|ACD11_HUMAN	-0.15002789316075527	-0.7580033403155495	0.45794755399403897	0.27253952210228016	-0.5504812366422656	0.5941755007576147	1.0	0.2209879462380209	-13.011420314507872	0.30144424022997607	0.5490393794892823	0.21494029250731725	-0.6979979947484618	0.5036673609382488	1.0	False	False	False	False
sp|P42765|THIM_HUMAN	psvid_44529_sp|P42765|THIM_HUMAN	-0.12023469493281969	-0.6081544071454728	0.3676850172798334	0.21872167011517768	-0.549715512274137	0.5946811179576346	1.0	0.31819252656872454	-10.354097471369942	0.08714136302029862	0.2951971595735613	0.2540451030307922	-0.4732808997237248	0.6478302982439657	1.0	False	False	False	False
sp|Q96CS3|FAF2_HUMAN	psvid_59309_sp|Q96CS3|FAF2_HUMAN	-0.14696263791457742	-0.7438562963978584	0.4499310205687036	0.26757184552470337	-0.549245521801393	0.5949915710799636	1.0	0.3960460344484172	-11.565239938230514	0.12224141773689925	0.34963040161990955	0.28982158557601917	-0.5070796836008257	0.624883065955493	1.0	False	False	False	False
sp|P62191|PRS4_HUMAN	psvid_24571_sp|P62191|PRS4_HUMAN	0.40172379134952063	-1.2302227887196286	2.03367037141867	0.731559050797088	0.5491337861404526	0.59506539088905	1.0	1.2244884785272174	-13.559088608510756	0.4126000909117933	0.642339544876223	0.7441578075848149	0.5398368293055025	0.6030459032713568	1.0	False	False	False	False
sp|Q9UFG5|CS025_HUMAN	psvid_78413_sp|Q9UFG5|CS025_HUMAN	0.3300104504776229	-1.0127873704014136	1.6728082713566594	0.6019412101179454	0.5482436572384869	0.5956536404337988	1.0	0.9648076069934867	-13.538868509541532	0.40854405137348254	0.6391745077625378	0.5956802669339929	0.5540060142938917	0.5937272440283445	1.0	False	False	False	False
sp|O75027|ABCB7_HUMAN	psvid_50763_sp|O75027|ABCB7_HUMAN	-0.3936011609168304	-1.99687249098759	1.209670169153929	0.7187046847740886	-0.5476535345536973	0.5960437973653404	1.0	1.1508768397661169	-14.872618830977025	0.5862354822809447	0.7656601610903787	0.701844544531523	-0.5608096037557103	0.5892805527098411	1.0	False	False	False	False
sp|Q9UNX3|RL26L_HUMAN	psvid_34240_sp|Q9UNX3|RL26L_HUMAN	-0.19062809486712906	-0.9684352484661776	0.5871790587319194	0.34867064274003046	-0.5467282630079693	0.5966558077001255	1.0	0.58441429196972	-10.722752718074245	0.09228106967028848	0.3037779940520519	0.38551577905165824	-0.49447546696029093	0.6333921521035804	1.0	False	False	False	False
sp|P15907|SIAT1_HUMAN	psvid_84701_sp|P15907|SIAT1_HUMAN	-0.18700629307137095	-0.9501889570124995	0.5761763708697576	0.34211486579046485	-0.5466184365864614	0.5967284731158105	1.0	0.5428929495179508	-11.844127577300576	0.1411014352193578	0.37563470981707453	0.3636531417083473	-0.5142435789028642	0.6200728575763856	1.0	False	False	False	False
sp|O75828|CBR3_HUMAN	psvid_56400_sp|O75828|CBR3_HUMAN	0.1727674792985434	-0.5338565352220341	0.879391493819121	0.31676109968697486	0.5454188644668592	0.5975224599305486	1.0	0.3762949530776394	-12.958284383505053	0.2912513698543122	0.5396770977670928	0.28046153788345674	0.6160113097944124	0.5538870460757307	1.0	False	False	False	False
sp|Q9HA82|CERS4_HUMAN	psvid_70086_sp|Q9HA82|CERS4_HUMAN	-0.2404924156270094	-1.2246705415009185	0.7436857102468997	0.44118136241265116	-0.5451100978333466	0.5977269199096032	1.0	0.6225619168837635	-13.456738994253687	0.39188632481131247	0.6260082466000847	0.40587420898530724	-0.592529434743451	0.5687918721814436	1.0	False	False	False	False
sp|P31213|S5A2_HUMAN	psvid_1265230_sp|P31213|S5A2_HUMAN	-0.4867352536762266	-2.481276254521677	1.5078057471692239	0.8941006643076181	-0.544385294751066	0.5982070166048126	1.0	1.5238661997376544	-13.974758715495692	0.4898267738633479	0.6998762561077122	0.9174331465857667	-0.5305402965737775	0.6092020330170808	1.0	False	False	False	False
sp|Q13765|NACA_HUMAN	psvid_44711_sp|Q13765|NACA_HUMAN	0.15509030688153524	-0.48084374955188214	0.7910243633149526	0.28507263679811146	0.5440378586436209	0.5984372239356684	1.0	0.4420212493652295	-11.367438619025183	0.11216787342173935	0.33491472559703817	0.3122163956837123	0.4967397901763235	0.6318592253093847	1.0	False	False	False	False
sp|P61020|RAB5B_HUMAN	psvid_97097_sp|P61020|RAB5B_HUMAN	-0.1789183925158957	-0.9147960806610741	0.5569592956292827	0.3298747579221813	-0.5423827929207703	0.5995344905101578	1.0	0.5256863924773559	-11.654506887448006	0.1276194070756381	0.3572385856477966	0.35469674451591726	-0.5044263734646897	0.6266694614720711	1.0	False	False	False	False
sp|P63167|DYL1_HUMAN	psvid_18626_sp|P63167|DYL1_HUMAN	0.3159516571608587	-0.9886860863403522	1.6205894006620696	0.5848350435768307	0.5402406381609922	0.6009562488148188	1.0	1.0120210808265417	-12.082323895926423	0.16259457510003966	0.40323017632617686	0.6224901887952694	0.5075608625612764	0.6245593809935216	1.0	False	False	False	False
sp|O76054|S14L2_HUMAN	psvid_50152_sp|O76054|S14L2_HUMAN	0.1891856997071253	-0.5931548013003203	0.9715262007145709	0.3507028240427296	0.5394473233100482	0.6014832226350213	1.0	0.514107506175236	-12.526505105019044	0.21789463594347427	0.46679185505262866	0.3487074214748464	0.5425341935854725	0.6012659306730767	1.0	False	False	False	False
sp|Q14573|ITPR3_HUMAN	psvid_42447_sp|Q14573|ITPR3_HUMAN	0.2466989632162786	-0.7740553106196377	1.267453237052195	0.4575774947442414	0.5391413827163171	0.6016865137087372	1.0	0.6134526894079563	-16.376679130283662	0.4838073836969773	0.6955626382267648	0.40099136798579915	0.6152226279968582	0.5543839643192277	1.0	False	False	False	False
sp|O60763|USO1_HUMAN	psvid_46432_sp|O60763|USO1_HUMAN	-0.3772528311760066	-1.9387710578056718	1.1842653954536586	0.6999878584427356	-0.5389419639581774	0.6018190425778792	1.0	1.1151629759994226	-14.679500834869721	0.5757850929949266	0.7588050428106857	0.681371473922729	-0.5536668992086231	0.593949357745074	1.0	False	False	False	False
sp|P47895|AL1A3_HUMAN	psvid_38018_sp|P47895|AL1A3_HUMAN	-0.23572194034294425	-1.211658670295948	0.7402147896100594	0.43748695975831603	-0.5388090663848947	0.6019073715409823	1.0	0.4995100228137646	-14.897282713700733	0.587131132332712	0.7662448253219802	0.3412028113545902	-0.6908557974863038	0.5079270445191804	1.0	False	False	False	False
sp|Q8WXF0|SRS12_HUMAN	psvid_47227_sp|Q8WXF0|SRS12_HUMAN	-0.27186134628951475	-1.3991018197460372	0.8553791271670077	0.5053124782717898	-0.5380063979803208	0.6024410003686674	1.0	0.6776813686328217	-14.986134426935262	0.5895319183876084	0.7678098191528996	0.43567439168085714	-0.6240012070497369	0.5488674971809739	1.0	False	False	False	False
sp|P26038|MOES_HUMAN	psvid_62252_sp|P26038|MOES_HUMAN	-0.10010976887003098	-0.5160906220817236	0.3158710843416617	0.18647335754851377	-0.5368582953947507	0.6032047087170896	1.0	0.23773263911049372	-10.557026840662177	0.0895186281668654	0.29919663796049817	0.2211042996199095	-0.45277169662519096	0.6619524672016357	1.0	False	False	False	False
sp|Q9H0W9|BKGD_HUMAN	psvid_36835_sp|Q9H0W9|BKGD_HUMAN	-0.4168569734616252	-2.150809420223646	1.3170954733003952	0.777285618029705	-0.5362983230260855	0.603577380511028	1.0	1.3208884055754038	-13.42775143910986	0.385947161386417	0.6212464578461732	0.7997700512687042	-0.5212210344715333	0.615406248849024	1.0	False	False	False	False
sp|P16104|H2AX_HUMAN	psvid_48125_sp|P16104|H2AX_HUMAN	-0.2163581907113885	-1.1163327840094266	0.6836164025866497	0.40343511684476274	-0.5362899303449598	0.6035829669039873	1.0	0.6784287883298834	-11.505199619921923	0.1189300524048487	0.3448623673363748	0.4360812407862392	-0.4961419352075367	0.6322637863538859	1.0	False	False	False	False
sp|P63027|VAMP2_HUMAN	psvid_80240_sp|P63027|VAMP2_HUMAN	0.2925709638809648	-0.9246394001448184	1.509781327906748	0.5456436316005816	0.5361942244661451	0.6036466731982266	1.0	0.8912142586012709	-12.955081937542905	0.29064392905346786	0.539114022312041	0.5541111092638725	0.5280005381405194	0.610889591361643	1.0	False	False	False	False
sp|P61165|TM258_HUMAN	psvid_18980_sp|P61165|TM258_HUMAN	0.22711548242272572	-0.7188372931721948	1.1730682580176461	0.42404593573385746	0.5355916972289282	0.6040478237220024	1.0	0.6538697629546334	-12.76114116435449	0.25550277391007215	0.5054728221280271	0.422749909676375	0.5372336627974397	0.6047663717119035	1.0	False	False	False	False
sp|P51687|SUOX_HUMAN	psvid_74097_sp|P51687|SUOX_HUMAN	-0.15495163066872175	-0.8008139621710274	0.4909107008335839	0.2895232233394555	-0.5351958605650317	0.6043114392212888	1.0	0.4021879286501572	-12.212579116147612	0.1766812997682246	0.42033474727676823	0.2927662765221486	-0.52926734769262	0.610047545237646	1.0	False	False	False	False
sp|P06899|H2B1J_HUMAN	psvid_12952_sp|P06899|H2B1J_HUMAN	-0.17943902232343145	-0.9278093108411916	0.5689312661943287	0.33547486455690095	-0.534880675964909	0.6045213855719334	1.0	0.5573268054378292	-10.805195219967938	0.09395933143122688	0.30652786403723054	0.37121487022152355	-0.48338317432259836	0.6409283654136884	1.0	False	False	False	False
sp|P23527|H2B1O_HUMAN	psvid_69354_sp|P23527|H2B1O_HUMAN	-0.17943902232343145	-0.9278093108411916	0.5689312661943287	0.33547486455690095	-0.534880675964909	0.6045213855719334	1.0	0.5573268054378292	-10.805195219967938	0.09395933143122688	0.30652786403723054	0.37121487022152355	-0.48338317432259836	0.6409283654136884	1.0	False	False	False	False
sp|P33778|H2B1B_HUMAN	psvid_12947_sp|P33778|H2B1B_HUMAN	-0.17943902232343145	-0.9278093108411916	0.5689312661943287	0.33547486455690095	-0.534880675964909	0.6045213855719334	1.0	0.5573268054378292	-10.805195219967938	0.09395933143122688	0.30652786403723054	0.37121487022152355	-0.48338317432259836	0.6409283654136884	1.0	False	False	False	False
sp|Q16778|H2B2E_HUMAN	psvid_12940_sp|Q16778|H2B2E_HUMAN	-0.17943902232343145	-0.9278093108411916	0.5689312661943287	0.33547486455690095	-0.534880675964909	0.6045213855719334	1.0	0.5573268054378292	-10.805195219967938	0.09395933143122688	0.30652786403723054	0.37121487022152355	-0.48338317432259836	0.6409283654136884	1.0	False	False	False	False
sp|Q9UNF0|PACN2_HUMAN	psvid_48989_sp|Q9UNF0|PACN2_HUMAN	0.22348236192499904	-0.7102394728949155	1.1572041967449136	0.41856312426625436	0.5339274985505854	0.6051565331667136	1.0	0.5168873952496705	-13.905517320114727	0.4779778081642021	0.6913593914630813	0.3501424769755508	0.638261212565204	0.5399751939737186	1.0	False	False	False	False
sp|P30153|2AAA_HUMAN	psvid_79087_sp|P30153|2AAA_HUMAN	0.3117179061477251	-0.9922318891466368	1.615667701442087	0.5845266543542015	0.5332826207764951	0.6055864422538503	1.0	0.8917659162651188	-14.111965227466825	0.5117743144428007	0.7153840328402645	0.5544215911594569	0.5622398389929805	0.5883480947949346	1.0	False	False	False	False
sp|P14625|ENPL_HUMAN	psvid_24290_sp|P14625|ENPL_HUMAN	0.14176013415477318	-0.45147768081810336	0.7349979491276497	0.26593302631272836	0.5330670512058475	0.6057301874467812	1.0	0.3064760206075471	-6.7432449172267575	0.21428707479880882	0.4629115194060403	0.24895355848752648	0.5694240123178472	0.583676526739716	1.0	False	False	False	False
sp|P50897|PPT1_HUMAN	psvid_59525_sp|P50897|PPT1_HUMAN	0.2406361066702538	-0.7675057707066633	1.2487779840471709	0.45192368665119026	0.5324706665707141	0.6061279582324918	1.0	0.6156690205500465	-13.770517132054309	0.453578815867078	0.6734826024977022	0.40217820453241704	0.598332042757075	0.565087705626526	1.0	False	False	False	False
sp|Q9BR76|COR1B_HUMAN	psvid_64760_sp|Q9BR76|COR1B_HUMAN	-0.3297242722461715	-1.7115681306453805	1.0521195861530375	0.6194445294633829	-0.5322902319144017	0.6062483294202655	1.0	0.9395037355579826	-15.113444961748094	0.5907328183868358	0.7685914508936694	0.5813549550036197	-0.5671651534201142	0.5851431641813489	1.0	False	False	False	False
sp|Q96RT6|CTGE2_HUMAN	psvid_37981_sp|Q96RT6|CTGE2_HUMAN	0.2337389786688595	-0.7464925208026977	1.2139704781404168	0.4394121928209401	0.5319355777733457	0.6064849616050734	1.0	0.5718853135101096	-13.898769683091036	0.47679759022973567	0.6905053151350362	0.37888393748311255	0.6169144572914961	0.5533183243737173	1.0	False	False	False	False
sp|P55735|SEC13_HUMAN	psvid_29057_sp|P55735|SEC13_HUMAN	-0.28173700638165977	-1.4642153894813918	0.9007413767180723	0.530074191210267	-0.5315048554588122	0.6067724122208936	1.0	0.8483062320043129	-13.106800522749577	0.3202265456207218	0.5658856294523849	0.5300201074616093	-0.5315590907125475	0.6085257788452092	1.0	False	False	False	False
sp|Q9H0R3|TM222_HUMAN	psvid_85401_sp|Q9H0R3|TM222_HUMAN	0.2295123470344631	-0.7343775633116673	1.1934022573805936	0.43208668500400726	0.5311719962681436	0.6069946003027475	1.0	0.6377096409440431	-13.117562823877115	0.3223800182808467	0.5677851867395334	0.4140216541275043	0.5543486548261103	0.5935028668982111	1.0	False	False	False	False
sp|Q9UKV5|AMFR_HUMAN	psvid_80339_sp|Q9UKV5|AMFR_HUMAN	-0.1484837654673825	-0.7721257898134763	0.4751582588787113	0.27956243968995076	-0.5311291661070733	0.6070231930776834	1.0	0.28926755064661075	-12.83046027139033	0.2676722937728062	0.5173705575047793	0.24164137324208546	-0.6144798942134213	0.5548521682961083	1.0	False	False	False	False
sp|O14983|AT2A1_HUMAN	psvid_25369_sp|O14983|AT2A1_HUMAN	0.12592246296293474	-0.40297725378964255	0.654822179715512	0.2370919363904482	0.5311123814669212	0.6070343984422983	1.0	0.2506693649943546	-12.31080627092644	0.18845567637610244	0.43411481934633656	0.22604870735996166	0.557058982701524	0.5917296370231687	1.0	False	False	False	False
sp|O15431|COPT1_HUMAN	psvid_106450_sp|O15431|COPT1_HUMAN	-0.2510088969977975	-1.3060657560462474	0.8040479620506524	0.47295444824531985	-0.5307253117695597	0.6072928344222454	1.0	0.6776390559437353	-13.643215887995753	0.4292452222669836	0.6551680870333838	0.4356513613233577	-0.5761692015269264	0.5793090835066274	1.0	False	False	False	False
sp|Q96HA9|PX11C_HUMAN	psvid_80100_sp|Q96HA9|PX11C_HUMAN	-0.2250267159610173	-1.1718115677945848	0.7217581358725502	0.4244189337907605	-0.5301995223237519	0.6076439808664578	1.0	0.587153138082427	-13.418511127938968	0.3840487152923207	0.6197166411290895	0.38696927376333434	-0.5815105519169486	0.5758635245342939	1.0	False	False	False	False
sp|Q92499|DDX1_HUMAN	psvid_35615_sp|Q92499|DDX1_HUMAN	0.2780902819319331	-0.8933403869989867	1.4495209508628528	0.5251217893427552	0.5295729249399308	0.6080625883730555	1.0	0.8887095666974906	-12.29222062145569	0.18615046249827433	0.4314515760757797	0.5527016575949475	0.5031471827713137	0.6275316304443678	1.0	False	False	False	False
sp|P00748|FA12_HUMAN	psvid_48599_sp|P00748|FA12_HUMAN	-0.1835203534377099	-0.9569556533004893	0.5899149464250695	0.3467108548348447	-0.5293181649162083	0.6082328270531783	1.0	0.5379523955048859	-12.108877147033287	0.1653278501053058	0.4066052755502636	0.36107484558930836	-0.5082612529770311	0.6240883875131933	1.0	False	False	False	False
sp|O95470|SGPL1_HUMAN	psvid_33275_sp|O95470|SGPL1_HUMAN	-0.17367083573165587	-0.9066270068726907	0.559285335409379	0.32856511811378253	-0.5285735647431491	0.6087305332411976	1.0	0.5014667169967706	-12.070421413292589	0.16139201011774718	0.40173624446612627	0.3422056595603948	-0.5075042766819152	0.6245974413847158	1.0	False	False	False	False
sp|P52895|AK1C2_HUMAN	psvid_92432_sp|P52895|AK1C2_HUMAN	0.1675997893588641	-0.540043650449568	0.8752432291672962	0.3172180814319961	0.5283424847735027	0.6088850345445092	1.0	0.5226725005810396	-10.649907156930427	0.09096997801074777	0.3016122975124651	0.3531347612206654	0.47460575328106835	0.6469230877273914	1.0	False	False	False	False
sp|P53801|PTTG_HUMAN	psvid_98651_sp|P53801|PTTG_HUMAN	0.3330938580562566	-1.0735206195970108	1.739708335709524	0.6305485514518889	0.5282604444800977	0.6089398919821213	1.0	0.9956130592702145	-14.003408441186792	0.49458381178716515	0.7032665296935189	0.6131616571788288	0.5432398685671724	0.6008007238521417	1.0	False	False	False	False
sp|P11310|ACADM_HUMAN	psvid_73944_sp|P11310|ACADM_HUMAN	-0.22081297455906945	-1.1546696771836011	0.7130437280654622	0.418623581982416	-0.5274738071691922	0.6094660176713849	1.0	0.6130148741316525	-13.063903196341705	0.31170832550655303	0.5583084501479025	0.400757011214012	-0.5509896729945195	0.5957044657123776	1.0	False	False	False	False
sp|P04114|APOB_HUMAN	psvid_1633337_sp|P04114|APOB_HUMAN	-0.1885514377485129	-0.9861591010520191	0.6090562255549933	0.3575466943593658	-0.527347730305128	0.6095503632555221	1.0	0.4432030144040423	-13.236465895475998	0.34652080388121537	0.5886601769112765	0.3128020754421244	-0.6027819268206847	0.5622563850620869	1.0	False	False	False	False
sp|Q8TBA6|GOGA5_HUMAN	psvid_76284_sp|Q8TBA6|GOGA5_HUMAN	0.201351729163453	-0.6507305026001372	1.0534339609270433	0.3819662213720401	0.5271453806574529	0.6096857479832692	1.0	0.49875653267436015	-13.291192409704962	0.35778190153280043	0.5981487286058547	0.34081689268176285	0.5907915173426125	0.569903960104181	1.0	False	False	False	False
sp|O00487|PSDE_HUMAN	psvid_31060_sp|O00487|PSDE_HUMAN	-0.2737861258315859	-1.432500235199762	0.8849279835365902	0.5194212876494148	-0.5270983926565189	0.6097171881440485	1.0	0.7120915502857504	-15.235056977304529	0.589459933540057	0.767762940978566	0.4544735005138866	-0.6024248400005894	0.5624832887434708	1.0	False	False	False	False
sp|P15259|PGAM2_HUMAN	psvid_74735_sp|P15259|PGAM2_HUMAN	-0.20190987705024943	-1.0568883494085786	0.6530685953080797	0.3832645304259293	-0.5268159744024918	0.6099061747053864	1.0	0.47649977279529043	-13.47736393898349	0.39609465595185317	0.6293605134991018	0.3294856256002596	-0.6128032950827774	0.5559099018446811	1.0	False	False	False	False
sp|Q9NR31|SAR1A_HUMAN	psvid_67761_sp|Q9NR31|SAR1A_HUMAN	-0.09532470247083014	-0.49917133862023083	0.30852193367857056	0.18103390479640222	-0.5265571804244957	0.6100793789889154	1.0	0.21067452134509992	-10.970223876392058	0.0979929424559788	0.31303824439831435	0.21128538654197931	-0.45116562025878926	0.6630645049693529	1.0	False	False	False	False
sp|Q9UBV2|SE1L1_HUMAN	psvid_78488_sp|Q9UBV2|SE1L1_HUMAN	-0.1571765925945523	-0.8241282570627059	0.5097750718736013	0.29897702078286553	-0.5257146257695272	0.6106434546495433	1.0	0.44209726275356204	-11.985455746562613	0.15320800353364167	0.3914179397187125	0.312254053688295	-0.5033612558043923	0.6273873041742966	1.0	False	False	False	False
sp|P08238|HS90B_HUMAN	psvid_47970_sp|P08238|HS90B_HUMAN	0.10541420655482714	-0.34194458662537713	0.5527729997350315	0.20053926893291688	0.5256536892536974	0.6106842609675496	1.0	0.2612070722021755	-11.01105844644622	0.09914119164019428	0.31486694275549837	0.23018576705054855	0.45795275661712953	0.6583711522229008	1.0	False	False	False	False
sp|P57721|PCBP3_HUMAN	psvid_50545_sp|P57721|PCBP3_HUMAN	-0.17467219150941293	-0.9170930855970479	0.5677487025782221	0.3328079063394724	-0.5248438759481961	0.6112266877250232	1.0	0.30977295637657315	-13.566255160942667	0.4140328726748588	0.6434538621182243	0.2503773515304872	-0.6976357503651602	0.5038828694126571	1.0	False	False	False	False
sp|Q9BYD1|RM13_HUMAN	psvid_59978_sp|Q9BYD1|RM13_HUMAN	-0.31596824176525606	-1.6640807927842507	1.0321443092537386	0.6043236649016466	-0.5228460510754279	0.61256592066555	1.0	0.9246922097498081	-14.309607168424996	0.5393162223972433	0.7343815237308489	0.5729849392906611	-0.551442490192527	0.595407415981003	1.0	False	False	False	False
sp|Q6ZNB7|ALKMO_HUMAN	psvid_50518_sp|Q6ZNB7|ALKMO_HUMAN	-0.3931681874586124	-2.0716412072034522	1.2853048322862273	0.7524156391571518	-0.5225412218957002	0.6127703934858798	1.0	1.2188016144477785	-15.090731451600211	0.5907103008607583	0.7685768021874966	0.7408838136049147	-0.5306745541457788	0.6091128930335783	1.0	False	False	False	False
sp|P18669|PGAM1_HUMAN	psvid_59043_sp|P18669|PGAM1_HUMAN	-0.10283715694076045	-0.5421022030776061	0.3364278891960853	0.1969110534160951	-0.5222518246522913	0.6129645471889712	1.0	0.23114844653988834	-11.418083318984221	0.11452567514926497	0.33841642269438543	0.2186477474687987	-0.4703325697669739	0.6498514256878056	1.0	False	False	False	False
sp|Q5SWX8|ODR4_HUMAN	psvid_34034_sp|Q5SWX8|ODR4_HUMAN	-0.1646791294871135	-0.8682902184027316	0.5389319594285046	0.31541048378900044	-0.5221105129697546	0.6130593632025582	1.0	0.4603134804120369	-12.233948706335905	0.1791573875750259	0.42326987558179224	0.3213327803270772	-0.5124877994691063	0.6212500128201637	1.0	False	False	False	False
sp|P35241|RADI_HUMAN	psvid_33157_sp|P35241|RADI_HUMAN	-0.12612984431471785	-0.6653663432030809	0.41310665457364515	0.24172564598603513	-0.5217892532677504	0.6132749469715292	1.0	0.35230857130837556	-11.211002371073965	0.10573359375973014	0.3251670244039671	0.26933859286644374	-0.46829473256089055	0.6512501810299457	1.0	False	False	False	False
sp|O94788|AL1A2_HUMAN	psvid_93336_sp|O94788|AL1A2_HUMAN	-0.23457822033301	-1.238169890333074	0.769013449667054	0.44988394746475224	-0.5214194052820452	0.6135231842288844	1.0	0.542180321413299	-14.664446288212638	0.5747160693848203	0.7581003029842557	0.36328092521839644	-0.6457212698189061	0.5353573745504427	1.0	False	False	False	False
sp|P19823|ITIH2_HUMAN	psvid_42503_sp|P19823|ITIH2_HUMAN	-0.16900359040947954	-0.8923693658160354	0.5543621849970763	0.3242659940579041	-0.521188140312057	0.6136784324001617	1.0	0.40377978919903024	-12.913078198399619	0.2827530837107037	0.5317453184661842	0.29353200124286793	-0.575758655594237	0.5795743887535281	1.0	False	False	False	False
sp|O43464|HTRA2_HUMAN	psvid_61724_sp|O43464|HTRA2_HUMAN	-0.26603556289378716	-1.4060504287636404	0.8739793029760661	0.5110389049223545	-0.5205779057745274	0.6140881790843061	1.0	0.7317299219886925	-14.05061640198753	0.502225886859474	0.7086789730614801	0.46526110621299194	-0.571798414570245	0.5821370557190654	1.0	False	False	False	False
sp|P52272|HNRPM_HUMAN	psvid_25963_sp|P52272|HNRPM_HUMAN	0.48427619762091245	-1.5917116542082326	2.5602640494500575	0.9306111614793569	0.5203851164336748	0.6142176579774863	1.0	1.6613302966425214	-12.015791623159886	0.15605005945105438	0.39503171955053734	0.9974447628521738	0.4855168082051322	0.6394753100903019	1.0	False	False	False	False
sp|P01876|IGHA1_HUMAN	psvid_159720_sp|P01876|IGHA1_HUMAN	-0.31406171231661784	-1.6610538577690337	1.032930433135798	0.6038214163337067	-0.5201235064227154	0.6143933796549269	1.0	0.9361482640057875	-14.05900706797789	0.5035578288908078	0.7096180866429546	0.5794577586142515	-0.5419924190292714	0.6016232188360695	1.0	False	False	False	False
sp|P35558|PCKGC_HUMAN	psvid_53561_sp|P35558|PCKGC_HUMAN	-0.3142165674069406	-1.6677571623021614	1.0393240274882802	0.6067569152753253	-0.5178623588729269	0.6159132441860187	1.0	0.9117585096235616	-15.138411021766856	0.5906623624371536	0.7685456150659853	0.565685785217813	-0.555461310179385	0.5927745647436778	1.0	False	False	False	False
sp|Q9BV40|VAMP8_HUMAN	psvid_92535_sp|Q9BV40|VAMP8_HUMAN	-0.21044287343401002	-1.1172755762728768	0.6963898294048567	0.4065094283248226	-0.5176826385090754	0.6160341279074485	1.0	0.6385094476669875	-12.487107584491497	0.21214672437942977	0.46059388226444103	0.4144527757425637	-0.5077608011116955	0.624424909240891	1.0	False	False	False	False
sp|O95479|G6PE_HUMAN	psvid_55911_sp|O95479|G6PE_HUMAN	0.06797525843238672	-0.22502351635528867	0.3609740332200621	0.13134370216903746	0.5175372500533261	0.6161319280821993	1.0	0.03659141270047372	-10.020173891580802	0.08534783385973486	0.2921435158611857	0.1719862649987749	0.3952365523658004	0.7023213049424911	1.0	False	False	False	False
sp|P38919|IF4A3_HUMAN	psvid_82276_sp|P38919|IF4A3_HUMAN	-0.27893987589651736	-1.4822542137861112	0.9243744619930765	0.5394144058316772	-0.517116103835684	0.616415270012176	1.0	0.8774839816365532	-12.970799367936394	0.29363289094657563	0.5418790371905667	0.5463894363851927	-0.5105147671630145	0.6225741943165248	1.0	False	False	False	False
sp|P26572|MGAT1_HUMAN	psvid_71578_sp|P26572|MGAT1_HUMAN	-0.38936982425303546	-2.070619284314896	1.291879635808825	0.7536602448738587	-0.5166384015893062	0.6167367422090317	1.0	1.2745952779355387	-13.43247845732451	0.38691744515154525	0.6220268845890387	0.7730382857020879	-0.5036876328827653	0.6271672959063559	1.0	False	False	False	False
sp|P02748|CO9_HUMAN	psvid_53218_sp|P02748|CO9_HUMAN	-0.1416272007620094	-0.7536934682781371	0.4704390667541183	0.2743733300817005	-0.5161842833625152	0.6170424222866356	1.0	0.3868368329659192	-11.971940335668824	0.15197000199366867	0.389833300262649	0.28543602605285406	-0.49617843521891086	0.6322390835135956	1.0	False	False	False	False
sp|P21912|SDHB_HUMAN	psvid_70441_sp|P21912|SDHB_HUMAN	0.10880904897529442	-0.36282063337759507	0.5804387313281839	0.2114192749711161	0.5146600232649545	0.6180690071820583	1.0	0.302548346032408	-10.219218716185354	0.08611631337940409	0.2934558116299694	0.24726675594676956	0.440047221708681	0.6707868057027724	1.0	False	False	False	False
sp|Q93088|BHMT1_HUMAN	psvid_52250_sp|Q93088|BHMT1_HUMAN	-0.16633940827273186	-0.8876171022918208	0.5549382857463571	0.3233299616800932	-0.5144571428159516	0.6182057117739743	1.0	0.5299365153354441	-11.008992707881085	0.0990815881418735	0.3147722798180829	0.3569029358080415	-0.4660634351357555	0.6527833935124968	1.0	False	False	False	False
sp|O43708|MAAI_HUMAN	psvid_95880_sp|O43708|MAAI_HUMAN	-0.41905396159104846	-2.237310830263996	1.3992029070818992	0.8150770896528398	-0.5141280093758166	0.6184275205046921	1.0	1.375443065731263	-13.834277489185888	0.4653023188000891	0.6821307197305287	0.8313269250465734	-0.5040784184484003	0.6269039219720648	1.0	False	False	False	False
sp|Q8IXB1|DJC10_HUMAN	psvid_80111_sp|Q8IXB1|DJC10_HUMAN	-0.3086294086579966	-1.647889066609359	1.0306302492933659	0.6003551440392231	-0.5140780614979338	0.618461184763444	1.0	0.9041815790280302	-14.636128103192505	0.5726066874678283	0.7567077953000275	0.5614140822496239	-0.549735780444441	0.5965274408266799	1.0	False	False	False	False
sp|Q9Y678|COPG1_HUMAN	psvid_26126_sp|Q9Y678|COPG1_HUMAN	0.5132522402162558	-1.7262683697699792	2.752772850202491	1.0039186280304748	0.5112488461571565	0.620369552696764	1.0	1.7683746953940398	-13.063662245780247	0.31166079111367256	0.558265878514595	1.0598879136107477	0.4842514322743299	0.6403368641706625	1.0	False	False	False	False
sp|P24539|AT5F1_HUMAN	psvid_51447_sp|P24539|AT5F1_HUMAN	-0.09483353950753504	-0.510525648426958	0.3208585694118879	0.18634392101979663	-0.508916733041483	0.6219448425617851	1.0	0.2412605242118159	-10.300505268032769	0.08668332554231693	0.2944203212115579	0.22243744608501212	-0.42633801626768875	0.6803654206541808	1.0	False	False	False	False
sp|Q9UJS0|S2513_HUMAN	psvid_50176_sp|Q9UJS0|S2513_HUMAN	-0.07990011784529161	-0.4303199445709303	0.2705197088803471	0.15708406080855053	-0.5086456094528364	0.6221281107884119	1.0	0.15624872355332597	-10.399560683748417	0.08758395138157053	0.29594585886876423	0.19404531147021614	-0.41176010510078936	0.6906183365007885	1.0	False	False	False	False
sp|O00187|MASP2_HUMAN	psvid_93107_sp|O00187|MASP2_HUMAN	0.33197478343456144	-1.1253544827228137	1.7893040495919366	0.6532826672572409	0.5081640767056212	0.6224536736666096	1.0	1.0281726170797971	-15.933074940952347	0.5414277785246574	0.7358177617621482	0.6316840087893011	0.5255393184178135	0.6125273009622402	1.0	False	False	False	False
sp|P16520|GBB3_HUMAN	psvid_70059_sp|P16520|GBB3_HUMAN	-0.31692168244218344	-1.708331381467442	1.074488016583075	0.6237326461051498	-0.5081050100891406	0.6224936143199754	1.0	0.9491953983006891	-14.993698329603369	0.5896767128658265	0.7679041039516761	0.5868379158213396	-0.5400497716624516	0.6029052820818323	1.0	False	False	False	False
sp|P49411|EFTU_HUMAN	psvid_1211290_sp|P49411|EFTU_HUMAN	-0.19544710072516613	-1.0551905037706097	0.6642963023202775	0.3854005244671262	-0.5071272308085231	0.623154972269982	1.0	0.6389291346270892	-11.638832155733697	0.126633667439338	0.35585624546906297	0.4146790371819414	-0.4713213912460525	0.6491732317629664	1.0	False	False	False	False
sp|P35908|K22E_HUMAN	psvid_22944_sp|P35908|K22E_HUMAN	0.40492702793896207	-1.3770669764373291	2.1869210323152535	0.7988213942103324	0.5069055872486352	0.6233049382175083	1.0	1.3314303282730355	-14.1336700819936	0.5150445328300075	0.7176660315425327	0.8058635637933196	0.502475910479077	0.6279843059903504	1.0	False	False	False	False
sp|P10321|HLAC_HUMAN	psvid_29535_sp|P10321|HLAC_HUMAN	0.22686320497339896	-0.7738283917948718	1.2275548017416698	0.44858392033972055	0.5057319147810546	0.6240993563948241	1.0	0.7560821837882957	-11.868181175115211	0.14303288934935504	0.37819689230525816	0.47869202065460015	0.47392309707433355	0.6473904679391148	1.0	False	False	False	False
sp|Q13423|NNTM_HUMAN	psvid_38304_sp|Q13423|NNTM_HUMAN	0.11364796569333802	-0.3885035694469007	0.6157995008335767	0.2251014248198786	0.5048744839544073	0.6246800416114177	1.0	0.3260479566742042	-10.794408382143136	0.09372757709743783	0.3061495992116237	0.25750686213568647	0.44133956179177164	0.6698870693685945	1.0	False	False	False	False
sp|Q96CW1|AP2M1_HUMAN	psvid_41854_sp|Q96CW1|AP2M1_HUMAN	-0.09890909373670809	-0.5361245898127782	0.33830640233936204	0.19599229362620138	-0.5046580756146901	0.6248266443457305	1.0	0.19418727303349625	-11.788072962906483	0.13679979501536604	0.3698645630705462	0.2056836878011629	-0.4808796205186908	0.6426354229440475	1.0	False	False	False	False
sp|O14656|TOR1A_HUMAN	psvid_77347_sp|O14656|TOR1A_HUMAN	-0.17527074019507616	-0.9507887992003544	0.6002473188102021	0.3476445013891706	-0.504166582513754	0.6251596631458992	1.0	0.5138293793862758	-12.454481957201663	0.20751237669290584	0.45553526394002236	0.34856394653225026	-0.5028366873246299	0.6277409938721396	1.0	False	False	False	False
sp|P05198|IF2A_HUMAN	psvid_48242_sp|P05198|IF2A_HUMAN	-0.10950783987653123	-0.5941526170199812	0.37513693726691877	0.2172536022139926	-0.5040553471176378	0.6252350447149675	1.0	0.3038807169397836	-10.953798385253464	0.09754858207868625	0.3123276838173111	0.24783780949795262	-0.4418528395581057	0.6695298770891193	1.0	False	False	False	False
sp|P43251|BTD_HUMAN	psvid_74748_sp|P43251|BTD_HUMAN	-0.1835801876288703	-0.9974892009816513	0.6303288257239107	0.3648541640488781	-0.5031604561988137	0.6258416559062151	1.0	0.28634705375404224	-14.38756492555117	0.5487141781494437	0.7407524405288475	0.24042110912745138	-0.7635776587801667	0.4656110899587757	1.0	False	False	False	False
sp|P36980|FHR2_HUMAN	psvid_86553_sp|P36980|FHR2_HUMAN	-0.14590631967753653	-0.7933648811680255	0.5015522418129524	0.29023877157447175	-0.5027113327624415	0.6261462094874234	1.0	0.4012541844578302	-12.240562285834605	0.1799332748522439	0.42418542508229096	0.29231760036148124	-0.4991362801867152	0.6302388601352368	1.0	False	False	False	False
sp|O14548|CO72L_HUMAN	psvid_61314_sp|O14548|CO72L_HUMAN	0.2923329025270265	-1.0053943313085416	1.5900601363625946	0.5817372424886924	0.5025170836173666	0.6262779539937431	1.0	0.9988770868717967	-12.28127281620796	0.18480957330640152	0.42989483982295196	0.6150164396782941	0.475325346880063	0.6464305966964122	1.0	False	False	False	False
sp|P12955|PEPD_HUMAN	psvid_63005_sp|P12955|PEPD_HUMAN	-0.2706113812978401	-1.4721651917330454	0.9309424291373651	0.5386252073314541	-0.5024112826775183	0.6263497165788127	1.0	0.758364596143534	-14.927074735666622	0.5880800775310873	0.766863793336918	0.47995372789421187	-0.5638280641868177	0.5873135794322714	1.0	False	False	False	False
sp|Q9Y4P3|TBL2_HUMAN	psvid_31026_sp|Q9Y4P3|TBL2_HUMAN	-0.12939414924330883	-0.7049891824534055	0.4462008839667878	0.2580242278033724	-0.5014806180988313	0.6269811434591923	1.0	0.3579843825314563	-11.84055767537519	0.14081919398397544	0.3752588359838785	0.27194480260925563	-0.47581034092874	0.6460987693348776	1.0	False	False	False	False
sp|P02786|TFR1_HUMAN	psvid_47937_sp|P02786|TFR1_HUMAN	-0.5563581411532001	-3.039859357026601	1.9271430747202007	1.1132887646731526	-0.4997428868479956	0.628160986723215	1.0	1.9557045973741929	-13.57224616770667	0.4152286456742159	0.6443823753597051	1.169391931752257	-0.47576704272239506	0.6461283900853838	1.0	False	False	False	False
sp|P49753|ACOT2_HUMAN	psvid_28165_sp|P49753|ACOT2_HUMAN	-0.2804846856629921	-1.5343354984161934	0.9733661270902092	0.5620685882867702	-0.49902216830499596	0.628650646075259	1.0	0.855881354728506	-13.902583191871408	0.4774651447923063	0.6909885272508555	0.5342645230431634	-0.524992159436968	0.6128916954705781	1.0	False	False	False	False
sp|O43707|ACTN4_HUMAN	psvid_33314_sp|O43707|ACTN4_HUMAN	-0.10889366295959135	-0.5966847401056752	0.37889741418649253	0.2186640063727808	-0.49799537091599905	0.62934858341369	1.0	0.30334120314860696	-11.078088006746093	0.1011657597487899	0.31806565320510466	0.24760643055772033	-0.4397852782511107	0.6709692407587925	1.0	False	False	False	False
sp|P01889|HLAB_HUMAN	psvid_43427_sp|P01889|HLAB_HUMAN	0.14280978392865684	-0.4975928132333334	0.7832123810906471	0.28707576695798737	0.49746373733299687	0.6297100974262727	1.0	0.43778315306329657	-11.590242558028073	0.12369113345532082	0.3516975027709478	0.310119868668487	0.4604986598950167	0.6566147268306484	1.0	False	False	False	False
sp|Q5K4L6|S27A3_HUMAN	psvid_537484_sp|Q5K4L6|S27A3_HUMAN	-0.16965531917803256	-0.9306170600649362	0.591306421708871	0.3411192839612034	-0.4973489543245172	0.6297881640414589	1.0	0.39852848941368185	-13.234055960614693	0.34602645288990536	0.5882401319953487	0.2910099085076294	-0.582988119023393	0.5749124105946525	1.0	False	False	False	False
sp|P63096|GNAI1_HUMAN	psvid_69469_sp|P63096|GNAI1_HUMAN	-0.14285695252066288	-0.7846095906312602	0.49889568558993447	0.287680955073188	-0.49658119524915745	0.6303104580430696	1.0	0.4313658956999794	-11.74958660766308	0.13400479389853528	0.3660666522623104	0.30695705922161404	-0.4653971890495743	0.6532415345851246	1.0	False	False	False	False
sp|Q15005|SPCS2_HUMAN	psvid_62542_sp|Q15005|SPCS2_HUMAN	-0.126684029064414	-0.6967889166713517	0.44342085854252367	0.2555631388466404	-0.4957054042932036	0.6309065055711693	1.0	0.39409169086844187	-10.748434667716502	0.0927811876152327	0.30460004533031954	0.2888878761327785	-0.4385231763972939	0.6718485749671522	1.0	False	False	False	False
sp|Q9H4M9|EHD1_HUMAN	psvid_71606_sp|Q9H4M9|EHD1_HUMAN	-0.26545736853690816	-1.4608887654572509	0.9299740283834346	0.5358806891749037	-0.49536655061340845	0.6311371978925915	1.0	0.8401766754308824	-13.363105096958545	0.3726300005517964	0.6104342720979847	0.5254694072865056	-0.5051813956357898	0.6261608627774162	1.0	False	False	False	False
sp|P78371|TCPB_HUMAN	psvid_70358_sp|P78371|TCPB_HUMAN	0.2704333761937616	-0.9491885023983349	1.490055254785858	0.546724650629428	0.49464273447780277	0.6316301128137056	1.0	0.9345857875199066	-12.199751008569347	0.17521752093584209	0.4185899197733291	0.578574529262671	0.4674132069698937	0.651855704049378	1.0	False	False	False	False
sp|P10632|CP2C8_HUMAN	psvid_27087_sp|P10632|CP2C8_HUMAN	0.14624056506802074	-0.5133550777986503	0.8058362079346918	0.2956795083237289	0.49459147810780035	0.6316650253200486	1.0	0.46311645641948945	-8.269700235124944	0.11410181753556314	0.3377896054285317	0.32273901456995746	0.4531232930201607	0.6617091414758144	1.0	False	False	False	False
sp|P62750|RL23A_HUMAN	psvid_46391_sp|P62750|RL23A_HUMAN	0.09600566196551563	-0.3381873080362739	0.5301986319673051	0.19463737408844514	0.49325399304806544	0.6325763691104438	1.0	0.2634572432094529	-10.088453775637982	0.08551491233191966	0.2924293287820489	0.23108136514671096	0.4154625878402731	0.6880078330511821	1.0	False	False	False	False
sp|Q92542|NICA_HUMAN	psvid_24692_sp|Q92542|NICA_HUMAN	-0.31478248647737095	-1.7397009684999831	1.1101359955452412	0.6387537587949236	-0.49280725497606676	0.6328809142819094	1.0	0.9827629940765054	-14.875000754157773	0.5863263296965063	0.7657194849920604	0.6058642283218229	-0.5195594520397478	0.616515878662708	1.0	False	False	False	False
sp|Q9H2M3|BHMT2_HUMAN	psvid_50162_sp|Q9H2M3|BHMT2_HUMAN	-0.12957768285684867	-0.7167070906484487	0.4575517249347514	0.2631947868298971	-0.492326175672297	0.6332089507394478	1.0	0.3680812447530719	-11.870640270625193	0.14323328150952588	0.3784617305746063	0.2766210999489627	-0.4684302205462854	0.651157137973123	1.0	False	False	False	False
sp|O00400|ACATN_HUMAN	psvid_70171_sp|O00400|ACATN_HUMAN	-0.15570542412912403	-0.8624668001684191	0.5510559519101711	0.31682267527007074	-0.49145921767245754	0.6338003194305036	1.0	0.4290893044591987	-12.581916254045348	0.22625857415562944	0.4756664526279202	0.30583848102945005	-0.5091099838222474	0.6235178826634897	1.0	False	False	False	False
sp|P51690|ARSL_HUMAN	psvid_62262_sp|P51690|ARSL_HUMAN	-0.16489458037885418	-0.9134580271157454	0.583668866358037	0.3355614523442507	-0.4913990544113205	0.6338413679994833	1.0	0.5261732273791057	-11.904001007731338	0.14600607631642687	0.38210741463157566	0.3549492474067339	-0.46455819130080483	0.6538186876574184	1.0	False	False	False	False
sp|P42167|LAP2B_HUMAN	psvid_45490_sp|P42167|LAP2B_HUMAN	-0.2480006204656613	-1.3740566460167842	0.8780554050854616	0.5047815211951459	-0.4913028905624015	0.6339069819847171	1.0	0.6774709233493906	-14.900837035651202	0.5872519855152348	0.7663236819485842	0.43555985067722003	-0.5693835648075996	0.5837027707775726	1.0	False	False	False	False
sp|Q8IY95|TM192_HUMAN	psvid_51319_sp|Q8IY95|TM192_HUMAN	-0.30409635207481545	-1.6875341981134289	1.079341493963798	0.6201590725119768	-0.490352178261397	0.6345558459557429	1.0	1.0084623222507592	-13.443951747404277	0.38926971708476305	0.6239148315954375	0.6204659271877264	-0.4901096720220205	0.6363530147563876	1.0	False	False	False	False
sp|P12236|ADT3_HUMAN	psvid_82711_sp|P12236|ADT3_HUMAN	0.10396456020180134	-0.3695245680377177	0.5774536884413204	0.21225281602230273	0.4898147508717959	0.6349227856491629	1.0	0.3019439692205131	-10.477814765259595	0.08846562334410894	0.2974317120686847	0.24700811417491436	0.4208953238199321	0.6841853411526426	1.0	False	False	False	False
sp|RETBP_HUMAN|,sp|P02753|RET4_HUMAN	psvid_55271_sp|RETBP_HUMAN|	-0.32135053179362294	-1.7860621560866952	1.1433610924994493	0.6565919856971655	-0.4894219527404296	0.635191042404452	1.0	1.1331214934476188	-6.730306802057958	0.215625058494354	0.4643544535097666	0.6916613334710009	-0.4646067609142938	0.6537852695566913	1.0	False	False	False	False
sp|Q9UBF2|COPG2_HUMAN	psvid_52123_sp|Q9UBF2|COPG2_HUMAN	0.4442869617084342	-1.5811940162343454	2.4697679396512138	0.9079702483696447	0.4893188543415357	0.635261461401382	1.0	1.5415369278568216	-16.003123595967253	0.5334060914307276	0.7303465557053909	0.9277057752826079	0.4789093412435539	0.6439804379753817	1.0	False	False	False	False
sp|Q9H6V9|LDAH_HUMAN	psvid_72094_sp|Q9H6V9|LDAH_HUMAN	-0.2705593163156559	-1.5050934884522205	0.9639748558209087	0.5534094425483745	-0.4888953738659886	0.6355507500793779	1.0	0.9187816358122225	-12.77203423616113	0.25738464115769305	0.5073308990764244	0.5696481525029511	-0.4749586479423441	0.6466815431626581	1.0	False	False	False	False
sp|Q7KZF4|SND1_HUMAN	psvid_39774_sp|Q7KZF4|SND1_HUMAN	0.11071177122212772	-0.39500965326336646	0.6164331957076219	0.22670171302340247	0.48835877658630183	0.6359174037757858	1.0	0.33269773086570525	-10.63219334498066	0.09067451956535161	0.3011221007587314	0.2604661429372408	0.42505244625518823	0.6812668204412494	1.0	False	False	False	False
sp|P61353|RL27_HUMAN	psvid_85833_sp|P61353|RL27_HUMAN	0.07422841101811306	-0.2657008947624721	0.4141577167986982	0.152381434118034	0.4871224073177842	0.6367626005592234	1.0	0.14443647796945697	-10.127772731842494	0.0856563735128838	0.29267110126024365	0.19081600786342973	0.38900515658644114	0.7067567448783992	1.0	False	False	False	False
sp|Q15155|NOMO1_HUMAN	psvid_34734_sp|Q15155|NOMO1_HUMAN	-0.12981374462061224	-0.7256625885325098	0.4660350992912853	0.26710348242664905	-0.4860054366990936	0.6375266457333068	1.0	0.3603596505696903	-12.07999746846538	0.162358427711673	0.40293725034014044	0.27304034469789107	-0.47543796051182946	0.6463535403202226	1.0	False	False	False	False
sp|P30085|KCY_HUMAN	psvid_62755_sp|P30085|KCY_HUMAN	0.10758138372044934	-0.38700316374151383	0.6021659311824126	0.2217093417756665	0.48523613330332316	0.6380531344042771	1.0	0.29579463527463956	-11.425690408901964	0.11489233271429078	0.3389577152305148	0.24439069121730775	0.44020246100449845	0.6706786974432808	1.0	False	False	False	False
sp|Q9NX63|MIC19_HUMAN	psvid_33740_sp|Q9NX63|MIC19_HUMAN	0.19686433100362244	-0.710041008053407	1.1037696700606519	0.4065419892452973	0.4842410777028973	0.6387344347558312	1.0	0.6807322307109525	-11.642768811989065	0.12687952438434957	0.35620152215333045	0.43733552327793335	0.45014484423327344	0.6637717413943574	1.0	False	False	False	False
sp|P01111|RASN_HUMAN	psvid_4666_sp|P01111|RASN_HUMAN	-0.1660502688170271	-0.9326145854255513	0.6005140477914971	0.34363077240511675	-0.4832229303994504	0.6394319111879999	1.0	0.40404122712182317	-13.243457924269155	0.34795594871812546	0.589877910010305	0.2936578572083484	-0.5654548813901324	0.5862549601874265	1.0	False	False	False	False
sp|O14818|PSA7_HUMAN	psvid_47175_sp|O14818|PSA7_HUMAN	-0.28973063233947816	-1.6272989620537675	1.0478376973748111	0.5995969657417158	-0.4832089701806186	0.6394414771290542	1.0	1.0358861031986515	-12.2087767305189	0.17624565571464554	0.41981621659322016	0.6360784482302725	-0.45549512508336104	0.6600687974834814	1.0	False	False	False	False
sp|Q9UDY2|ZO2_HUMAN	psvid_27279_sp|Q9UDY2|ZO2_HUMAN	0.33113936567350954	-1.199545589537584	1.861824320884603	0.6861661077510043	0.4825935905794888	0.6398632217648209	1.0	1.1208907894891738	-16.54224446377324	0.459081771841625	0.67755573338407	0.6846522869147028	0.48366064351547905	0.6407393099998471	1.0	False	False	False	False
sp|Q15771|RAB30_HUMAN	psvid_14695_sp|Q15771|RAB30_HUMAN	0.19938937530531842	-0.7229577103905305	1.1217364610011673	0.4134641211653662	0.4822410581680727	0.6401048872567047	1.0	0.6133024934026673	-12.948600642018327	0.28941703477091213	0.5379749387944684	0.40091096662014025	0.49734078612580873	0.631452670217133	1.0	False	False	False	False
sp|Q15907|RB11B_HUMAN	psvid_65739_sp|Q15907|RB11B_HUMAN	-0.11090018063417117	-0.6250489914102193	0.40324863014187695	0.230479490305277	-0.4811715805483627	0.6408382982096698	1.0	0.3219426924012498	-11.323126924343386	0.11021941902704283	0.33199310087265793	0.2556930516694695	-0.43372387286272507	0.6751972008122608	1.0	False	False	False	False
sp|P01042|KNG1_HUMAN	psvid_72022_sp|P01042|KNG1_HUMAN	-0.1648006877709456	-0.9298152886150569	0.6002139130731657	0.3429360752823892	-0.4805580387984589	0.6412592273919558	1.0	0.4334330188729238	-13.044031490314303	0.30780047133540633	0.5547976850487089	0.30797429931889514	-0.5351118198350084	0.6061706514014136	1.0	False	False	False	False
sp|P20337|RAB3B_HUMAN	psvid_64166_sp|P20337|RAB3B_HUMAN	0.20085610104622242	-0.732452120362847	1.134164322455292	0.41837771217131803	0.4800831765244118	0.641585105195839	1.0	0.613017634535599	-13.05858757029867	0.31066051313878973	0.5573692789693291	0.4007584887270436	0.5011898854200576	0.6288520054207841	1.0	False	False	False	False
sp|P49419|AL7A1_HUMAN	psvid_42048_sp|P49419|AL7A1_HUMAN	-0.18552588706460815	-1.0477084984311307	0.6766567243019144	0.3864939578833041	-0.48002273588097033	0.6416265887774529	1.0	0.528643086729482	-13.147158874436673	0.3283327412537663	0.5730032646100425	0.35623109954970356	-0.5208020504080735	0.6156859547860803	1.0	False	False	False	False
sp|P62910|RL32_HUMAN	psvid_88642_sp|P62910|RL32_HUMAN	0.08766946396132758	-0.3198952677031791	0.49523419562583426	0.18270062995703132	0.47985310166662387	0.6417430245469752	1.0	0.23287067809726034	-10.193872431200143	0.08597023769052795	0.2932068172647559	0.21928628634800976	0.39979455816126674	0.6990845332713903	1.0	False	False	False	False
sp|P61586|RHOA_HUMAN	psvid_55605_sp|P61586|RHOA_HUMAN	-0.06622428193880925	-0.3746804865053758	0.24223192262775728	0.1382728644314009	-0.478939105016256	0.6423705610530401	1.0	0.06232269915708355	-10.646393850772988	0.09091066412757508	0.30151395345418935	0.17455625742316938	-0.3793864678151555	0.7136263599050411	1.0	False	False	False	False
sp|P22033|MUTA_HUMAN	psvid_41173_sp|P22033|MUTA_HUMAN	-0.2579854492239484	-1.4619027215592273	0.9459318231113305	0.5396846856044131	-0.4780299610225568	0.6429950590915416	1.0	0.8250321085614523	-13.657465358345217	0.4320238328551686	0.6572851990233529	0.5170043669477669	-0.49900052246563087	0.6303305954012531	1.0	False	False	False	False
sp|O95210|STBD1_HUMAN	psvid_76062_sp|O95210|STBD1_HUMAN	-0.12429986119892078	-0.70487932567732	0.4562796032794785	0.2602586182251767	-0.4776013261216045	0.6432895930729214	1.0	0.406650276459998	-10.565017019958688	0.08963411707208682	0.2993895740871529	0.2949153515617076	-0.42147640175629336	0.6837770564184733	1.0	False	False	False	False
sp|P24462|CP3A7_HUMAN	psvid_418760_sp|P24462|CP3A7_HUMAN	-0.1462405650680214	-0.8302807655091226	0.5377996353730797	0.3066373653729144	-0.47691697614924455	0.6437599746731769	1.0	0.49398946139070593	-8.642663370949144	0.10223676642180282	0.3197448458095968	0.33837872520367296	-0.4321801406988516	0.6762759353768164	1.0	False	False	False	False
sp|P61604|CH10_HUMAN	psvid_105309_sp|P61604|CH10_HUMAN	0.06663595408060496	-0.2452568305642157	0.37852873872542564	0.13981339357049152	0.4766063706694041	0.643973520996776	1.0	0.09000228671249766	-10.291986705523394	0.08661675397981719	0.29430724418508153	0.17873234648747247	0.3728253748701025	0.7183281169240621	1.0	False	False	False	False
sp|P62745|RHOB_HUMAN	psvid_13976_sp|P62745|RHOB_HUMAN	-0.19014704076185307	-1.0802146911351247	0.6999206096114186	0.3989940929467648	-0.47656605479425773	0.6440012413123348	1.0	0.5971799248388122	-12.785787657669623	0.2597770896538464	0.509683322911243	0.39230158897453526	-0.48469607594221525	0.6400340550252366	1.0	False	False	False	False
sp|Q96BY9|SARAF_HUMAN	psvid_99268_sp|Q96BY9|SARAF_HUMAN	-0.13862783646657917	-0.7885998081354408	0.5113441352022825	0.2913654677462767	-0.475786775759224	0.644537169140966	1.0	0.25691391702721594	-13.149996150352194	0.32890564500042063	0.5735029598881078	0.22848880657866585	-0.606716094947309	0.5597599633421868	1.0	False	False	False	False
sp|Q8NI22|MCFD2_HUMAN	psvid_66567_sp|Q8NI22|MCFD2_HUMAN	-0.08435389284359207	-0.48036992736550843	0.3116621416783243	0.17752365050025373	-0.47516988641167845	0.6449615696094368	1.0	0.2199918031743051	-10.071498940282858	0.08546417456061361	0.29234256371697503	0.21458242452619655	-0.3931071849423251	0.7038356275295903	1.0	False	False	False	False
sp|P36542|ATPG_HUMAN	psvid_71346_sp|P36542|ATPG_HUMAN	0.07969781192964609	-0.29454441886859845	0.4539400427278906	0.16776302268383556	0.47506185007076174	0.6450359089983484	1.0	0.18722885111276086	-10.507795575085233	0.08884476476765342	0.29806838941366026	0.20341355179031084	0.3918018796102764	0.7047645975652613	1.0	False	False	False	False
sp|Q96GC9|VMP1_HUMAN	psvid_82727_sp|Q96GC9|VMP1_HUMAN	-0.23266204007632885	-1.3255211153735453	0.8601970352208876	0.489900194984041	-0.47491722285170357	0.645135432857943	1.0	0.6826689637939087	-14.045558457441729	0.5014190874242281	0.7081095165468603	0.4383906235728166	-0.5307185591246655	0.6090836775304356	1.0	False	False	False	False
sp|P21810|PGS1_HUMAN	psvid_96543_sp|P21810|PGS1_HUMAN	-0.41170863386125855	-2.3481641381603064	1.5247468704377893	0.8680624524950946	-0.47428457788707906	0.6455708680080113	1.0	1.4996046098687648	-13.349541861651305	0.36982924710100284	0.6081358788141042	0.9033357528308015	-0.45576479461936376	0.6598824178614084	1.0	False	False	False	False
sp|P13489|RINI_HUMAN	psvid_24837_sp|P13489|RINI_HUMAN	-0.23617226161732008	-1.3477576870078765	0.8754131637732363	0.498294728890045	-0.4739609871920489	0.6457936425117305	1.0	0.7264359101107012	-13.74551581139792	0.44889210211003877	0.6699941060263431	0.46234908228845695	-0.5108094093068266	0.6223763561503511	1.0	False	False	False	False
sp|Q96AX2|RAB37_HUMAN	psvid_103114_sp|Q96AX2|RAB37_HUMAN	0.1987376641801064	-0.7372294145362741	1.134704742896487	0.41956960849421054	0.4736703044182684	0.6459937930732608	1.0	0.6128063845908905	-13.086175649420113	0.31611754857731555	0.5622433179481243	0.400645420158446	0.49604376883057905	0.632330226778819	1.0	False	False	False	False
sp|O94956|SO2B1_HUMAN	psvid_70935_sp|O94956|SO2B1_HUMAN	0.38130717567934536	-1.4145528234880447	2.177167174846735	0.8050371577111841	0.4736516470412953	0.6460066406837558	1.0	1.3256655754158542	-15.254720303325612	0.589036633672564	0.7674872205271981	0.8025311116888534	0.47513070848670186	0.6465637894596037	1.0	False	False	False	False
sp|Q6P1M0|S27A4_HUMAN	psvid_46048_sp|Q6P1M0|S27A4_HUMAN	-0.2597797074578958	-1.4848114000119588	0.9652519850961672	0.5491497290084257	-0.47305806364863007	0.6464154504669243	1.0	0.8670383330185021	-13.375859188765157	0.3752624238789706	0.6125866664227769	0.540522841941845	-0.48060819506651964	0.6428206299017295	1.0	False	False	False	False
sp|Q9P0S3|ORML1_HUMAN	psvid_47849_sp|Q9P0S3|ORML1_HUMAN	-0.2106211272472298	-1.208141311578669	0.7868990570842094	0.44716225893222744	-0.47101722705795673	0.6478219475704459	1.0	0.5919367328084624	-13.893255546716489	0.475829871568063	0.6898042269862247	0.3895110624641552	-0.5407320806623105	0.6024548219006959	1.0	False	False	False	False
sp|P0CG08|GPHRB_HUMAN,sp|B7ZAQ6|GPHRA_HUMAN	psvid_79480_sp|P0CG08|GPHRB_HUMAN	0.1866005778615456	-0.697369722262584	1.0705708779856753	0.3962608099979744	0.47090343822418235	0.6479004111001245	1.0	0.493500389505343	-13.607053213282889	0.42213853439077315	0.6497218900350927	0.3381289201331113	0.5518622239945832	0.5951321405034411	1.0	False	False	False	False
sp|Q8NBN7|RDH13_HUMAN	psvid_96916_sp|Q8NBN7|RDH13_HUMAN	0.18425962058631962	-0.6923717487762308	1.06089098994887	0.3929709589162197	0.4688886453454268	0.6492904683630111	1.0	0.426500052192662	-14.058576921922914	0.5034897441080163	0.7095701121862562	0.3045685245183643	0.6049857610129029	0.5608571610424256	1.0	False	False	False	False
sp|Q9NRG9|AAAS_HUMAN	psvid_75281_sp|Q9NRG9|AAAS_HUMAN	0.3734704076139943	-1.4070114270051577	2.1539522422331463	0.7981435279825482	0.4679238689788141	0.6499565936014388	1.0	1.3129325408425627	-14.832272192299133	0.5845553824121249	0.7645622161813418	0.7951728117843909	0.4696720034679202	0.6503046736142105	1.0	False	False	False	False
sp|Q4KMQ2|ANO6_HUMAN	psvid_31777_sp|Q4KMQ2|ANO6_HUMAN	0.30759112634782326	-1.1594167646018276	1.7745990172974742	0.6576213420965598	0.46773288313179334	0.650088497298266	1.0	1.0608195771482996	-16.498846516038448	0.46568137051488123	0.6824085070651459	0.6502991301467222	0.47299944300774893	0.6480231091422469	1.0	False	False	False	False
sp|P61006|RAB8A_HUMAN	psvid_17967_sp|P61006|RAB8A_HUMAN	0.11866884105000075	-0.44759674912811953	0.684934431228121	0.25384208203200226	0.46749081200429166	0.6502557011006488	1.0	0.3938156552398036	-10.494431886293409	0.08867288290154816	0.2977799236039061	0.2887561267340382	0.4109656213781462	0.6911790712335628	1.0	False	False	False	False
sp|Q9BPW8|NIPS1_HUMAN	psvid_60951_sp|Q9BPW8|NIPS1_HUMAN	0.14982454693678182	-0.565751678919307	0.8654007727928706	0.320774142336241	0.4670717715760678	0.6505451896311334	1.0	0.5300622879174046	-10.623752568820155	0.09053687208250139	0.30089345636371256	0.35696828498125466	0.41971388843311247	0.6850157938301165	1.0	False	False	False	False
sp|Q6NVY1|HIBCH_HUMAN	psvid_45339_sp|Q6NVY1|HIBCH_HUMAN	-0.30630897339399654	-1.7696933903828702	1.1570754435948771	0.6559970333086937	-0.46693652233310656	0.6506386378110082	1.0	1.0808174323095308	-13.443649818670643	0.3892078684571278	0.6238652646662801	0.6617215265796783	-0.4628970965736199	0.6549620902600078	1.0	False	False	False	False
sp|Q8TD47|RS4Y2_HUMAN	psvid_55864_sp|Q8TD47|RS4Y2_HUMAN	-0.08695801564874017	-0.5031539011380659	0.3292378698405855	0.18656975090527994	-0.4660885016290133	0.6512247082318737	1.0	0.18255363031168947	-11.61644155673638	0.12525677534676188	0.3539163394741219	0.20192108953274876	-0.4306534589822367	0.6773435291877492	1.0	False	False	False	False
sp|P07307|ASGR2_HUMAN	psvid_70966_sp|P07307|ASGR2_HUMAN	-0.08615143649358759	-0.49911049167813143	0.32680761869095626	0.18511876437528144	-0.4653846776923022	0.651711313261529	1.0	0.23317824293675526	-10.606175662221487	0.09025667939708806	0.3004274944093634	0.21940062212263012	-0.3926672388624074	0.7041486735103529	1.0	False	False	False	False
sp|Q8N139|ABCA6_HUMAN	psvid_33642_sp|Q8N139|ABCA6_HUMAN	-0.12484103473493136	-0.7235981714546319	0.4739161019847692	0.2684071941730386	-0.4651180648103194	0.651895687132394	1.0	0.3082919119225745	-12.535790709973279	0.21927347601666425	0.46826645835108055	0.24973687744624962	-0.49989026855595503	0.6297294920260096	1.0	False	False	False	False
sp|Q9P035|HACD3_HUMAN	psvid_38408_sp|Q9P035|HACD3_HUMAN	0.1377070298501084	-0.5231967490042054	0.7986108087044222	0.29626591153883475	0.4648088912249281	0.6521095243415422	1.0	0.4558962034737552	-11.629151001364495	0.12603387400412605	0.35501249837734733	0.31912157055399903	0.4315190277205245	0.6767381509671933	1.0	False	False	False	False
sp|Q53S08|RAB6D_HUMAN	psvid_162929_sp|Q53S08|RAB6D_HUMAN	0.26521026622093213	-1.0091266823559952	1.5395472147978595	0.5712519881974892	0.4642614322582375	0.6524882507658075	1.0	0.848807494224848	-14.387291233565792	0.5486827165088858	0.7407312039524768	0.5303008493355109	0.5001128445357982	0.6295791673017086	1.0	False	False	False	False
sp|P17858|PFKAL_HUMAN	psvid_39972_sp|P17858|PFKAL_HUMAN	-0.39072348709739035	-2.2692094350172227	1.487762460822442	0.8420762136329683	-0.46400014722146415	0.652669041611433	1.0	1.4411191909272603	-13.538006582072455	0.4083707224468513	0.6390389052685691	0.8693865362936302	-0.4494243593455257	0.6642711370273896	1.0	False	False	False	False
sp|Q2VIR3|IF2GL_HUMAN	psvid_50687_sp|Q2VIR3|IF2GL_HUMAN	-0.12605585258295227	-0.7332093258464479	0.4810976206805434	0.2721710526639773	-0.4631493737086764	0.6532578805740102	1.0	0.38238651010484126	-11.96255471848151	0.1511204405901575	0.3887421260812333	0.2833299259773042	-0.4449083595675305	0.6674053598741905	1.0	False	False	False	False
sp|P02749|APOH_HUMAN	psvid_47424_sp|P02749|APOH_HUMAN	-0.08535277970889199	-0.49786132309464604	0.32715576367686205	0.1849168116962412	-0.4615739311420702	0.654348938888808	1.0	0.2220680480911148	-10.956936337026626	0.09763270900805762	0.31246233214270425	0.21532947304870356	-0.39638224391877264	0.7015071117023948	1.0	False	False	False	False
sp|P28799|GRN_HUMAN	psvid_25448_sp|P28799|GRN_HUMAN	-0.16777298369427296	-0.9790852831187308	0.6435393157301849	0.3636901249805679	-0.4613075037526442	0.6545335353549374	1.0	0.36529873946267916	-13.835577304039852	0.46553772188251635	0.6823032477443709	0.27532739536294937	-0.609358118806546	0.5580870451904457	1.0	False	False	False	False
sp|P16152|CBR1_HUMAN	psvid_80495_sp|P16152|CBR1_HUMAN	-0.13670106393123982	-0.7991050307409484	0.5257029028784688	0.2969384066376751	-0.4603684160602463	0.6551843851180292	1.0	0.4740246382018566	-11.110465940162836	0.10220860515738373	0.31970080568773007	0.328233955311813	-0.416474474133481	0.6872951469147237	1.0	False	False	False	False
sp|Q9UBS3|DNJB9_HUMAN	psvid_40926_sp|Q9UBS3|DNJB9_HUMAN	0.2271637163947986	-0.8738868028676088	1.328214235657206	0.49357220548059705	0.46024414234105143	0.6552705377469659	1.0	0.6528021381203076	-14.7597947473791	0.580868231255873	0.7621471191678632	0.4221721633622388	0.5380831236849788	0.6042046650653431	1.0	False	False	False	False
sp|Q9H553|ALG2_HUMAN	psvid_63784_sp|Q9H553|ALG2_HUMAN	-0.14657304284462924	-0.8589231545517433	0.5657770688624848	0.3193279595791516	-0.4590047267949873	0.6561300517727148	1.0	0.5115461484030468	-11.436451204400035	0.1154167133487068	0.3397303538818791	0.34738682067641574	-0.42193035003236135	0.6834581733157549	1.0	False	False	False	False
sp|Q14964|RB39A_HUMAN	psvid_55640_sp|Q14964|RB39A_HUMAN	0.1493962244436826	-0.5767395919968774	0.8755320408842426	0.3255077311430844	0.45896367474606026	0.6561585297114261	1.0	0.4132400389725804	-12.870965909841006	0.2749905887870775	0.5243954507688615	0.2981034058580082	0.5011557114340471	0.628875071379154	1.0	False	False	False	False
sp|Q13586|STIM1_HUMAN	psvid_31847_sp|Q13586|STIM1_HUMAN	-0.08453256807584975	-0.49553312563954854	0.32646798948784905	0.18424082101733583	-0.45881562842089046	0.6562612347284544	1.0	0.16093193758918364	-11.72476183938679	0.1322680415467516	0.36368673545614993	0.1953800466232696	-0.4326571189679611	0.6759425467392519	1.0	False	False	False	False
sp|O75439|MPPB_HUMAN	psvid_50729_sp|O75439|MPPB_HUMAN	0.228769763861151	-0.8843763423913971	1.341915870113699	0.49899434137977944	0.4584616395219534	0.6565068399418902	1.0	0.6671211261350469	-15.495404221111247	0.5791574670474758	0.7610239595751739	0.42993349391569374	0.532105004840611	0.6081635753285181	1.0	False	False	False	False
sp|Q13405|RM49_HUMAN	psvid_82180_sp|Q13405|RM49_HUMAN	-0.21134097730822665	-1.2405301091502932	0.8178481545338399	0.46135862140117273	-0.45808394490683174	0.6567689400831292	1.0	0.6164480884810898	-14.010592395616149	0.4957627290895247	0.704104203289204	0.40259557538593344	-0.5249461003281827	0.6129223748806911	1.0	False	False	False	False
sp|P30101|PDIA3_HUMAN	psvid_68778_sp|P30101|PDIA3_HUMAN	-0.1037593447635734	-0.6091365885078467	0.4016178989806999	0.22654742578175788	-0.4580027533110391	0.6568252891538053	1.0	0.28433159675233277	-7.776217579305689	0.13607543827011115	0.36888404447754464	0.23958263598352111	-0.4330837430585334	0.6756444173367931	1.0	False	False	False	False
sp|Q14568|HS902_HUMAN	psvid_68314_sp|Q14568|HS902_HUMAN	-0.19657778933507197	-1.1551034868592203	0.7619479081890763	0.4296820484256724	-0.45749593229533425	0.6571770871189819	1.0	0.6675212890937869	-12.741996648911204	0.25222356621673975	0.5022186438362676	0.43015077875328533	-0.456997404270236	0.6590308291256943	1.0	False	False	False	False
sp|P52597|HNRPF_HUMAN	psvid_42052_sp|P52597|HNRPF_HUMAN	0.43657842838015304	-1.696554941327502	2.569711798087808	0.9562280053926787	0.4565631062027622	0.6578248164181442	1.0	1.6660617873907448	-13.38328502569342	0.37679429606910153	0.6138357240085506	1.0002024931537397	0.4364900421349452	0.67326622208924	1.0	False	False	False	False
sp|P50990|TCPQ_HUMAN	psvid_85860_sp|P50990|TCPQ_HUMAN	-0.19554062868885458	-1.1511475128348159	0.7600662554571066	0.4283736205822133	-0.45647215256413415	0.6578879880988593	1.0	0.7016230341424156	-12.197399269224002	0.17495100425817214	0.418271448055174	0.4487399307900793	-0.4357549111900375	0.6737791468459682	1.0	False	False	False	False
sp|O43504|LTOR5_HUMAN	psvid_22230_sp|O43504|LTOR5_HUMAN	-0.1219843293503935	-0.7199482097291366	0.47597955102834966	0.2680515980628982	-0.45507779185770764	0.6588567924812672	1.0	0.37269386487703426	-11.96195652882751	0.15106657523716896	0.3886728383064206	0.27877388533483916	-0.43757444928486194	0.6725099241905164	1.0	False	False	False	False
sp|Q9BY64|UDB28_HUMAN	psvid_42937_sp|Q9BY64|UDB28_HUMAN	0.1202533768773617	-0.47004878616360035	0.7105555399183238	0.2646170501851942	0.4544430405871484	0.6592980385718501	1.0	0.3299817588388036	-12.30565225912336	0.18781277109789615	0.4333737083602282	0.259254352284954	0.4638432327847199	0.6543107065950828	1.0	False	False	False	False
sp|P07477|TRY1_HUMAN	psvid_32095_sp|P07477|TRY1_HUMAN	0.22556984682868997	-0.8821021224378764	1.3332418160952564	0.496540428668232	0.4542829421436829	0.6594093523733137	1.0	0.7280695172161924	-13.680080490505855	0.4364071109473153	0.6606111647159132	0.46324735851048693	0.4869317497113878	0.6385126026369705	1.0	False	False	False	False
sp|Q8N2G8|GHDC_HUMAN	psvid_46982_sp|Q8N2G8|GHDC_HUMAN	-0.17943371277121134	-1.0622656439013087	0.7033982183588859	0.3957505088944323	-0.45340109169404974	0.6600226448506652	1.0	0.521272534210954	-13.38371097865122	0.3768821441751575	0.6139072765289213	0.35240992592973447	-0.5091619150562401	0.6234829838931211	1.0	False	False	False	False
sp|Q9BYE2|TMPSD_HUMAN	psvid_32089_sp|Q9BYE2|TMPSD_HUMAN	-0.16960233962533522	-1.0045199173753505	0.6653152381246801	0.3742717550513967	-0.45315292253898415	0.660195284497912	1.0	0.41174925118655886	-16.602763872219015	0.4497610734862002	0.6706422842963305	0.29738069832167013	-0.5703206044727224	0.5830949472522604	1.0	False	False	False	False
sp|Q9NR28|DBLOH_HUMAN	psvid_52770_sp|Q9NR28|DBLOH_HUMAN	-0.23412306593412113	-1.3872782024511416	0.9190320705828994	0.5169293452341024	-0.45291115331843573	0.6603634921484931	1.0	0.7967540190522447	-13.401378614472765	0.3805234256180956	0.6168658084365639	0.5012442868142586	-0.46708375954193754	0.6520820724164305	1.0	False	False	False	False
sp|P07355|ANXA2_HUMAN	psvid_32022_sp|P07355|ANXA2_HUMAN	-0.18855062049579274	-1.120839318058589	0.7437380770670033	0.41792068624513046	-0.45116364588183794	0.6615798869814139	1.0	0.7193630512368426	-10.679499844106292	0.09148374700527098	0.30246280268038084	0.458463103165625	-0.41126672832312244	0.6909665308400025	1.0	False	False	False	False
sp|O15173|PGRC2_HUMAN	psvid_82327_sp|O15173|PGRC2_HUMAN	-0.11925442200858738	-0.7097354107925509	0.4712265667753761	0.2646972130976363	-0.4505314605054008	0.6620201899936152	1.0	0.4170258771145376	-10.46714608501222	0.08833630518695695	0.2972142412250075	0.29994253963922446	-0.39759089241568885	0.7006486170850413	1.0	False	False	False	False
sp|Q86YB8|ERO1B_HUMAN	psvid_56247_sp|Q86YB8|ERO1B_HUMAN	-0.2870852457158386	-1.7086007856290288	1.1344302941973516	0.6372283086791601	-0.4505218016928748	0.662026918190873	1.0	0.9921674576832922	-14.381279631301595	0.5479889091485293	0.7402627298118751	0.6112042061951938	-0.46970430308877037	0.6502825076502654	1.0	False	False	False	False
sp|A0FGR8|ESYT2_HUMAN	psvid_53867_sp|A0FGR8|ESYT2_HUMAN	-0.16376333799303433	-0.9754752099339125	0.6479485339478438	0.36386924290906325	-0.45006095234589916	0.6623479762651944	1.0	0.4369812074994518	-13.38925665233968	0.3780256426366073	0.614837899479698	0.30972384386260443	-0.5287398475710537	0.6103980995616503	1.0	False	False	False	False
sp|Q96KA5|CLP1L_HUMAN	psvid_64635_sp|Q96KA5|CLP1L_HUMAN	-0.14187708439479385	-0.8468726749567176	0.5631185061671299	0.3160311197354022	-0.44893390408381545	0.6631334550807592	1.0	0.2992235156376086	-13.344235834118239	0.36873335813526487	0.6072341872253776	0.24584696990795202	-0.5770951110274586	0.5787109848472787	1.0	False	False	False	False
sp|Q07021|C1QBP_HUMAN	psvid_58524_sp|Q07021|C1QBP_HUMAN	0.22726932210947215	-0.9052066490206969	1.3597452932396412	0.5076594152091625	0.44768069950172035	0.66400736017469	1.0	0.7794676332776261	-13.370607388474326	0.37417864843248677	0.6117014373307347	0.49164164449052267	0.462266214948057	0.6553966042889912	1.0	False	False	False	False
sp|P30039|PBLD_HUMAN	psvid_80880_sp|P30039|PBLD_HUMAN	-0.13769507156547878	-0.8240031711752114	0.5486130280442538	0.3076540053679792	-0.44756469658434733	0.6640882800016913	1.0	0.4168568850149189	-12.493830379888365	0.21311581680992545	0.4616446867558701	0.2998603283459981	-0.45919736140153017	0.6575122164911957	1.0	False	False	False	False
sp|P14314|GLU2B_HUMAN	psvid_46066_sp|P14314|GLU2B_HUMAN	-0.06180678338986656	-0.370536860244722	0.24692329346498887	0.13839563422895873	-0.44659489249216316	0.664764960797737	1.0	0.08721772212132405	-10.034648633043563	0.08537500640640344	0.2921900176364748	0.17824862698163169	-0.3467447936989477	0.7371410999378168	1.0	False	False	False	False
sp|P50402|EMD_HUMAN	psvid_46394_sp|P50402|EMD_HUMAN	-0.14586946500175912	-0.876097222589699	0.5843582925861808	0.3273420415416318	-0.4456178751582914	0.6654469945212973	1.0	0.4809431838910219	-12.309083294382663	0.18824044288305727	0.4338668492556873	0.3317370134042584	-0.4397141684759819	0.6710187703542358	1.0	False	False	False	False
sp|Q96DA2|RB39B_HUMAN	psvid_80535_sp|Q96DA2|RB39B_HUMAN	0.1440948839751779	-0.5790711226042061	0.8672608905545619	0.32417644290753583	0.44449523439393707	0.6662310804167839	1.0	0.41340312906661564	-12.84566483218464	0.27040190758625415	0.5200018342143171	0.29818252102046927	0.48324389867669754	0.6410232721595974	1.0	False	False	False	False
sp|Q16891|MIC60_HUMAN	psvid_51004_sp|Q16891|MIC60_HUMAN	-0.10497091287009708	-0.6319861912529161	0.42204436551272195	0.23624719186148968	-0.44432660571745924	0.6663488922402901	1.0	0.32353427132281953	-11.565961915211311	0.12228268299842408	0.3496894093312294	0.2563950448050395	-0.4094108485985602	0.6922769865187501	1.0	False	False	False	False
sp|P04075|ALDOA_HUMAN	psvid_73757_sp|P04075|ALDOA_HUMAN	-0.15964312494167077	-0.9615843705242663	0.6422981206409247	0.3594893261693527	-0.44408307373906314	0.6665190518046696	1.0	0.405566800506581	-13.50918009417583	0.4025545956503955	0.6344719029637131	0.294392813951747	-0.5422792859605512	0.6014340224158007	1.0	False	False	False	False
sp|Q92928|RAB1C_HUMAN	psvid_85851_sp|Q92928|RAB1C_HUMAN	0.12805846183574676	-0.5180169138795099	0.7741338375510034	0.2896187254987221	0.44216223110308456	0.6678618698946072	1.0	0.43089792464585136	-11.833838720444746	0.1402910630297607	0.3745544860627899	0.30672697706009133	0.4174998334452292	0.6865733067816856	1.0	False	False	False	False
sp|Q8TF72|SHRM3_HUMAN	psvid_27335_sp|Q8TF72|SHRM3_HUMAN	-0.1672928968671492	-1.011922147419734	0.6773363536854354	0.3786252444510304	-0.4418429550562788	0.6680851881306038	1.0	0.5549816159337648	-17.869821949371335	0.2540720522559866	0.5040556043295091	0.3699833617255157	-0.45216329752487877	0.6623736155409263	1.0	False	False	False	False
sp|O14773|TPP1_HUMAN	psvid_59353_sp|O14773|TPP1_HUMAN	0.21875271154389475	-0.8873334386586484	1.324838861746438	0.49582954737874546	0.4411853079356681	0.6685452878238345	1.0	0.794731697594243	-12.88300932873773	0.2771948376190405	0.5264929606547846	0.5001196051161497	0.43740079234264523	0.6726310113892883	1.0	False	False	False	False
sp|P13929|ENOB_HUMAN	psvid_49740_sp|P13929|ENOB_HUMAN	0.16988424518129053	-0.6891621476177309	1.028930637980312	0.38508807296871567	0.4411568602258212	0.6685651935180102	1.0	0.43716146474581996	-13.79596637317667	0.4582986691280937	0.6769775986900111	0.30981284112465496	0.5483447508650444	0.5974411400975785	1.0	False	False	False	False
sp|O94808|GFPT2_HUMAN	psvid_42687_sp|O94808|GFPT2_HUMAN	0.22697968798154378	-0.9244983392489696	1.3784577152120572	0.5161775409209562	0.4397318170344452	0.669562682790399	1.0	0.7283058418112319	-15.975432964909613	0.536633433472687	0.7325526830697482	0.4633773296712429	0.4898377055748096	0.6365376895820246	1.0	False	False	False	False
sp|O75477|ERLN1_HUMAN	psvid_546200_sp|O75477|ERLN1_HUMAN	-0.09464099105406643	-0.5750894263940269	0.3858074442858941	0.21537249172663164	-0.43942933610199625	0.6697744976712512	1.0	0.3046401166523678	-10.745195184477495	0.09271698927535431	0.30449464572526447	0.24816381985444874	-0.38136498345961384	0.712211042767091	1.0	False	False	False	False
sp|Q15286|RAB35_HUMAN	psvid_85840_sp|Q15286|RAB35_HUMAN	0.11224163496492956	-0.45761604288396085	0.68209931281382	0.2554523211653795	0.43938389149443063	0.6698063232769955	1.0	0.3802135196933809	-11.293403209429755	0.10896975185488877	0.3301056677109449	0.2823047764835415	0.3975902794243841	0.7006490523739766	1.0	False	False	False	False
sp|Q02978|M2OM_HUMAN	psvid_75993_sp|Q02978|M2OM_HUMAN	-0.20312094913353196	-1.234863534739044	0.8286216364719801	0.4625032680668506	-0.4391773272922532	0.6699509922312848	1.0	0.7950027166562289	-11.422258300833317	0.11472649470065632	0.3387129975372311	0.5002703087516394	-0.40602239545335866	0.6946724195991049	1.0	False	False	False	False
sp|P05089|ARGI1_HUMAN	psvid_26504_sp|P05089|ARGI1_HUMAN	0.0725211290761516	-0.2960577163388653	0.4410999744911685	0.16522427485602578	0.4389253887744131	0.6701274586486118	1.0	0.18498488541129265	-10.169313640125573	0.0858423767079435	0.2929886972358208	0.2026938769880346	0.3577864815345787	0.7291526154543247	1.0	False	False	False	False
sp|Q9BS26|ERP44_HUMAN	psvid_54567_sp|Q9BS26|ERP44_HUMAN	-0.06359223663248237	-0.38705178224096837	0.25986730897600363	0.14499847056671114	-0.4385717751638266	0.6703751773494128	1.0	0.11697999380486758	-10.095398268569687	0.08553747242094904	0.2924678998128667	0.18411727751694656	-0.34538983787998495	0.7381237319255483	1.0	False	False	False	False
sp|Q9Y3E0|GOT1B_HUMAN	psvid_13656_sp|Q9Y3E0|GOT1B_HUMAN	0.16252325764276554	-0.667503054641175	0.9925495699267061	0.3720791284266903	0.43679756596394803	0.6716186987691387	1.0	0.517662645423971	-12.954576581453615	0.2905481467601041	0.539025181935041	0.35054301049986336	0.4636328575229969	0.6544555161446082	1.0	False	False	False	False
sp|P61225|RAP2B_HUMAN	psvid_73533_sp|P61225|RAP2B_HUMAN	0.2644064668359527	-1.0871780289018818	1.6159909625737872	0.6058800470859377	0.4364006837783345	0.6718970112487064	1.0	0.9405895728730883	-14.057981146274296	0.503395407737018	0.7095036347595536	0.5819690168418991	0.45433083065276453	0.6608737752809716	1.0	False	False	False	False
sp|Q14258|TRI25_HUMAN	psvid_69696_sp|Q14258|TRI25_HUMAN	-0.4794350220801289	-2.9333662092650976	1.9744961651048398	1.1000332927211016	-0.435836828987396	0.6722925023129815	1.0	1.9231705343100058	-13.805587336814792	0.46006917188017055	0.6782839905822416	1.1503560977655705	-0.4167709659742529	0.6870863856565569	1.0	False	False	False	False
sp|Q14344|GNA13_HUMAN	psvid_71203_sp|Q14344|GNA13_HUMAN	-0.23420689894840718	-1.4331373080260614	0.9647235101292471	0.5374492049852815	-0.43577494724328625	0.6723359129278056	1.0	0.8169103639641392	-13.700158425196278	0.4402701174606063	0.6635285355285079	0.5124716389742938	-0.45701436164773845	0.6590191172091834	1.0	False	False	False	False
sp|Q99447|PCY2_HUMAN	psvid_47565_sp|Q99447|PCY2_HUMAN	-0.212898787346953	-1.3029739666605213	0.8771763919666153	0.488652247086611	-0.4356856816197508	0.6723985358145206	1.0	0.6361059036308171	-15.239044082151999	0.5893789364229594	0.7677101903862937	0.4131574649260094	-0.5152969640402846	0.6193671718919783	1.0	False	False	False	False
sp|Q9NSD9|SYFB_HUMAN	psvid_48416_sp|Q9NSD9|SYFB_HUMAN	-0.225332102285825	-1.3814688137251223	0.9308046091534723	0.5182659074394221	-0.43478087030481183	0.6730334402992479	1.0	0.8505278315808675	-12.739056369464915	0.25172313790247247	0.501720178887069	0.5312644888401311	-0.4241429777807571	0.6819048355869615	1.0	False	False	False	False
sp|P61254|RL26_HUMAN	psvid_16256_sp|P61254|RL26_HUMAN	-0.12416750183739689	-0.7614167737693313	0.5130817700945375	0.2856622135731355	-0.43466547529782906	0.6731144321826226	1.0	0.45967355641910046	-10.553558436323879	0.08946903362911379	0.2991137469744809	0.3210120718249107	-0.3868001011037412	0.7083291170032677	1.0	False	False	False	False
sp|Q9UM00|TMCO1_HUMAN	psvid_80274_sp|Q9UM00|TMCO1_HUMAN	-0.08642835750180478	-0.5301665741435468	0.3573098591399373	0.19891625898383913	-0.434496194244366	0.6732332528149026	1.0	0.20252180170299844	-11.79852092152481	0.13758063407772214	0.3709186353874959	0.20847721370273053	-0.41456980341767097	0.6886369064294655	1.0	False	False	False	False
sp|O43920|NDUS5_HUMAN	psvid_83035_sp|O43920|NDUS5_HUMAN	-0.20929041485718036	-1.2840120395382568	0.8654312098238961	0.481769649340776	-0.43442009089522454	0.6732866738487051	1.0	0.812965479682041	-12.08251204500888	0.16261369678235643	0.4032538862582188	0.510271800928764	-0.41015477335067974	0.6917515624078739	1.0	False	False	False	False
sp|P26232|CTNA2_HUMAN	psvid_27831_sp|P26232|CTNA2_HUMAN	0.16797262420505765	-0.6956251147806355	1.0315703631907507	0.38712832265386743	0.4338939167601087	0.673656075959408	1.0	0.33475516691082896	-14.907636153646855	0.5874773996547583	0.7664707428563456	0.2613869472133859	0.6426205516220038	0.5372738754343142	1.0	False	False	False	False
sp|P20742|PZP_HUMAN	psvid_58932_sp|P20742|PZP_HUMAN	-0.14533805049310544	-0.8938724898706844	0.6031963888844735	0.3355484491022918	-0.4331358135671168	0.6741884647560845	1.0	0.4077013495525944	-13.083517404774051	0.31558973718676503	0.5617737419876129	0.29542270747093413	-0.49196641563988397	0.6350929351120034	1.0	False	False	False	False
sp|P62306|RUXF_HUMAN	psvid_9269_sp|P62306|RUXF_HUMAN	-0.12492295936197406	-0.7683889844035985	0.5185430656796504	0.28844902170736497	-0.4330850512944707	0.6742241200381188	1.0	0.37819927473803855	-12.416331298747142	0.20223762308737867	0.4497083756028774	0.28135642700034597	-0.44400250846880585	0.6680348745699598	1.0	False	False	False	False
sp|Q96E17|RAB3C_HUMAN	psvid_53566_sp|Q96E17|RAB3C_HUMAN	0.14280886307855933	-0.5929685821272527	0.8785863082843713	0.32982982162924895	0.4329774135435399	0.6742997273029545	1.0	0.41507248933498364	-12.935852105691238	0.2870135689635819	0.5357364734303441	0.29899291552797747	0.47763293262778456	0.6448525181766186	1.0	False	False	False	False
sp|P48643|TCPE_HUMAN	psvid_26360_sp|P48643|TCPE_HUMAN	-0.28568011310097763	-1.7601477919727868	1.1887875657708316	0.6609653702884939	-0.43221646086584814	0.6748343467541075	1.0	1.1232193155369348	-12.893220958601914	0.2790737542866567	0.528274317269595	0.6859863332587846	-0.4164516102585478	0.6873112466454325	1.0	False	False	False	False
sp|P36955|PEDF_HUMAN	psvid_24473_sp|P36955|PEDF_HUMAN	-0.24908708279129543	-1.5349488833097247	1.0367747177271338	0.5764182784730845	-0.432129049500512	0.6748957711769122	1.0	0.8499906679767161	-14.677434549482399	0.5756405243104326	0.7587097760741143	0.5309635773386623	-0.4691227297356053	0.6506816746799192	1.0	False	False	False	False
sp|P09210|GSTA2_HUMAN	psvid_63673_sp|P09210|GSTA2_HUMAN	-0.05946589287572124	-0.36678827567074546	0.24785648991930298	0.13776460172899835	-0.43164856668114726	0.6752334537179048	1.0	0.08409747220347184	-9.99551578840563	0.08531166742542058	0.29208161089911255	0.17772316863589588	-0.3345984281742686	0.745967750676998	1.0	False	False	False	False
sp|O75874|IDHC_HUMAN	psvid_25224_sp|O75874|IDHC_HUMAN	-0.07974395918898969	-0.4918655615002288	0.33237764312224943	0.18474335611341533	-0.4316472368296388	0.6752343884404327	1.0	0.2261692717059848	-10.829235181515182	0.09448937649359783	0.30739124335868423	0.21681800478761304	-0.367792145615877	0.7219435757835289	1.0	False	False	False	False
sp|Q8WUY1|THEM6_HUMAN	psvid_89265_sp|Q8WUY1|THEM6_HUMAN	0.10769270530126107	-0.4490469076270712	0.6644323182295934	0.24957183510120245	0.43150985069124975	0.6753309571714526	1.0	0.3845179030875286	-10.510259636878686	0.08887696679841112	0.2981224023759555	0.28433750567927973	0.37874956047034375	0.7140822156345354	1.0	False	False	False	False
sp|Q08211|DHX9_HUMAN	psvid_39620_sp|Q08211|DHX9_HUMAN	-0.15519893853949096	-0.9578188179038284	0.6474209408248465	0.3597935399783543	-0.43135554504071405	0.6754394260054088	1.0	0.40154244173503706	-13.539361213647439	0.4086431159724294	0.6392519972377321	0.2924560738475336	-0.5306743556312699	0.6091130248317281	1.0	False	False	False	False
sp|P05165|PCCA_HUMAN	psvid_71252_sp|P05165|PCCA_HUMAN	-0.2908866966748307	-1.7969658027079283	1.215192409358267	0.6751359478863669	-0.4308564779960291	0.6757902975513255	1.0	1.128110444204217	-13.292803236456008	0.3581141519643609	0.5984263964468487	0.6887890877729982	-0.42231606429092733	0.6831872747677976	1.0	False	False	False	False
sp|P02746|C1QB_HUMAN	psvid_80597_sp|P02746|C1QB_HUMAN	-0.26583782096756314	-1.642373040777931	1.1106973988428046	0.617064805363031	-0.43081021419000826	0.675822827679059	1.0	0.9767277029034501	-13.840696584755346	0.46646340288213256	0.6829812610036475	0.6024394382174179	-0.441268954360228	0.6699362123090499	1.0	False	False	False	False
sp|Q86UB9|TM135_HUMAN	psvid_63078_sp|Q86UB9|TM135_HUMAN	0.22850977109714332	-0.9548293340109633	1.41184887620525	0.5304600304179572	0.43077660519888206	0.6758464600862464	1.0	0.740915717753724	-15.402798422030674	0.5839636140368263	0.76417512000642	0.4703205405887882	0.4858596454474961	0.6392419821171076	1.0	False	False	False	False
sp|Q7Z2K6|ERMP1_HUMAN	psvid_45196_sp|Q7Z2K6|ERMP1_HUMAN	0.26510916733978407	-1.111170175973313	1.6413885106528812	0.6169501026088167	0.42970925236700896	0.6765971692231407	1.0	0.9361918813788684	-15.387665090204518	0.584631838669893	0.7646122145701656	0.5794824162740936	0.45749303153037896	0.6586885561056831	1.0	False	False	False	False
sp|Q9NVS9|PNPO_HUMAN	psvid_71936_sp|Q9NVS9|PNPO_HUMAN	-0.33334854134581837	-2.065427397759402	1.3987303150677652	0.7764457363855234	-0.42932625645883266	0.6768666353371943	1.0	1.3309896761676483	-13.196111500929838	0.3382659761063207	0.5816063755722771	0.805608811459046	-0.4137846267372468	0.689190367994795	1.0	False	False	False	False
sp|P27797|CALR_HUMAN	psvid_78505_sp|P27797|CALR_HUMAN	0.12163969091951499	-0.5114384462890305	0.7547178281280604	0.283792402761767	0.42862208338123453	0.6773621984336543	1.0	0.2789500639639062	-6.141292056669576	0.28873367464422006	0.5373394408046185	0.2373586332372913	0.5124721576817887	0.6212605049571992	1.0	False	False	False	False
sp|Q13445|TMED1_HUMAN	psvid_30425_sp|Q13445|TMED1_HUMAN	-0.1701713736027921	-1.0562516961955546	0.7159089489899705	0.39720667798971243	-0.42842022310410277	0.6775042878022453	1.0	0.6142512314274303	-12.546397068449972	0.22085966866093013	0.4699570923615582	0.40141889499994116	-0.4239246725115345	0.6820580223413836	1.0	False	False	False	False
sp|O15127|SCAM2_HUMAN	psvid_107322_sp|O15127|SCAM2_HUMAN	-0.19602867389518286	-1.2196784112954204	0.8276210635050547	0.45887545547567826	-0.4271936351269347	0.6783679679804975	1.0	0.6868209459356975	-13.222070489067168	0.34357029215905105	0.5861486945810347	0.4406540791342718	-0.44485841202312104	0.6674400633525713	1.0	False	False	False	False
sp|P05091|ALDH2_HUMAN	psvid_42594_sp|P05091|ALDH2_HUMAN	-0.07568351819156405	-0.47093754475469213	0.31957050837156403	0.17718206222411828	-0.4271511305463398	0.6783979056059375	1.0	0.204604410351438	-10.845869862936809	0.09486724532356985	0.30800526833736114	0.20918757205543842	-0.36179739287526397	0.7262593170559084	1.0	False	False	False	False
sp|Q6PCB7|S27A1_HUMAN	psvid_55138_sp|Q6PCB7|S27A1_HUMAN	-0.29194084153949973	-1.816829988714507	1.2329483056355075	0.6835679983047369	-0.4270838340348278	0.6784453063519004	1.0	1.0778664885890517	-15.35154044417149	0.5860909155972072	0.7655657487095456	0.6600351012889081	-0.4423110846217139	0.6692110570284052	1.0	False	False	False	False
sp|Q9BXJ8|TACAN_HUMAN	psvid_69822_sp|Q9BXJ8|TACAN_HUMAN	0.24310825671880165	-1.036875063094863	1.5230915765324664	0.5737831090275721	0.4236936446784102	0.6808351108405647	1.0	0.9474543913103319	-12.960610855170106	0.2916931604303312	0.5400862527692509	0.5858526058747677	0.4149648807242289	0.6883584957558598	1.0	False	False	False	False
sp|O75369|FLNB_HUMAN	psvid_39383_sp|O75369|FLNB_HUMAN	0.3478795744909613	-1.485688588311562	2.1814477372934844	0.821940743118404	0.42324167210780034	0.6811539954320632	1.0	1.3617192925104986	-15.483904566055386	0.5798202756504565	0.7614593066280406	0.8233832627889712	0.4225001772717853	0.683057983784186	1.0	False	False	False	False
sp|Q6UWP7|LCLT1_HUMAN	psvid_38708_sp|Q6UWP7|LCLT1_HUMAN	-0.14985234364119648	-0.9420337944886303	0.6423291072062374	0.3551142649635339	-0.42198345272495486	0.6820420664315379	1.0	0.4092898676549683	-13.408860044319782	0.3820636356479866	0.6181129635009984	0.29619031716255173	-0.5059326215547967	0.6256550300467001	1.0	False	False	False	False
sp|Q7Z3Y7|K1C28_HUMAN	psvid_30184_sp|Q7Z3Y7|K1C28_HUMAN	0.22611940528122476	-0.973760930787593	1.4259997413500425	0.5378750324581101	0.42039394215390546	0.6831646970108736	1.0	0.755516848874307	-15.067035409222989	0.5905984444510314	0.7685040302113134	0.4783795806735218	0.4726777948232363	0.6482434872633456	1.0	False	False	False	False
sp|Q9H3K2|GHITM_HUMAN	psvid_40334_sp|Q9H3K2|GHITM_HUMAN	0.3610523056738826	-1.5564032353240025	2.2785078466717676	0.8595452649305426	0.4200503689623119	0.6834074607140194	1.0	1.486669524400685	-13.275292112120479	0.35450424959052157	0.5954025945446674	0.8958230172263285	0.40303977318174133	0.6967839454525382	1.0	False	False	False	False
sp|Q8N257|H2B3B_HUMAN	psvid_69355_sp|Q8N257|H2B3B_HUMAN	-0.1310215372917498	-0.8275742396593606	0.565531165075861	0.312246393354741	-0.41960944971715697	0.683719063211896	1.0	0.5088419978432593	-10.932526523607411	0.09698771026185073	0.3114284994374322	0.3459943281827199	-0.3786811708154858	0.7141311715649402	1.0	False	False	False	False
sp|P08236|BGLR_HUMAN	psvid_25395_sp|P08236|BGLR_HUMAN	0.18773551543347367	-0.8105057897689437	1.185976820635891	0.4474855185942321	0.419534281295273	0.6837721917891304	1.0	0.6051696123929098	-13.7674566215377	0.45300771154327224	0.6730584755749476	0.3965627391323466	0.47340684564623176	0.6477440284987392	1.0	False	False	False	False
sp|Q9H115|SNAB_HUMAN	psvid_53113_sp|Q9H115|SNAB_HUMAN	-0.10559342275248706	-0.6671766869444379	0.45598984143946375	0.2517431175218897	-0.41944909474359493	0.683832403309448	1.0	0.2812597783322407	-12.3982588431382	0.19979319906226486	0.446982325223565	0.23831049233926474	-0.44309179052914566	0.6686680501016239	1.0	False	False	False	False
sp|O00116|ADAS_HUMAN	psvid_39106_sp|O00116|ADAS_HUMAN	-0.14398104275860923	-0.9099675098432353	0.6220054243260168	0.3433717375479901	-0.41931535713094686	0.6839269363635349	1.0	0.31129528266438716	-13.744881454931413	0.4487725616262884	0.6699048899853534	0.2510371613690725	-0.573544737254775	0.5810062407499489	1.0	False	False	False	False
sp|Q06323|PSME1_HUMAN	psvid_86392_sp|Q06323|PSME1_HUMAN	-0.1092326045410803	-0.6913894470284339	0.47292423794627325	0.26096571561002485	-0.4185707087451766	0.6844533993579889	1.0	0.35808514329101293	-11.932354998990682	0.1484428933163476	0.3852828744135244	0.27199121857853054	-0.40160342349266753	0.6978017928072796	1.0	False	False	False	False
sp|Q9UKY3|CES1P_HUMAN	psvid_103296_sp|Q9UKY3|CES1P_HUMAN	0.10823983478721311	-0.46877570054606654	0.6852553701204928	0.2586610018237861	0.4184621339282988	0.6845301760918047	1.0	0.33985460713927124	-7.354459445178515	0.16188337585358503	0.40234733235549736	0.26367955331399606	0.410497641651867	0.6915094581919569	1.0	False	False	False	False
sp|P47914|RL29_HUMAN	psvid_25389_sp|P47914|RL29_HUMAN	-0.16773885845494574	-1.0624266371798456	0.7269489202699543	0.4010651758809468	-0.4182334157696548	0.6846919223808196	1.0	0.5876189351400479	-12.927999238765747	0.28553963826011924	0.5343590911176858	0.3872166020168541	-0.43319128772181287	0.6755692734911545	1.0	False	False	False	False
sp|P05787|K2C8_HUMAN	psvid_23834_sp|P05787|K2C8_HUMAN	0.5736561635044524	-2.495631343772076	3.642943670780981	1.3758814674873956	0.4169371977602479	0.6856089056928831	1.0	2.4820737102564165	-11.897088868505143	0.14542323921043634	0.3813439906573019	1.4781267346461522	0.3880967376195787	0.7074043378420177	1.0	False	False	False	False
sp|Q13510|ASAH1_HUMAN	psvid_55195_sp|Q13510|ASAH1_HUMAN	-0.117634487416022	-0.7484590231226024	0.5131900482905584	0.28278217203743616	-0.41598975836584545	0.6862794919461312	1.0	0.29356850566375703	-12.860040870558475	0.2730021402731048	0.5224960672321897	0.243449615955459	-0.4831984924451232	0.6410542148754255	1.0	False	False	False	False
sp|Q9P246|STIM2_HUMAN	psvid_48055_sp|Q9P246|STIM2_HUMAN	-0.21192170474734429	-1.3492890582482429	0.9254456487535543	0.5098520942391739	-0.41565329855824984	0.6865177030165729	1.0	0.7164765302087394	-16.032077377976165	0.5299555189591784	0.7279804385827812	0.4568786990186933	-0.46384676108236217	0.6543082780605578	1.0	False	False	False	False
sp|Q5TCH4|CP4AM_HUMAN	psvid_42584_sp|Q5TCH4|CP4AM_HUMAN	-0.064594483340767	-0.41173646866931907	0.28254750198778505	0.1556146900764433	-0.4150924524480046	0.6869148580559465	1.0	0.15564872286686118	-10.09706034201291	0.08554302561220682	0.2924773933352915	0.19387650543056928	-0.3331733424703153	0.7470059682926489	1.0	False	False	False	False
sp|P62820|RAB1A_HUMAN	psvid_85852_sp|P62820|RAB1A_HUMAN	0.07474006799896671	-0.3280937815272386	0.47757391752517203	0.1805798989914491	0.41388918930841706	0.6877672688804383	1.0	0.22780482187267787	-10.124928643326605	0.08564501842137755	0.29265170155216513	0.21741633288371112	0.34376473472645097	0.7393029463592494	1.0	False	False	False	False
sp|P98187|CP4F8_HUMAN	psvid_30112_sp|P98187|CP4F8_HUMAN	0.07909789254845112	-0.34732217269506943	0.5055179577919717	0.19115298379262155	0.41379365877052177	0.6878349639425189	1.0	0.16368578841448636	-11.880516018655552	0.1440435660935494	0.37953071824761353	0.19617893127195773	0.4031925958389475	0.6966756879645579	1.0	False	False	False	False
sp|CRP_HUMAN|,sp|P02741|CRP_HUMAN	psvid_76331_sp|CRP_HUMAN|	0.1294736166573509	-0.5694946949426948	0.8284419282573966	0.31332924791552075	0.41321905796760905	0.6882421999169199	1.0	0.5119378015850257	-10.875975627003047	0.095574644504371	0.30915149118898166	0.3475886488732229	0.3724909230409714	0.718568129588076	1.0	False	False	False	False
sp|Q9UNW1|MINP1_HUMAN	psvid_43393_sp|Q9UNW1|MINP1_HUMAN	-0.1375262954401637	-0.8806818335469612	0.6056292426666338	0.3331372280757939	-0.4128217558707499	0.6885238404491743	1.0	0.26101927766658667	-13.793316483976056	0.4578096738660787	0.6766163417078239	0.23011121283126637	-0.597651430141336	0.5655214721954432	1.0	False	False	False	False
sp|P09622|DLDH_HUMAN	psvid_64865_sp|P09622|DLDH_HUMAN	0.23541388214054493	-1.0369579347890527	1.5077856990701426	0.5703710709786481	0.41273811754971995	0.6885831365691072	1.0	0.9586533536883077	-12.663653222679834	0.23918666657207627	0.4890671391251678	0.5921932249794084	0.3975288338510301	0.7006926858476695	1.0	False	False	False	False
sp|Q9H2X3|CLC4M_HUMAN	psvid_82812_sp|Q9H2X3|CLC4M_HUMAN	-0.13787044552871386	-0.8841210491637285	0.6083801581063008	0.3345246651571482	-0.4121383559683023	0.6890084076749379	1.0	0.5164173480836582	-12.036911289969684	0.1580808660767253	0.39759384562229494	0.34989969620966643	-0.3940284802250852	0.7031802673873874	1.0	False	False	False	False
sp|Q9NYL5|CP39A_HUMAN	psvid_96064_sp|Q9NYL5|CP39A_HUMAN	-0.22385693109089777	-1.4358919113087125	0.988178049126917	0.5433236421399539	-0.4120139705483952	0.6890966195142652	1.0	0.7768974282240296	-14.605871691801294	0.5702115388301365	0.7551235255440903	0.49021603911980893	-0.4566495447452854	0.659271106365645	1.0	False	False	False	False
sp|P09669|COX6C_HUMAN	psvid_73958_sp|P09669|COX6C_HUMAN	0.054607556726105955	-0.24154512744645068	0.3507602408986626	0.13275751741524852	0.41133306640030415	0.6895795908191705	1.0	0.05097309099684575	-9.993086620330821	0.0853087920794544	0.29207668869571635	0.17326262735261383	0.31517216124728326	0.7601664992825325	1.0	False	False	False	False
sp|P51151|RAB9A_HUMAN	psvid_74795_sp|P51151|RAB9A_HUMAN	-0.16940511385695523	-1.0885160207276023	0.7497057930136919	0.4120134266766569	-0.4111640613836167	0.6896994902565543	1.0	0.5920467545945308	-13.11881505618008	0.3226309834821365	0.5680061473981919	0.38956956983036756	-0.43485201867979634	0.6744093699356015	1.0	False	False	False	False
sp|P30044|PRDX5_HUMAN	psvid_79006_sp|P30044|PRDX5_HUMAN	-0.09837782994851851	-0.6340264147636814	0.43727075486664435	0.24011727776749905	-0.40970741823824885	0.6907332691769266	1.0	0.29765982415093467	-12.018056472968343	0.15626578130521965	0.3953046689646097	0.24518184659749184	-0.40124434705813533	0.6980563475078122	1.0	False	False	False	False
sp|P0DTE4|UD2A1_HUMAN	psvid_882661_sp|P0DTE4|UD2A1_HUMAN	-0.18512459812806714	-1.1934972537767303	0.823248057520596	0.45202713852607707	-0.40954310560136303	0.6908499237407496	1.0	0.6735270531418729	-13.203101814125692	0.3396921034963555	0.5828311106112606	0.4334142985255202	-0.4271308047700846	0.6798098123325942	1.0	False	False	False	False
sp|Q13228|SBP1_HUMAN	psvid_84417_sp|Q13228|SBP1_HUMAN	-0.1461490027720771	-0.9447050367631556	0.6524070312190015	0.3579718241819209	-0.408269570115117	0.6917543645098376	1.0	0.5811690199492237	-11.711778600261496	0.13137975195473722	0.3624634491293394	0.38379525366349404	-0.3807994011833673	0.7126155086147362	1.0	False	False	False	False
sp|P56556|NDUA6_HUMAN	psvid_44364_sp|P56556|NDUA6_HUMAN	-0.1200292813416941	-0.7760824394083408	0.5360238767249526	0.29409150486245195	-0.40813583308988266	0.6918493715808928	1.0	0.43948817817543673	-11.85608388843785	0.1420550121919656	0.3769018601598639	0.3109625901665971	-0.38599267287228617	0.7089052433643617	1.0	False	False	False	False
sp|Q9H223|EHD4_HUMAN	psvid_54761_sp|Q9H223|EHD4_HUMAN	0.17016972699832866	-0.7609807529642886	1.101320206960946	0.4174104530075008	0.40767960115093416	0.6921735219732768	1.0	0.5201152617726493	-13.849021787234221	0.4679638224667508	0.684078813052086	0.35181109016216805	0.48369631247237993	0.6407150087274356	1.0	False	False	False	False
sp|P98194|AT2C1_HUMAN	psvid_29493_sp|P98194|AT2C1_HUMAN	0.18526323976750225	-0.8288774959053293	1.1994039754403338	0.45461281822842575	0.4075187331704635	0.692287833398119	1.0	0.5469948245847565	-15.282160266119924	0.5883464057051931	0.7670374213199725	0.36579769480217594	0.5064636611985566	0.6252975839294298	1.0	False	False	False	False
sp|P19338|NUCL_HUMAN	psvid_34462_sp|P19338|NUCL_HUMAN	0.11478679420878768	-0.5138151825043595	0.7433887709219349	0.28178585685933294	0.4073547036325853	0.6924043997538157	1.0	0.4093893987045973	-11.895919410567329	0.14532506189529268	0.38121524352430175	0.29623844594329807	0.38748108417622	0.7078433668522431	1.0	False	False	False	False
sp|Q9P003|CNIH4_HUMAN	psvid_60018_sp|Q9P003|CNIH4_HUMAN	-0.2068406504583855	-1.3399175498701164	0.9262362489533453	0.5079287956708918	-0.4072237136805415	0.6924974928333708	1.0	0.7719384350244517	-13.4645091226629	0.39347354809656415	0.6272746990725547	0.4874670728228377	-0.424317173384875	0.6817826121049494	1.0	False	False	False	False
sp|O00763|ACACB_HUMAN	psvid_35795_sp|O00763|ACACB_HUMAN	-0.18005399091145025	-1.1667273801550075	0.806619398332107	0.44229992384381717	-0.4070857379912868	0.6925955564121355	1.0	0.5331590091782717	-14.447225888541402	0.5553086697618053	0.7451903580708793	0.3585783982536009	-0.5021328439983407	0.6282157184149109	1.0	False	False	False	False
sp|P38435|VKGC_HUMAN	psvid_74919_sp|P38435|VKGC_HUMAN	-0.08840220156666057	-0.5729506296528923	0.39614622651957127	0.21721041144677966	-0.40698878556436346	0.6926644670607695	1.0	0.16712396909234642	-12.371291040106701	0.19621039787251515	0.4429564288646403	0.1971906850015587	-0.4483082026210406	0.6650451362650283	1.0	False	False	False	False
sp|P62140|PP1B_HUMAN	psvid_53190_sp|P62140|PP1B_HUMAN	-0.15266022278241653	-0.9920060437201634	0.6866855981553304	0.37625682087565815	-0.4057341005197784	0.6935565220009272	1.0	0.42584074637938424	-13.694650936049491	0.4392132120981177	0.6627316290159371	0.3042455381996437	-0.5017665129479796	0.628462871491028	1.0	False	False	False	False
sp|P26599|PTBP1_HUMAN	psvid_71919_sp|P26599|PTBP1_HUMAN	0.12230073458373392	-0.5509137808985126	0.7955152500659805	0.301784493404279	0.40525851147658676	0.6938947845363399	1.0	0.4213662987065706	-12.316726688065621	0.18919763814698745	0.4349685484572275	0.3020577378011025	0.40489191064612257	0.6954724095428961	1.0	False	False	False	False
sp|Q16706|MA2A1_HUMAN	psvid_50834_sp|Q16706|MA2A1_HUMAN	-0.2245381137923732	-1.4606112768584902	1.0115350492737438	0.5540993320076	-0.40523079675774354	0.6939144987980191	1.0	0.8636311281709107	-13.555935043990644	0.41196880327131624	0.6418479596223051	0.5386107631779479	-0.416883822498344	0.6870069302802471	1.0	False	False	False	False
sp|Q86UE4|LYRIC_HUMAN	psvid_79305_sp|Q86UE4|LYRIC_HUMAN	-0.11161889782202694	-0.7265638272820559	0.503326031638002	0.27566375908529994	-0.4049095832995885	0.694143004486293	1.0	0.36774037243729546	-12.221063891678082	0.17765878242766306	0.4214958866082361	0.2764624126452158	-0.4037398673984208	0.6962880682231587	1.0	False	False	False	False
sp|Q96IU4|ABHEB_HUMAN	psvid_101848_sp|Q96IU4|ABHEB_HUMAN	-0.19848627801185525	-1.2923984282101313	0.8954258721864208	0.4903722609722578	-0.4047665290412591	0.6942447811677241	1.0	0.805504043560916	-12.5638666690251	0.22349832998788705	0.47275609989495326	0.5061142567582034	-0.3921768165220492	0.7044977060676838	1.0	False	False	False	False
sp|P04439|HLAA_HUMAN	psvid_85706_sp|P04439|HLAA_HUMAN	0.09423014974793498	-0.4252970995489824	0.6137573990448524	0.23289050389306912	0.40461138677943015	0.6943551651349967	1.0	0.3157318906621843	-11.56015244260589	0.12195163201180638	0.34921573849385196	0.2529685540372497	0.3724974833593726	0.7185634213907993	1.0	False	False	False	False
sp|P09661|RU2A_HUMAN	psvid_59339_sp|P09661|RU2A_HUMAN	-0.29286935341145925	-1.908821096919299	1.3230823900963804	0.7243889831028684	-0.4042984642822346	0.6945778328227133	1.0	1.1914258959631683	-13.92972896038691	0.48217601462471127	0.694388950534721	0.725134824096725	-0.4038826211060492	0.6961869745133319	1.0	False	False	False	False
sp|Q8NE62|CHDH_HUMAN	psvid_74012_sp|Q8NE62|CHDH_HUMAN	0.17004075455777867	-0.7709780029715445	1.1110595120871019	0.42183414423481763	0.4030986037562763	0.6954319056732102	1.0	0.5884947808016293	-13.3530237834361	0.3705483405858477	0.6087268193416877	0.38768176031688	0.4386091169695273	0.6717886813920692	1.0	False	False	False	False
sp|P53618|COPB_HUMAN	psvid_26587_sp|P53618|COPB_HUMAN	-0.2942438536730867	-1.9231767064198209	1.3346889990736475	0.7302080755101067	-0.40295891478265927	0.695531366800955	1.0	1.2522716940357703	-12.98887220517942	0.2970931862761788	0.5450625526269245	0.7601642296824034	-0.3870793207357597	0.708129930622124	1.0	False	False	False	False
sp|P63092|GNAS2_HUMAN	psvid_49941_sp|P63092|GNAS2_HUMAN	-0.13917044306775495	-0.9114167102624736	0.6330758241269637	0.34617784252878236	-0.4020200774582615	0.6961999935631127	1.0	0.5365403550045283	-12.113233213278168	0.1657829343366334	0.40716450525141973	0.3603389184162835	-0.38622096019885793	0.7087423329151669	1.0	False	False	False	False
sp|Q9NYL4|FKB11_HUMAN	psvid_107318_sp|Q9NYL4|FKB11_HUMAN	-0.1296175682215197	-0.8505665479769203	0.5913314115338809	0.3231826076565828	-0.4010660386751155	0.6968797266809083	1.0	0.5015955747200502	-11.872935934990949	0.14342084861977256	0.3787094514529213	0.34227173618766593	-0.3786978430215781	0.7141192368338561	1.0	False	False	False	False
sp|P31995|FCG2C_HUMAN	psvid_75549_sp|P31995|FCG2C_HUMAN	-0.22145710690671372	-1.456484461122493	1.0135702473090655	0.5536305232002455	-0.40000884638113376	0.697633283705925	1.0	0.908830058732962	-12.933169619814574	0.2865095174211076	0.5352658380852523	0.5640344034446793	-0.3926304947964656	0.7041748216316296	1.0	False	False	False	False
sp|P11226|MBL2_HUMAN	psvid_62834_sp|P11226|MBL2_HUMAN	0.09175290932398106	-0.41998653064627434	0.6034923492942365	0.22939943226831033	0.39997008020780517	0.697660922448578	1.0	0.3411671427859712	-10.452034421483326	0.08815810746694602	0.29691430997334234	0.26427199640645715	0.3471911915436652	0.7368174775060126	1.0	False	False	False	False
sp|P11021|BIP_HUMAN	psvid_56562_sp|P11021|BIP_HUMAN	0.10823984079844085	-0.49577317205660587	0.7122528536534876	0.2707632662428229	0.3997582179458952	0.6978119800322155	1.0	0.3223537329767143	-6.764485539902368	0.21211311114242343	0.46055739180087363	0.25587420081962614	0.42301975131421143	0.6826931789040421	1.0	False	False	False	False
sp|P36873|PP1G_HUMAN	psvid_65994_sp|P36873|PP1G_HUMAN	-0.15013436581727868	-0.9887323718043585	0.6884636401698011	0.3759215949545629	-0.39937680578160245	0.6980839614646385	1.0	0.4276186366124002	-13.675951626867272	0.435609347615112	0.6600070814886095	0.30511686438641633	-0.4920552855024771	0.6350326548566726	1.0	False	False	False	False
sp|P04196|HRG_HUMAN	psvid_62063_sp|P04196|HRG_HUMAN	-0.24996023252159016	-1.6477766806094147	1.1478562155662344	0.6266046244653161	-0.3989122051802316	0.6984153244320095	1.0	1.021256117276142	-13.448348696503789	0.3901700695069783	0.6246359495794157	0.6277456625990052	-0.39818711209680013	0.7002252928823706	1.0	False	False	False	False
sp|P57772|SELB_HUMAN	psvid_68267_sp|P57772|SELB_HUMAN	-0.1294202432566789	-0.8537650812007808	0.594924594687423	0.3247048822356089	-0.398578063765516	0.6986536822948705	1.0	0.40827395053567545	-12.890654977633954	0.27860076908267273	0.5278264573538094	0.2956992873629404	-0.4376751949957488	0.6724396810093728	1.0	False	False	False	False
sp|Q03591|FHR1_HUMAN	psvid_25507_sp|Q03591|FHR1_HUMAN	-0.10090157478806683	-0.6670069381262035	0.46520378855006983	0.2537702565222692	-0.39760993337378125	0.6993444866931369	1.0	0.31794955210327597	-12.16446609021912	0.17127817360920738	0.4138576731307605	0.25393863148181794	-0.39734629662006116	0.7008223153148396	1.0	False	False	False	False
sp|P31994|FCG2B_HUMAN	psvid_75547_sp|P31994|FCG2B_HUMAN	-0.21935013477862197	-1.4512106197098271	1.0125103501525832	0.5522108983693131	-0.39722166916003676	0.6996216116008154	1.0	0.9099308409294818	-12.873681082152807	0.27548641824905534	0.5248680007859646	0.5646550882933096	-0.3884674721370451	0.7071400186328214	1.0	False	False	False	False
sp|P26639|SYTC_HUMAN	psvid_65251_sp|P26639|SYTC_HUMAN	-0.16890114316481863	-1.1189786425323054	0.781176356202668	0.42589494172750386	-0.3965793594066327	0.7000801640550338	1.0	0.5578929996071744	-16.65401264391722	0.44177536564460734	0.6646618430785743	0.37151235526940735	-0.45463129494667176	0.6606659937381748	1.0	False	False	False	False
sp|Q13838|DX39B_HUMAN	psvid_14380_sp|Q13838|DX39B_HUMAN	0.349732781427436	-1.619034095236244	2.318499658091116	0.8825467972559508	0.3962767555384473	0.7002962403804288	1.0	1.5019199580492686	-13.96175654333559	0.4876391287117386	0.6983116272207835	0.9046807595038079	0.38658142969598985	0.7084851266990506	1.0	False	False	False	False
sp|A0A075B767|PAL4H_HUMAN	psvid_744_sp|A0A075B767|PAL4H_HUMAN	-0.17067545345083923	-1.1343564463556566	0.7930055394539781	0.431993032768739	-0.3950884401003934	0.7011450365029118	1.0	0.5559666742862072	-13.86917233795629	0.47156960941429865	0.6867092611974144	0.37050050254968514	-0.4606618675988197	0.656502205795133	1.0	False	False	False	False
sp|A0A0B4J2A2|PAL4C_HUMAN	psvid_85826_sp|A0A0B4J2A2|PAL4C_HUMAN	-0.17067545345083923	-1.1343564463556566	0.7930055394539781	0.431993032768739	-0.3950884401003934	0.7011450365029118	1.0	0.5559666742862072	-13.86917233795629	0.47156960941429865	0.6867092611974144	0.37050050254968514	-0.4606618675988197	0.656502205795133	1.0	False	False	False	False
sp|F5H284|PAL4D_HUMAN	psvid_85420_sp|F5H284|PAL4D_HUMAN	-0.17067545345083923	-1.1343564463556566	0.7930055394539781	0.431993032768739	-0.3950884401003934	0.7011450365029118	1.0	0.5559666742862072	-13.86917233795629	0.47156960941429865	0.6867092611974144	0.37050050254968514	-0.4606618675988197	0.656502205795133	1.0	False	False	False	False
sp|P0DN26|PAL4F_HUMAN,sp|A0A075B759|PAL4E_HUMAN	psvid_790_sp|P0DN26|PAL4F_HUMAN	-0.17067545345083923	-1.1343564463556566	0.7930055394539781	0.431993032768739	-0.3950884401003934	0.7011450365029118	1.0	0.5559666742862072	-13.86917233795629	0.47156960941429865	0.6867092611974144	0.37050050254968514	-0.4606618675988197	0.656502205795133	1.0	False	False	False	False
sp|P0DN37|PAL4G_HUMAN	psvid_89600_sp|P0DN37|PAL4G_HUMAN	-0.17067545345083923	-1.1343564463556566	0.7930055394539781	0.431993032768739	-0.3950884401003934	0.7011450365029118	1.0	0.5559666742862072	-13.86917233795629	0.47156960941429865	0.6867092611974144	0.37050050254968514	-0.4606618675988197	0.656502205795133	1.0	False	False	False	False
sp|P35914|HMGCL_HUMAN	psvid_62663_sp|P35914|HMGCL_HUMAN	-0.2669026480191339	-1.7742252513655719	1.240419955327304	0.6756933752711392	-0.39500557173885625	0.7012042442722975	1.0	1.1121860464901174	-13.579258189480015	0.4166258662529108	0.6454656197295955	0.6796667457998566	-0.3926963466559381	0.704127959871241	1.0	False	False	False	False
sp|Q96HE7|ERO1A_HUMAN	psvid_98250_sp|Q96HE7|ERO1A_HUMAN	0.07287820179285331	-0.339587763052053	0.48534416663775964	0.184897724847868	0.39415412954819623	0.7018127041119474	1.0	0.22913325395559103	-10.744812536280183	0.09270942751718803	0.304482228573669	0.2179042612991488	0.3344505580494492	0.7460754531594539	1.0	False	False	False	False
sp|Q14624|ITIH4_HUMAN	psvid_78925_sp|Q14624|ITIH4_HUMAN	-0.08651038881022055	-0.5764967997992128	0.40347602217877165	0.21964811722660096	-0.3938590045867396	0.7020236587645329	1.0	0.2679244356681235	-11.754730005086886	0.13437102480004534	0.3665665352975437	0.23287170634583954	-0.3714937729779131	0.7192839093128156	1.0	False	False	False	False
sp|Q02878|RL6_HUMAN	psvid_26499_sp|Q02878|RL6_HUMAN	0.05861624422639222	-0.2734317358025418	0.39066422425532626	0.1488484415211463	0.39379817233803455	0.7020671448224106	1.0	0.13244087406998484	-10.025164491147489	0.08535670445240016	0.29215869737592987	0.1877459882040592	0.3122103688451805	0.7623398737045992	1.0	False	False	False	False
sp|Q9GZM5|YIPF3_HUMAN	psvid_77443_sp|Q9GZM5|YIPF3_HUMAN	-0.1831427421825884	-1.220657841612552	0.8543723572473751	0.46509093532612444	-0.39377835230043273	0.7020813134608722	1.0	0.6921964944280843	-13.30824400599138	0.36130044140056694	0.6010827242572914	0.44358760672676395	-0.4128671302023066	0.6898373496690331	1.0	False	False	False	False
sp|P62136|PP1A_HUMAN	psvid_48691_sp|P62136|PP1A_HUMAN	-0.15201733720675525	-1.0147328024932452	0.7106981280797345	0.38673282238577344	-0.3930810327112991	0.7025798786385543	1.0	0.463018552481394	-13.642185458106983	0.42904380245611423	0.6550143528626791	0.32268985651460885	-0.47109425393380194	0.6493289859395648	1.0	False	False	False	False
sp|P02763|A1AG1_HUMAN	psvid_881771_sp|P02763|A1AG1_HUMAN	-0.12703668383898936	-0.8486495093629749	0.5945761416849962	0.3234801923853189	-0.3927185862671538	0.702839076849659	1.0	0.5211401074620919	-8.27930217573946	0.1137492186265437	0.33726728069373063	0.35234138529627357	-0.3605499925368345	0.7271586454690598	1.0	False	False	False	False
sp|P62258|1433E_HUMAN	psvid_54150_sp|P62258|1433E_HUMAN	-0.07493134403148849	-0.5009922384539517	0.3511295503909747	0.19099197688949388	-0.3923271817582319	0.7031190289090576	1.0	0.21423307351035153	-11.416375956586574	0.11444383783106761	0.3382954889310048	0.21253379253348845	-0.3525620238470159	0.7329281631841166	1.0	False	False	False	False
sp|Q9H3N1|TMX1_HUMAN	psvid_69914_sp|Q9H3N1|TMX1_HUMAN	0.0759766563141775	-0.3561261975615518	0.5080795101899067	0.19370042959043862	0.39223793398302215	0.7031828699031574	1.0	0.19239860176210696	-11.74009950106528	0.1333350684668216	0.3651507475917605	0.20509465756053474	0.37044678402582276	0.7200357783106784	1.0	False	False	False	False
sp|Q96ER9|MITOK_HUMAN	psvid_29034_sp|Q96ER9|MITOK_HUMAN	0.16291269957648646	-0.7643672600049014	1.0901926591578743	0.415675399758354	0.39192287941791376	0.7034082550762158	1.0	0.47846893025597154	-14.198074294564119	0.5244016159088081	0.7241557953291599	0.33048267145005944	0.49295383283387934	0.634423332793891	1.0	False	False	False	False
sp|Q13488|VPP3_HUMAN	psvid_83110_sp|Q13488|VPP3_HUMAN	0.1839732532619447	-0.863501890826381	1.2314483973502703	0.46955576334510235	0.391802779613063	0.7034941805669425	1.0	0.673418017878907	-16.78065435580104	0.4217596908722262	0.6494302817641214	0.4333550084564366	0.42453242646770695	0.6816315944942051	1.0	False	False	False	False
sp|O43678|NDUA2_HUMAN	psvid_69235_sp|O43678|NDUA2_HUMAN	-0.06819174203106648	-0.4570202062495764	0.32063672218744343	0.17430165036071818	-0.391228321074088	0.7039052379441403	1.0	0.1868149608218366	-11.053869479545572	0.10041371583527826	0.3168812330121149	0.2032803504262967	-0.3354566336001607	0.7453427853784012	1.0	False	False	False	False
sp|Q08AH3|ACS2A_HUMAN	psvid_55981_sp|Q08AH3|ACS2A_HUMAN	-0.16307417459202211	-1.0932696215750601	0.767121272391016	0.41698233665335444	-0.3910817323842397	0.7040101464382262	1.0	0.6621901205013945	-12.46232914228477	0.20861664033292127	0.45674570641979906	0.4272576973114524	-0.3816763878525238	0.7119883884743692	1.0	False	False	False	False
sp|P48739|PIPNB_HUMAN	psvid_44769_sp|P48739|PIPNB_HUMAN	0.35711092795721555	-1.6809424494231044	2.3951643053375355	0.9136061268420755	0.3908806185348023	0.7041540873268181	1.0	1.5820815149947158	-13.453613801922062	0.3912473399969052	0.6254976738541121	0.9512906474872864	0.3753962355253663	0.7164842898542932	1.0	False	False	False	False
sp|P02751|FINC_HUMAN	psvid_28124_sp|P02751|FINC_HUMAN	-0.1329879718945337	-0.8924775056422173	0.6265015618531499	0.3404593319318307	-0.39061338439435567	0.7043453707069229	1.0	0.262480513259436	-13.926531351940568	0.48162488264584724	0.6939919903326315	0.23069209732639354	-0.5764738950133015	0.5791122264164552	1.0	False	False	False	False
sp|P05090|APOD_HUMAN	psvid_32733_sp|P05090|APOD_HUMAN	-0.06774218599860093	-0.4548081613224459	0.319323789325244	0.17351157259802152	-0.3904188348032607	0.7044846408712212	1.0	0.18483383718254265	-11.045203978172555	0.1001503360108879	0.3164653788503379	0.2026456539918596	-0.3342888666209549	0.7461932292278404	1.0	False	False	False	False
sp|Q6P093|ADCL2_HUMAN	psvid_67034_sp|Q6P093|ADCL2_HUMAN	-0.16765881323742482	-1.1257815206018398	0.7904638941269903	0.42950139845689556	-0.39035685061745135	0.7045290152461803	1.0	0.4737220871065466	-15.158456865023489	0.590533973174375	0.7684620831077972	0.32808107650279916	-0.511028600078354	0.6222292009152097	1.0	False	False	False	False
sp|Q9Y276|BCS1_HUMAN	psvid_86464_sp|Q9Y276|BCS1_HUMAN	0.22346598544508867	-1.0553027718680361	1.5022347427582134	0.5732386523640512	0.3898306307913974	0.7049057820164203	1.0	0.9100869426738143	-13.471745046057329	0.3949497062151874	0.62845024163826	0.5647431130666991	0.39569492796753447	0.7019955087194756	1.0	False	False	False	False
sp|P08571|CD14_HUMAN	psvid_103710_sp|P08571|CD14_HUMAN	0.09407392318788199	-0.4456360340232338	0.6337838803989978	0.24193788499276186	0.38883502346354903	0.7056188535432153	1.0	0.33910399258139684	-11.529669632464579	0.1202513198124814	0.34677272068673654	0.2633411760311005	0.35723210705481123	0.7295528778593783	1.0	False	False	False	False
sp|P06733|ENOA_HUMAN	psvid_41467_sp|P06733|ENOA_HUMAN	-0.06233499622766869	-0.4200513847090307	0.2953813922536933	0.16035491897099916	-0.38873142543848144	0.7056930694839393	1.0	0.1541106567163544	-10.80067293436265	0.09386171547085972	0.30636859413272066	0.19344608262405108	-0.3222344716528191	0.7549932150329773	1.0	False	False	False	False
sp|O43399|TPD54_HUMAN	psvid_61417_sp|O43399|TPD54_HUMAN	-0.1590616980600248	-1.07185888920016	0.7537354930801105	0.4091831527306677	-0.388729831613381	0.7056942112996429	1.0	0.5808541238774647	-13.160269160343363	0.33098305131811107	0.5753112647238111	0.3836284077956044	-0.4146243991002152	0.6885984299204709	1.0	False	False	False	False
sp|Q9NY65|TBA8_HUMAN	psvid_34685_sp|Q9NY65|TBA8_HUMAN	-0.05279882794573432	-0.3562580163409499	0.25066036044948126	0.13603283252608186	-0.3881329747038171	0.7061218532744308	1.0	0.07403346595082347	-10.021067130105276	0.08534938310258865	0.2921461673590613	0.17614951435871568	-0.2997387085508129	0.7715157651558715	1.0	False	False	False	False
sp|Q9UBQ7|GRHPR_HUMAN	psvid_82367_sp|Q9UBQ7|GRHPR_HUMAN	0.07579304845360868	-0.36008062215440284	0.5116667190616202	0.1953907882964701	0.38790492179501557	0.7062852792669831	1.0	0.24357759070575144	-11.118003365515367	0.10245764358441371	0.32009005542880226	0.2233193188453024	0.3393931561564183	0.7424786645732149	1.0	False	False	False	False
sp|O00483|CXFA4_HUMAN	psvid_106504_sp|O00483|CXFA4_HUMAN	0.08883143137723559	-0.4221153911997412	0.5997782539542124	0.22904412258173493	0.38783545447902024	0.7063350636597684	1.0	0.34142324575524435	-10.345672090961422	0.08706483006263474	0.29506750085808287	0.2643877054212188	0.33598926710949206	0.7449550088643291	1.0	False	False	False	False
sp|P30048|PRDX3_HUMAN	psvid_90489_sp|P30048|PRDX3_HUMAN	-0.2415695669113611	-1.6320402974620842	1.148901163639362	0.6233117310492596	-0.3875581909949167	0.7065337815794328	1.0	1.093578484740532	-11.760964762689072	0.1348179518359469	0.36717564167023237	0.6690177940671815	-0.3610809294664338	0.7267758055756101	1.0	False	False	False	False
sp|O15372|EIF3H_HUMAN	psvid_60183_sp|O15372|EIF3H_HUMAN	-0.18182659430492887	-1.2285482095011846	0.8648950208913269	0.46921797601323545	-0.3875098644980302	0.7065684201044533	1.0	0.7652655742833947	-12.52423711621855	0.21755925338183446	0.4664324746218197	0.4837714615351603	-0.37585225413656154	0.71615743598878	1.0	False	False	False	False
sp|P36268|GGT2_HUMAN	psvid_38858_sp|P36268|GGT2_HUMAN	0.12988513529267554	-0.619046758239302	0.8788170288246531	0.33572661742439147	0.38687768127865757	0.7070216088423007	1.0	0.3323482012708852	-13.504927884941921	0.4016936023854941	0.633793028034779	0.2603099529558074	0.4989633850639819	0.6303556913506835	1.0	False	False	False	False
sp|Q14764|MVP_HUMAN	psvid_69470_sp|Q14764|MVP_HUMAN	0.10964136080540632	-0.5232173989610386	0.7425001205718512	0.2836940615811981	0.3864774616511495	0.7073085736278151	1.0	0.4210383409625566	-11.776698945142485	0.13596054108092628	0.36872827540199066	0.3018976705872689	0.36317392112408675	0.7252674103355109	1.0	False	False	False	False
sp|P62753|RS6_HUMAN	psvid_44788_sp|P62753|RS6_HUMAN	0.08245187923075337	-0.39377565409931026	0.558679412560817	0.21348037153986865	0.38622698019501533	0.7074881979051271	1.0	0.3047594450491425	-10.480160116272069	0.08849444395322621	0.2974801572428424	0.24821508252754537	0.33217916651621426	0.7477305772331713	1.0	False	False	False	False
sp|Q96LZ7|RMD2_HUMAN	psvid_23498_sp|Q96LZ7|RMD2_HUMAN	-0.1409872593369137	-0.956163519517856	0.6741890008440287	0.3654222377211769	-0.3858201411499463	0.7077799888852507	1.0	0.5764269341326264	-12.125754564072476	0.1671016114791061	0.4087806398046587	0.3812845915570393	-0.3697690975687443	0.7205226128804508	1.0	False	False	False	False
sp|P01116|RASK_HUMAN	psvid_86524_sp|P01116|RASK_HUMAN	-0.12835804093737258	-0.8718757364474546	0.6151596545727095	0.33329957378577096	-0.38511312654685537	0.708287188375218	1.0	0.4341122714533695	-12.864881246277275	0.2738818163388183	0.5233371918169186	0.3083088883913757	-0.4163293559491265	0.6873973355764561	1.0	False	False	False	False
sp|Q9BWH2|FUND2_HUMAN	psvid_48363_sp|Q9BWH2|FUND2_HUMAN	0.250697859921869	-1.2023895517334333	1.7037852715771713	0.6513811546151884	0.38487122039932503	0.7084607618801835	1.0	1.0597559414632423	-13.635601597751094	0.42775531473422723	0.6540300564455943	0.6496920096846772	0.38587185340873004	0.708991468951621	1.0	False	False	False	False
sp|P36871|PGM1_HUMAN	psvid_86725_sp|P36871|PGM1_HUMAN	0.06000196262903712	-0.2881837785548688	0.40818770381294306	0.1560825785797387	0.3844244705272063	0.7087813617790529	1.0	0.11638899546776699	-11.123969450724617	0.10265646750190312	0.3204004798715244	0.18398616983486796	0.3261221356088359	0.752150943493181	1.0	False	False	False	False
sp|P62873|GBB1_HUMAN	psvid_83662_sp|P62873|GBB1_HUMAN	-0.11023348108926756	-0.7503169711719997	0.5298500089934646	0.2869327195844668	-0.38417884599883423	0.7089576540941015	1.0	0.4444647368642544	-11.412051802189415	0.11423731759459682	0.33799011464034984	0.3134278948797099	-0.35170284103644933	0.7335498031854693	1.0	False	False	False	False
sp|P47897|SYQ_HUMAN	psvid_30149_sp|P47897|SYQ_HUMAN	-0.22331148898590936	-1.521188556236139	1.0745655782643202	0.5818044088971681	-0.3838257076965171	0.7092111439882554	1.0	0.864140406671009	-14.604012950992244	0.570059657760375	0.7550229518103241	0.538896515694728	-0.4143865890430251	0.688766034404148	1.0	False	False	False	False
sp|Q9Y6I9|TX264_HUMAN	psvid_73601_sp|Q9Y6I9|TX264_HUMAN	-0.11468271014986797	-0.7833235480544527	0.5539581277547168	0.2997342331394948	-0.3826146548182076	0.7100807454332179	1.0	0.3717640548756733	-12.688575457712645	0.24326638434120745	0.49322042165872193	0.2783391152094543	-0.4120251300776304	0.6904313304890398	1.0	False	False	False	False
sp|P07437|TBB5_HUMAN	psvid_7084_sp|P07437|TBB5_HUMAN	0.10375934476357296	-0.5013203612086525	0.7088390507357984	0.27124143692183006	0.382535006233121	0.710137952759974	1.0	0.41959006080209654	-8.621422760796918	0.10281653204712322	0.3206501708203556	0.3011912816525218	0.34449650798085846	0.7387718638554498	1.0	False	False	False	False
sp|P19224|UD16_HUMAN	psvid_62815_sp|P19224|UD16_HUMAN	0.10375934476357251	-0.5013203612086529	0.7088390507357979	0.27124143692183	0.3825350062331194	0.7101379527599752	1.0	0.41959006080209654	-8.62142276079692	0.10281653204712303	0.3206501708203553	0.3011912816525218	0.34449650798085696	0.7387718638554508	1.0	False	False	False	False
sp|P35503|UD13_HUMAN	psvid_62830_sp|P35503|UD13_HUMAN	0.10375934476357251	-0.5013203612086529	0.7088390507357979	0.27124143692183	0.3825350062331194	0.7101379527599752	1.0	0.41959006080209654	-8.62142276079692	0.10281653204712303	0.3206501708203553	0.3011912816525218	0.34449650798085696	0.7387718638554508	1.0	False	False	False	False
sp|P56937|DHB7_HUMAN	psvid_60766_sp|P56937|DHB7_HUMAN	-0.09472940100568428	-0.6476585437765118	0.4581997417651432	0.2478637007997741	-0.3821834367034135	0.7103904889753904	1.0	0.3185233487964349	-12.012178905719678	0.15570697696762575	0.39459723385703777	0.2541901284776879	-0.37267143918218426	0.7184385817078411	1.0	False	False	False	False
sp|P60763|RAC3_HUMAN	psvid_79269_sp|P60763|RAC3_HUMAN	0.12993168803616895	-0.6294840789464023	0.8893474550187402	0.34042626421667077	0.3816735125744336	0.7107568384364733	1.0	0.4905937639352856	-12.528104398166933	0.2181314636701103	0.4670454621020424	0.33664559727925986	0.3859598613089416	0.7089286596542458	1.0	False	False	False	False
sp|P03886|NU1M_HUMAN	psvid_49057_sp|P03886|NU1M_HUMAN	-0.16938224397416723	-1.1604118074213639	0.8216473194730294	0.44425268302383036	-0.3812745548800238	0.7110435192130294	1.0	0.5229735523634983	-15.47044781328961	0.5805723973790515	0.7619530152043835	0.3532906906850544	-0.47944157160134526	0.6436169735729559	1.0	False	False	False	False
sp|A8MWD9|RUXGL_HUMAN	psvid_110166_sp|A8MWD9|RUXGL_HUMAN	-0.21206971816067455	-1.4570401963328554	1.0329007600115063	0.55808776611024	-0.3799934903407004	0.711964379066666	1.0	0.9301592173930443	-12.737606649804006	0.25147671472473293	0.5014745404551789	0.5760729976737137	-0.36812994015871287	0.7217007004298069	1.0	False	False	False	False
sp|P62308|RUXG_HUMAN	psvid_100787_sp|P62308|RUXG_HUMAN	-0.21206971816067455	-1.4570401963328554	1.0329007600115063	0.55808776611024	-0.3799934903407004	0.711964379066666	1.0	0.9301592173930443	-12.737606649804006	0.25147671472473293	0.5014745404551789	0.5760729976737137	-0.36812994015871287	0.7217007004298069	1.0	False	False	False	False
sp|Q9Y6K0|CEPT1_HUMAN	psvid_67341_sp|Q9Y6K0|CEPT1_HUMAN	-0.1684897250669808	-1.1582990158624145	0.821319565728453	0.4437056666485765	-0.379733092749586	0.7121516186303625	1.0	0.5155636318173126	-15.21014410804176	0.5899100845283897	0.7680560425700651	0.3494588836479343	-0.48214463260498297	0.6417725897372686	1.0	False	False	False	False
sp|Q08426|ECHP_HUMAN	psvid_39857_sp|Q08426|ECHP_HUMAN	0.060846485375097625	-0.29744313572520487	0.4191361064754001	0.16061188419015496	0.3788417381559324	0.7127927014880374	1.0	0.17136771686813757	-10.130641459115534	0.08566800522543173	0.2926909722308355	0.19846112171792907	0.30659146158398803	0.7664691348687878	1.0	False	False	False	False
sp|Q99497|PARK7_HUMAN	psvid_73787_sp|Q99497|PARK7_HUMAN	0.06498857332977437	-0.3188675083866988	0.44884465504624754	0.17207266108630462	0.37768099196872856	0.7136278891579546	1.0	0.16209275206966892	-11.311542808615693	0.10972702165080615	0.3312506930570956	0.19571554022298354	0.33205627542775235	0.7478201652099553	1.0	False	False	False	False
sp|Q9NUI1|DECR2_HUMAN	psvid_23299_sp|Q9NUI1|DECR2_HUMAN	0.1616408489978718	-0.7930936535247815	1.116375351520525	0.4279825546735161	0.377680929357456	0.7136279342191549	1.0	0.6901836874434673	-12.382307656747654	0.19766464572061024	0.44459492318357646	0.4424887853898015	0.3652993122876042	0.7237369549597047	1.0	False	False	False	False
sp|E9PAV3|NACAM_HUMAN	psvid_33698_sp|E9PAV3|NACAM_HUMAN	0.15661872503151608	-0.7691538658811513	1.0823913159441836	0.4149996857331782	0.3773948039377872	0.7138338701528079	1.0	0.4421057495497964	-14.639717272511621	0.5728811386367684	0.7568891191163791	0.3122582582756543	0.5015679197610099	0.6285968772343208	1.0	False	False	False	False
sp|Q9UBX3|DIC_HUMAN	psvid_92461_sp|Q9UBX3|DIC_HUMAN	-0.07386160032160838	-0.5105358952448318	0.362812694601615	0.195749687277132	-0.3773267857998621	0.7138828290843808	1.0	0.2358734682567108	-11.29006114992565	0.10883204535331135	0.3298970223468399	0.22040644663936532	-0.33511542628543267	0.7455912368191238	1.0	False	False	False	False
sp|O95342|ABCBB_HUMAN	psvid_48368_sp|O95342|ABCBB_HUMAN	-0.25354441856496734	-1.7539066708069204	1.2468178336769857	0.6725732315670507	-0.37697667207811075	0.7141348598149819	1.0	1.064136086305568	-14.45036393083803	0.5556408527703273	0.7454132094149709	0.6521924533966891	-0.38875705667012933	0.7069335852415627	1.0	False	False	False	False
sp|P02787|TRFE_HUMAN	psvid_26242_sp|P02787|TRFE_HUMAN	-0.052974952377036644	-0.36675201247916933	0.26080210772509604	0.14065806507005313	-0.3766222175077773	0.7143900521012384	1.0	0.09861129189170266	-10.007369622647452	0.08532746554062119	0.2921086536558292	0.18031484391028343	-0.2937914107803271	0.775904886844224	1.0	False	False	False	False
sp|Q5W111|SPRY7_HUMAN	psvid_37300_sp|Q5W111|SPRY7_HUMAN	-0.21053030600657907	-1.4582313394206232	1.037170727407465	0.559311802745558	-0.3764095536212982	0.7145431788470614	1.0	0.8831548744105469	-13.443048843091404	0.38908475265878	0.6237665850771265	0.5495772504634218	-0.3830768210093357	0.7109874375001309	1.0	False	False	False	False
sp|P07814|SYEP_HUMAN	psvid_26022_sp|P07814|SYEP_HUMAN	0.281743746395275	-1.388521995908898	1.952009488699448	0.748736530926864	0.37629224000397477	0.714627655171371	1.0	1.2158562366674739	-14.650908903609677	0.573723705302854	0.7574455130917696	0.7391884430138282	0.3811528021820064	0.7123627691172996	1.0	False	False	False	False
sp|Q9BZQ6|EDEM3_HUMAN	psvid_57427_sp|Q9BZQ6|EDEM3_HUMAN	-0.2751652738003654	-1.9077647210061166	1.3574341734053859	0.7318517140916972	-0.3759850096708096	0.7148489077391776	1.0	1.1824067558556077	-14.604019084519532	0.570060159841857	0.7550232843044359	0.7199505213416437	-0.38220025632815546	0.7116138878213086	1.0	False	False	False	False
sp|P13674|P4HA1_HUMAN	psvid_53884_sp|P13674|P4HA1_HUMAN	0.421850010394039	-2.08354753591292	2.927247556700998	1.123104318015122	0.3756107100893179	0.715118497852105	1.0	1.9996036982667786	-12.78837670403822	0.26022949931191225	0.5101269443108375	1.1950881332204681	0.35298652766073174	0.7326211006426913	1.0	False	False	False	False
sp|Q9UKU0|ACSL6_HUMAN	psvid_49823_sp|Q9UKU0|ACSL6_HUMAN	-0.15121722561142814	-1.0498182955130024	0.7473838442901461	0.402819402161184	-0.3753970757121578	0.7152723869362245	1.0	0.44938496726625077	-14.1165137438771	0.5124643945785619	0.7158661848268585	0.3158733515310521	-0.4787273914639255	0.6441047160635976	1.0	False	False	False	False
sp|P08754|GNAI3_HUMAN	psvid_85217_sp|P08754|GNAI3_HUMAN	-0.09345731802258861	-0.6495614242311731	0.4626467881859959	0.24928695402828513	-0.3748985516987165	0.7156315451117431	1.0	0.3617293955006408	-11.411898620980116	0.1142300212613894	0.3379793207599977	0.27367339626642856	-0.34149215560435897	0.7409532017052016	1.0	False	False	False	False
sp|P56199|ITA1_HUMAN	psvid_36218_sp|P56199|ITA1_HUMAN	0.13537039481878477	-0.6716717726217053	0.9424125622592748	0.36177593628154975	0.374182971399827	0.7161472073352679	1.0	0.5378567667689412	-12.537718863950936	0.2195609432800492	0.46857330619663895	0.36102499216132505	0.3749612845591978	0.7167961006500142	1.0	False	False	False	False
sp|P20020|AT2B1_HUMAN	psvid_31615_sp|P20020|AT2B1_HUMAN	-0.18563719814423418	-1.2945205272452698	0.9232461309568014	0.49708344966015716	-0.37345278397651227	0.716673550285069	1.0	0.6802348219506064	-15.92406555079802	0.5424246795537582	0.7364948605073617	0.43706461676711844	-0.4247362770231923	0.6814885906010953	1.0	False	False	False	False
sp|Q68CJ9|CR3L3_HUMAN	psvid_92174_sp|Q68CJ9|CR3L3_HUMAN	-0.19051821752100606	-1.3287064214988669	0.9476699864568547	0.510220060080156	-0.3734040121650166	0.7167087121550424	1.0	0.74645318844334	-13.830522638365519	0.46462146485417144	0.6816314729046565	0.4733745268115339	-0.4024682502547453	0.6971888692542642	1.0	False	False	False	False
sp|P25787|PSA2_HUMAN	psvid_93502_sp|P25787|PSA2_HUMAN	-0.2645616168557332	-1.8456697174052474	1.316546483693781	0.7087694875383597	-0.37326891395196343	0.716806114377318	1.0	1.1744626098487478	-13.648596686966084	0.43029595250696473	0.6559694752859806	0.7153859749946262	-0.3698166110367491	0.7204884759095719	1.0	False	False	False	False
sp|Q01814|AT2B2_HUMAN	psvid_60887_sp|Q01814|AT2B2_HUMAN	-0.17075890801042437	-1.198243806427528	0.8567259904066793	0.4605946580448173	-0.370735754373011	0.7186334407852877	1.0	0.6731452567059646	-17.040351449816924	0.3800937970335675	0.616517475043139	0.43320669572188103	-0.3941742122103572	0.7030766253393339	1.0	False	False	False	False
sp|Q9UNU6|CP8B1_HUMAN	psvid_58581_sp|Q9UNU6|CP8B1_HUMAN	0.06468309483735357	-0.3255611613671132	0.45492735104182036	0.17493631294956888	0.3697522472421183	0.7193434089857934	1.0	0.21167757179598126	-10.254905185730431	0.08634657731718699	0.2938478812535272	0.2116359014564685	0.30563384752873923	0.7671736607199552	1.0	False	False	False	False
sp|Q9Y619|ORNT1_HUMAN	psvid_48806_sp|Q9Y619|ORNT1_HUMAN	-0.119393081154473	-0.8397315234395866	0.6009453611306406	0.3229089196463905	-0.3697422830103838	0.7193506033412673	1.0	0.5198600673160032	-11.405393275987006	0.1139213884639024	0.33752242660881426	0.3516790807615503	-0.3394944075033719	0.7424050518846476	1.0	False	False	False	False
sp|P48651|PTSS1_HUMAN	psvid_68246_sp|P48651|PTSS1_HUMAN	-0.18368422320228683	-1.2927743726021244	0.9254059261975507	0.49717616180118246	-0.369455008737408	0.719558032934783	1.0	0.6830926627217078	-14.290784906010177	0.5369181587544763	0.7327469950497759	0.4386215083448472	-0.4187761423178388	0.6856752737145334	1.0	False	False	False	False
sp|Q9UL42|PNMA2_HUMAN	psvid_52452_sp|Q9UL42|PNMA2_HUMAN	-0.16937882469172827	-1.1920931974242133	0.8533355480407567	0.4584561559122935	-0.36945479411150467	0.7195581879167505	1.0	0.5564745853405791	-15.018588956259812	0.5900874147750754	0.768171474851205	0.3707672242068774	-0.4568333273094813	0.6591441569272084	1.0	False	False	False	False
sp|O75352|MPU1_HUMAN	psvid_59628_sp|O75352|MPU1_HUMAN	0.18602445400859624	-0.9378830148672725	1.309931922884465	0.5038183793244934	0.36922919377814883	0.7197211019291729	1.0	0.7768083758782041	-13.306015053386389	0.3608403404668542	0.6006998755342423	0.49016665502067747	0.3795126659538864	0.7135360500597173	1.0	False	False	False	False
sp|Q9H4B7|TBB1_HUMAN	psvid_55472_sp|Q9H4B7|TBB1_HUMAN	0.09927026613247092	-0.5005680590364452	0.699108591301387	0.26889186273100535	0.36918285709441173	0.7197545651186188	1.0	0.39360811386405997	-11.672608998870857	0.12878066596617466	0.35886023179808413	0.28865709027351	0.34390378576327296	0.7392020191031833	1.0	False	False	False	False
sp|Q10713|MPPA_HUMAN	psvid_44538_sp|Q10713|MPPA_HUMAN	-0.16640483129155337	-1.1741674919216598	0.8413578293385531	0.4517536936828351	-0.3683530065575557	0.7203539675363394	1.0	0.5849138460467401	-16.193472879691186	0.5094119057119804	0.7137309757268353	0.38578079141050525	-0.43134555943840075	0.6768594547884725	1.0	False	False	False	False
sp|Q8TEB1|DCA11_HUMAN	psvid_33833_sp|Q8TEB1|DCA11_HUMAN	-0.16879005566510674	-1.1918006000894033	0.8542204887591898	0.4585889219503371	-0.36806396226768395	0.720562791456454	1.0	0.5756651096432837	-14.467162082867334	0.5573938258742931	0.7465881233145174	0.380881632401421	-0.4431561968501924	0.6686232625136151	1.0	False	False	False	False
sp|P21964|COMT_HUMAN	psvid_49726_sp|P21964|COMT_HUMAN	-0.09473130208491432	-0.6697473698769659	0.4802847657071373	0.25776469272002955	-0.3675107753714217	0.7209625160075921	1.0	0.4016897607682597	-10.536987494498167	0.08923654909672674	0.29872487190846153	0.29252685626611064	-0.32383796583359714	0.7538204216140565	1.0	False	False	False	False
sp|Q16772|GSTA3_HUMAN	psvid_51143_sp|Q16772|GSTA3_HUMAN	-0.08218438475270107	-0.581870479500499	0.41750170999509684	0.22399623225088267	-0.3669007461726054	0.7214034162899919	1.0	0.32859136764965247	-10.493428894713581	0.08866017021651248	0.2977585770662408	0.2586356637141311	-0.31776122276601076	0.7582684690814946	1.0	False	False	False	False
sp|Q01581|HMCS1_HUMAN	psvid_72414_sp|Q01581|HMCS1_HUMAN	0.1859939544433229	-0.9512571610383409	1.3232450699249867	0.5097999877694791	0.36483711044619616	0.7228957084812474	1.0	0.6970450105223359	-15.606869434231161	0.5717980229160506	0.756173275721941	0.44623641841274925	0.41680586068008146	0.6870618179914662	1.0	False	False	False	False
sp|P06133|UD2B4_HUMAN	psvid_44381_sp|P06133|UD2B4_HUMAN	-0.14624056506802185	-1.0406068495028866	0.7481257193668428	0.4009210583831517	-0.3647614960855034	0.7229504112777796	1.0	0.688185365942129	-9.392662920107249	0.08824223160985732	0.29705594020294784	0.44139834310141113	-0.3313119936982254	0.7483628349303718	1.0	False	False	False	False
sp|O95299|NDUAA_HUMAN	psvid_68995_sp|O95299|NDUAA_HUMAN	-0.10494570295677086	-0.7469845964405485	0.5370931905270068	0.28780927588444916	-0.36463627738983956	0.7230410036640438	1.0	0.4450767822816572	-11.447355551111434	0.11595499410461346	0.3405216499792832	0.31373166177994866	-0.3345078477618869	0.7460337250057978	1.0	False	False	False	False
sp|Q16720|AT2B3_HUMAN	psvid_57122_sp|Q16720|AT2B3_HUMAN	-0.16826581152620523	-1.1987652311720172	0.8622336081196067	0.46194598921926544	-0.3642542969375947	0.7233173840879329	1.0	0.6741136377081715	-17.013502839613203	0.38440953747518514	0.6200076914645375	0.4337332909330699	-0.3879476513417334	0.707510642294811	1.0	False	False	False	False
sp|P03915|NU5M_HUMAN	psvid_86249_sp|P03915|NU5M_HUMAN	0.250847199056198	-1.2862638337872463	1.7879582318996423	0.6890467506044436	0.3640496074267102	0.723465503556724	1.0	1.108585727072845	-16.10282004068812	0.5212131995802007	0.7219509675734224	0.6776054200022337	0.37019656521544814	0.7202155141959853	1.0	False	False	False	False
sp|Q9NTJ5|SAC1_HUMAN	psvid_37322_sp|Q9NTJ5|SAC1_HUMAN	-0.1051695544547524	-0.7506249791260219	0.5402858702165171	0.2893408176291761	-0.36347984123532623	0.7238778665861544	1.0	0.4576289351173092	-11.135969783588635	0.10306098119736479	0.3210311218517058	0.31998822297945034	-0.3286669536631865	0.7502925750886458	1.0	False	False	False	False
sp|RASH_HUMAN|,sp|P01112|RASH_HUMAN	psvid_71725_sp|RASH_HUMAN|	-0.1687739876526133	-1.2048428882150795	0.8672949129098528	0.46444264212603364	-0.363390378799055	0.7239426226313341	1.0	0.654632147711332	-13.677016558271033	0.4358152177830742	0.6601630236411868	0.42316256908710986	-0.398839594949785	0.6997621473113446	1.0	False	False	False	False
sp|Q15006|EMC2_HUMAN	psvid_40034_sp|Q15006|EMC2_HUMAN	-0.1136898166736171	-0.8143288541110302	0.586949220763796	0.31407819069505394	-0.3619793415837691	0.724964283011745	1.0	0.3308583061009321	-13.16498749893837	0.3319387647697572	0.5761412715382896	0.25964497474897996	-0.4378664242723371	0.6723063590531957	1.0	False	False	False	False
sp|O75106|AOC2_HUMAN	psvid_39587_sp|O75106|AOC2_HUMAN	-0.21065587250760487	-1.511357078464207	1.0900453334489972	0.5830703965566818	-0.3612872026287592	0.7254656331114494	1.0	0.8625401404353656	-15.448052074260337	0.5817675147349618	0.7627368581201264	0.5379986747211434	-0.39155463090460674	0.704940620250766	1.0	False	False	False	False
sp|Q9Y383|LC7L2_HUMAN	psvid_40810_sp|Q9Y383|LC7L2_HUMAN	-0.1965815301830296	-1.410426640601432	1.0172635802353729	0.5441350762564462	-0.3612734020667736	0.7254756309195635	1.0	0.8313450794644895	-13.70098770756472	0.44042907757428446	0.6636483086502101	0.5205309875780363	-0.37765576857911604	0.7148653605430985	1.0	False	False	False	False
sp|Q13825|AUHM_HUMAN	psvid_24138_sp|Q13825|AUHM_HUMAN	-0.1687341667412512	-1.210784157321528	0.8733158238390257	0.4671238086480261	-0.36121936757967943	0.7255147766896117	1.0	0.5901091760820908	-14.62326109313878	0.5716059079595357	0.7560462340092275	0.38853951056895	-0.4342780133072406	0.6748101689241858	1.0	False	False	False	False
sp|P45954|ACDSB_HUMAN	psvid_80441_sp|P45954|ACDSB_HUMAN	-0.12955475753443269	-0.9317255976700816	0.6726160826012162	0.3595922474140498	-0.36028239892852254	0.7261937039779202	1.0	0.5284082750908256	-12.586897294442396	0.22702636743623525	0.476472840187387	0.3561091734080235	-0.3638062909039166	0.7248119162960536	1.0	False	False	False	False
sp|O43826|G6PT1_HUMAN	psvid_28411_sp|O43826|G6PT1_HUMAN	0.11939730838896079	-0.6199070870599419	0.8587017038378635	0.3314108613541734	0.3602697506686808	0.7262028706095192	1.0	0.495052841589907	-12.247116385549422	0.18070666217505418	0.4250960622906947	0.3389220887004259	0.3522854141693207	0.7331282745250226	1.0	False	False	False	False
sp|P0DTE5|UD2A2_HUMAN	psvid_84750_sp|P0DTE5|UD2A2_HUMAN	-0.11616282740009787	-0.8359290744383041	0.6036034196381084	0.32265241945403716	-0.3600246593428865	0.7263805057344557	1.0	0.4297604767874587	-12.694599707519407	0.24426206924249932	0.4942287620550825	0.3061680632729915	-0.3794087017381774	0.7136104485321558	1.0	False	False	False	False
sp|P53992|SC24C_HUMAN	psvid_61435_sp|P53992|SC24C_HUMAN	-0.18751816952803635	-1.349937038382397	0.9749006993263243	0.5210820346164079	-0.3598630485621654	0.726497645887293	1.0	0.8682803163191055	-12.539118952306186	0.2197699295856641	0.46879625594245533	0.5412200133614963	-0.3464730883903726	0.737338103555778	1.0	False	False	False	False
sp|P04040|CATA_HUMAN	psvid_30671_sp|P04040|CATA_HUMAN	0.0658717381216869	-0.34287064738481154	0.47461412362818534	0.1832285414324048	0.3595058805070921	0.7267565578472556	1.0	0.23329827698350344	-10.29541401380332	0.08664333433398899	0.29435239821341525	0.21944526897227218	0.30017388130618605	0.7711949438058697	1.0	False	False	False	False
sp|P16615|AT2A2_HUMAN	psvid_52318_sp|P16615|AT2A2_HUMAN	-0.07938581733048267	-0.5722817272604348	0.4135100925994694	0.2209523696509993	-0.3592892778469626	0.7269135912244733	1.0	0.3200597709026489	-10.607859670648391	0.09028314917025013	0.30047154469308757	0.2548645511584268	-0.31148238140476237	0.7628744142321379	1.0	False	False	False	False
sp|Q9NRP0|OSTC_HUMAN	psvid_92941_sp|Q9NRP0|OSTC_HUMAN	-0.21032609408041747	-1.5167176606751873	1.0960654725143524	0.5856212366871074	-0.3591503874931929	0.7270142914426339	1.0	0.9366532205860464	-13.459404099867017	0.39243097177416814	0.6264431113630097	0.5797432254490552	-0.3627918099732928	0.7255426996178169	1.0	False	False	False	False
sp|P27105|STOM_HUMAN	psvid_24065_sp|P27105|STOM_HUMAN	0.07746676137175745	-0.40406978387848974	0.5590033066220046	0.21586026299491576	0.35887458069844963	0.7272142769071089	1.0	0.3100194384498698	-10.497605070287207	0.08871327448771237	0.29784773708677453	0.2504840805722523	0.3092682025731057	0.7645010444616993	1.0	False	False	False	False
sp|P84243|H33_HUMAN	psvid_20396_sp|P84243|H33_HUMAN	0.14898100529056846	-0.7771394257552059	1.0751014363363427	0.41515561338467893	0.35885581330806715	0.7272278857847906	1.0	0.7051415725654908	-11.338264064928216	0.11087333818477488	0.332976482930514	0.4506656668593964	0.33057988714513986	0.7488967714587785	1.0	False	False	False	False
sp|Q4KWH8|PLCH1_HUMAN	psvid_31493_sp|Q4KWH8|PLCH1_HUMAN	-0.17064866308858306	-1.2356748636062558	0.8943775374290897	0.47742344378191864	-0.3574367059497257	0.7282572173530559	1.0	0.7250802633828366	-17.23660095286811	0.34873512433547915	0.5905379956746891	0.46160385769701007	-0.3696863885409604	0.7205820383550573	1.0	False	False	False	False
sp|Q96HD1|CREL1_HUMAN	psvid_53277_sp|Q96HD1|CREL1_HUMAN	0.08548036657775393	-0.4482944766202457	0.6192552097757535	0.23927732831349618	0.35724390263067185	0.7283971086417127	1.0	0.1885377870224205	-12.641215895463754	0.2355684409034627	0.48535393364375107	0.20383616632485055	0.4193581939797925	0.6852659063223585	1.0	False	False	False	False
sp|Q12931|TRAP1_HUMAN	psvid_35824_sp|Q12931|TRAP1_HUMAN	-0.16792365977088908	-1.2178395503935473	0.8819922308517691	0.4706498863021277	-0.3567910343934358	0.7287257350449554	1.0	0.589338259627684	-15.219480325017125	0.589752711244877	0.7679535866475766	0.38812985548405166	-0.43264813927149465	0.675948822492017	1.0	False	False	False	False
sp|Q5JTJ3|COA6_HUMAN	psvid_42157_sp|Q5JTJ3|COA6_HUMAN	-0.10860507577337764	-0.7876563172032325	0.5704461656564772	0.3044009452821426	-0.3567829780315365	0.7287315817123508	1.0	0.4712004041756977	-11.676551501527182	0.12903687806101086	0.35921703475894745	0.32680790296710166	-0.3323208367586828	0.747627304199104	1.0	False	False	False	False
sp|P08263|GSTA1_HUMAN	psvid_88046_sp|P08263|GSTA1_HUMAN	-0.048161217960830616	-0.3494519691968591	0.2531295332751979	0.13506077875345113	-0.3565892215736982	0.7288722002571804	1.0	0.06811024762061461	-9.989863450948182	0.08530516673011439	0.29207048246975315	0.17531125741429512	-0.2747183419431882	0.7900373521249691	1.0	False	False	False	False
sp|Q5T8D3|ACBD5_HUMAN	psvid_28355_sp|Q5T8D3|ACBD5_HUMAN	0.16686642925143902	-0.877695133654371	1.211427992157249	0.4682496809583792	0.3563620778340073	0.7290370630331608	1.0	0.6164811376696699	-14.225000483286298	0.528155299351061	0.7267429389757158	0.4026132829582673	0.41445833089599154	0.688715470061337	1.0	False	False	False	False
sp|Q07817|B2CL1_HUMAN	psvid_94069_sp|Q07817|B2CL1_HUMAN	-0.16937785663820515	-1.2296726973444383	0.890916984068028	0.47530249868793795	-0.3563580185371821	0.7290400094358098	1.0	0.6013477635736124	-15.021347830767542	0.5901267339212748	0.768197067113169	0.3945231058467967	-0.42932303362728486	0.6782745087046578	1.0	False	False	False	False
sp|O95563|MPC2_HUMAN	psvid_88302_sp|O95563|MPC2_HUMAN	-0.08071554166863848	-0.5860024198047369	0.4245713364674599	0.22650691723855645	-0.3563491245771938	0.7290464650497097	1.0	0.33461597943255106	-10.461129525439471	0.08826466098318857	0.2970936905812518	0.26132457750710025	-0.308870839622597	0.7647930946937244	1.0	False	False	False	False
sp|P25786|PSA1_HUMAN	psvid_52479_sp|P25786|PSA1_HUMAN	-0.2266558505466869	-1.645775661094993	1.1924639600016191	0.6361543657440507	-0.3562906469746358	0.7290889111310747	1.0	1.1011001838419896	-12.334571195157878	0.191456349711507	0.4375572530669638	0.6733210123123254	-0.33662375954717827	0.744493175176197	1.0	False	False	False	False
sp|P51649|SSDH_HUMAN	psvid_75558_sp|P51649|SSDH_HUMAN	-0.1924360269597818	-1.3978712301094256	1.012999176189862	0.5403651343637624	-0.35612221204160427	0.7292111753257288	1.0	0.7996969403185732	-14.029616591959746	0.4988571887690639	0.7062982293401732	0.5028815357230909	-0.3826667182820283	0.7112804949532882	1.0	False	False	False	False
sp|P63267|ACTH_HUMAN	psvid_9912_sp|P63267|ACTH_HUMAN	0.059325989149003444	-0.3124904677666234	0.4311424460646303	0.16667561157572136	0.35593683195847414	0.7293457489459823	1.0	0.18979240285947227	-10.090181852374627	0.08552042941442702	0.29243876181933715	0.2042431769736035	0.2904674223544357	0.7783617059275695	1.0	False	False	False	False
sp|Q86TM6|SYVN1_HUMAN	psvid_81971_sp|Q86TM6|SYVN1_HUMAN	-0.13583498247647974	-0.9875312543711264	0.715861289418167	0.38179320563805813	-0.35578156046404863	0.7294584731601215	1.0	0.45431811053921567	-13.6065921371975	0.4220474340950557	0.649651779105588	0.31833308169524005	-0.42670708854106143	0.6801067389300209	1.0	False	False	False	False
sp|Q8IVH4|MMAA_HUMAN	psvid_95165_sp|Q8IVH4|MMAA_HUMAN	-0.2669215033590393	-1.941442357788214	1.4075993510701355	0.7506439866151927	-0.3555900108687248	0.7295975439260518	1.0	1.216079284080831	-15.314610382028281	0.5873818555655573	0.766408413031562	0.7393168223103647	-0.3610380493235765	0.7268067219392083	1.0	False	False	False	False
sp|P01024|CO3_HUMAN	psvid_39326_sp|P01024|CO3_HUMAN	-0.05465262881977839	-0.39769072988025206	0.2883854722406953	0.15377502588865516	-0.35540640298347964	0.7297308584373108	1.0	0.149846925381931	-10.035545280302276	0.08537683477826709	0.2921931463574515	0.19227036433325628	-0.2842488441174984	0.7829649945119869	1.0	False	False	False	False
sp|Q06520|ST2A1_HUMAN	psvid_86138_sp|Q06520|ST2A1_HUMAN	0.05720993637250693	-0.30200265650376773	0.4164225292487816	0.161025628343664	0.3552846646895759	0.7298192557219615	1.0	0.14286070480776059	-11.042740682567274	0.10007600938274758	0.3163479245747435	0.19040045906148517	0.3004716304493383	0.7709754616075474	1.0	False	False	False	False
sp|P49458|SRP09_HUMAN	psvid_28702_sp|P49458|SRP09_HUMAN	0.12406366596132878	-0.6560320411414022	0.9041593730640598	0.34969654153432883	0.35477521572557436	0.7301892247022631	1.0	0.5199350138871779	-12.4370657593633	0.205085085630536	0.4528632085194557	0.35171784825116287	0.3527363384548359	0.7328020675295184	1.0	False	False	False	False
sp|P05387|RLA2_HUMAN	psvid_48097_sp|P05387|RLA2_HUMAN	0.08048200568815633	-0.4262769329790336	0.5872409443553462	0.2271668035473323	0.35428594509138817	0.730544608333111	1.0	0.3043716077721865	-8.13306161067144	0.11941130650717068	0.3455594109660026	0.2480485049669094	0.32446075697530585	0.7533650939654405	1.0	False	False	False	False
sp|P42677|RS27_HUMAN	psvid_100492_sp|P42677|RS27_HUMAN	0.10112759283366657	-0.5363179742391933	0.7385731599065264	0.28575020756063807	0.3539020800613299	0.7308234770830943	1.0	0.4610180837226258	-10.422441174465185	0.08782585763553984	0.2963542772351022	0.3216860493511941	0.3143673561151625	0.7607568476121566	1.0	False	False	False	False
sp|P22492|H1T_HUMAN	psvid_46313_sp|P22492|H1T_HUMAN	0.22886098622398654	-1.217523855749298	1.675245828197271	0.6483765675935529	0.35297541222595874	0.7314968487289005	1.0	1.0707633023360692	-13.360125178005758	0.3720147517409175	0.6099301203752094	0.6559769939092928	0.34888569012167675	0.7355895299936372	1.0	False	False	False	False
sp|P00846|ATP6_HUMAN	psvid_68413_sp|P00846|ATP6_HUMAN	0.16284509407471193	-0.8682719440441484	1.1939621321935723	0.46222285145815	0.3523086181502994	0.7319815289372816	1.0	0.6142427038337113	-14.061600740075086	0.5039679101126114	0.7099069728581425	0.4014143289274615	0.4056783286979754	0.6949158566238137	1.0	False	False	False	False
sp|O75954|TSN9_HUMAN	psvid_81393_sp|O75954|TSN9_HUMAN	-0.14587225609852794	-1.070665920750602	0.7789214085535461	0.41456085864487385	-0.351871753101242	0.7322991451579154	1.0	0.5800747810133581	-13.276792904476993	0.3548134525385797	0.5956621966673559	0.38321555445311606	-0.38065327569153895	0.7127200231503175	1.0	False	False	False	False
sp|Q9UBL6|CPNE7_HUMAN	psvid_42742_sp|Q9UBL6|CPNE7_HUMAN	0.18598083957872102	-0.9939447058944697	1.3659063850519118	0.5289298207426794	0.35161723216433927	0.7324842152897587	1.0	0.7538388359107777	-15.889861941151132	0.5461343070228968	0.7390090033435971	0.4774523794876784	0.3895275163950055	0.7063844791067618	1.0	False	False	False	False
sp|Q9HCH3|CPNE5_HUMAN	psvid_71155_sp|Q9HCH3|CPNE5_HUMAN	0.1860081367812798	-0.9963578929934329	1.3683741665559925	0.5300238261475811	0.35094297200421937	0.7329745779566498	1.0	0.7522785606729021	-15.7967282640288	0.5556066023865546	0.7453902349686066	0.47659047175057356	0.39028924791141917	0.7058417712857521	1.0	False	False	False	False
sp|Q6NT55|CP4FN_HUMAN	psvid_87073_sp|Q6NT55|CP4FN_HUMAN	-0.1835371223036355	-1.350216630992061	0.9831423863847899	0.5229919682324118	-0.35093678957240443	0.7329790747781856	1.0	0.8090035315069294	-13.410046511428106	0.38230778759022166	0.6183104297925288	0.5080636482403488	-0.3612482863895232	0.7266551471283372	1.0	False	False	False	False
sp|Q86YQ8|CPNE8_HUMAN	psvid_37053_sp|Q86YQ8|CPNE8_HUMAN	0.18642658928332967	-0.9999732489714364	1.3728264275380957	0.5318320771888867	0.3505365646027364	0.7332702029018517	1.0	0.7535709340877698	-15.723709798563604	0.5623507801812275	0.7499005135224456	0.47730437227625416	0.39058219474140854	0.7056331037309385	1.0	False	False	False	False
sp|P14649|MYL6B_HUMAN	psvid_65574_sp|P14649|MYL6B_HUMAN	-0.130264203395134	-0.9596034856249097	0.6990750788346417	0.37177115078794143	-0.35038814367131144	0.733378177241223	1.0	0.4194791778375702	-13.649428793606376	0.43045828108321244	0.6560931954251716	0.3011372313877523	-0.4325742213768392	0.6760004834277559	1.0	False	False	False	False
sp|Q9UNL2|SSRG_HUMAN	psvid_104033_sp|Q9UNL2|SSRG_HUMAN	-0.14605779261165575	-1.0762999631679322	0.7841843779446206	0.41700328161154454	-0.3502557391088219	0.7334745050293588	1.0	0.6033336936606148	-13.120171385502328	0.32290290397836785	0.5682454610275104	0.3955826512573216	-0.36922193667347397	0.7209157787064305	1.0	False	False	False	False
sp|P51857|AK1D1_HUMAN	psvid_90373_sp|P51857|AK1D1_HUMAN	-0.14394688894882046	-1.0628047341305464	0.7749109562329054	0.4118999857275466	-0.34947048782865187	0.734045895695339	1.0	0.6371016593179409	-12.651691082854018	0.23725117752208352	0.48708436386532006	0.413693993835938	-0.3479549886960811	0.7362638800750775	1.0	False	False	False	False
sp|Q02539|H11_HUMAN	psvid_41620_sp|Q02539|H11_HUMAN	0.22627348015478743	-1.2233383922661505	1.6758853525757254	0.6498231611034205	0.3482077797451353	0.7349650668441271	1.0	1.070256809239101	-13.414343745144787	0.38319181301512406	0.6190248888494905	0.6556876994813848	0.3450933734669082	0.7383387994663719	1.0	False	False	False	False
sp|Q8N5G0|SIM20_HUMAN	psvid_104736_sp|Q8N5G0|SIM20_HUMAN	0.12339871452565943	-0.6676457714305791	0.914443200481898	0.3546045932826402	0.34798961114218724	0.7351239242868423	1.0	0.5181063862522718	-12.577033558471019	0.2255084838298629	0.47487733556136674	0.35077233348723663	0.35179146912437287	0.7334856689997288	1.0	False	False	False	False
sp|Q58FF7|H90B3_HUMAN	psvid_47967_sp|Q58FF7|H90B3_HUMAN	0.1267275740266327	-0.6863070616737995	0.9397622097270649	0.36446220337246715	0.3477111559277979	0.73532669792038	1.0	0.5346173871592471	-12.636228424720805	0.23477125615725597	0.4845319970417392	0.35933740479970616	0.35267014325232954	0.7328499507926945	1.0	False	False	False	False
sp|O14579|COPE_HUMAN	psvid_68139_sp|O14579|COPE_HUMAN	-0.20925816514860118	-1.5520539581586394	1.133537627861437	0.6019403010772099	-0.3476394000769189	0.7353789546481726	1.0	1.0341147432757851	-12.370696381230413	0.19613226746037674	0.44286822809993576	0.6350690791419901	-0.3295045720558768	0.7496812735168815	1.0	False	False	False	False
sp|O60256|KPRB_HUMAN	psvid_72529_sp|O60256|KPRB_HUMAN	0.16818821197417133	-0.9140652546574255	1.2504416786057682	0.48514597747269494	0.3466754745660801	0.7360810778603232	1.0	0.7751536718126993	-12.850201504770409	0.27122044921547717	0.520788295966295	0.4892491616451472	0.3437680126188103	0.7393005671091974	1.0	False	False	False	False
sp|Q96FN4|CPNE2_HUMAN	psvid_84443_sp|Q96FN4|CPNE2_HUMAN	0.18428084926758448	-1.0034408131992698	1.3720025117344388	0.532424616477688	0.3461163206290388	0.7364884825279614	1.0	0.7534147517727895	-15.682144759290974	0.5659065547064323	0.7522676084389333	0.4772180896312216	0.3861564623629223	0.7087883582767721	1.0	False	False	False	False
sp|Q9NRW1|RAB6B_HUMAN	psvid_86759_sp|Q9NRW1|RAB6B_HUMAN	0.12135423820430624	-0.6611568126515447	0.9038652890601572	0.3507792770876618	0.3459561215013825	0.7366052208884949	1.0	0.5336852148264558	-12.296804423030686	0.1867156244427905	0.4321060337958618	0.35885220568856063	0.3381733100161762	0.743365747240134	1.0	False	False	False	False
sp|Q8IYJ1|CPNE9_HUMAN	psvid_62010_sp|Q8IYJ1|CPNE9_HUMAN	0.18352887795948014	-1.0042805731754705	1.3713383290944308	0.5324639698459218	0.3446784916030799	0.7375364914654129	1.0	0.7539791883969023	-15.695176722504645	0.564814396743859	0.751541347328182	0.4775299224409064	0.3843295871834954	0.7100925299545435	1.0	False	False	False	False
sp|Q5JWF2|GNAS1_HUMAN	psvid_26879_sp|Q5JWF2|GNAS1_HUMAN	-0.13977218610230802	-1.050029587532772	0.7704852153281561	0.40804463130360447	-0.3425414167459317	0.7390952123629801	1.0	0.5361480153535375	-13.510547582796946	0.40283132489429574	0.634689943905129	0.3601345158134974	-0.3881110528564047	0.7073941308632399	1.0	False	False	False	False
sp|O95741|CPNE6_HUMAN	psvid_46956_sp|O95741|CPNE6_HUMAN	0.18234875168005305	-1.0053075714359152	1.3700050747960213	0.5323953265523328	0.34250629670418176	0.7391208383012665	1.0	0.7542243700042872	-15.706167480516896	0.5638771233502441	0.7509175210036346	0.47766538656335455	0.3817499798174458	0.7119357744273623	1.0	False	False	False	False
sp|Q96A23|CPNE4_HUMAN	psvid_35777_sp|Q96A23|CPNE4_HUMAN	0.18234875168005305	-1.0053075714359152	1.3700050747960213	0.5323953265523328	0.34250629670418176	0.7391208383012665	1.0	0.7542243700042872	-15.706167480516896	0.5638771233502441	0.7509175210036346	0.47766538656335455	0.3817499798174458	0.7119357744273623	1.0	False	False	False	False
sp|Q9Y320|TMX2_HUMAN	psvid_45912_sp|Q9Y320|TMX2_HUMAN	-0.11429773726080183	-0.8595681868273592	0.6309727123057556	0.3340852876746297	-0.34212143269271406	0.7394016828693513	1.0	0.5057842528744309	-12.182331994145622	0.17325690888005352	0.41624140697443057	0.3444219211765019	-0.3318538404012589	0.7479677497465632	1.0	False	False	False	False
sp|P36551|HEM6_HUMAN	psvid_64219_sp|P36551|HEM6_HUMAN	0.25197125881763727	-1.4009326350773446	1.904875152712619	0.7409536675063146	0.34006344778027553	0.7409041260773971	1.0	1.1954476604136968	-15.047063605930706	0.5904338190713218	0.7683969150584363	0.7274472827362817	0.3463773455443414	0.7374075280716162	1.0	False	False	False	False
sp|P60953|CDC42_HUMAN	psvid_47223_sp|P60953|CDC42_HUMAN	0.07758510010945363	-0.4317070050913643	0.5868772053102715	0.22830235597746965	0.3398348640655738	0.7410710756124066	1.0	0.3257460947992811	-11.084917095064094	0.10138211633717482	0.3184055846513607	0.2573731467911361	0.30144986404667784	0.7702545213225237	1.0	False	False	False	False
sp|Q8TCT9|SPP_HUMAN	psvid_34340_sp|Q8TCT9|SPP_HUMAN	0.0825176831697152	-0.4594857955242523	0.6245211618636827	0.24296601080243552	0.3396264477372241	0.7412233078956791	1.0	0.31402097539131696	-11.926045478482528	0.14789421262753702	0.384570166065358	0.2522222568018175	0.3271625756427717	0.7513909497076786	1.0	False	False	False	False
sp|P35609|ACTN2_HUMAN	psvid_73356_sp|P35609|ACTN2_HUMAN	-0.13935731628589432	-1.0554888917660077	0.776774259194219	0.41067787018805146	-0.3393348568358015	0.7414363125600502	1.0	0.537246536063851	-13.55582122177428	0.41194600895060546	0.6418302025852363	0.36070691171748337	-0.386345012415629	0.7086538133566893	1.0	False	False	False	False
sp|P07108|ACBP_HUMAN	psvid_99088_sp|P07108|ACBP_HUMAN	0.10635257397034703	-0.5945458282193997	0.8072509761600938	0.3141944571429541	0.33849283955368475	0.7420515276862899	1.0	0.5163942349783974	-10.6690418889217	0.09129927381573115	0.3021576969327956	0.34988775957605084	0.3039619736889666	0.7684042200236312	1.0	False	False	False	False
sp|Q99747|SNAG_HUMAN	psvid_66298_sp|Q99747|SNAG_HUMAN	-0.07811112087976779	-0.5930127276819117	0.4367904859223761	0.2308169491124587	-0.338411547246084	0.7421109335564562	1.0	0.29051631149749607	-11.836729455040038	0.14051779157077382	0.3748570281731074	0.2421650248126289	-0.3225532710192356	0.7547599922649261	1.0	False	False	False	False
sp|Q9UHG3|PCYOX_HUMAN	psvid_79974_sp|Q9UHG3|PCYOX_HUMAN	0.05679855466002026	-0.3179509077430956	0.4315480170631361	0.1679904013713035	0.3381059524614168	0.7423342685531578	1.0	0.19057890737622227	-10.37005917684594	0.08729103475514251	0.295450562286049	0.20449928773900622	0.2777445109369273	0.7877894501023459	1.0	False	False	False	False
sp|Q9Y2S2|CRYL1_HUMAN	psvid_49001_sp|Q9Y2S2|CRYL1_HUMAN	-0.16025186299083582	-1.219299562321301	0.8987958363396293	0.4747434377651056	-0.3375546668854126	0.7427372229750013	1.0	0.6681047258668721	-13.79167636022727	0.45750672538847553	0.67639243445538	0.4304676163156887	-0.37227391078197425	0.7187238816731816	1.0	False	False	False	False
sp|O75915|PRAF3_HUMAN	psvid_86741_sp|O75915|PRAF3_HUMAN	0.07254577028171649	-0.40703623984292414	0.5521277804063571	0.21498409592014683	0.3374471491540598	0.7428158210603756	1.0	0.2816988917152986	-11.374618326292335	0.11249348313555375	0.33540048171634124	0.23849191159003205	0.3041854534942165	0.768239690760535	1.0	False	False	False	False
sp|P16435|NCPR_HUMAN	psvid_60158_sp|P16435|NCPR_HUMAN	0.11518157657603223	-0.6475773543301769	0.8779405074822414	0.3419249173322231	0.33686219031565584	0.7432434946021853	1.0	0.5119724451153725	-6.992748769553035	0.1904508657048113	0.4364067663371081	0.34760650330020026	0.33135621883506305	0.7483305854303025	1.0	False	False	False	False
sp|O96000|NDUBA_HUMAN	psvid_70176_sp|O96000|NDUBA_HUMAN	0.12464240613478994	-0.7033372827639234	0.9526220950335033	0.37116168058904564	0.33581701089664856	0.7440078716793672	1.0	0.5948561013517076	-12.009201580407158	0.15542517668550615	0.3942399988401813	0.39106422769618815	0.31872617669244535	0.7575615053775431	1.0	False	False	False	False
sp|P54136|SYRC_HUMAN	psvid_72059_sp|P54136|SYRC_HUMAN	-0.22101557361188462	-1.6938211760699025	1.2517900288461332	0.6602203048197615	-0.3347603398417462	0.7447809499173882	1.0	1.04874461004861	-14.181809122661694	0.5220883582521858	0.7225568200855804	0.6434092617779366	-0.3435069818565418	0.739490044885379	1.0	False	False	False	False
sp|Q9HC07|TM165_HUMAN	psvid_78328_sp|Q9HC07|TM165_HUMAN	0.18362389073710794	-1.04031954362414	1.4075673250983558	0.548661891268955	0.3346758607790662	0.7448427690783321	1.0	0.7818292065896979	-14.922998398658304	0.5879588222651149	0.7667847300677778	0.4929520282208197	0.3724984992958644	0.718562692276492	1.0	False	False	False	False
sp|Q00688|FKBP3_HUMAN	psvid_68385_sp|Q00688|FKBP3_HUMAN	-0.07946007575534075	-0.6091150215147721	0.45019487000409064	0.23743048583939227	-0.33466669401961635	0.7448494771433519	1.0	0.35428388142177575	-10.767560148868892	0.09316683555655135	0.3052324287433289	0.2702437316764726	-0.29403115203599944	0.7757277919862673	1.0	False	False	False	False
sp|Q15043|S39AE_HUMAN	psvid_53000_sp|Q15043|S39AE_HUMAN	-0.07768084807506703	-0.5959540398149131	0.44059234366477906	0.2323283426267015	-0.3343580348260926	0.7450753613054619	1.0	0.21495038715823808	-12.419176865745914	0.202625684259074	0.45013962751470127	0.212787074343319	-0.36506375358934495	0.7239065122428516	1.0	False	False	False	False
sp|Q9H082|RB33B_HUMAN	psvid_74342_sp|Q9H082|RB33B_HUMAN	0.14095261587978403	-0.8033178360903573	1.0852230678499253	0.4232917939689813	0.3329916097785562	0.746075648342723	1.0	0.6879231467763703	-12.259752170944655	0.18221030080205916	0.42686098533604494	0.44125529061220325	0.31943552605165265	0.7570419607328104	1.0	False	False	False	False
sp|Q7Z4H8|PLGT3_HUMAN	psvid_49382_sp|Q7Z4H8|PLGT3_HUMAN	-0.1946009854770332	-1.502324681636707	1.1131227106826407	0.5862183955965605	-0.3319598752594569	0.7468312547546312	1.0	0.881929627015645	-14.386202933085254	0.548557505145528	0.7406466803716385	0.5488883262365327	-0.35453657178559433	0.7315003150033575	1.0	False	False	False	False
sp|P19404|NDUV2_HUMAN	psvid_91777_sp|P19404|NDUV2_HUMAN	0.12740197257101293	-0.7293403499929888	0.9841442951350147	0.3840552184288144	0.33172826837822855	0.7470009143232573	1.0	0.6380425816799191	-11.58056495772641	0.12312492429160048	0.3508916133104359	0.41420110878160116	0.30758481778519114	0.7657385545648228	1.0	False	False	False	False
sp|P13797|PLST_HUMAN	psvid_31240_sp|P13797|PLST_HUMAN	0.10338646535931018	-0.5924309831919536	0.799203913910574	0.31191679826226015	0.33145526606868625	0.7472009156127545	1.0	0.2524554106923018	-13.472980609867157	0.3952015750400103	0.6286505985362698	0.22674315303802284	0.4559628988751567	0.659745515835481	1.0	False	False	False	False
sp|P20042|IF2B_HUMAN	psvid_45493_sp|P20042|IF2B_HUMAN	-0.06635035784284948	-0.5138463022416808	0.3811455865559819	0.20060075024397195	-0.3307582736463036	0.7477116210898312	1.0	0.2138832563176163	-11.745802738809012	0.1337367805910403	0.36570039730774195	0.21241047080788528	-0.3123685832929587	0.7622237190560531	1.0	False	False	False	False
sp|P62736|ACTA_HUMAN	psvid_9913_sp|P62736|ACTA_HUMAN	0.05379044104498831	-0.3090309032476037	0.4166117853375803	0.16264333739917236	0.3307263728422609	0.7477349987546632	1.0	0.17790484013393568	-10.081829347983971	0.08549435634480368	0.2923941797382494	0.20046387984303812	0.2683298412018458	0.7947896359456155	1.0	False	False	False	False
sp|Q14165|MLEC_HUMAN	psvid_84511_sp|Q14165|MLEC_HUMAN	-0.053414972718611065	-0.4143391329999487	0.30750918756272655	0.16179287933184894	-0.33014415059054036	0.7481617121691263	1.0	0.1713711589733221	-10.400657908908594	0.08759525655564915	0.2959649583238684	0.19846216175674924	-0.26914436608868864	0.7941832201321394	1.0	False	False	False	False
sp|Q99518|FMO2_HUMAN	psvid_659551_sp|Q99518|FMO2_HUMAN	-0.16776298339530982	-1.3021439912620285	0.9666180244714089	0.5085133934482448	-0.329908681967458	0.7483343136006387	1.0	0.698243733014192	-15.720920507830044	0.5625959544788762	0.7500639669247392	0.44689171453052645	-0.3753996280095504	0.716481858045421	1.0	False	False	False	False
sp|Q92504|S39A7_HUMAN	psvid_83497_sp|Q92504|S39A7_HUMAN	-0.12043210730735066	-0.9362595767270685	0.6953953621123672	0.3657141578234689	-0.3293066585775537	0.7487756706044069	1.0	0.4254341826692926	-13.497131277281131	0.4001129872964709	0.6325448500276252	0.3040464456627349	-0.3960977312030169	0.7017092647400035	1.0	False	False	False	False
sp|Q9BXS5|AP1M1_HUMAN	psvid_57934_sp|Q9BXS5|AP1M1_HUMAN	-0.2241143569210542	-1.747841111486906	1.2996123976447975	0.683046928041658	-0.32810975018013083	0.7496534342174792	1.0	1.1680885238425682	-12.853449399958492	0.27180760559437633	0.5213517100714031	0.7117248215870711	-0.31488905560621433	0.7603741468057723	1.0	False	False	False	False
sp|P21108|PRPS3_HUMAN	psvid_77988_sp|P21108|PRPS3_HUMAN	0.12880639894034962	-0.7482433845448363	1.0058561824255356	0.39315852304493176	0.32761950050776106	0.7500130717189211	1.0	0.6079534206517867	-12.51671585105018	0.2164509595952497	0.4652429038634009	0.3980498978453087	0.32359359878646854	0.7539991080268722	1.0	False	False	False	False
sp|Q8NFQ8|TOIP2_HUMAN	psvid_26469_sp|Q8NFQ8|TOIP2_HUMAN	-0.050527965371589545	-0.3967440953072533	0.2956881645640742	0.15519965327274593	-0.3255675145278342	0.7515190500453706	1.0	0.1418430917825842	-10.662548431346664	0.09118633729009525	0.3019707556868632	0.19013404908175366	-0.2657491681033079	0.7967119208450564	1.0	False	False	False	False
sp|P34931|HS71L_HUMAN	psvid_24797_sp|P34931|HS71L_HUMAN	-0.06756461855807272	-0.5308260425209517	0.3956968054048062	0.20766800318355458	-0.3253491993099841	0.7516793389556516	1.0	0.26927299688774936	-11.252543330066931	0.10732411704877311	0.32760359742953543	0.23341535691660464	-0.2894608968775453	0.7791061657173712	1.0	False	False	False	False
sp|Q10567|AP1B1_HUMAN	psvid_880481_sp|Q10567|AP1B1_HUMAN	0.09376791033240073	-0.550182327458459	0.7377181481232604	0.2886660816427456	0.32483175646679646	0.752059299458713	1.0	0.4286832946844594	-11.835466632526671	0.1404186534294949	0.3747247702374302	0.305639185903133	0.3067928284631632	0.7663210163697671	1.0	False	False	False	False
sp|P01871|IGHM_HUMAN	psvid_165137_sp|P01871|IGHM_HUMAN	0.21768887267131998	-1.2792631872175806	1.7146409325602205	0.6710445313563312	0.3244030202158447	0.7523741750385196	1.0	1.0933170030366555	-13.744554643981044	0.4487109642757581	0.6698589137092662	0.6688682329031151	0.3254585312363788	0.7526358247232068	1.0	False	False	False	False
sp|P48047|ATPO_HUMAN	psvid_57016_sp|P48047|ATPO_HUMAN	-0.0702428077901156	-0.55393468767819	0.4134490720979588	0.2168264432492548	-0.3239586774449247	0.7527005628163228	1.0	0.31414236703917237	-10.325188803815447	0.08688583536195128	0.29476403335880597	0.2522751464989785	-0.27843728867044787	0.7872751334732323	1.0	False	False	False	False
sp|Q13501|SQSTM_HUMAN	psvid_88748_sp|Q13501|SQSTM_HUMAN	0.28064424075018746	-1.662956896193883	2.224245377694258	0.8712656530771357	0.32211098849014447	0.7540583135057798	1.0	1.4656679177749163	-14.419797052197001	0.5523424130920309	0.7431974253803837	0.8836302990664939	0.31760368679828255	0.7583839089474557	1.0	False	False	False	False
sp|Q9UI14|PRAF1_HUMAN	psvid_106828_sp|Q9UI14|PRAF1_HUMAN	0.11764836502564924	-0.6977416059576468	0.9330383360089453	0.3655180386950717	0.3218674663654445	0.7542373284151185	1.0	0.468006908336898	-13.209847941925378	0.34107001872957426	0.5840120022136311	0.3251982035882573	0.36177433862644326	0.7262759342524278	1.0	False	False	False	False
sp|P35232|PHB1_HUMAN	psvid_51167_sp|P35232|PHB1_HUMAN	-0.04733832007798755	-0.37548125481369976	0.28080461465772466	0.14709791165520672	-0.32181503833274816	0.7542758706488027	1.0	0.12529040241857656	-10.10131432696117	0.08555750955519896	0.29250215307788585	0.1860206673197521	-0.2544788208754107	0.8051238958718776	1.0	False	False	False	False
sp|P10809|CH60_HUMAN	psvid_23050_sp|P10809|CH60_HUMAN	0.0798133684738227	-0.4735644891591896	0.633191226106835	0.24806484795904232	0.32174396787972387	0.7543281189055405	1.0	0.37661029020060827	-10.820983043900846	0.09430530618475107	0.3070916901916284	0.280609607553252	0.28442849540950343	0.7828318808148751	1.0	False	False	False	False
sp|Q9BT22|ALG1_HUMAN	psvid_67144_sp|Q9BT22|ALG1_HUMAN	-0.20894207180165525	-1.6611208869335699	1.2432367433302594	0.6509738545121552	-0.32096845419120257	0.7548983312104655	1.0	1.0154413800207205	-14.557274164603076	0.5660614164913668	0.7523705313815572	0.6244361972585595	-0.3346091605819239	0.7459599338637873	1.0	False	False	False	False
sp|Q13813|SPTN1_HUMAN	psvid_26464_sp|Q13813|SPTN1_HUMAN	0.2842001400879939	-1.6929465204862952	2.2613468006622828	0.8863032356335293	0.32065790652885034	0.755126711118444	1.0	1.5112181114291987	-13.907641363171267	0.4783484093888586	0.6916273631001442	0.9100828802745246	0.31227940470901455	0.7622891895863388	1.0	False	False	False	False
sp|P07602|SAP_HUMAN	psvid_38042_sp|P07602|SAP_HUMAN	-0.06784858223008605	-0.541373497379643	0.4056763329194709	0.21226885835987555	-0.31963512101740893	0.7558790530729876	1.0	0.24290089637055257	-11.801718393086711	0.1378215053552574	0.3712431889681714	0.22306125954823866	-0.3041701744511726	0.7682509390331675	1.0	False	False	False	False
sp|P22392|NDKB_HUMAN	psvid_50116_sp|P22392|NDKB_HUMAN	0.06304626954233417	-0.37785112643432234	0.5039436655189906	0.19764279323770748	0.3189909862612983	0.7563530042034012	1.0	0.23863783235213318	-11.331832375761536	0.11059402834185966	0.3325568046843421	0.2214452513130734	0.2847036419543765	0.7826280239277429	1.0	False	False	False	False
sp|Q86YS6|RAB43_HUMAN	psvid_95123_sp|Q86YS6|RAB43_HUMAN	-0.11595983780659713	-0.9272970480364924	0.6953773724232981	0.36370129184436295	-0.3188326255828074	0.7564695414588632	1.0	0.6100374101728919	-11.02693645648965	0.09960480970704205	0.31560229673917467	0.39916402124804057	-0.29050673816751554	0.7783326315202524	1.0	False	False	False	False
sp|Q9Y6A9|SPCS1_HUMAN	psvid_93540_sp|Q9Y6A9|SPCS1_HUMAN	0.07644431091968329	-0.4590058232680657	0.6118944451074323	0.24002831753167148	0.3184803847554218	0.7567287776542343	1.0	0.26037471099106	-12.306748835863665	0.18794932239214784	0.4335312242412856	0.22985554502676145	0.332575448248521	0.7474417141153162	1.0	False	False	False	False
sp|O95249|GOSR1_HUMAN	psvid_77819_sp|O95249|GOSR1_HUMAN	0.12477180681857236	-0.7511375095536027	1.0006811231907475	0.3926472814094218	0.31777071363056275	0.757251165520559	1.0	0.5377081432504848	-13.193834905324014	0.3378018952019943	0.5812072738722343	0.36094751528133057	0.34567853091140527	0.7379143253726569	1.0	False	False	False	False
sp|LYSC_HUMAN|,sp|P61626|LYSC_HUMAN	psvid_34346_sp|LYSC_HUMAN|	-0.12362913243505602	-0.9922509561114008	0.7449926912412888	0.3893804886697805	-0.31750212461185084	0.7574489070066394	1.0	0.6355477889819472	-11.937162821164124	0.14886346571626274	0.38582828527242885	0.4128568065223231	-0.29944796956707415	0.7717301317222578	1.0	False	False	False	False
sp|Q9NZ08|ERAP1_HUMAN	psvid_56529_sp|Q9NZ08|ERAP1_HUMAN	-0.1522674334767813	-1.2225708354580378	0.9180359685044752	0.4797890754396661	-0.3173632774719754	0.7575511367089357	1.0	0.814646478822228	-11.936100125050762	0.14877031959934928	0.3857075570939067	0.5112090537406985	-0.29785746626079157	0.7729032001707411	1.0	False	False	False	False
sp|P02794|FRIH_HUMAN	psvid_71907_sp|P02794|FRIH_HUMAN	0.12337865124331149	-0.7506822330670526	0.9974395355536756	0.3918186775683916	0.3148871105609197	0.7593750996503404	1.0	0.6720515158203576	-9.863863365099288	0.08533125211366882	0.29211513503012615	0.4326120724698037	0.2851946561244504	0.7822642739779121	1.0	False	False	False	False
sp|P50395|GDIB_HUMAN	psvid_85725_sp|P50395|GDIB_HUMAN	0.08075832922025983	-0.49397021273408126	0.6554868711746009	0.25763580239268424	0.3134592648624562	0.7604275670224274	1.0	0.32134555233947215	-12.223709377290584	0.1779650729155755	0.42185906759909225	0.2554300703403212	0.31616610022720426	0.7594376438242065	1.0	False	False	False	False
sp|A0A2R8Y4L2|RA1L3_HUMAN	psvid_1633342_sp|A0A2R8Y4L2|RA1L3_HUMAN	0.15381114229186021	-0.9447665831963628	1.2523888677800832	0.4924637165825213	0.31232989784352233	0.7612603891594999	1.0	0.8328149461511652	-12.108724432666582	0.16531193014533319	0.406585698402358	0.5213525158068486	0.2950233050162251	0.7749950437282507	1.0	False	False	False	False
sp|A6NIZ1|RP1BL_HUMAN	psvid_57820_sp|A6NIZ1|RP1BL_HUMAN	0.051078510791139564	-0.3146979713753515	0.4168549929576306	0.16396804856582864	0.31151502526196717	0.7618614946004237	1.0	0.1669741253041597	-10.7820266746907	0.09346614234438771	0.30572232882860834	0.197146261386911	0.2590894213859578	0.8016793321555353	1.0	False	False	False	False
sp|Q92520|FAM3C_HUMAN	psvid_84954_sp|Q92520|FAM3C_HUMAN	-0.1916073177641482	-1.5679924405889019	1.1847778050606055	0.6169975208025776	-0.3105479540904951	0.7625750879308427	1.0	1.064306021399171	-12.3387189272675	0.19198618324781352	0.43816227958122267	0.6522894765688126	-0.293745836238299	0.7759385539369918	1.0	False	False	False	False
sp|Q9Y5L4|TIM13_HUMAN	psvid_96472_sp|Q9Y5L4|TIM13_HUMAN	0.10433216346116847	-0.646152035236356	0.8548163621586929	0.3364224753080526	0.3101224535181083	0.7628891351375318	1.0	0.5590090833169449	-10.82100421051725	0.09430577547155332	0.30709245427322585	0.372098945072302	0.28038822695639687	0.7858273519402931	1.0	False	False	False	False
sp|Q9UI47|CTNA3_HUMAN	psvid_26958_sp|Q9UI47|CTNA3_HUMAN	0.0815195225490486	-0.5053838972530408	0.668422942351138	0.2630934823134889	0.3098500268125763	0.7630902275649916	1.0	0.1079298468217167	-17.33763767496503	0.33282454415514806	0.5769094765690265	0.18217277915842353	0.4474846512505389	0.6656164992622654	1.0	False	False	False	False
sp|Q16822|PCKGM_HUMAN	psvid_163227_sp|Q16822|PCKGM_HUMAN	-0.1113151595692683	-0.9149061835682781	0.6922758644297415	0.3602288787668933	-0.3090123144771553	0.7637087028378712	1.0	0.6026835994077178	-11.058060165480889	0.10054215985617766	0.3170838372673348	0.3952357373403753	-0.2816424453879892	0.7848970650045864	1.0	False	False	False	False
sp|Q6PKG0|LARP1_HUMAN	psvid_25812_sp|Q6PKG0|LARP1_HUMAN	-0.14755880546428823	-1.212994928494769	0.9178773175661925	0.4776072013436138	-0.30895431444327676	0.7637515301940313	1.0	0.672196903100908	-16.51709738006338	0.4629151330466224	0.6803786688650831	0.4326911050696912	-0.34102574269587016	0.7412920667894985	1.0	False	False	False	False
sp|P61457|PHS_HUMAN	psvid_86236_sp|P61457|PHS_HUMAN	-0.16560401729266427	-1.3613880419158744	1.0301800073305458	0.5360387629689513	-0.3089403765791775	0.7637618220691096	1.0	0.8129528184181063	-13.711754823267533	0.4424885888038937	0.6651981575469776	0.5102647423731619	-0.3245452870650356	0.7533033011501772	1.0	False	False	False	False
sp|Q96K17|BT3L4_HUMAN	psvid_5947_sp|Q96K17|BT3L4_HUMAN	-0.2359379963343442	-1.945267935335714	1.4733919426670257	0.7662479905573264	-0.30791336387418905	0.764520312596119	1.0	1.2907648709246402	-13.597510105347247	0.42025056987558046	0.648267359872129	0.7823702180798547	-0.3015682229231565	0.7701673089077745	1.0	False	False	False	False
sp|Q9Y5U8|MPC1_HUMAN	psvid_41564_sp|Q9Y5U8|MPC1_HUMAN	-0.13796458574478754	-1.1389583110702204	0.8630291395806453	0.4487193566850002	-0.30746296920201355	0.7648530298870522	1.0	0.7750329040949144	-11.011786021310566	0.09916222356276956	0.31490033909599013	0.48918220817631486	-0.2820310784791692	0.7846088792789487	1.0	False	False	False	False
sp|Q07955|SRSF1_HUMAN	psvid_62257_sp|Q07955|SRSF1_HUMAN	0.10798400276516684	-0.6770325276306406	0.8930005331609743	0.35190241816128964	0.3068578025959283	0.765300160000524	1.0	0.5844836982708953	-11.152472801149008	0.10362740767537368	0.32191211172519385	0.3855525962927081	0.28007593206086556	0.7860590456683639	1.0	False	False	False	False
sp|O75822|EIF3J_HUMAN	psvid_47353_sp|O75822|EIF3J_HUMAN	-0.2023544739739247	-1.6758578295337818	1.2711488815859324	0.6605330893208636	-0.30635024534800864	0.7656752408255156	1.0	1.1430334876961474	-12.453207926487424	0.20733371541403897	0.45533912133050786	0.6973449827366319	-0.29017843245937347	0.7785754278920207	1.0	False	False	False	False
sp|P35542|SAA4_HUMAN	psvid_98194_sp|P35542|SAA4_HUMAN	-0.07909290641472344	-0.6563476109820382	0.4981617981525913	0.25876821514802567	-0.30565155140664846	0.766191674196935	1.0	0.3886628840414392	-11.260750063002817	0.10764807383080781	0.32809765898404064	0.2863027195934478	-0.27625621763927366	0.7888947257847151	1.0	False	False	False	False
sp|Q8TC12|RDH11_HUMAN	psvid_54668_sp|Q8TC12|RDH11_HUMAN	0.0698787369396574	-0.44030447048391497	0.5800619443632298	0.22870181384220795	0.3055451802750896	0.7662703080234752	1.0	0.33964210703287995	-10.44967757054015	0.08813083822781936	0.2968683853626374	0.26358372637715055	0.2651102095721605	0.7971880926605995	1.0	False	False	False	False
sp|Q9UJ68|MSRA_HUMAN	psvid_55231_sp|Q9UJ68|MSRA_HUMAN	-0.2089815341442849	-1.73492702007442	1.3169639517858502	0.6840415273935315	-0.30551001039452547	0.766296307629495	1.0	1.0873454470775472	-14.472138712708306	0.5579049723969159	0.7469303664980531	0.665453285006295	-0.314043883850251	0.7609941705503835	1.0	False	False	False	False
sp|O75306|NDUS2_HUMAN	psvid_84456_sp|O75306|NDUS2_HUMAN	0.07515936893500053	-0.4751853043251606	0.6255040421951616	0.24670515058426581	0.3046526136848072	0.7669302389497415	1.0	0.35635376470337937	-11.399856208809165	0.11366057890097692	0.3371358463601533	0.27119436684173626	0.2771420727144457	0.788236787928702	1.0	False	False	False	False
sp|P60866|RS20_HUMAN	psvid_33096_sp|P60866|RS20_HUMAN	0.064068082415079	-0.40601225426733417	0.5341484190974921	0.21072474375183917	0.3040368267835173	0.7673856432880258	1.0	0.2992327106296461	-10.409745494275544	0.08769003084204548	0.29612502569361726	0.24585088601047037	0.2605973216315781	0.8005537701699939	1.0	False	False	False	False
sp|A0A8I5KQE6|RPSA2_HUMAN	psvid_1210968_sp|A0A8I5KQE6|RPSA2_HUMAN	0.05271673223636997	-0.3342980120970023	0.4397314765697422	0.1734886070823488	0.30386279031767904	0.7675143685763216	1.0	0.2088890821979957	-10.110207828311111	0.08558905066916532	0.2925560641469688	0.21066415863588964	0.25024063218786624	0.808294187326988	1.0	False	False	False	False
sp|O95573|ACSL3_HUMAN	psvid_78642_sp|O95573|ACSL3_HUMAN	-0.08224971115848234	-0.6865245934783933	0.5220251711614287	0.2708806554879664	-0.3036381871208821	0.7676805062936026	1.0	0.41070902411543564	-11.3885023762802	0.11313116249879608	0.33634976215064594	0.2968769241643405	-0.2770498629693153	0.7883052651642731	1.0	False	False	False	False
sp|Q6ZV29|PLPL7_HUMAN	psvid_160303_sp|Q6ZV29|PLPL7_HUMAN	-0.136436841634056	-1.140929795651148	0.8680561123830359	0.4502879695620734	-0.3029990824910276	0.7681533159710403	1.0	0.5403005983100749	-15.486394750442308	0.5796783130124372	0.7613660834397847	0.3622996358126706	-0.37658564389118393	0.7156319039077016	1.0	False	False	False	False
sp|O15400|STX7_HUMAN	psvid_85423_sp|O15400|STX7_HUMAN	0.08322624024858616	-0.5299281563492586	0.6963806368464309	0.2748611099440364	0.30279380107841225	0.7683052043853996	1.0	0.2752112734310384	-12.824632252294833	0.26663165930851146	0.5163638826530293	0.2358264704406246	0.3529130554898438	0.7326742427184803	1.0	False	False	False	False
sp|Q9BYX7|ACTBM_HUMAN	psvid_39531_sp|Q9BYX7|ACTBM_HUMAN	-0.06196219374359302	-0.5206986193556392	0.3967742318684532	0.20563956454541404	-0.30131455432988485	0.7694000081859506	1.0	0.22236198336428345	-11.809829302426866	0.13843653257477773	0.3720706015997202	0.21543558963025575	-0.28761354542179624	0.7804731520837936	1.0	False	False	False	False
sp|P14923|PLAK_HUMAN	psvid_22947_sp|P14923|PLAK_HUMAN	0.15098727308269444	-0.9689325993512217	1.2709071455166105	0.5020308439335291	0.3007529814297341	0.7698157728942687	1.0	0.6975501261259001	-14.245072482779227	0.530891031710303	0.7286226950283	0.44651252591387985	0.3381479002714826	0.7433842297188834	1.0	False	False	False	False
sp|P48509|CD151_HUMAN	psvid_86608_sp|P48509|CD151_HUMAN	-0.16820206956581396	-1.4224062594850408	1.086002120353413	0.5622269980455873	-0.299171100197105	0.7709873419700313	1.0	0.8123706648438418	-14.992593673390314	0.5896561481288952	0.7678907136623644	0.509940209592319	-0.32984664947344744	0.7494316757581839	1.0	False	False	False	False
sp|P61018|RAB4B_HUMAN	psvid_109057_sp|P61018|RAB4B_HUMAN	0.09747422698164243	-0.6309133253468797	0.8258617793101646	0.3265171255613585	0.29852715018871273	0.7714644361275952	1.0	0.46832550011065943	-12.428269906382583	0.2038715387505175	0.4515213602372733	0.32535865663656416	0.29959008310795987	0.77162534652657	1.0	False	False	False	False
sp|Q16181|SEPT7_HUMAN	psvid_43701_sp|Q16181|SEPT7_HUMAN	-0.233102958325496	-1.9770780567620647	1.5108721401110727	0.7817785111397182	-0.2981700763118522	0.7717290306477952	1.0	1.2834858444575696	-14.612927620625179	0.5707831063373072	0.7555018903598503	0.7781685843706833	-0.2995532883327716	0.7716524761054311	1.0	False	False	False	False
sp|Q8NC51|SERB1_HUMAN	psvid_31401_sp|Q8NC51|SERB1_HUMAN	0.0683571250251549	-0.4439983073519148	0.5807125574022246	0.22967556558414973	0.297624716200426	0.7721332060467125	1.0	0.3087718276665521	-11.544688989289245	0.12108143847242303	0.34796758250219667	0.24994425926995015	0.27348947811330354	0.7909507700206645	1.0	False	False	False	False
sp|Q9BU23|LMF2_HUMAN	psvid_49406_sp|Q9BU23|LMF2_HUMAN	-0.11319643690277337	-0.9619781182998366	0.7355852444942899	0.38048667080173765	-0.29750434269945103	0.7722224264876149	1.0	0.4561939704414316	-13.568008171466712	0.41438295302154693	0.6437258368448069	0.31927043653865317	-0.3545471924365568	0.7314926378964935	1.0	False	False	False	False
sp|O14617|AP3D1_HUMAN	psvid_41470_sp|O14617|AP3D1_HUMAN	-0.1699377473970234	-1.4443081920356855	1.1044326972416387	0.5712670036075691	-0.29747516717027445	0.7722440518183278	1.0	0.9050280226837942	-16.93150742001915	0.397595607108242	0.6305518274561116	0.5618911255332317	-0.3024389239743791	0.7695258410118212	1.0	False	False	False	False
sp|P50914|RL14_HUMAN	psvid_86383_sp|P50914|RL14_HUMAN	-0.06368636150795437	-0.5415317413546045	0.41415901833869573	0.21420560990028067	-0.2973141624890326	0.7723633945355778	1.0	0.29964646147053015	-10.843109832526544	0.09480391468886576	0.30790244346036905	0.24602716042430128	-0.2588590682350686	0.801851320686746	1.0	False	False	False	False
sp|P43686|PRS6B_HUMAN	psvid_59824_sp|P43686|PRS6B_HUMAN	-0.16845458638093325	-1.4324124324674081	1.0955032597055416	0.5665993074916543	-0.29730814025644475	0.7723678585615351	1.0	0.9131020040078349	-13.244552231029532	0.3481806729263917	0.5900683629261881	0.5664435564312669	-0.2973898890160185	0.7732481766139641	1.0	False	False	False	False
sp|P61421|VA0D1_HUMAN	psvid_55555_sp|P61421|VA0D1_HUMAN	-0.09143369863325512	-0.7777157789845031	0.5948483817179928	0.30764234161361864	-0.2972077840575361	0.7724422496448624	1.0	0.36448448926453597	-12.875496603174959	0.2758183217703716	0.5251840836986319	0.2749495282715475	-0.332547210420935	0.7474622962319137	1.0	False	False	False	False
sp|P54840|GYS2_HUMAN	psvid_66100_sp|P54840|GYS2_HUMAN	-0.10677292577592556	-0.9098682830473763	0.6963224314955252	0.36000668431202976	-0.2965859536190776	0.7729032481155734	1.0	0.60809234003214	-10.568903965608827	0.08969092459437622	0.2994844313054958	0.39812414389668827	-0.26819002919760815	0.794893741103244	1.0	False	False	False	False
sp|P68104|EF1A1_HUMAN	psvid_4549_sp|P68104|EF1A1_HUMAN	-0.05259692771013791	-0.44851701145885237	0.34332315603857655	0.1774806382733683	-0.2963530457284269	0.773075939949899	1.0	0.21592368895829842	-10.447492845816543	0.08810568606622506	0.2968260198604985	0.2131316144745647	-0.24678144460081905	0.8108845295767324	1.0	False	False	False	False
sp|Q9BSE5|GDAH_HUMAN	psvid_57941_sp|Q9BSE5|GDAH_HUMAN	0.057773787802825716	-0.3771914968109889	0.49273907241664033	0.19498358256817727	0.29630078102921686	0.7731146939097404	1.0	0.2398191828466763	-11.175501975352631	0.10443776757076166	0.32316832699192793	0.2218913764563621	0.26036968504806995	0.800723656632721	1.0	False	False	False	False
sp|Q9UL12|SARDH_HUMAN	psvid_29541_sp|Q9UL12|SARDH_HUMAN	-0.29101210402605737	-2.484330067882771	1.9023058598306561	0.9832071878647101	-0.29598248224574697	0.773350724676872	1.0	1.6992787340285684	-13.863172422559241	0.4704998398910491	0.6859299088762999	1.0195691683506938	-0.28542654393601674	0.7820925079265029	1.0	False	False	False	False
sp|P10606|COX5B_HUMAN	psvid_42721_sp|P10606|COX5B_HUMAN	0.05259286110234207	-0.3439528605884778	0.44913858279316193	0.17776109543088744	0.2958626069155266	0.773439623127872	1.0	0.2197465622544031	-10.20921135710855	0.08605691673126974	0.2933545921428021	0.2144944775772091	0.2451944763165794	0.8120737211994091	1.0	False	False	False	False
sp|O43181|NDUS4_HUMAN	psvid_79004_sp|O43181|NDUS4_HUMAN	-0.05858292736199644	-0.501139166871461	0.3839733121474681	0.1983864094902876	-0.2952970796362161	0.7738590593805517	1.0	0.233781659456453	-11.44024887754814	0.11560338822943458	0.34000498265383494	0.2196252043247423	-0.2667404569621915	0.7959733587702877	1.0	False	False	False	False
sp|O15027|SC16A_HUMAN	psvid_35392_sp|O15027|SC16A_HUMAN	0.21780327160313906	-1.4295676501179713	1.8651741933242494	0.7384733805158957	0.29493720064896883	0.7741260116798588	1.0	1.1952858805216249	-15.598111241389848	0.5724362851373431	0.7565951923831813	0.727354253258117	0.2994459310954864	0.7717316347932411	1.0	False	False	False	False
sp|Q9UGP8|SEC63_HUMAN	psvid_68821_sp|Q9UGP8|SEC63_HUMAN	-0.0794089300676859	-0.6800304207390296	0.5212125606036578	0.26924293538164856	-0.2949341268885095	0.7741282918779252	1.0	0.3931830927024907	-11.694982008520226	0.13025052551628113	0.36090237671187636	0.28845433180541336	-0.2752911685211019	0.789611685070632	1.0	False	False	False	False
sp|P50440|GATM_HUMAN	psvid_62039_sp|P50440|GATM_HUMAN	0.09213261537239514	-0.6048235101599997	0.78908874090479	0.3124272374283788	0.29489303215285684	0.7741587772732718	1.0	0.4793084520869555	-11.859176710558682	0.14230376622211827	0.37723171423160895	0.330908080841022	0.27842358862387034	0.787285303293785	1.0	False	False	False	False
sp|Q9BT40|INP5K_HUMAN	psvid_82994_sp|Q9BT40|INP5K_HUMAN	0.10469862428461107	-0.6876694247675964	0.8970666733368186	0.35519791206769263	0.2947613731036175	0.7742564489011396	1.0	0.32977213936366834	-13.874222379232197	0.47246744510489175	0.687362673633717	0.25916100442711343	0.4039906563722883	0.6961104715631734	1.0	False	False	False	False
sp|Q15393|SF3B3_HUMAN	psvid_35235_sp|Q15393|SF3B3_HUMAN	0.1864458811218377	-1.2254526897161149	1.5983444519597902	0.6329172724883017	0.2945817553514212	0.774389705495717	1.0	0.9704800868411566	-14.854322508284387	0.5855066483578641	0.7651840617510692	0.5988959501025639	0.31131598250064624	0.7629966150310931	1.0	False	False	False	False
sp|Q16775|GLO2_HUMAN	psvid_40943_sp|Q16775|GLO2_HUMAN	-0.1035210629564669	-0.8892729236426768	0.682230797729743	0.3522320475350933	-0.2939001822261871	0.7748954276709293	1.0	0.3264294257747114	-13.833715669599233	0.4652005245275403	0.6820561007186581	0.2576759187269761	-0.4017490787183493	0.6976985470884149	1.0	False	False	False	False
sp|P11498|PYC_HUMAN	psvid_47551_sp|P11498|PYC_HUMAN	0.10354779214670584	-0.6847369826722266	0.8918325669656383	0.3533674868204935	0.29303146443494643	0.7755401700418629	1.0	0.5869785166928847	-11.173923395240479	0.1043814691624309	0.3230812114042395	0.3868765633737975	0.26765072364091147	0.795295352893366	1.0	False	False	False	False
sp|Q96BM9|ARL8A_HUMAN	psvid_48490_sp|Q96BM9|ARL8A_HUMAN	-0.07300764432471585	-0.6295157580312052	0.4835004693817735	0.24946806004320726	-0.2926532731768191	0.7758209109004537	1.0	0.3825253431460207	-10.649191851282898	0.09095787302703855	0.3015922297192661	0.28339549521792307	-0.25761751882673734	0.8027784939357435	1.0	False	False	False	False
sp|Q6UXV4|MIC27_HUMAN	psvid_40646_sp|Q6UXV4|MIC27_HUMAN	0.12650378482906044	-0.8439464097679372	1.096953979426058	0.43502748918113926	0.290794922102925	0.7772009035602923	1.0	0.7063538623526646	-12.353156594051992	0.1938446777106089	0.4402779550586299	0.45132948687028657	0.2802914245782882	0.7858991678899384	1.0	False	False	False	False
sp|P49748|ACADV_HUMAN	psvid_55352_sp|P49748|ACADV_HUMAN	-0.15341088966944927	-1.3315885970874533	1.0247668177485547	0.5281463105688688	-0.2904704370730332	0.777441946485533	1.0	0.9209649430969825	-11.38122512686756	0.11279560166143693	0.3358505644798545	0.5708805059530997	-0.26872679671085603	0.7944940832161715	1.0	False	False	False	False
sp|P10909|CLUS_HUMAN	psvid_53630_sp|P10909|CLUS_HUMAN	-0.05909243227917971	-0.5134736364992325	0.39528877194087303	0.20368723248598908	-0.2901135803062397	0.7777070653126673	1.0	0.19800089606891177	-11.951027102621968	0.15008832477628323	0.38741234463589724	0.20695202304326052	-0.28553686700046044	0.7820107928354427	1.0	False	False	False	False
sp|O76062|ERG24_HUMAN	psvid_89411_sp|O76062|ERG24_HUMAN	-0.13076589318180343	-1.1367219918401141	0.8751902054765073	0.45094385911016355	-0.28998264537816426	0.7778043480316617	1.0	0.6077758310171439	-13.826565406392854	0.46390258310610955	0.6811039444211945	0.39795498885216973	-0.32859468242620693	0.7503453280030777	1.0	False	False	False	False
sp|Q8NFW8|NEUA_HUMAN	psvid_73389_sp|Q8NFW8|NEUA_HUMAN	0.14278303878818566	-0.9566376039518607	1.242203681528232	0.4928415743826328	0.2897138679240798	0.7780040583451678	1.0	0.703423992986339	-13.871348733588079	0.47195683554819706	0.6869911466301418	0.449725442807055	0.3174893506068404	0.7584676966929684	1.0	False	False	False	False
sp|Q8IY17|PLPL6_HUMAN	psvid_32489_sp|Q8IY17|PLPL6_HUMAN	-0.0794969727545265	-0.6918361321223867	0.5328421866133337	0.27449566037514384	-0.2896110366403633	0.7780804697949754	1.0	0.3448950795584688	-12.395056366195321	0.19936367824920798	0.4465015993803471	0.26595985031926195	-0.298905916284346	0.7721298514552748	1.0	False	False	False	False
sp|P30519|HMOX2_HUMAN	psvid_32195_sp|P30519|HMOX2_HUMAN	-0.06111253499595426	-0.5326797098548157	0.41045463986290726	0.21139125449326635	-0.2890967989307284	0.7784626247072945	1.0	0.29341612942844814	-10.825267308408854	0.09440059152604978	0.3072467925398893	0.24338532781715122	-0.2510937513943587	0.8076557270722071	1.0	False	False	False	False
sp|Q96FZ7|CHMP6_HUMAN	psvid_72328_sp|Q96FZ7|CHMP6_HUMAN	-0.15534188421033734	-1.3567356129812767	1.046051844560602	0.5385534469002056	-0.2884428372048324	0.7789487048759247	1.0	0.8573915890810022	-13.216226219231658	0.3423741849215634	0.5851274945869177	0.5351111833649824	-0.2902983324577307	0.7784867536542212	1.0	False	False	False	False
sp|P62701|RS4X_HUMAN	psvid_81301_sp|P62701|RS4X_HUMAN	0.04137880957526052	-0.27874122107213395	0.361498840222655	0.14350145318581423	0.28835115364079816	0.7790168599316274	1.0	0.11128010949708822	-10.017991360521936	0.08534411893455547	0.2921371577436795	0.182876752088107	0.22626610054472585	0.8262963678652626	1.0	False	False	False	False
sp|P25789|PSA4_HUMAN	psvid_83437_sp|P25789|PSA4_HUMAN	0.18350853613555884	-1.2374866773937436	1.6045037496648613	0.636995059944091	0.28808470846173495	0.7792149391585991	1.0	1.0255405181179027	-13.715710658413922	0.44324319227299713	0.6657651179455087	0.6301850270892024	0.2911978676852684	0.7778215948525361	1.0	False	False	False	False
sp|P00450|CERU_HUMAN	psvid_1633336_sp|P00450|CERU_HUMAN	-0.061905765252047384	-0.5426744098342074	0.4188628793301127	0.21551603317102747	-0.28724436108621537	0.7798397743109585	1.0	0.29570131114118403	-11.081003942435574	0.10125790814143099	0.31821047773671907	0.2443511695897981	-0.25334752993395127	0.8059697670618851	1.0	False	False	False	False
sp|A6NCS6|CB072_HUMAN	psvid_59012_sp|A6NCS6|CB072_HUMAN	-0.09578918210733178	-0.8404776900389564	0.6488993258242929	0.3338244184309485	-0.2869448033716735	0.7800625484574746	1.0	0.5275446208099563	-11.802753104901427	0.13789964367405477	0.37134841277977043	0.3556608272879177	-0.2693273331161311	0.7940470209533766	1.0	False	False	False	False
sp|Q8IYB3|SRRM1_HUMAN	psvid_27450_sp|Q8IYB3|SRRM1_HUMAN	0.16006933769065457	-1.0873468245564388	1.407485499937748	0.5591841024378157	0.2862551653253682	0.7805754957692237	1.0	0.8054196800523634	-15.227377209367088	0.5896089957900444	0.7678600105423152	0.5060672738579954	0.31630051172913953	0.7593390992562089	1.0	False	False	False	False
sp|Q9Y3I0|RTCB_HUMAN	psvid_45007_sp|Q9Y3I0|RTCB_HUMAN	-0.18931333961029662	-1.6676708639452429	1.2890441847246497	0.6627090864673895	-0.28566582754952513	0.78101392816556	1.0	1.158080173274638	-12.142006269952056	0.16883659203321047	0.4108973010780315	0.7059785391618728	-0.2681573576373109	0.7949180692364356	1.0	False	False	False	False
sp|P20336|RAB3A_HUMAN	psvid_60964_sp|P20336|RAB3A_HUMAN	0.09547768066755502	-0.6519014430988721	0.8428568044339821	0.3350305512726769	0.28498201225191255	0.7815227472508051	1.0	0.43820323584964654	-12.867022245818584	0.2742715827117354	0.5237094449327179	0.3103274058826427	0.3076675757849826	0.7656776999342872	1.0	False	False	False	False
sp|Q96DZ1|ERLEC_HUMAN	psvid_37797_sp|Q96DZ1|ERLEC_HUMAN	-0.14283426490641205	-1.262269762257785	0.9766012324449609	0.5018137112283642	-0.2846360346686728	0.7817802264518148	1.0	0.7669404824436686	-13.369657278923558	0.37398255134726754	0.6115411280913717	0.48469869809982097	-0.29468671045820743	0.7752436069592388	1.0	False	False	False	False
sp|P01023|A2MG_HUMAN	psvid_44816_sp|P01023|A2MG_HUMAN	-0.07821028857436696	-0.6912912284210126	0.5348706512722787	0.274828181200021	-0.2845788529868602	0.7818227841700821	1.0	0.3946180910977762	-11.878929347337184	0.1439127873740391	0.3793583890914225	0.28913921156962347	-0.270493538907414	0.7931790816023153	1.0	False	False	False	False
sp|Q92506|DHB8_HUMAN	psvid_37101_sp|Q92506|DHB8_HUMAN	-0.16875899511844228	-1.495223542358585	1.1577055521217003	0.5946194299165543	-0.2838100920148624	0.7823950112757846	1.0	0.894540864174973	-14.539689723401647	0.5644685229775969	0.7513112024837623	0.5559836521895972	-0.30353229713468877	0.7687205891834841	1.0	False	False	False	False
sp|P05166|PCCB_HUMAN	psvid_48954_sp|P05166|PCCB_HUMAN	-0.19681538524048303	-1.7453355384164015	1.3517047679354355	0.6941611614208203	-0.2835298143699629	0.7826036698310019	1.0	1.2030675697437965	-12.555252866570626	0.2221932257281555	0.4713737643613139	0.7318297950335173	-0.26893601022553204	0.7943383275992479	1.0	False	False	False	False
sp|P23258|TBG1_HUMAN	psvid_90918_sp|P23258|TBG1_HUMAN	0.20754089884960036	-1.4271001605367983	1.842181958235999	0.7327669155371433	0.2832290793279958	0.7828275784617854	1.0	1.2014306802200077	-14.083000770109138	0.5073215528071631	0.7122650860509471	0.7308882267041319	0.2839570966760342	0.7831811825399293	1.0	False	False	False	False
sp|Q9NRH3|TBG2_HUMAN	psvid_44095_sp|Q9NRH3|TBG2_HUMAN	0.20754089884960036	-1.4271001605367983	1.842181958235999	0.7327669155371433	0.2832290793279958	0.7828275784617854	1.0	1.2014306802200077	-14.083000770109138	0.5073215528071631	0.7122650860509471	0.7308882267041319	0.2839570966760342	0.7831811825399293	1.0	False	False	False	False
sp|P43307|SSRA_HUMAN	psvid_71261_sp|P43307|SSRA_HUMAN	-0.09303957934599172	-0.8281361690120113	0.6420570103200278	0.32952461186411103	-0.2823448567913321	0.7834860362079397	1.0	0.514645697399776	-11.880712223419255	0.14405975380802935	0.37955204360934397	0.34898510643656766	-0.2666004297318138	0.7960776732860309	1.0	False	False	False	False
sp|Q15181|IPYR_HUMAN	psvid_85198_sp|Q15181|IPYR_HUMAN	0.16142463168245236	-1.1183080209662697	1.4411572843311744	0.5736707414810538	0.2813889919951297	0.7841980460457758	1.0	0.8441371294903932	-14.6660998917436	0.5748352726202283	0.7581789186070979	0.527685787343806	0.30591051636052213	0.766970089376892	1.0	False	False	False	False
sp|O14672|ADA10_HUMAN	psvid_41325_sp|O14672|ADA10_HUMAN	0.16160674817765175	-1.121180284545581	1.4443937809008844	0.5750399403355824	0.28103569307436477	0.7844612662750118	1.0	0.8455482995757522	-15.495567112987299	0.5791479461229233	0.7610177042112248	0.5284757807749801	0.30579783228791396	0.7670529993764634	1.0	False	False	False	False
sp|Q8N3C0|ASCC3_HUMAN	psvid_39422_sp|Q8N3C0|ASCC3_HUMAN	-0.1742798115287263	-1.5621748814544805	1.2136152583970279	0.6221571296272586	-0.2801218586583414	0.7851422376616815	1.0	0.9587880946872991	-15.836565413926799	0.5516704914946763	0.7427452399677	0.5922695503773688	-0.2942575916956775	0.7755605355785044	1.0	False	False	False	False
sp|O75310|UDB11_HUMAN	psvid_42939_sp|O75310|UDB11_HUMAN	-0.05742669241732923	-0.5151639144104484	0.40031052957578994	0.20519164764669773	-0.27986856714658986	0.7853310192300345	1.0	0.27105638956561157	-11.062109223882137	0.10066693030181596	0.31728052304201715	0.23413653806429366	-0.24527010133531535	0.8120170400676154	1.0	False	False	False	False
sp|Q56VL3|OCAD2_HUMAN	psvid_36323_sp|Q56VL3|OCAD2_HUMAN	0.06993796398304797	-0.4875831511636731	0.6274590791297691	0.24992216214503016	0.2798389841972593	0.7853530687533519	1.0	0.3788040822527477	-10.911548637705794	0.09645045592754477	0.31056473709605986	0.281640989195361	0.24832310162969679	0.8097297861979976	1.0	False	False	False	False
sp|P04424|ARLY_HUMAN	psvid_63485_sp|P04424|ARLY_HUMAN	-0.09879946515086102	-0.8869587173408592	0.6893597870391371	0.3533112183026399	-0.27963863028609304	0.7855024069210609	1.0	0.5408402672230904	-12.274282536381321	0.1839599740765613	0.4289055537954263	0.3625812870313281	-0.272489145702449	0.7916945708930426	1.0	False	False	False	False
sp|Q6ZWL3|CP4V2_HUMAN	psvid_68049_sp|Q6ZWL3|CP4V2_HUMAN	0.1338376171857889	-0.9392708959251952	1.206946130296773	0.48104653353327415	0.27822176828248846	0.7865587564898082	1.0	0.8069350495570282	-12.189531898061329	0.1740635351813184	0.4172092223109628	0.5069112836914571	0.26402572105152067	0.797996491720773	1.0	False	False	False	False
sp|Q9NX62|IMPA3_HUMAN	psvid_64418_sp|Q9NX62|IMPA3_HUMAN	-0.15426681331337955	-1.392617650433117	1.0840840238063578	0.5551203538284374	-0.2778979589731571	0.786800238317746	1.0	0.8200015250596052	-14.240911452530167	0.53032832597431	0.7282364492212059	0.5141962278971368	-0.30001545119121353	0.7713117374961426	1.0	False	False	False	False
sp|P37802|TAGL2_HUMAN	psvid_63340_sp|P37802|TAGL2_HUMAN	-0.126632349171933	-1.1432618020273504	0.8899971036834844	0.45572844517481625	-0.2778679946637019	0.786822585497691	1.0	0.6844538734706312	-13.174973085914734	0.33396450812734857	0.5778966240837098	0.43936341462179385	-0.28821778272307613	0.7800259453987509	1.0	False	False	False	False
sp|P35749|MYH11_HUMAN	psvid_24897_sp|P35749|MYH11_HUMAN	-0.11525926070875858	-1.0420046265008183	0.8114861050833012	0.4154357553178685	-0.27744184084629053	0.7871404301326878	1.0	0.448832057918771	-14.551324727915055	0.5655278808618031	0.7520158780649535	0.31559815048597123	-0.3652089232185853	0.723802015933436	1.0	False	False	False	False
sp|P14174|MIF_HUMAN	psvid_27448_sp|P14174|MIF_HUMAN	0.0790723477064641	-0.5575434339745547	0.7156881293874829	0.2853782364305569	0.2770791097999701	0.7874110035660726	1.0	0.20859780311853113	-13.233414382241827	0.34589487225370835	0.5881282787400283	0.21056313936203405	0.37552796726928633	0.7163898640801971	1.0	False	False	False	False
sp|Q8N766|EMC1_HUMAN	psvid_79495_sp|Q8N766|EMC1_HUMAN	0.13195728398891626	-0.9306416452036808	1.1945562131815133	0.4763353614094404	0.2770260087314631	0.7874506159541675	1.0	0.6704710477608502	-13.80695959291094	0.4603210719939617	0.6784696544385472	0.431753101124034	0.3056313519124153	0.7671754970667216	1.0	False	False	False	False
sp|Q9NNX6|CD209_HUMAN	psvid_98020_sp|Q9NNX6|CD209_HUMAN	0.10588722855304677	-0.7484869668908579	0.9602614239969515	0.3829936488595019	0.27647254430553403	0.7878635277731941	1.0	0.5225228488747614	-13.128378513640925	0.32455032118254734	0.5696931816184457	0.3530572570708203	0.2999151736224096	0.7713856646633996	1.0	False	False	False	False
sp|Q9H853|TBA4B_HUMAN	psvid_83767_sp|Q9H853|TBA4B_HUMAN	-0.0517492557299466	-0.47204110670386057	0.3685425952439674	0.18840586530914485	-0.2746690271294584	0.7892095190471684	1.0	0.2414143905099251	-10.620496036359656	0.09048430468089506	0.30080609149565946	0.22249585403219557	-0.23258525852107959	0.821540400933868	1.0	False	False	False	False
sp|P33897|ABCD1_HUMAN	psvid_34711_sp|P33897|ABCD1_HUMAN	0.14439805889459167	-1.0324281446708228	1.3212242624600061	0.5275404666720012	0.2737193978796158	0.7899185343851781	1.0	0.7312449083575421	-15.194590271479381	0.5901420025504484	0.7682070050126127	0.46499420087326054	0.3105373327740683	0.7635685362583382	1.0	False	False	False	False
sp|O75208|COQ9_HUMAN	psvid_29755_sp|O75208|COQ9_HUMAN	-0.21148438529141478	-1.9369380628171473	1.5139692922343178	0.7734758416366696	-0.27342080244408834	0.7901415143468157	1.0	1.2842409725353896	-14.051644974964521	0.5023895981404065	0.708794468192583	0.778604410000444	-0.27161981434358196	0.7923411477853814	1.0	False	False	False	False
sp|P51570|GALK1_HUMAN	psvid_59539_sp|P51570|GALK1_HUMAN	-0.08901202885296033	-0.8155703175743311	0.6375462598684104	0.32569711443817045	-0.27329695261963444	0.7902340066252393	1.0	0.4291268655694717	-12.758786800216036	0.25509755997913974	0.5050718364541223	0.30585692135219017	-0.2910250598856456	0.7779493621639192	1.0	False	False	False	False
sp|O60506|HNRPQ_HUMAN	psvid_32727_sp|O60506|HNRPQ_HUMAN	0.10953112632630946	-0.7887862155268515	1.0078484681794704	0.40269221428364144	0.2719971294234157	0.7912049335701661	1.0	0.5874562323900467	-12.964634667874627	0.29245826885988574	0.540794109490743	0.3871302060141439	0.2829309741909101	0.7839417077366165	1.0	False	False	False	False
sp|Q9BSJ8|ESYT1_HUMAN	psvid_69158_sp|Q9BSJ8|ESYT1_HUMAN	-0.05155241505176855	-0.47515120618914175	0.37204637608560465	0.18988828025861	-0.2714881349262788	0.7915852387209961	1.0	0.2109273343894483	-11.416899162982455	0.11446889843453965	0.3383325264211818	0.21137362958463513	-0.2438923679981882	0.813049836995755	1.0	False	False	False	False
sp|P29966|MARCS_HUMAN	psvid_58601_sp|P29966|MARCS_HUMAN	-0.10753121219983308	-0.9920649308146302	0.777002506414964	0.39651337579961776	-0.2711918910250713	0.7918066095674997	1.0	0.6388635045166687	-12.159970210679056	0.17078534377361207	0.41326183440237024	0.41464365304647827	-0.2593340363702123	0.8014967077649026	1.0	False	False	False	False
sp|Q6IS14|IF5AL_HUMAN	psvid_75228_sp|Q6IS14|IF5AL_HUMAN	0.16846618545269232	-1.2188093964769482	1.5557417673823328	0.6218794293299866	0.2708984692325294	0.7920258907272119	1.0	1.1055377752882856	-9.80291292244588	0.08545969117362406	0.29233489557975123	0.6758606781760205	0.2492617056925705	0.8090269858240515	1.0	False	False	False	False
sp|O76024|WFS1_HUMAN	psvid_40529_sp|O76024|WFS1_HUMAN	-0.1759528346834731	-1.6261599822793011	1.274254312912355	0.650090007425	-0.27065918976423053	0.7922047241275134	1.0	1.0146389221177967	-14.52110760615077	0.562733031251447	0.7501553380810184	0.6239795878622498	-0.2819849208309625	0.784643105044244	1.0	False	False	False	False
sp|P17516|AK1C4_HUMAN	psvid_24139_sp|P17516|AK1C4_HUMAN	0.04618931175935348	-0.33479293312900715	0.4271715566477141	0.17078439505615634	0.27045393546738145	0.7923581377797013	1.0	0.17751462344160934	-11.02199230340181	0.0994594020140006	0.3153718472121451	0.20034279752627748	0.2305513965546736	0.8230703033392768	1.0	False	False	False	False
sp|Q969H8|MYDGF_HUMAN	psvid_72099_sp|Q969H8|MYDGF_HUMAN	0.05790501781406254	-0.4210787543511891	0.5368887899793142	0.21471592145961832	0.26968199386626646	0.7929351949886116	1.0	0.28873334522381733	-11.211642810448145	0.10575750036375423	0.3252037828250991	0.24141770456153885	0.2398540650497412	0.8160792998384291	1.0	False	False	False	False
sp|Q96KC8|DNJC1_HUMAN	psvid_66781_sp|Q96KC8|DNJC1_HUMAN	-0.19355590251849142	-1.795082168479456	1.4079703634424732	0.7179224180875848	-0.2696055975436583	0.7929923114398247	1.0	1.1488670241230268	-15.306812100119664	0.5876282314445789	0.7665691302450021	0.7006913825495162	-0.276235597210036	0.7889100430115592	1.0	False	False	False	False
sp|Q14571|ITPR2_HUMAN	psvid_28721_sp|Q14571|ITPR2_HUMAN	-0.07014601694046707	-0.6510498648844384	0.5107578310035042	0.2604040308649447	-0.2693737754652785	0.793165637263718	1.0	0.32464350078333415	-12.257693217338772	0.18196415452791692	0.42657256654397846	0.2568851954785214	-0.27306368048886687	0.7912673459351289	1.0	False	False	False	False
sp|Q9BQE4|SELS_HUMAN	psvid_28685_sp|Q9BQE4|SELS_HUMAN	0.12439194362332184	-0.9060620151053611	1.1548459023520048	0.4619256102768482	0.26928999140958954	0.7932282827862998	1.0	0.7456201902141631	-12.59747297299796	0.22866521232088535	0.4781895150679125	0.4729149280186179	0.26303238966147574	0.798737165488341	1.0	False	False	False	False
sp|P02750|A2GL_HUMAN	psvid_43986_sp|P02750|A2GL_HUMAN	-0.11391391395638362	-1.0583491286634084	0.8305213007506411	0.4233656528028875	-0.2690674437149491	0.7933946896864015	1.0	0.7057792084683219	-11.884492479549714	0.1443723231397269	0.37996358133343106	0.45101480022160634	-0.25257245194705796	0.8065494514683497	1.0	False	False	False	False
sp|P20338|RAB4A_HUMAN	psvid_87782_sp|P20338|RAB4A_HUMAN	-0.07177384910634821	-0.6709608793661888	0.5274131811534923	0.2685999042249542	-0.2672147233762121	0.7947804571388245	1.0	0.36428203444135504	-12.077069930417476	0.16206202191415728	0.40256927591926	0.27485562594437	-0.26113290881255247	0.8001541024962469	1.0	False	False	False	False
sp|O15258|RER1_HUMAN	psvid_109627_sp|O15258|RER1_HUMAN	-0.08743691093960715	-0.8178080666511219	0.6429342447719076	0.32740632317710305	-0.2670593227740141	0.7948967252997968	1.0	0.5151147153522246	-11.780898008001767	0.136269070259179	0.36914640762057943	0.3492271573944563	-0.2503725987175908	0.8081954158747641	1.0	False	False	False	False
sp|Q9HB55|CP343_HUMAN	psvid_64115_sp|Q9HB55|CP343_HUMAN	0.10096149950418098	-0.7425637479523799	0.9444867469607419	0.37813034868246304	0.26700184170872765	0.794939733018762	1.0	0.6225939413526151	-11.692791159118983	0.13010487533959875	0.3607005341548564	0.40589139770876714	0.24874018043768029	0.8094174668346703	1.0	False	False	False	False
sp|Q9Y4F1|FARP1_HUMAN	psvid_46789_sp|Q9Y4F1|FARP1_HUMAN	-0.15749746532984776	-1.4796453201020194	1.164650389442324	0.5926843693679927	-0.2657358173589	0.7958871636239804	1.0	0.9196425444823694	-13.934572750682083	0.48300892963250597	0.6949884384883722	0.5701340554707474	-0.2762463736704967	0.7889020380502678	1.0	False	False	False	False
sp|O14874|BCKD_HUMAN	psvid_42370_sp|O14874|BCKD_HUMAN	-0.09706278706310512	-0.9124262021138678	0.7183006279876576	0.3655061343637447	-0.265557203936036	0.7960208572447678	1.0	0.5482048730568654	-12.514152224763098	0.21607457623754092	0.46483822587814455	0.3664310071481082	-0.2648869368848832	0.7973545035018524	1.0	False	False	False	False
sp|Q9NX40|OCAD1_HUMAN	psvid_29437_sp|Q9NX40|OCAD1_HUMAN	0.051429786894225504	-0.38113228797145177	0.4839918617599028	0.19390628637252658	0.2652301163430062	0.7962657029741593	1.0	0.18781829657836563	-11.782800629275117	0.13640936986574975	0.36933639120150313	0.2036036094586643	0.2525976186324281	0.8065306272102455	1.0	False	False	False	False
sp|P28288|ABCD3_HUMAN	psvid_75028_sp|P28288|ABCD3_HUMAN	-0.04851545319833761	-0.4570231024729908	0.3599921960763156	0.18312331530732595	-0.26493323975113026	0.7964879539633071	1.0	0.20822599185162977	-11.146480615575493	0.10342037367478632	0.3215903818132413	0.21043432502906484	-0.23054914254904343	0.8230719992801062	1.0	False	False	False	False
sp|P40925|MDHC_HUMAN	psvid_74728_sp|P40925|MDHC_HUMAN	0.0671366063631087	-0.4991443382579247	0.6334175509841421	0.25384896502794113	0.264474611333235	0.7968313349233966	1.0	0.3110689176049104	-12.225013017309013	0.17811627238228664	0.42203823568758153	0.25093895502111946	0.26754158738510075	0.7953766326444401	1.0	False	False	False	False
sp|P62241|RS8_HUMAN	psvid_83725_sp|P62241|RS8_HUMAN	0.03707996547797565	-0.2757990535681989	0.3499589845241502	0.14025549670752394	0.2643744191737372	0.7969063561368834	1.0	0.09656380757637956	-10.030729059147351	0.08536721293703803	0.2921766810288563	0.1799266758059028	0.20608375779684793	0.8415357626747519	1.0	False	False	False	False
sp|Q12907|LMAN2_HUMAN	psvid_59741_sp|Q12907|LMAN2_HUMAN	-0.03576283415016723	-0.3383389829294405	0.266813314629106	0.1356369889175076	-0.26366579231508636	0.7974370189777173	1.0	0.07175722557206007	-9.996887982681752	0.08531334604540687	0.29208448443114343	0.17581959181377427	-0.20340642235164977	0.8435628246504348	1.0	False	False	False	False
sp|A4FU28|CTGE9_HUMAN	psvid_29634_sp|A4FU28|CTGE9_HUMAN	-0.12177790461004445	-1.155660049737899	0.9121042405178101	0.4634623767487184	-0.2627568292907418	0.798117864376643	1.0	0.5719225025428663	-14.886306968742899	0.5867448691132092	0.7659927343736422	0.3789035796372995	-0.3213954978377738	0.7556071059894457	1.0	False	False	False	False
sp|P08195|4F2_HUMAN	psvid_46256_sp|P08195|4F2_HUMAN	-0.17360601465813064	-1.6516930820913607	1.3044810527750994	0.6625878476984755	-0.26201207169910806	0.7986758466543936	1.0	1.058455444919854	-14.078253572305147	0.5065822384902045	0.7117459086571587	0.6489497467791676	-0.2675184257637246	0.7953938827113872	1.0	False	False	False	False
sp|Q9UP52|TFR2_HUMAN	psvid_36362_sp|Q9UP52|TFR2_HUMAN	-0.11373588319308503	-1.0823072668136988	0.8548355004275286	0.4341852672657305	-0.2619524239256978	0.7987205407117726	1.0	0.6965864030143122	-12.480124111626724	0.21114517192500656	0.4595053557087301	0.445985758609997	-0.2550213341958843	0.8047183519482205	1.0	False	False	False	False
sp|P37268|FDFT_HUMAN	psvid_23148_sp|P37268|FDFT_HUMAN	-0.07069060976406849	-0.6732874834394953	0.5319062639113583	0.27012844801611635	-0.2616925773025245	0.7989152526085074	1.0	0.4119280028957431	-11.30690846476583	0.10953196243255214	0.33095613369833793	0.29746730868993354	-0.23764160867086467	0.81774042919123	1.0	False	False	False	False
sp|P21399|ACOHC_HUMAN	psvid_57639_sp|P21399|ACOHC_HUMAN	-0.07421844534893518	-0.707108939688784	0.5586720489909136	0.28370828736204184	-0.26160125965662956	0.798983683459233	1.0	0.28489237770310627	-12.916308942551314	0.28335486260808884	0.5323108702704547	0.23981563205318807	-0.3094812657269751	0.7643444655489551	1.0	False	False	False	False
sp|P07357|CO8A_HUMAN	psvid_46901_sp|P07357|CO8A_HUMAN	-0.05687789511199659	-0.542923605774478	0.4291678155504848	0.21788160413999252	-0.2610495518265581	0.7993971556390526	1.0	0.2231642004360244	-12.097580201198793	0.16415644483654268	0.4051622450778733	0.21572565376732453	-0.263658466754925	0.7982703084617393	1.0	False	False	False	False
sp|O95881|TXD12_HUMAN	psvid_96398_sp|O95881|TXD12_HUMAN	0.06332783997830571	-0.47841437751954563	0.605070057476157	0.24284889422829328	0.26077055108504443	0.7996062748861962	1.0	0.32716663968276744	-11.759087250712899	0.13468302011427882	0.36699185292629977	0.25800287697304264	0.24545400703001657	0.8118792071763188	1.0	False	False	False	False
sp|Q13884|SNTB1_HUMAN	psvid_47046_sp|Q13884|SNTB1_HUMAN	-0.08802422116078912	-0.8441957006853332	0.668147258363755	0.3389719348395372	-0.25967996790783904	0.8004238584520724	1.0	0.49898256373874683	-12.402754928000721	0.20039806709452168	0.44765842681057805	0.3409326447843222	-0.2581865436103199	0.8023535126077671	1.0	False	False	False	False
sp|Q58FG1|HS904_HUMAN	psvid_52738_sp|Q58FG1|HS904_HUMAN	-0.09351930079867365	-0.8980576635874128	0.7110190619900655	0.36065354601658245	-0.25930509163598725	0.8007049525637253	1.0	0.4039151416618335	-13.540400799664843	0.4088521011998032	0.6394154370984511	0.293597156354159	-0.3185293139755878	0.7577057153906579	1.0	False	False	False	False
sp|Q9BRK5|CAB45_HUMAN	psvid_55837_sp|Q9BRK5|CAB45_HUMAN	-0.07521752825760775	-0.7232147583128674	0.5727797017976519	0.29048024263041844	-0.2589419768328544	0.8009772560418769	1.0	0.41585300872479386	-12.079960703768714	0.16235470014215175	0.402932624817291	0.2993721852266779	-0.25125089092914465	0.8075381429705444	1.0	False	False	False	False
sp|Q6IAN0|PEXRP_HUMAN	psvid_44217_sp|Q6IAN0|PEXRP_HUMAN	0.07571616417628935	-0.5779030638484789	0.7293353922010576	0.2930004375610531	0.258416556666446	0.801371323517912	1.0	0.43236183668719014	-11.931123681802305	0.14833552710834905	0.38514351495040006	0.3074469790627811	0.24627389219143375	0.8112648069876376	1.0	False	False	False	False
sp|P62314|SMD1_HUMAN	psvid_104065_sp|P62314|SMD1_HUMAN	0.07335558824985755	-0.560717271028167	0.7074284475278821	0.28423831069885414	0.2580777660460296	0.8016254490344994	1.0	0.4119560602565113	-11.940149347759501	0.14912579970354106	0.386168097728879	0.29748090441500963	0.24658923366563604	0.8110285350527539	1.0	False	False	False	False
sp|P38606|VATA_HUMAN	psvid_24762_sp|P38606|VATA_HUMAN	0.08074533395420547	-0.6172889293776221	0.7787795972860331	0.3129105384596835	0.2580460675810987	0.8016492271723479	1.0	0.3581565278763503	-13.000810240141352	0.29939224247610124	0.5471674720559522	0.2720241053706119	0.29683153941153917	0.7736601939618879	1.0	False	False	False	False
sp|O60884|DNJA2_HUMAN	psvid_48547_sp|O60884|DNJA2_HUMAN	0.04716970176157309	-0.36234186282042125	0.4566812663435674	0.18357334433296232	0.2569528922239247	0.8024693865922032	1.0	0.09728522213866807	-12.017592411109002	0.1562215402550956	0.39524870683545016	0.18006260964457144	0.2619627798057695	0.7995349557052172	1.0	False	False	False	False
sp|O60613|SEP15_HUMAN	psvid_165868_sp|O60613|SEP15_HUMAN	-0.050211465266345456	-0.48621764461044714	0.38579471407775623	0.19545018850379328	-0.25690159549460323	0.802507878376653	1.0	0.23476097384072114	-11.295131649286077	0.10904119080227953	0.330213856163365	0.2199904345690533	-0.22824385689635276	0.8248070342545709	1.0	False	False	False	False
sp|Q13409|DC1I2_HUMAN	psvid_38518_sp|Q13409|DC1I2_HUMAN	-0.210065080043647	-2.040829037961195	1.620698877873901	0.8206836912706615	-0.25596351222528135	0.8032118903599978	1.0	1.356854172179162	-15.225875949511986	0.5896370642117116	0.7678782873683248	0.8205680298595589	-0.25599959101453157	0.8039872347600306	1.0	False	False	False	False
sp|Q13310|PABP4_HUMAN	psvid_56240_sp|Q13310|PABP4_HUMAN	-0.19302116439111483	-1.8794652207668407	1.493422891984611	0.7559888467993486	-0.25532276727138764	0.8036928624365816	1.0	1.2394347041263944	-14.317065089110343	0.5402527095354606	0.7350188497824124	0.7527663085353431	-0.25641578561967787	0.8036762459836005	1.0	False	False	False	False
sp|Q96A33|CCD47_HUMAN	psvid_41895_sp|Q96A33|CCD47_HUMAN	0.0643324907132854	-0.49882554976665794	0.6274905311932287	0.2524490486231472	0.25483356369989785	0.804060138662738	1.0	0.3889337475869051	-10.649225185718084	0.09095843681284056	0.30159316440005823	0.28643140239026904	0.22459999209734333	0.8275515920195475	1.0	False	False	False	False
sp|Q9NY15|STAB1_HUMAN	psvid_32684_sp|Q9NY15|STAB1_HUMAN	-0.14705804150501445	-1.4349973449357123	1.1408812619256834	0.577349568796609	-0.2547123085439086	0.8041511803664537	1.0	0.8531127432241447	-14.640385891694708	0.5729320382942572	0.7569227426192565	0.5327127935478454	-0.2760550211786991	0.7890441822701556	1.0	False	False	False	False
sp|Q99643|C560_HUMAN	psvid_84921_sp|Q99643|C560_HUMAN	0.13166821218426472	-1.0230616283532725	1.286398052721802	0.517635243939737	0.25436485194117403	0.804412077361221	1.0	0.8694265089177129	-12.389172864843605	0.19857742547238103	0.4456202704908979	0.5418635018478727	0.24299147614712452	0.8137253851908678	1.0	False	False	False	False
sp|P04792|HSPB1_HUMAN	psvid_56555_sp|P04792|HSPB1_HUMAN	0.06038268117438372	-0.4733323800804464	0.5940977424292139	0.23925052962894736	0.2523826437000201	0.8059009523432885	1.0	0.36468349636805525	-10.216297588640902	0.08609874264873396	0.29342587249377644	0.27504185105908596	0.21953997525057375	0.8313669242188902	1.0	False	False	False	False
sp|Q92896|GSLG1_HUMAN	psvid_41934_sp|Q92896|GSLG1_HUMAN	-0.12787992930192527	-1.25897207608582	1.0032122174819695	0.5070390828786843	-0.25220921546302616	0.8060312565054568	1.0	0.7448308772255985	-13.761727221121749	0.45193660131877417	0.6722623009798885	0.4724794937988787	-0.27065709936685667	0.7930573772438728	1.0	False	False	False	False
sp|P42766|RL35_HUMAN	psvid_18346_sp|P42766|RL35_HUMAN	-0.05321753503853799	-0.524033432323145	0.417598362246069	0.2110544763684067	-0.25215070513663956	0.8060752192600454	1.0	0.2893651165159612	-10.944424784218032	0.09729941453190057	0.31192854074595444	0.2416822457670942	-0.22019629480695482	0.8308717810130044	1.0	False	False	False	False
sp|Q9Y5S2|MRCKB_HUMAN	psvid_34216_sp|Q9Y5S2|MRCKB_HUMAN	0.14818485718653918	-1.164867281607181	1.4612369959802594	0.5886069973334045	0.251755174263759	0.8063724268837739	1.0	0.9454992382356857	-17.01190361012086	0.3846666784520837	0.6202150259805737	0.5847462846295701	0.25341735566633405	0.8059175502630167	1.0	False	False	False	False
sp|Q13740|CD166_HUMAN	psvid_55431_sp|Q13740|CD166_HUMAN	-0.13642343916705935	-1.3458056915801355	1.0729588132460168	0.5421344935130574	-0.25164131926568434	0.8064579851805389	1.0	0.7786894046758793	-14.48689203248668	0.5593981691418937	0.7479292541022137	0.4912099275436876	-0.2777294014582513	0.7878006685666676	1.0	False	False	False	False
sp|Q08830|FGL1_HUMAN	psvid_75605_sp|Q08830|FGL1_HUMAN	-0.04127301324849686	-0.4084036140986915	0.3258575876016978	0.16457506462322607	-0.2507853382466307	0.8071013126262931	1.0	0.17390321618464682	-10.643089700833675	0.09085520431762656	0.3014219705290684	0.19923139479287064	-0.2071611920972898	0.8407203662407703	1.0	False	False	False	False
sp|P43490|NAMPT_HUMAN	psvid_85176_sp|P43490|NAMPT_HUMAN	0.08482143397093189	-0.6697856089728089	0.8394284769146727	0.3382706387591004	0.2507502107841453	0.8071277165133136	1.0	0.4711720514634777	-12.66470648235842	0.23935779252054185	0.4892420592309515	0.3267935984641306	0.259556595874512	0.8013305606819158	1.0	False	False	False	False
sp|P00751|CFAB_HUMAN	psvid_85533_sp|P00751|CFAB_HUMAN	0.0682730649949006	-0.539672119469237	0.6762182494590382	0.2725259561280493	0.2505194953350489	0.807301142268579	1.0	0.4079362598664796	-11.545756702853234	0.12114101374754653	0.34805317660890056	0.29553615908921577	0.2310142528931307	0.8227220654216696	1.0	False	False	False	False
sp|P01834|IGKC_HUMAN	psvid_159525_sp|P01834|IGKC_HUMAN	-0.095587467490311	-0.947587684472873	0.756412749492251	0.3819294562866549	-0.2502751906586864	0.8074847948199682	1.0	0.6411777583370448	-11.287488283652962	0.10872641406586983	0.32973688611659724	0.4158917416953896	-0.22983737811346552	0.8236075882361643	1.0	False	False	False	False
sp|Q92597|NDRG1_HUMAN	psvid_49957_sp|Q92597|NDRG1_HUMAN	-0.11756117356963225	-1.1659035360954906	0.9307811889562261	0.4699445147323985	-0.25015968882321216	0.8075716259527891	1.0	0.6501330694342068	-13.865195460865277	0.47086091192574997	0.6861930573284387	0.420728470500341	-0.2794229100536636	0.7865435996268638	1.0	False	False	False	False
sp|P34897|GLYM_HUMAN	psvid_50504_sp|P34897|GLYM_HUMAN	-0.1197136041122393	-1.1889706014495875	0.949543393225109	0.47931999955360693	-0.24975716478287818	0.8078742540012213	1.0	0.8185205397285834	-11.787948781218375	0.13679057136659462	0.36985209390592155	0.5133698819555432	-0.23319171677197506	0.821084368758298	1.0	False	False	False	False
sp|Q9HCU5|SEC12_HUMAN	psvid_51181_sp|Q9HCU5|SEC12_HUMAN	-0.05885471816033139	-0.585388141651528	0.4676787053308652	0.23603118889212638	-0.24935144561437528	0.8081793179129606	1.0	0.31159128969465666	-11.74095951445624	0.1333954715105486	0.3652334479624622	0.2511656310044068	-0.23432632054382774	0.820231384722772	1.0	False	False	False	False
sp|Q92930|RAB8B_HUMAN	psvid_67046_sp|Q92930|RAB8B_HUMAN	0.0822492300911688	-0.6538028410953922	0.8183013012777298	0.3299529292874619	0.24927564749549944	0.8082363149488848	1.0	0.5301274978123528	-11.537670137962401	0.12069167263962	0.3474070705089636	0.3570021682653197	0.23038860097354413	0.8231927951992123	1.0	False	False	False	False
sp|P05386|RLA1_HUMAN	psvid_48096_sp|P05386|RLA1_HUMAN	0.07966233768261244	-0.6340609681888102	0.7933856435540351	0.31994352667654957	0.24898874657697936	0.8084520631855358	1.0	0.5314324722534645	-9.755614191145819	0.08561067943514457	0.2925930269762842	0.35768043723233073	0.22271930301535586	0.828969104834075	1.0	False	False	False	False
sp|Q8NEN9|PDZD8_HUMAN	psvid_35246_sp|Q8NEN9|PDZD8_HUMAN	0.13063981885619924	-1.043956100076949	1.3052357377893475	0.5265406882916827	0.2481096366551448	0.8091132549198292	1.0	0.748673359134473	-15.89804266109809	0.5452579820028143	0.7384158597990798	0.47459980966948084	0.27526310840111584	0.7896325347980582	1.0	False	False	False	False
sp|Q99624|S38A3_HUMAN	psvid_53394_sp|Q99624|S38A3_HUMAN	0.16848269942844052	-1.3467602096381885	1.6837256084950696	0.6792438415703732	0.248044500541835	0.8091622510514078	1.0	1.0673781984133215	-15.11505613102496	0.5907312761194994	0.768590447585383	0.6540436954069696	0.2576015954463172	0.8027903874506573	1.0	False	False	False	False
sp|P55769|NH2L1_HUMAN	psvid_100029_sp|P55769|NH2L1_HUMAN	0.12378639685162396	-0.9917062653681541	1.239279059071402	0.5000462411643645	0.24754989971204594	0.8095343237113254	1.0	0.7726867612504125	-13.260442353789479	0.3514470069564155	0.5928296609958171	0.4878817620287246	0.2537221238541315	0.8056896517331773	1.0	False	False	False	False
sp|P04844|RPN2_HUMAN	psvid_79108_sp|P04844|RPN2_HUMAN	0.053388685809981684	-0.4283602184113846	0.535137590031348	0.2159554579781569	0.24722082187606367	0.8097819062461825	1.0	0.30797798338408855	-10.643126379505272	0.09085581824968066	0.30142298892035535	0.24960130370025924	0.21389586119347756	0.8356282261961419	1.0	False	False	False	False
sp|Q687X5|STEA4_HUMAN	psvid_47896_sp|Q687X5|STEA4_HUMAN	-0.09947618625212051	-0.9977025856629559	0.7987502131587149	0.40265144716074824	-0.24705284670790517	0.8099082912826809	1.0	0.5466747498346776	-13.3174634208453	0.3632039130671272	0.6026640134163704	0.36563022572361353	-0.27206773196950174	0.7920079818833667	1.0	False	False	False	False
sp|Q9UBU6|FA8A1_HUMAN	psvid_51504_sp|Q9UBU6|FA8A1_HUMAN	0.05476784166171411	-0.441345108885743	0.5508807922091712	0.22239448498079026	0.2462643876553179	0.8105016069432076	1.0	0.20578055907695597	-12.288189093766068	0.18565521749429018	0.43087726500047574	0.20959088111701277	0.2613083230044617	0.8000232177812429	1.0	False	False	False	False
sp|Q9UN36|NDRG2_HUMAN	psvid_34586_sp|Q9UN36|NDRG2_HUMAN	-0.10194837172358495	-1.0259646677355163	0.8220679242883465	0.4142123845762692	-0.2461258415242124	0.8106058759790411	1.0	0.6243330313179827	-12.85243476962279	0.2716240776718989	0.5211756687259095	0.40682506604527024	-0.2505951088870233	0.8080288844717423	1.0	False	False	False	False
sp|Q04446|GLGB_HUMAN	psvid_57833_sp|Q04446|GLGB_HUMAN	0.12927732299962535	-1.0450833737241363	1.303638019723387	0.5264352443155581	0.2455711778334761	0.811023351685677	1.0	0.7325499551139574	-14.76768870888844	0.5813114444489483	0.7624378298910334	0.4657124284944259	0.27759045086590955	0.7879038388478837	1.0	False	False	False	False
sp|P08559|ODPA_HUMAN	psvid_81212_sp|P08559|ODPA_HUMAN	0.18010792051795876	-1.4620591237743148	1.8222749648102323	0.7361406181088426	0.244665103497018	0.8117054555256987	1.0	1.2868539843693672	-12.447530157088503	0.2065396153890377	0.4544662973082137	0.7801126165885934	0.23087425672663098	0.8228273895872914	1.0	False	False	False	False
sp|Q9NS69|TOM22_HUMAN	psvid_85921_sp|Q9NS69|TOM22_HUMAN	-0.12141532763665586	-1.2296605394473565	0.9868298841740448	0.4967973983365931	-0.2443960617410356	0.8119080253392883	1.0	0.843153622754165	-12.061163517507408	0.16046626629521485	0.40058240886890534	0.5271352876437787	-0.23033048722532967	0.8232365228122165	1.0	False	False	False	False
sp|O95782|AP2A1_HUMAN	psvid_49860_sp|O95782|AP2A1_HUMAN	-0.07422116981980231	-0.7528745290490793	0.6044321894094746	0.30422258507811467	-0.24396995312082	0.8122288854440787	1.0	0.380016618846723	-12.713967444532038	0.24748809439618946	0.497481752827367	0.2822119900587672	-0.2629979321727141	0.7987628624353915	1.0	False	False	False	False
sp|P07947|YES_HUMAN	psvid_81488_sp|P07947|YES_HUMAN	-0.18833658211201731	-1.9106437251608037	1.533970560936769	0.772065332369168	-0.2439386593542358	0.8122524511129423	1.0	1.2592752110406547	-14.949681397980207	0.5887031687279248	0.7672699451483322	0.7642019552182967	-0.24644870485605913	0.8111338247893122	1.0	False	False	False	False
sp|O94979|SC31A_HUMAN	psvid_25878_sp|O94979|SC31A_HUMAN	0.2925206001538392	-2.3826308285550213	2.9676720288626997	1.1992005521662383	0.24392967433631463	0.81225921728776	1.0	2.1059338411361033	-13.95356408494992	0.4862516866247848	0.6973174934165819	1.2573744506210407	0.23264398287189453	0.8214962394634012	1.0	False	False	False	False
sp|P00395|COX1_HUMAN	psvid_151902_sp|P00395|COX1_HUMAN	0.13563238274621137	-1.1049038117425656	1.3761685772349883	0.5560999924894524	0.2438992709549154	0.8122821126984122	1.0	0.7985509877320636	-14.964823379547614	0.5890737713451689	0.7675114144722337	0.5022439198101353	0.27005281178413243	0.7935070536821783	1.0	False	False	False	False
sp|P04632|CPNS1_HUMAN	psvid_51988_sp|P04632|CPNS1_HUMAN	-0.14504113479687408	-1.4721655505900917	1.1820832809963435	0.5949152317634002	-0.24380134690274233	0.8123558561333898	1.0	0.8897313984986757	-14.734965476544291	0.5794080386925089	0.7611885697332225	0.5532766219084748	-0.26214940059561626	0.7993957429396894	1.0	False	False	False	False
sp|P0C0L5|CO4B_HUMAN	psvid_24128_sp|P0C0L5|CO4B_HUMAN	-0.06029189429192661	-0.6125862365554591	0.49200244797160586	0.24757913630346404	-0.24352574773516175	0.8125634112875649	1.0	0.37650930699166674	-10.769287714086442	0.09320223209138287	0.3052904061567983	0.2805621848940907	-0.214896723571946	0.834872154713553	1.0	False	False	False	False
sp|Q15166|PON3_HUMAN	psvid_75382_sp|Q15166|PON3_HUMAN	-0.0561659448166707	-0.5708908578305906	0.4585589681972492	0.2307377418996899	-0.24341897582185787	0.8126438258639855	1.0	0.346010523734178	-10.228780327752963	0.08617517399096894	0.2935560832123377	0.26646634601553615	-0.21078063198793584	0.8379826799297934	1.0	False	False	False	False
sp|P12956|XRCC6_HUMAN	psvid_53670_sp|P12956|XRCC6_HUMAN	0.0472098125114182	-0.3854472453476634	0.4798668703704998	0.1939488647689921	0.2434137089054308	0.8126477926672538	1.0	0.20936618542558794	-11.584790056217152	0.12337132838867189	0.3512425492286945	0.21082982373135864	0.22392378685272438	0.8280611851370826	1.0	False	False	False	False
sp|Q3ZCQ8|TIM50_HUMAN	psvid_87892_sp|Q3ZCQ8|TIM50_HUMAN	-0.07456899402737704	-0.7610156590849914	0.6118776710302373	0.3077161206410915	-0.2423304761285208	0.8134637527234606	1.0	0.3116399184673095	-13.15950386120469	0.3308281295684444	0.5751766072854879	0.2511867417058067	-0.2968667594514732	0.7736342021577239	1.0	False	False	False	False
sp|P17987|TCPA_HUMAN	psvid_23035_sp|P17987|TCPA_HUMAN	-0.10654660602924881	-1.0878787963074055	0.8747855842489078	0.43990560377662397	-0.24220333888574702	0.813559535999631	1.0	0.7079272750329634	-12.486478738342157	0.21205632317714918	0.46049573632895796	0.452191291594156	-0.23562286140812047	0.8192569660357089	1.0	False	False	False	False
sp|O75880|SCO1_HUMAN	psvid_44365_sp|O75880|SCO1_HUMAN	0.05706185151629972	-0.4697454940761848	0.5838691971087843	0.2361539810195513	0.2416298521411568	0.8139916323378185	1.0	0.2594887509233964	-12.23524057467931	0.1793085897149187	0.4234484498907969	0.22950469730740303	0.2486304297287213	0.8094996475147228	1.0	False	False	False	False
sp|P30084|ECHM_HUMAN	psvid_59972_sp|P30084|ECHM_HUMAN	-0.04884682816386787	-0.500288997642909	0.4025953413151732	0.202369739933443	-0.24137417076255083	0.8141842978295674	1.0	0.26885578993682613	-10.91987080469356	0.09666172352594203	0.3109046855966343	0.23324701060709355	-0.2094210255331021	0.8390107945040293	1.0	False	False	False	False
sp|Q01484|ANK2_HUMAN	psvid_26878_sp|Q01484|ANK2_HUMAN	0.0839653258099684	-0.6930460496073573	0.8609767012272941	0.3483139161545061	0.24106221978430178	0.8144193821950533	1.0	0.5618992901068549	-18.981496092088797	0.1305916574261094	0.36137467734487067	0.3736191179768957	0.22473508921232654	0.8274497921543057	1.0	False	False	False	False
sp|Q5VTE0|EF1A3_HUMAN	psvid_59806_sp|Q5VTE0|EF1A3_HUMAN	-0.043650671272563724	-0.4476488823812364	0.36034753983610895	0.18110185189386477	-0.24102829880583065	0.8144449460055134	1.0	0.22490627000405994	-10.489713066616998	0.0886133004707561	0.2976798623870216	0.21635779309247277	-0.2017522486648176	0.8448158455212831	1.0	False	False	False	False
sp|P24158|PRTN3_HUMAN	psvid_34923_sp|P24158|PRTN3_HUMAN	0.2006821780330248	-1.658984865411698	2.0603492214777477	0.833640190013697	0.24072997012023556	0.8146697848049306	1.0	1.407850963108389	-13.929089398070616	0.4820658628962823	0.6943096304216745	0.8500985102874059	0.23606932091338106	0.8189215045682908	1.0	False	False	False	False
sp|P05164|PERM_HUMAN	psvid_26163_sp|P05164|PERM_HUMAN	0.1491300894496912	-1.2346226830840807	1.5328828619834631	0.6203002458387773	0.24041597669856754	0.8149064485998097	1.0	1.04191705170903	-12.925056280376122	0.28498856834888836	0.5338432057719648	0.6395159745350347	0.23319212558860228	0.821084061368777	1.0	False	False	False	False
sp|Q9UNM6|PSD13_HUMAN	psvid_82089_sp|Q9UNM6|PSD13_HUMAN	-0.14538359815072477	-1.497157729166338	1.2063905328648885	0.6059650556306436	-0.23992076242650703	0.8152797422933189	1.0	0.9274647316564093	-14.327159009060063	0.5415077300396157	0.7358720880965766	0.5745508073547594	-0.2530387152705834	0.8062007158769295	1.0	False	False	False	False
sp|Q06210|GFPT1_HUMAN	psvid_43085_sp|Q06210|GFPT1_HUMAN	-0.21241038942600987	-2.189998495654657	1.7651777168026375	0.8865011241966875	-0.23960532437958026	0.8155175455577086	1.0	1.4876692379114944	-14.938290167623363	0.588399653992307	0.7670721308927257	0.8964035699897852	-0.23695843762473007	0.8182535555133276	1.0	False	False	False	False
sp|P21953|ODBB_HUMAN	psvid_91037_sp|P21953|ODBB_HUMAN	-0.11230230429592991	-1.1580489863094876	0.9334443777176278	0.4687809389175145	-0.23956243731934318	0.8155498788872239	1.0	0.7226395650561365	-13.069037034793286	0.3127219801780483	0.5592155042361114	0.4602626401900583	-0.24399613283745217	0.8129720378272204	1.0	False	False	False	False
sp|Q6DD88|ATLA3_HUMAN	psvid_26304_sp|Q6DD88|ATLA3_HUMAN	-0.04672331395350371	-0.4832416879970621	0.38979506009005466	0.19567979201700506	-0.23877434390079144	0.8161441014223986	1.0	0.2591897590671614	-10.651434201856897	0.09099586912738052	0.3016552156475676	0.2293864431111036	-0.20368820981662467	0.843349419915587	1.0	False	False	False	False
sp|P46778|RL21_HUMAN	psvid_10179_sp|P46778|RL21_HUMAN	0.043530857409415535	-0.36347646704743036	0.45053818186626143	0.18245075885663875	0.23858962101451187	0.8162834002234479	1.0	0.21903318755754153	-10.855718001602924	0.09509528921917389	0.3083752409308729	0.21423900429005094	0.20318829222376603	0.8437280294176794	1.0	False	False	False	False
sp|Q9BWS9|CHID1_HUMAN	psvid_62902_sp|Q9BWS9|CHID1_HUMAN	-0.1209239288635291	-1.2522375671260422	1.010389709398984	0.5071383717266383	-0.23844365878255896	0.8163934745209224	1.0	0.8561829180503396	-12.233604910428937	0.17911717833573562	0.42322237456889683	0.534433571872564	-0.22626559263452012	0.8262967504382829	1.0	False	False	False	False
sp|P11233|RALA_HUMAN	psvid_82803_sp|P11233|RALA_HUMAN	0.04434188694533692	-0.37199512203757673	0.46067889592825056	0.18663301288350598	0.23758865733478018	0.817038339737283	1.0	0.1714313238551363	-11.712264038358978	0.13141272092094994	0.3625089252983296	0.19848034318684543	0.22340694415060713	0.8284507392763422	1.0	False	False	False	False
sp|Q08380|LG3BP_HUMAN	psvid_35482_sp|Q08380|LG3BP_HUMAN	0.13834549043072997	-1.1612667088191662	1.437957689680626	0.5825822232779734	0.23746946766125368	0.8171282472129541	1.0	0.8731891821535128	-14.403663585854243	0.5505454586260222	0.7419875057074898	0.5439765086934899	0.25432254558750145	0.80524072755051	1.0	False	False	False	False
sp|Q8N2K0|ABD12_HUMAN	psvid_69529_sp|Q8N2K0|ABD12_HUMAN	0.1717178058600064	-1.442515068300222	1.7859506800202347	0.7236184588444521	0.23730434700936587	0.8172528060703678	1.0	1.1618845648375338	-15.421121533960623	0.5831099657045845	0.7636163733869151	0.7081624881567486	0.24248362308340374	0.814106279280753	1.0	False	False	False	False
sp|Q6YN16|HSDL2_HUMAN	psvid_58560_sp|Q6YN16|HSDL2_HUMAN	0.06647261786440106	-0.5594421397200849	0.6923873754488871	0.2805812466722986	0.23691040884866027	0.8175499951174117	1.0	0.22187665879585228	-13.122531109922768	0.3233762162926482	0.5686617767114721	0.21526042501609785	0.30880092269366294	0.7648444857034213	1.0	False	False	False	False
sp|P46940|IQGA1_HUMAN	psvid_48542_sp|P46940|IQGA1_HUMAN	-0.15259494780232696	-1.5924883971668515	1.2872985015621976	0.6454666457412	-0.23641027589752472	0.8179273418185767	1.0	0.9957126958701035	-15.12127361646653	0.5907214332801477	0.768584044383012	0.6132182686963032	-0.24884279479595822	0.8093406320615182	1.0	False	False	False	False
sp|O75347|TBCA_HUMAN	psvid_32947_sp|O75347|TBCA_HUMAN	-0.08218315890297845	-0.8579008797499412	0.6935345619439843	0.3477340045807376	-0.23633914952340243	0.8179810101237714	1.0	0.527312317995305	-12.293479398718187	0.18630544413668837	0.4316311436130256	0.3555402614571763	-0.23115007725468847	0.8226198834680876	1.0	False	False	False	False
sp|P48444|COPD_HUMAN	psvid_59906_sp|P48444|COPD_HUMAN	-0.19871401846034464	-2.0775939343305767	1.6801658974098876	0.8422528191808206	-0.23593155633912263	0.8182885780231701	1.0	1.4433384789001786	-13.49688590831392	0.400063203052214	0.6325054964600814	0.8706738432940326	-0.22823014609988407	0.8248173564993103	1.0	False	False	False	False
sp|O60739|EIF1B_HUMAN	psvid_103290_sp|O60739|EIF1B_HUMAN	-0.1046839058994542	-1.0971590084121818	0.8877911966132734	0.4449006804519233	-0.23529724835016635	0.8187672882343303	1.0	0.7016354930710046	-12.717289598440395	0.24804525896616203	0.49804142294207016	0.4487467472517289	-0.233280589866272	0.8210175457785768	1.0	False	False	False	False
sp|P09211|GSTP1_HUMAN	psvid_40086_sp|P09211|GSTP1_HUMAN	0.1457138862005869	-1.2361434347764637	1.5275712071776375	0.6194505643855963	0.23523085550033132	0.8188173992315805	1.0	0.979177168618832	-13.883235463159718	0.47406396050623417	0.688523028304961	0.6038292105860208	0.2413163915325833	0.8149819098348481	1.0	False	False	False	False
sp|P15531|NDKA_HUMAN	psvid_71632_sp|P15531|NDKA_HUMAN	-0.06493688140153164	-0.680915543018683	0.5510417802156197	0.2761271542263411	-0.23517021201146684	0.8188631715612882	1.0	0.4031888907220171	-11.791501888865902	0.13705501021358676	0.37020941399914015	0.2932476447632715	-0.2214404192536752	0.8299334019326547	1.0	False	False	False	False
sp|Q93050|VPP1_HUMAN	psvid_66423_sp|Q93050|VPP1_HUMAN	0.08504188538057678	-0.7218379427693656	0.8919217135305192	0.3617031638153731	0.23511512723174674	0.8189047489228304	1.0	0.3536703659622953	-13.866275367191234	0.47105350000723956	0.6863333738113276	0.26996238627324703	0.3150138304619229	0.7602826265417603	1.0	False	False	False	False
sp|Q16658|FSCN1_HUMAN	psvid_70197_sp|Q16658|FSCN1_HUMAN	-0.18619734663496557	-1.9560206478377473	1.5836259545678162	0.7933655856870114	-0.2346929965127348	0.8192233879194893	1.0	1.3057837022796581	-14.664672555681157	0.574732406245627	0.7581110777753001	0.7910429998303306	-0.23538207995633956	0.8194379010502966	1.0	False	False	False	False
sp|O95674|CDS2_HUMAN	psvid_89073_sp|O95674|CDS2_HUMAN	0.0740590331344384	-0.6339631172469616	0.7820811835158384	0.31738784749583104	0.23333922114144962	0.8202454976763539	1.0	0.4592124553015919	-12.29950002452838	0.18704901119069225	0.4324916313533619	0.3207810615118181	0.23087096471781562	0.822829866329735	1.0	False	False	False	False
sp|Q01130|SRSF2_HUMAN	psvid_31475_sp|Q01130|SRSF2_HUMAN	0.07767926571190475	-0.6651919372524436	0.8205504686762531	0.33300976805384297	0.23326422574891292	0.8203021300690059	1.0	0.42966473270004213	-12.891700894545519	0.27879349342456133	0.5280089899088474	0.3061210379114088	0.2537534376660028	0.805666237102391	1.0	False	False	False	False
sp|P11712|CP2C9_HUMAN	psvid_41130_sp|P11712|CP2C9_HUMAN	0.1037593597916393	-0.8887121774388976	1.0962308970221764	0.44489908222898694	0.2332199906365169	0.8203355344997703	1.0	0.7606325604861752	-8.225182248327144	0.11577126582708971	0.34025176829384696	0.48120792376893434	0.21562271663976654	0.8343238379740872	1.0	False	False	False	False
sp|P68133|ACTS_HUMAN	psvid_9911_sp|P68133|ACTS_HUMAN	0.034397486900532126	-0.2960737315840973	0.36486870538516153	0.1481416204813081	0.23219326742056434	0.8211109770414569	1.0	0.1296509148222733	-10.05236500279379	0.08541428056193871	0.29225721644116626	0.18706332023436803	0.18388151593501162	0.8583816395149969	1.0	False	False	False	False
sp|P16989|YBOX3_HUMAN	psvid_69836_sp|P16989|YBOX3_HUMAN	-0.1716432356377382	-1.8218096937746269	1.4785232224991505	0.7397265465151828	-0.23203606311865035	0.8212297249875535	1.0	1.2591492986016941	-13.21193874375648	0.34149737962939236	0.5843777713340852	0.7641293532017212	-0.22462588947610604	0.8275320772758998	1.0	False	False	False	False
sp|Q99685|MGLL_HUMAN	psvid_58073_sp|Q99685|MGLL_HUMAN	0.07552364831869562	-0.6514064650017348	0.8024537616391261	0.32586379369965685	0.23176446656207683	0.8214348929722098	1.0	0.530572435509591	-11.22818248229801	0.10638151366531313	0.3261617906274632	0.35723338480618855	0.2114126269572196	0.837504885844901	1.0	False	False	False	False
sp|P61019|RAB2A_HUMAN	psvid_89618_sp|P61019|RAB2A_HUMAN	0.03228242508307888	-0.2786865060283859	0.34325135619454367	0.13939925414816512	0.23158248069797013	0.8215723756511171	1.0	0.0918089857301326	-10.092306046309249	0.08552729898748183	0.292450506902419	0.17905360300933743	0.18029475274728424	0.8611105088013945	1.0	False	False	False	False
sp|A0A0U1RRL7|MMPOS_HUMAN	psvid_100287_sp|A0A0U1RRL7|MMPOS_HUMAN	0.08251590836562617	-0.7129821932013936	0.8780140099326459	0.35660103290182193	0.2313955955039091	0.8217135661710187	1.0	0.5857274987400057	-11.49254607935547	0.11826168976919099	0.3438919739819337	0.3862125271516034	0.21365414781907233	0.8358108483042197	1.0	False	False	False	False
sp|P09651|ROA1_HUMAN	psvid_31212_sp|P09651|ROA1_HUMAN	0.10137670904576046	-0.8789544918649451	1.081707909956466	0.43945688637346025	0.23068635897904277	0.8222494504317126	1.0	0.7246957840514663	-12.1820522935947	0.17322568007319117	0.4162038924291689	0.46139253675703606	0.21971900490263946	0.8312318520904179	1.0	False	False	False	False
sp|P37059|DHB2_HUMAN	psvid_73637_sp|P37059|DHB2_HUMAN	0.036371745163743974	-0.3157660004664311	0.38850949079391905	0.1578541590081471	0.23041360070764288	0.8224555664455915	1.0	0.16298910774759348	-10.08805128368181	0.08551363653127284	0.2924271473910602	0.19597585432704143	0.18559299199710275	0.8570802229148943	1.0	False	False	False	False
sp|Q99613|EIF3C_HUMAN	psvid_30062_sp|Q99613|EIF3C_HUMAN	0.0926083689823547	-0.8045981654734878	0.9898149034381972	0.4021942683244262	0.23025780394178327	0.8225733041941631	1.0	0.6145031735273854	-12.672239599541737	0.24058504626644978	0.4904946954518976	0.4015538017481512	0.2306250584085799	0.8230148798165647	1.0	False	False	False	False
sp|B2MG_HUMAN|,sp|P61769|B2MG_HUMAN	psvid_66466_sp|B2MG_HUMAN|	0.07194348331988687	-0.6255874967887654	0.7694744634285391	0.3126849297286595	0.23008298923238066	0.8227054195692437	1.0	0.46237453696167363	-12.130153169059465	0.16756857362657462	0.4093514060395721	0.32236656559859966	0.22317290624198463	0.8286271545165957	1.0	False	False	False	False
sp|P63220|RS21_HUMAN	psvid_80408_sp|P63220|RS21_HUMAN	0.0800313734578535	-0.697539472526067	0.857602219441774	0.348564712204846	0.229602626587227	0.8230684812769741	1.0	0.5855262560545045	-9.25579906970693	0.08991231186333187	0.2998538174900094	0.38610573399674525	0.20727838623222347	0.8406316865297322	1.0	False	False	False	False
sp|O43852|CALU_HUMAN	psvid_61808_sp|O43852|CALU_HUMAN	0.041923974758716565	-0.3654261805077233	0.4492741300251564	0.1826044409591742	0.2295890206092508	0.823078765416708	1.0	0.23258908673761755	-10.198022039641188	0.08599316737679194	0.2932459162150292	0.21918168622045783	0.1912749896291449	0.8527629166979913	1.0	False	False	False	False
sp|Q8N5M9|JAGN1_HUMAN	psvid_42957_sp|Q8N5M9|JAGN1_HUMAN	-0.05866358859950305	-0.629113767642272	0.5117865904432659	0.25571792398368476	-0.22940741769531137	0.8232160341647186	1.0	0.28951811288315726	-12.420346448595712	0.2027854357706428	0.45031703917422755	0.24174635319721527	-0.2426658678554941	0.8139695881715064	1.0	False	False	False	False
sp|P40926|MDHM_HUMAN	psvid_39980_sp|P40926|MDHM_HUMAN	-0.06776443682409061	-0.7267472122438344	0.5912183385956532	0.2954047758458316	-0.22939519725116464	0.8232252714940187	1.0	0.45076993927039744	-11.699894046110519	0.13057845205010896	0.36135640585176976	0.3165631305072774	-0.2140629476196464	0.8355019932398868	1.0	False	False	False	False
sp|P54868|HMCS2_HUMAN	psvid_40373_sp|P54868|HMCS2_HUMAN	-0.0594537153171073	-0.6380124203208758	0.5191049896866612	0.25935276450348965	-0.22923879539486203	0.8233434968240262	1.0	0.38132597501902304	-11.484540197913429	0.11784396631554389	0.343284089808345	0.28282933278727446	-0.21021057020922387	0.8384137126073957	1.0	False	False	False	False
sp|Q96A57|TM230_HUMAN	psvid_25004_sp|Q96A57|TM230_HUMAN	-0.0654414256914726	-0.7048288736518943	0.5739460222689491	0.2866207020708233	-0.22832065241156996	0.8240376214658689	1.0	0.37672420811246743	-12.389477803950998	0.1986180858873129	0.44566589042388344	0.28066311011279416	-0.2331671792034682	0.8211028186335517	1.0	False	False	False	False
sp|Q9Y2H6|FND3A_HUMAN	psvid_26322_sp|Q9Y2H6|FND3A_HUMAN	-0.10039003726068785	-1.0820020307151819	0.8812219561938062	0.4400310322364714	-0.22814308516027237	0.8241718823704736	1.0	0.6484180480692778	-13.186786377261292	0.3363662813456336	0.579970931466081	0.4198013331281355	-0.23913701395999595	0.8166175606801402	1.0	False	False	False	False
sp|P69849|NOMO3_HUMAN	psvid_34733_sp|P69849|NOMO3_HUMAN	-0.05663274287837616	-0.6109170989614949	0.4976516132047426	0.24847120755059268	-0.22792477018426707	0.8243369613221138	1.0	0.3192781586033043	-12.02047325329905	0.156496518703922	0.39559640886125597	0.2545212750181236	-0.22250691174772536	0.8291292298939222	1.0	False	False	False	False
sp|O15523|DDX3Y_HUMAN	psvid_50631_sp|O15523|DDX3Y_HUMAN	-0.1537912376934809	-1.6594779434521574	1.3518954680651956	0.6749600450867325	-0.2278523577995179	0.8243917179613832	1.0	1.1191832508654835	-13.436145347342402	0.38766967706894223	0.6226312528848373	0.6836741225888522	-0.224948162599929	0.8272892417234776	1.0	False	False	False	False
sp|Q92954|PRG4_HUMAN	psvid_159274_sp|Q92954|PRG4_HUMAN	-0.1579232952549825	-1.708077573396573	1.392230982886608	0.6948936969850176	-0.22726252366394314	0.8248377742791388	1.0	1.109207469184924	-14.493893837088496	0.5600952190573624	0.7483950955593993	0.6779613618355093	-0.23293848904223943	0.8212747771193325	1.0	False	False	False	False
sp|P38117|ETFB_HUMAN	psvid_54313_sp|P38117|ETFB_HUMAN	0.06621730191140696	-0.5838781852007069	0.7163127890235208	0.29142083649518546	0.22722226285456745	0.8248682235133116	1.0	0.4168336058114139	-12.094855350472374	0.1638757967287335	0.4048157565223141	0.29984900432209777	0.22083549038660918	0.8303896329099248	1.0	False	False	False	False
sp|P50454|SERPH_HUMAN	psvid_32310_sp|P50454|SERPH_HUMAN	0.04864590648669731	-0.43230395819327283	0.5295957711666675	0.21559726941022697	0.22563322169974462	0.8260702578245428	1.0	0.30229253176765686	-10.86833854092335	0.0953922956473226	0.30885643209640723	0.24715725069116712	0.1968216847802791	0.8485534443877025	1.0	False	False	False	False
sp|Q9BUN8|DERL1_HUMAN	psvid_108755_sp|Q9BUN8|DERL1_HUMAN	-0.08578021637013933	-0.9350069766340067	0.763446543893728	0.38068618803919235	-0.22533051911331256	0.8262992916119175	1.0	0.5815157403361152	-12.512045832267159	0.2157658473661566	0.46450602511286826	0.3839789821274236	-0.2233982076177105	0.8284573245962694	1.0	False	False	False	False
sp|P62834|RAP1A_HUMAN	psvid_57819_sp|P62834|RAP1A_HUMAN	0.03323786875089674	-0.2967437742163113	0.3632195117181048	0.14792215655694174	0.22469837869151144	0.8267776430240252	1.0	0.12338259098047132	-10.392989403311004	0.08751686407300358	0.2958324932677335	0.18557391860419703	0.17910851374426393	0.8620134532019292	1.0	False	False	False	False
sp|Q9HCC0|MCCB_HUMAN	psvid_37035_sp|Q9HCC0|MCCB_HUMAN	-0.168065983937562	-1.8417338656574485	1.5056018977823244	0.7502616212159917	-0.224009837615268	0.8272987584472934	1.0	1.2675682009117326	-13.439759252280698	0.3884106407842779	0.6232259949522949	0.7689845446287276	-0.21855573705802595	0.8321096055275663	1.0	False	False	False	False
sp|Q9UHQ9|NB5R1_HUMAN	psvid_65336_sp|Q9UHQ9|NB5R1_HUMAN	-0.059212557194626037	-0.6496250666091341	0.531199952219882	0.26466651558392484	-0.22372515489534958	0.8275142434568932	1.0	0.40888545925429004	-10.990738450068623	0.09856195485940335	0.3139457833120288	0.29599480324574307	-0.20004593508172552	0.8461088488674899	1.0	False	False	False	False
sp|P55072|TERA_HUMAN	psvid_31360_sp|P55072|TERA_HUMAN	0.0472760624355506	-0.42425741260676986	0.5188095374778711	0.21137614774522576	0.2236584540869437	0.8275647335019983	1.0	0.30169852667919433	-10.316295929984005	0.08681122280022333	0.29463744297054867	0.246903148008555	0.19147614283926637	0.8526101707765937	1.0	False	False	False	False
sp|Q6UW02|CP20A_HUMAN	psvid_42878_sp|Q6UW02|CP20A_HUMAN	-0.07158129198047813	-0.7865625323939409	0.6433999484329846	0.3205074258940722	-0.2233373900177145	0.8278077786678021	1.0	0.519936580249052	-11.217341748372153	0.1059710706319851	0.3255319809665175	0.3517186584946242	-0.20351860855733422	0.8434778615855005	1.0	False	False	False	False
sp|Q658P3|STEA3_HUMAN	psvid_75204_sp|Q658P3|STEA3_HUMAN	-0.08158339548648419	-0.8965631756713539	0.7333963846983855	0.36533416086793735	-0.2233117080884624	0.8278272206864157	1.0	0.5741039155861506	-12.160773661263834	0.17087326604776332	0.41336819670574965	0.3800561896791508	-0.21466140455535834	0.8350499032016638	1.0	False	False	False	False
sp|P40222|TXLNA_HUMAN	psvid_72498_sp|P40222|TXLNA_HUMAN	-0.10341562566537199	-1.1369190654219488	0.9300878140912048	0.46329261301666536	-0.2232188097971076	0.8278975486000056	1.0	0.5784912932724604	-14.659567276040598	0.5743617982146136	0.7578666097768219	0.38237704801006783	-0.2704545845613859	0.7932080681770748	1.0	False	False	False	False
sp|Q14103|HNRPD_HUMAN	psvid_49097_sp|Q14103|HNRPD_HUMAN	0.09227503285540584	-0.8311784101273559	1.0157284758381677	0.4139600722562543	0.22290805089599242	0.8281328177639657	1.0	0.6533663846706524	-12.497802701080303	0.2136906981914549	0.46226691228277944	0.4224774867970813	0.2184140829727245	0.8322165087494655	1.0	False	False	False	False
sp|O75460|ERN1_HUMAN	psvid_42688_sp|O75460|ERN1_HUMAN	0.08167108453068384	-0.737132507340174	0.9004746764015417	0.3670482758283117	0.22250774600800963	0.8284359066569827	1.0	0.46399667838990527	-17.213000441912126	0.35247974928975134	0.5937000499324144	0.32318110869462935	0.2527099583900928	0.8064466005753654	1.0	False	False	False	False
sp|Q9HAW7|UD17_HUMAN	psvid_62827_sp|Q9HAW7|UD17_HUMAN	0.10375934476357251	-0.9365754185157582	1.1440941080429032	0.4663549170240563	0.2224900842167388	0.8284492798776302	1.0	0.8097093065991949	-8.871422580460175	0.0966692653111425	0.31091681413384914	0.5084569162222311	0.20406713224493234	0.8430624738907013	1.0	False	False	False	False
sp|Q9HAW9|UD18_HUMAN	psvid_62823_sp|Q9HAW9|UD18_HUMAN	0.10375934476357251	-0.9365754185157582	1.1440941080429032	0.4663549170240563	0.2224900842167388	0.8284492798776302	1.0	0.8097093065991949	-8.871422580460175	0.0966692653111425	0.31091681413384914	0.5084569162222311	0.20406713224493234	0.8430624738907013	1.0	False	False	False	False
sp|P37108|SRP14_HUMAN	psvid_105690_sp|P37108|SRP14_HUMAN	0.07245225116101572	-0.6547003549445543	0.7996048572665857	0.3259635314071858	0.22227103396579084	0.8286151459423948	1.0	0.507030921633118	-11.881944703048074	0.1441615184391176	0.3796860788060547	0.34506272529743404	0.20996835024288407	0.8385968763139715	1.0	False	False	False	False
sp|O00159|MYO1C_HUMAN	psvid_36556_sp|O00159|MYO1C_HUMAN	-0.08758359020239803	-0.9669214499479336	0.7917542695431375	0.3941842079035022	-0.22218949528246656	0.8286768897454191	1.0	0.5836692572064569	-12.814944830332347	0.26490889182957167	0.5146930073641681	0.3851206221736225	-0.22741859344762133	0.8254284019461156	1.0	False	False	False	False
sp|P02774|VTDB_HUMAN	psvid_371851_sp|P02774|VTDB_HUMAN	-0.04367755940902818	-0.48253915410123477	0.3951840352831784	0.1967301966653365	-0.22201756593233804	0.8288070843831485	1.0	0.2582228203257377	-10.800185308617415	0.09385122910417334	0.30635147968334236	0.22900452653285472	-0.19072793044884143	0.8531783597490439	1.0	False	False	False	False
sp|Q9BWM7|SFXN3_HUMAN	psvid_65934_sp|Q9BWM7|SFXN3_HUMAN	-0.08842309928258008	-0.9802367330456386	0.8033905344804785	0.39977677172249154	-0.22118118294266412	0.829440518521592	1.0	0.4805162328807348	-13.781964108679695	0.45570826633173817	0.6750616759465302	0.3315204448084968	-0.2667198981759867	0.7959886739485336	1.0	False	False	False	False
sp|P11177|ODPB_HUMAN	psvid_84787_sp|P11177|ODPB_HUMAN	0.11964599838202883	-1.0886603280869047	1.3279523248509624	0.54165218399874	0.2208908260994054	0.8296604501400692	1.0	0.9431154407348631	-11.573085670260513	0.12269173821971402	0.3502738046439014	0.5833976789891526	0.20508480354145095	0.8422919456069281	1.0	False	False	False	False
sp|Q86VI3|IQGA3_HUMAN	psvid_23820_sp|Q86VI3|IQGA3_HUMAN	0.08090549226445187	-0.7362658855030373	0.898076870031941	0.36631659685380297	0.2208622076076484	0.8296821281351444	1.0	0.4878880561856145	-17.453384890608387	0.3148938514513964	0.5611540354050717	0.33526683437550425	0.24131671841371705	0.8149816645777025	1.0	False	False	False	False
sp|Q92820|GGH_HUMAN	psvid_29058_sp|Q92820|GGH_HUMAN	0.08743917476522167	-0.7964510111317896	0.971329360662233	0.39622489688129414	0.2206806676043322	0.8298196449324726	1.0	0.59153258710054	-12.780830671384107	0.2589127035751172	0.5088346524904895	0.38929616384642163	0.22460836475058782	0.8275452828660151	1.0	False	False	False	False
sp|Q99832|TCPH_HUMAN	psvid_63242_sp|Q99832|TCPH_HUMAN	0.09851887142675286	-0.8988022792190841	1.09584002207259	0.4470730373266344	0.2203641535080416	0.8300594192191278	1.0	0.7278486178734866	-12.402858874260037	0.2004120767255524	0.44767407421644645	0.46312587593219523	0.2127259057344848	0.8365122618542331	1.0	False	False	False	False
sp|Q14240|IF4A2_HUMAN	psvid_13934_sp|Q14240|IF4A2_HUMAN	-0.048836339245774685	-0.5434630832793699	0.44579040478782056	0.2217282573972114	-0.2202531144160288	0.8301435408865934	1.0	0.19968489062893574	-12.306718406909983	0.1879455315160747	0.4335268521280714	0.20751742440683557	-0.23533608989880095	0.8194724615338725	1.0	False	False	False	False
sp|P07305|H10_HUMAN	psvid_104041_sp|P07305|H10_HUMAN	-0.16548209280718984	-1.8439676439772816	1.513003458362902	0.7524212566679666	-0.21993277215480753	0.8303862403427492	1.0	1.270465552232795	-13.465020218588272	0.39357787591557986	0.6273578531552625	0.7706558195034134	-0.21472892128917073	0.8349989033389815	1.0	False	False	False	False
sp|P32929|CGL_HUMAN	psvid_82667_sp|P32929|CGL_HUMAN	-0.1016973759466997	-1.1376537409524676	0.9342589890590682	0.4643921953736433	-0.2189902779586454	0.8311004064925498	1.0	0.6793385502554953	-13.42337280168977	0.38504783684271665	0.6205222291285919	0.4365765515472645	-0.2329428266045795	0.8212715154911028	1.0	False	False	False	False
sp|P51858|HDGF_HUMAN	psvid_26666_sp|P51858|HDGF_HUMAN	0.16254054362323922	-1.493702113170289	1.8187832004167674	0.7424503477572048	0.2189244629142433	0.8311502832664582	1.0	1.214375752995126	-14.251446806258507	0.5317485296865153	0.7292108952055745	0.7383363535463958	0.22014430529191795	0.8309110002548463	1.0	False	False	False	False
sp|Q99442|SEC62_HUMAN	psvid_54725_sp|Q99442|SEC62_HUMAN	-0.06628820415667924	-0.7422025245001366	0.6096261161867781	0.3029947454466719	-0.2187767449859826	0.8312622315668313	1.0	0.4464998079003984	-12.05103777036091	0.15946334764290765	0.39932862111662826	0.31443840679908935	-0.2108145911037965	0.837957004722357	1.0	False	False	False	False
sp|P13639|EF2_HUMAN	psvid_47501_sp|P13639|EF2_HUMAN	0.042366962229384963	-0.38979681418844153	0.47453073864721146	0.1937277395757121	0.21869331837646944	0.8313254583260655	1.0	0.22475476331275598	-11.37902207585706	0.11269459322677916	0.3357001537485188	0.21630269476038413	0.19586885996181533	0.8492761984195075	1.0	False	False	False	False
sp|Q9NZB2|F120A_HUMAN	psvid_39462_sp|Q9NZB2|F120A_HUMAN	-0.08743778146480752	-0.9796017224560127	0.8047261595263977	0.3999338053082965	-0.21863063413057685	0.8313729658434192	1.0	0.4503557121681916	-14.032914072029513	0.499389453327357	0.706674927620442	0.3163567618504713	-0.2763897978767899	0.7887955023138349	1.0	False	False	False	False
sp|Q8IZ83|A16A1_HUMAN	psvid_29152_sp|Q8IZ83|A16A1_HUMAN	0.1528126073240843	-1.4096932935880884	1.715318508236257	0.7004306070409019	0.2181695171341374	0.8317224619071751	1.0	1.2126434916775786	-12.612559754439285	0.23102348114289178	0.48064902074475485	0.7373394243878504	0.20724865953146543	0.8406541802209901	1.0	False	False	False	False
sp|P67936|TPM4_HUMAN	psvid_50416_sp|P67936|TPM4_HUMAN	0.20563428588077537	-1.899956862460796	2.311225434222347	0.9438815465284666	0.21786026714589832	0.8319568744494352	1.0	1.6501050999024098	-13.200042167748698	0.3390676775044126	0.5822951807326011	0.9909031250295199	0.2075220883723112	0.8404472870536064	1.0	False	False	False	False
sp|Q9UBR2|CATZ_HUMAN	psvid_46983_sp|Q9UBR2|CATZ_HUMAN	0.122491045401945	-1.134538604377554	1.379520695181444	0.5634935779439062	0.2173778907097652	0.832322551965626	1.0	0.8897170555322859	-13.472168618453376	0.3950360575024025	0.6285189396528974	0.5532685509731949	0.2213952793566239	0.8299674436269134	1.0	False	False	False	False
sp|P54646|AAPK2_HUMAN	psvid_84922_sp|P54646|AAPK2_HUMAN	-0.1457545659647037	-1.6435083028208066	1.3519991708913992	0.6714039022134016	-0.21708924461743226	0.8325413874494916	1.0	1.0510507343165085	-15.196602936234033	0.5901141272939384	0.7681888617351454	0.6447246903384473	-0.22607256732821893	0.826442146352343	1.0	False	False	False	False
sp|Q10471|GALT2_HUMAN	psvid_29986_sp|Q10471|GALT2_HUMAN	-0.10959740070098034	-1.2403982313926865	1.0212034299907258	0.5069084934791989	-0.21620746566851065	0.833209996400332	1.0	0.8702377270694955	-11.839480904667361	0.1407342860581636	0.3751456864448312	0.5423189818653191	-0.20209029070680407	0.8445597439750949	1.0	False	False	False	False
sp|O60610|DIAP1_HUMAN	psvid_27014_sp|O60610|DIAP1_HUMAN	0.1903946174907989	-1.776989812612477	2.157779047594075	0.8819270825509117	0.21588476106221383	0.833454722133251	1.0	1.4830257864008771	-15.649272996128127	0.5685676651635774	0.7540342599402081	0.8937071489302516	0.21303915686329375	0.8362755406526425	1.0	False	False	False	False
sp|O14653|GOSR2_HUMAN	psvid_71810_sp|O14653|GOSR2_HUMAN	-0.060535422043144216	-0.6864707679627727	0.5653999238764843	0.28059047588549607	-0.21574296793968029	0.8335622580410638	1.0	0.42154939555099824	-11.635518392538671	0.12642759386370617	0.3555665814776554	0.3021471196650368	-0.20035081621911327	0.8458777811676559	1.0	False	False	False	False
sp|Q8TCT8|SPP2A_HUMAN	psvid_40457_sp|Q8TCT8|SPP2A_HUMAN	0.1301508995887808	-1.2159416182230092	1.4762434174005707	0.6034181367466879	0.21568940617278384	0.8336028802245715	1.0	0.9073487238786551	-15.433804769043677	0.5824906774489981	0.763210768693025	0.5631992495453898	0.2310921040712281	0.8226634968077051	1.0	False	False	False	False
sp|P49755|TMEDA_HUMAN	psvid_39246_sp|P49755|TMEDA_HUMAN	-0.033440239147072504	-0.3811676901455945	0.3142872118514495	0.15587713905303868	-0.21452946436035206	0.8344827263893457	1.0	0.15682981183980657	-10.042394427722625	0.0853913609671382	0.29221800246928353	0.19420927506810684	-0.17218662257683326	0.8672864888728778	1.0	False	False	False	False
sp|Q5JPE7|NOMO2_HUMAN	psvid_34735_sp|Q5JPE7|NOMO2_HUMAN	-0.05394103296156372	-0.615135161550275	0.5072530956271476	0.2515686781891236	-0.21441871599377757	0.8345667444860324	1.0	0.3219087610034891	-12.074054203272025	0.16175756978420436	0.40219096183803577	0.25567810240503136	-0.2109724393843993	0.8378376642682697	1.0	False	False	False	False
sp|Q9NVJ2|ARL8B_HUMAN	psvid_20634_sp|Q9NVJ2|ARL8B_HUMAN	-0.0543625511783552	-0.6208826789401146	0.5121575765834042	0.2539561845861872	-0.21406271820840708	0.8348368333078934	1.0	0.39347162862907853	-10.54739425411485	0.08938169199690411	0.2989677106259205	0.2885919709633496	-0.18837166881977843	0.854968281257257	1.0	False	False	False	False
sp|Q9NZP8|C1RL_HUMAN	psvid_66144_sp|Q9NZP8|C1RL_HUMAN	0.07691514483539708	-0.7276715664750396	0.8815018561458338	0.3606752193967485	0.2132532003835539	0.8354510831542489	1.0	0.47920276889204005	-13.039911175329248	0.3069934040533929	0.5540698548499033	0.3308545172682459	0.23247421697747842	0.8216239074384195	1.0	False	False	False	False
sp|O00124|UBXN8_HUMAN	psvid_62858_sp|O00124|UBXN8_HUMAN	0.08327837718186393	-0.7984676215530191	0.965024375916747	0.39526371374931235	0.21069067127847074	0.8373962555841642	1.0	0.5458854400654398	-13.178401492548504	0.3346609692352396	0.5784988930285343	0.36521733543537865	0.22802416287985638	0.8249724363563948	1.0	False	False	False	False
sp|Q8WWQ8|STAB2_HUMAN	psvid_30038_sp|Q8WWQ8|STAB2_HUMAN	-0.14484570875974967	-1.6799806129014412	1.3902891953819418	0.6881609036931765	-0.2104823275812405	0.8375544565415433	1.0	1.0910258694007064	-15.572409357047265	0.5742511693381366	0.7577936192250081	0.6675578599979439	-0.2169785084399962	0.833300112110333	1.0	False	False	False	False
sp|Q9Y2T7|YBOX2_HUMAN	psvid_95827_sp|Q9Y2T7|YBOX2_HUMAN	-0.15000172224621444	-1.7431571746533898	1.443153730160961	0.7141700008868025	-0.21003643678669448	0.8378930589220045	1.0	1.2076858315582124	-13.24313161387306	0.34788894418701083	0.5898211120221205	0.734486676899923	-0.20422660745778623	0.8429417157023625	1.0	False	False	False	False
sp|P15954|COX7C_HUMAN	psvid_105138_sp|P15954|COX7C_HUMAN	0.11923638382290891	-1.1605460971091555	1.3990188647549733	0.5736930781997368	0.20784002518746725	0.8395614849287839	1.0	0.991736112909698	-12.051556252837242	0.1595144582573812	0.39939261167099877	0.6109591958373194	0.1951625978220943	0.8498120220528168	1.0	False	False	False	False
sp|Q9BRP8|PYM1_HUMAN	psvid_104080_sp|Q9BRP8|PYM1_HUMAN	-0.06595978803658387	-0.7745556080209453	0.6426360319477775	0.3176450086035162	-0.20765252483131172	0.8397039517128387	1.0	0.43810745832947084	-12.519847267267117	0.216911655407247	0.4657377538993881	0.3102800827693646	-0.2125814439904371	0.8366214362650742	1.0	False	False	False	False
sp|P52758|RIDA_HUMAN	psvid_110492_sp|P52758|RIDA_HUMAN	-0.05351035099025703	-0.6295827654201885	0.5225620634396745	0.25823822534245605	-0.20721313012159853	0.8400378370287948	1.0	0.38021328595188686	-11.452681551398264	0.11622045735850074	0.3409112162403882	0.2823046663261316	-0.18954823413524224	0.8540743986077706	1.0	False	False	False	False
sp|Q15363|TMED2_HUMAN	psvid_41617_sp|Q15363|TMED2_HUMAN	0.05087312227071594	-0.4985753276411128	0.6003215721825447	0.246303397052615	0.20654657174642416	0.8405444020669525	1.0	0.37970740498101213	-10.248358474972662	0.08630216403277452	0.293772299634895	0.2820663133610755	0.1803587307697847	0.8610618159413826	1.0	False	False	False	False
sp|Q8WU76|SCFD2_HUMAN	psvid_73351_sp|Q8WU76|SCFD2_HUMAN	-0.08787158692394259	-1.0380796801280232	0.862336506280138	0.42595348353537027	-0.20629385677191187	0.8407364781205154	1.0	0.48410565327896277	-14.492012340831856	0.5599086467283598	0.7482704368932129	0.33334273599510406	-0.26360732494027767	0.7983084410065232	1.0	False	False	False	False
sp|Q9Y624|JAM1_HUMAN	psvid_33820_sp|Q9Y624|JAM1_HUMAN	-0.06337443296731138	-0.7522539306892891	0.6255050647546664	0.3088066960167968	-0.2052236359663143	0.8415500211240269	1.0	0.4374429116608163	-12.32113433572761	0.18975241761497463	0.4356058053044916	0.3099518203700162	-0.20446543237479897	0.8427608803223282	1.0	False	False	False	False
sp|Q6P2Q9|PRP8_HUMAN	psvid_16096_sp|Q6P2Q9|PRP8_HUMAN	-0.11064699503118369	-1.3158379714356787	1.0945439813733113	0.5402556538893141	-0.20480488123471394	0.8418683966432441	1.0	0.7887733806506989	-14.201334588167938	0.5248611749884723	0.7244730326164476	0.49680792720509676	-0.22271584041271827	0.8289717152763203	1.0	False	False	False	False
sp|Q96DG6|CMBL_HUMAN	psvid_85086_sp|Q96DG6|CMBL_HUMAN	-0.048779124604541924	-0.5821950591629923	0.48463680995390845	0.2391164389394945	-0.20399736973702962	0.8424824249609235	1.0	0.3090010022258057	-11.871299658137746	0.14328710797152824	0.3785328360545862	0.25004334351217544	-0.1950826761447729	0.8498726618314347	1.0	False	False	False	False
sp|Q9HBH5|RDH14_HUMAN	psvid_64848_sp|Q9HBH5|RDH14_HUMAN	-0.06775545892542434	-0.8088935541634334	0.6733826363125848	0.33223286110192785	-0.20393966659618662	0.8425263064347486	1.0	0.4935943137785646	-12.288401260911916	0.18568123821341323	0.4309074589902259	0.338176889298975	-0.2003550835950921	0.8458745470586609	1.0	False	False	False	False
sp|P53990|IST1_HUMAN	psvid_74386_sp|P53990|IST1_HUMAN	-0.11692562212317359	-1.3959187509166588	1.1620675066703117	0.5733392322416055	-0.2039379403115764	0.8425276192301205	1.0	0.9073360734744105	-13.512365590111777	0.40319909956208844	0.634979605626896	0.5631921179793048	-0.20761231982914607	0.8403790152157522	1.0	False	False	False	False
sp|P51991|ROA3_HUMAN	psvid_49958_sp|P51991|ROA3_HUMAN	0.07380030327816067	-0.7340369455042104	0.8816375520605317	0.3621323504919636	0.20379373225811387	0.8426372875616028	1.0	0.5867257016550156	-11.785498828885133	0.1366088743094372	0.3696063775280903	0.38674234773870647	0.1908255036193299	0.8531042580223327	1.0	False	False	False	False
sp|Q96H55|MYO19_HUMAN	psvid_52938_sp|Q96H55|MYO19_HUMAN	0.08032961347546141	-0.8005417055182835	0.9612009324692063	0.394871617654383	0.20343222932211616	0.8429122213242205	1.0	0.533394198583572	-17.204938594903467	0.3537610080714259	0.5947781166716088	0.35870076986593424	0.22394603029562749	0.8280444209551517	1.0	False	False	False	False
sp|Q9NY64|SL2A8_HUMAN	psvid_93320_sp|Q9NY64|SL2A8_HUMAN	0.08166116158620262	-0.8145076325966116	0.9778299557690169	0.40172907644965394	0.2032742123320931	0.8430324049216753	1.0	0.44710121017341664	-16.180351714616425	0.5111590493527617	0.7149538791787633	0.3147372926796525	0.25945816871888583	0.8014040380788096	1.0	False	False	False	False
sp|O43175|SERA_HUMAN	psvid_67941_sp|O43175|SERA_HUMAN	0.04253589503237576	-0.42469653603909646	0.5097683261038479	0.2094481020094291	0.20308560748123106	0.8431758583877	1.0	0.19876563916445628	-12.073295899188428	0.16168115615518824	0.4020959539154656	0.20720838326674357	0.20528076307423546	0.8421435956322165	1.0	False	False	False	False
sp|P23246|SFPQ_HUMAN	psvid_31897_sp|P23246|SFPQ_HUMAN	-0.15087469235539652	-1.8168971920860222	1.5151478073752291	0.7468343960486044	-0.20201893907625743	0.8439872830835476	1.0	1.2382985153033537	-13.88779272639016	0.474868298753683	0.6891068848543621	0.7521117139985751	-0.20060143931714158	0.8456878470773547	1.0	False	False	False	False
sp|Q9GZV4|IF5A2_HUMAN	psvid_44504_sp|Q9GZV4|IF5A2_HUMAN	0.06892886000684495	-0.6926286358137481	0.830486355827438	0.34138634534612883	0.2019086613934677	0.844071183306462	1.0	0.5702302961544555	-10.703767544027698	0.09192422529292467	0.3031900811255617	0.378010068804828	0.1823466243234751	0.8595491678975699	1.0	False	False	False	False
sp|O00519|FAAH1_HUMAN	psvid_43087_sp|O00519|FAAH1_HUMAN	-0.16797304832394033	-2.0326060326932924	1.6966599360454118	0.8358662916971126	-0.2009568396195209	0.8447954226316771	1.0	1.387513819151759	-15.292519241521006	0.5880558792827125	0.7668480157649966	0.8383165417998826	-0.20036947853050688	0.8458636376160422	1.0	False	False	False	False
sp|Q9UBR1|BUP1_HUMAN	psvid_78389_sp|Q9UBR1|BUP1_HUMAN	0.12676087720470708	-1.2849627749548678	1.538484529364282	0.6328388610109387	0.20030514087300338	0.845291386580771	1.0	1.0269604874339562	-13.556271136174807	0.4120361062263462	0.6419003865292077	0.6309936654381572	0.20089088710056272	0.8454685030028726	1.0	False	False	False	False
sp|O95497|VNN1_HUMAN	psvid_56830_sp|O95497|VNN1_HUMAN	-0.14782681180654222	-1.7947455830987864	1.499091959485702	0.7382706932817678	-0.20023388866950834	0.8453456161348945	1.0	1.2299299170924891	-13.709736271146618	0.44210310667482927	0.6649083445670007	0.7472912557995988	-0.19781686278179197	0.8477987247090452	1.0	False	False	False	False
sp|P51159|RB27A_HUMAN	psvid_84564_sp|P51159|RB27A_HUMAN	-0.06719855303534983	-0.8194419718461772	0.6850448657754775	0.33721108776139436	-0.199277412499848	0.8460736654753315	1.0	0.5401247812208904	-11.673222950173436	0.12882048679175895	0.35891570987038024	0.3622078909867003	-0.1855248179499691	0.8571320541031345	1.0	False	False	False	False
sp|Q86VR2|RETR3_HUMAN	psvid_43886_sp|Q86VR2|RETR3_HUMAN	0.055958810034267614	-0.5714878000562847	0.68340542012482	0.28126793616261975	0.19895197013112115	0.846321420024567	1.0	0.3097690809135525	-12.750578049799255	0.2536889882672405	0.5036754791204755	0.25037567373348174	0.22349938873787828	0.828381058368551	1.0	False	False	False	False
sp|Q6IAA8|LTOR1_HUMAN	psvid_8991_sp|Q6IAA8|LTOR1_HUMAN	-0.048339173632716115	-0.5905688548229278	0.49389050755749553	0.2430674114766128	-0.19887147083625878	0.8463827056833774	1.0	0.3405261456050978	-11.552960401045448	0.1215449284988748	0.34863294236040687	0.2639825484316053	-0.1831150351411969	0.8589646240375636	1.0	False	False	False	False
sp|P03951|FA11_HUMAN	psvid_81860_sp|P03951|FA11_HUMAN	-0.10330822869102452	-1.2626836733419575	1.0560672159599085	0.519717746992889	-0.19877756587834594	0.8464541986902965	1.0	0.7200047179888787	-15.581117358677517	0.5736460430994281	0.7573942454887205	0.4588154324155808	-0.22516293348531294	0.8271274208755499	1.0	False	False	False	False
sp|P68431|H31_HUMAN	psvid_20395_sp|P68431|H31_HUMAN	-0.1283092684070084	-1.5703160180050875	1.3136974811910707	0.6464139830693881	-0.19849395552638482	0.84667012968326	1.0	1.1107650009787264	-12.575984527075596	0.22534765825755143	0.47470797155467215	0.6788530903794041	-0.1890088890002661	0.8544841327490688	1.0	False	False	False	False
sp|Q9NS86|LANC2_HUMAN	psvid_53082_sp|Q9NS86|LANC2_HUMAN	0.122301515387095	-1.2553444324111949	1.4999474631853849	0.6175627157250868	0.19803902060942832	0.8470165290341529	1.0	0.9354323574005347	-15.074401434996403	0.5906429036453058	0.7685329554712054	0.5790530583984831	0.21120951459154816	0.8376584329626581	1.0	False	False	False	False
sp|P00338|LDHA_HUMAN	psvid_51626_sp|P00338|LDHA_HUMAN	0.028705856492683424	-0.2958444437978424	0.35325615678320926	0.1454874274171319	0.19730815921557193	0.8475730976471899	1.0	0.09531708856755773	-10.77442905498432	0.09330812870373083	0.3054637927868552	0.17969390720379383	0.15974863555127464	0.8767790426348226	1.0	False	False	False	False
sp|P36578|RL4_HUMAN	psvid_54845_sp|P36578|RL4_HUMAN	0.02829569204385729	-0.29196794820759264	0.3485593322953072	0.1435658296224643	0.19709210832596166	0.8477376424897246	1.0	0.10865922643680903	-10.251230406319651	0.08632152671094007	0.29380525303496546	0.1823244368945115	0.1551941831046405	0.8802602991950584	1.0	False	False	False	False
sp|P04003|C4BPA_HUMAN	psvid_64954_sp|P04003|C4BPA_HUMAN	0.035825803078161744	-0.3697629753317647	0.4414145814880882	0.18181486169415173	0.19704551511541324	0.8477731289909276	1.0	0.22094965123301316	-10.740725654114788	0.092628944943453	0.3043500368711215	0.214926516042488	0.16668861403345633	0.8714798233894999	1.0	False	False	False	False
sp|Q9Y5I4|PCDC2_HUMAN	psvid_42310_sp|Q9Y5I4|PCDC2_HUMAN	0.07729251019308148	-0.7989797852404338	0.9535648056265967	0.39280999544725625	0.1967681858631822	0.8479843569576525	1.0	0.5085644150199751	-17.008589439803647	0.3851995862750576	0.620644492664728	0.3458514893279749	0.2234846822353398	0.8283921434152374	1.0	False	False	False	False
sp|P43034|LIS1_HUMAN	psvid_47516_sp|P43034|LIS1_HUMAN	0.08067812850043143	-0.8340532798306219	0.9954095368314848	0.41005021180570406	0.19675182740463873	0.8479968167809198	1.0	0.4140681730515362	-14.961532029172862	0.5889964024431988	0.7674610103732951	0.29850524021755437	0.2702737427377563	0.7933426400042121	1.0	False	False	False	False
sp|Q9BWJ5|SF3B5_HUMAN	psvid_17729_sp|Q9BWJ5|SF3B5_HUMAN	0.08345586781991177	-0.8631835645605532	1.0300953002003768	0.4243537460460277	0.19666579733894865	0.8480623444252208	1.0	0.6260236620196336	-13.062687160200113	0.311468464673284	0.5580935984879991	0.40773315660843573	0.20468256374856986	0.84259647955019	1.0	False	False	False	False
sp|P00480|OTC_HUMAN	psvid_75352_sp|P00480|OTC_HUMAN	0.06170636092132176	-0.6386195836520846	0.7620323054947281	0.3139378393372329	0.1965559839858508	0.8481459891631471	1.0	0.4665954836273017	-12.110856265681914	0.16553437681692407	0.4068591609106572	0.32448772701491485	0.19016546939689175	0.8536055494138644	1.0	False	False	False	False
sp|P08910|ABHD2_HUMAN	psvid_33718_sp|P08910|ABHD2_HUMAN	-0.04976188015205185	-0.6147628643379843	0.5152391040338806	0.25327519217753286	-0.1964735658641662	0.8482087682771855	1.0	0.38293414505388373	-11.04602541460036	0.100175175061424	0.3165046209163841	0.283588617708911	-0.17547206426715561	0.8647827792921338	1.0	False	False	False	False
sp|P11586|C1TC_HUMAN	psvid_787176_sp|P11586|C1TC_HUMAN	0.06581022325256436	-0.6824343393658675	0.8140547858709962	0.335418504918236	0.1962033170131944	0.8484146286809876	1.0	0.5508564297190458	-11.18451171297161	0.1047612273515601	0.32366839102939926	0.367819830462068	0.1789197259155149	0.8621571749212762	1.0	False	False	False	False
sp|Q96CN7|ISOC1_HUMAN	psvid_70174_sp|Q96CN7|ISOC1_HUMAN	0.10422705107426955	-1.0845988517523926	1.2930529539009317	0.5329196186054161	0.19557743313526096	0.8488914378218163	1.0	0.7630091389408798	-14.36659298952345	0.5462717981488847	0.7391020214753067	0.48252268827556827	0.21600445659198844	0.8340355615859527	1.0	False	False	False	False
sp|P23284|PPIB_HUMAN	psvid_33371_sp|P23284|PPIB_HUMAN	-0.0424812203044489	-0.5270757845928121	0.44211334398391433	0.21723109310183555	-0.19555773392225287	0.8489064460623555	1.0	0.2907513988618286	-8.402061913194888	0.10946875186091205	0.33086062301354635	0.2422637309575052	-0.17535113546113268	0.8648749062321471	1.0	False	False	False	False
sp|A4FU01|MTMRB_HUMAN	psvid_74870_sp|A4FU01|MTMRB_HUMAN	0.0805985432635552	-0.8416698284352426	1.002866914962353	0.41342883573527284	0.19495143129098072	0.849368400860003	1.0	0.5353869115123572	-16.750911876189345	0.4264901316739805	0.6530621193071763	0.3597380888200639	0.22404784416328372	0.8279676882351361	1.0	False	False	False	False
sp|P84103|SRSF3_HUMAN	psvid_22022_sp|P84103|SRSF3_HUMAN	0.07236945285141472	-0.7568902253720224	0.9016291310748519	0.3717354663899177	0.19467997916428437	0.8495752453947315	1.0	0.6140750177996528	-11.560340773345251	0.12196232841458	0.34923105305024066	0.4013245443100459	0.1803265060098224	0.8610863417186271	1.0	False	False	False	False
sp|Q06136|KDSR_HUMAN	psvid_58670_sp|Q06136|KDSR_HUMAN	0.06769305343927678	-0.7080004921925686	0.8433865990711221	0.34772316746288084	0.19467513175262607	0.8495789391959506	1.0	0.5585305897669103	-11.753668817119305	0.1342952820249752	0.366463206918478	0.3718474288356341	0.18204523734705938	0.8597784632604037	1.0	False	False	False	False
sp|P09543|CN37_HUMAN	psvid_61195_sp|P09543|CN37_HUMAN	0.04349510098995424	-0.4559619266841794	0.5429521286640879	0.22389354746142615	0.19426688032377468	0.8498900466873951	1.0	0.2055305871441849	-12.316763941290862	0.1892023185230246	0.4349739285555223	0.20950503573904464	0.2076088569256678	0.8403816353266039	1.0	False	False	False	False
sp|Q15233|NONO_HUMAN	psvid_65729_sp|Q15233|NONO_HUMAN	0.11130735076124898	-1.169725088124632	1.39233978964713	0.5742534017209832	0.19382967593691455	0.850223247750627	1.0	0.9140571432812739	-13.44627455751627	0.38974543303664266	0.624295949880057	0.566982345239495	0.19631537330184845	0.8489374822761401	1.0	False	False	False	False
sp|O76094|SRP72_HUMAN	psvid_55030_sp|O76094|SRP72_HUMAN	0.09618877018445149	-1.0147722158802737	1.2071497562491766	0.4980148090409124	0.19314439739190464	0.8507455727291052	1.0	0.6599830966106949	-15.267348729957853	0.5887333275121971	0.7672895982040921	0.4260610871024627	0.22576286146807678	0.8266754463664806	1.0	False	False	False	False
sp|P09493|TPM1_HUMAN	psvid_50423_sp|P09493|TPM1_HUMAN	-0.12679317030534953	-1.5934601912705908	1.3398738506598917	0.6574685389807682	-0.19285055145286337	0.8509695677791804	1.0	1.0540302860924406	-13.95607229892261	0.4866772047780774	0.6976225374642633	0.6464245455439745	-0.19614535243034661	0.8490664528422766	1.0	False	False	False	False
sp|P30419|NMT1_HUMAN	psvid_62349_sp|P30419|NMT1_HUMAN	0.04384359373156732	-0.4644254442242487	0.5521126316873833	0.2278437416381305	0.19242834328625655	0.8512914361027166	1.0	0.24186160465501028	-12.182917782275934	0.1733223385086246	0.41631999532646113	0.22266574163362013	0.1969031850607207	0.8484916302954513	1.0	False	False	False	False
sp|P68032|ACTC_HUMAN	psvid_9914_sp|P68032|ACTC_HUMAN	0.028210828391466602	-0.30049996866186507	0.3569216254447983	0.147352469508469	0.19145134442314318	0.8520363562676727	1.0	0.12666323548001154	-10.049271673539257	0.08540694459482188	0.2922446656396347	0.18634570710816842	0.1513897412999754	0.8831703794935829	1.0	False	False	False	False
sp|Q8IWB9|TEX2_HUMAN	psvid_36395_sp|Q8IWB9|TEX2_HUMAN	0.0922534391050176	-0.988554570660811	1.1730614488708462	0.4844980168926098	0.19041035440495066	0.8528302351399186	1.0	0.6400308071576167	-15.736462951259941	0.5612179417437858	0.7491448069257277	0.4152730899726361	0.22215125740773745	0.8293973820084083	1.0	False	False	False	False
sp|P07954|FUMH_HUMAN	psvid_55024_sp|P07954|FUMH_HUMAN	0.07923423188883483	-0.8498280734518129	1.0082965372294825	0.4164743788350963	0.19024995513639448	0.8529525740565753	1.0	0.5841356457970817	-13.28071447399375	0.35562157376616765	0.5963401493830243	0.38536797712877996	0.20560668397819887	0.8418968738790812	1.0	False	False	False	False
sp|P52815|RM12_HUMAN	psvid_67649_sp|P52815|RM12_HUMAN	0.080306431263788	-0.8644077172376673	1.0250205797652434	0.42349069154152086	0.1896297436231002	0.8534256571365064	1.0	0.6642745121623894	-12.61933985710937	0.23209108058882522	0.48175832176395794	0.42838840266038136	0.1874617304415066	0.8556597481672378	1.0	False	False	False	False
sp|P63010|AP2B1_HUMAN	psvid_41382_sp|P63010|AP2B1_HUMAN	0.04410813586422302	-0.47532058305418234	0.5635368547826284	0.2328463352964623	0.18943023435633677	0.8535778512010747	1.0	0.30956815958289535	-11.65666522263188	0.12775656929239576	0.35743050973916	0.2502887025922071	0.17622903234305373	0.8642061493597647	1.0	False	False	False	False
sp|Q15365|PCBP1_HUMAN	psvid_17976_sp|Q15365|PCBP1_HUMAN	-0.04981347077399789	-0.6370678060369012	0.5374408644889054	0.263250788554121	-0.18922439339153918	0.8537348819642083	1.0	0.34226557025843435	-12.166467679150022	0.1714982440103226	0.4141234646941931	0.26476852793337663	-0.18813969757966245	0.8551445449181373	1.0	False	False	False	False
sp|Q9BUP3|HTAI2_HUMAN	psvid_105012_sp|Q9BUP3|HTAI2_HUMAN	-0.04004628132094812	-0.5123367832792274	0.43224422063733114	0.21171550314988807	-0.18915138818434368	0.8537905773659931	1.0	0.28411679055133027	-11.143846862627287	0.10332986994601136	0.32144963827326256	0.2394934488961401	-0.16721242900600083	0.8710801228068393	1.0	False	False	False	False
sp|P31040|SDHA_HUMAN	psvid_67745_sp|P31040|SDHA_HUMAN	0.025368776178262387	-0.2740800608076226	0.32481761316414737	0.13423509667724767	0.1889876552870416	0.8539154916533596	1.0	0.062457502922686446	-9.994319506395108	0.0853102360416163	0.29207916057400657	0.17457311635051298	0.14531891684471177	0.8878179015056507	1.0	False	False	False	False
sp|Q14318|FKBP8_HUMAN	psvid_58791_sp|Q14318|FKBP8_HUMAN	-0.057166776872518366	-0.7326240481688971	0.6182904944238604	0.3027898622898749	-0.18880016801153643	0.8540585337198614	1.0	0.4727911286539918	-11.557098560205558	0.12177851572419016	0.3489677860837446	0.3276108297788558	-0.17449599242829408	0.8655264400143946	1.0	False	False	False	False
sp|Q92614|MY18A_HUMAN	psvid_24178_sp|Q92614|MY18A_HUMAN	-0.16768021906013963	-2.1503095330635142	1.8149490949432352	0.8887609660442033	-0.18866739817171485	0.8541598328725164	1.0	1.5097421135685436	-16.209302280130224	0.5072874148398112	0.712241121278329	0.9092252638465915	-0.1844209853460818	0.8579713743940379	1.0	False	False	False	False
sp|Q15067|ACOX1_HUMAN	psvid_75737_sp|Q15067|ACOX1_HUMAN	-0.05814297892856324	-0.7460554031818423	0.6297694453247158	0.30837318222568827	-0.18854745574474205	0.8542513475114822	1.0	0.40064262992338956	-12.641930763384762	0.23568291546237696	0.4854718482696777	0.29202393309360464	-0.19910347180320398	0.8468232354400173	1.0	False	False	False	False
sp|Q9Y2V2|CHSP1_HUMAN	psvid_82947_sp|Q9Y2V2|CHSP1_HUMAN	0.08153767222765262	-0.8839292835450604	1.0470046280003658	0.4327936333008601	0.18839850208926487	0.8543650005314062	1.0	0.5465232801087958	-13.982013219132252	0.49103962325414685	0.7007421945724025	0.3655509813787849	0.22305417405831848	0.8287166574624746	1.0	False	False	False	False
sp|P61160|ARP2_HUMAN	psvid_46235_sp|P61160|ARP2_HUMAN	0.06145552918564379	-0.667145089780052	0.7900561481513396	0.3266126377728187	0.18816029166755724	0.8545467645617906	1.0	0.3354813334218148	-13.340211997016716	0.36790224932721344	0.6065494615669965	0.26171252040250015	0.23482074564536845	0.8198597593968325	1.0	False	False	False	False
sp|Q99460|PSMD1_HUMAN	psvid_52632_sp|Q99460|PSMD1_HUMAN	0.09018589852256298	-0.9791790086461689	1.1595508056912949	0.4793683727140907	0.1881348533945782	0.8545661755046279	1.0	0.6220037245326402	-14.616249541007939	0.5710494643953238	0.7556781486819133	0.405574631504616	0.2223657288129387	0.8292356745399568	1.0	False	False	False	False
sp|O15371|EIF3D_HUMAN	psvid_40790_sp|O15371|EIF3D_HUMAN	-0.1381133252645772	-1.7833763820029365	1.507149731473782	0.7375284796687587	-0.1872650739217652	0.8552299311384894	1.0	1.25444305890523	-13.220179871930974	0.34318323714560806	0.585818433600043	0.7614159620949942	-0.1813901101896603	0.8602769325716793	1.0	False	False	False	False
sp|Q14232|EI2BA_HUMAN	psvid_90184_sp|Q14232|EI2BA_HUMAN	0.08133473520111689	-0.8876815063190908	1.0503509767213246	0.43438468544935316	0.18724125855629428	0.8552481070515917	1.0	0.4883739938777096	-15.034265658314045	0.5902943967873454	0.7683061868730106	0.33551431133239557	0.2424180801054957	0.8141554408605429	1.0	False	False	False	False
sp|B2RPK0|HGB1A_HUMAN	psvid_58488_sp|B2RPK0|HGB1A_HUMAN	0.08783029699752909	-0.9656083068152059	1.141268900810264	0.47222902666679195	0.18599089009304537	0.8562025142546323	1.0	0.734899892526071	-13.013064374160418	0.30176292202786187	0.5493295204409298	0.46700614035563703	0.18807096825460173	0.8551967706321126	1.0	False	False	False	False
sp|P50502|F10A1_HUMAN	psvid_44443_sp|P50502|F10A1_HUMAN	-0.07680518580502005	-0.9984386968911437	0.8448283252811036	0.41314424429529034	-0.18590404408520425	0.8562688129413386	1.0	0.5346040403269829	-13.629621081407628	0.42658263499636334	0.6531329382264864	0.3593304563766562	-0.21374527107858501	0.8357420005654832	1.0	False	False	False	False
sp|Q93100|KPBB_HUMAN	psvid_37883_sp|Q93100|KPBB_HUMAN	-0.14723101755244627	-1.920342701549094	1.6258806664442014	0.7948396818521176	-0.18523360234025038	0.8567806710844653	1.0	1.311941517401953	-15.729041391477097	0.5618795467777654	0.7495862503926852	0.7946002453495327	-0.18528941869088095	0.8573110284466012	1.0	False	False	False	False
sp|P60033|CD81_HUMAN	psvid_97981_sp|P60033|CD81_HUMAN	0.0663151340529975	-0.7325496958492718	0.8651799639552668	0.3581102493279641	0.18518077652746778	0.856821004658555	1.0	0.569149364757351	-11.984071016019621	0.15308036729972993	0.3912548623336583	0.3774396029205038	0.1756973394945118	0.8646111641367908	1.0	False	False	False	False
sp|O75323|NIPS2_HUMAN	psvid_44331_sp|O75323|NIPS2_HUMAN	0.1217049119831195	-1.3452577201560894	1.5886675441223284	0.6576010537532944	0.1850740829694265	0.8569024686630966	1.0	1.0410137887790243	-14.233865164627211	0.52937015027637	0.7275782777656092	0.6390010410370189	0.19046121080743095	0.8533809272083321	1.0	False	False	False	False
sp|Q9H061|T126A_HUMAN	psvid_58309_sp|Q9H061|T126A_HUMAN	-0.14581541668375975	-1.9095123806491252	1.6178815472816057	0.7906193086280667	-0.1844318942030242	0.8573928379346759	1.0	1.355971623047134	-13.24308274112282	0.3478789088933667	0.5898126048952893	0.8200573838014267	-0.17781123560868797	0.8630011629545298	1.0	False	False	False	False
sp|P10515|ODP2_HUMAN	psvid_33532_sp|P10515|ODP2_HUMAN	-0.06203018964794982	-0.8156809270704571	0.6916205477745575	0.33784195195774935	-0.18360712542800883	0.858022717020194	1.0	0.4936738248432885	-12.43357773098132	0.20460285926844296	0.4523304757237157	0.33821749914236154	-0.1834032532475212	0.8587453949375768	1.0	False	False	False	False
sp|P35606|COPB2_HUMAN	psvid_44614_sp|P35606|COPB2_HUMAN	-0.08864068254798507	-1.166090374436014	0.9888090093400439	0.4829925706549922	-0.18352390478341798	0.8580862787669494	1.0	0.7954947509455362	-12.483822993491364	0.21167500688985655	0.46008152200436886	0.5005439260165496	-0.17708871877321378	0.8635513762362326	1.0	False	False	False	False
sp|Q6NUM9|RETST_HUMAN	psvid_44100_sp|Q6NUM9|RETST_HUMAN	-0.04010357072049553	-0.5293297092753433	0.44912256783435217	0.2193073069408584	-0.18286472657890254	0.858589779392026	1.0	0.3106746040527125	-10.880745755851578	0.09568954922629651	0.30933727422717183	0.2507679647104959	-0.15992302193302044	0.8766458036100384	1.0	False	False	False	False
sp|P31930|QCR1_HUMAN	psvid_65377_sp|P31930|QCR1_HUMAN	0.03991410834316422	-0.4473198980628195	0.5271481147491479	0.21841428610201236	0.1827449525189116	0.8586812736660664	1.0	0.3184104797973679	-10.240152267493386	0.08624787470768652	0.2936798847515548	0.25414064146818366	0.15705519633765913	0.8788374732773981	1.0	False	False	False	False
sp|Q9ULA0|DNPEP_HUMAN	psvid_659581_sp|Q9ULA0|DNPEP_HUMAN	0.12910016676723712	-1.4580132836643684	1.7162136171988427	0.711461529124219	0.1814576916423778	0.8596647385257834	1.0	1.1468777037145728	-14.380011795014953	0.5478419137663747	0.7401634371990923	0.6995500977982871	0.18454742151213696	0.8578752265717305	1.0	False	False	False	False
sp|O95487|SC24B_HUMAN	psvid_26055_sp|O95487|SC24B_HUMAN	0.09541966181946471	-1.0885074157788182	1.2793467394177476	0.5307236031366119	0.17979163024883035	0.8609379802864287	1.0	0.8422071511563829	-13.202281784490044	0.33952471619722313	0.582687494457555	0.5266055811912861	0.1811975892917932	0.8604234292817117	1.0	False	False	False	False
sp|P62995|TRA2B_HUMAN	psvid_43109_sp|P62995|TRA2B_HUMAN	-0.1429561871929952	-1.9331289991791676	1.6472166247931772	0.802487740158668	-0.17814127249436842	0.8621996336515174	1.0	1.3787425731444227	-13.244635451107511	0.34819776401927277	0.5900828450474329	0.8332372638208462	-0.1715672034847113	0.8677587020156952	1.0	False	False	False	False
sp|Q9BRR6|ADPGK_HUMAN	psvid_53027_sp|Q9BRR6|ADPGK_HUMAN	0.07538746480574732	-0.8708867287295191	1.0216616583410136	0.4241900190060799	0.17772097745813956	0.8625210028944601	1.0	0.5810810341992236	-13.466796365718693	0.3939403602357499	0.6276466842386327	0.38374863312148805	0.19645011942461038	0.8488352730255242	1.0	False	False	False	False
sp|Q16718|NDUA5_HUMAN	psvid_69389_sp|Q16718|NDUA5_HUMAN	-0.030500111791824658	-0.41419097755762174	0.3531907539739724	0.17199859908848603	-0.1773276756523676	0.8628217562256509	1.0	0.188828056852651	-10.860775004969629	0.09521365330821599	0.3085670969306611	0.20393016500241318	-0.14956155109011823	0.8845694593565732	1.0	False	False	False	False
sp|Q96M27|PRRC1_HUMAN	psvid_71554_sp|Q96M27|PRRC1_HUMAN	-0.17305822530294224	-2.351741091752717	2.0056246411468326	0.9766466557381688	-0.17719635273019127	0.862922182470428	1.0	1.707432373641491	-13.315366137817268	0.3627708510114498	0.6023046164620107	1.0243246783823996	-0.16894860482736154	0.8697556012637983	1.0	False	False	False	False
sp|Q16850|CP51A_HUMAN	psvid_33865_sp|Q16850|CP51A_HUMAN	0.0394084560633754	-0.4578904313701265	0.5367073434968773	0.22292610952858852	0.17677810888419768	0.8632420421061331	1.0	0.3239752232244636	-10.64311260757852	0.09085558772898757	0.30142260653273434	0.256589805556304	0.15358543172802677	0.8814906289051433	1.0	False	False	False	False
sp|Q02252|MMSA_HUMAN	psvid_37592_sp|Q02252|MMSA_HUMAN	0.04312304320288707	-0.5034517116030173	0.5896977980087914	0.2450151945528241	0.1760015058722815	0.863836032265763	1.0	0.2972698188527708	-12.140362453172209	0.16865989576485224	0.4106822321026955	0.24501621883212574	0.17600077010588866	0.8643800219877965	1.0	False	False	False	False
sp|O94874|UFL1_HUMAN	psvid_80091_sp|O94874|UFL1_HUMAN	-0.03942579814942304	-0.5399814470350122	0.4611298507361661	0.2243860306716326	-0.17570522563910812	0.8640626677442212	1.0	0.24540796503098414	-12.083859907649462	0.16275078288655953	0.4034238253828838	0.22401943168967078	-0.17599276032464334	0.8643861233647204	1.0	False	False	False	False
sp|A0M8Q6|IGLC7_HUMAN	psvid_166234_sp|A0M8Q6|IGLC7_HUMAN	-0.10116287000858515	-1.3855570871433212	1.1832313471261509	0.5757603991526139	-0.17570307050897124	0.8640643163287595	1.0	0.9298882395332525	-13.271725854747668	0.3537696611889297	0.5947853908671007	0.5759198971583518	-0.17565441046182498	0.8646438669841422	1.0	False	False	False	False
sp|P22307|SCP2_HUMAN	psvid_76199_sp|P22307|SCP2_HUMAN	-0.04847042561773929	-0.6641762053386852	0.5672353541032066	0.2760048283957007	-0.17561441189082586	0.8641321370622259	1.0	0.4146190245468992	-11.56768280550897	0.12238118397271988	0.3498302216400405	0.29877267465200824	-0.16223178935019614	0.874882193263706	1.0	False	False	False	False
sp|Q9Y2X3|NOP58_HUMAN	psvid_27130_sp|Q9Y2X3|NOP58_HUMAN	-0.06580088986749111	-0.9023345611358196	0.7707327814008373	0.3749962075884438	-0.17547081420009242	0.8642419867177136	1.0	0.2874505280999329	-15.360184556646672	0.5857593376153271	0.7653491605896795	0.2408814413875978	-0.27316712108846997	0.7911904352220415	1.0	False	False	False	False
sp|Q00266|METK1_HUMAN	psvid_60161_sp|Q00266|METK1_HUMAN	0.03664799215331804	-0.4338652004484664	0.5071611847551025	0.2109187817610329	0.17375404810956827	0.8655555165328648	1.0	0.25696343882464234	-11.59799896544644	0.12414962633425533	0.3523487282994723	0.2285082920563586	0.16037926599302266	0.8762972322458085	1.0	False	False	False	False
sp|Q9Y224|RTRAF_HUMAN	psvid_96947_sp|Q9Y224|RTRAF_HUMAN	-0.09198047485562855	-1.2734752395971434	1.0895142898858863	0.5296332607770824	-0.1736682373774525	0.86562118324782	1.0	0.8901181019278394	-12.446653288433035	0.20641728283985633	0.45433168813088126	0.5534942285828262	-0.1661814524988572	0.8718668534673166	1.0	False	False	False	False
sp|Q92781|RDH5_HUMAN	psvid_64251_sp|Q92781|RDH5_HUMAN	0.0807359597768671	-0.9575372831994169	1.119009202753151	0.46543079128702886	0.173465016256472	0.8657767026171639	1.0	0.6175732444638184	-14.11843174399123	0.5127546306359351	0.716068872829936	0.40319852349658963	0.20023872874512147	0.8459627298117485	1.0	False	False	False	False
sp|P0CG38|POTEI_HUMAN	psvid_32632_sp|P0CG38|POTEI_HUMAN	0.059552556394182776	-0.7068209210207679	0.8259260338091334	0.34354522417638755	0.1733470652574303	0.8658669699369167	1.0	0.3433215178023103	-13.58231076160614	0.41723332320309475	0.6459360055013923	0.26524648119068794	0.22451779992274407	0.8276135280495832	1.0	False	False	False	False
sp|Q9BUV8|RCAF1_HUMAN	psvid_72280_sp|Q9BUV8|RCAF1_HUMAN	0.08131319656567726	-0.9770793922037606	1.1397057853351151	0.47444976880188994	0.17138420526795575	0.8673694333720188	1.0	0.6725955584713035	-13.734772011865063	0.44686341601390817	0.6684784334695534	0.43290782796416205	0.1878302754377745	0.8553796730659752	1.0	False	False	False	False
sp|Q9BQB6|VKOR1_HUMAN	psvid_92921_sp|Q9BQB6|VKOR1_HUMAN	-0.08784209590793068	-1.2332993388159148	1.0576151470000534	0.5134785804783559	-0.17107256124704776	0.8676080312586684	1.0	0.8368960249478626	-12.798280856728752	0.2619660674921425	0.5118262082896328	0.5236342974958915	-0.1677546645206522	0.8706664073485073	1.0	False	False	False	False
sp|Q92667|AKAP1_HUMAN	psvid_55618_sp|Q92667|AKAP1_HUMAN	-0.06620667409795278	-0.9297553621774027	0.7973420139814972	0.38710633441304493	-0.1710296841262996	0.8676408595191536	1.0	0.33436536890581015	-15.301491854956936	0.5877910366888163	0.7666753137337972	0.26121230718025806	-0.25345924475244846	0.8058862254262414	1.0	False	False	False	False
sp|Q8N4Q1|MIA40_HUMAN	psvid_74483_sp|Q8N4Q1|MIA40_HUMAN	-0.0691759298004464	-0.9739853423138264	0.8356334827129336	0.4056024400887632	-0.1705510691338734	0.8680073222349578	1.0	0.6796623213837205	-11.616250498998806	0.12524518196366846	0.35389996038947	0.4367528499560121	-0.158386899610188	0.8778196118153633	1.0	False	False	False	False
sp|O75438|NDUB1_HUMAN	psvid_61949_sp|O75438|NDUB1_HUMAN	0.04203959550228786	-0.5095415347712686	0.5936207257758443	0.24725942198635578	0.1700222186259405	0.8684122871265636	1.0	0.3562157731084599	-11.431989113401059	0.11519845583042967	0.33940898018530635	0.27113092312031994	0.1550527509679592	0.8803684490211197	1.0	False	False	False	False
sp|Q04760|LGUL_HUMAN	psvid_67812_sp|Q04760|LGUL_HUMAN	-0.10771468494713421	-1.5253044158592246	1.3098750459649562	0.6354684709850038	-0.16950437333290785	0.8688088635577282	1.0	1.036772244541258	-13.486176948985392	0.397888060167458	0.6307836873029121	0.6365834423244431	-0.1692074876371604	0.8695581375448332	1.0	False	False	False	False
sp|O95486|SC24A_HUMAN	psvid_60625_sp|O95486|SC24A_HUMAN	-0.10933032623046923	-1.549406793477219	1.3307461410162806	0.6455486878802228	-0.16936031051271339	0.8689191965869579	1.0	1.068227848868215	-13.310622831792806	0.3617915239474697	0.6014910838470258	0.6545289081883718	-0.16703666539813736	0.8712142360872694	1.0	False	False	False	False
sp|Q99714|HCD2_HUMAN	psvid_79401_sp|Q99714|HCD2_HUMAN	0.07139794690745882	-0.8710440169374283	1.013839910752346	0.4224721304740843	0.16900037128446413	0.8691948752465054	1.0	0.7034566682304741	-11.89873214788061	0.14556140563108344	0.3815251048503669	0.44974332655878624	0.1587526544390567	0.8775400959889048	1.0	False	False	False	False
sp|O43747|AP1G1_HUMAN	psvid_35173_sp|O43747|AP1G1_HUMAN	0.09530875731141775	-1.1649635443711885	1.355581058994024	0.5649471741444645	0.16870383935586522	0.8694220038746735	1.0	0.8962518196347192	-13.42534426828724	0.3854528183673984	0.6208484665096616	0.5569470031400133	0.17112715711562534	0.8680942045953803	1.0	False	False	False	False
sp|P14136|GFAP_HUMAN	psvid_30558_sp|P14136|GFAP_HUMAN	0.07968690472199524	-0.9752278109204411	1.1346016203644316	0.47289072906697766	0.16851018601954623	0.8695703393799153	1.0	0.6131506298081942	-15.786762998511389	0.5565633818784006	0.7460317566152266	0.4008296762036897	0.1988049025629049	0.8470495818495731	1.0	False	False	False	False
sp|P0C0L4|CO4A_HUMAN	psvid_24131_sp|P0C0L4|CO4A_HUMAN	-0.04328886155243916	-0.6168581949585339	0.5302804718536556	0.25711615946099275	-0.16836305288313294	0.869683044673416	1.0	0.3966915097441679	-10.791370274123853	0.09366297656924795	0.30604407618715307	0.2901303204519555	-0.14920488656616512	0.8848424578966101	1.0	False	False	False	False
sp|P35221|CTNA1_HUMAN	psvid_45204_sp|P35221|CTNA1_HUMAN	0.04805263902619794	-0.5913997794563934	0.6875050575087893	0.286649826659893	0.16763533258023522	0.8702405299262538	1.0	0.33626266355886647	-12.686551651896645	0.2429327202958851	0.49288205515709854	0.2620631605657021	0.18336281575200883	0.8587761523800818	1.0	False	False	False	False
sp|P04843|RPN1_HUMAN	psvid_70578_sp|P04843|RPN1_HUMAN	-0.021901347902997692	-0.3149106923171241	0.2711079965111287	0.1313484402566613	-0.1667423523279103	0.8709247179836884	1.0	0.03700602092793139	-9.991832820410433	0.0853073561127155	0.2920742304838198	0.17201730389423406	-0.12732060907351436	0.9016226515847934	1.0	False	False	False	False
sp|Q9Y2P4|S27A6_HUMAN	psvid_51713_sp|Q9Y2P4|S27A6_HUMAN	-0.06638821899760528	-0.9568272263624802	0.8240507883672696	0.3991605625920351	-0.16631958469669217	0.8712486752388232	1.0	0.383105769752859	-15.4397165540307	0.5821941298735204	0.7630164676293169	0.2836697173480419	-0.23403350776477774	0.8204514944702036	1.0	False	False	False	False
sp|O43264|ZW10_HUMAN	psvid_24311_sp|O43264|ZW10_HUMAN	0.08117428539544758	-1.0188649575003021	1.1812135282911973	0.4931188766842254	0.1646140296661742	0.8725558567271814	1.0	0.6515333087438494	-14.764603879497987	0.5811394528904087	0.7623250310008249	0.42148573571904285	0.1925908245909355	0.8517638546438173	1.0	False	False	False	False
sp|P59665|DEF1_HUMAN	psvid_55115_sp|P59665|DEF1_HUMAN	-0.04370133898471584	-0.6387105315583583	0.5513078535889266	0.2667270886503354	-0.16384289726944798	0.8731470050719603	1.0	0.39785063942608573	-11.482886215070831	0.11775815963330755	0.3431590879363499	0.29068517531029825	-0.15033907022628826	0.8839743860970272	1.0	False	False	False	False
sp|P59666|DEF3_HUMAN	psvid_55114_sp|P59666|DEF3_HUMAN	-0.04370133898471584	-0.6387105315583583	0.5513078535889266	0.2667270886503354	-0.16384289726944798	0.8731470050719603	1.0	0.39785063942608573	-11.482886215070831	0.11775815963330755	0.3431590879363499	0.29068517531029825	-0.15033907022628826	0.8839743860970272	1.0	False	False	False	False
sp|Q9BYZ2|LDH6B_HUMAN	psvid_51617_sp|Q9BYZ2|LDH6B_HUMAN	-0.06541474112843426	-0.9563308795147485	0.82550139725788	0.39937444797370925	-0.16379300543719438	0.8731852548658191	1.0	0.39188528656380883	-14.636400701252468	0.5726276042485178	0.7567216160838263	0.28783568206474613	-0.2272641830199488	0.8255446769689452	1.0	False	False	False	False
sp|P45880|VDAC2_HUMAN	psvid_77241_sp|P45880|VDAC2_HUMAN	-0.029134965695105652	-0.42616725723318266	0.36789732584297136	0.17797921199178054	-0.16369870036536158	0.8732575552035429	1.0	0.1879100939709623	-11.227307604805564	0.10634818537131883	0.3261106949661707	0.20363324588969967	-0.14307568279340274	0.8895363762045132	1.0	False	False	False	False
sp|P55263|ADK_HUMAN	psvid_39566_sp|P55263|ADK_HUMAN	-0.06428205224891315	-0.941170591573173	0.8126064870753467	0.3930862414967768	-0.16353167692703446	0.8733856091280239	1.0	0.39821710971349666	-14.312743104003074	0.5397109512855098	0.7346502237701352	0.2908607142327355	-0.22100630681074768	0.8302607980982832	1.0	False	False	False	False
sp|O94826|TOM70_HUMAN	psvid_51475_sp|O94826|TOM70_HUMAN	-0.047501442496159285	-0.6967831813072937	0.6017802963149751	0.2910560543742982	-0.16320376017697405	0.8736370282841297	1.0	0.45139002649289633	-11.464187942535677	0.11679974327768734	0.34175977422407006	0.31687216196915713	-0.14990727554281924	0.8843048500570185	1.0	False	False	False	False
sp|Q9NRX5|SERC1_HUMAN	psvid_61108_sp|Q9NRX5|SERC1_HUMAN	0.08155429592158514	-1.0350344087811467	1.198143000624317	0.5005375683978999	0.16293341613222118	0.8738443166134239	1.0	0.6669125361980791	-15.3140774380886	0.5873989856839702	0.7664195885309627	0.42982023961813515	0.1897404738177066	0.8539283676397004	1.0	False	False	False	False
sp|Q8IVS8|GLCTK_HUMAN	psvid_41346_sp|Q8IVS8|GLCTK_HUMAN	-0.05332664536996612	-0.7843005903294329	0.6776472995895007	0.32767653786148554	-0.16274172608753637	0.8739913024719603	1.0	0.22772176473252456	-13.829734972436048	0.46447848388461604	0.6815265834027431	0.21738588426662686	-0.24530868482960114	0.8119881220957815	1.0	False	False	False	False
sp|P52907|CAZA1_HUMAN	psvid_86737_sp|P52907|CAZA1_HUMAN	0.06484833842660631	-0.8242070846000727	0.9539037614532854	0.3985403378509131	0.16271461698530734	0.874012089845603	1.0	0.573756023031627	-13.003934112306183	0.2999955619340507	0.5477185061087956	0.3798723116162967	0.1707108847988601	0.8684116071112613	1.0	False	False	False	False
sp|Q9NTN3|S35D1_HUMAN	psvid_86857_sp|Q9NTN3|S35D1_HUMAN	0.060448568071458375	-0.7688410296530875	0.8897381657960043	0.371748878521233	0.16260591911377015	0.8740954408417699	1.0	0.4548387263059581	-13.41329133625829	0.38297535059522086	0.6188500226995397	0.31859311898495574	0.1897359499290153	0.853931804051782	1.0	False	False	False	False
sp|P51970|NDUA8_HUMAN	psvid_79003_sp|P51970|NDUA8_HUMAN	0.08127330357401386	-1.037723584232998	1.2002701913810256	0.5016170940192827	0.16202259560733714	0.8745427687918157	1.0	0.7673716877921787	-13.359901859795478	0.37196864189673	0.609892319919451	0.4849374559657877	0.16759543436823673	0.8707878926101235	1.0	False	False	False	False
sp|Q14141|SEPT6_HUMAN	psvid_52707_sp|Q14141|SEPT6_HUMAN	0.08029045919378275	-1.0294998203129706	1.190080738700536	0.49749001185161	0.16139109787340128	0.8750270919959136	1.0	0.6609117291946256	-15.397399851978285	0.5842058274714765	0.7643335838961131	0.42656449777267086	0.18822583598265594	0.855079091536919	1.0	False	False	False	False
sp|P10644|KAP0_HUMAN	psvid_35851_sp|P10644|KAP0_HUMAN	0.10578445839291017	-1.356525286853001	1.5680942036388215	0.6555152860200253	0.16137603599632697	0.8750386442701463	1.0	1.032943443206653	-14.324316880112162	0.5411558104474344	0.7356329318671333	0.634401708990052	0.16674680552376786	0.8714354180562754	1.0	False	False	False	False
sp|Q96EY1|DNJA3_HUMAN	psvid_30198_sp|Q96EY1|DNJA3_HUMAN	-0.07742973733596425	-1.1494986627298114	0.9946391880578829	0.4805805134975345	-0.16111709726316542	0.87523725190845	1.0	0.7394476261435711	-13.164292764771202	0.3317979835951816	0.5760190826658277	0.46951137032876405	-0.16491557442314111	0.8728330409269324	1.0	False	False	False	False
sp|O75340|PDCD6_HUMAN	psvid_41785_sp|O75340|PDCD6_HUMAN	-0.12223522582405	-1.8167232101931536	1.5722527585450536	0.7595947297365623	-0.16092163497032533	0.875387178744154	1.0	1.2898770291610955	-13.361654715364196	0.3723305554176718	0.6101889505863506	0.78185767318878	-0.15633948481379964	0.8793846115070257	1.0	False	False	False	False
sp|P31943|HNRH1_HUMAN	psvid_64172_sp|P31943|HNRH1_HUMAN	0.1110275327122432	-1.4296028276014685	1.651657893025955	0.6906243732392996	0.1607639941687555	0.8755080988642052	1.0	1.1738634702313546	-13.023587601669437	0.30380722421170225	0.5511871045404657	0.7150417922234611	0.15527418665557585	0.8801991235330306	1.0	False	False	False	False
sp|P60228|EIF3E_HUMAN	psvid_78761_sp|P60228|EIF3E_HUMAN	-0.04827045077474734	-0.719982865493116	0.6234419639436213	0.3011111408433284	-0.16030775427157978	0.8758580816728883	1.0	0.43949010601379096	-12.088462128376747	0.1632202100821227	0.40400521046407645	0.3109635435741218	-0.15522864905622455	0.8802339442935677	1.0	False	False	False	False
sp|Q9NWS8|RMND1_HUMAN	psvid_65450_sp|Q9NWS8|RMND1_HUMAN	-0.1218477757471561	-1.825534040164337	1.5818384886700247	0.7637180785661863	-0.15954549089097722	0.876442878561484	1.0	1.243982712110506	-14.788791367777634	0.5824463727418178	0.7631817429300951	0.755386868534027	-0.1613051283028325	0.8755899589681525	1.0	False	False	False	False
sp|P55795|HNRH2_HUMAN	psvid_36262_sp|P55795|HNRH2_HUMAN	0.11913736884561876	-1.548618949649925	1.7868936873411625	0.7476116217405531	0.15935729913915586	0.8765872684501933	1.0	1.2648321635349742	-13.393612265828121	0.37892342515321664	0.61556756343493	0.7674064928535428	0.1552467563867169	0.8802200983174305	1.0	False	False	False	False
sp|P08574|CY1_HUMAN	psvid_76571_sp|P08574|CY1_HUMAN	-0.044920125334765526	-0.674278899137671	0.58443864846814	0.2821251092389091	-0.1592205864126978	0.8766921641024893	1.0	0.4428668425669362	-11.120797199340023	0.10255056207680119	0.3202351668333776	0.3126354221126724	-0.1436821363082028	0.8890717292535524	1.0	False	False	False	False
sp|P04080|CYTB_HUMAN	psvid_71441_sp|P04080|CYTB_HUMAN	0.05298388077162919	-0.6895395970092024	0.7955073585524608	0.3328538919312428	0.1591805956187347	0.8767228483360533	1.0	0.49196481786018986	-12.324963728735469	0.19023607928731182	0.43616061180179005	0.33734500073066676	0.1570614079262169	0.8788327250188417	1.0	False	False	False	False
sp|P00352|AL1A1_HUMAN	psvid_25280_sp|P00352|AL1A1_HUMAN	0.02980877316510888	-0.38889820317682156	0.4485157495070393	0.1876954073838878	0.1588146112927627	0.8770036716357966	1.0	0.24534563380166652	-10.23219564829201	0.08619669979609941	0.2935927447947231	0.22399554008732303	0.13307752981817472	0.8972030047505527	1.0	False	False	False	False
sp|Q8NBQ5|DHB11_HUMAN	psvid_357377_sp|Q8NBQ5|DHB11_HUMAN	0.07222405229232587	-0.9449823030700595	1.0894304076547112	0.4559870555089744	0.15839057582831848	0.8773290605447722	1.0	0.7945622599994678	-9.796565693667528	0.08547735638992392	0.29236510802406623	0.500025390200454	0.1444407698244526	0.8884905499516752	1.0	False	False	False	False
sp|Q7Z4R8|CF120_HUMAN	psvid_152111_sp|Q7Z4R8|CF120_HUMAN	-0.0420141533766607	-0.6357673341006982	0.5517390273473768	0.26616405132564064	-0.1578505931488777	0.8777434577281801	1.0	0.27714853244480653	-12.675708656566568	0.24115216621403399	0.491072465338909	0.23661902044026192	-0.17756033854965525	0.863192217971524	1.0	False	False	False	False
sp|P31946|1433B_HUMAN	psvid_54151_sp|P31946|1433B_HUMAN	-0.03394046162407349	-0.517897355930393	0.45001643268224606	0.21694524229490172	-0.1564471350698577	0.8788206901826533	1.0	0.27198479371457973	-11.612718850340151	0.12503135081702307	0.35359772456426114	0.2345129733196621	-0.14472743722288497	0.8882709562212144	1.0	False	False	False	False
sp|Q03519|TAP2_HUMAN	psvid_37658_sp|Q03519|TAP2_HUMAN	0.0768887989075453	-1.0208206200395764	1.174598217854667	0.49207447742679966	0.15625439325692964	0.8789686506263278	1.0	0.6519653246543261	-14.669277607384451	0.5750631114870451	0.7583291577455301	0.42171942870824264	0.18232216415321745	0.8595677766850536	1.0	False	False	False	False
sp|P13796|PLSL_HUMAN	psvid_32869_sp|P13796|PLSL_HUMAN	0.05330938529127316	-0.7078032316786321	0.8144220022611784	0.3411869177706777	0.15624686210009978	0.878974432103858	1.0	0.264766459683245	-13.93038927111417	0.48228969693319523	0.6944708035138664	0.2316043773827836	0.23017434253052219	0.82335401689831	1.0	False	False	False	False
sp|P83731|RL24_HUMAN	psvid_44469_sp|P83731|RL24_HUMAN	-0.10366467633652299	-1.5869704000903293	1.3796410474172833	0.6649272350969007	-0.15590379046726188	0.8792378073861491	1.0	1.154918038953944	-12.361817683308724	0.19497019558649323	0.4415542951738701	0.7041636030615668	-0.14721674890012645	0.8863645157863943	1.0	False	False	False	False
sp|P60842|IF4A1_HUMAN	psvid_17725_sp|P60842|IF4A1_HUMAN	-0.03507540207789095	-0.5378370823296614	0.46768627817387953	0.22537493694588326	-0.15563133395934442	0.8794469826271221	1.0	0.2900182275283461	-11.666458967210882	0.12838335966339826	0.3583062372655523	0.24195602529648053	-0.1449660203126223	0.8880882038989114	1.0	False	False	False	False
sp|P49721|PSB2_HUMAN	psvid_54034_sp|P49721|PSB2_HUMAN	-0.1289841884777987	-1.9837555162684353	1.725787139312838	0.8314455684858747	-0.1551324504774121	0.8798300197176039	1.0	1.440965196341902	-13.100242858927874	0.31891748977412065	0.5647278014885762	0.8692972139379304	-0.14837754729880961	0.8854757830370821	1.0	False	False	False	False
sp|Q9BZM1|PG12A_HUMAN	psvid_58451_sp|Q9BZM1|PG12A_HUMAN	0.08064294495644297	-1.0801145218054964	1.2414004117183823	0.520337271428343	0.15498206525755004	0.8799454901780729	1.0	0.7714138716145198	-13.801715524055467	0.45935758657475245	0.6777592393872269	0.4871764123974332	0.16553130017028686	0.8723630571730063	1.0	False	False	False	False
sp|P06737|PYGL_HUMAN	psvid_72592_sp|P06737|PYGL_HUMAN	-0.040596560058153486	-0.6280428043395195	0.5468496842232126	0.2633368163574208	-0.15416211306759606	0.8805751269512325	1.0	0.4153927339479613	-10.312659795641093	0.08678125248748551	0.29458657893306256	0.2991485006370906	-0.1357070484113937	0.8951855416324745	1.0	False	False	False	False
sp|Q99729|ROAA_HUMAN	psvid_56645_sp|Q99729|ROAA_HUMAN	-0.09238737286062237	-1.4364436880343003	1.2516689423130556	0.6025053602579472	-0.1533386737357309	0.881207529453821	1.0	0.9598302319028573	-13.630086203969798	0.42667391451504794	0.6532028126968284	0.5928599095557155	-0.15583339566653567	0.87977154139752	1.0	False	False	False	False
sp|O14657|TOR1B_HUMAN	psvid_65748_sp|O14657|TOR1B_HUMAN	-0.06640358121974055	-1.0326077713748918	0.8998006089354107	0.43312411622941815	-0.15331305446073973	0.8812272065002517	1.0	0.6473391470361342	-13.044821779087226	0.307955397316022	0.5549372913366176	0.41921828857784776	-0.15839857904340826	0.8778106859224633	1.0	False	False	False	False
sp|P53597|SUCA_HUMAN	psvid_57510_sp|P53597|SUCA_HUMAN	0.08026132225921234	-1.0909388025785483	1.251461447096973	0.5250184424440159	0.15287333885946458	0.8815649460723441	1.0	0.7261954928165869	-14.923569139707467	0.5879759634245405	0.7667959072820749	0.46221690652127273	0.17364428069772142	0.8661754670225105	1.0	False	False	False	False
sp|P34896|GLYC_HUMAN	psvid_90832_sp|P34896|GLYC_HUMAN	-0.029746975815528653	-0.46451723057349814	0.40502327894244083	0.19489615577494662	-0.15262987459782698	0.8817519583898107	1.0	0.24271728489261635	-11.10779757860695	0.10212101455397901	0.31956378792657186	0.22299131122027513	-0.13339970805474127	0.8969557751870407	1.0	False	False	False	False
sp|P02792|FRIL_HUMAN	psvid_74784_sp|P02792|FRIL_HUMAN	-0.051580635519512086	-0.8059960501161393	0.7028347790771151	0.33818473677343963	-0.15252206829803658	0.8818347701322581	1.0	0.5675968421713924	-9.790401287436275	0.08549528446238856	0.2923957668339071	0.3766206404192526	-0.13695647551895385	0.894227215470438	1.0	False	False	False	False
sp|P07900|HS90A_HUMAN	psvid_68313_sp|P07900|HS90A_HUMAN	0.03259961944189671	-0.44437629893722175	0.5095755378210152	0.213815853021189	0.1524658671528257	0.8818779418087901	1.0	0.2949093842974306	-10.980530721646272	0.09827686026584041	0.3134914038149059	0.24401604330477733	0.13359621359477422	0.8968049887555201	1.0	False	False	False	False
sp|O60814|H2B1K_HUMAN	psvid_12954_sp|O60814|H2B1K_HUMAN	-0.04770644304482463	-0.7466767080911554	0.6512638220015061	0.31333012359449675	-0.1522561651511203	0.8820390308478022	1.0	0.5166921726205336	-10.445200203477714	0.08807942118917439	0.2967817736808889	0.3500416375323077	-0.13628790957881826	0.894739991257207	1.0	False	False	False	False
sp|P57053|H2BFS_HUMAN	psvid_69359_sp|P57053|H2BFS_HUMAN	-0.04770644304482463	-0.7466767080911554	0.6512638220015061	0.31333012359449675	-0.1522561651511203	0.8820390308478022	1.0	0.5166921726205336	-10.445200203477714	0.08807942118917439	0.2967817736808889	0.3500416375323077	-0.13628790957881826	0.894739991257207	1.0	False	False	False	False
sp|P58876|H2B1D_HUMAN	psvid_12944_sp|P58876|H2B1D_HUMAN	-0.04770644304482463	-0.7466767080911554	0.6512638220015061	0.31333012359449675	-0.1522561651511203	0.8820390308478022	1.0	0.5166921726205336	-10.445200203477714	0.08807942118917439	0.2967817736808889	0.3500416375323077	-0.13628790957881826	0.894739991257207	1.0	False	False	False	False
sp|P62807|H2B1C_HUMAN	psvid_12948_sp|P62807|H2B1C_HUMAN	-0.04770644304482463	-0.7466767080911554	0.6512638220015061	0.31333012359449675	-0.1522561651511203	0.8820390308478022	1.0	0.5166921726205336	-10.445200203477714	0.08807942118917439	0.2967817736808889	0.3500416375323077	-0.13628790957881826	0.894739991257207	1.0	False	False	False	False
sp|Q5QNW6|H2B2F_HUMAN	psvid_12939_sp|Q5QNW6|H2B2F_HUMAN	-0.04770644304482463	-0.7466767080911554	0.6512638220015061	0.31333012359449675	-0.1522561651511203	0.8820390308478022	1.0	0.5166921726205336	-10.445200203477714	0.08807942118917439	0.2967817736808889	0.3500416375323077	-0.13628790957881826	0.894739991257207	1.0	False	False	False	False
sp|Q93079|H2B1H_HUMAN	psvid_69358_sp|Q93079|H2B1H_HUMAN	-0.04770644304482463	-0.7466767080911554	0.6512638220015061	0.31333012359449675	-0.1522561651511203	0.8820390308478022	1.0	0.5166921726205336	-10.445200203477714	0.08807942118917439	0.2967817736808889	0.3500416375323077	-0.13628790957881826	0.894739991257207	1.0	False	False	False	False
sp|Q99877|H2B1N_HUMAN	psvid_12946_sp|Q99877|H2B1N_HUMAN	-0.04770644304482463	-0.7466767080911554	0.6512638220015061	0.31333012359449675	-0.1522561651511203	0.8820390308478022	1.0	0.5166921726205336	-10.445200203477714	0.08807942118917439	0.2967817736808889	0.3500416375323077	-0.13628790957881826	0.894739991257207	1.0	False	False	False	False
sp|Q99879|H2B1M_HUMAN	psvid_69353_sp|Q99879|H2B1M_HUMAN	-0.04770644304482463	-0.7466767080911554	0.6512638220015061	0.31333012359449675	-0.1522561651511203	0.8820390308478022	1.0	0.5166921726205336	-10.445200203477714	0.08807942118917439	0.2967817736808889	0.3500416375323077	-0.13628790957881826	0.894739991257207	1.0	False	False	False	False
sp|Q99880|H2B1L_HUMAN	psvid_69356_sp|Q99880|H2B1L_HUMAN	-0.04770644304482463	-0.7466767080911554	0.6512638220015061	0.31333012359449675	-0.1522561651511203	0.8820390308478022	1.0	0.5166921726205336	-10.445200203477714	0.08807942118917439	0.2967817736808889	0.3500416375323077	-0.13628790957881826	0.894739991257207	1.0	False	False	False	False
sp|P51659|DHB4_HUMAN	psvid_26690_sp|P51659|DHB4_HUMAN	0.030597209762323718	-0.4184034540618107	0.4795978735864581	0.2012752766824807	0.15201673184427894	0.8822229658095592	1.0	0.27116145549968723	-10.7348724642804	0.09251457118605856	0.30416208045392273	0.23417910434339909	0.1306573011631991	0.89906058870167	1.0	False	False	False	False
sp|P31153|METK2_HUMAN	psvid_59069_sp|P31153|METK2_HUMAN	-0.061061510054435164	-0.9589426218364736	0.8368196017276033	0.40249666373029797	-0.1517068725204411	0.8824610136266255	1.0	0.559286358590783	-13.210424223589632	0.341187796635866	0.5841128286862616	0.3722447132836743	-0.1640359362414971	0.8735045612790764	1.0	False	False	False	False
sp|Q9HCE6|ARGAL_HUMAN	psvid_418934_sp|Q9HCE6|ARGAL_HUMAN	-0.1147628737192572	-1.8025313884588234	1.573005641020309	0.7565825669096173	-0.1516858552372209	0.8824771604907347	1.0	1.230888545975038	-15.528135723508942	0.5771706923840015	0.7597175082779135	0.7478433566430441	-0.15345843845482615	0.881587764401736	1.0	False	False	False	False
sp|Q53EP0|FND3B_HUMAN	psvid_27249_sp|Q53EP0|FND3B_HUMAN	-0.08484391712751549	-1.3370187905290867	1.1673309562740557	0.5613173084248889	-0.15115143583509974	0.8828877557228495	1.0	0.8119698917195431	-14.853582769079166	0.5854760269210526	0.7651640522927436	0.5097168059824841	-0.16645305026578044	0.8716595845967186	1.0	False	False	False	False
sp|P19971|TYPH_HUMAN	psvid_41146_sp|P19971|TYPH_HUMAN	-0.06001314902185273	-0.947067887610362	0.8270415895666565	0.39764348324402393	-0.15092199809804038	0.8830640442669104	1.0	0.38303218259053823	-14.684851705462155	0.5761562735450418	0.7590495856958502	0.28363494281545193	-0.21158588016745347	0.8373739171794199	1.0	False	False	False	False
sp|Q14749|GNMT_HUMAN	psvid_29758_sp|Q14749|GNMT_HUMAN	0.05473244752633999	-0.755025329105923	0.864490224158603	0.36299327299277045	0.15078088658527308	0.8831724706644946	1.0	0.5133704347759396	-12.806963197871838	0.2634960804067329	0.5133186928280841	0.348327235305101	0.15712939437078371	0.8787807552015396	1.0	False	False	False	False
sp|O95202|LETM1_HUMAN	psvid_45183_sp|O95202|LETM1_HUMAN	-0.07523624227236247	-1.1892649302062617	1.0387924456615367	0.49938997970823057	-0.15065629133431827	0.8832682085047298	1.0	0.7477249279242839	-13.527780495180606	0.40631170734148686	0.6374258445823223	0.47407632534235594	-0.15870069491031924	0.8775798032109684	1.0	False	False	False	False
sp|Q14152|EIF3A_HUMAN	psvid_43104_sp|Q14152|EIF3A_HUMAN	-0.04907366471270613	-0.777909835637913	0.6797625062125008	0.32671822956731605	-0.1502017955278958	0.8836174556060543	1.0	0.4557292903245522	-12.556506588143849	0.2223826914451748	0.4715746933892602	0.3190381359414407	-0.15381755089527474	0.8813130894381938	1.0	False	False	False	False
sp|P17844|DDX5_HUMAN	psvid_65510_sp|P17844|DDX5_HUMAN	-0.1067502796709201	-1.692862248846197	1.4793616895043569	0.7110125912201121	-0.15013838149860953	0.8836661867771622	1.0	1.2403711379142977	-12.417615708061364	0.2024126759170537	0.4499029627787015	0.7533058410177409	-0.1417090826306311	0.8905835896494751	1.0	False	False	False	False
sp|Q9HBI6|CP4FB_HUMAN	psvid_72297_sp|Q9HBI6|CP4FB_HUMAN	0.05200790734060279	-0.7233462779963019	0.8273620926775075	0.3475710411014687	0.1496324526225986	0.8840549913240952	1.0	0.5860729269545271	-9.816011718659468	0.08542578712352387	0.2922769014539532	0.3863958517175411	0.13459747849110204	0.8960367474423749	1.0	False	False	False	False
sp|Q9P1U1|ARP3B_HUMAN	psvid_42114_sp|Q9P1U1|ARP3B_HUMAN	0.08256708874301744	-1.1508473917663742	1.315981569252409	0.5529075140208333	0.14933254956615827	0.884285481029117	1.0	0.797825285260584	-15.591483937214605	0.5729125869916266	0.7569098935749398	0.5018401885357008	0.16452865001493128	0.8731284077037453	1.0	False	False	False	False
sp|Q14847|LASP1_HUMAN	psvid_70626_sp|Q14847|LASP1_HUMAN	-0.08596726432874746	-1.370798221173335	1.19886369251584	0.5759561781636957	-0.14926007843658243	0.8843411802269587	1.0	0.8759652839507398	-14.063124873030768	0.5042085253591446	0.7100764221963327	0.545536060928432	-0.15758310125721528	0.8784339509635894	1.0	False	False	False	False
sp|Q9Y696|CLIC4_HUMAN	psvid_66353_sp|Q9Y696|CLIC4_HUMAN	-0.11994530008631887	-1.9129602221138902	1.6730696219412524	0.8037617838985425	-0.1492299117588544	0.8843643656512691	1.0	1.3346138167961992	-14.332323414770457	0.5421442732329066	0.7363044704691848	0.8077041325851476	-0.14850153075535283	0.8853808686332109	1.0	False	False	False	False
sp|P17813|EGLN_HUMAN	psvid_78615_sp|P17813|EGLN_HUMAN	0.09934084959339984	-1.3886096645983133	1.587291363785113	0.6670093734005714	0.14893471299651564	0.8845912547714172	1.0	1.0416430342279794	-15.054163422417973	0.5904997284696502	0.768439801461149	0.6393597588735923	0.15537551154050736	0.8801216454752269	1.0	False	False	False	False
sp|Q5T1J5|CHCH9_HUMAN	psvid_44270_sp|Q5T1J5|CHCH9_HUMAN	-0.0651082913420491	-1.041259307890459	0.9110427252063609	0.4375830188452056	-0.14879071750515316	0.8847019333670233	1.0	0.562438346280551	-13.94679268995181	0.48509969132659114	0.6964909843828498	0.3739028285004096	-0.17413158280501687	0.8658041167401967	1.0	False	False	False	False
sp|Q9Y6H1|CHCH2_HUMAN	psvid_44269_sp|Q9Y6H1|CHCH2_HUMAN	-0.0651082913420491	-1.041259307890459	0.9110427252063609	0.4375830188452056	-0.14879071750515316	0.8847019333670233	1.0	0.562438346280551	-13.94679268995181	0.48509969132659114	0.6964909843828498	0.3739028285004096	-0.17413158280501687	0.8658041167401967	1.0	False	False	False	False
sp|Q969M3|YIPF5_HUMAN	psvid_88888_sp|Q969M3|YIPF5_HUMAN	0.0814241434769114	-1.1398045859593415	1.3026528729131643	0.5474449599169255	0.14873484905088444	0.8847448759828606	1.0	0.788863659363334	-14.53743512976964	0.5642608078229937	0.7511729546668954	0.4968580829444859	0.1638780695573568	0.873625088957498	1.0	False	False	False	False
sp|P67812|SC11A_HUMAN	psvid_34817_sp|P67812|SC11A_HUMAN	0.03943472378854551	-0.5545142408158095	0.6333836883929005	0.26625181612835885	0.14811062835918534	0.88522470233652	1.0	0.37030444895117276	-11.937767540541756	0.14891651672590675	0.38589702865648856	0.2776574421448992	0.14202653270848034	0.890340310277648	1.0	False	False	False	False
sp|P10620|MGST1_HUMAN	psvid_97758_sp|P10620|MGST1_HUMAN	-0.06847662294291745	-1.1003785589401438	0.9634253130543089	0.4625747006877037	-0.14803365346421707	0.8852838748263312	1.0	0.7749340846384393	-7.3334663512843825	0.16336642210408342	0.4041861230968765	0.48912742373968315	-0.13999751316205317	0.8918954684346188	1.0	False	False	False	False
sp|A6NHL2|TBAL3_HUMAN	psvid_55882_sp|A6NHL2|TBAL3_HUMAN	-0.05074550656877852	-0.8203951148679003	0.7189041017303432	0.34501382813020676	-0.14708252954321407	0.8860150881126977	1.0	0.441803835680004	-13.023599338283056	0.30380950853747657	0.5511891767238146	0.31210869684240883	-0.16258921036859522	0.8746092336496677	1.0	False	False	False	False
sp|P61224|RAP1B_HUMAN	psvid_57822_sp|P61224|RAP1B_HUMAN	0.02045449729014681	-0.29020268312197994	0.33111167770227357	0.1392595044477286	0.14688044001926243	0.8861704667461449	1.0	0.08691460090595594	-10.298962082137688	0.08667114002204845	0.294399626395905	0.17819681009829494	0.11478599015809503	0.9112578831286583	1.0	False	False	False	False
sp|Q71RG4|TMUB2_HUMAN	psvid_82998_sp|Q71RG4|TMUB2_HUMAN	0.08183969572275007	-1.1642539537307754	1.3279333451762756	0.5585912544759121	0.14651087904971705	0.8864546206422507	1.0	0.8056677537550658	-14.857542664846573	0.5856389016068895	0.7652704761108254	0.5062054302340208	0.1616728917445932	0.875309054263193	1.0	False	False	False	False
sp|Q8IZP2|ST134_HUMAN	psvid_50259_sp|Q8IZP2|ST134_HUMAN	0.0682043386608373	-0.9746037303572841	1.1110124076789587	0.46746363542250047	0.14590298259070617	0.8869220664538705	1.0	0.675207798017648	-13.536795239337605	0.4081270697760813	0.6388482368889198	0.4343284244280422	0.1570340203974772	0.8788536606148234	1.0	False	False	False	False
sp|O00560|SDCB1_HUMAN	psvid_82107_sp|O00560|SDCB1_HUMAN	0.08017554344711986	-1.1483047464595444	1.308655833353784	0.550695645177902	0.14558957229672512	0.8871630830796777	1.0	0.7896737442451611	-14.751398779582885	0.5803856934038859	0.7618304886284651	0.4973081684300039	0.1612190358751458	0.875655720681634	1.0	False	False	False	False
sp|P21333|FLNA_HUMAN	psvid_43869_sp|P21333|FLNA_HUMAN	0.1257569750231724	-1.804529540578733	2.0560434906250777	0.865297055900147	0.14533387599747527	0.8873597258368479	1.0	1.4668382552519135	-16.30151464576955	0.4945684573833451	0.7032556131189748	0.8843095827366633	0.1422092188959365	0.8902003133894554	1.0	False	False	False	False
sp|P22897|MRC1_HUMAN	psvid_35243_sp|P22897|MRC1_HUMAN	-0.057976970639103786	-0.9485015001446624	0.8325475588664548	0.39919889993519614	-0.14523329259803938	0.8874370815114668	1.0	0.6037709634438249	-12.71981417342004	0.24846940156447447	0.49846705163378097	0.39581603343526606	-0.146474538021931	0.8869328574861132	1.0	False	False	False	False
sp|Q9C0K3|ARP3C_HUMAN	psvid_51710_sp|Q9C0K3|ARP3C_HUMAN	0.07979138593487711	-1.1516542993252565	1.3112370711950108	0.552024954504884	0.1445430777788709	0.8879679384622226	1.0	0.7971049757590143	-14.600042764123813	0.569733414536403	0.7548068723431199	0.5014394995156723	0.1591246521503503	0.8772558277843319	1.0	False	False	False	False
sp|Q96DC8|ECHD3_HUMAN	psvid_59818_sp|Q96DC8|ECHD3_HUMAN	-0.06586220443820157	-1.0841852250328425	0.9524608161564394	0.4564876273826765	-0.14428037144364672	0.8881700060532496	1.0	0.5865542116998758	-14.225679960306284	0.528248787088305	0.7268072558032872	0.38665131275174347	-0.17034005127118138	0.8686943842531173	1.0	False	False	False	False
sp|Q15029|U5S1_HUMAN	psvid_52330_sp|Q15029|U5S1_HUMAN	0.0820344056726805	-1.1907106644455627	1.3547794757909237	0.5705383906395533	0.14378419930817074	0.8885516730383736	1.0	0.8867166906931045	-13.718020088027188	0.4436832146941353	0.6660954996801399	0.5515804875493665	0.14872608354431394	0.8852089692504659	1.0	False	False	False	False
sp|Q9Y3E5|PTH2_HUMAN	psvid_68452_sp|Q9Y3E5|PTH2_HUMAN	0.05229143016040405	-0.7614217232040011	0.8660045835248092	0.3647663651289041	0.14335595372650348	0.8888811134158686	1.0	0.609992291031007	-11.152260668904791	0.10362005162165089	0.32190068596020555	0.3991398926773568	0.13101028265965295	0.8987896258135972	1.0	False	False	False	False
sp|P23141|EST1_HUMAN	psvid_33457_sp|P23141|EST1_HUMAN	0.04622942693398269	-0.6750617756988445	0.7675206295668099	0.32333601723899735	0.142976422264185	0.8891730976134332	1.0	0.3277944696816163	-5.682597064449628	0.36492968659262964	0.6040941040869623	0.2582815770880753	0.17898848015094093	0.8621048325902335	1.0	False	False	False	False
sp|P62851|RS25_HUMAN	psvid_40431_sp|P62851|RS25_HUMAN	-0.03224478003042863	-0.5354928561903107	0.47100329612945346	0.22559297553439797	-0.14293343998874652	0.88920616618148	1.0	0.31365326645744457	-11.244413789914645	0.10700641007357709	0.327118342612543	0.2520621050817282	-0.12792394961540782	0.9011592886951255	1.0	False	False	False	False
sp|O60701|UGDH_HUMAN	psvid_74311_sp|O60701|UGDH_HUMAN	-0.03402277592189673	-0.565456883371331	0.4974113315275376	0.238228037581005	-0.14281600212707088	0.889296518560128	1.0	0.33120951860759	-11.512861290136364	0.11933963978070375	0.3454556987237347	0.25980161384806877	-0.13095675357041142	0.8988307160124508	1.0	False	False	False	False
sp|P62491|RB11A_HUMAN	psvid_65738_sp|P62491|RB11A_HUMAN	-0.0326777028763674	-0.5444595338020309	0.47910412804929614	0.22941843502702772	-0.14243712748069984	0.8895880221441772	1.0	0.3095331995549153	-11.520682564786254	0.11976160885388705	0.34606590247218383	0.2502735724143564	-0.13056793236748843	0.899129194018442	1.0	False	False	False	False
sp|O15270|SPTC2_HUMAN	psvid_72102_sp|O15270|SPTC2_HUMAN	0.08075946826887792	-1.1856369827942934	1.3471559193320493	0.5676924704442955	0.14225918516353195	0.889724935724037	1.0	0.8336681166205974	-15.666427037531243	0.5671958360587951	0.7531240509098054	0.5218294355203502	0.15476219387345863	0.8805906394757219	1.0	False	False	False	False
sp|Q5T2W1|NHRF3_HUMAN	psvid_43533_sp|Q5T2W1|NHRF3_HUMAN	0.04284172890848037	-0.6297750903568511	0.7154585481738118	0.30151656179275965	0.1420874815424787	0.8898570526940356	1.0	0.4063635215048707	-12.453809907210756	0.207418111398712	0.45543178567016157	0.29477701022588654	0.14533605885903692	0.8878047719098234	1.0	False	False	False	False
sp|P60891|PRPS1_HUMAN	psvid_86841_sp|P60891|PRPS1_HUMAN	-0.05417454471353089	-0.9066396974326966	0.7982906080056348	0.38213787484048833	-0.14176701206637626	0.8901036466902864	1.0	0.6428746218097479	-11.223211467136782	0.10619262204334341	0.32587209460667754	0.416807350941435	-0.1299750222522896	0.8995843730611918	1.0	False	False	False	False
sp|P63000|RAC1_HUMAN	psvid_76440_sp|P63000|RAC1_HUMAN	-0.03174362173083667	-0.5314877771850428	0.4680005337233694	0.22402225934992337	-0.1416985161338501	0.8901563543549229	1.0	0.3068006300267127	-11.316741620306763	0.10994714864847557	0.33158279305246763	0.2490934256785089	-0.1274366099561632	0.9015335603294977	1.0	False	False	False	False
sp|P22695|QCR2_HUMAN	psvid_59582_sp|P22695|QCR2_HUMAN	-0.03171782524088984	-0.5315272690449111	0.46809161856313136	0.22405152641282983	-0.14156487013816474	0.8902591966534453	1.0	0.3304885515176145	-10.323154634746551	0.08686860351264089	0.2947348020045154	0.25948014354261023	-0.12223604013723437	0.9055291360888675	1.0	False	False	False	False
sp|P50416|CPT1A_HUMAN	psvid_26148_sp|P50416|CPT1A_HUMAN	0.03701669711300992	-0.5494993590034969	0.6235327532295167	0.26291983728515345	0.14079081097582963	0.890854887037352	1.0	0.3958117099631648	-11.318522470287014	0.11002287266589336	0.33169695908448327	0.28970954981033686	0.1277717532516395	0.9012761710831898	1.0	False	False	False	False
sp|O75494|SRS10_HUMAN	psvid_79632_sp|O75494|SRS10_HUMAN	-0.11143233833705946	-1.8804199908646073	1.6575553141904884	0.7929909862000429	-0.14052156995003864	0.8910621027841376	1.0	1.3519619877280868	-13.41610603456035	0.3835542277493516	0.6193175500091626	0.8177375761468114	-0.13626906918247522	0.8947544421939333	1.0	False	False	False	False
sp|Q7L2E3|DHX30_HUMAN	psvid_77251_sp|Q7L2E3|DHX30_HUMAN	-0.07925106035505536	-1.3405150217459465	1.1820129010358358	0.5653917093049694	-0.1401701847600099	0.8913325520298514	1.0	0.8498807457431982	-16.172940310012965	0.5121402600756584	0.7156397557959301	0.5309020028674267	-0.14927625046998627	0.8847878331651956	1.0	False	False	False	False
sp|O14662|STX16_HUMAN	psvid_56434_sp|O14662|STX16_HUMAN	-0.10061995974583704	-1.7112621630590656	1.5100222435673916	0.7220088548361857	-0.13936111596396747	0.891955320388096	1.0	1.1594946124686576	-14.741920664851193	0.5798271772932466	0.7614638384672293	0.7067904633911697	-0.14236179597424678	0.8900833929519627	1.0	False	False	False	False
sp|P08631|HCK_HUMAN	psvid_37528_sp|P08631|HCK_HUMAN	0.08273209725771036	-1.2421403005231895	1.4076044950386102	0.5939057108761422	0.13930173719943226	0.8920010293302835	1.0	0.8954945932976757	-15.776324945700061	0.5575534048944246	0.7466949878594503	0.5565206266222709	0.14865953443602262	0.8852599131780983	1.0	False	False	False	False
sp|Q14204|DYHC1_HUMAN	psvid_31713_sp|Q14204|DYHC1_HUMAN	-0.0940506414050799	-1.6014080229361085	1.4133067401259487	0.6757089654234262	-0.13918809164555634	0.892088513245894	1.0	1.0790558800647818	-14.224132069552454	0.5280357271228246	0.7266606684848332	0.6607147858007386	-0.1423468089806668	0.8900948774210254	1.0	False	False	False	False
sp|O95292|VAPB_HUMAN	psvid_59440_sp|O95292|VAPB_HUMAN	0.024423218783784506	-0.36930360310172927	0.4181500406692983	0.1764974562339632	0.1383771715746959	0.8927128004960698	1.0	0.21337562121494946	-10.439933540514273	0.08801958760366482	0.29668095254610605	0.21223174461937208	0.11507806632597037	0.9110331847481065	1.0	False	False	False	False
sp|Q9Y285|SYFA_HUMAN	psvid_58177_sp|Q9Y285|SYFA_HUMAN	0.11930143123897663	-1.804648108562046	2.043250971039999	0.8624563550718016	0.1383274997481403	0.8927510428847033	1.0	1.4925362324307174	-13.268494673826089	0.3531042891135728	0.5942257896739023	0.8992301282243393	0.13267063401729506	0.8975152608154534	1.0	False	False	False	False
sp|O14681|EI24_HUMAN	psvid_63611_sp|O14681|EI24_HUMAN	0.0699673280558466	-1.0601033996401343	1.2000380557518275	0.5065812073651434	0.1381167067364467	0.8929133358450252	1.0	0.7323239316028115	-13.905130627271415	0.4779102912271084	0.6913105606217139	0.465588024977029	0.15027733597593843	0.8840216314992673	1.0	False	False	False	False
sp|Q8TBQ9|KISHA_HUMAN	psvid_89725_sp|Q8TBQ9|KISHA_HUMAN	0.08038659238333512	-1.2288824069408597	1.38965559170753	0.586911114665945	0.13696553085229804	0.8937997362323434	1.0	1.0015661178683015	-12.452222481460858	0.20719564249784184	0.4551874806031487	0.6165448312383647	0.13038239607308713	0.899271626627841	1.0	False	False	False	False
sp|Q96JB5|CK5P3_HUMAN	psvid_46568_sp|Q96JB5|CK5P3_HUMAN	0.03394964986327054	-0.5200291345936506	0.5879284343201917	0.24833422776734382	0.13670950705625987	0.8939968943545685	1.0	0.3017673194280579	-12.17845836531988	0.17282512522262417	0.4157224136640027	0.24693256386424722	0.1374855115582673	0.8938214931976577	1.0	False	False	False	False
sp|Q92599|SEPT8_HUMAN	psvid_67550_sp|Q92599|SEPT8_HUMAN	-0.06466519461062248	-1.120154627845156	0.990824238623911	0.47314835996083515	-0.1366700174464837	0.8940273050833025	1.0	0.6064265483993748	-15.625975165867946	0.5703711058965213	0.7552291744209312	0.3972340602859245	-0.16278864547535832	0.8744569343036205	1.0	False	False	False	False
sp|Q14643|ITPR1_HUMAN	psvid_34224_sp|Q14643|ITPR1_HUMAN	-0.051947614282962906	-0.9012088222052376	0.7973135936393118	0.3807016300252196	-0.1364523032893808	0.8941949687807293	1.0	0.3449958481398424	-15.835240235457277	0.5518042490825751	0.742835277220041	0.2660055792228053	-0.1952876869528055	0.8497171140286148	1.0	False	False	False	False
sp|Q96QV6|H2A1A_HUMAN	psvid_48115_sp|Q96QV6|H2A1A_HUMAN	0.058278820871535686	-0.9048681144181007	1.0214257561611721	0.43175362868112716	0.13498165852029856	0.8953276689207007	1.0	0.7314968200163844	-11.596158977878357	0.12404048231380489	0.3521938135654925	0.46513282610161066	0.12529500736377694	0.9031785939398198	1.0	False	False	False	False
sp|P54819|KAD2_HUMAN	psvid_40045_sp|P54819|KAD2_HUMAN	-0.02033247704199681	-0.3567381454378853	0.31607319135389167	0.15080187946104726	-0.13482906920433158	0.8954452083961457	1.0	0.1390708566439334	-10.10272083003823	0.08556238416599031	0.2925104855658858	0.18941608479987834	-0.10734292741547506	0.9169867143147529	1.0	False	False	False	False
sp|Q6ZU15|SEP14_HUMAN	psvid_37476_sp|Q6ZU15|SEP14_HUMAN	-0.06413035843379511	-1.126585448292814	0.9983247314252237	0.4762708819910422	-0.1346510165931187	0.8955823655946888	1.0	0.6088446186748332	-15.464710346773892	0.5808853309400209	0.7621583371846173	0.3985262564713818	-0.1609187786059971	0.8758850801890866	1.0	False	False	False	False
sp|P13671|CO6_HUMAN	psvid_26930_sp|P13671|CO6_HUMAN	-0.06400387412954078	-1.130996477454773	1.0029887291956914	0.47830493082870784	-0.13381395424598302	0.8962272184517933	1.0	0.6881317970025103	-13.662795680882224	0.4330599428176288	0.6580729008382192	0.44136911814456653	-0.14501212590178744	0.888052888278208	1.0	False	False	False	False
sp|Q14677|EPN4_HUMAN	psvid_59839_sp|Q14677|EPN4_HUMAN	0.15976950715685012	-2.5083782699049855	2.8279172842186857	1.1960609979592656	0.13357973166038428	0.8964076721763277	1.0	2.1243514436602204	-13.148976073583071	0.3286996276744978	0.5733233186209138	1.2681692972596945	0.12598436778282346	0.902649020001178	1.0	False	False	False	False
sp|Q96HV5|TM41A_HUMAN	psvid_89321_sp|Q96HV5|TM41A_HUMAN	-0.06432731697583094	-1.1388660760291267	1.0102114420774648	0.4816876754534463	-0.13354569828940535	0.8964338932579279	1.0	0.6331023030832886	-14.50294567392206	0.5609852377983204	0.7489894777620847	0.4115399472529158	-0.15630880405468384	0.8794080674775187	1.0	False	False	False	False
sp|O60762|DPM1_HUMAN	psvid_34961_sp|O60762|DPM1_HUMAN	-0.021425331185184415	-0.3797738963062707	0.33692323393590184	0.16063830725597178	-0.1333762260769087	0.8965644654263484	1.0	0.14269964697998966	-11.02389741412389	0.09951531907139897	0.31546048733779475	0.19035819233771267	-0.11255271402858216	0.9129762505533967	1.0	False	False	False	False
sp|Q9UI17|M2GD_HUMAN	psvid_65395_sp|Q9UI17|M2GD_HUMAN	-0.09507264802492532	-1.6862983266808502	1.4961530306309996	0.7133049336897757	-0.1332847195282032	0.8966349692385938	1.0	1.146578554435419	-15.725417602061235	0.5622002062430352	0.7498001108582442	0.6993784842785966	-0.13593876586436887	0.8950077977331784	1.0	False	False	False	False
sp|Q9GZP9|DERL2_HUMAN	psvid_38448_sp|Q9GZP9|DERL2_HUMAN	-0.04538815661483975	-0.80805247388675	0.7172761606570704	0.3418825045098026	-0.13275951830269325	0.8970396436549072	1.0	0.464775996763486	-12.792675695774658	0.26098212292370637	0.5108640943770725	0.32357271886084316	-0.14027188934416793	0.891685141694697	1.0	False	False	False	False
sp|Q9NYU2|UGGG1_HUMAN	psvid_23108_sp|Q9NYU2|UGGG1_HUMAN	-0.019294110905872852	-0.34394947687591076	0.30536125506416506	0.14553452561857666	-0.13257411479417408	0.8971825068956555	1.0	0.10452410172979236	-10.624970551751778	0.09055660982325159	0.30092625313064925	0.18147653302575423	-0.10631738762132253	0.9177764674272408	1.0	False	False	False	False
sp|P00734|THRB_HUMAN	psvid_80667_sp|P00734|THRB_HUMAN	0.035628875403168614	-0.5639534101779337	0.6352111609842709	0.2687770868675579	0.13255919921747283	0.8971940003067016	1.0	0.41345035288792426	-11.160747608102952	0.1039158897346039	0.322359876123881	0.2982054312502347	0.11947762069186181	0.9076495751089523	1.0	False	False	False	False
sp|Q9NVA2|SEP11_HUMAN	psvid_60377_sp|Q9NVA2|SEP11_HUMAN	-0.06625369903689338	-1.2001430955576669	1.06763569748388	0.5082930169150953	-0.13034548347525365	0.8989000860468473	1.0	0.6859476500855368	-15.309140754528116	0.587555623589656	0.766521769808044	0.4401778298754136	-0.15051575645153595	0.8838391703119767	1.0	False	False	False	False
sp|O75832|PSD10_HUMAN	psvid_98849_sp|O75832|PSD10_HUMAN	0.04453249897159539	-0.7206722585182086	0.8097372564613994	0.34302131754272086	0.12982428990305883	0.8993018430796099	1.0	0.37615099473097385	-13.39494167013773	0.37919738088059446	0.6157900461038603	0.28039395607651724	0.15882118000946793	0.8774877296350483	1.0	False	False	False	False
sp|Q9BRX8|PXL2A_HUMAN	psvid_91433_sp|Q9BRX8|PXL2A_HUMAN	0.023679088802490256	-0.38548164713903466	0.43283982474401517	0.1834160770116243	0.12910039942130894	0.8998598966080271	1.0	0.23031406481207084	-10.527952006790589	0.08911287455509778	0.29851779604421874	0.2183394278655338	0.10845081455958208	0.9161336556794087	1.0	False	False	False	False
sp|Q969I6|S38A4_HUMAN	psvid_60944_sp|Q969I6|S38A4_HUMAN	0.044268719042867666	-0.7229777641840626	0.8115152022697979	0.34393656989257215	0.1287118699145453	0.9001594410749456	1.0	0.3938991410561662	-13.308866183554922	0.3614288788279885	0.6011895531593913	0.28879597038768845	0.15328717704557995	0.8817187633556418	1.0	False	False	False	False
sp|O95721|SNP29_HUMAN	psvid_92333_sp|O95721|SNP29_HUMAN	0.047188340766152415	-0.773796612622406	0.8681732941547108	0.3680261232534809	0.12822008489231912	0.9005386160149296	1.0	0.5796233789116151	-12.162951699639045	0.171111939919146	0.41365679000730304	0.3829764764971317	0.12321472378083732	0.9047769976705878	1.0	False	False	False	False
sp|Q92841|DDX17_HUMAN	psvid_44969_sp|Q92841|DDX17_HUMAN	-0.07014254972012424	-1.2937811232402183	1.1534960237999698	0.5485252301120866	-0.12787479202331528	0.9008048586254905	1.0	0.9205523397822696	-12.574521907674686	0.2251236203511888	0.47447193842332636	0.5706475946716805	-0.12291745444135349	0.9050054445909157	1.0	False	False	False	False
sp|P62841|RS15_HUMAN	psvid_100762_sp|P62841|RS15_HUMAN	0.02179956822588336	-0.3594508598106378	0.4030499962624045	0.1709046145607064	0.1275540059694527	0.9010522165120505	1.0	0.20116478330257978	-10.187657023258767	0.08593661148691828	0.2931494695320431	0.20801696800760805	0.10479706744445029	0.9189474200710307	1.0	False	False	False	False
sp|Q8TD22|SFXN5_HUMAN	psvid_62514_sp|Q8TD22|SFXN5_HUMAN	-0.05402881215255917	-1.0092073422646197	0.9011497179595013	0.4281816006507568	-0.12618200331458748	0.9021102919325613	1.0	0.6207744048771136	-13.194984630733442	0.33803624152683254	0.5814088419751049	0.40491503314603344	-0.1334324678754853	0.896930636981676	1.0	False	False	False	False
sp|Q9NZN3|EHD3_HUMAN	psvid_70898_sp|Q9NZN3|EHD3_HUMAN	0.04935460489836396	-0.8252371250672486	0.9239463348639765	0.3920566418182121	0.12588641444633042	0.9023382736972214	1.0	0.6439831400547602	-11.866674772579328	0.1429104018632309	0.378034921486403	0.4174057143457734	0.11824132541098673	0.9086001880368355	1.0	False	False	False	False
sp|P29144|TPP2_HUMAN	psvid_64211_sp|P29144|TPP2_HUMAN	0.06323426256713027	-1.0590879096729702	1.1855564348072307	0.5031077322259558	0.12568732006434458	0.9024918364569121	1.0	0.8624177455827943	-11.856133070493108	0.14205896115852037	0.3769070988433627	0.5379300110873503	0.1175510963578906	0.9091309868820003	1.0	False	False	False	False
sp|Q9BV23|ABHD6_HUMAN	psvid_87476_sp|Q9BV23|ABHD6_HUMAN	0.030711142435498218	-0.5158536351613401	0.5772759200323365	0.2450107220304492	0.12534611620662678	0.9027550189747383	1.0	0.36180151614354533	-11.147082222246654	0.10344108896894869	0.3216225877778933	0.27370675397846456	0.1122045473452752	0.9132441868526124	1.0	False	False	False	False
sp|Q8WUD1|RAB2B_HUMAN	psvid_80324_sp|Q8WUD1|RAB2B_HUMAN	-0.032499466914677644	-0.6131929571253766	0.5481940232960213	0.26030973298438903	-0.1248492192054404	0.9031383152009814	1.0	0.40099245451559323	-10.924285673012772	0.09677479459281874	0.3110864744613927	0.2921918994689187	-0.11122644732365246	0.9139969590597765	1.0	False	False	False	False
sp|Q8IZV5|RDH10_HUMAN	psvid_80919_sp|Q8IZV5|RDH10_HUMAN	-0.05656398385847661	-1.0696517239739847	0.9565237562570315	0.45414078780793465	-0.12455164868916963	0.9033678675559895	1.0	0.7404781868971495	-12.431024713121133	0.2042507244240435	0.4519410629983112	0.4700793639247714	-0.12032858321244827	0.9069953433333899	1.0	False	False	False	False
sp|P42330|AK1C3_HUMAN	psvid_90372_sp|P42330|AK1C3_HUMAN	0.03364367652082478	-0.5781548912930248	0.6454422443346743	0.2742533272933194	0.12267372233133274	0.9048167555469484	1.0	0.430982223972424	-10.904927411094814	0.09628410925849142	0.31029680832791595	0.30676841787585	0.10967125219011452	0.915194066976223	1.0	False	False	False	False
sp|P50225|ST1A1_HUMAN	psvid_56215_sp|P50225|ST1A1_HUMAN	-0.03861434657639151	-0.7426762034224866	0.6654475102697036	0.3156125512851899	-0.12234730976050219	0.9050686322189314	1.0	0.49568658851658126	-11.659798142586475	0.1279562875679601	0.3577097812025275	0.33924606000539004	-0.11382400896793907	0.9119980083154758	1.0	False	False	False	False
sp|Q2TAY7|SMU1_HUMAN	psvid_46300_sp|Q2TAY7|SMU1_HUMAN	0.07830560698232159	-1.3500177717547597	1.5066289857194028	0.6402800851091057	0.1222989888385769	0.9051059200595623	1.0	0.9853935364185734	-15.284608078520815	0.5882792310915903	0.7669936317151469	0.6073574812640616	0.12892836492167378	0.9003879906417549	1.0	False	False	False	False
sp|O75891|AL1L1_HUMAN	psvid_46225_sp|O75891|AL1L1_HUMAN	-0.03180564012241227	-0.6135929732719857	0.5499816930271612	0.26080007421973156	-0.12195410686737422	0.9053720624070434	1.0	0.3867455733505805	-11.433576284416539	0.115275957284218	0.3395231321783804	0.2853927499664194	-0.1114451580362664	0.913828625430373	1.0	False	False	False	False
sp|Q9Y394|DHRS7_HUMAN	psvid_24281_sp|Q9Y394|DHRS7_HUMAN	0.041587544272696064	-0.7197566845622541	0.8029317731076462	0.3412907433236798	0.12185371295949413	0.9054495378059844	1.0	0.5698981241355014	-10.71712775683801	0.0921742119781067	0.3036020618805259	0.3778347401895384	0.11006807963670555	0.9148885881881974	1.0	False	False	False	False
sp|Q53EU6|GPAT3_HUMAN	psvid_57619_sp|Q53EU6|GPAT3_HUMAN	0.08085460058008964	-1.4001350520218458	1.5618442531820251	0.6638890008592522	0.12178933598152988	0.9054992189788809	1.0	1.036991310914077	-15.395629702133522	0.5842843224614621	0.7643849308178845	0.6367082886188737	0.12698845299387687	0.9018777629413216	1.0	False	False	False	False
sp|P23634|AT2B4_HUMAN	psvid_43608_sp|P23634|AT2B4_HUMAN	-0.06427376643428051	-1.242008470027212	1.113460937158651	0.5279477235184546	-0.12174267180457649	0.9055352310494867	1.0	0.7405441725946684	-15.613127553931893	0.5713358372656238	0.7558676056464014	0.4701157354960939	-0.13671902806328112	0.8944093266166233	1.0	False	False	False	False
sp|P01857|IGHG1_HUMAN	psvid_35056_sp|P01857|IGHG1_HUMAN	-0.04781439449381031	-0.9243206715606062	0.8286918825729855	0.39291488330549695	-0.12169148211327473	0.9055747358466942	1.0	0.592959835422195	-12.687488365313428	0.2430871039379853	0.493038643453011	0.39005520818141404	-0.12258365864857754	0.9052619726183414	1.0	False	False	False	False
sp|P25311|ZA2G_HUMAN	psvid_23271_sp|P25311|ZA2G_HUMAN	0.02076746197925905	-0.3624872110904237	0.4040221350489418	0.17180306528938305	0.12087946128480644	0.9062014355905857	1.0	0.18445933986163582	-10.947219113553471	0.09737335934116403	0.31204704667912503	0.20252621411827348	0.1025420934750256	0.9206845863584976	1.0	False	False	False	False
sp|Q9H361|PABP3_HUMAN	psvid_38457_sp|Q9H361|PABP3_HUMAN	0.08441920854081353	-1.4744483102902552	1.6432867273718823	0.6987996153318615	0.12080603178455193	0.9062581101980693	1.0	1.1750811229210214	-13.287256427444632	0.35697020451063866	0.5974698356491637	0.7157412975508659	0.11794653854637202	0.9088268786690635	1.0	False	False	False	False
sp|Q13370|PDE3B_HUMAN	psvid_46314_sp|Q13370|PDE3B_HUMAN	-0.06532912140613156	-1.2759687240868298	1.1453104812745667	0.5426981308156106	-0.1203783792436316	0.9065881934130363	1.0	0.8448796785991035	-16.93064951857304	0.39773351839447346	0.6306611755883451	0.5281014599080059	-0.12370562546354585	0.9043997676980764	1.0	False	False	False	False
sp|P11168|GTR2_HUMAN	psvid_49999_sp|P11168|GTR2_HUMAN	-0.0322911492711242	-0.6310993186118744	0.566517020069626	0.2684300707648773	-0.12029631843821474	0.9066515341073205	1.0	0.33401123063361426	-12.354418458354285	0.1940081625337502	0.44046357685255905	0.2610537189528516	-0.12369541947401345	0.9044076101599493	1.0	False	False	False	False
sp|Q8NEW0|ZNT7_HUMAN	psvid_105053_sp|Q8NEW0|ZNT7_HUMAN	0.057797611865738396	-1.014502788212077	1.1300980119435537	0.480684277555841	0.12024027946082355	0.9066947895948868	1.0	0.6808141635325676	-13.805095010366353	0.4599787587604502	0.678217338882198	0.4373801496998852	0.132145027398699	0.8979186445918148	1.0	False	False	False	False
sp|P62888|RL30_HUMAN	psvid_97380_sp|P62888|RL30_HUMAN	-0.03720012616543267	-0.7325413907361195	0.6581411384052541	0.3117033374142826	-0.11934465146900322	0.9073861522549157	1.0	0.5149440466793455	-9.734383085387229	0.08569295030126568	0.29273358246239134	0.3491390725480351	-0.10654816114949327	0.9175987437213117	1.0	False	False	False	False
sp|P05155|IC1_HUMAN	psvid_79219_sp|P05155|IC1_HUMAN	0.022355676562912485	-0.3955324687405515	0.44024382186637645	0.18732834680446717	0.1193395283963472	0.9073901071457573	1.0	0.21166624863138953	-11.29649912701204	0.10909781724491625	0.330299587109818	0.21163193854479392	0.10563470105992859	0.9183022476051338	1.0	False	False	False	False
sp|Q8IX05|CD302_HUMAN	psvid_70450_sp|Q8IX05|CD302_HUMAN	0.037757084423097886	-0.668057332667779	0.7435715015139748	0.3163981782933258	0.11933407653217941	0.9073943158587836	1.0	0.47780322464980085	-12.027425650203657	0.15716342491892857	0.3964384251292104	0.3301454809991057	0.11436498936418932	0.9115817798444018	1.0	False	False	False	False
sp|P14209|CD99_HUMAN	psvid_63586_sp|P14209|CD99_HUMAN	-0.09024170707190038	-1.7772921717687085	1.5968087576249077	0.7562606838197414	-0.11932619135521522	0.9074004030383273	1.0	1.308143769816549	-12.865337128384386	0.27396477489868604	0.5234164450021475	0.7924062715626761	-0.11388313080099421	0.9119525187855493	1.0	False	False	False	False
sp|Q9Y315|DEOC_HUMAN	psvid_65846_sp|Q9Y315|DEOC_HUMAN	-0.14104125785263788	-2.784102287179321	2.5020197714740453	1.1848152638250413	-0.11904071643819157	0.9076207875005705	1.0	2.1166816095274696	-12.686478349487384	0.24292064279643155	0.49286980308843387	1.2636736784277953	-0.11161208804168092	0.9137001485937745	1.0	False	False	False	False
sp|Q05639|EF1A2_HUMAN	psvid_59807_sp|Q05639|EF1A2_HUMAN	0.025586925037007102	-0.45523345040238505	0.5064073004763993	0.21553922276391968	0.11871122438365887	0.9078751630918666	1.0	0.2545670212766936	-11.777399962278682	0.1360119426611521	0.368797969979706	0.22756777792555047	0.11243650252356002	0.9130656813619863	1.0	False	False	False	False
sp|Q13131|AAPK1_HUMAN	psvid_79206_sp|Q13131|AAPK1_HUMAN	-0.07123619731237163	-1.4126598704654358	1.2701874758406926	0.6013252155637459	-0.11846534199565752	0.908064997188838	1.0	0.9629833512571163	-13.547015770999359	0.4101807013674773	0.6404535122610207	0.5946464393826859	-0.11979588642004368	0.9074048792990499	1.0	False	False	False	False
sp|Q71UM5|RS27L_HUMAN	psvid_100491_sp|Q71UM5|RS27L_HUMAN	0.033104660086430204	-0.5919739131706645	0.6581832333435249	0.2802064070664508	0.11814383701290404	0.9083132250632562	1.0	0.44792750367590134	-10.600795094161288	0.09017263569938747	0.30028758832057556	0.3151481380171696	0.10504475861642763	0.9187566337304963	1.0	False	False	False	False
sp|P31150|GDIA_HUMAN	psvid_84214_sp|P31150|GDIA_HUMAN	0.05754289166861559	-1.0298260306459734	1.1449118139832046	0.4874391027192859	0.11805144755026824	0.9083845591264073	1.0	0.676117692887827	-14.054736293081303	0.5028808931518637	0.7091409543608829	0.4348234460131969	0.13233622104836815	0.8977719068679754	1.0	False	False	False	False
sp|Q00839|HNRPU_HUMAN	psvid_45766_sp|Q00839|HNRPU_HUMAN	-0.06456852834815718	-1.2891047452128923	1.159967688516578	0.5489276201910144	-0.11762667057213991	0.9087125411585275	1.0	0.8316695884753722	-13.838918074959711	0.46614207053990475	0.6827459780474029	0.5207123466255065	-0.12400037903190823	0.9041732786372912	1.0	False	False	False	False
sp|Q32P51|RA1L2_HUMAN	psvid_31215_sp|Q32P51|RA1L2_HUMAN	0.05246138560818947	-0.94876025705718	1.053683028273559	0.4488215260788398	0.11688696410468986	0.9092837319095192	1.0	0.7397052829715949	-12.255232339245222	0.1816705380876147	0.42622826993011	0.46965336811361397	0.11170235150000782	0.9136306788899388	1.0	False	False	False	False
sp|P16403|H12_HUMAN	psvid_52364_sp|P16403|H12_HUMAN	0.06596687408556878	-1.2083389453838573	1.340272693554995	0.5712380338312043	0.11548053557137863	0.9103699053798705	1.0	0.9906518530242984	-11.933800291044165	0.1485690968991203	0.3854466200385214	0.6103433565400367	0.10808157962024373	0.9164179491208746	1.0	False	False	False	False
sp|Q7L1Q6|5MP2_HUMAN	psvid_4705_sp|Q7L1Q6|5MP2_HUMAN	0.08007327660232555	-1.47109706787653	1.6312436210811811	0.6953491730001731	0.11515549268123688	0.9106209610738566	1.0	1.1148565120249765	-14.347895967443927	0.5440407242505879	0.7375911633490384	0.6811959652017857	0.11754807822240407	0.9091333079893757	1.0	False	False	False	False
sp|Q9C037|TRIM4_HUMAN	psvid_71060_sp|Q9C037|TRIM4_HUMAN	0.06790058157350298	-1.2492695659380606	1.3850707290850666	0.5904529931433115	0.11499743817374897	0.9107430424954881	1.0	0.8757373035133287	-15.05294778779228	0.590489021978537	0.7684328350471087	0.5454079683097857	0.12449503036034891	0.9037932085996178	1.0	False	False	False	False
sp|Q4VXU2|PAP1L_HUMAN	psvid_883404_sp|Q4VXU2|PAP1L_HUMAN	0.09125396850765588	-1.6804644439044047	1.8629723809197165	0.7942151145713185	0.11489830252967503	0.9108196161874148	1.0	1.3046231888734001	-14.871955659030103	0.5862100231575055	0.765643535307068	0.7903726817280167	0.115456885868252	0.9107417659925637	1.0	False	False	False	False
sp|P21397|AOFA_HUMAN	psvid_72509_sp|P21397|AOFA_HUMAN	0.0188203740277908	-0.3486552895969826	0.3862960376525642	0.1647297472574	0.11425000245027297	0.9113203954066885	1.0	0.1840624916480049	-10.095435757081756	0.08553759701963588	0.2924681128253743	0.20239983347661286	0.09298611419048167	0.9280510905324141	1.0	False	False	False	False
sp|P13987|CD59_HUMAN	psvid_44080_sp|P13987|CD59_HUMAN	0.06682024483374649	-1.2401950458514768	1.3738355355189698	0.585900835914891	0.11404702082291093	0.9114771969032173	1.0	1.017147249151719	-11.98285307352854	0.1529682550308264	0.39111156340720277	0.6254069492917497	0.10684282435527452	0.9173718242721101	1.0	False	False	False	False
sp|O14756|H17B6_HUMAN	psvid_48182_sp|O14756|H17B6_HUMAN	0.036800488051875746	-0.6874878270310417	0.7610888031347932	0.3246795445124374	0.11334403005627612	0.9120202818004495	1.0	0.5380600827735766	-9.23418362700394	0.09021054793570386	0.30035070823239934	0.3611309877725853	0.10190343475883074	0.9211766722773033	1.0	False	False	False	False
sp|P22303|ACES_HUMAN	psvid_22952_sp|P22303|ACES_HUMAN	0.07881034284957611	-1.475546852181404	1.6331675378805561	0.6967777549117486	0.11310685838349983	0.9122035159415679	1.0	1.1087144380156653	-14.669173983845322	0.5750557073787853	0.7583242758733135	0.6776791048348592	0.11629448552760245	0.9100974668249447	1.0	False	False	False	False
sp|P27144|KAD4_HUMAN	psvid_24285_sp|P27144|KAD4_HUMAN	-0.068990562450018	-1.4298929787336432	1.2919118538336072	0.6100570276275388	-0.11308871027732699	0.9122175370320029	1.0	1.0332796605888654	-12.72070551795595	0.24861930514855918	0.498617393547958	0.6345932695474524	-0.10871618997664008	0.9159293369964031	1.0	False	False	False	False
sp|P19022|CADH2_HUMAN	psvid_83022_sp|P19022|CADH2_HUMAN	0.08196108280419523	-1.540716957900453	1.7046391235088434	0.7274042065499912	0.11267611881560162	0.9125363106206585	1.0	1.1869432450674051	-16.106870774559233	0.5206997685018703	0.7215952941239779	0.7225578715827076	0.11343185927054641	0.912299744828022	1.0	False	False	False	False
sp|Q5VT66|MARC1_HUMAN	psvid_49997_sp|Q5VT66|MARC1_HUMAN	-0.02484967093668944	-0.5181990622372464	0.46849972036386756	0.22115565351156524	-0.1123628111790049	0.9127783871080242	1.0	0.1482243272319966	-12.500693920596316	0.21411018082798106	0.4627204132389029	0.19182975342108252	-0.12954023290715655	0.8999181871246426	1.0	False	False	False	False
sp|Q6UW68|TM205_HUMAN	psvid_95127_sp|Q6UW68|TM205_HUMAN	0.0188376128637886	-0.3554391006052747	0.3931143263328519	0.1677784803650129	0.11227669259374719	0.9128449280948601	1.0	0.18434948559956643	-10.622177375147889	0.09051140774431855	0.3008511388449752	0.20249121048475335	0.09302928664751592	0.9280177928037034	1.0	False	False	False	False
sp|P35268|RL22_HUMAN	psvid_77830_sp|P35268|RL22_HUMAN	0.029634588434007014	-0.5656169544915254	0.6248861313595394	0.266835727986668	0.11105929725980195	0.9137856446969315	1.0	0.42267907359861745	-10.31701153563646	0.0868171577628198	0.29464751443516335	0.30269886478542674	0.09790122092137346	0.9242611785834844	1.0	False	False	False	False
sp|Q9BVG9|PTSS2_HUMAN	psvid_61642_sp|Q9BVG9|PTSS2_HUMAN	-0.06562463362379445	-1.383899006078336	1.2526497388307472	0.5909479883600772	-0.11104976227418505	0.9137930132101764	1.0	0.8930490786070394	-15.886386485905113	0.5465044948196179	0.7392594232200344	0.5551438460833024	-0.11821194468207635	0.9086227813759942	1.0	False	False	False	False
sp|O75844|FACE1_HUMAN	psvid_83741_sp|O75844|FACE1_HUMAN	-0.021888166874942883	-0.46548842826696274	0.421712094517077	0.1988544172466329	-0.11007131336587649	0.9145491913156428	1.0	0.19238103581726196	-11.875072077534313	0.1435958100223303	0.37894037792551255	0.20508889156930626	-0.10672526779709154	0.9174623533501185	1.0	False	False	False	False
sp|Q14444|CAPR1_HUMAN	psvid_78123_sp|Q14444|CAPR1_HUMAN	-0.09974352778128637	-2.1214236286991257	1.921936573136553	0.9062664144191216	-0.110059830304114	0.9145580663437679	1.0	1.5265409718417118	-14.934179702826036	0.5882849192420159	0.7669973397880959	0.9189878264520689	-0.10853628841457633	0.916067846661161	1.0	False	False	False	False
sp|Q3SY69|AL1L2_HUMAN	psvid_74272_sp|Q3SY69|AL1L2_HUMAN	-0.03864541950836653	-0.8234277369482359	0.7461368979315028	0.35179742660714014	-0.10985134223714124	0.9147192047325988	1.0	0.2890677623951582	-14.02992680781204	0.4989073144072083	0.7063337132030498	0.24155769892332865	-0.15998421776915805	0.8765990482241663	1.0	False	False	False	False
sp|P12111|CO6A3_HUMAN	psvid_43301_sp|P12111|CO6A3_HUMAN	0.07511599610735864	-1.450597557192218	1.6008295494069353	0.683937558049723	0.10982873395863081	0.914736678694057	1.0	1.0823820086028069	-14.650532491489205	0.5736956925899507	0.7574270212964089	0.6626157855643426	0.11336282313797152	0.9123528656900408	1.0	False	False	False	False
sp|Q9NSE4|SYIM_HUMAN	psvid_32737_sp|Q9NSE4|SYIM_HUMAN	0.11159198749870658	-2.15853984068044	2.3817238156778533	1.0176408380577173	0.10965753665280623	0.9148689988135847	1.0	1.7697372117938523	-16.634583756574685	0.4448119416584515	0.6669422326247241	1.0606833932032569	0.10520763143250457	0.9186311825032849	1.0	False	False	False	False
sp|Q5XG92|EST4A_HUMAN	psvid_42952_sp|Q5XG92|EST4A_HUMAN	0.07594320190759296	-1.479449527086868	1.6313359309020539	0.6972419577555452	0.10891943759675295	0.9154395142177955	1.0	1.1128073477581906	-14.538877252456928	0.5643937612604562	0.7512614466751613	0.6800225080969778	0.11167748273526663	0.9136498186251105	1.0	False	False	False	False
sp|Q86VB7|C163A_HUMAN	psvid_47983_sp|Q86VB7|C163A_HUMAN	-0.02865729890296942	-0.6181671345684949	0.5608525367625561	0.26426187050604666	-0.10844280655431787	0.9158079541255585	1.0	0.354186290174966	-12.071213897626766	0.16147164544727277	0.4018353461895466	0.270198965355545	-0.10605998755494982	0.9179747025447549	1.0	False	False	False	False
sp|Q92575|UBXN4_HUMAN	psvid_44387_sp|Q92575|UBXN4_HUMAN	-0.03006301405302736	-0.6498707785574286	0.5897447504513739	0.2778436410941173	-0.10820119522851976	0.915994729768444	1.0	0.40463295552484563	-11.83119044423139	0.1400840027890762	0.3742779752925307	0.2939428161763275	-0.10227504262255369	0.9208903444208427	1.0	False	False	False	False
sp|Q2TV78|MST1L_HUMAN	psvid_58569_sp|Q2TV78|MST1L_HUMAN	0.0508528519223872	-0.9990694280413073	1.1007751318860817	0.4706527504769241	0.108047497588948	0.9161135472560314	1.0	0.6733396144738759	-13.632497949488616	0.42714700850724263	0.6535648464439031	0.4333123759823509	0.1173584110241487	0.9092791740348232	1.0	False	False	False	False
sp|O15126|SCAM1_HUMAN	psvid_39773_sp|O15126|SCAM1_HUMAN	0.04303325088468135	-0.8463357277325791	0.9324022295019418	0.39868089663697837	0.10793908423424053	0.916197358582344	1.0	0.43655765248071005	-14.120603195567472	0.5130826782142013	0.7162978976754024	0.3095147685991186	0.13903456393842623	0.8926337011838293	1.0	False	False	False	False
sp|Q8WVC6|DCAKD_HUMAN	psvid_76249_sp|Q8WVC6|DCAKD_HUMAN	-0.05057477894132534	-1.0996049360584268	0.9984553781757761	0.47025283509316174	-0.10754805748551409	0.9164996593554178	1.0	0.7366347943485165	-12.943280983605213	0.2884125360644339	0.5370405348429799	0.4679616111028505	-0.10807463206679534	0.9164232985298687	1.0	False	False	False	False
sp|P0DP25|CALM3_HUMAN,sp|P0DP23|CALM1_HUMAN,sp|P0DP24|CALM2_HUMAN	psvid_61549_sp|P0DP25|CALM3_HUMAN	0.018776317473883974	-0.37097538649464207	0.40852802144241	0.17471551463999582	0.10746794589234324	0.9165615949440828	1.0	0.2085878676732422	-10.433394546270753	0.08794627037312079	0.29655736438861335	0.21055969525572502	0.08917336934345442	0.9309923359934646	1.0	False	False	False	False
sp|P62879|GBB2_HUMAN	psvid_21038_sp|P62879|GBB2_HUMAN	0.030669137186786433	-0.6069774048522633	0.6683156792258361	0.2858402993916425	0.10729465807326657	0.9166955686088831	1.0	0.44323350972207265	-11.380077556117701	0.11274295297612151	0.3357721742135901	0.31281719500764704	0.09804172429215953	0.9241528694774913	1.0	False	False	False	False
sp|Q32P28|P3H1_HUMAN	psvid_51227_sp|Q32P28|P3H1_HUMAN	0.04747592072320472	-0.9412245854940958	1.0361764269405054	0.4432086274663974	0.10711867454972815	0.9168316292015735	1.0	0.5335342943189663	-14.480661771121483	0.55877163886936	0.7475102934872269	0.35877366900766383	0.13232833071200267	0.8977779624789209	1.0	False	False	False	False
sp|Q13637|RAB32_HUMAN	psvid_31410_sp|Q13637|RAB32_HUMAN	-0.027033278343425948	-0.591198814314656	0.5371322576278041	0.2529006825517877	-0.1068928643080677	0.917006217149465	1.0	0.34073759115849256	-11.904315073332905	0.14603266252004868	0.3821422019615848	0.26407800344073473	-0.10236853502072484	0.9208183094314293	1.0	False	False	False	False
sp|Q16795|NDUA9_HUMAN	psvid_68578_sp|Q16795|NDUA9_HUMAN	-0.03325751290622447	-0.7295364706934635	0.6630214448810146	0.3121236808053087	-0.1065523539271898	0.9172694956710532	1.0	0.49018751043027914	-11.615051430059577	0.12517248201413378	0.3537972329090969	0.3364384550692235	-0.09885169904071048	0.9235285209581482	1.0	False	False	False	False
sp|Q93084|AT2A3_HUMAN	psvid_26964_sp|Q93084|AT2A3_HUMAN	-0.032345098062379396	-0.7123290714062702	0.6476388752815114	0.30481906465076275	-0.10611245100249164	0.9176096388552152	1.0	0.3487681238523514	-12.921075946595554	0.28424438851695216	0.5331457479122873	0.2677213712953674	-0.12081627217833951	0.9066204349273904	1.0	False	False	False	False
sp|P07910|HNRPC_HUMAN	psvid_51657_sp|P07910|HNRPC_HUMAN	-0.05903878652639616	-1.3028258595513775	1.1847482864985852	0.5575572764748765	-0.10588828989851133	0.9177829721600316	1.0	0.970106952091943	-11.722211110240343	0.13209245160816963	0.3634452525596801	0.5986843758626332	-0.09861420960139182	0.9237115779200942	1.0	False	False	False	False
sp|P04083|ANXA1_HUMAN	psvid_46613_sp|P04083|ANXA1_HUMAN	0.07934924486914019	-1.5932854705120005	1.751983960250281	0.7497984797165584	0.1058274283233224	0.9178300343528929	1.0	1.2772524619314143	-13.239317923501808	0.34710604206929935	0.5891570606122779	0.7745714318558495	0.102442772358673	0.9207611108274973	1.0	False	False	False	False
sp|Q9H8H3|TMT1A_HUMAN	psvid_41230_sp|Q9H8H3|TMT1A_HUMAN	0.08048201470499805	-1.6161594064205438	1.7771234358305399	0.7605600592202177	0.10581940732927016	0.9178362367405415	1.0	1.3566812336210057	-8.425542601046528	0.10869694210343112	0.32969219296706304	0.8204679658643116	0.09809281782283272	0.9241134836845173	1.0	False	False	False	False
sp|Q9HD89|RETN_HUMAN	psvid_65419_sp|Q9HD89|RETN_HUMAN	-0.06462718184044958	-1.4292160830824148	1.2999617194015156	0.6117095826007455	-0.1056501053419509	0.9179671541026886	1.0	1.0162123888763845	-13.06780196847128	0.3124779723825912	0.5589972919277796	0.6248749370997816	-0.10342418619060369	0.9200049939255741	1.0	False	False	False	False
sp|P0CG39|POTEJ_HUMAN	psvid_32629_sp|P0CG39|POTEJ_HUMAN	0.040571707537316204	-0.8226202438079211	0.9037636588825535	0.3869464186475093	0.10485097052746002	0.9185851415080132	1.0	0.43156769903858505	-13.87732487138166	0.47301785604171886	0.6877629359319378	0.3070563014533902	0.13213116729823834	0.8979292821329538	1.0	False	False	False	False
sp|O43681|GET3_HUMAN	psvid_51700_sp|O43681|GET3_HUMAN	-0.028662067634665167	-0.6407743652884431	0.5834502300191128	0.27439396419081824	-0.10445589690425215	0.918890681136283	1.0	0.2087828523161396	-13.078653027000989	0.3146249665741714	0.5609144021810916	0.21062730605130292	-0.13607954339825193	0.8948998143173602	1.0	False	False	False	False
sp|Q3LXA3|TKFC_HUMAN	psvid_50975_sp|Q3LXA3|TKFC_HUMAN	-0.019872397091416527	-0.44684349143643626	0.4070986972536032	0.19139999575451877	-0.103826528381453	0.9193774469421644	1.0	0.23135444345133	-11.14987805338156	0.10353756528283908	0.3217725365577974	0.21872397170510846	-0.09085605448957926	0.9296941307957601	1.0	False	False	False	False
sp|P57105|SYJ2B_HUMAN	psvid_91317_sp|P57105|SYJ2B_HUMAN	-0.036375293185552326	-0.8197309554040364	0.7469803690329317	0.35115789431342553	-0.10358671633076147	0.919562931442028	1.0	0.5791091597094736	-11.331128966434612	0.11056361280468485	0.3325110717024094	0.38270417348787816	-0.09504807029940708	0.9264609282490215	1.0	False	False	False	False
sp|Q9H254|SPTN4_HUMAN	psvid_35000_sp|Q9H254|SPTN4_HUMAN	-0.06483770577565373	-1.4616167642866396	1.331941352735332	0.6261395897984908	-0.10355151923314786	0.9195901553382247	1.0	1.035765453340731	-17.282640114180488	0.34145921906252524	0.5843451198243426	0.6360096947098135	-0.10194452429728552	0.9211450117504744	1.0	False	False	False	False
sp|P15144|AMPN_HUMAN	psvid_43272_sp|P15144|AMPN_HUMAN	0.04030768885989122	-0.8294711409711387	0.9100865186909212	0.3898991443259307	0.10337978281428742	0.9197229898563812	1.0	0.6586351753006379	-11.193862509935428	0.105100802300888	0.3241925389346399	0.42533058267571944	0.09476790642779293	0.9266769679045325	1.0	False	False	False	False
sp|O00461|GOLI4_HUMAN	psvid_46370_sp|O00461|GOLI4_HUMAN	0.06724970826284293	-1.3845096496147888	1.5190090661404747	0.6507858227747559	0.10333616054527787	0.9197567311797834	1.0	1.0671610692146984	-13.49499774684393	0.3996800223579534	0.6322025168867594	0.6539197029096996	0.10284092674315629	0.9204543479455853	1.0	False	False	False	False
sp|Q9NQ94|A1CF_HUMAN	psvid_39347_sp|Q9NQ94|A1CF_HUMAN	-0.06592069073782403	-1.4904173176210787	1.3585759361454306	0.6385646521482408	-0.1032326022369944	0.9198368330100012	1.0	1.045978910841628	-13.44006825917415	0.38847397800351186	0.6232768068872063	0.6418319569631297	-0.10270708714743985	0.9205574647275052	1.0	False	False	False	False
sp|P14866|HNRPL_HUMAN	psvid_68276_sp|P14866|HNRPL_HUMAN	0.07594710758726064	-1.565254511131235	1.7171487263057563	0.7357078430260098	0.10322998226427178	0.9198388595579328	1.0	1.2565678560524771	-13.11273876435336	0.3214139835880001	0.5669338441017612	0.7626409548176356	0.09958435500676892	0.9229638196769352	1.0	False	False	False	False
sp|P04899|GNAI2_HUMAN	psvid_86428_sp|P04899|GNAI2_HUMAN	-0.018799325453852322	-0.42909102777169	0.39149237686398536	0.18392305971488393	-0.10221298777322912	0.9206255497995934	1.0	0.22517236451190561	-10.790620406606521	0.0936470771704583	0.3060180994164533	0.21645461936664215	-0.08685111691707093	0.9327843286174505	1.0	False	False	False	False
sp|Q9BZK3|NACP4_HUMAN	psvid_81120_sp|Q9BZK3|NACP4_HUMAN	0.03953902220838712	-0.8288613838876129	0.9079394283043871	0.38928123294849337	0.10156929967805207	0.9211235175566715	1.0	0.5615281578199106	-12.921494841541268	0.2843226450130252	0.533219134140013	0.3734238204142162	0.10588243182914497	0.9181114495404838	1.0	False	False	False	False
sp|Q5JNZ5|RS26L_HUMAN	psvid_97694_sp|Q5JNZ5|RS26L_HUMAN	-0.025670142317170797	-0.5977893228529235	0.5464490382185819	0.2564660937846438	-0.10009175847910008	0.9222667029223415	1.0	0.38679162068271733	-11.159250337239488	0.10386346799079268	0.322278556517173	0.28541458554723004	-0.08993984055843893	0.9304009700571215	1.0	False	False	False	False
sp|Q9Y3A6|TMED5_HUMAN	psvid_86377_sp|Q9Y3A6|TMED5_HUMAN	-0.030636750318357553	-0.7163353129277945	0.6550618122910794	0.30738076584236734	-0.09967035586757844	0.9225927796686378	1.0	0.4818335862990192	-11.573851710837712	0.12273593035205113	0.35033688123298	0.33218882874811545	-0.09222691333063487	0.9286366655801944	1.0	False	False	False	False
sp|P22626|ROA2_HUMAN	psvid_432_sp|P22626|ROA2_HUMAN	-0.038916130166947394	-0.9130395089888009	0.8352072486549061	0.39184669222650825	-0.09931468336716696	0.9228680068956762	1.0	0.6672019861521354	-10.868667339363185	0.09540010543612949	0.30886907491059945	0.42997739851390954	-0.09050738550781869	0.9299631136845002	1.0	False	False	False	False
sp|Q9H1E5|TMX4_HUMAN	psvid_77976_sp|Q9H1E5|TMX4_HUMAN	-0.06710176158969716	-1.5803358118494113	1.446132288670017	0.678343322607363	-0.09892005914022513	0.9231733883391942	1.0	1.0655364276650143	-15.155043825341082	0.5905603371570456	0.7684792366466681	0.6529919994241158	-0.10276046513414451	0.920516339441935	1.0	False	False	False	False
sp|P53985|MOT1_HUMAN	psvid_87023_sp|P53985|MOT1_HUMAN	0.06655848720904611	-1.4351082534100066	1.5682252278280988	0.6731579996535688	0.09887498513469273	0.9232082698633003	1.0	1.0569017931835363	-14.802671692252808	0.5831532277347613	0.7636446999323451	0.64806307732897	0.10270371748899942	0.9205600609029074	1.0	False	False	False	False
sp|P54619|AAKG1_HUMAN	psvid_30519_sp|P54619|AAKG1_HUMAN	-0.036550472972974646	-0.8625430744814157	0.7894421285354664	0.3702709211837857	-0.09871278267307589	0.9233337952686065	1.0	0.5310380909326331	-12.799848393932287	0.26224177215117145	0.5120954717151592	0.3574754149015111	-0.1022461166540495	0.9209126317557144	1.0	False	False	False	False
sp|Q8NBJ5|GT251_HUMAN	psvid_52711_sp|Q8NBJ5|GT251_HUMAN	-0.03762623228547701	-0.8886603639822239	0.8134078994112699	0.3814963854721372	-0.09862801776984349	0.9233993940974159	1.0	0.5085632722199709	-13.208619658589857	0.3408190243056014	0.5837970745949327	0.3458509013039736	-0.10879321737666008	0.9158700330463521	1.0	False	False	False	False
sp|Q15293|RCN1_HUMAN	psvid_60363_sp|Q15293|RCN1_HUMAN	-0.013232650812609048	-0.31299206462974843	0.28652676300453034	0.13437432016326548	-0.09847603914595669	0.9235170105557744	1.0	0.06339128549221468	-10.001689472919761	0.08531952908039989	0.2920950685656981	0.1746908524481076	-0.07574896239366537	0.9413568195408011	1.0	False	False	False	False
sp|Q9NRG7|D39U1_HUMAN	psvid_36339_sp|Q9NRG7|D39U1_HUMAN	-0.04542581590652839	-1.0769880191497492	0.9861363873366924	0.46242240736261553	-0.09823446092418062	0.9237039722448861	1.0	0.6508135804884951	-13.66749215626763	0.43397133424255907	0.6587650068442912	0.4210964651508753	-0.10787508247131142	0.9165769476789822	1.0	False	False	False	False
sp|Q03518|TAP1_HUMAN	psvid_883479_sp|Q03518|TAP1_HUMAN	-0.0402543958749928	-0.9582938065625135	0.8777850148125279	0.41153310290856676	-0.0978156935383553	0.9240280753384398	1.0	0.4827227319410355	-14.041519674579083	0.5007727633663557	0.7076529964370643	0.3326402262207485	-0.12101481631472605	0.9064678121822045	1.0	False	False	False	False
sp|P22059|OSBP1_HUMAN	psvid_37445_sp|P22059|OSBP1_HUMAN	0.034805445038243565	-0.7622622717048779	0.8318731617813651	0.35730465041134674	0.09741111681074908	0.9243412095054844	1.0	0.4329094969188115	-13.299379256429132	0.3594708479341993	0.5995588777878277	0.30771653045265523	0.1131087920010156	0.912548337652944	1.0	False	False	False	False
sp|O75356|ENTP5_HUMAN	psvid_47461_sp|O75356|ENTP5_HUMAN	-0.014387151858179514	-0.34612650914376414	0.3173522054274051	0.14871009400172594	-0.09674630330078694	0.9248557911051601	1.0	0.13158632134568857	-10.081733005408825	0.08549406432407508	0.292393680376432	0.187535610905089	-0.07671690613182151	0.9406090879301263	1.0	False	False	False	False
sp|Q12906|ILF3_HUMAN	psvid_28959_sp|Q12906|ILF3_HUMAN	0.04990827057218361	-1.1078359200534589	1.207652461197826	0.5189864983963204	0.09616487274023748	0.9253058621511004	1.0	0.810322772227526	-13.291704137120277	0.3578874473006266	0.5982369491268711	0.5087987794106203	0.09809038974109979	0.9241153553827273	1.0	False	False	False	False
sp|P35613|BASI_HUMAN	psvid_69182_sp|P35613|BASI_HUMAN	-0.021732248627287287	-0.5258805345320888	0.48241603727751425	0.2259965160635761	-0.09616187455373733	0.9253081830451414	1.0	0.24772042825924187	-12.102617833701451	0.16467724047800059	0.4058044362473143	0.2249082787715523	-0.09662716173005592	0.9252433815610953	1.0	False	False	False	False
sp|Q9Y6N5|SQOR_HUMAN	psvid_59234_sp|Q9Y6N5|SQOR_HUMAN	-0.01866720256942811	-0.4526529079313053	0.4153185027924491	0.19454446276089932	-0.09595339957000283	0.9254695651854734	1.0	0.24497823545809816	-11.031387816418688	0.09973653743023236	0.3158109203783687	0.22385478764062425	-0.08338978480726701	0.9354560503576665	1.0	False	False	False	False
sp|P22314|UBA1_HUMAN	psvid_65281_sp|P22314|UBA1_HUMAN	0.06840779808471797	-1.5273574725558812	1.6641730687253171	0.7153399142730088	0.09562977924171892	0.9257200892824659	1.0	1.147160578101051	-14.66675877981022	0.5748826475055113	0.7582101605132388	0.6997123773197169	0.09776559669668479	0.9243657281036249	1.0	False	False	False	False
sp|P05023|AT1A1_HUMAN	psvid_83273_sp|P05023|AT1A1_HUMAN	-0.022549925458699605	-0.5488817202576431	0.5037818693402439	0.23594080401279294	-0.09557450460106479	0.9257628798750612	1.0	0.28588638984686465	-12.022872054467548	0.1567260960232352	0.395886468603355	0.24022919947572535	-0.0938683786480262	0.9273706539317669	1.0	False	False	False	False
sp|P08709|FA7_HUMAN	psvid_78968_sp|P08709|FA7_HUMAN	0.04268308683359834	-0.9550114219899382	1.0403775956571348	0.4472404040513918	0.095436562633759	0.9258696680582329	1.0	0.561654853639793	-14.236597297389086	0.5297424620386657	0.7278340896376493	0.37349048737444723	0.1142815902317906	0.9116459449837764	1.0	False	False	False	False
sp|P07948|LYN_HUMAN	psvid_41237_sp|P07948|LYN_HUMAN	0.06456207635898537	-1.4534997097345215	1.5826238624524922	0.6805074705563227	0.09487342777619344	0.9263056365961134	1.0	1.0702035948800874	-15.192015536250821	0.5901767356611026	0.7682296112889053	0.6556573054934203	0.09846923967452577	0.923823323153181	1.0	False	False	False	False
sp|Q9NQE9|HINT3_HUMAN	psvid_97340_sp|Q9NQE9|HINT3_HUMAN	-0.046932935569932166	-1.1505665856688476	1.0567007145289833	0.4947301556034255	-0.09486572637297148	0.9263115990572393	1.0	0.8163793311529575	-12.528601628939882	0.2182051505197636	0.46712434160484895	0.5121754431783525	-0.0916344900854392	0.9290936360921714	1.0	False	False	False	False
sp|O43633|CHM2A_HUMAN	psvid_42492_sp|O43633|CHM2A_HUMAN	-0.04233625468074953	-1.0391563844918714	0.9544838751303725	0.4468484427652989	-0.09474410253900353	0.926405761413356	1.0	0.627203776218241	-13.538592887724375	0.4084886290790237	0.6391311517044242	0.40836728753767276	-0.10367200305397606	0.9198140803059054	1.0	False	False	False	False
sp|Q8NBJ7|SUMF2_HUMAN	psvid_32694_sp|Q8NBJ7|SUMF2_HUMAN	0.018202084962005927	-0.4121827820867346	0.44858695201074644	0.19293030094297975	0.09434539247096041	0.9267144549898009	1.0	0.23411239523565533	-11.178614824951149	0.10454911059310927	0.32334054894663194	0.2197484476241539	0.0828314609673048	0.9358870890691148	1.0	False	False	False	False
sp|Q9BTU6|P4K2A_HUMAN	psvid_47878_sp|Q9BTU6|P4K2A_HUMAN	-0.06272332101662359	-1.5555122109490152	1.430065568915768	0.6691782909420393	-0.09373185272989729	0.9271895012250919	1.0	1.0517957681742824	-14.635989311698527	0.5725960332714368	0.7567007554320511	0.6451497058491966	-0.09722289330359725	0.9247841008176325	1.0	False	False	False	False
sp|O14678|ABCD4_HUMAN	psvid_59000_sp|O14678|ABCD4_HUMAN	-0.05312440348837688	-1.3274324760755	1.2211836690987463	0.5712390438450515	-0.0929985512383619	0.9277573149542946	1.0	0.9029167217473109	-13.512795731462067	0.40328609460210735	0.6350481041638557	0.5607013040554738	-0.09474635265538983	0.9266935886910195	1.0	False	False	False	False
sp|P14618|KPYM_HUMAN	psvid_37927_sp|P14618|KPYM_HUMAN	-0.04737784058245609	-1.1882326831682872	1.093477002003375	0.5114154445570075	-0.09264061358861617	0.9280344905401186	1.0	0.709842219232109	-14.421705318900958	0.5525524085885042	0.7433386903616037	0.4532405310568734	-0.10453134116664212	0.9191521042535812	1.0	False	False	False	False
sp|Q09666|AHNK_HUMAN	psvid_23288_sp|Q09666|AHNK_HUMAN	0.07247212782343393	-1.6764696085587598	1.8214138642056277	0.7840049252794509	0.09243835782996128	0.9281911154701078	1.0	1.2887203026029939	-15.658904834348348	0.5678019518906612	0.7535263445233094	0.7811899281784662	0.09277145699051736	0.9282166519394086	1.0	False	False	False	False
sp|Q96A26|F162A_HUMAN	psvid_54187_sp|Q96A26|F162A_HUMAN	-0.019234638862705378	-0.4847930117840852	0.4463237340586744	0.20869766544108942	-0.09216508877592057	0.9284027375330829	1.0	0.2829160876575753	-10.968499574997153	0.09794582849632454	0.312962982629455	0.23899555080586937	-0.08048115874060449	0.9377018180206674	1.0	False	False	False	False
sp|O15488|GLYG2_HUMAN	psvid_87167_sp|O15488|GLYG2_HUMAN	0.06341885094848054	-1.4817174068883876	1.6085551087853487	0.6926442494750092	0.09156049587728327	0.9288709606306168	1.0	1.1852701837279587	-12.880338775296249	0.27670495963572406	0.5260275274505357	0.7215962134457938	0.0878868954226359	0.9319850078391824	1.0	False	False	False	False
sp|Q9BWD1|THIC_HUMAN	psvid_69241_sp|Q9BWD1|THIC_HUMAN	0.026670113937504514	-0.6240244618982081	0.6773646897732172	0.2916893923311005	0.09143326647693417	0.928969496262123	1.0	0.272177372736439	-13.093032412801826	0.3174809044962844	0.5634544387049271	0.2345911427048992	0.11368764238065812	0.912102932817382	1.0	False	False	False	False
sp|P63208|SKP1_HUMAN	psvid_6979_sp|P63208|SKP1_HUMAN	0.055808710777734305	-1.3438693628738063	1.455486784429275	0.6274391426088413	0.08894681091410107	0.9308954378752173	1.0	1.0104235420429526	-13.643060586181946	0.4292148693394861	0.6551449223946455	0.6215814244310511	0.08978503633505039	0.9305204046074836	1.0	False	False	False	False
sp|Q9P0L0|VAPA_HUMAN	psvid_79444_sp|Q9P0L0|VAPA_HUMAN	-0.01490307483293618	-0.39039483952619053	0.36058868986031817	0.16832315611058868	-0.08853847074460051	0.9312117723314121	1.0	0.19421141229842995	-10.141811074468817	0.08571500319770334	0.292771247218205	0.20569166282788365	-0.0724534705395746	0.9439030242956834	1.0	False	False	False	False
sp|P11142|HSP7C_HUMAN	psvid_16258_sp|P11142|HSP7C_HUMAN	0.011429563390754183	-0.27927403486422975	0.3021331616457381	0.1303148344437248	0.0877073085312473	0.9318556989192752	1.0	0.022009403655181756	-9.978416356288339	0.0852940384540235	0.2920514311795501	0.17111476452393865	0.06679472354447362	0.9482767230535644	1.0	False	False	False	False
sp|Q07075|AMPE_HUMAN	psvid_67756_sp|Q07075|AMPE_HUMAN	0.04446645831616092	-1.0898930900147072	1.178826006647029	0.5085037736985121	0.08744568008363442	0.932058401125047	1.0	0.712922981873318	-14.24430005000881	0.5307867495934169	0.7285511303905972	0.4549293884540169	0.09774364867319507	0.9243826474633572	1.0	False	False	False	False
sp|Q9NZ43|USE1_HUMAN	psvid_62779_sp|Q9NZ43|USE1_HUMAN	0.026137743851669892	-0.641761567558293	0.6940370552616327	0.29940182616908806	0.08729988118679184	0.9321713641366997	1.0	0.38212947683629633	-12.607797260642375	0.23027645667238072	0.4798712917776815	0.2832085549252241	0.09229150531335846	0.9285868437071076	1.0	False	False	False	False
sp|P49368|TCPG_HUMAN	psvid_27914_sp|P49368|TCPG_HUMAN	0.03035018410229462	-0.7455787157487174	0.8062790839533066	0.34782867061554373	0.0872561311538369	0.9322052613786377	1.0	0.5592701955229741	-11.741017365501902	0.133399536876223	0.3652390133545744	0.3722362156738812	0.08153474279054199	0.9368882705778403	1.0	False	False	False	False
sp|P30038|AL4A1_HUMAN	psvid_32999_sp|P30038|AL4A1_HUMAN	-0.025493713864988443	-0.6780821936593519	0.627094765929375	0.29253838003646565	-0.0871465612881653	0.9322901560248169	1.0	0.41082893703809537	-12.19608020523272	0.17480176637287442	0.41809301162884127	0.29693497565117327	-0.08585621754083085	0.9335521781079963	1.0	False	False	False	False
sp|Q9P2B2|FPRP_HUMAN	psvid_24684_sp|Q9P2B2|FPRP_HUMAN	-0.045245548439266425	-1.2169269896703032	1.1264358927917704	0.5252342040186277	-0.08614356813224937	0.9330673156387429	1.0	0.7840130969828444	-13.779505680549567	0.4552518163392822	0.6747235110319502	0.49416424186942803	-0.09155973784768821	0.9291512988116649	1.0	False	False	False	False
sp|P49327|FAS_HUMAN	psvid_52701_sp|P49327|FAS_HUMAN	0.021326180947505158	-0.5351777180930135	0.5778300799880238	0.24946617071847413	0.08548726621363037	0.9335758849123345	1.0	0.3056369797392795	-12.171707370630841	0.1720762647235946	0.4148207621655341	0.24859235646499608	0.08578775812243473	0.9336050168347999	1.0	False	False	False	False
sp|O75131|CPNE3_HUMAN	psvid_27999_sp|O75131|CPNE3_HUMAN	0.0938734449615648	-2.3588129691924604	2.54655985911559	1.0994752934654297	0.08538022229284084	0.933658836379774	1.0	1.9240087331098927	-13.745595165760509	0.44890705379624984	0.6700052640063732	1.1508464444386945	0.0815690446064244	0.936861785002785	1.0	False	False	False	False
sp|P32969|RL9_HUMAN	psvid_13150_sp|P32969|RL9_HUMAN	-0.026174317519213286	-0.7160167298051254	0.6636680947666989	0.30923834547946527	-0.0846412416242583	0.9342315168268442	1.0	0.5099947012809541	-9.72887018106412	0.08571577767130364	0.29277256987515693	0.3465876899736011	-0.0755200437765315	0.9415336669817255	1.0	False	False	False	False
sp|P09110|THIK_HUMAN	psvid_80719_sp|P09110|THIK_HUMAN	0.021024519536194664	-0.5339669185288022	0.5760159576011915	0.24878817394509106	0.08450771273732204	0.9343350005843919	1.0	0.37430678985303606	-10.998385145274595	0.09877809005506581	0.31428981856729915	0.27952903645100263	0.07521408080938295	0.9417700391367548	1.0	False	False	False	False
sp|P00439|PH4H_HUMAN	psvid_31594_sp|P00439|PH4H_HUMAN	0.0526393654198678	-1.3411999979438838	1.4464787287836194	0.6248218012030747	0.08424700501568985	0.934537050563445	1.0	1.0362140514680889	-13.16372150010795	0.3316822379433894	0.5759186035746626	0.6362653357215022	0.0827317825827752	0.9359640453947681	1.0	False	False	False	False
sp|Q9Y4W6|AFG32_HUMAN	psvid_43496_sp|Q9Y4W6|AFG32_HUMAN	-0.03921296352148618	-1.0822704805828913	1.003844553539919	0.46757545646860366	-0.0838644607602906	0.9348335333878941	1.0	0.7301513533779138	-12.953116771761989	0.2902715760944585	0.5387685737814136	0.46439249980718966	-0.08443926966470591	0.93464588488024	1.0	False	False	False	False
sp|P11217|PYGM_HUMAN	psvid_53905_sp|P11217|PYGM_HUMAN	-0.03553630643514971	-0.9819794228080011	0.9109068099377017	0.42426574270453354	-0.0837595470438391	0.9349148463725967	1.0	0.6295849698676158	-13.025781108117446	0.30423431675532087	0.5515743982051023	0.4096474482404917	-0.08674851164772157	0.9328635145272567	1.0	False	False	False	False
sp|Q460N5|PAR14_HUMAN	psvid_51830_sp|Q460N5|PAR14_HUMAN	-0.053561086657475165	-1.4816453833457326	1.3745232100307823	0.6401729108677204	-0.08366659342844725	0.9349868903823608	1.0	1.0097617705174704	-16.166092764846017	0.5130431477527478	0.7162703035535871	0.6212050055467052	-0.08622127345921424	0.933270424487525	1.0	False	False	False	False
sp|O96011|PX11B_HUMAN	psvid_66965_sp|O96011|PX11B_HUMAN	-0.031424580535447166	-0.8700888799153293	0.807239718844435	0.3759513125520045	-0.0835868355456274	0.9350487074869299	1.0	0.4745248734628063	-13.354456568692207	0.3708442270719829	0.6089698080134868	0.3284867815809737	-0.09566467297163019	0.9259854769063363	1.0	False	False	False	False
sp|Q14554|PDIA5_HUMAN	psvid_69506_sp|Q14554|PDIA5_HUMAN	0.013664533264466705	-0.35128217627257213	0.37861124280150554	0.16359608315679317	0.0835260417046195	0.9350958266352962	1.0	0.16822531905938762	-10.718797310813693	0.09220582881579949	0.3036541269533472	0.19751811204455177	0.06918116583346322	0.9464319853712678	1.0	False	False	False	False
sp|Q9HCM4|E41L5_HUMAN	psvid_32887_sp|Q9HCM4|E41L5_HUMAN	0.04067737561824991	-1.0495595939022793	1.130914345138779	0.48872477341294907	0.08323166295455924	0.9353239928755683	1.0	0.6470066997476117	-14.582869528539245	0.568293545890815	0.7538524695793037	0.4190386644861396	0.09707308433729361	0.9248995936287071	1.0	False	False	False	False
sp|O00571|DDX3X_HUMAN	psvid_62443_sp|O00571|DDX3X_HUMAN	-0.04984088971505818	-1.3901373490897588	1.2904555696596425	0.6008199150521873	-0.08295478972385426	0.9355385966007621	1.0	0.9911816539774815	-13.118753076028066	0.32261855983859167	0.5679952111053329	0.610644266983145	-0.08162017136637408	0.9368223084812487	1.0	False	False	False	False
sp|Q9NZ01|TECR_HUMAN	psvid_23937_sp|Q9NZ01|TECR_HUMAN	-0.015031471959046971	-0.420754935319455	0.39069199140136107	0.18187523744157771	-0.0826471606057719	0.935777045493455	1.0	0.22640060687770783	-10.519680206360004	0.08900155170622374	0.29833127845773016	0.21690247158079282	-0.06930060247583661	0.9463396687896718	1.0	False	False	False	False
sp|Q9Y639|NPTN_HUMAN	psvid_47165_sp|Q9Y639|NPTN_HUMAN	-0.03736473174497901	-1.0525979070438183	0.9778684435538603	0.45510253039524284	-0.08210178860690769	0.9361997895696591	1.0	0.6760498396903863	-13.246623583197765	0.348606121766595	0.5904287609581659	0.4347865274382203	-0.08593810844400701	0.9334889730735079	1.0	False	False	False	False
sp|Q92947|GCDH_HUMAN	psvid_80610_sp|Q92947|GCDH_HUMAN	0.038314131232499715	-1.0033209581545586	1.079949220619558	0.4669378192738686	0.08205403300182822	0.9362368082304335	1.0	0.6541070149269341	-13.744193745269364	0.4486429326795194	0.6698081312432086	0.42287831972556117	0.09060320533189016	0.9298891919307378	1.0	False	False	False	False
sp|Q14108|SCRB2_HUMAN	psvid_70545_sp|Q14108|SCRB2_HUMAN	-0.0169384106792001	-0.47780693049713785	0.44393010913873765	0.20659532672079475	-0.08198835350274732	0.9362877211973974	1.0	0.2519225022870373	-11.50533634971593	0.1189373293614218	0.344872917697841	0.2265356560322089	-0.07477149944462513	0.9421119667767986	1.0	False	False	False	False
sp|Q8IXQ6|PARP9_HUMAN	psvid_73729_sp|Q8IXQ6|PARP9_HUMAN	0.0446671459350072	-1.1792006214071487	1.268534913277163	0.548627971719541	0.08141609294000976	0.9367313348068486	1.0	0.8112394710807763	-14.139659788535564	0.515936788650349	0.718287399757471	0.509309678215	0.08770134919005293	0.932128189808026	1.0	False	False	False	False
sp|O95831|AIFM1_HUMAN	psvid_53533_sp|O95831|AIFM1_HUMAN	0.01309252628494395	-0.34621710150789503	0.37240215407778293	0.16106912656371786	0.08128513864986184	0.9368328531395173	1.0	0.16912484100468334	-10.399571290435361	0.0875840605249167	0.2959460432661952	0.1977867263720196	0.06619517156231228	0.9487402332498245	1.0	False	False	False	False
sp|O43772|MCAT_HUMAN	psvid_55316_sp|O43772|MCAT_HUMAN	0.01854948066641704	-0.49169259682872546	0.5287915581615595	0.22872820375852274	0.08109835324899613	0.9369776549003134	1.0	0.33985912257651435	-10.435155634334848	0.0879659105942796	0.29659047623664453	0.2636815898230533	0.07034803104329314	0.9455301128577712	1.0	False	False	False	False
sp|Q9Y490|TLN1_HUMAN	psvid_37836_sp|Q9Y490|TLN1_HUMAN	0.03741421648621124	-0.9981483313886184	1.0729767643610408	0.4642156574342184	0.08059662763855184	0.9373666198840425	1.0	0.6828386998138833	-13.38383319058169	0.37690734858160685	0.6139278040467029	0.43848311462345635	0.08532647036668761	0.9339610595131922	1.0	False	False	False	False
sp|P35580|MYH10_HUMAN	psvid_26405_sp|P35580|MYH10_HUMAN	-0.039425549881318744	-1.1368535875378947	1.0580024877752572	0.49194834153954836	-0.08014164608815796	0.9377193612939239	1.0	0.7003466759347713	-13.883571489128178	0.4741233345975504	0.6885661439524531	0.4480417094509813	-0.08799526706928645	0.931901381014761	1.0	False	False	False	False
sp|P18077|RL35A_HUMAN	psvid_77140_sp|P18077|RL35A_HUMAN	-0.015381253907261971	-0.4458712670011924	0.41510875918666845	0.19297743517026	-0.07970493489920938	0.9380579512355356	1.0	0.2582735763433702	-10.262820233228943	0.08640158463095898	0.2939414646336222	0.22902455420174625	-0.06715984651022494	0.9479944587220197	1.0	False	False	False	False
sp|Q5JRA6|TGO1_HUMAN	psvid_31913_sp|Q5JRA6|TGO1_HUMAN	-0.014508902204474428	-0.42730548309525873	0.3982876786863099	0.18504593139068912	-0.07840703167821428	0.9390643149154115	1.0	0.18117252875546952	-11.581133375894087	0.12315800251129551	0.3509387446710544	0.2014853510233957	-0.07200971252143144	0.9442459387614888	1.0	False	False	False	False
sp|P62987|RL40_HUMAN	psvid_18614_sp|P62987|RL40_HUMAN	0.032769585654785605	-0.9018305534928851	0.9673697248024563	0.4189568451687468	0.07821709093113569	0.939211600006228	1.0	0.72341926817572	-10.327372502200612	0.08690444293901475	0.2947955951825175	0.46069103684216006	0.07113137229542622	0.9449247130608766	1.0	False	False	False	False
sp|Q14520|HABP2_HUMAN	psvid_72883_sp|Q14520|HABP2_HUMAN	-0.0341414985630899	-1.0363816848710379	0.9680986877448581	0.44927811260529854	-0.0759919025770214	0.9409372478100326	1.0	0.6050421421474356	-13.81278455910666	0.4613885734715367	0.6792558968986112	0.39649467251307974	-0.08610834124628403	0.9333575855856417	1.0	False	False	False	False
sp|Q00610|CLH1_HUMAN	psvid_68932_sp|Q00610|CLH1_HUMAN	0.016783603472733333	-0.4798673725378792	0.5134345794833459	0.2226356677510706	0.07538595968144293	0.9414072164150719	1.0	0.3271123493163357	-10.346065078560558	0.08706836200330251	0.2950734857680414	0.2579787878995144	0.0650580755471676	0.9496193718957039	1.0	False	False	False	False
sp|P29692|EF1D_HUMAN	psvid_32162_sp|P29692|EF1D_HUMAN	-0.040340581070236414	-1.2345500011701127	1.1538688390296399	0.5353329088653065	-0.07535606423999311	0.9414304038976675	1.0	0.8492931336037748	-13.234137074250553	0.34604308920293775	0.588254272575166	0.5305728576952449	-0.07603212355315694	0.9411380726209113	1.0	False	False	False	False
sp|P62857|RS28_HUMAN	psvid_94812_sp|P62857|RS28_HUMAN	0.015615859844808622	-0.451860593230792	0.4830923129204092	0.20955749070382262	0.07451826127694593	0.942080243371013	1.0	0.2980429112813264	-10.247159104298117	0.08629413359851561	0.2937586315302337	0.24534463869357032	0.06364866959376464	0.9507091458672196	1.0	False	False	False	False
sp|Q08477|CP4F3_HUMAN	psvid_45213_sp|Q08477|CP4F3_HUMAN	0.023033546120894588	-0.6696371394065823	0.7157042316483715	0.31050618654317597	0.07418063510206992	0.9423421347958418	1.0	0.5125432521028438	-9.73238490231488	0.08570115449225389	0.29274759519465554	0.3479007251147749	0.06620723803693039	0.9487309045244882	1.0	False	False	False	False
sp|P16402|H13_HUMAN	psvid_38364_sp|P16402|H13_HUMAN	0.0412004654308058	-1.1997158455665058	1.2821167764281174	0.5562703887975008	0.07406553766032657	0.9424314157601617	1.0	0.9593145833784005	-12.023183506453968	0.15675594423181113	0.3959241647485174	0.5925677937381857	0.06952869505596082	0.9461633707647253	1.0	False	False	False	False
sp|P05181|CP2E1_HUMAN	psvid_37478_sp|P05181|CP2E1_HUMAN	-0.023277339075416625	-0.7298456889522953	0.683291010801462	0.31673614668029887	-0.0734912617943536	0.9428768934315669	1.0	0.5084609907131796	-8.331181848121247	0.11188925693415497	0.33449851559335053	0.3457982739920706	-0.06731479254274818	0.9478746774678743	1.0	False	False	False	False
sp|O14979|HNRDL_HUMAN	psvid_30372_sp|O14979|HNRDL_HUMAN	-0.06019468378916848	-1.8887591929631256	1.7683698253847886	0.8196977358142825	-0.07343522027588799	0.9429203671074408	1.0	1.3621263838183182	-14.487558185700331	0.5594648089088483	0.7479738022877862	0.82361884841652	-0.07308560738368006	0.9434145611628673	1.0	False	False	False	False
sp|P01911|DRB1_HUMAN	psvid_95348_sp|P01911|DRB1_HUMAN	-0.04368319689874944	-1.3751774562088503	1.2878110624113515	0.596874118539711	-0.07318661597460961	0.943113221905311	1.0	0.9480932536370859	-13.630670897085418	0.42678864126681043	0.6532906254239459	0.5862141474589968	-0.07451747298849504	0.942308227170939	1.0	False	False	False	False
sp|P62249|RS16_HUMAN	psvid_84008_sp|P62249|RS16_HUMAN	0.009525572796127424	-0.2812666274230835	0.30031777301533835	0.1303545523913833	0.07307433934127093	0.9432003217750042	1.0	0.022743520226075835	-9.98078856324014	0.0852961208649524	0.2920549963019849	0.1711483533603811	0.05565681824627176	0.9568905588436228	1.0	False	False	False	False
sp|Q9UJM8|HAOX1_HUMAN	psvid_54014_sp|Q9UJM8|HAOX1_HUMAN	0.019653782460184566	-0.5844789069758576	0.6237864718962267	0.27081691412999326	0.07257221183293842	0.9435898624798778	1.0	0.41985219849292565	-11.082751645612532	0.1013133049032135	0.31829751004871765	0.30131907975281075	0.06522581469553035	0.9494896808315899	1.0	False	False	False	False
sp|P08670|VIME_HUMAN	psvid_29719_sp|P08670|VIME_HUMAN	0.10269096727332894	-3.0628851759682187	3.2682671105148766	1.4190451494298102	0.07236624381866316	0.943749652962362	1.0	2.533835120644209	-13.294989544861957	0.3585651527989972	0.598803100191538	1.5085451677501258	0.06807284890679427	0.9472886810584233	1.0	False	False	False	False
sp|P78417|GSTO1_HUMAN	psvid_86359_sp|P78417|GSTO1_HUMAN	0.018078970324130417	-0.5400600152555332	0.576217955903794	0.250199137330958	0.07225832397741622	0.9438333784823574	1.0	0.2911530467787342	-12.300592709054637	0.18718436996733467	0.43264809021574874	0.24243246247209502	0.07457322398072569	0.9422651536966158	1.0	False	False	False	False
sp|Q15366|PCBP2_HUMAN	psvid_88152_sp|Q15366|PCBP2_HUMAN	-0.02023768354034594	-0.649378054785409	0.6089026877047171	0.28202720507350426	-0.07175791262786663	0.944221613039993	1.0	0.2812813876718313	-12.907257060933182	0.2816710181232788	0.5307268771442415	0.2383194168236078	-0.08491831597307437	0.9342761045086124	1.0	False	False	False	False
sp|P10412|H14_HUMAN	psvid_37904_sp|P10412|H14_HUMAN	0.039817313464369786	-1.198884357203554	1.2785189841322935	0.5552776233497768	0.07170703768714326	0.9442610842487981	1.0	0.9578476557325396	-12.009749836595343	0.1554770045891236	0.39430572477346004	0.5917368478400505	0.06728888628401354	0.9478947042416046	1.0	False	False	False	False
sp|Q9H2F3|3BHS7_HUMAN	psvid_73123_sp|Q9H2F3|3BHS7_HUMAN	0.023335216964667893	-0.7043041851497983	0.7509746190791341	0.3261817493504379	0.07154053533386805	0.9443902658338309	1.0	0.5164672449279925	-11.692340464028746	0.13007495917706233	0.36065906224169986	0.34992546558825993	0.06668624967159519	0.9483605820525255	1.0	False	False	False	False
sp|Q14534|ERG1_HUMAN	psvid_47688_sp|Q14534|ERG1_HUMAN	-0.02214711122914803	-0.7163041180587231	0.672009895600427	0.3111724655833246	-0.07117310713089928	0.9446753426104968	1.0	0.48302115412851443	-11.73332863852844	0.1328616483692093	0.3645019181968859	0.3327917769438364	-0.06654945453440603	0.9484663366241219	1.0	False	False	False	False
sp|P00738|HPT_HUMAN	psvid_50866_sp|P00738|HPT_HUMAN	0.024215378958055034	-0.7398223461641092	0.7882531040802193	0.34249816739703176	0.07070221467779128	0.9450407062544941	1.0	0.5232800237687976	-7.184472473504885	0.1744909104043701	0.41772109164413773	0.3534494487428531	0.0685115765328936	0.9469495490932596	1.0	False	False	False	False
sp|P24723|KPCL_HUMAN	psvid_80000_sp|P24723|KPCL_HUMAN	0.037937245817468934	-1.159490349007837	1.2353648406427749	0.5367755325860748	0.07067618308661544	0.9450609044572337	1.0	0.7736002907792114	-15.925947764763167	0.5422170831687574	0.7363539116272537	0.4883880661489235	0.07767848652940013	0.9398663333124484	1.0	False	False	False	False
sp|Q13505|MTX1_HUMAN	psvid_59325_sp|Q13505|MTX1_HUMAN	0.019847586719351717	-0.6077295167130973	0.6474246901518007	0.2813264329213367	0.07055002444402875	0.9451587929380121	1.0	0.19543037524863238	-13.216441150574791	0.3424181546477496	0.5851650661546275	0.20609526370197878	0.09630297350283627	0.9254933276862217	1.0	False	False	False	False
sp|P23378|GCSP_HUMAN	psvid_67539_sp|P23378|GCSP_HUMAN	-0.07022572972026886	-2.2931460837349564	2.1526946242944187	0.9964771666187787	-0.07047399787248215	0.9452177836171414	1.0	1.7697624358202446	-12.59779729087295	0.2287156559728817	0.4782422565738851	1.060698119926511	-0.06620708418445613	0.9487310234694898	1.0	False	False	False	False
sp|P61313|RL15_HUMAN	psvid_17606_sp|P61313|RL15_HUMAN	0.022077080816542693	-0.6787976284859918	0.7229517901190772	0.3141838362401063	0.07026803504834314	0.945377596421821	1.0	0.5199195783802744	-9.741544969948118	0.08566419637276147	0.29268446554739025	0.3517098638443487	0.0627707183848362	0.951388046311755	1.0	False	False	False	False
sp|P04217|A1BG_HUMAN	psvid_84267_sp|P04217|A1BG_HUMAN	-0.01797242888174866	-0.5890873958792933	0.553142538115796	0.2560159310698949	-0.0702004316943933	0.9454300524705289	1.0	0.36168733838756173	-11.713594349770274	0.13150316686793503	0.362633653799444	0.27365394492822265	-0.06567575295310539	0.9491418094004234	1.0	False	False	False	False
sp|P02790|HEMO_HUMAN	psvid_51814_sp|P02790|HEMO_HUMAN	0.014421281593801627	-0.4442872155713424	0.47312977875894563	0.20562704495172418	0.07013319477108357	0.9454822244632749	1.0	0.2734011410460893	-11.027310923226914	0.0996158614581025	0.31561980523741295	0.23508856275384218	0.06134403743367958	0.9524913562590069	1.0	False	False	False	False
sp|O00757|F16P2_HUMAN	psvid_68491_sp|O00757|F16P2_HUMAN	-0.023426703088326395	-0.7742278659937095	0.7273744598170567	0.3365645620882632	-0.06960537658205027	0.9458917904615161	1.0	0.2494932441934958	-13.908281253583823	0.47845997100764426	0.6917080099345708	0.22559294570395896	-0.10384501614278659	0.9196807974000589	1.0	False	False	False	False
sp|Q96AC1|FERM2_HUMAN	psvid_68828_sp|Q96AC1|FERM2_HUMAN	0.05060030292122297	-1.5797073507272277	1.6809079565696736	0.7308243628659417	0.06923729625377145	0.9461774160165061	1.0	1.1745919797029176	-15.083900068918812	0.5906873274912738	0.7685618566460828	0.715460294334318	0.0707241244859056	0.9452394470043425	1.0	False	False	False	False
sp|P10114|RAP2A_HUMAN	psvid_77499_sp|P10114|RAP2A_HUMAN	0.03949704225995054	-1.2611444630406234	1.3401385475605245	0.5830436343110365	0.06774285822813743	0.9473371623513849	1.0	0.8800171884146379	-14.275363172809977	0.5349167521768743	0.7313800326621409	0.5478131975024808	0.07209947193682145	0.9441765760917323	1.0	False	False	False	False
sp|Q8TAA3|PSMA8_HUMAN	psvid_76109_sp|Q8TAA3|PSMA8_HUMAN	0.0329418309017071	-1.0548909588871356	1.1207746206905498	0.48764704239899415	0.06755261087947706	0.9474848115710479	1.0	0.7790635810129675	-12.86679445054471	0.2742300934520107	0.523669832482272	0.49141749279634184	0.06703430664272098	0.9480915085181492	1.0	False	False	False	False
sp|P17980|PRS6A_HUMAN	psvid_70738_sp|P17980|PRS6A_HUMAN	0.0637925089070972	-2.0558175494689044	2.183402567283099	0.9501658579411374	0.06713828788304993	0.9478063710598386	1.0	1.6339301148407337	-13.921830793652514	0.4808128582283512	0.6934067047760291	0.9814792569294797	0.06499628846631933	0.9496671442801041	1.0	False	False	False	False
sp|P62244|RS15A_HUMAN	psvid_9975_sp|P62244|RS15A_HUMAN	0.02333758887167603	-0.7556461100024328	0.8023212877457848	0.34919805727378705	0.06683195506262025	0.9480441248162239	1.0	0.5892501816210469	-9.808836562552017	0.08544393277586258	0.29230794169139945	0.3880830585489301	0.06013555180413419	0.9534260113744422	1.0	False	False	False	False
sp|Q14696|MESD_HUMAN	psvid_41661_sp|Q14696|MESD_HUMAN	0.014289265979873012	-0.463701772732496	0.49228030469224204	0.21427090496743967	0.06668785004685722	0.9481559707382148	1.0	0.2935984061428551	-11.054947080512505	0.10044667722606214	0.31693323780579113	0.2434622330105076	0.058691920316266466	0.954542629948869	1.0	False	False	False	False
sp|P10253|LYAG_HUMAN	psvid_70365_sp|P10253|LYAG_HUMAN	-0.03343408941508974	-1.1686310982151813	1.1017629193850018	0.5088791853654303	-0.06570142850523636	0.9489216053239619	1.0	0.6909029303228644	-14.746790365447609	0.5801159588254305	0.7616534374802169	0.4428813762877999	-0.07549219995505771	0.9415551775165887	1.0	False	False	False	False
sp|P62081|RS7_HUMAN	psvid_86864_sp|P62081|RS7_HUMAN	-0.01620829272411628	-0.5693649414457128	0.5369483559974803	0.2479656857785889	-0.0653650632071279	0.9491826957909714	1.0	0.3822802360399097	-10.387239348399165	0.08745902949423211	0.29573472825191177	0.2832797397975918	-0.05721656174810589	0.9556838978480493	1.0	False	False	False	False
sp|P62318|SMD3_HUMAN	psvid_19791_sp|P62318|SMD3_HUMAN	0.025839654797190637	-0.8598144767171284	0.9114937863115097	0.39701562765472465	0.06508472966122832	0.9494002986193052	1.0	0.6277468916093756	-12.357378904314828	0.19439237611342244	0.4408995079532551	0.4086591990670684	0.06323032702109779	0.9510326357725543	1.0	False	False	False	False
sp|P29401|TKT_HUMAN	psvid_58607_sp|P29401|TKT_HUMAN	0.03705647049368599	-1.2354303917827227	1.3095433327700947	0.5704226428044294	0.06496318293309909	0.9494946479868576	1.0	0.9375162882920401	-13.008784913589288	0.3009337988497941	0.5485743330213273	0.5802311739072166	0.06386501132669511	0.9505418600224234	1.0	False	False	False	False
sp|P35573|GDE_HUMAN	psvid_41656_sp|P35573|GDE_HUMAN	0.023587049102342217	-0.795835482771333	0.8430095809760174	0.36732573047449396	0.0642128964716781	0.9500770680409153	1.0	0.623709197798438	-9.502976235879155	0.08716749074482974	0.2952414109586081	0.40649009463718194	0.05802613498711487	0.9550576366297091	1.0	False	False	False	False
sp|Q9P2E9|RRBP1_HUMAN	psvid_32461_sp|Q9P2E9|RRBP1_HUMAN	-0.02320229872327273	-0.8313913225480183	0.7849867251014728	0.36229004206057036	-0.06404343489902932	0.950208619175417	1.0	0.5508285576543653	-12.398272211634513	0.1997949943575472	0.4469843334587323	0.3678052242137434	-0.06308311354976603	0.9511464731554692	1.0	False	False	False	False
sp|B2RXH8|HNRC2_HUMAN	psvid_44841_sp|B2RXH8|HNRC2_HUMAN	-0.0248146240899616	-0.8906814352717614	0.8410521870918382	0.38814548848652813	-0.06393124440714161	0.9502957122713769	1.0	0.5892608346644382	-12.611892158709686	0.23091862155341808	0.48053992711679855	0.3880887185708787	-0.06394059631864711	0.9504834146748559	1.0	False	False	False	False
sp|B7ZW38|HNRC3_HUMAN,sp|P0DMR1|HNRC4_HUMAN	psvid_73479_sp|B7ZW38|HNRC3_HUMAN	-0.0248146240899616	-0.8906814352717614	0.8410521870918382	0.38814548848652813	-0.06393124440714161	0.9502957122713769	1.0	0.5892608346644382	-12.611892158709686	0.23091862155341808	0.48053992711679855	0.3880887185708787	-0.06394059631864711	0.9504834146748559	1.0	False	False	False	False
sp|O60812|HNRC1_HUMAN	psvid_51655_sp|O60812|HNRC1_HUMAN	-0.0248146240899616	-0.8906814352717614	0.8410521870918382	0.38814548848652813	-0.06393124440714161	0.9502957122713769	1.0	0.5892608346644382	-12.611892158709686	0.23091862155341808	0.48053992711679855	0.3880887185708787	-0.06394059631864711	0.9504834146748559	1.0	False	False	False	False
sp|P15291|B4GT1_HUMAN	psvid_69069_sp|P15291|B4GT1_HUMAN	0.043058076727893635	-1.464246468373732	1.5503626218295192	0.6756852802313901	0.06372504772214113	0.9504557838460469	1.0	1.0661382878752643	-14.607684563332402	0.5703591445438734	0.7552212553575762	0.6533356626504616	0.06590498451165976	0.9489645825780068	1.0	False	False	False	False
sp|Q9Y2R0|COA3_HUMAN	psvid_79221_sp|Q9Y2R0|COA3_HUMAN	0.04598156903471917	-1.5732692752579613	1.6652324133273997	0.7258678838635414	0.06334702231207053	0.9507492529727387	1.0	1.2575274298481605	-12.698156187147951	0.24485161454789614	0.494824832185993	0.7631942044260971	0.060248844616549675	0.9533383863132606	1.0	False	False	False	False
sp|Q9Y385|UB2J1_HUMAN	psvid_77498_sp|Q9Y385|UB2J1_HUMAN	0.03690213276172161	-1.2826974908589266	1.3565017563823698	0.5915420638629062	0.06238293946628607	0.9514977257943706	1.0	0.8894054353117795	-14.493144668474589	0.5600209951043179	0.7483455051674447	0.5530932021133008	0.06671955580130638	0.948334833672377	1.0	False	False	False	False
sp|P13073|COX41_HUMAN	psvid_77518_sp|P13073|COX41_HUMAN	0.011798445972635907	-0.4195621638119428	0.4431590557572146	0.1933677009402405	0.06101559834070825	0.9525593559236128	1.0	0.25863826569420045	-10.324082738449745	0.08687645351731657	0.29474811876807044	0.2291685201104605	0.05148371149296156	0.9601195563889361	1.0	False	False	False	False
sp|Q6NXT6|TAPT1_HUMAN	psvid_61561_sp|Q6NXT6|TAPT1_HUMAN	0.025934692354629973	-0.9243026058864244	0.9761719905956844	0.4259665753910646	0.060884336595706516	0.9526612752465905	1.0	0.5349786670727531	-13.91990238924771	0.48047909157259805	0.6931659913560374	0.3595255036550067	0.0721358904750089	0.9441484333703621	1.0	False	False	False	False
sp|P43155|CACP_HUMAN	psvid_85002_sp|P43155|CACP_HUMAN	-0.033691589558547896	-1.2712579875529992	1.2038748084359034	0.554768710245914	-0.060730875653771686	0.9527804324654249	1.0	0.8859131081227656	-13.282360561239713	0.3559608566103824	0.5966245524702972	0.5511284689846959	-0.061132007244364406	0.9526553370197455	1.0	False	False	False	False
sp|P30837|AL1B1_HUMAN	psvid_883231_sp|P30837|AL1B1_HUMAN	-0.03162009763860052	-1.2067998775287971	1.143559682251596	0.5268024179173654	-0.060022688892746257	0.9533303312614847	1.0	0.796491255146894	-13.664409777391484	0.4333733325867657	0.6583109695172683	0.5010981361293017	-0.06310160696834317	0.9511321724810732	1.0	False	False	False	False
sp|O75533|SF3B1_HUMAN	psvid_32119_sp|O75533|SF3B1_HUMAN	-0.05105636412337233	-1.95634486521478	1.8542321369680352	0.8540910985542045	-0.05977859295079875	0.9535198749023536	1.0	1.4302005636438981	-14.48977370613824	0.559685954982363	0.7481216177750533	0.8630542605582278	-0.05915776847025681	0.9541822945400417	1.0	False	False	False	False
sp|O95169|NDUB8_HUMAN	psvid_46674_sp|O95169|NDUB8_HUMAN	-0.018101277687395445	-0.6974643851382489	0.661261829763458	0.3045407466782692	-0.059437950043901566	0.9537843935890744	1.0	0.48493675370190864	-11.30212173718715	0.10933163866354341	0.3306533512056749	0.33376517967031144	-0.05423357135479391	0.9579917243749201	1.0	False	False	False	False
sp|P53621|COPA_HUMAN	psvid_40294_sp|P53621|COPA_HUMAN	0.025885981848620343	-0.9490241051033749	1.0007960688006157	0.4370267425009023	0.059232031661236154	0.9539442977980077	1.0	0.7279127529980579	-12.007556911286823	0.15526987529093406	0.39404298660290105	0.4631611462338587	0.05588979572036474	0.9567103134756707	1.0	False	False	False	False
sp|O00186|STXB3_HUMAN	psvid_37230_sp|O00186|STXB3_HUMAN	-0.027331084058202837	-1.0597530938674125	1.0050909257510068	0.46280783620138133	-0.059054929325592226	0.9540818268621761	1.0	0.6003116637646386	-14.258199129975932	0.5326508933890285	0.7298293590895262	0.3939705789907702	-0.0693734139443015	0.9462833907850626	1.0	False	False	False	False
sp|Q9NUQ7|UFSP2_HUMAN	psvid_53550_sp|Q9NUQ7|UFSP2_HUMAN	-0.013470676769036238	-0.5233959330266504	0.49645457948857796	0.22858618106817905	-0.05893040736796954	0.9541785255089618	1.0	0.3031226330177334	-11.592971304222893	0.12385195593589514	0.3519260660080397	0.24751274889485073	-0.05442417341806866	0.9578442500805472	1.0	False	False	False	False
sp|Q9BT09|CNPY3_HUMAN	psvid_94382_sp|Q9BT09|CNPY3_HUMAN	0.016029544550452357	-0.5953103271469901	0.6273694162478948	0.2740477057983383	0.05849180347544275	0.954519133517177	1.0	0.4245701539864368	-11.166656466766568	0.10412373332653162	0.3226820932846005	0.3036235335346792	0.05279414399747607	0.9591055052225447	1.0	False	False	False	False
sp|Q07954|LRP1_HUMAN	psvid_31050_sp|Q07954|LRP1_HUMAN	-0.014021935538071073	-0.5528431318638631	0.524799260787721	0.24153947668847447	-0.05805235537607736	0.9548604067579709	1.0	0.3350503998770056	-11.586394598906333	0.1234652260641564	0.3513761888121567	0.2615192772433616	-0.05361721585450353	0.9584686279582085	1.0	False	False	False	False
sp|P49821|NDUV1_HUMAN	psvid_49307_sp|P49821|NDUV1_HUMAN	-0.0188311159835699	-0.7496913650404552	0.7120291330733154	0.3276255709563259	-0.05747755258724962	0.9553068102387484	1.0	0.5312357415375171	-11.344235372338076	0.11113460455664488	0.3333685716390267	0.35757816084116867	-0.0526629365151146	0.9592070339307909	1.0	False	False	False	False
sp|Q9UBS4|DJB11_HUMAN	psvid_58443_sp|Q9UBS4|DJB11_HUMAN	0.013413512456525112	-0.5128138976095654	0.5396409225226156	0.23589401106195973	0.056862454439345345	0.9557845258844876	1.0	0.353441274309033	-10.615021475635395	0.09039660641481662	0.3006602840662807	0.26985737955390443	0.049705931624692674	0.96149537639162	1.0	False	False	False	False
sp|O94906|PRP6_HUMAN	psvid_61944_sp|O94906|PRP6_HUMAN	0.040366033908725285	-1.5457682039018872	1.6265002717193378	0.7110225736680227	0.05677180360179709	0.9558549313681731	1.0	1.1429789645629052	-15.767657198437323	0.5583659959918577	0.7472389149340776	0.6973137104182794	0.05788791085795798	0.9551645602971293	1.0	False	False	False	False
sp|Q06278|AOXA_HUMAN	psvid_38112_sp|Q06278|AOXA_HUMAN	-0.018373303295150745	-0.7425954394446064	0.7058488328543049	0.32464987822413033	-0.05659420972419483	0.9559928637680717	1.0	0.5224502315898594	-11.43802265269736	0.11549385555581013	0.3398438693809411	0.35301965067425206	-0.05204612054897947	0.9596843382723194	1.0	False	False	False	False
sp|Q8IYT4|KATL2_HUMAN	psvid_51903_sp|Q8IYT4|KATL2_HUMAN	-0.02502523445525151	-1.03812613782421	0.9880756689137069	0.45414668855083706	-0.055103857599635875	0.9571504399385399	1.0	0.551656428893118	-15.509033118206412	0.5783481448121893	0.7604920412549953	0.36823913466451086	-0.06795919308807599	0.9473765376895564	1.0	False	False	False	False
sp|P02760|AMBP_HUMAN	psvid_46379_sp|P02760|AMBP_HUMAN	-0.01344217999749775	-0.5576674693974847	0.5307831094024892	0.24396199054282475	-0.05509948483199529	0.9571538364802139	1.0	0.3420265447931855	-11.564201739075967	0.12218214010630819	0.349545619492375	0.26466042271914353	-0.05079029142095239	0.9606561762319616	1.0	False	False	False	False
sp|P41567|EIF1_HUMAN	psvid_107427_sp|P41567|EIF1_HUMAN	0.02755910258879002	-1.09274318320287	1.14786138838045	0.50220226985912	0.05487649945612755	0.9573270412782099	1.0	0.8410903056206445	-12.347779380678208	0.19314991029921955	0.4394882368155256	0.5259806028969923	0.05239566333245026	0.9594138530698986	1.0	False	False	False	False
sp|P07237|PDIA1_HUMAN	psvid_33235_sp|P07237|PDIA1_HUMAN	-0.013785385386365423	-0.5761140156813244	0.5485432449085935	0.25207724568850526	-0.05468714698430251	0.9574741234128711	1.0	0.2589381285814775	-6.696854875244776	0.21913333453569112	0.46811679582737803	0.2292869792605289	-0.06012284444072894	0.9534358397844115	1.0	False	False	False	False
sp|Q13200|PSMD2_HUMAN	psvid_47390_sp|Q13200|PSMD2_HUMAN	-0.024562708635668784	-1.0277102673603118	0.9785848500889742	0.4496848639732562	-0.05462204891363563	0.9575246896213526	1.0	0.705427499880187	-12.795902260335728	0.261548156839252	0.5114177908904343	0.45082221889819996	-0.05448424590895171	0.9577977706214633	1.0	False	False	False	False
sp|Q7Z5P4|DHB13_HUMAN	psvid_87928_sp|Q7Z5P4|DHB13_HUMAN	-0.023277330058575796	-0.9788714734042469	0.9323168132870953	0.4283679092140346	-0.05433957483249579	0.9577441092163548	1.0	0.7188374667451533	-7.750699973177287	0.13743622877505876	0.37072392528006437	0.4581745453032836	-0.05080450299387022	0.9606451780508318	1.0	False	False	False	False
sp|Q14558|KPRA_HUMAN	psvid_81136_sp|Q14558|KPRA_HUMAN	-0.01687133812627417	-0.7213929825603892	0.6876503063078409	0.31581866205840275	-0.05342096637454008	0.9584576893997928	1.0	0.49807834636832155	-11.611727955570462	0.12497151466540495	0.353513103951473	0.34046966763919073	-0.04955313124737267	0.9616136346766779	1.0	False	False	False	False
sp|Q7Z4W1|DCXR_HUMAN	psvid_38673_sp|Q7Z4W1|DCXR_HUMAN	-0.010593220489391708	-0.457746483156424	0.4365600421776406	0.20044713496912037	-0.052847951610900466	0.9589028300305462	1.0	0.2774164163237091	-10.104389886995747	0.08556822406707701	0.2925204677746106	0.2367288418957154	-0.04474833064092068	0.9653327548265105	1.0	False	False	False	False
sp|P21796|VDAC1_HUMAN	psvid_27241_sp|P21796|VDAC1_HUMAN	0.016229352570304556	-0.6690742000804591	0.7015329052210683	0.307203693189407	0.052829288612420165	0.9589173284394713	1.0	0.5059013771320574	-9.723897698589663	0.08573688473561876	0.2928086145174331	0.3444821081253485	0.04711232365194159	0.9635028061173633	1.0	False	False	False	False
sp|Q9NYQ3|HAOX2_HUMAN	psvid_96753_sp|Q9NYQ3|HAOX2_HUMAN	0.025135250594386704	-1.0439615144245862	1.0942320156133596	0.47924817158805383	0.052447254021017214	0.9592141166596988	1.0	0.7470210141629924	-13.045350535793293	0.3080590761989045	0.5550306984292891	0.4736878574167994	0.05306289827959453	0.9588975448779823	1.0	False	False	False	False
sp|P11216|PYGB_HUMAN	psvid_48062_sp|P11216|PYGB_HUMAN	0.024315091850991344	-1.0203516734856926	1.0689818571876752	0.46829684046188963	0.05192239141952982	0.9596218732199745	1.0	0.7924840685468757	-11.929311856400513	0.1481777985530041	0.3849386945384993	0.49887001307687234	0.04874033558566399	0.9622427062697396	1.0	False	False	False	False
sp|P11908|PRPS2_HUMAN	psvid_86843_sp|P11908|PRPS2_HUMAN	0.02131068939664349	-0.8945344821739579	0.9371558609672449	0.4105494827918303	0.051907724378863984	0.9596332679631523	1.0	0.6784059432801477	-11.930908720446693	0.14831679771569853	0.38511919936001443	0.43606880433498113	0.04887001588921953	0.9621423369828023	1.0	False	False	False	False
sp|O43795|MYO1B_HUMAN	psvid_31037_sp|O43795|MYO1B_HUMAN	0.015258977717268696	-0.6488054261443427	0.6793233815788801	0.29768273722326744	0.05125919581229928	0.9601371157433533	1.0	0.41644507210742127	-12.266844077119824	0.1830615173777662	0.42785688889833967	0.29966003476210173	0.05092096358255683	0.9605550508068599	1.0	False	False	False	False
sp|O00748|EST2_HUMAN	psvid_42951_sp|O00748|EST2_HUMAN	-0.007583062846597599	-0.3402888400221113	0.3251227143289161	0.14914331481053328	-0.05084413509402597	0.9604595899040986	1.0	0.1332562312059843	-10.073463733178942	0.08546973940834605	0.2923520812451077	0.18794776412876893	-0.040346651005660296	0.9687406281208754	1.0	False	False	False	False
sp|P49448|DHE4_HUMAN	psvid_76282_sp|P49448|DHE4_HUMAN	-0.015432479288485457	-0.6995145523685188	0.6686495937915479	0.306656135783886	-0.050325030180910515	0.9608629099153946	1.0	0.5021188538273383	-10.58162785199432	0.08987976555129104	0.29979954227998923	0.3425401104833362	-0.045053057484887485	0.965096855758596	1.0	False	False	False	False
sp|O15144|ARPC2_HUMAN	psvid_95074_sp|O15144|ARPC2_HUMAN	0.036537073066222	-1.5864162399131314	1.6594903860455754	0.7275276039249136	0.050220875289280306	0.9609438347498017	1.0	1.1904473422429205	-14.092785749493439	0.5088370283074864	0.7133281350875531	0.724572234517353	0.0504257150987297	0.9609383208902978	1.0	False	False	False	False
sp|Q9H330|TM245_HUMAN	psvid_36294_sp|Q9H330|TM245_HUMAN	0.028598010401212903	-1.2451158257795505	1.3023118465819763	0.5709726631762877	0.05008647917069065	0.9610482566848586	1.0	0.8337623296503318	-15.357122784798843	0.5858780523388337	0.7654267125851003	0.5218821035210072	0.05479783692192035	0.957555140849201	1.0	False	False	False	False
sp|Q9UBC5|MYO1A_HUMAN	psvid_24971_sp|Q9UBC5|MYO1A_HUMAN	-0.021172628305926366	-0.9743263115213716	0.9319810549095189	0.42727391464449394	-0.0495528221598613	0.9614629005129869	1.0	0.49659062450059704	-15.883185428019557	0.5468443391189444	0.7394892420576139	0.3397083843045081	-0.06232589268961824	0.951732036256753	1.0	False	False	False	False
sp|Q9NYU1|UGGG2_HUMAN	psvid_41231_sp|Q9NYU1|UGGG2_HUMAN	0.027278172781353582	-1.2085290488504914	1.2630853944131986	0.5539801174048674	0.04924034622242186	0.9617056954360284	1.0	0.8084768385516732	-15.826361086686664	0.5526955013284676	0.7434349341593167	0.5077701925930337	0.053721492870725515	0.9583879426261929	1.0	False	False	False	False
sp|Q01082|SPTB2_HUMAN	psvid_25064_sp|Q01082|SPTB2_HUMAN	0.05005432963893597	-2.2231389607972742	2.323247620075146	1.019013211669808	0.049120393205613434	0.9617989004534495	1.0	1.7592352184035605	-14.138701052322611	0.5157942694511085	0.718188185262824	1.0545524140949276	0.04746499933992871	0.9632298218199954	1.0	False	False	False	False
sp|P69905|HBA_HUMAN	psvid_29358_sp|P69905|HBA_HUMAN	0.02327255380384452	-1.0337755440850984	1.0803206516927875	0.47384706863734255	0.04911406093693934	0.9618038207234357	1.0	0.8280465129902193	-9.616348500793592	0.08631312237509338	0.29379095012456286	0.5186879436087334	0.044868121749519436	0.9652400201614456	1.0	False	False	False	False
sp|Q6PEY2|TBA3E_HUMAN	psvid_34682_sp|Q6PEY2|TBA3E_HUMAN	-0.006240814923744509	-0.29620318453983724	0.2837215546923482	0.12998256099426675	-0.04801270936660325	0.9626596132340544	1.0	0.014206504291588477	-9.972164005522998	0.08528910944472816	0.29204299245954896	0.17082558092580108	-0.03653325743089518	0.9716935868867345	1.0	False	False	False	False
sp|P36776|LONM_HUMAN	psvid_45506_sp|P36776|LONM_HUMAN	-0.02980706348915474	-1.4174269630255072	1.3578128360471977	0.622033777924858	-0.047918721694813565	0.9627326475910292	1.0	1.0358079462540912	-13.082361445064532	0.315360343978177	0.5615695361913581	0.636033909653014	-0.04686395337854844	0.9636950571267764	1.0	False	False	False	False
sp|P54855|UDB15_HUMAN	psvid_32010_sp|P54855|UDB15_HUMAN	-0.007981770843421554	-0.3848445401424289	0.3688809984555858	0.16893774168604336	-0.04724681864313663	0.9632547692003105	1.0	0.19602003075709112	-10.13428783330112	0.08568304871364181	0.2927166696886971	0.20629112084252152	-0.03869178087172582	0.9700220422564101	1.0	False	False	False	False
sp|P63244|RACK1_HUMAN	psvid_68088_sp|P63244|RACK1_HUMAN	0.01774161215332315	-0.8631710780428083	0.8986543023494546	0.39489016328444093	0.04492796681932995	0.9650568382650245	1.0	0.6744397754224898	-9.078413623986643	0.09264307292797481	0.30437324607786215	0.43391066750145024	0.04088770680721707	0.968321693387017	1.0	False	False	False	False
sp|Q9NP58|ABCB6_HUMAN	psvid_30892_sp|Q9NP58|ABCB6_HUMAN	0.02161060697257211	-1.0517422320084944	1.0949634459536386	0.4811560584428426	0.0449139246890295	0.9650677515855476	1.0	0.6591372492163052	-14.07971777151837	0.5068105515451518	0.7119062800292969	0.4256026530208622	0.05077648557682464	0.9606668604324964	1.0	False	False	False	False
sp|P80303|NUCB2_HUMAN	psvid_33474_sp|P80303|NUCB2_HUMAN	-0.009946408296554132	-0.5133094090145419	0.49341659242143365	0.22564449321375576	-0.044079995726426964	0.9657158814249064	1.0	0.33440935691474677	-10.276627669915595	0.08650099260675999	0.29411051087433104	0.26123201065249874	-0.03807499805138828	0.9704996587981654	1.0	False	False	False	False
sp|Q92604|LGAT1_HUMAN	psvid_69463_sp|Q92604|LGAT1_HUMAN	0.010854929931725987	-0.5489485976673764	0.5706584575308283	0.25094530806633886	0.0432561581460468	0.9663561939905372	1.0	0.30624617699780876	-12.200079260099828	0.1752547659824151	0.4186344061139924	0.24885456589741076	0.04361957311324111	0.9662065942329483	1.0	False	False	False	False
sp|Q14118|DAG1_HUMAN	psvid_61403_sp|Q14118|DAG1_HUMAN	-0.016531608250954566	-0.8891974562876898	0.8561342397857806	0.3911933192235613	-0.04225943398973792	0.9671309129889396	1.0	0.3621063485463971	-14.658507315645325	0.5742843281863951	0.7578154974572604	0.27384777558836876	-0.06036787487295084	0.9532463244092471	1.0	False	False	False	False
sp|Q6UXB4|CLC4G_HUMAN	psvid_41268_sp|Q6UXB4|CLC4G_HUMAN	0.023559350697453407	-1.2210349948972983	1.268153696292205	0.557919155694508	0.042227176566695036	0.9671559861658172	1.0	0.8880788472761815	-13.339863707487531	0.36783031052461074	0.6064901569890567	0.5523467958232222	0.042653186142485644	0.9669547709933484	1.0	False	False	False	False
sp|Q86Y82|STX12_HUMAN	psvid_23188_sp|Q86Y82|STX12_HUMAN	0.021791676083484646	-1.1536978300743186	1.1972811822412879	0.5269412601179033	0.04135503846976938	0.967833899255496	1.0	0.8430060894596091	-13.09158426041942	0.3171927365214216	0.5631986652340554	0.5270527144086931	0.04134629324114761	0.9679666220528419	1.0	False	False	False	False
sp|Q9BZV2|S19A3_HUMAN	psvid_109803_sp|Q9BZV2|S19A3_HUMAN	-0.021926419338976544	-1.235063683571688	1.1912108448937349	0.5438177672893275	-0.04031942436943408	0.9686389171766996	1.0	0.7720661810272029	-15.392852486838636	0.5844065525684624	0.7644648798790318	0.48753786050965675	-0.04497377765914498	0.9651582285310849	1.0	False	False	False	False
sp|P61978|HNRPK_HUMAN	psvid_15783_sp|P61978|HNRPK_HUMAN	0.021497059175984212	-1.1711274657716029	1.2141215841235713	0.5346224417413321	0.040209795731667386	0.968724137412662	1.0	0.9022835999689973	-12.398955319282027	0.1998867563054188	0.4470869672730562	0.560344559055818	0.03836400091437813	0.9702758628157018	1.0	False	False	False	False
sp|Q13162|PRDX4_HUMAN	psvid_68755_sp|Q13162|PRDX4_HUMAN	-0.012476213762069754	-0.7085518359782413	0.6835994084541018	0.31203253077675996	-0.03998369570958522	0.9688998984240252	1.0	0.5126276971728159	-9.222021489859038	0.09038252544109168	0.30063686640379234	0.3479442589279997	-0.03585693237333013	0.972217358712152	1.0	False	False	False	False
sp|O00410|IPO5_HUMAN	psvid_53917_sp|O00410|IPO5_HUMAN	-0.020926925007941133	-1.1951774759692615	1.1533236259533792	0.5263858688455488	-0.03975586398973312	0.969077007356248	1.0	0.7318428696998934	-14.792447404965571	0.5826356104124851	0.7633057122886512	0.4653232653000362	-0.04497287492050853	0.9651589273681979	1.0	False	False	False	False
sp|Q02318|CP27A_HUMAN	psvid_31044_sp|Q02318|CP27A_HUMAN	-0.007958087218188581	-0.466545461255442	0.45062928681906483	0.205572748615342	-0.03871178097190001	0.9698886658007952	1.0	0.2812540790081918	-10.750621692228624	0.09282471204525516	0.3046714821660458	0.2383081386226058	-0.033394105900811565	0.9741247829822545	1.0	False	False	False	False
sp|Q9NRP2|COXM2_HUMAN	psvid_81588_sp|Q9NRP2|COXM2_HUMAN	0.014855010871945407	-0.8421371923266762	0.871847214070567	0.384167233394321	0.03866808405467982	0.9699226360888855	1.0	0.6297208745687751	-11.826720043132894	0.13973588790368566	0.37381263743175625	0.4097205377971075	0.036256446776660164	0.9719079578449149	1.0	False	False	False	False
sp|Q00796|DHSO_HUMAN	psvid_38362_sp|Q00796|DHSO_HUMAN	-0.006161718369380509	-0.38160340796152337	0.36927997122276235	0.16830070874994274	-0.03661136316743292	0.9715216154777347	1.0	0.1606297295380056	-11.161616400953367	0.1039463527761935	0.3224071227131831	0.19529300530368743	-0.03155114726100314	0.9755522436679112	1.0	False	False	False	False
sp|Q9NP72|RAB18_HUMAN	psvid_89916_sp|Q9NP72|RAB18_HUMAN	-0.008685498527813973	-0.5464656350804189	0.529094638024791	0.24107279676843468	-0.036028530154552985	0.9719747582509447	1.0	0.36586616286013063	-10.534955866487302	0.08920855158703593	0.29867800653385235	0.2755909095448095	-0.03151591081926365	0.9755795369179914	1.0	False	False	False	False
sp|P35222|CTNB1_HUMAN	psvid_30133_sp|P35222|CTNB1_HUMAN	0.01332540741102628	-0.8139033802996483	0.8405541951217008	0.3708250711883012	0.03593448352433477	0.9720478788952168	1.0	0.5008257094678671	-13.06598629358343	0.31211942702721707	0.5586764958607235	0.3418770216931461	0.038977195206136385	0.969801030979599	1.0	False	False	False	False
sp|Q96AQ6|PBIP1_HUMAN	psvid_32380_sp|Q96AQ6|PBIP1_HUMAN	-0.02181023021366002	-1.386510004805457	1.342889544378137	0.6117592842291887	-0.03565165380553353	0.9722677788010897	1.0	0.9526701995314443	-14.065594774581541	0.5045978776901145	0.7103505315617878	0.5888049097134862	-0.03704152233423619	0.9712999767257737	1.0	False	False	False	False
sp|Q9UF12|HYPDH_HUMAN	psvid_884553_sp|Q9UF12|HYPDH_HUMAN	-0.011845927825290037	-0.7539674355411896	0.7302755798906095	0.3326736992443363	-0.03560824871998567	0.9723015264408418	1.0	0.48785726169713706	-12.368157070160754	0.1957990584711806	0.4424918739041211	0.33525115359566837	-0.0353344878853926	0.9726219692994071	1.0	False	False	False	False
sp|Q9HCE1|MOV10_HUMAN	psvid_57584_sp|Q9HCE1|MOV10_HUMAN	-0.020853174802540675	-1.3350014274576467	1.2932950778525654	0.5890983565640276	-0.03539846032531614	0.9724646386235195	1.0	0.875221339046195	-15.406855576496175	0.5837787932965878	0.7640541821733507	0.5451180816314081	-0.03825441772199541	0.9703607207442401	1.0	False	False	False	False
sp|Q99536|VAT1_HUMAN	psvid_75428_sp|Q99536|VAT1_HUMAN	-0.0170854848565396	-1.1028426019196615	1.0686716322065823	0.486716572500323	-0.03510356092616563	0.9726939275568758	1.0	0.8429932779880699	-11.33311756434398	0.11064966696241	0.3326404469730192	0.5270455439993786	-0.03241747331149003	0.9748812203292008	1.0	False	False	False	False
sp|P61009|SPCS3_HUMAN	psvid_69242_sp|P61009|SPCS3_HUMAN	-0.007890251997206388	-0.5143491384982419	0.49856863450382916	0.2270322979939384	-0.03475387452324978	0.9729658176337954	1.0	0.2821314421516742	-11.818501125949133	0.13910048702481448	0.37296177689518595	0.23867076093301218	-0.03305914795076615	0.9743842169952054	1.0	False	False	False	False
sp|P40227|TCPZ_HUMAN	psvid_67086_sp|P40227|TCPZ_HUMAN	-0.012338774761055493	-0.8102882210819383	0.7856106715598273	0.35769990676400226	-0.034494766500445806	0.9731672830632107	1.0	0.548349405218404	-12.300955874615344	0.18722938573719622	0.4327001106276681	0.3665066723512634	-0.033665893943753085	0.973914278154425	1.0	False	False	False	False
sp|O14745|NHRF1_HUMAN	psvid_84351_sp|O14745|NHRF1_HUMAN	0.013458830574143654	-0.8720322416600785	0.8989499028083658	0.39694253243602806	0.033906244542622054	0.9736248865353572	1.0	0.5568986795090471	-13.11954969645242	0.32277825416455996	0.5681357708898112	0.3709899702211908	0.03627815211855798	0.97189114845207	1.0	False	False	False	False
sp|P25398|RS12_HUMAN	psvid_12007_sp|P25398|RS12_HUMAN	0.008907593448501228	-0.5907300105056376	0.60854519740264	0.26880188465013516	0.033138136141028535	0.97422214199822	1.0	0.42666784092975896	-10.333654257920307	0.08695860121197099	0.2948874382064638	0.30465074732466796	0.02923870539207428	0.9773434722905597	1.0	False	False	False	False
sp|P26885|FKBP2_HUMAN	psvid_58963_sp|P26885|FKBP2_HUMAN	0.009872062461835363	-0.6727430839226677	0.6924872088463384	0.3059985508395764	0.03226179481814251	0.9749035761843103	1.0	0.5034731767181759	-9.720719053535431	0.0857506343805751	0.2928320924703696	0.343235024269455	0.02876181556018988	0.9777128906250193	1.0	False	False	False	False
sp|Q6IC98|GRAM4_HUMAN	psvid_46340_sp|Q6IC98|GRAM4_HUMAN	-0.020032716342654133	-1.409794799722353	1.3697293670370447	0.6229940630213254	-0.032155549357086574	0.9749861930375819	1.0	0.9975922365011402	-13.701659182139426	0.4405577534191171	0.6637452473796834	0.6142862680107305	-0.03261136930103767	0.9747310387029167	1.0	False	False	False	False
sp|P68871|HBB_HUMAN	psvid_33160_sp|P68871|HBB_HUMAN	0.014879171482509168	-1.0175100281148621	1.0472683710798805	0.46279312823990637	0.03215080469992628	0.9749898825073372	1.0	0.8070516485044671	-9.589831818022988	0.08649026865858588	0.29409227915500585	0.5069762328344782	0.029348854085960756	0.9772581474292583	1.0	False	False	False	False
sp|P53999|TCP4_HUMAN	psvid_8208_sp|P53999|TCP4_HUMAN	-0.023366508239754946	-1.652794984678679	1.606061968199169	0.7304302506733376	-0.03199006095135687	0.9751148780365321	1.0	1.2816233905503092	-12.280442037334478	0.18470833241741294	0.4297770729313198	0.777093713302036	-0.030069099569041288	0.9767002288387759	1.0	False	False	False	False
sp|P19440|GGT1_HUMAN	psvid_54296_sp|P19440|GGT1_HUMAN	0.0120792151487783	-0.8431517294138198	0.8673101597113764	0.38337770712445807	0.03150734882155513	0.9754902428014184	1.0	0.5788324329017078	-12.612145763473904	0.23095844987446723	0.4805813665493776	0.38255765364084793	0.031574888213107055	0.9755338545503417	1.0	False	False	False	False
sp|Q7Z434|MAVS_HUMAN	psvid_44044_sp|Q7Z434|MAVS_HUMAN	0.018677216940724328	-1.3262037299788227	1.3635581638602714	0.6028750211430722	0.0309802467936251	0.9759001330438031	1.0	0.9098173962195484	-15.600081326503194	0.5722935863522366	0.7565008832461708	0.564591118413339	0.03308096130384162	0.9743673218639026	1.0	False	False	False	False
sp|Q9UHE5|NAT8_HUMAN	psvid_105838_sp|Q9UHE5|NAT8_HUMAN	0.010935834986422144	-0.7861209929441774	0.8079926629170217	0.3572997692409394	0.03060689070595995	0.9761904703271372	1.0	0.5677480534973867	-11.978681702685144	0.15258534393379494	0.390621740221656	0.37670038490552915	0.029030591484966728	0.9775046851182225	1.0	False	False	False	False
sp|Q92616|GCN1_HUMAN	psvid_880596_sp|Q92616|GCN1_HUMAN	-0.026245453331886104	-1.9676475401348203	1.9151566334710481	0.8702798763038319	-0.03015748616795926	0.9765399509005819	1.0	1.4552844444615949	-15.022690277841896	0.5901454191119047	0.7682092287338812	0.8776044465169635	-0.02990578891897034	0.97682673182472	1.0	False	False	False	False
sp|P07478|TRY2_HUMAN	psvid_33408_sp|P07478|TRY2_HUMAN	0.017022641541732497	-1.2461610859589536	1.2802063690424186	0.5662522903375756	0.030061938524936153	0.9766142544410967	1.0	0.8516773846331798	-14.11600397360359	0.5123871796608392	0.7158122516839449	0.5319085181225525	0.03200294968355904	0.9752022920368972	1.0	False	False	False	False
sp|Q9UKR5|ERG28_HUMAN	psvid_54526_sp|Q9UKR5|ERG28_HUMAN	-0.012013755961157724	-0.9097319756051513	0.8857044636828358	0.40242364343702014	-0.029853504278602092	0.9767763461450377	1.0	0.6335884045238277	-12.436447709872958	0.2049995443057726	0.45276875367650166	0.4118016366110795	-0.02917364792433779	0.97739386812458	1.0	False	False	False	False
sp|P01877|IGHA2_HUMAN	psvid_159721_sp|P01877|IGHA2_HUMAN	0.016083574862120642	-1.1907008754147865	1.2228680251390278	0.540969966629577	0.029730994055597336	0.9768716183914762	1.0	0.7705477504268627	-14.632749997106874	0.5723464974139597	0.756535853356574	0.4866965479889981	0.0330464124485309	0.9743940810504442	1.0	False	False	False	False
sp|P31937|3HIDH_HUMAN	psvid_61648_sp|P31937|3HIDH_HUMAN	0.01517389650939105	-1.1321173230648087	1.1624651160835908	0.5143007043428907	0.029503938807119393	0.9770481929389009	1.0	0.7491435536998688	-13.915025492792406	0.4796333654043292	0.6925556767540998	0.474859364227623	0.031954506223273026	0.9752398145147808	1.0	False	False	False	False
sp|P55884|EIF3B_HUMAN	psvid_31084_sp|P55884|EIF3B_HUMAN	0.01073481859606984	-0.8234665715124987	0.8449362087046384	0.3739507068274118	0.028706507034426447	0.9776683436851482	1.0	0.5902440003159987	-12.19193407664179	0.1743338376800467	0.417533037830597	0.3886111650450954	0.027623546520656822	0.9785946629893779	1.0	False	False	False	False
sp|P21549|AGT1_HUMAN	psvid_98716_sp|P21549|AGT1_HUMAN	-0.008761727905781225	-0.6909245625373511	0.6734011067257887	0.30579579128808043	-0.028652218753158317	0.9777105634414468	1.0	0.5030643586463617	-9.720163886257403	0.08575305638603539	0.29283622792618297	0.3430252076682024	-0.02554251906249459	0.9802068324367706	1.0	False	False	False	False
sp|O75165|DJC13_HUMAN	psvid_25390_sp|O75165|DJC13_HUMAN	0.011628464717018616	-0.9049898180512401	0.9282467474852774	0.4108960483601069	0.028300259307501293	0.9779842824935979	1.0	0.5109674743252052	-13.778620110254202	0.4550872756739858	0.6746015680933345	0.347088684403078	0.0335028632149654	0.9740405481892593	1.0	False	False	False	False
sp|P20853|CP2A7_HUMAN	psvid_53338_sp|P20853|CP2A7_HUMAN	-0.011414667205127405	-0.9141221705398491	0.8912928361295943	0.40466020907312805	-0.028208029722696572	0.9780560099896042	1.0	0.6933966801679525	-9.088848211859553	0.09246438970984694	0.30407957792302814	0.4442430312542354	-0.02569464550271114	0.9800889769319779	1.0	False	False	False	False
sp|P53675|CLH2_HUMAN	psvid_27468_sp|P53675|CLH2_HUMAN	0.007592020056681026	-0.599910633021915	0.6150946731352771	0.2723275808599441	0.02787826349687857	0.9783124728179932	1.0	0.28162429771284014	-12.753170253391087	0.2541330795501485	0.5041161369666205	0.2384610829348581	0.031837564281946104	0.9753303936005349	1.0	False	False	False	False
sp|P35998|PRS7_HUMAN	psvid_59834_sp|P35998|PRS7_HUMAN	-0.016011960609897624	-1.309980272222857	1.2779563510030618	0.5800522157808481	-0.027604343495771025	0.9785255053965294	1.0	0.9110082061111938	-13.658314702951738	0.43218905006459474	0.6574108685324535	0.5652626356608723	-0.02832658590847309	0.9780500422231581	1.0	False	False	False	False
sp|P0DMM9|ST1A3_HUMAN,sp|P0DMN0|ST1A4_HUMAN	psvid_86388_sp|P0DMM9|ST1A3_HUMAN	-0.014250380011279873	-1.1661795680010476	1.1376788079784879	0.516379784512032	-0.027596703896428054	0.9785314468777095	1.0	0.8232524072581708	-13.064523414626969	0.31183069799022867	0.5584180315769081	0.5160106990448006	-0.027616442910309968	0.9786001659761259	1.0	False	False	False	False
sp|Q8N5I4|DHRSX_HUMAN	psvid_74942_sp|Q8N5I4|DHRSX_HUMAN	-0.010942956496097445	-0.9000705966625052	0.8781846836703103	0.39857271090946567	-0.027455358072878945	0.9786413748215966	1.0	0.6473371819505451	-12.080119847219517	0.16237083664343357	0.40295264814049003	0.41921722678051027	-0.02610330825414017	0.9797723799876101	1.0	False	False	False	False
sp|Q7RTV2|GSTA5_HUMAN	psvid_84544_sp|Q7RTV2|GSTA5_HUMAN	0.0058389542274071005	-0.4711664418779619	0.4828443503327761	0.21382906711636765	0.027306644069253178	0.9787570336778998	1.0	0.2444835036722299	-11.83020394239959	0.1400070304905731	0.37417513344765857	0.223665446710377	0.026105749963998354	0.9797704883709404	1.0	False	False	False	False
sp|Q6UXH1|CREL2_HUMAN	psvid_44689_sp|Q6UXH1|CREL2_HUMAN	-0.005363469783388641	-0.4612902880207814	0.45056334845400414	0.20438009090257772	-0.02624262353393931	0.9795845658080757	1.0	0.22834342080705688	-11.71629135299314	0.1316869675811618	0.3628869900963133	0.2176139482118681	-0.024646718776347862	0.9809008377464662	1.0	False	False	False	False
sp|Q6P1A2|MBOA5_HUMAN	psvid_86564_sp|Q6P1A2|MBOA5_HUMAN	-0.013173683524707158	-1.1401823505370994	1.113834983487685	0.5052085654940631	-0.026075732725996243	0.9797143659243784	1.0	0.7857074528671733	-13.236989850459986	0.34662830367201924	0.5887514787004948	0.4951050067352509	-0.026607857617064183	0.9793815035066509	1.0	False	False	False	False
sp|Q9UBQ5|EIF3K_HUMAN	psvid_92222_sp|Q9UBQ5|EIF3K_HUMAN	-0.009833310968116571	-0.8579033696977457	0.8382367477615126	0.3801676689364366	-0.025865721289836153	0.9798777041965638	1.0	0.551086611595992	-12.824492719051053	0.2666067832659341	0.5163397943853777	0.36794046246736123	-0.026725277514127305	0.9792905386624782	1.0	False	False	False	False
sp|Q9H0U4|RAB1B_HUMAN	psvid_18407_sp|Q9H0U4|RAB1B_HUMAN	-0.006506072598101653	-0.5823386950786398	0.5693265498824365	0.258130732871177	-0.02520456408167632	0.9803919314671482	1.0	0.4024824866639292	-10.53548902334732	0.08921588828260194	0.29869028822946675	0.29290788896984654	-0.0222120087682972	0.9827871705864102	1.0	False	False	False	False
sp|P0DMV8|HS71A_HUMAN,sp|P0DMV9|HS71B_HUMAN	psvid_39363_sp|P0DMV8|HS71A_HUMAN	0.005904257737636698	-0.5202767385267317	0.5320852540020051	0.2358732049662539	0.02503148985693993	0.9805265447206047	1.0	0.35715079075596745	-10.248852927945805	0.08630548422481868	0.2937779505422738	0.2715610017051535	0.021741920601866194	0.9831513928662614	1.0	False	False	False	False
sp|P62277|RS13_HUMAN	psvid_32084_sp|P62277|RS13_HUMAN	-0.0052537890713413304	-0.4755883323786934	0.46508075423601075	0.21083869794587826	-0.02491852360371702	0.9806144076873549	1.0	0.30149228636318653	-10.171315579713553	0.08585229879271711	0.29300562928503116	0.24681497861954946	-0.021286346155837375	0.9835043739452046	1.0	False	False	False	False
sp|P08865|RSSA_HUMAN	psvid_97390_sp|P08865|RSSA_HUMAN	0.007617461162330308	-0.6872266063084373	0.702461528633098	0.31148045693343956	0.024455663245537385	0.9809744143511142	1.0	0.5145009371272765	-9.735444029223887	0.08568862647655988	0.2927261971135482	0.34891040914376653	0.02183214075218827	0.9830814903585969	1.0	False	False	False	False
sp|P62829|RL23_HUMAN	psvid_41166_sp|P62829|RL23_HUMAN	0.008138181537931555	-0.7364002655226867	0.7526766285985498	0.333757150059731	0.024383542154752642	0.9810305095875878	1.0	0.547587159336318	-11.18099609694411	0.10463457910232359	0.3234726867949187	0.36610767160675717	0.02222892927158577	0.9827740607322203	1.0	False	False	False	False
sp|P28331|NDUS1_HUMAN	psvid_83076_sp|P28331|NDUS1_HUMAN	0.005606187370981619	-0.5168322471215874	0.5280446218635506	0.234195512221427	0.023938064900582232	0.9813770008060143	1.0	0.33738909043654836	-11.144530865829815	0.10335334543130992	0.3214861512278716	0.2625692787354195	0.021351269264942255	0.9834540710000826	1.0	False	False	False	False
sp|P08962|CD63_HUMAN	psvid_77164_sp|P08962|CD63_HUMAN	0.014774708698030992	-1.3630978230047976	1.3926472404008596	0.6176642873746462	0.023920289710823682	0.9813908263939999	1.0	0.9598880044337622	-14.16879957178184	0.5202136452612495	0.7212583762156592	0.5928926386085597	0.02491970339302116	0.9806893459378532	1.0	False	False	False	False
sp|P0C0S5|H2AZ_HUMAN	psvid_48126_sp|P0C0S5|H2AZ_HUMAN	-0.010426294843472128	-0.9942062459384731	0.9733536562515288	0.44100287105339536	-0.02364223801665396	0.9816070965510448	1.0	0.7559146003788949	-11.30025484978848	0.10925382506899807	0.3305356638382583	0.47859940032073606	-0.021785014432706955	0.9831180037779416	1.0	False	False	False	False
sp|Q71UI9|H2AV_HUMAN	psvid_48127_sp|Q71UI9|H2AV_HUMAN	-0.010426294843472128	-0.9942062459384731	0.9733536562515288	0.44100287105339536	-0.02364223801665396	0.9816070965510448	1.0	0.7559146003788949	-11.30025484978848	0.10925382506899807	0.3305356638382583	0.47859940032073606	-0.021785014432706955	0.9831180037779416	1.0	False	False	False	False
sp|P26927|HGFL_HUMAN	psvid_26034_sp|P26927|HGFL_HUMAN	-0.005235426843769986	-0.502380449062301	0.49190959537476103	0.22285713576928198	-0.023492300687154494	0.9817237192920718	1.0	0.20975396244714578	-12.275993516593758	0.18416745393529002	0.42914735690120476	0.21096465429166852	-0.024816606655500513	0.9807692188056767	1.0	False	False	False	False
sp|P23786|CPT2_HUMAN	psvid_36827_sp|P23786|CPT2_HUMAN	-0.003556883539730382	-0.34335712552384096	0.3362433584443802	0.1523235781872123	-0.02335084024456685	0.9818337490410641	1.0	0.11329092673554615	-10.965862869013577	0.09787399668879468	0.312848200712094	0.18330826559201885	-0.019403836091312878	0.9849629906226725	1.0	False	False	False	False
sp|Q68CK6|ACS2B_HUMAN	psvid_63539_sp|Q68CK6|ACS2B_HUMAN	-0.007773862580621849	-0.7532544001721075	0.7377066750108638	0.3341794646519753	-0.02326253825535865	0.9819024316652887	1.0	0.4982216772723301	-12.284610205905626	0.18521700531578447	0.4303684529746395	0.34054304183991874	-0.022827841492871138	0.982310032492066	1.0	False	False	False	False
sp|P02042|HBD_HUMAN	psvid_33159_sp|P02042|HBD_HUMAN	-0.010592334380476132	-1.041910481725433	1.0207258129644807	0.4623130034743659	-0.02291160815480599	0.9821753919403939	1.0	0.802275939142753	-10.894429221137006	0.09602349999199879	0.3098765883250924	0.5043168925658519	-0.0210033305182079	0.9837236576324803	1.0	False	False	False	False
sp|Q8IX95|CTGE3_HUMAN	psvid_64301_sp|Q8IX95|CTGE3_HUMAN	0.01354795945172782	-1.3154571920114109	1.3425531109148665	0.5957583164686786	0.022740697153893763	0.9823083307266807	1.0	0.9567631584720194	-13.470649127834411	0.3947262569776833	0.628272438499162	0.5911225988598433	0.02291903486325698	0.9822393778481016	1.0	False	False	False	False
sp|P32754|HPPD_HUMAN	psvid_50850_sp|P32754|HPPD_HUMAN	0.004221383883121099	-0.41519168248012545	0.42363445024636764	0.18801192910836081	0.022452744903692264	0.9825323083637453	1.0	0.19623549513890076	-11.525948455178561	0.12004791887374235	0.34647931954698585	0.20636278916075365	0.02045612922896047	0.9841476394330613	1.0	False	False	False	False
sp|P0CG47|UBB_HUMAN	psvid_34274_sp|P0CG47|UBB_HUMAN	0.010917811439768332	-1.0823390634883352	1.1041746863678719	0.4900785181742319	0.022277678035026317	0.9826684812475824	1.0	0.853847581042951	-11.007864033316046	0.09904909109443326	0.314720655652649	0.5331245994751787	0.020478911403668303	0.9841299872709932	1.0	False	False	False	False
sp|Q9UJZ1|STML2_HUMAN	psvid_24488_sp|Q9UJZ1|STML2_HUMAN	-0.008752928245187253	-0.8873025854760983	0.8697967289857238	0.3938308772917795	-0.022225093942297533	0.9827093830334548	1.0	0.6584974186786069	-11.543057700905479	0.12099056237712758	0.34783697672491287	0.42525593915683824	-0.020582730161374872	0.9840495461847457	1.0	False	False	False	False
sp|O95954|FTCD_HUMAN	psvid_61920_sp|O95954|FTCD_HUMAN	0.004633089930917489	-0.46048059261711566	0.46974677247895064	0.2084983223551103	0.02222123362233342	0.9827123857303063	1.0	0.28683973304268023	-10.811523001107156	0.09409702765074343	0.3067523881744744	0.24062652831627934	0.019254277420433705	0.9850788751116492	1.0	False	False	False	False
sp|A2RRP1|NBAS_HUMAN	psvid_48669_sp|A2RRP1|NBAS_HUMAN	-0.010212372984871099	-1.0644391306138632	1.044014384644121	0.47258233544830774	-0.021609722198319775	0.9831880450379987	1.0	0.6171438993814378	-14.377532488391452	0.5475537821866319	0.739968771088775	0.4029684229748645	-0.025342861630396542	0.9803615119611062	1.0	False	False	False	False
sp|Q86VD7|S2542_HUMAN	psvid_30325_sp|Q86VD7|S2542_HUMAN	0.015619072100136133	-1.6058698265818925	1.6371079707821647	0.7268711452231347	0.021488089330250405	0.9832826570303073	1.0	1.1929762504262054	-14.004472110734602	0.49475872020101275	0.7033908729867148	0.7260262054004958	0.021513096888176687	0.9833286860003972	1.0	False	False	False	False
sp|P46976|GLYG_HUMAN	psvid_65454_sp|P46976|GLYG_HUMAN	0.00980526370177115	-1.0090042852814363	1.0286148126849786	0.4567057253587209	0.021469544079110406	0.983297082457412	1.0	0.6514853319315809	-13.526281910952601	0.40600957019942235	0.6371888026318592	0.4214597848963708	0.02326500428547906	0.9819713297541797	1.0	False	False	False	False
sp|Q68D91|MBLC2_HUMAN	psvid_26960_sp|Q68D91|MBLC2_HUMAN	0.013913153819792079	-1.446894552489196	1.4747208601287802	0.6548419611744846	0.021246582602676065	0.9834705135773855	1.0	1.0361885280910055	-14.212261151230848	0.5263912227246799	0.7255282370278084	0.6362507905922086	0.021867405157708353	0.9830541675642851	1.0	False	False	False	False
sp|P22413|ENPP1_HUMAN	psvid_25706_sp|P22413|ENPP1_HUMAN	0.00649151591675956	-0.6869893725018936	0.6999724043354127	0.31086937934939934	0.020881811937686758	0.9837542532611285	1.0	0.34587513562524774	-13.035845827754748	0.30619820968499234	0.553351795592092	0.2664048338185116	0.024367110099743565	0.9811174631191236	1.0	False	False	False	False
sp|P20073|ANXA7_HUMAN	psvid_62835_sp|P20073|ANXA7_HUMAN	-0.011538461430792513	-1.2516174464419476	1.2285405235803626	0.5558950374158309	-0.020756546927331712	0.983851692169422	1.0	0.9365193740184755	-12.546657835151445	0.22089881732292074	0.4699987418312104	0.5796675567410684	-0.019905308304060607	0.984574431146699	1.0	False	False	False	False
sp|P02100|HBE_HUMAN	psvid_35318_sp|P02100|HBE_HUMAN	-0.011076499528379191	-1.2072020088935662	1.1850490098368078	0.5361918416645124	-0.02065771738337936	0.9839285681263029	1.0	0.8622507902035248	-13.089125455555166	0.31670373555553566	0.5627643694793902	0.5378363505345801	-0.020594553561449968	0.9840403851631326	1.0	False	False	False	False
sp|P69891|HBG1_HUMAN	psvid_1633386_sp|P69891|HBG1_HUMAN	-0.011076499528379191	-1.2072020088935662	1.1850490098368078	0.5361918416645124	-0.02065771738337936	0.9839285681263029	1.0	0.8622507902035248	-13.089125455555166	0.31670373555553566	0.5627643694793902	0.5378363505345801	-0.020594553561449968	0.9840403851631326	1.0	False	False	False	False
sp|P69892|HBG2_HUMAN	psvid_35490_sp|P69892|HBG2_HUMAN	-0.011076499528379191	-1.2072020088935662	1.1850490098368078	0.5361918416645124	-0.02065771738337936	0.9839285681263029	1.0	0.8622507902035248	-13.089125455555166	0.31670373555553566	0.5627643694793902	0.5378363505345801	-0.020594553561449968	0.9840403851631326	1.0	False	False	False	False
sp|P02649|APOE_HUMAN	psvid_63525_sp|P02649|APOE_HUMAN	-0.003705646244212879	-0.4192598392035594	0.41184854671513366	0.186282096895113	-0.019892659069107217	0.984523685326437	1.0	0.23689373930231192	-10.574125676483703	0.08976788714412097	0.29961289549036596	0.22078900746657923	-0.01678365370963408	0.986993272349229	1.0	False	False	False	False
sp|Q9Y6C9|MTCH2_HUMAN	psvid_72512_sp|Q9Y6C9|MTCH2_HUMAN	0.004061309484786335	-0.4748207883764534	0.4829434073460261	0.21467034352328035	0.018918819517079213	0.9852812219123801	1.0	0.3049736901638964	-10.644295552701589	0.09087540818462028	0.3014554829234663	0.2483071445793561	0.016355991252955622	0.9873246619327848	1.0	False	False	False	False
sp|P0CG48|UBC_HUMAN	psvid_34279_sp|P0CG48|UBC_HUMAN	0.009684848953197989	-1.138251031774829	1.1576207296812249	0.5145896891096344	0.018820526641245255	0.9853576834748181	1.0	0.8526099424969824	-12.587045826168346	0.22704930279753055	0.47649690743753054	0.532431043055392	0.018189865297148753	0.9859036379851513	1.0	False	False	False	False
sp|P05109|S10A8_HUMAN	psvid_25696_sp|P05109|S10A8_HUMAN	0.016346753551416793	-1.931887792726564	1.9645812998293977	0.8733426895289822	0.018717456214390537	0.9854378616387944	1.0	1.5564224611739692	-11.952256950529902	0.150197844491554	0.38755366659542	0.9363623674024709	0.017457721626258575	0.9864709520815863	1.0	False	False	False	False
sp|Q53GQ0|DHB12_HUMAN	psvid_65944_sp|Q53GQ0|DHB12_HUMAN	0.0033913216480856434	-0.4010104240182076	0.40779306731437887	0.18128274590200333	0.01870736032384959	0.9854457152097681	1.0	0.22941233932473423	-10.161962621733196	0.08580670240487075	0.29292781091059067	0.21800698960717269	0.015556022557792638	0.9879445532464215	1.0	False	False	False	False
sp|Q9NQ39|RS10L_HUMAN	psvid_44006_sp|Q9NQ39|RS10L_HUMAN	-0.006396780257369006	-0.7905377864327096	0.7777442259179715	0.3515099435083219	-0.018198006558575675	0.9858419424802518	1.0	0.5525077888222059	-12.035765353644372	0.15796956957936698	0.3974538584280784	0.3686855020125689	-0.01735023542409577	0.9865542403009051	1.0	False	False	False	False
sp|O75643|U520_HUMAN	psvid_27287_sp|O75643|U520_HUMAN	0.013779083829319916	-1.7172021930447965	1.7447603607034363	0.775953720129677	0.017757610372712902	0.9861845307807195	1.0	1.2740316159536191	-14.512229218935833	0.5618849756702599	0.7495898716433272	0.7727130831201002	0.017832082994741115	0.9861808707134073	1.0	False	False	False	False
sp|P11940|PABP1_HUMAN	psvid_38730_sp|P11940|PABP1_HUMAN	-0.01077480291075572	-1.4164402482450378	1.3948906424235263	0.6301231250372429	-0.017099519891638455	0.9866964709779087	1.0	1.0769999463298843	-12.62662937792642	0.23324425859408937	0.48295368162391034	0.6595399423427102	-0.016336846669942725	0.9873394968601759	1.0	False	False	False	False
sp|O95168|NDUB4_HUMAN	psvid_99900_sp|O95168|NDUB4_HUMAN	0.006899034181470753	-0.9336560415331382	0.9474541098960797	0.4216262877814343	0.01636291280074815	0.9872694981417387	1.0	0.6973458437337107	-12.00541777150259	0.15506827028010609	0.39378708749793473	0.44640085706429317	0.015454796002950136	0.9880229937665599	1.0	False	False	False	False
sp|P09382|LEG1_HUMAN	psvid_79765_sp|P09382|LEG1_HUMAN	0.007942848346408127	-1.0972078186872798	1.113093515380096	0.49541019469440983	0.016032872216744782	0.9875262483876249	1.0	0.8614620510710139	-11.208602241985043	0.10564416942738751	0.32502949008880333	0.5373938992591762	0.01478030985717875	0.9885456569543428	1.0	False	False	False	False
sp|P47756|CAPZB_HUMAN	psvid_31859_sp|P47756|CAPZB_HUMAN	0.005184926131320378	-0.7233643058111423	0.7337341580737831	0.3265896023117326	0.01587596817112175	0.9876483101218	1.0	0.4697487243788276	-12.415059192692052	0.20206442080443607	0.4495157625761705	0.32607580404694153	0.01590098396437278	0.9876772434797568	1.0	False	False	False	False
sp|Q86U17|SPA11_HUMAN	psvid_60593_sp|Q86U17|SPA11_HUMAN	-0.008805820434350409	-1.251802508794552	1.234190867925851	0.557202967662203	-0.01580361366576357	0.9877045976068612	1.0	0.8335673417410072	-14.085259733994961	0.5076724234443261	0.7125113496950951	0.5217730999467742	-0.016876723685542022	0.9869211540919852	1.0	False	False	False	False
sp|Q15436|SC23A_HUMAN	psvid_53264_sp|Q15436|SC23A_HUMAN	-0.005712958679779501	-0.8283402080216213	0.8169142906620623	0.3687623216581254	-0.015492251632681465	0.9879468194823642	1.0	0.6174458853610323	-11.175662706428962	0.10444350612068488	0.3231772054472358	0.4031302644638335	-0.014171495378492067	0.9890174357935366	1.0	False	False	False	False
sp|Q08043|ACTN3_HUMAN	psvid_34128_sp|Q08043|ACTN3_HUMAN	-0.005883715496146635	-0.8729529427456896	0.8611855117533963	0.388684500221302	-0.015137509967072712	0.9882227898000177	1.0	0.4092888911462958	-14.091052262207668	0.5085693782394342	0.7131405038556106	0.2961898449857032	-0.01986467664490873	0.984605913920153	1.0	False	False	False	False
sp|Q9UJ14|GGT7_HUMAN	psvid_63697_sp|Q9UJ14|GGT7_HUMAN	0.012714889210572622	-1.8670951319740978	1.892524910395243	0.842669761113407	0.015088816280499526	0.9882606710497543	1.0	1.402411815900242	-14.783856322689285	0.5821874708610258	0.7630121040068931	0.8469467517450037	0.015012619369961035	0.9883656383085013	1.0	False	False	False	False
sp|P41091|IF2G_HUMAN	psvid_50686_sp|P41091|IF2G_HUMAN	-0.0037423399067790797	-0.5663565246417069	0.5588718448281488	0.2522052522897052	-0.014838469353050181	0.9884554289043175	1.0	0.36247008192127794	-11.540028149801273	0.12082225563559995	0.347594959163104	0.27401610627874834	-0.013657372034080763	0.9894158406983858	1.0	False	False	False	False
sp|Q9NRK6|ABCBA_HUMAN	psvid_34336_sp|Q9NRK6|ABCBA_HUMAN	-0.0098097011606888	-1.5394706642756337	1.5198512619542561	0.6857070788250388	-0.01430596454902836	0.988869694632045	1.0	1.0880138427910988	-15.665955285943085	0.5672340566982218	0.7531494252127009	0.6658354588961474	-0.014732920918558127	0.9885823791368659	1.0	False	False	False	False
sp|P33261|CP2CJ_HUMAN	psvid_356276_sp|P33261|CP2CJ_HUMAN	-0.004354258888703111	-0.6847725491463912	0.676064031368985	0.3050137575856192	-0.014275614723643552	0.9888933055906338	1.0	0.501486766575321	-9.717960151748866	0.08576273081084203	0.29285274595066035	0.34221594045606135	-0.0127237173198312	0.990139357118998	1.0	False	False	False	False
sp|B5ME19|EIFCL_HUMAN	psvid_30063_sp|B5ME19|EIFCL_HUMAN	-0.005935251234409744	-0.9434202665100045	0.9315497640411851	0.42025005982882585	-0.01412314191419095	0.9890119235497544	1.0	0.6406119654009959	-12.818714857784501	0.26557829517627823	0.51534289087585	0.41558653643245247	-0.014281625399513954	0.9889320941603035	1.0	False	False	False	False
sp|P40429|RL13A_HUMAN	psvid_40434_sp|P40429|RL13A_HUMAN	0.0019282913199334395	-0.3129605842219257	0.31681716686179257	0.14115646290836553	0.013660666187032664	0.9893717135177025	1.0	0.10056088995762473	-10.064011405839125	0.085443722314794	0.29230758169228865	0.18069122507607419	0.010671748554040713	0.9917295206341606	1.0	False	False	False	False
sp|P46776|RL27A_HUMAN	psvid_89445_sp|P46776|RL27A_HUMAN	0.002551895953314176	-0.4342628601681291	0.43936665207475745	0.19581265236563336	0.013032334338381362	0.9898605377502371	1.0	0.24316214114891865	-11.151791875010517	0.10360380235404576	0.32187544540403473	0.2231608362560307	0.011435232078026476	0.9911378577372758	1.0	False	False	False	False
sp|P09429|HMGB1_HUMAN	psvid_6810_sp|P09429|HMGB1_HUMAN	-0.004489125082022927	-0.8634734005712067	0.8544951504071608	0.3850602274002529	-0.011658241393382552	0.9909295578786519	1.0	0.6408276248353394	-11.553588611565957	0.12158031573875591	0.3486836900957025	0.4157028640881623	-0.010798879367525533	0.9916310000031955	1.0	False	False	False	False
sp|P26373|RL13_HUMAN	psvid_30483_sp|P26373|RL13_HUMAN	0.001960715993309492	-0.38169845147039	0.385619883457009	0.17198438956712203	0.011400546283558277	0.9911300423052091	1.0	0.1886228728388774	-10.864764087779097	0.0953076298754216	0.3087193383567372	0.20386370934744072	0.009617778463786726	0.9925463053698228	1.0	False	False	False	False
sp|P51571|SSRD_HUMAN	psvid_89039_sp|P51571|SSRD_HUMAN	0.002080518372785889	-0.4113988636061314	0.4155599003517032	0.18535201329436066	0.011224687208990725	0.9912668594217416	1.0	0.21394454721818257	-11.159710216011536	0.10387955854919553	0.3223035192938413	0.212432068414749	0.009793805560109305	0.9924098907282961	1.0	False	False	False	False
sp|P62937|PPIA_HUMAN	psvid_85825_sp|P62937|PPIA_HUMAN	0.0014455867000142675	-0.2879966986135286	0.29088787201355715	0.12974942077794194	0.011141373050815381	0.9913316773517729	1.0	0.002044368316746344	-9.966505635317773	0.08528534715303311	0.29203655105659826	0.17062303206382973	0.008472400721805697	0.9934339378353323	1.0	False	False	False	False
sp|Q9H488|OFUT1_HUMAN	psvid_38200_sp|Q9H488|OFUT1_HUMAN	0.002358525023320013	-0.4857538641124848	0.4904709141591248	0.21880804215010385	0.010778968634535143	0.9916136266420741	1.0	0.2855248121792567	-11.479254032049255	0.11757031617653398	0.3428852813646774	0.24007867772544786	0.009823967066401474	0.9923865166765795	1.0	False	False	False	False
sp|P10768|ESTD_HUMAN	psvid_77018_sp|P10768|ESTD_HUMAN	-0.002810293077824433	-0.6362099370584103	0.6305893509027615	0.2839365258549192	-0.009897610282307906	0.9922993251465052	1.0	0.21196570308712961	-13.202478391572875	0.3395648461892784	0.5827219287012274	0.2117367887616181	-0.01327257815829244	0.9897140275503162	1.0	False	False	False	False
sp|P61619|S61A1_HUMAN	psvid_60555_sp|P61619|S61A1_HUMAN	0.0031791556009110877	-0.7215144067076128	0.727872717909435	0.3248612062649258	0.009786196503618446	0.9923860057630073	1.0	0.5121588675986058	-11.728320024940302	0.13251386672013457	0.3640245413706809	0.34770258587812913	0.009143318830609422	0.9929139957190238	1.0	False	False	False	False
sp|P01011|AACT_HUMAN	psvid_50388_sp|P01011|AACT_HUMAN	0.001521105549322943	-0.35648817930328053	0.3595303904019264	0.1604862167683316	0.00947810709201726	0.9926257017897615	1.0	0.1701586838292008	-10.215946798934059	0.08609664556075286	0.2934222990175642	0.1980967669338652	0.007678598560019739	0.9940491157777903	1.0	False	False	False	False
sp|P35579|MYH9_HUMAN	psvid_24900_sp|P35579|MYH9_HUMAN	0.002407747712198649	-0.565955579612387	0.5707710750367843	0.2547824428345139	0.00945021048315534	0.9926474056130306	1.0	0.377283276519963	-11.332922538525786	0.11064121830404518	0.3326277473453548	0.2809257681712431	0.008570761336250812	0.9933577109932376	1.0	False	False	False	False
sp|Q13217|DNJC3_HUMAN	psvid_67334_sp|Q13217|DNJC3_HUMAN	0.0015160507122988776	-0.3583556245431639	0.36138772596776164	0.1613210777692791	0.00939772243814989	0.9926882418212628	1.0	0.164478150620344	-10.613491249533238	0.09037224390446837	0.3006197663236208	0.19641069443489115	0.0077187788407389315	0.9940179769041999	1.0	False	False	False	False
sp|Q15392|DHC24_HUMAN	psvid_81984_sp|Q15392|DHC24_HUMAN	0.0025618715115163226	-0.680212833929389	0.6853365769524217	0.30607007699936206	0.00837021226195092	0.9934876590184207	1.0	0.5036177671966462	-9.721053347524482	0.08574917891839527	0.29282960731182095	0.34330924213511793	0.0074622853016815495	0.9942167541923755	1.0	False	False	False	False
sp|Q9H2A2|AL8A1_HUMAN	psvid_24222_sp|Q9H2A2|AL8A1_HUMAN	-0.007631085604354659	-2.1893790925411447	2.1741169213324354	0.9780206782047287	-0.007802581043953395	0.9939292872998561	1.0	1.700429129653275	-13.560932073374055	0.4129688924979156	0.6426265575728376	1.0202400839406227	-0.007479695930863645	0.9942032612944395	1.0	False	False	False	False
sp|Q8NBX0|SCPDL_HUMAN	psvid_92466_sp|Q8NBX0|SCPDL_HUMAN	0.0013125997289091806	-0.37933007103471583	0.3819552704925342	0.17063217284042898	0.007692568799066351	0.9940148792498193	1.0	0.20065776035409386	-10.155765315989825	0.08577755217529195	0.2928780500059572	0.20784554039929956	0.00631526529935402	0.9951056764107998	1.0	False	False	False	False
sp|TRFL_HUMAN|,sp|P02788|TRFL_HUMAN	psvid_28989_sp|TRFL_HUMAN|	0.007194299563562545	-2.1644464392423073	2.1788350383694324	0.9734898537461888	0.007390215250705904	0.9942501173782546	1.0	1.6953436363003562	-13.470270969110446	0.3946491431104234	0.6282110657338211	1.017274299047363	0.007072133416031173	0.9945191147967896	1.0	False	False	False	False
sp|P12109|CO6A1_HUMAN	psvid_27181_sp|P12109|CO6A1_HUMAN	-0.0023564648767759877	-0.8703907603728949	0.8656778306193429	0.389117115123678	-0.006055927085157903	0.9952882313509592	1.0	0.3839140160728041	-14.324134055135348	0.5411331335147272	0.7356175184936308	0.28405182307799515	-0.00829589773880433	0.9935707230977014	1.0	False	False	False	False
sp|Q8N0U8|VKORL_HUMAN	psvid_95269_sp|Q8N0U8|VKORL_HUMAN	0.0016242388506526595	-0.6059378009351165	0.6091862786364218	0.27235420237051317	0.005963700345049312	0.995359986730664	1.0	0.28706577618841667	-12.725708047863252	0.24946209218661317	0.49946180253009653	0.24072083484493484	0.006747396218108605	0.9947707809223769	1.0	False	False	False	False
sp|O75795|UDB17_HUMAN	psvid_32011_sp|O75795|UDB17_HUMAN	0.0011124845158390073	-0.4459463958561417	0.4481713648878197	0.2004048258500455	0.00555118626071127	0.995680936521214	1.0	0.27634580502425926	-10.261351402196741	0.08639126800846966	0.29392391533944573	0.23629026567357078	0.0047081267299258	0.9963511949858557	1.0	False	False	False	False
sp|Q9P0J0|NDUAD_HUMAN	psvid_50395_sp|Q9P0J0|NDUAD_HUMAN	0.0015224773794497715	-0.6447893548706946	0.6478343096295941	0.28972472279074735	0.005254910125669101	0.995911449792096	1.0	0.4408297995697509	-11.64990423335269	0.1273280699853759	0.35683059003591033	0.31162638938565435	0.004885585532249723	0.9962136653574806	1.0	False	False	False	False
sp|Q9Y281|COF2_HUMAN	psvid_66580_sp|Q9Y281|COF2_HUMAN	-0.0018193141366267263	-0.7754137708049681	0.7717751425317146	0.34678220067607923	-0.005246273116324396	0.995918169695683	1.0	0.5118950082259818	-12.454540913337121	0.20752064849820495	0.4555443430646516	0.3475665946260645	-0.005234433241733334	0.9959433106298768	1.0	False	False	False	False
sp|O00330|ODPX_HUMAN	psvid_56029_sp|O00330|ODPX_HUMAN	0.0027772525690417105	-1.2645694161665524	1.2701239213046358	0.5681184282219446	0.00488850991462071	0.9961965226085759	1.0	0.8584831081572298	-14.069853886098219	0.5052676137893071	0.7108217876439263	0.5357231999801578	0.005184118532004167	0.9959823041726387	1.0	False	False	False	False
sp|P37837|TALDO_HUMAN	psvid_75681_sp|P37837|TALDO_HUMAN	0.001615522662541835	-0.7541307965378795	0.7573618418629632	0.3387813465648042	0.004768629320719722	0.9962897942361106	1.0	0.4107180779112052	-13.119903840718045	0.3228492582752939	0.5681982561353862	0.29688130703543897	0.005441644941117795	0.9957827231563059	1.0	False	False	False	False
sp|P28838|AMPL_HUMAN	psvid_55206_sp|P28838|AMPL_HUMAN	0.0010109780180349581	-0.4824396510715225	0.4844616071075924	0.2167182968139961	0.0046649407682575845	0.9963704678915534	1.0	0.24078132157520296	-11.939443812685758	0.149063751179736	0.3860877506211975	0.2222556802972877	0.004548716220357926	0.9964747373928322	1.0	False	False	False	False
sp|P36537|UDB10_HUMAN	psvid_65573_sp|P36537|UDB10_HUMAN	0.0007010076744462523	-0.3347601842171273	0.3361621995660198	0.15037849529919098	0.004661621816680219	0.9963730501634022	1.0	0.13765165086425812	-10.08956957430363	0.08551846731528817	0.292435407082125	0.18905298326512582	0.003707995834496655	0.99712629337234	1.0	False	False	False	False
sp|P21980|TGM2_HUMAN	psvid_36987_sp|P21980|TGM2_HUMAN	-0.0010815284079570553	-0.522398066421039	0.5202350096051249	0.23369259531614978	-0.004627996049656239	0.996399212304601	1.0	0.28068568530545296	-12.014155090762543	0.15589449041918704	0.3948347634380578	0.23807352533485604	-0.004542833590739919	0.9964792964054899	1.0	False	False	False	False
sp|Q9H936|GHC1_HUMAN	psvid_58898_sp|Q9H936|GHC1_HUMAN	0.0018430716150046322	-0.9044630970525662	0.9081492402825755	0.4062733968007092	0.004536530399278693	0.9964703761242294	1.0	0.6104775419610773	-12.81463377970011	0.2648537213378384	0.5146394090407753	0.39939940963994036	0.004614607759851639	0.9964236717424193	1.0	False	False	False	False
sp|P00736|C1R_HUMAN	psvid_68503_sp|P00736|C1R_HUMAN	0.0007642034404837794	-0.44206407771163075	0.4435924845925983	0.19850835865719346	0.003849729279176056	0.9970047349973005	1.0	0.13482370235880514	-12.168966681587026	0.17177357526963072	0.41445575791588507	0.1883385277151404	0.004057605471141982	0.9968553465635535	1.0	False	False	False	False
sp|P62280|RS11_HUMAN	psvid_42815_sp|P62280|RS11_HUMAN	0.000834534743922255	-0.5099609804578525	0.511630049945697	0.22897629543522585	0.0036446337920526496	0.9971643078429634	1.0	0.3419759809627857	-10.252227822155866	0.08632829544222526	0.2938167718872176	0.2646375579903681	0.0031535007738872395	0.997556026787663	1.0	False	False	False	False
sp|P09601|HMOX1_HUMAN	psvid_49595_sp|P09601|HMOX1_HUMAN	-0.0008791961654881497	-0.5519285881837653	0.550170195852789	0.24702105760724227	-0.00355919521195659	0.9972307826619852	1.0	0.3693733926118071	-11.039020952602304	0.09996422500624229	0.31617119572510444	0.27722314431462236	-0.0031714385451538786	0.9975421250093064	1.0	False	False	False	False
sp|P12814|ACTN1_HUMAN	psvid_44478_sp|P12814|ACTN1_HUMAN	-0.0011839399223330105	-0.7578835896469721	0.7555157098023061	0.33920869975265366	-0.003490299403276871	0.9972843865233215	1.0	0.5216510125928718	-12.112819397282756	0.16573962105833084	0.4071113128596783	0.35260583896932707	-0.00335768666166643	0.997397782713714	1.0	False	False	False	False
sp|O43676|NDUB3_HUMAN	psvid_107485_sp|O43676|NDUB3_HUMAN	0.0006473088650382763	-0.5728272898644272	0.5741219075945038	0.25707369237845534	0.002517989526852595	0.9980408862299486	1.0	0.344242482308677	-11.984649846432088	0.15313369830482623	0.39132301019084764	0.2656638341322831	0.0024365712674159446	0.9981116480457733	1.0	False	False	False	False
sp|Q15287|RNPS1_HUMAN	psvid_60270_sp|Q15287|RNPS1_HUMAN	-0.0011200121560110965	-1.0591085423786772	1.056868518066655	0.4742686399030933	-0.002361556429790397	0.9981625982479347	1.0	0.6619252297242488	-13.84824986578538	0.4678249622095935	0.6839773111804174	0.42711404441005807	-0.002622278922150848	0.9979677242658088	1.0	False	False	False	False
sp|Q99470|SDF2_HUMAN	psvid_104963_sp|Q99470|SDF2_HUMAN	-0.0008671767224175397	-0.9086842627542385	0.9069499093094034	0.4069507016134542	-0.002130913447204805	0.9983420489993976	1.0	0.566784896023647	-13.236401491670243	0.3465075906649958	0.5886489536769736	0.376192518099092	-0.0023051408007777516	0.9982135069476562	1.0	False	False	False	False
sp|O60488|ACSL4_HUMAN	psvid_50204_sp|O60488|ACSL4_HUMAN	0.0015418614509372652	-1.7462821523817917	1.7493658752836663	0.7835038794380446	0.001967905317894712	0.9984688768118921	1.0	1.3273989211400608	-13.539562306122226	0.4086835449934025	0.639283618586776	0.8035330448055011	0.0019188525735248135	0.998512881368943	1.0	False	False	False	False
sp|P46977|STT3A_HUMAN	psvid_87075_sp|P46977|STT3A_HUMAN	0.0004237607996957493	-0.520184540766173	0.5210320623655645	0.23337511140497835	0.0018157925973536768	0.9985872275363485	1.0	0.22498806285326892	-12.387278012781987	0.19832498910799476	0.44533693885416104	0.2163875482379594	0.001958341887721485	0.9984822770313841	1.0	False	False	False	False
sp|Q9HAV0|GBB4_HUMAN	psvid_70096_sp|Q9HAV0|GBB4_HUMAN	0.0005337603733455154	-0.731046532921164	0.732114053667855	0.3279483479917028	0.0016275745147495595	0.9987336699501042	1.0	0.47904519666605067	-12.34697985112571	0.19304686838410035	0.43937099174171745	0.33077466053381693	0.0016136676627046106	0.9987494006782376	1.0	False	False	False	False
sp|Q13595|TRA2A_HUMAN	psvid_37594_sp|Q13595|TRA2A_HUMAN	0.0009378292767472374	-1.3724918739808423	1.3743675325343367	0.615672683360184	0.0015232595209987313	0.9988148318838391	1.0	0.9422306382888873	-14.485543702463152	0.5592630794656328	0.7478389395221626	0.5828971863981256	0.0016089102823472698	0.9987530876647497	1.0	False	False	False	False
sp|A5A3E0|POTEF_HUMAN	psvid_32631_sp|A5A3E0|POTEF_HUMAN	0.00038699525502572385	-0.5861930948614581	0.5869670853715095	0.26294854205577156	0.001471752807603101	0.9988549065160821	1.0	0.2135383802721652	-12.900329875749742	0.280387095603461	0.5295159068464903	0.21228901832037114	0.001822964080231879	0.998587195251012	1.0	False	False	False	False
sp|P14780|MMP9_HUMAN	psvid_46749_sp|P14780|MMP9_HUMAN	-0.0010877381797609331	-1.6559747428262772	1.6537992664667553	0.7418426442882363	-0.0014662653706091103	0.9988591759989369	1.0	1.2045035871260026	-15.707176562412172	0.5637903329801793	0.750859729230553	0.7326558754408693	-0.0014846508657374734	0.9988493891606158	1.0	False	False	False	False
sp|P13804|ETFA_HUMAN	psvid_52406_sp|P13804|ETFA_HUMAN	0.0003426808044455498	-0.6242327668787795	0.6249181284876706	0.27998086900549524	0.0012239436418022688	0.9990477136829964	1.0	0.3583385077058013	-12.401864588013783	0.20027811642048657	0.44752443108783074	0.2721079549220913	0.0012593560689677912	0.9990239934898135	1.0	False	False	False	False
sp|Q00341|VIGLN_HUMAN	psvid_61789_sp|Q00341|VIGLN_HUMAN	0.0006011756932529089	-1.1717506976863257	1.1729530490728315	0.5255347412495648	0.0011439314018013205	0.9991099669770827	1.0	0.9068230812796144	-11.810456646840345	0.1384843428917861	0.37213484503844313	0.5629029303486001	0.0010679917634832828	0.9991723016023278	1.0	False	False	False	False
sp|P24557|THAS_HUMAN	psvid_24249_sp|P24557|THAS_HUMAN	0.0001983816115775916	-0.627189219505187	0.6275859827283422	0.2812414839800668	0.000705378199439639	0.999451182139436	1.0	0.32595741855067145	-12.655309570830426	0.23783509388502247	0.4876833951294861	0.25746675087530907	0.0007705135164177671	0.9994028485147142	1.0	False	False	False	False
sp|P05556|ITB1_HUMAN	psvid_33130_sp|P05556|ITB1_HUMAN	-0.00011071370202975217	-0.3788257408272715	0.378604313423212	0.1697680605173951	-0.0006521468272202356	0.9994925986775344	1.0	0.15531762309281671	-11.2949290554931	0.10903280952586285	0.33020116524001375	0.19378356817988643	-0.0005713265736080279	0.9995572192807598	1.0	False	False	False	False
sp|Q9NRW7|VPS45_HUMAN	psvid_40083_sp|Q9NRW7|VPS45_HUMAN	-0.0004267791744352323	-1.6367478286410695	1.635894270292199	0.7335200112349165	-0.0005818234920636028	0.9995473135777209	1.0	1.1833897125097161	-15.500119093071962	0.5788803957047797	0.7608418992831426	0.7205154288786219	-0.0005923248237715775	0.999540945542504	1.0	False	False	False	False
sp|Q13576|IQGA2_HUMAN	psvid_42335_sp|Q13576|IQGA2_HUMAN	-9.382993071627155e-05	-0.819231405220846	0.8190437453594135	0.3671979918767219	-0.00025552953118483483	0.9998011858293185	1.0	0.5918308006067388	-11.905134492293403	0.14610207035989486	0.3822330053251483	0.389454731827996	-0.000240926410820223	0.9998132809154644	1.0	False	False	False	False
sp|P50226|ST1A2_HUMAN	psvid_37719_sp|P50226|ST1A2_HUMAN	7.300364330342646e-05	-0.7368755493327313	0.7370215566193381	0.3303547986715299	0.00022098556944533327	0.9998280626796802	1.0	0.5111767169004569	-11.975464399280568	0.15229113718368065	0.3902449707346408	0.34719647799832554	0.0002102660825487364	0.9998370428114967	1.0	False	False	False	False
sp|P01009|A1AT_HUMAN	psvid_25500_sp|P01009|A1AT_HUMAN	1.3322676295501878e-15	-1.0059599410315234	1.005959941031526	0.45094558154577236	2.9543867022343993e-15	0.9999999999999977	1.0	0.7834955924306684	-9.319542637573235	0.08908777367086085	0.2984757505574965	0.4938769537286638	2.6975699503527275e-15	0.9999999999999979	1.0	False	False	False	False
sp|P02675|FIBB_HUMAN	psvid_42040_sp|P02675|FIBB_HUMAN	1.3322676295501878e-15	-1.0059599410315234	1.005959941031526	0.45094558154577236	2.9543867022343993e-15	0.9999999999999977	1.0	0.7834955924306684	-9.319542637573235	0.08908777367086085	0.2984757505574965	0.4938769537286638	2.6975699503527275e-15	0.9999999999999979	1.0	False	False	False	False
sp|P30050|RL12_HUMAN	psvid_109445_sp|P30050|RL12_HUMAN	8.881784197001252e-16	-0.6787751200746268	0.6787751200746286	0.30427716728658705	2.9189782053662408e-15	0.9999999999999978	1.0	0.4999996393265098	-9.715783022304514	0.08577238299230074	0.2928692250686315	0.3414536586727319	2.6011682614635696e-15	0.999999999999998	1.0	False	False	False	False
sp|P49326|FMO5_HUMAN	psvid_67434_sp|P49326|FMO5_HUMAN	8.881784197001252e-16	-0.6787751200746268	0.6787751200746286	0.30427716728658705	2.9189782053662408e-15	0.9999999999999978	1.0	0.4999996393265098	-9.715783022304514	0.08577238299230074	0.2928692250686315	0.3414536586727319	2.6011682614635696e-15	0.999999999999998	1.0	False	False	False	False
sp|Q02928|CP4AB_HUMAN	psvid_28839_sp|Q02928|CP4AB_HUMAN	8.881784197001252e-16	-0.6787751200746268	0.6787751200746286	0.30427716728658705	2.9189782053662408e-15	0.9999999999999978	1.0	0.4999996393265098	-9.715783022304514	0.08577238299230074	0.2928692250686315	0.3414536586727319	2.6011682614635696e-15	0.999999999999998	1.0	False	False	False	False
sp|P00325|ADH1B_HUMAN	psvid_162542_sp|P00325|ADH1B_HUMAN	-4.440892098500626e-16	-0.520948512282303	0.5209485122823021	0.23352761898814617	-1.9016560515379748e-15	0.9999999999999986	1.0	0.3377281184338596	-8.673302433178705	0.10141974916399796	0.3184646749075915	0.2627217483772543	-1.6903404936707957e-15	0.9999999999999987	1.0	False	False	False	False
sp|P08319|ADH4_HUMAN	psvid_56289_sp|P08319|ADH4_HUMAN	4.440892098500626e-16	-0.6787751200746273	0.6787751200746281	0.30427716728658705	1.4594891026831204e-15	0.9999999999999989	1.0	0.49999963932650976	-9.715783022304514	0.08577238299230074	0.2928692250686315	0.3414536586727319	1.3005841307317848e-15	0.999999999999999	1.0	False	False	False	False
sp|P18859|ATP5J_HUMAN	psvid_60821_sp|P18859|ATP5J_HUMAN	4.440892098500626e-16	-0.6787751200746273	0.6787751200746281	0.30427716728658705	1.4594891026831204e-15	0.9999999999999989	1.0	0.4999996393265098	-9.715783022304514	0.08577238299230074	0.2928692250686315	0.3414536586727319	1.3005841307317848e-15	0.999999999999999	1.0	False	False	False	False
sp|P23396|RS3_HUMAN	psvid_64401_sp|P23396|RS3_HUMAN	4.440892098500626e-16	-0.68216692455162	0.6821669245516209	0.305797624692474	1.4522323719703898e-15	0.9999999999999989	1.0	0.49999963932650976	-9.215783382978003	0.0904719033364427	0.30078547726983546	0.3414536586727319	1.3005841307317848e-15	0.999999999999999	1.0	False	False	False	False
sp|P51648|AL3A2_HUMAN	psvid_73585_sp|P51648|AL3A2_HUMAN	4.440892098500626e-16	-0.7667666415296472	0.7667666415296481	0.3437214693856781	1.2920031170696682e-15	0.999999999999999	1.0	0.5773498527197525	-9.465783202641258	0.08750296115836259	0.2958089943838128	0.38177290260184443	1.1632287331644609e-15	0.9999999999999991	1.0	False	False	False	False
sp|P20815|CP3A5_HUMAN	psvid_41984_sp|P20815|CP3A5_HUMAN	-4.440892098500626e-16	-0.8621383241271948	0.8621383241271939	0.38647410507000673	-1.1490788231972731e-15	0.9999999999999991	1.0	0.6580566013124176	-9.069542817909982	0.09279677765803095	0.30462563526077535	0.4250170988662738	-1.0448737498671543e-15	0.9999999999999992	1.0	False	False	False	False
sp|Q9HAW8|UD110_HUMAN	psvid_42124_sp|Q9HAW8|UD110_HUMAN	-4.440892098500626e-16	-0.8621383241271948	0.8621383241271939	0.38647410507000673	-1.1490788231972731e-15	0.9999999999999991	1.0	0.6580566013124176	-9.06954281790998	0.09279677765803095	0.30462563526077535	0.42501709886627387	-1.0448737498671543e-15	0.9999999999999992	1.0	False	False	False	False
sp|P35504|UD15_HUMAN	psvid_62829_sp|P35504|UD15_HUMAN	-4.440892098500626e-16	-0.9673529712120411	0.9673529712120402	0.4336390847889381	-1.0240986696718327e-15	0.9999999999999992	1.0	0.747694590554608	-8.92330225284196	0.09557265696610023	0.3091482766668775	0.4740595821219583	-9.367793133982356e-16	0.9999999999999992	1.0	False	False	False	False
sp|O60656|UD19_HUMAN	psvid_62814_sp|O60656|UD19_HUMAN	0.0	-0.6789111266897812	0.6789111266897812	0.3043381355017841	0.0	1.0	1.0	0.48790506890883917	-8.569543088415132	0.10427925537179031	0.3229229867503865	0.3352754974891188	0.0	1.0	1.0	False	False	False	False
sp|P02679|FIBG_HUMAN	psvid_40573_sp|P02679|FIBG_HUMAN	0.0	-0.7667666415296477	0.7667666415296477	0.3437214693856781	0.0	1.0	1.0	0.5773498527197525	-9.465783202641258	0.08750296115836259	0.2958089943838128	0.38177290260184443	0.0	1.0	1.0	False	False	False	False
sp|P16662|UD2B7_HUMAN	psvid_160990_sp|P16662|UD2B7_HUMAN	0.0	-0.7667666415296477	0.7667666415296477	0.3437214693856781	0.0	1.0	1.0	0.5773498527197525	-9.465783202641258	0.08750296115836259	0.2958089943838128	0.38177290260184443	0.0	1.0	1.0	False	False	False	False
sp|P20813|CP2B6_HUMAN	psvid_58442_sp|P20813|CP2B6_HUMAN	0.0	-0.6789111266897812	0.6789111266897812	0.3043381355017841	0.0	1.0	1.0	0.48790506890883917	-8.569543088415132	0.10427925537179031	0.3229229867503865	0.3352754974891188	0.0	1.0	1.0	False	False	False	False
sp|P22309|UD11_HUMAN	psvid_62824_sp|P22309|UD11_HUMAN	0.0	-0.6789111266897812	0.6789111266897812	0.3043381355017841	0.0	1.0	1.0	0.48790506890883917	-8.569543088415132	0.10427925537179031	0.3229229867503865	0.3352754974891188	0.0	1.0	1.0	False	False	False	False
sp|P22310|UD14_HUMAN	psvid_62822_sp|P22310|UD14_HUMAN	0.0	-0.6789111266897812	0.6789111266897812	0.3043381355017841	0.0	1.0	1.0	0.48790506890883917	-8.569543088415132	0.10427925537179031	0.3229229867503865	0.3352754974891188	0.0	1.0	1.0	False	False	False	False
sp|P27338|AOFB_HUMAN	psvid_86668_sp|P27338|AOFB_HUMAN	0.0	-0.7667666415296477	0.7667666415296477	0.3437214693856781	0.0	1.0	1.0	0.5773498527197525	-9.465783202641258	0.08750296115836259	0.2958089943838128	0.38177290260184443	0.0	1.0	1.0	False	False	False	False
sp|P31513|FMO3_HUMAN	psvid_72482_sp|P31513|FMO3_HUMAN	0.0	-0.40892975871469767	0.40892975871469767	0.18331253595036828	0.0	1.0	1.0	0.16096401137631355	-7.8853019183002155	0.13052359863104776	0.3612804985479396	0.19538929177182401	0.0	1.0	1.0	False	False	False	False
sp|P68371|TBB4B_HUMAN	psvid_40982_sp|P68371|TBB4B_HUMAN	0.0	-0.5209485122823025	0.5209485122823025	0.23352761898814617	0.0	1.0	1.0	0.3377281184338596	-8.673302433178705	0.10141974916399796	0.3184646749075915	0.2627217483772543	0.0	1.0	1.0	False	False	False	False
sp|Q14697|GANAB_HUMAN	psvid_54848_sp|Q14697|GANAB_HUMAN	0.0	-0.6821669245516204	0.6821669245516204	0.305797624692474	0.0	1.0	1.0	0.4999996393265098	-9.215783382978003	0.0904719033364427	0.30078547726983546	0.3414536586727319	0.0	1.0	1.0	False	False	False	False
sp|Q9HDC9|APMAP_HUMAN	psvid_40265_sp|Q9HDC9|APMAP_HUMAN	0.0	-0.6787751200746276	0.6787751200746276	0.304277167286587	0.0	1.0	1.0	0.49999963932650976	-9.715783022304514	0.08577238299230074	0.2928692250686315	0.3414536586727319	0.0	1.0	1.0	False	False	False	False
