feature	first_member_id	log2fc	ci_low	ci_high	se	t	p	q	residual_sd	mean_log2_abundance	prior_variance	prior_sd	notrend_se	notrend_t	notrend_p	notrend_q	hit_q05_trend	hit_q05_notrend	hit_q10_trend	hit_q10_notrend
sp|P46783|RS10_HUMAN	psvid_64450_sp|P46783|RS10_HUMAN	0.5657586014584484	0.3869440557862427	0.744573147130654	0.07164839932423714	7.896318784431855	0.0003202416328923778	0.4875783503813941	0.05345775789214457	5.054656945173901	0.01898102190907151	0.13777162955075878	0.0917494978374206	6.16634003230152	0.0019517200994437563	0.5174616303768038	False	False	False	False
sp|P61966|AP1S1_HUMAN	psvid_87408_sp|P61966|AP1S1_HUMAN	-1.5323207542362414	-2.13432647335723	-0.9303150351152528	0.24121497497258432	-6.35251088540585	0.0009642445616259986	0.4875783503813941	0.321972598959881	1.2661603771181207	0.13130931568378032	0.36236627282872275	0.20055886059117137	-7.640254585210255	0.0007634155512039991	0.41358037486476656	False	False	False	False
sp|Q08722|CD47_HUMAN	psvid_40342_sp|Q08722|CD47_HUMAN	1.146240625180289	0.6500273177483151	1.642453932612263	0.1988254874190178	5.765058796333424	0.0015533274082303586	0.4875783503813941	0.20681547549988508	0.8231203125901445	0.12174447210802845	0.3489190050828823	0.14495319023410339	7.9076605580676	0.0006548747544851826	0.41358037486476656	False	False	False	False
sp|Q02325|PLGB_HUMAN	psvid_44984_sp|Q02325|PLGB_HUMAN	-1.244319980874979	-1.8163903080608186	-0.6722496536891394	0.22922029687056408	-5.428489526726425	0.0020760091490009676	0.4875783503813941	0.2836386693007873	1.6221599904374895	0.13405479209076426	0.36613493699832067	0.18138137350681555	-6.860241251995055	0.0012282479098181703	0.5174616303768038	False	False	False	False
sp|P12694|ODBA_HUMAN	psvid_47964_sp|P12694|ODBA_HUMAN	-0.3950241863873354	-0.5934588558455978	-0.19658951692907295	0.07950989883776839	-4.968239076663156	0.00315491639480184	0.4875783503813941	0.04681406629053905	4.613894651351941	0.024936368864416074	0.15791253548852946	0.0905968380043195	-4.360242532620193	0.008180486661364448	0.5174616303768038	False	False	False	False
sp|O14561|ACPM_HUMAN	psvid_87262_sp|O14561|ACPM_HUMAN	1.500938033715277	0.7463721563398464	2.2555039110907074	0.3023436214061954	4.964344961982124	0.0031664679138706333	0.4875783503813941	0.48499453709806717	2.2929502672182167	0.12119987785036902	0.3481377282777163	0.28588448142199224	5.250155679138637	0.0038549900213180758	0.5174616303768038	False	False	False	False
sp|P06756|ITAV_HUMAN	psvid_73598_sp|P06756|ITAV_HUMAN	-0.8055981053341119	-1.214834124780686	-0.3963620858875378	0.16397494750186303	-4.912934064668378	0.0033236131432050208	0.4875783503813941	0.09896845994796119	2.6295217015691854	0.10550146713940012	0.32480989384469205	0.10298861189481552	-7.82220568383703	0.0006874243052981107	0.41358037486476656	False	False	False	False
sp|Q8NHW5|RLA0L_HUMAN	psvid_64823_sp|Q8NHW5|RLA0L_HUMAN	0.37107902512339463	0.17787315284548288	0.5642848974013064	0.0774147955174268	4.79338636294481	0.0037248504468115357	0.4875783503813941	0.09800816631117036	5.523046614287988	0.014785811452188232	0.12159692205063512	0.10269846256970308	3.6132870525840386	0.01672039533321409	0.5404618371265411	False	False	False	False
sp|Q9P2R3|ANFY1_HUMAN	psvid_38492_sp|Q9P2R3|ANFY1_HUMAN	-0.868482797083103	-1.322839532597052	-0.41412606156915427	0.18205416510934475	-4.7704637603950335	0.0038079771651409267	0.4875783503813941	0.10738334651482431	1.2267226489021295	0.13068635517722887	0.36150567793221294	0.1056149142071518	-8.223107537441837	0.0005496593256983678	0.41358037486476656	False	False	False	False
sp|O00168|PLM_HUMAN	psvid_36643_sp|O00168|PLM_HUMAN	1.1229632740824185	0.5353675762970768	1.7105589718677603	0.23544108807179576	4.7696146975840525	0.003811096759438309	0.4875783503813941	0.3048483459697951	1.3114816370412092	0.1319554506942307	0.36325672835369577	0.1919303216396281	5.850890388184286	0.0024436369466797198	0.5174616303768038	False	False	False	False
sp|Q8WVM8|SCFD1_HUMAN	psvid_86181_sp|Q8WVM8|SCFD1_HUMAN	-0.6387419401058299	-0.9770879408230403	-0.3003959393886194	0.13557034344165997	-4.711516721802065	0.0040316740626966455	0.4875783503813941	0.18216959018753284	3.9366542250103125	0.04096070162669582	0.2023875036327486	0.13411447900286488	-4.762662054498868	0.005749886245011695	0.5174616303768038	False	False	False	False
sp|P36956|SRBP1_HUMAN	psvid_64569_sp|P36956|SRBP1_HUMAN	-1.3304820237218404	-2.0550087167934454	-0.6059553306502354	0.2903073552048973	-4.583011762767064	0.004573456286144582	0.4875783503813941	0.4454221310250297	1.7633203675556102	0.1334569649630106	0.3653176220263821	0.2647891941917251	-5.024683986003154	0.004621634940101726	0.5174616303768038	False	False	False	False
sp|Q8N8J7|F241A_HUMAN	psvid_81790_sp|Q8N8J7|F241A_HUMAN	-1.3304820237218404	-2.0623686723671373	-0.5985953750765438	0.2932563828355643	-4.536924348780066	0.004787683613659848	0.4875783503813941	0.4673721600679338	0.6652410118609202	0.11738266203569743	0.3426115322573037	0.2764684136905174	-4.812419639413856	0.005512657940112479	0.5174616303768038	False	False	False	False
sp|Q7L2H7|EIF3M_HUMAN	psvid_67794_sp|Q7L2H7|EIF3M_HUMAN	-0.8648997243312624	-1.3527988436036633	-0.37700060505886135	0.19549411260789964	-4.424172742562238	0.005361803544144269	0.4875783503813941	0.31114216115747345	3.6286085735550113	0.05247453407876497	0.229073206811196	0.1950908746182359	-4.433317170901733	0.007660855340967747	0.5174616303768038	False	False	False	False
sp|P19827|ITIH1_HUMAN	psvid_43385_sp|P19827|ITIH1_HUMAN	-0.3397751624809495	-0.5349179816821606	-0.1446323432797384	0.07819090210377135	-4.345456483287731	0.005809193000417939	0.4875783503813941	0.0714354187347666	4.915283582350385	0.02060690553539274	0.14355105550079644	0.09553206535941308	-3.5566609096394917	0.01771231573274589	0.5404618371265411	False	False	False	False
sp|P11215|ITAM_HUMAN	psvid_23094_sp|P11215|ITAM_HUMAN	0.9342413985415515	0.38263556068453397	1.485847236398569	0.2210204723099498	4.226945082405808	0.00656525903497495	0.4875783503813941	0.26724584526382894	1.1133613244510647	0.12860776114644343	0.3586192425769195	0.17334934269356442	5.389356452265539	0.003456607306661277	0.5174616303768038	False	False	False	False
sp|P48449|LSS_HUMAN	psvid_31596_sp|P48449|LSS_HUMAN	-0.2392794281327666	-0.38101730979129866	-0.09754154647423452	0.05679231690165839	-4.213235895043743	0.006659723310827202	0.4875783503813941	0.06389839297449955	6.714447614335757	0.009235425349485208	0.09610112043824051	0.09383258076135825	-2.5500676437890926	0.05371900490732613	0.5484103583837773	False	False	False	False
sp|Q15800|MSMO1_HUMAN	psvid_105695_sp|Q15800|MSMO1_HUMAN	-0.8098664836738476	-1.290941749318075	-0.3287912180296202	0.19275989326436935	-4.201426292362173	0.006742337155504146	0.4875783503813941	0.2542965751033774	2.9797352464337434	0.08565743422882599	0.2926729133842522	0.1670903483054546	-4.846877703512512	0.0053551073248552915	0.5174616303768038	False	False	False	False
sp|P0DPH7|TBA3C_HUMAN,sp|P0DPH8|TBA3D_HUMAN	psvid_34681_sp|P0DPH7|TBA3C_HUMAN	-0.24167676582072417	-0.3856285901471745	-0.09772494149427385	0.057679411672140635	-4.190000535970357	0.006823374847861682	0.4875783503813941	0.06932612124491176	6.867279392907608	0.008826933062193504	0.09395175922883778	0.09504051133127135	-2.54288158213228	0.05417688840280882	0.5484103583837773	False	False	False	False
sp|Q6P4E1|GOLM2_HUMAN	psvid_73679_sp|Q6P4E1|GOLM2_HUMAN	-1.201838730514401	-1.9231540243936245	-0.4805234366351774	0.28902059404763064	-4.158315204058911	0.007053949848789059	0.4875783503813941	0.44219692674340566	1.7471599904374895	0.1335794739997704	0.36548525825232736	0.2630781197864897	-4.568372054239233	0.0067987017219464626	0.5174616303768038	False	False	False	False
sp|Q8TCJ2|STT3B_HUMAN	psvid_33161_sp|Q8TCJ2|STT3B_HUMAN	-0.3506835614305923	-0.5630541956783842	-0.13831292718280042	0.08509383814458014	-4.121139310166706	0.007335827979217884	0.4875783503813941	0.08649794643928771	4.757819326407612	0.02271466627536455	0.1507138556184021	0.09938273925732997	-3.5286163779665354	0.018228544702171414	0.5404618371265411	False	False	False	False
sp|Q8NBN3|GPHCC_HUMAN	psvid_49917_sp|Q8NBN3|GPHCC_HUMAN	-1.0	-1.6073981217012123	-0.3926018782987877	0.24337563260774767	-4.1088747845669324	0.007431606352257485	0.4875783503813941	0.33772825725719613	0.896240625180289	0.12364179738513871	0.3516273558543742	0.20857432543001914	-4.794453957543878	0.005596960814873554	0.5174616303768038	False	False	False	False
sp|O75521|ECI2_HUMAN	psvid_38263_sp|O75521|ECI2_HUMAN	-0.5232773510978707	-0.8439684262675747	-0.20258627592816658	0.12849627040743236	-4.072315479964341	0.007725627678941449	0.4875783503813941	0.1299907237280823	3.640193902888467	0.05198721458040615	0.2280070494094561	0.11334748207092515	-4.616576756159781	0.006518890035057897	0.5174616303768038	False	False	False	False
sp|P49257|LMAN1_HUMAN	psvid_37424_sp|P49257|LMAN1_HUMAN	-0.27773663380455904	-0.4481057048468842	-0.10736756276223386	0.06826441992541551	-4.068541622532047	0.007756721439077474	0.4875783503813941	0.09774069743600493	6.783220675948833	0.009045816481952327	0.09510949732782908	0.10261800655172665	-2.706509735838226	0.044740666205040185	0.5404618371265411	False	False	False	False
sp|Q14117|DPYS_HUMAN	psvid_84271_sp|Q14117|DPYS_HUMAN	-0.47414890372016016	-0.7665535800857426	-0.1817442273545778	0.11716231997659023	-4.046940209231928	0.007937451626761047	0.4875783503813941	0.12954324471165918	3.966370845944179	0.040006040240240175	0.20001510003057313	0.11318573187489339	-4.189122567535695	0.00956711732142493	0.5174616303768038	False	False	False	False
sp|P68366|TBA4A_HUMAN	psvid_51224_sp|P68366|TBA4A_HUMAN	-0.20814726395360883	-0.3367981623148414	-0.0794963655923763	0.05154855218604395	-4.037887683098921	0.008014604377371165	0.4875783503813941	0.05315534472209365	7.121799584036131	0.00824184183190302	0.09078459027777247	0.09169404565131907	-2.270019415929376	0.07517522755013124	0.5577584254514466	False	False	False	False
sp|Q6PEY2|TBA3E_HUMAN	psvid_34682_sp|Q6PEY2|TBA3E_HUMAN	-0.2692551489027115	-0.43586737956804533	-0.1026429182373777	0.06675910838313456	-4.033234646536019	0.0080545912869463	0.4875783503813941	0.09107133694967817	6.577905268755359	0.009642232810193083	0.09819487160841488	0.10066355142693643	-2.674802796900546	0.04641637113955533	0.5436802201353921	False	False	False	False
sp|P07148|FABPL_HUMAN	psvid_73804_sp|P07148|FABPL_HUMAN	-1.016699966373786	-1.64681808683646	-0.386581845911112	0.25247920713960637	-4.02686612451064	0.008109687148259388	0.4875783503813941	0.4766201214523413	6.393419010746911	0.010263294278814549	0.10130791814470648	0.28140569716918606	-3.6129331303570873	0.0167263930791566	0.5404618371265411	False	False	False	False
sp|P83111|LACTB_HUMAN	psvid_81051_sp|P83111|LACTB_HUMAN	-0.34680634956130363	-0.5626779751509722	-0.13093472397163505	0.08649663468303014	-4.009477950583712	0.008262301718934592	0.4875783503813941	0.09023923687850606	4.73923881623822	0.02298460203581826	0.1516067347970342	0.1004268411084718	-3.4533232921935224	0.01970224076728002	0.5404618371265411	False	False	False	False
sp|Q9Y5C1|ANGL3_HUMAN	psvid_86071_sp|Q9Y5C1|ANGL3_HUMAN	-0.7398395038756633	-1.212473681745654	-0.2672053260056726	0.18937767161508517	-3.906688141036001	0.009233644520419299	0.4875783503813941	0.14856301273988895	1.9928830260202504	0.1301292878124232	0.36073437292892285	0.12033242513157137	-6.148297128282119	0.001976474475933273	0.5174616303768038	False	False	False	False
sp|O15269|SPTC1_HUMAN	psvid_86951_sp|O15269|SPTC1_HUMAN	-0.8248020045968194	-1.359251872837274	-0.2903521363563649	0.21414632369267067	-3.8515814344799275	0.009807106069570146	0.4875783503813941	0.2591623655486114	2.308641627478699	0.1205931346066494	0.3472652222821188	0.1694327108429028	-4.868021059767921	0.005261056775643453	0.5174616303768038	False	False	False	False
sp|P00387|NB5R3_HUMAN	psvid_29323_sp|P00387|NB5R3_HUMAN	0.23063150810730093	0.07889663411030604	0.38236638210429585	0.06079796698126966	3.793408226599958	0.010456461614392275	0.4875783503813941	0.07213294240147898	6.477906587124844	0.00996800602324821	0.09983990195932792	0.09569728929058655	2.410010877183618	0.06346638410714599	0.5484103583837773	False	False	False	False
sp|Q9UMX5|NENF_HUMAN	psvid_36799_sp|Q9UMX5|NENF_HUMAN	-0.41149798352967903	-0.6829309488738615	-0.1400650181854965	0.1087592590280238	-3.7835673689506204	0.01057103165180072	0.4875783503813941	0.06230085053142707	3.7674341413881254	0.04691545143992277	0.2165997493994921	0.09349301659734637	-4.401376685725196	0.007883085652572503	0.5174616303768038	False	False	False	False
sp|Q96LJ7|DHRS1_HUMAN	psvid_88758_sp|Q96LJ7|DHRS1_HUMAN	-0.29388119429573045	-0.4895507590051168	-0.09821162958634413	0.07840196140194035	-3.748390844319582	0.010992273260878335	0.4875783503813941	0.10595451117008992	5.706765932131121	0.013549078469940279	0.11640050889038363	0.10515862115677425	-2.7946467066889533	0.04042644943098432	0.5404618371265411	False	False	False	False
sp|Q13418|ILK_HUMAN	psvid_43230_sp|Q13418|ILK_HUMAN	-0.9694360624872509	-1.6164000612937643	-0.32247206368073733	0.2592291066738395	-3.739688320212396	0.011099379497715767	0.4875783503813941	0.3707974683517549	1.961440680145755	0.1307637731502526	0.36161273919796105	0.2256007851159603	-4.297130712505962	0.008662678248481957	0.5174616303768038	False	False	False	False
sp|O15229|KMO_HUMAN	psvid_89061_sp|O15229|KMO_HUMAN	-0.4661157743046991	-0.7776656085630465	-0.1545659400463517	0.12483350753389874	-3.7338995235564023	0.0111712750722239	0.4875783503813941	0.16935473505598278	4.172717796408493	0.034090342387704996	0.18463570182309	0.1287067049594971	-3.621534514859826	0.016581328834004493	0.5404618371265411	False	False	False	False
sp|Q9UKS6|PACN3_HUMAN	psvid_30920_sp|Q9UKS6|PACN3_HUMAN	-0.5844674096890956	-0.9776320735914876	-0.1913027457867036	0.1575353880388303	-3.710070587727454	0.011472790579916799	0.4875783503813941	0.17280268539917	3.207678229287545	0.07289106327593012	0.26998345000375507	0.13014466335455416	-4.490905693895618	0.007278429021395972	0.5174616303768038	False	False	False	False
sp|Q9NZ08|ERAP1_HUMAN	psvid_56529_sp|Q9NZ08|ERAP1_HUMAN	-0.23481317547824032	-0.3939523187580783	-0.07567403219840235	0.06376475047355791	-3.6824918741838895	0.011833230346910594	0.4875783503813941	0.046565763926053126	5.474529346572181	0.015145587814663347	0.12306741166800961	0.09055645510261219	-2.5930031736795196	0.051070753201390026	0.5479662261337713	False	False	False	False
sp|Q86VP6|CAND1_HUMAN	psvid_33136_sp|Q86VP6|CAND1_HUMAN	-0.6676730936867602	-1.1202038639008833	-0.21514232347263706	0.18132252725257925	-3.682240170614337	0.011836578045595906	0.4875783503813941	0.19766429173433445	2.77999525823276	0.09713945354347235	0.31167202881149336	0.1408672633121408	-4.739732127877692	0.005863236209441582	0.5174616303768038	False	False	False	False
sp|P26440|IVD_HUMAN	psvid_34697_sp|P26440|IVD_HUMAN	-1.1020647416619456	-1.8563193739545072	-0.34781010936938395	0.30221891000813067	-3.646577712930989	0.012321824426383705	0.4875783503813941	0.48947867384443156	2.4239956449133913	0.11573256279066828	0.34019488942467707	0.288285624258457	-3.8228223987815304	0.01356783440584517	0.5404618371265411	False	False	False	False
sp|P08684|CP3A4_HUMAN	psvid_54083_sp|P08684|CP3A4_HUMAN	-0.33281419533108014	-0.56086162078456	-0.1047667698776002	0.09137530139023162	-3.6422774017428226	0.01238183112602657	0.4875783503813941	0.16108179631693464	10.071758483831964	0.00582177054900004	0.07630052784221115	0.1253112872923874	-2.6558995803349186	0.04744855853673145	0.5479662261337713	False	False	False	False
sp|Q9H0U3|MAGT1_HUMAN	psvid_56110_sp|Q9H0U3|MAGT1_HUMAN	-0.537062739645986	-0.9060060982333629	-0.16811938105860919	0.1478302617089748	-3.632968875501767	0.012512849001183508	0.4875783503813941	0.17247248631214038	3.458191279079137	0.06012690776022854	0.2452078868230558	0.13000639415698734	-4.131048654402827	0.010098763685934053	0.5210481168433118	False	False	False	False
sp|Q6IB77|GLYAT_HUMAN	psvid_52645_sp|Q6IB77|GLYAT_HUMAN	-0.3576297316805144	-0.6069507864974997	-0.10830867686352905	0.09989933664688451	-3.5799009651548825	0.01329013808994141	0.4875783503813941	0.09576029184537538	4.230339519339207	0.03264956317752426	0.18069190125051054	0.10202719962601324	-3.5052391224244848	0.018672108983912215	0.5404618371265411	False	False	False	False
sp|Q7Z2W4|ZCCHV_HUMAN	psvid_62867_sp|Q7Z2W4|ZCCHV_HUMAN	-1.1638379571531385	-1.975931073496512	-0.3517448408097651	0.3253939531009769	-3.576704318140706	0.013338659608087094	0.4875783503813941	0.5278654024207962	1.4124010022984097	0.13310544290431062	0.36483618639645743	0.30891740806748813	-3.7674728803204216	0.01432827538104886	0.5404618371265411	False	False	False	False
sp|P14550|AK1A1_HUMAN	psvid_75053_sp|P14550|AK1A1_HUMAN	-0.32606749246668065	-0.5544625254845683	-0.09767245944879296	0.09151458270814222	-3.5630113017787908	0.01354876172315893	0.4875783503813941	0.0979876832481236	4.6006385287882425	0.025156907618099984	0.15860929234474247	0.10269229561585227	-3.175189438615945	0.02646317981703008	0.5404618371265411	False	False	False	False
sp|P22792|CPN2_HUMAN	psvid_104749_sp|P22792|CPN2_HUMAN	-0.8537593748197109	-1.4545219213940905	-0.2529968282453311	0.24071685373354573	-3.5467370131247815	0.013803304478921197	0.4875783503813941	0.3203474877446992	1.9211996682848345	0.13149218742435265	0.3626185150048914	0.19973611745204345	-4.274436620230681	0.008844128090358257	0.5174616303768038	False	False	False	False
sp|P08240|SRPRA_HUMAN	psvid_27191_sp|P08240|SRPRA_HUMAN	-0.28344962451686473	-0.48408861877214426	-0.0828106302615852	0.08039313986664151	-3.525793680742651	0.014138785735027967	0.4875783503813941	0.07625098231272194	4.861638571754918	0.021290432438443363	0.14591241358583362	0.0966993401523159	-2.931246728988939	0.03463026700840993	0.5404618371265411	False	False	False	False
sp|Q13085|ACACA_HUMAN	psvid_30800_sp|Q13085|ACACA_HUMAN	-0.6148579046593246	-1.0523516102594552	-0.17736419905919382	0.17529739318936557	-3.5075131094226957	0.014439080749431002	0.4875783503813941	0.13485402404597133	2.4961508278705296	0.11235149439859392	0.335188744439001	0.11512615533768811	-5.34073167696622	0.0035899760628080434	0.5174616303768038	False	False	False	False
sp|P62266|RS23_HUMAN	psvid_40300_sp|P62266|RS23_HUMAN	0.6001344823959323	0.17199225475080254	1.028276710041062	0.17155039137654907	3.498298532462402	0.014593147068298444	0.4875783503813941	0.27613766363600595	4.018235961265617	0.03840321466084526	0.19596738162471136	0.17769193116551787	3.3773873605825933	0.021328645713721846	0.5404618371265411	False	False	False	False
sp|Q5HYI8|RABL3_HUMAN	psvid_64949_sp|Q5HYI8|RABL3_HUMAN	-0.6714850371114943	-1.1520309306265337	-0.19093914359645486	0.1925477815171924	-3.4873683395388175	0.01477828561316579	0.4875783503813941	0.23020966882499758	2.7467065659994283	0.09902714304688484	0.31468578462791236	0.15568278621386064	-4.313161740239404	0.008537120884621462	0.5174616303768038	False	False	False	False
sp|P00747|PLMN_HUMAN	psvid_23689_sp|P00747|PLMN_HUMAN	-0.2699947696523093	-0.4633522800866477	-0.07663725921797088	0.07747555473107805	-3.4849026972375494	0.014820411233737927	0.4875783503813941	0.11452484992256477	6.2781858547160905	0.010698253050545841	0.1034323597842853	0.10795607132005874	-2.500968832515703	0.05693477155416934	0.5484103583837773	False	False	False	False
sp|Q9Y282|ERGI3_HUMAN	psvid_49848_sp|Q9Y282|ERGI3_HUMAN	-0.5500915287516126	-0.9444053678804986	-0.15577768962272664	0.15799584591272325	-3.4816834934728766	0.01487561356892363	0.4875783503813941	0.1892434617859198	3.328625544575998	0.06652285725876177	0.25792025368078747	0.13717009694502527	-4.010287526238879	0.011318435180884923	0.5404618371265411	False	False	False	False
sp|Q9H7Z7|PGES2_HUMAN	psvid_80086_sp|Q9H7Z7|PGES2_HUMAN	-0.7251160816122714	-1.245467379408851	-0.20476478381569152	0.2084972306545945	-3.4778211649896202	0.014942147456349546	0.4875783503813941	0.24674165506000872	2.3817619400688432	0.11759227456416863	0.3429172998904672	0.16347749815707038	-4.435571193508078	0.00764545150504455	0.5174616303768038	False	False	False	False
sp|P49748|ACADV_HUMAN	psvid_55352_sp|P49748|ACADV_HUMAN	-0.233906077326552	-0.4020045096334699	-0.06580764501963413	0.0673546078616152	-3.4727553875323354	0.015029916885140592	0.4875783503813941	0.06409730016589209	5.5057440150599755	0.014912421922824777	0.12211642773527556	0.09387537378606538	-2.4916660024130035	0.05756765296391793	0.5484103583837773	False	False	False	False
sp|P63104|1433Z_HUMAN	psvid_19362_sp|P63104|1433Z_HUMAN	-0.3614792030407039	-0.6213931262046677	-0.10156527987674013	0.1041437456151833	-3.4709641074019832	0.015061090216935783	0.4875783503813941	0.03329054735886006	3.794571406596492	0.045900218912202875	0.21424336375300607	0.0886904665536756	-4.075739108012654	0.010637350296707046	0.5360729789061435	False	False	False	False
sp|Q9Y2D2|S35A3_HUMAN	psvid_58610_sp|Q9Y2D2|S35A3_HUMAN	-1.3729632740824185	-2.3654496092666295	-0.38047693889820733	0.3976749039056509	-3.452476534471374	0.015387079002977927	0.4875783503813941	0.692272793930172	0.9364816370412092	0.12464377611851768	0.3530492545219685	0.39839767345756394	-3.4462130819362384	0.019848340489377447	0.5404618371265411	False	False	False	False
sp|P50579|MAP2_HUMAN	psvid_50381_sp|P50579|MAP2_HUMAN	-0.45725942216728344	-0.788469233279206	-0.12604961105536078	0.13271097559453632	-3.445528300269	0.015511626695768407	0.4875783503813941	0.18376544413078885	4.068155137943854	0.03693524296153803	0.19218543899457635	0.13479964112344528	-3.3921412427837225	0.021000957190737905	0.5404618371265411	False	False	False	False
sp|O15245|S22A1_HUMAN	psvid_56180_sp|O15245|S22A1_HUMAN	-0.6360801290559523	-1.0971877033641162	-0.1749725547477884	0.18475912846611858	-3.4427534614215163	0.015561679985971773	0.4875783503813941	0.15273492376059503	2.2947627134301056	0.12113047885892018	0.3480380422581994	0.12196918405040597	-5.215088827626171	0.00396375381951188	0.5174616303768038	False	False	False	False
sp|Q9Y3B3|TMED7_HUMAN	psvid_61444_sp|Q9Y3B3|TMED7_HUMAN	-0.2835063381289993	-0.4894716428706768	-0.0775410333873218	0.08252731535678247	-3.4353030497035237	0.01569696647713225	0.4875783503813941	0.030045361435222743	4.414322633278848	0.02858010651057099	0.1690565186870089	0.08832412148377727	-3.209840453166258	0.02549093331862764	0.5404618371265411	False	False	False	False
sp|P22830|HEMH_HUMAN	psvid_52142_sp|P22830|HEMH_HUMAN	-0.45356032691071135	-0.7834083066215813	-0.12371234719984131	0.13216530947063065	-3.4317653303077997	0.015761664390666813	0.4875783503813941	0.1889824013817457	4.175485656788161	0.03401914320232064	0.18444279113676587	0.1370564932426941	-3.309294701620339	0.02291884749476763	0.5404618371265411	False	False	False	False
sp|P10301|RRAS_HUMAN	psvid_90151_sp|P10301|RRAS_HUMAN	-0.6963321539319014	-1.203879933369839	-0.1887843744939638	0.20336704623549892	-3.424016657672006	0.015904414273187478	0.4875783503813941	0.22858670374865644	2.359264606805564	0.11854557459993331	0.34430447949443427	0.15492643304951886	-4.494598760363469	0.007254676921603755	0.5174616303768038	False	False	False	False
sp|Q15165|PON2_HUMAN	psvid_29605_sp|Q15165|PON2_HUMAN	-0.21266776021331912	-0.3676806753208364	-0.05765484510580182	0.062111430590200675	-3.423971371975962	0.01590525277613096	0.4875783503813941	0.048997935334089415	5.641559728891513	0.013966477076584511	0.11817985055238693	0.09096045370681169	-2.3380244001288797	0.06921780604955412	0.5484103583837773	False	False	False	False
sp|Q9H0C2|ADT4_HUMAN	psvid_79092_sp|Q9H0C2|ADT4_HUMAN	0.5096654050922765	0.13471560328388865	0.8846152069006644	0.150236956537964	3.3924103418820724	0.01650180220613928	0.4875783503813941	0.0882272861806792	2.9202772269891346	0.08907936153954367	0.2984616584078157	0.09986121576041622	5.103737233833095	0.004333948088748759	0.5174616303768038	False	False	False	False
sp|O60313|OPA1_HUMAN	psvid_38847_sp|O60313|OPA1_HUMAN	-0.348100325708953	-0.6047450271041517	-0.09145562431375426	0.10283381578879573	-3.3850764268428546	0.016643968160400847	0.4875783503813941	0.13714706907060886	4.678442573985885	0.02390198111785721	0.15460265559768763	0.1159776578631259	-3.0014429686084263	0.03201972494437837	0.5404618371265411	False	False	False	False
sp|Q5T9A4|ATD3B_HUMAN	psvid_58162_sp|Q5T9A4|ATD3B_HUMAN	-0.4402514028316056	-0.7678882518896795	-0.11261455377353169	0.13127934143389156	-3.3535467044775156	0.017270899355372293	0.4875783503813941	0.16770438890723	3.907318049665932	0.04192944751991839	0.20476681254519344	0.12802308507567756	-3.438843881721506	0.0200010747758362	0.5404618371265411	False	False	False	False
sp|P21589|5NTD_HUMAN	psvid_58869_sp|P21589|5NTD_HUMAN	-0.41795322866023876	-0.7300362476810915	-0.10587020963938593	0.12504714694804137	-3.3423651707455866	0.01749950975897405	0.4875783503813941	0.14441661383651566	3.860635750225001	0.04352552136881233	0.20862770997356112	0.11872914818183368	-3.5202242672552777	0.018386370119959753	0.5404618371265411	False	False	False	False
sp|Q9BUR5|MIC26_HUMAN	psvid_77802_sp|Q9BUR5|MIC26_HUMAN	-0.6711245435680175	-1.1730222124733682	-0.16922687466266684	0.20110312875527914	-3.3372158241491303	0.017605920620222024	0.4875783503813941	0.24024803167280528	2.5798822526589875	0.10813029400930843	0.32883171077210366	0.16039686411440135	-4.184150028577523	0.0096113405160295	0.5174616303768038	False	False	False	False
sp|O75381|PEX14_HUMAN	psvid_55422_sp|O75381|PEX14_HUMAN	-0.5594332418677337	-0.9783684139889537	-0.14049806974651363	0.16786125754072131	-3.3327120865398094	0.017699580297364872	0.4875783503813941	0.23565124518455596	3.5183565826838246	0.05732308117367819	0.23942239071080673	0.158230677417671	-3.5355548683586493	0.018099231969087737	0.5404618371265411	False	False	False	False
sp|P05107|ITB2_HUMAN	psvid_889170_sp|P05107|ITB2_HUMAN	-0.5490993032008764	-0.9616096929443775	-0.13658891345737534	0.1652869402689375	-3.3220973315099176	0.017922524392494477	0.4875783503813941	0.2131481672813433	3.3493516561972574	0.06546838753121521	0.25586791031939743	0.1478192135991387	-3.714668004458088	0.01510004445425532	0.5404618371265411	False	False	False	False
sp|Q9NQR4|NIT2_HUMAN	psvid_90393_sp|Q9NQR4|NIT2_HUMAN	-0.5693834938822275	-0.9975268898198062	-0.14124009794464892	0.17155085949441717	-3.3190360897070126	0.017987399144257312	0.4875783503813941	0.20328204350330412	3.088271527141305	0.07948328315467398	0.2819277977686379	0.14336750169287937	-3.971496239796073	0.011745991612463596	0.5404618371265411	False	False	False	False
sp|P27169|PON1_HUMAN	psvid_99075_sp|P27169|PON1_HUMAN	-0.25228954937861503	-0.442250680255895	-0.06232841850133505	0.07611467462008928	-3.3145980146123772	0.018081916232203277	0.4875783503813941	0.09755367836438901	5.633204427411768	0.014021614293852073	0.11841289749791648	0.10256184349390146	-2.4598772875374135	0.05978934260263971	0.5484103583837773	False	False	False	False
sp|A3KMH1|VWA8_HUMAN	psvid_23430_sp|A3KMH1|VWA8_HUMAN	-0.6489024362301662	-1.1376779678177604	-0.16012690464257195	0.1958452783326766	-3.3133422554507277	0.018108760074461112	0.4875783503813941	0.23051632884310588	2.649253222711903	0.10443495089659055	0.32316396905687145	0.15582588618765975	-4.164278812114046	0.009790460011743867	0.5174616303768038	False	False	False	False
sp|P08519|APOA_HUMAN	psvid_882150_sp|P08519|APOA_HUMAN	-0.5758310317148774	-1.011490647726294	-0.14017141570346076	0.17456250004767726	-3.2987098120020275	0.018424838079811063	0.4875783503813941	0.28180176127721357	3.9913608136616983	0.03922377176660899	0.19804992241000496	0.18047575151265818	-3.190628252762753	0.026024875179070494	0.5404618371265411	False	False	False	False
sp|P56134|ATPK_HUMAN	psvid_86283_sp|P56134|ATPK_HUMAN	0.778869304354984	0.18906146442407434	1.3686771442858938	0.23632746139904276	3.295720690875829	0.018490157840501894	0.4875783503813941	0.36917472139834107	3.02999525823276	0.08278260370511804	0.2877196616589107	0.2247595529233945	3.465344605932939	0.01945802538241039	0.5404618371265411	False	False	False	False
sp|P50135|HNMT_HUMAN	psvid_60196_sp|P50135|HNMT_HUMAN	-0.8349625007211561	-1.4691056958360513	-0.20081930560626093	0.2540919962721016	-3.286063760257182	0.018702950115811745	0.4875783503813941	0.35355339059327373	1.667481250360578	0.13397747466449683	0.36602933579768826	0.2166905253596604	-3.8532487718846733	0.013169751575942346	0.5404618371265411	False	False	False	False
sp|P01860|IGHG3_HUMAN	psvid_1265178_sp|P01860|IGHG3_HUMAN	-0.778869304354984	-1.3705182779499023	-0.18722033076006583	0.23706517699970756	-3.2854648422528325	0.018716236677659	0.4875783503813941	0.3363288905437444	2.5123979262599105	0.1115561476817324	0.33400022108036453	0.20785967790562207	-3.7470918467824568	0.014620624263536938	0.5404618371265411	False	False	False	False
sp|Q8NHH9|ATLA2_HUMAN	psvid_79320_sp|Q8NHH9|ATLA2_HUMAN	-0.2741127278702169	-0.4826287186588099	-0.06559673708162389	0.0835493383233882	-3.280848578467841	0.018818997574825764	0.4875783503813941	0.05471846262689924	4.503712904989863	0.026859141201351203	0.16388758708746431	0.09198368732906935	-2.980014563773525	0.032792312856499764	0.5404618371265411	False	False	False	False
sp|P51148|RAB5C_HUMAN	psvid_56495_sp|P51148|RAB5C_HUMAN	-0.44959153470758717	-0.7916906501180705	-0.10749241929710385	0.13707416215642057	-3.2799145195178436	0.01883986642101607	0.4875783503813941	0.19999988542365313	4.148167506728624	0.03473095443012756	0.186362427624582	0.1419035715946007	-3.1682890688051835	0.026661789894689716	0.5404618371265411	False	False	False	False
sp|Q16696|CP2AD_HUMAN	psvid_64463_sp|Q16696|CP2AD_HUMAN	0.21416807659360027	0.05098363729078573	0.37735251589641483	0.0653856420165216	3.2754603302585057	0.018939736428310733	0.4875783503813941	0.0981817957384033	7.69233457347519	0.007269671385025842	0.08526236792997155	0.10275077506084145	2.084345120188005	0.09444411942090962	0.5615029827479354	False	False	False	False
sp|P47985|UCRI_HUMAN	psvid_62708_sp|P47985|UCRI_HUMAN	-0.267777533705412	-0.4725009304315625	-0.06305413697926154	0.08202970079703874	-3.2643972988266556	0.01919033921066411	0.4875783503813941	0.05943975691625179	4.602237778731271	0.025130150510323166	0.15852492078636457	0.09290344072970708	-2.882320951755522	0.036591592829315386	0.5404618371265411	False	False	False	False
sp|O94905|ERLN2_HUMAN	psvid_28780_sp|O94905|ERLN2_HUMAN	-0.33766583720384413	-0.5973977691831338	-0.07793390522455446	0.10407082438260683	-3.244577327094544	0.01964855941183752	0.4875783503813941	0.1665819323093549	5.562878340315892	0.014501287622138512	0.12042129222915071	0.12755988772605645	-2.6471161367671043	0.047936826738145276	0.5479662261337713	False	False	False	False
sp|Q14678|KANK1_HUMAN	psvid_34616_sp|Q14678|KANK1_HUMAN	1.1360801290559526	0.2612474009592338	2.0109128571526713	0.3505328070988595	3.241009417801935	0.019732328396961697	0.4875783503813941	0.588646028505269	2.110521314888554	0.12724526890528562	0.35671454821087073	0.3418201643291304	3.323619398772649	0.022573361773072693	0.5404618371265411	False	False	False	False
sp|Q969X5|ERGI1_HUMAN	psvid_44747_sp|Q969X5|ERGI1_HUMAN	-0.33036940755088473	-0.5850807179277886	-0.07565809717398086	0.10205913400209914	-3.2370391026842316	0.019826011055855394	0.4875783503813941	0.14973520051676958	5.056223006839946	0.018963900321870404	0.13770947796673402	0.12078995572306565	-2.7350735048559875	0.04328862849523826	0.5404618371265411	False	False	False	False
sp|P31689|DNJA1_HUMAN	psvid_11314_sp|P31689|DNJA1_HUMAN	-0.31105825747146043	-0.5510602702910838	-0.07105624465183705	0.09616533145264092	-3.2346195117587575	0.01988334494160573	0.4875783503813941	0.09735540211757647	4.388767351784409	0.029100999726605813	0.1705901513177294	0.1025023837990188	-3.0346441316073864	0.030862949117219037	0.5404618371265411	False	False	False	False
sp|Q13347|EIF3I_HUMAN	psvid_73822_sp|Q13347|EIF3I_HUMAN	-0.3117412749455395	-0.5530944760872456	-0.07038807380383336	0.0967067330489087	-3.223573634608034	0.020147429759787186	0.4875783503813941	0.07256461328520945	4.156574391374534	0.03450973265917418	0.185767953800364	0.09580020002721859	-3.2540774952136644	0.02430826916399727	0.5404618371265411	False	False	False	False
sp|O75348|VATG1_HUMAN	psvid_99175_sp|O75348|VATG1_HUMAN	0.701838730514401	0.15816429175451008	1.245513169274292	0.21784247553359948	3.221771735724474	0.02019087720394215	0.4875783503813941	0.25184360141698175	1.8934006156177785	0.13194082082662364	0.3632365907044934	0.16591403347194203	4.230134822399396	0.009211284695308323	0.5174616303768038	False	False	False	False
sp|Q16698|DECR_HUMAN	psvid_45398_sp|Q16698|DECR_HUMAN	0.21120875257504101	0.04713781052402777	0.37527969462605426	0.06574085083170049	3.2127474759300703	0.020410038104090644	0.4875783503813941	0.0890428436622745	6.629111874217146	0.009484738495970398	0.0973896221163754	0.10008934310045045	2.1102022056740872	0.09146970558993514	0.5615029827479354	False	False	False	False
sp|Q01518|CAP1_HUMAN	psvid_53378_sp|Q01518|CAP1_HUMAN	-0.6390732894724718	-1.137149790621837	-0.14099678832310647	0.19957204216365687	-3.202218519908749	0.020669078712544645	0.4875783503813941	0.2879980252610081	3.154499145457392	0.07579466806977367	0.2753083145670934	0.18353592955035958	-3.4820064443955068	0.01912525881374374	0.5404618371265411	False	False	False	False
sp|P08603|CFAH_HUMAN	psvid_25506_sp|P08603|CFAH_HUMAN	-0.2708393730807248	-0.482579685042847	-0.059099061118602636	0.08484127713139826	-3.1923066488174294	0.020916267558741333	0.4875783503813941	0.12937467292125573	6.058894142257618	0.011641982429070254	0.10789801865219886	0.11312488309137682	-2.39416267826729	0.06468629146168382	0.5484103583837773	False	False	False	False
sp|Q9NVI7|ATD3A_HUMAN	psvid_46364_sp|Q9NVI7|ATD3A_HUMAN	-0.31704207647030214	-0.5650436604179262	-0.0690404925226781	0.09937064377467265	-3.19050037744758	0.020961665139033088	0.4875783503813941	0.12114337475256721	4.567790452521066	0.02571580390937561	0.16036147888247854	0.11021177119711563	-2.87666256541025	0.03682637522378451	0.5404618371265411	False	False	False	False
sp|O60716|CTND1_HUMAN	psvid_28051_sp|O60716|CTND1_HUMAN	-0.29098717458773926	-0.5224001093688515	-0.05957423980662699	0.09272381224727162	-3.1382140955523696	0.022324226102770614	0.4875783503813941	0.1028142189063121	4.6108561979459575	0.024986668539404365	0.15807171960665312	0.10417048744842018	-2.7933744164518863	0.04048531952800168	0.5404618371265411	False	False	False	False
sp|P62330|ARF6_HUMAN	psvid_88144_sp|P62330|ARF6_HUMAN	-0.5335105954848439	-0.9586608098137012	-0.10836038115598667	0.1703515349632643	-3.131821474927676	0.022497426059718478	0.4875783503813941	0.25437744982372124	3.6836717919866935	0.05019634468268378	0.22404540763578212	0.16712918393468668	-3.1922048736463493	0.025980581856748338	0.5404618371265411	False	False	False	False
sp|P27695|APEX1_HUMAN	psvid_60122_sp|P27695|APEX1_HUMAN	-0.479596558611587	-0.8649859530918171	-0.09420716413135694	0.1544199501625749	-3.1057940253617673	0.023218085494770103	0.4875783503813941	0.06437541282690709	2.7488416824441644	0.09890655834989787	0.31449413086717193	0.0939353972396923	-5.105599941072416	0.0043274283543256395	0.5174616303768038	False	False	False	False
sp|CATD_HUMAN|,sp|P07339|CATD_HUMAN	psvid_24407_sp|CATD_HUMAN|	-0.20223999155049888	-0.3652901713057785	-0.03918981179521924	0.06533184615982152	-3.0955805390185747	0.02350780981318768	0.4875783503813941	0.06672292009920995	5.740742224149775	0.013340348452019759	0.1155004261984334	0.09445082144089713	-2.1412200388013685	0.08803290248430476	0.5615029827479354	False	False	False	False
sp|Q16878|CDO1_HUMAN	psvid_51126_sp|Q16878|CDO1_HUMAN	0.75	0.14484643257674878	1.355153567423251	0.24247627220835885	3.093086153005223	0.023579172016724458	0.4875783503813941	0.3535533905932738	0.375	0.10887396708237237	0.3299605538278362	0.2166905253596604	3.4611573291225297	0.019542694401722214	0.5404618371265411	False	False	False	False
sp|Q5UCC4|EMC10_HUMAN	psvid_107450_sp|Q5UCC4|EMC10_HUMAN	-0.75	-1.355153567423251	-0.14484643257674878	0.24247627220835885	-3.093086153005223	0.023579172016724458	0.4875783503813941	0.3535533905932738	0.375	0.10887396708237237	0.3299605538278362	0.2166905253596604	-3.4611573291225297	0.019542694401722214	0.5404618371265411	False	False	False	False
sp|Q14195|DPYL3_HUMAN	psvid_62000_sp|Q14195|DPYL3_HUMAN	-0.896240625180289	-1.6196730349400295	-0.17280821542054858	0.2898688917263946	-3.09188274686007	0.02361368581926403	0.4875783503813941	0.4653165760708938	0.4481203125901445	0.11104046279293582	0.33322734400546394	0.27537226854204405	-3.2546509854657	0.024293353132993554	0.5404618371265411	False	False	False	False
sp|P38405|GNAL_HUMAN	psvid_65187_sp|P38405|GNAL_HUMAN	-0.6704560099934365	-1.21791336930413	-0.12299865068274296	0.2193582370239014	-3.056443282411972	0.024655486222372593	0.4875783503813941	0.26511407973951545	2.1277092553572965	0.12675661005431146	0.356028945528747	0.17231348060952675	-3.8909086371061834	0.01269562444821667	0.5404618371265411	False	False	False	False
sp|P40763|STAT3_HUMAN	psvid_52586_sp|P40763|STAT3_HUMAN	-0.4331000746336431	-0.7873401667421774	-0.07885998252510873	0.1419388757253203	-3.051313971739336	0.024810421344298235	0.4875783503813941	0.2112863083960747	4.131367847857175	0.03517887570842633	0.18756032551802188	0.14697344692555991	-2.946791299335876	0.03403210811308656	0.5404618371265411	False	False	False	False
sp|P02452|CO1A1_HUMAN	psvid_883224_sp|P02452|CO1A1_HUMAN	-0.6609640474436809	-1.201690504104979	-0.12023759078238272	0.21666126179169354	-3.0506793968510952	0.02482966360628128	0.4875783503813941	0.2475268308797174	1.8729632740824185	0.1322423723226554	0.36365144344915695	0.16385157005537174	-4.033919523751379	0.011066831934211813	0.5404618371265411	False	False	False	False
sp|Q8N490|PNKD_HUMAN	psvid_34791_sp|Q8N490|PNKD_HUMAN	-0.3842352464645531	-0.6986048073762574	-0.06986568555284878	0.12596333117596006	-3.0503738101988516	0.024838935793911273	0.4875783503813941	0.10602347478996316	3.55129550876658	0.055834835120959554	0.2362939591292159	0.1051805492300743	-3.653101731044095	0.016061226213264303	0.5404618371265411	False	False	False	False
sp|Q16891|MIC60_HUMAN	psvid_51004_sp|Q16891|MIC60_HUMAN	-0.18646309512531856	-0.33917384736907186	-0.033752342881565284	0.06118898726461817	-3.047330957104085	0.02493147104883907	0.4875783503813941	0.03660897674537281	5.532305471701729	0.014718818103078896	0.12132113625860456	0.08910209278035885	-2.0926904105940527	0.09347303238532959	0.5615029827479354	False	False	False	False
sp|P18827|SDC1_HUMAN	psvid_104949_sp|P18827|SDC1_HUMAN	-0.75	-1.3685703805864045	-0.13142961941359554	0.24785219497548366	-3.025997006297186	0.025591005780595855	0.4875783503813941	0.3535533905932738	0.771240625180289	0.12034623512854109	0.3469095489151907	0.2166905253596604	-3.4611573291225297	0.019542694401722214	0.5404618371265411	False	False	False	False
sp|Q02818|NUCB1_HUMAN	psvid_56539_sp|Q02818|NUCB1_HUMAN	-0.2614548980532161	-0.4773482917462849	-0.045561504360147304	0.0865053568468736	-3.022412802897597	0.025703682403617045	0.4875783503813941	0.13682230184805375	6.315986682410822	0.010551281477564331	0.10271943086662977	0.11585656836715583	-2.256711913170526	0.07640477487353306	0.5577584254514466	False	False	False	False
sp|P53618|COPB_HUMAN	psvid_26587_sp|P53618|COPB_HUMAN	-0.37437491486770424	-0.6852449046123494	-0.063504925123059	0.12456110368099621	-3.0055523257604304	0.026241094459126476	0.4875783503813941	0.18317425979212643	4.440256293647883	0.028064959084826334	0.16752599525096495	0.13454553317627432	-2.782514632999509	0.04099173424417882	0.5404618371265411	False	False	False	False
sp|P04406|G3P_HUMAN	psvid_31422_sp|P04406|G3P_HUMAN	-0.232619353981534	-0.42675848560012186	-0.038480222362946126	0.07778873902220416	-2.99039882771637	0.026734646740625662	0.4875783503813941	0.10731195340321649	5.834838890601895	0.01279174828761648	0.11310061134943736	0.10559201710608151	-2.203001328668968	0.08159263750390056	0.5615029827479354	False	False	False	False
sp|Q99653|CHP1_HUMAN	psvid_31111_sp|Q99653|CHP1_HUMAN	-0.36198803043789474	-0.6656746942151683	-0.05830136666062108	0.12168284897609163	-2.974848415235729	0.027251746503130843	0.4875783503813941	0.13802904527125626	3.904177148371912	0.04203472715060847	0.20502372338490116	0.11630731031771252	-3.112341171411023	0.028336149596627266	0.5404618371265411	False	False	False	False
sp|P25705|ATPA_HUMAN	psvid_64446_sp|P25705|ATPA_HUMAN	0.20081674669891725	0.03210551799645342	0.36952797540138105	0.0676001465043888	2.9706554953380118	0.02739304631279017	0.4875783503813941	0.10393123886423941	7.755891659986091	0.0071847108712215155	0.08476267380882646	0.10451963165709202	1.921330409561304	0.11571774865787998	0.5703244574634503	False	False	False	False
sp|O95197|RTN3_HUMAN	psvid_52886_sp|O95197|RTN3_HUMAN	0.4444018946658881	0.07005508457774773	0.8187487047540285	0.14999534648661672	2.962771213075865	0.027660925576155935	0.4875783503813941	0.06853012160080989	2.862761553388212	0.09239507757289628	0.3039655861654347	0.09485819434766392	4.684907800765369	0.006145061574025478	0.5174616303768038	False	False	False	False
sp|Q9HCL2|GPAT1_HUMAN	psvid_31164_sp|Q9HCL2|GPAT1_HUMAN	-1.25	-2.303392307750423	-0.19660769224957697	0.42207904523123707	-2.9615305808777697	0.02770333881225972	0.4875783503813941	0.7508654231715148	2.4979632740824185	0.11226337370941639	0.33505726929797597	0.4305800330496057	-2.903060764677845	0.035745312580305194	0.5404618371265411	False	False	False	False
sp|Q9NXA8|SIR5_HUMAN	psvid_80693_sp|Q9NXA8|SIR5_HUMAN	-0.5703215275975041	-1.0509467345438006	-0.0896963206512077	0.19257956126068648	-2.9614852368756046	0.027704890328858315	0.4875783503813941	0.16820993920110153	2.07764201415933	0.12813236335006906	0.35795581200766813	0.12823217347104457	-4.447569686762623	0.007564062092605866	0.5174616303768038	False	False	False	False
sp|P02652|APOA2_HUMAN	psvid_85363_sp|P02652|APOA2_HUMAN	0.37250498461768033	0.05838502587226124	0.6866249433630994	0.12586331920201818	2.959599246066183	0.027769506974423822	0.4875783503813941	0.08897391484859207	3.4685732465450814	0.05963531233376206	0.2442034240827963	0.10007000135591701	3.72244408484416	0.01498343215414756	0.5404618371265411	False	False	False	False
sp|P50990|TCPQ_HUMAN	psvid_85860_sp|P50990|TCPQ_HUMAN	-0.276701681631755	-0.5105519642731546	-0.04285139899035534	0.09370042224356395	-2.953046261760693	0.027995309244118666	0.4875783503813941	0.0921943045357766	4.432647321336017	0.028214722602755517	0.16797238642930426	0.10098555581391423	-2.7400124641749	0.043042925799798216	0.5404618371265411	False	False	False	False
sp|P62750|RL23A_HUMAN	psvid_46391_sp|P62750|RL23A_HUMAN	0.20781487867888226	0.03122731410570892	0.38440244325205564	0.07075608024319607	2.9370603623688694	0.02855464049802221	0.4875783503813941	0.014048123163235813	4.841432489041724	0.021556866003951375	0.14682256639887267	0.08705515255932038	2.3871634540790083	0.0652331912363174	0.5484103583837773	False	False	False	False
sp|P15907|SIAT1_HUMAN	psvid_84701_sp|P15907|SIAT1_HUMAN	-0.2691553204007284	-0.4981054788599604	-0.040205161941496426	0.0917370134346078	-2.9339882597397655	0.028663527001480775	0.4875783503813941	0.07590458532576762	4.353106873811492	0.029850630925794663	0.17277335131840982	0.09661331776674088	-2.7859028819460034	0.04083297640526129	0.5404618371265411	False	False	False	False
sp|Q9UJS0|S2513_HUMAN	psvid_50176_sp|Q9UJS0|S2513_HUMAN	-0.16082480492391804	-0.2977448628285222	-0.02390474701931386	0.05486188468263743	-2.9314487800455664	0.02875387884904148	0.4875783503813941	0.05303753491737691	6.531287136112289	0.00979102552718177	0.09894961105118995	0.09167251949428701	-1.7543404044212025	0.14276112600713206	0.5941131232648971	False	False	False	False
sp|P36406|TRI23_HUMAN	psvid_34633_sp|P36406|TRI23_HUMAN	-1.160964047443681	-2.15180666223989	-0.17012143264747226	0.3970162889462568	-2.92422270765026	0.029012685546568478	0.4875783503813941	0.6850699865376721	1.5804820237218404	0.1340336442236267	0.3661060559778091	0.39444979279740244	-2.9432492262455723	0.03416737699506363	0.5404618371265411	False	False	False	False
sp|P11509|CP2A6_HUMAN	psvid_659594_sp|P11509|CP2A6_HUMAN	0.1610601990259144	0.023364505560991844	0.29875589249083695	0.05517267062092258	2.919202518444651	0.029193988345490647	0.4875783503813941	0.07795665951314298	9.09382193306203	0.006100756596057342	0.07810734021881262	0.09712749282617075	1.658234906919343	0.16118344078406238	0.6052180781926458	False	False	False	False
sp|Q16777|H2A2C_HUMAN	psvid_48129_sp|Q16777|H2A2C_HUMAN	-0.5819395806972736	-1.0817994740465586	-0.08207968734798854	0.20028662159572286	-2.9055339595867493	0.029693940430876087	0.4875783503813941	0.3417761344024965	4.058762048826059	0.037205943998245825	0.1928884237020092	0.21064441303169104	-2.762663259479481	0.041935861543148066	0.5404618371265411	False	False	False	False
sp|Q6FI13|H2A2A_HUMAN	psvid_48118_sp|Q6FI13|H2A2A_HUMAN	-0.5819395806972736	-1.0817994740465586	-0.08207968734798854	0.20028662159572286	-2.9055339595867493	0.029693940430876087	0.4875783503813941	0.3417761344024965	4.058762048826059	0.037205943998245825	0.1928884237020092	0.21064441303169104	-2.762663259479481	0.041935861543148066	0.5404618371265411	False	False	False	False
sp|Q9H078|CLPB_HUMAN	psvid_39230_sp|Q9H078|CLPB_HUMAN	-1.055598105334112	-1.9624009227210826	-0.14879528794714125	0.3633427589698807	-2.9052405181456105	0.029704775794679526	0.4875783503813941	0.6209805195154172	2.2970029519297634	0.12104445239881825	0.34791443258194715	0.3594180931569816	-2.9369642915362713	0.03440888737245179	0.5404618371265411	False	False	False	False
sp|P07360|CO8G_HUMAN	psvid_94344_sp|P07360|CO8G_HUMAN	-0.430616506117773	-0.8008301303197882	-0.06040288191575777	0.14833923874808155	-2.902917055203926	0.029790722846965715	0.4875783503813941	0.09396760306021913	2.984512152321594	0.08538331176690565	0.2922042295499941	0.10149994114002686	-4.242529614117755	0.009106798527359643	0.5174616303768038	False	False	False	False
sp|Q9Y694|S22A7_HUMAN	psvid_41954_sp|Q9Y694|S22A7_HUMAN	-0.6842413985415514	-1.2728983046388729	-0.09558449244422995	0.23586629887675067	-2.900971447807786	0.029862901964515874	0.4875783503813941	0.30589815870791565	1.8846019496313537	0.13207357352811355	0.3634192806224149	0.19245659822407832	-3.5553023635224252	0.01773693222181349	0.5404618371265411	False	False	False	False
sp|Q6NUQ4|TM214_HUMAN	psvid_37700_sp|Q6NUQ4|TM214_HUMAN	-0.7748839183877285	-1.4477503714601485	-0.10201746531530864	0.26960784504629576	-2.874114876941616	0.03087902431368185	0.4875783503813941	0.45846909073133457	3.2780025652491322	0.06914525584182434	0.2629548551402395	0.27172432473155134	-2.851728196043071	0.03788132869893978	0.5404618371265411	False	False	False	False
sp|P04070|PROC_HUMAN	psvid_37486_sp|P04070|PROC_HUMAN	-0.5066180528402976	-0.9468210972723492	-0.06641500840824599	0.17638298602972644	-2.872261459248204	0.030950529646175846	0.4875783503813941	0.1382764233864174	2.484512152321594	0.11291371149645454	0.33602635535989517	0.1163999827544355	-4.352389414945962	0.008238745552307006	0.5174616303768038	False	False	False	False
sp|Q9Y6B6|SAR1B_HUMAN	psvid_30645_sp|Q9Y6B6|SAR1B_HUMAN	-0.222296057582396	-0.41587468145454887	-0.02871743371024313	0.07756415168402128	-2.86596388610011	0.031194846230151143	0.4875783503813941	0.05462425888019353	4.760615703165515	0.022674450925219934	0.1505803802798357	0.09196602008642075	-2.4171542638629324	0.06292477102512835	0.5484103583837773	False	False	False	False
sp|Q86UL3|GPAT4_HUMAN	psvid_84967_sp|Q86UL3|GPAT4_HUMAN	-0.7647234222633921	-1.434330436529619	-0.09511640799716514	0.2683018351113594	-2.850235526514351	0.03181428045830749	0.4875783503813941	0.3982052495896103	1.028602336311985	0.1268057575391508	0.3560979605939225	0.2398865565908968	-3.187854430573838	0.02610301117506762	0.5404618371265411	False	False	False	False
sp|P18085|ARF4_HUMAN	psvid_37945_sp|P18085|ARF4_HUMAN	-0.40751259756242353	-0.765708214736321	-0.049316980388526	0.14352379734539755	-2.8393381801466906	0.03225132093702633	0.4875783503813941	0.2264282205586153	4.376637659072722	0.02935296186688635	0.17132706110502904	0.1539231183907806	-2.647507416837989	0.04791495725182487	0.5479662261337713	False	False	False	False
sp|P0C7P4|UCRIL_HUMAN	psvid_62707_sp|P0C7P4|UCRIL_HUMAN	-0.36094348254084163	-0.6798858614299508	-0.042001103651732485	0.1277955931278639	-2.824381292864342	0.03286186554886058	0.4875783503813941	0.16754055910099355	4.029489130680387	0.03806595363328002	0.19510498105707097	0.1279553893055561	-2.820854084378677	0.03923487659375658	0.5404618371265411	False	False	False	False
sp|Q96RQ1|ERGI2_HUMAN	psvid_42509_sp|Q96RQ1|ERGI2_HUMAN	0.5804820237218405	0.06704890311438305	1.093915144329298	0.20572521722594023	2.8216376754839883	0.032975222435384845	0.4875783503813941	0.212225285910428	1.9364816370412092	0.13122659441356632	0.3622521144362947	0.14739966530875745	3.938150215646062	0.01212857834037804	0.5404618371265411	False	False	False	False
sp|Q16563|SYPL1_HUMAN	psvid_84043_sp|Q16563|SYPL1_HUMAN	-0.6842413985415514	-1.2910519271184966	-0.07743086996460635	0.2431401925508473	-2.814184653565485	0.03328531225389405	0.4875783503813941	0.334258662583424	0.9883613244510647	0.12588537986424508	0.3548032974258344	0.2068033758222326	-3.308656813850673	0.022934372105814498	0.5404618371265411	False	False	False	False
sp|P10599|THIO_HUMAN	psvid_26384_sp|P10599|THIO_HUMAN	-0.40385090357132314	-0.7630980281631314	-0.044603778979514896	0.14394512114256208	-2.805589382715879	0.03364687580359231	0.4875783503813941	0.15974242675640615	3.457343962500254	0.060167170389202586	0.24528997205186068	0.12476916452004366	-3.23678454628464	0.02476298714057299	0.5404618371265411	False	False	False	False
sp|P33908|MA1A1_HUMAN	psvid_73521_sp|P33908|MA1A1_HUMAN	-0.41242631636785276	-0.7794845188621952	-0.04536811387351036	0.14707490695841746	-2.8041922643164288	0.03370604920445927	0.4875783503813941	0.17892584440057244	3.536695181905767	0.056490374961486664	0.23767703919707234	0.13272957042192166	-3.107267770526411	0.028493794724456234	0.5404618371265411	False	False	False	False
sp|P0C0S8|H2A1_HUMAN	psvid_48117_sp|P0C0S8|H2A1_HUMAN	-0.4403237308819866	-0.8324982793811002	-0.04814918238287297	0.15713866313300964	-2.8021348922211184	0.03379339328874037	0.4875783503813941	0.2174258411769294	3.643043225732503	0.0518680133664289	0.22774550130887086	0.14977195737122412	-2.939961115621946	0.03429348972237874	0.5404618371265411	False	False	False	False
sp|P20671|H2A1D_HUMAN	psvid_48113_sp|P20671|H2A1D_HUMAN	-0.4403237308819866	-0.8324982793811002	-0.04814918238287297	0.15713866313300964	-2.8021348922211184	0.03379339328874037	0.4875783503813941	0.2174258411769294	3.643043225732503	0.0518680133664289	0.22774550130887086	0.14977195737122412	-2.939961115621946	0.03429348972237874	0.5404618371265411	False	False	False	False
sp|Q96KK5|H2A1H_HUMAN	psvid_48116_sp|Q96KK5|H2A1H_HUMAN	-0.4403237308819866	-0.8324982793811002	-0.04814918238287297	0.15713866313300964	-2.8021348922211184	0.03379339328874037	0.4875783503813941	0.2174258411769294	3.643043225732503	0.0518680133664289	0.22774550130887086	0.14977195737122412	-2.939961115621946	0.03429348972237874	0.5404618371265411	False	False	False	False
sp|Q99878|H2A1J_HUMAN	psvid_48120_sp|Q99878|H2A1J_HUMAN	-0.4403237308819866	-0.8324982793811002	-0.04814918238287297	0.15713866313300964	-2.8021348922211184	0.03379339328874037	0.4875783503813941	0.2174258411769294	3.643043225732503	0.0518680133664289	0.22774550130887086	0.14977195737122412	-2.939961115621946	0.03429348972237874	0.5404618371265411	False	False	False	False
sp|Q9BTM1|H2AJ_HUMAN	psvid_48122_sp|Q9BTM1|H2AJ_HUMAN	-0.4403237308819866	-0.8324982793811002	-0.04814918238287297	0.15713866313300964	-2.8021348922211184	0.03379339328874037	0.4875783503813941	0.2174258411769294	3.643043225732503	0.0518680133664289	0.22774550130887086	0.14977195737122412	-2.939961115621946	0.03429348972237874	0.5404618371265411	False	False	False	False
sp|Q9NR77|PXMP2_HUMAN	psvid_74152_sp|Q9NR77|PXMP2_HUMAN	0.3693939376957084	0.03927087020919523	0.6995170051822215	0.13227553315922602	2.7926097054627044	0.03420100089935598	0.4875783503813941	0.17270372572619552	3.9332853280625684	0.04107061653670646	0.20265886740211114	0.13010321216589077	2.839237644837739	0.03842251567014506	0.5404618371265411	False	False	False	False
sp|P60900|PSA6_HUMAN	psvid_16249_sp|P60900|PSA6_HUMAN	-0.751606567289858	-1.4235105635419476	-0.07970257103776845	0.26922220253418283	-2.7917703674325574	0.0342371740469699	0.4875783503813941	0.41446138711321745	2.473882639339619	0.11342161100643268	0.3367812509722486	0.24842237074898552	-3.025518857354868	0.03117610836587697	0.5404618371265411	False	False	False	False
sp|O75452|RDH16_HUMAN	psvid_59530_sp|O75452|RDH16_HUMAN	-0.22402923035182054	-0.4243248777071542	-0.023733582996486896	0.08025556573528893	-2.791447898962518	0.034251082613531984	0.4875783503813941	0.12684871365355696	6.760209848735771	0.00910817281203825	0.09543674770253988	0.11221871303015245	-1.9963624987538873	0.1053587068181338	0.5630169624789237	False	False	False	False
sp|P06213|INSR_HUMAN	psvid_33217_sp|P06213|INSR_HUMAN	-0.8168700777162465	-1.5487035730411756	-0.0850365823913174	0.29323508506972107	-2.7857173964091757	0.034499276149835625	0.4875783503813941	0.47647385055552544	2.5971569143989903	0.10722488750624488	0.32745211482939746	0.28132753422595075	-2.903626479234592	0.03572253919580647	0.5404618371265411	False	False	False	False
sp|P28845|DHI1_HUMAN	psvid_59047_sp|P28845|DHI1_HUMAN	-0.2754751725128173	-0.5228604779392919	-0.028089867086342618	0.09912370989458885	-2.7791047450278636	0.034788110164817115	0.4875783503813941	0.16796120550422572	6.596720645482322	0.009583652872245527	0.09789613308116683	0.12812926475057176	-2.1499785630478927	0.08708764125286372	0.5615029827479354	False	False	False	False
sp|Q02809|PLOD1_HUMAN	psvid_38014_sp|Q02809|PLOD1_HUMAN	-0.6842413985415514	-1.3004267403083216	-0.0680560567747811	0.24689654445437778	-2.7713688745772926	0.03512934685809714	0.4875783503813941	0.334258662583424	1.5308425748116428	0.13389669964386575	0.3659189796168897	0.2068033758222326	-3.308656813850673	0.022934372105814498	0.5404618371265411	False	False	False	False
sp|P24752|THIL_HUMAN	psvid_23119_sp|P24752|THIL_HUMAN	-0.22227897347013603	-0.422474067481697	-0.02208387945857504	0.0802152754663909	-2.7710304823832197	0.03514435649569123	0.4875783503813941	0.10788421159771253	5.58961895236069	0.014315559561780968	0.11964764753968615	0.10577583907998571	-2.101415364826866	0.09246912644534533	0.5615029827479354	False	False	False	False
sp|Q9H9B4|SFXN1_HUMAN	psvid_43805_sp|Q9H9B4|SFXN1_HUMAN	-0.20882791173095838	-0.39699413841999076	-0.020661685041926003	0.07539548250098697	-2.769766898543619	0.03520046533793348	0.4875783503813941	0.0818529301597047	5.2675617500968785	0.016860240907838803	0.12984699036881373	0.09813360417583802	-2.1279959447609382	0.08948096563781359	0.5615029827479354	False	False	False	False
sp|Q13228|SBP1_HUMAN	psvid_84417_sp|Q13228|SBP1_HUMAN	-0.22633267379533628	-0.4307129549424191	-0.021952392648253466	0.08189221935261266	-2.7637872753306376	0.03546731135565527	0.4875783503813941	0.06934860883980844	4.702591920595314	0.023531192343568378	0.15339880163667635	0.09504568739449495	-2.381303981272963	0.06569491818467617	0.5484103583837773	False	False	False	False
sp|P07099|HYEP_HUMAN	psvid_64636_sp|P07099|HYEP_HUMAN	-0.30106723747689834	-0.5737994817039012	-0.028334993249895468	0.10927986126359646	-2.7550111612119195	0.03586294132298836	0.4875783503813941	0.1978110445894887	9.490599047983647	0.005954468754783595	0.07716520430079606	0.14093224269107263	-2.136255208375886	0.08857360108906821	0.5615029827479354	False	False	False	False
sp|P30041|PRDX6_HUMAN	psvid_87098_sp|P30041|PRDX6_HUMAN	-0.204652372238052	-0.3901338694331382	-0.019170875042965774	0.07431975026602422	-2.753674110926207	0.03592363559285359	0.4875783503813941	0.0201940506443593	4.700731408149177	0.023559454938824654	0.15349089529618573	0.08743567998589641	-2.340604799677465	0.06900209523842717	0.5484103583837773	False	False	False	False
sp|P55899|FCGRN_HUMAN	psvid_66619_sp|P55899|FCGRN_HUMAN	-0.5637915406251134	-1.0748248689299431	-0.05275821232028366	0.2047636551978203	-2.753377009608661	0.03593713739829819	0.4875783503813941	0.3216994962985464	3.4448268785895726	0.06076442868111539	0.24650441919185828	0.20042054269682721	-2.8130426803501445	0.03958587208605424	0.5404618371265411	False	False	False	False
sp|Q9NZN4|EHD2_HUMAN	psvid_60518_sp|Q9NZN4|EHD2_HUMAN	-1.042481250360578	-1.9878189910387305	-0.09714350968242547	0.3787831447702435	-2.752184897226381	0.03599136853216588	0.4875783503813941	0.6464284732962589	1.813721875540867	0.13298232392624995	0.3646674154983551	0.3733060691969084	-2.792564430048681	0.04052284835886992	0.5404618371265411	False	False	False	False
sp|Q9HD20|AT131_HUMAN	psvid_60305_sp|Q9HD20|AT131_HUMAN	-0.4127737097078985	-0.7871746442900233	-0.03837277512577375	0.15001703338766628	-2.7515122808836647	0.03602200615488908	0.4875783503813941	0.2434506557236433	4.431299841491862	0.028241363146060596	0.168051668084731	0.1619132744046209	-2.5493506398763697	0.053764498750134435	0.5484103583837773	False	False	False	False
sp|Q14257|RCN2_HUMAN	psvid_77669_sp|Q14257|RCN2_HUMAN	-0.7509380337152768	-1.436526792955693	-0.0653492744748605	0.274705488916503	-2.7336113183509236	0.03684788619482691	0.4875783503813941	0.4221471277317514	2.352191665759768	0.11883982467047452	0.34473152549552893	0.2524725218013148	-2.9743356954553386	0.03300057320294782	0.5404618371265411	False	False	False	False
sp|O75251|NDUS7_HUMAN	psvid_74582_sp|O75251|NDUS7_HUMAN	-0.4237863546178948	-0.8108203267811245	-0.03675238245466517	0.15507890862766133	-2.7327143218127103	0.03688980717045969	0.4875783503813941	0.08201206155875909	2.786695181905767	0.09675773590811516	0.3110590553385565	0.09817551357264633	-4.316619686479239	0.008510317187689933	0.5174616303768038	False	False	False	False
sp|O75083|WDR1_HUMAN	psvid_95037_sp|O75083|WDR1_HUMAN	-1.1229632740824185	-2.150982063472294	-0.09494448469254291	0.41191224381738567	-2.726219700767781	0.03719487973981461	0.4875783503813941	0.716898865009413	1.5614816370412092	0.133995366853824	0.36605377590433896	0.4119096561876057	-2.726236826968098	0.04373214870354316	0.5404618371265411	False	False	False	False
sp|P11279|LAMP1_HUMAN	psvid_34906_sp|P11279|LAMP1_HUMAN	0.3183573942990434	0.026764264474014254	0.6099505241240726	0.1168371450284943	2.7247960759517214	0.03726211676167513	0.4875783503813941	0.08040701858285486	3.644486459725284	0.05180773394207243	0.2276131233959774	0.09775572574016396	3.256662378480435	0.024241120808433752	0.5404618371265411	False	False	False	False
sp|P84095|RHOG_HUMAN	psvid_79270_sp|P84095|RHOG_HUMAN	-0.4348848844575084	-0.8345057685435961	-0.03526400037142058	0.16012230198426855	-2.7159544864664404	0.03768266198354911	0.4875783503813941	0.20952020061149954	3.4617624231037327	0.05995744902409179	0.2448621020576516	0.14617356847477822	-2.9751266866864947	0.032971476023984446	0.5404618371265411	False	False	False	False
sp|P18124|RL7_HUMAN	psvid_58755_sp|P18124|RL7_HUMAN	0.2513035528251064	0.020122605854834108	0.4824844997953787	0.09263085809051143	2.7129571938063317	0.037826391820391735	0.4875783503813941	0.14490130591186617	5.8603567901182565	0.012650088622448392	0.11247261276616806	0.11891532403649174	2.113298305843143	0.09112030340423964	0.5615029827479354	False	False	False	False
sp|Q96SB4|SRPK1_HUMAN	psvid_59276_sp|Q96SB4|SRPK1_HUMAN	-0.896240625180289	-1.7210124720239226	-0.07146877833665544	0.33047413683207155	-2.7119841624269325	0.037873179452144745	0.4875783503813941	0.5387481600885541	1.674842961492274	0.13395485030411425	0.3659984293738352	0.31478926532421053	-2.8471130496055035	0.038080289940349815	0.5404618371265411	False	False	False	False
sp|P06748|NPM_HUMAN	psvid_47126_sp|P06748|NPM_HUMAN	0.632628679174695	0.0487963948295389	1.2164609635198511	0.23393314279826688	2.7043140258250826	0.038244195946125506	0.4875783503813941	0.3501678832585994	2.835518238850055	0.09396238892955884	0.30653285130562896	0.21494906743846373	2.9431561937611375	0.03417093798645136	0.5404618371265411	False	False	False	False
sp|P53007|TXTP_HUMAN	psvid_74158_sp|P53007|TXTP_HUMAN	0.19934270837124513	0.01442419081142532	0.38426122593106493	0.07409417247777804	2.6903965818773536	0.03892749434773897	0.4875783503813941	0.07467141560155938	5.216215867359302	0.017335630890257837	0.13166484303054418	0.09630964593610146	2.0698104165340094	0.09616114276908586	0.5615029827479354	False	False	False	False
sp|Q13438|OS9_HUMAN	psvid_24520_sp|Q13438|OS9_HUMAN	-0.24513613550239155	-0.47267947089682927	-0.01759280010795386	0.09117331980249296	-2.688682786076292	0.03901254547625559	0.4875783503813941	0.10977519579493575	4.808263842234892	0.02200528963284229	0.14834180001888306	0.10638791314022614	-2.304172798081736	0.07211659467267399	0.5484103583837773	False	False	False	False
sp|O14966|RAB7L_HUMAN	psvid_25052_sp|O14966|RAB7L_HUMAN	0.7880007733612625	0.05649184286555453	1.5195097038569705	0.2931050366421548	2.6884586576494574	0.03902368323480542	0.4875783503813941	0.4516057129187235	1.5827222622214983	0.1340369864574531	0.3661106205198821	0.2680734771218938	2.9394954764695216	0.0343113912807499	0.5404618371265411	False	False	False	False
sp|P53992|SC24C_HUMAN	psvid_61435_sp|P53992|SC24C_HUMAN	-0.26600007235583367	-0.5132157015175921	-0.01878444319407524	0.09905572307212689	-2.6853579390071904	0.03917812282144655	0.4875783503813941	0.1430903986307081	5.0878311993798615	0.01862345752773624	0.13646778934142753	0.11822143963491276	-2.250015506301443	0.07703169831353733	0.5577584254514466	False	False	False	False
sp|O15533|TPSN_HUMAN	psvid_881288_sp|O15533|TPSN_HUMAN	-0.4398333517986651	-0.8490715884518758	-0.030595115145454488	0.16397583590445847	-2.682305898138167	0.039330783869435205	0.4875783503813941	0.12671083332732366	2.7623979262599105	0.09813930532192834	0.3132719351010051	0.1121695552862684	-3.9211473262612526	0.012329213931538524	0.5404618371265411	False	False	False	False
sp|Q14194|DPYL1_HUMAN	psvid_77888_sp|Q14194|DPYL1_HUMAN	-0.792481250360578	-1.5298644391428367	-0.055098061578319535	0.29545876688186373	-2.6822059088787973	0.03933579613971917	0.4875783503813941	0.47296601837939484	0.646240625180289	0.11683919423677652	0.34181748673345624	0.2794537370014152	-2.8358226977532417	0.038571983360192734	0.5404618371265411	False	False	False	False
sp|P68036|UB2L3_HUMAN	psvid_68541_sp|P68036|UB2L3_HUMAN	-0.646240625180289	-1.2484511608879525	-0.044030089472625655	0.24129704201324445	-2.678195388507157	0.039537406584062455	0.4875783503813941	0.3345826616140136	0.8231203125901445	0.12174447210802845	0.3489190050828823	0.20696861595639932	-3.122408787409721	0.0280262411613144	0.5404618371265411	False	False	False	False
sp|Q9BXR6|FHR5_HUMAN	psvid_81273_sp|Q9BXR6|FHR5_HUMAN	0.792481250360578	0.04852595834470763	1.5364365423764483	0.2980921134874868	2.6585112940059195	0.04054326523411966	0.4875783503813941	0.4729660183793949	0.896240625180289	0.12364179738513871	0.3516273558543742	0.27945373700141524	2.835822697753241	0.038571983360192755	0.5404618371265411	False	False	False	False
sp|Q9H6K4|OPA3_HUMAN	psvid_78814_sp|Q9H6K4|OPA3_HUMAN	-0.7018387305144009	-1.36090347860052	-0.0427739824282819	0.26407770169863687	-2.6576978139386154	0.04058542482302976	0.4875783503813941	0.3799372633278791	1.4971599904374895	0.13373673703255373	0.36570033775285704	0.23034884204210637	-3.0468515677891235	0.030449565557246212	0.5404618371265411	False	False	False	False
sp|P19823|ITIH2_HUMAN	psvid_42503_sp|P19823|ITIH2_HUMAN	-0.25013798651965324	-0.4852163886265404	-0.015059584412766086	0.09419251193095672	-2.655603735284232	0.04069417100063533	0.4875783503813941	0.10011001977436507	4.505469103190759	0.026826835368940722	0.16378899648309933	0.10333613324830315	-2.4206246029992675	0.0626634764144047	0.5484103583837773	False	False	False	False
sp|P55157|MTP_HUMAN	psvid_65098_sp|P55157|MTP_HUMAN	-0.12641984352221614	-0.2452566905397422	-0.00758299650469009	0.047616203914156434	-2.654975263255523	0.04072686912575251	0.4875783503813941	0.04987120518220424	7.955636819199385	0.006942636825448509	0.08332248691348879	0.09111007017624013	-1.3875507205479483	0.22678832731184928	0.6605514855978191	False	False	False	False
sp|P62826|RAN_HUMAN	psvid_87118_sp|P62826|RAN_HUMAN	-0.8729632740824185	-1.6950649531866469	-0.050861594978190205	0.3294042392813079	-2.6501276243045453	0.0409800375219985	0.4875783503813941	0.5384763134980838	1.9364816370412092	0.13122659441356632	0.3622521144362947	0.3146424770781021	-2.7744609761183874	0.04137186968227643	0.5404618371265411	False	False	False	False
sp|Q969V3|NCLN_HUMAN	psvid_48681_sp|Q969V3|NCLN_HUMAN	-0.3311087376244848	-0.6435018598637549	-0.018715615385214712	0.12517140081755385	-2.64524272686777	0.04123687155832553	0.4875783503813941	0.17987747282783423	4.339864141902351	0.0301359637816468	0.1735971306837956	0.13313477428661283	-2.487019183370328	0.05788667623220955	0.5484103583837773	False	False	False	False
sp|P48741|HSP77_HUMAN	psvid_39364_sp|P48741|HSP77_HUMAN	-0.2621491688264186	-0.5098422911211555	-0.014456046531681643	0.09924704765669921	-2.641380021027995	0.04144119188625096	0.4875783503813941	0.11233000560190998	4.442091200461913	0.02802901339505285	0.16741867696004784	0.10722601644779858	-2.4448280138621215	0.06087382240643063	0.5484103583837773	False	False	False	False
sp|Q9Y4L1|HYOU1_HUMAN	psvid_53465_sp|Q9Y4L1|HYOU1_HUMAN	0.13101270698920153	0.007207541301547535	0.2548178726768555	0.049606937267023275	2.641015837845196	0.04146051188043925	0.4875783503813941	0.05757944563198301	8.078581012667014	0.006810872968610058	0.08252801323556783	0.09253305233614689	1.4158476747667281	0.2188668268680414	0.6587797905400207	False	False	False	False
sp|P07237|PDIA1_HUMAN	psvid_33235_sp|P07237|PDIA1_HUMAN	-0.14152937578618907	-0.27528536124831327	-0.007773390324064849	0.05359408666879355	-2.6407647668450327	0.04147383691013374	0.4875783503813941	0.07507550869336475	9.808823140361676	0.005872047862670536	0.0766292885434188	0.09640871226505555	-1.4680143781724178	0.2049543215110975	0.6474285928783502	False	False	False	False
sp|Q9HBR0|S38AA_HUMAN	psvid_26541_sp|Q9HBR0|S38AA_HUMAN	-0.583355933431298	-1.1346746602369049	-0.032037206625691095	0.2209054310688442	-2.6407496212689208	0.041474640875378374	0.4875783503813941	0.28181780786203753	2.348882639339619	0.11897658423639233	0.3449298250896729	0.18048365684502232	-3.232181481851368	0.024885653080776126	0.5404618371265411	False	False	False	False
sp|Q07065|CKAP4_HUMAN	psvid_26991_sp|Q07065|CKAP4_HUMAN	-0.21037291346353548	-0.40922125004486054	-0.011524576882210452	0.07967564926432949	-2.6403664784156167	0.04149498465630399	0.4875783503813941	0.11735922927146854	6.1049590239754075	0.011430026673983391	0.1069113028354972	0.10891225778840033	-1.9315816028004626	0.11424163264400364	0.5703244574634503	False	False	False	False
sp|O95140|MFN2_HUMAN	psvid_59678_sp|O95140|MFN2_HUMAN	-0.6148579046593246	-1.1960823807219465	-0.03363342859670271	0.2328882317789442	-2.640141581919619	0.04150693102733515	0.4875783503813941	0.3412907950012394	2.7461508278705296	0.09905851741810848	0.314735630995457	0.21039598828329467	-2.922384165573674	0.034976596152730216	0.5404618371265411	False	False	False	False
sp|O95210|STBD1_HUMAN	psvid_76062_sp|O95210|STBD1_HUMAN	-0.20545245980249138	-0.3996807738350291	-0.011224145769953675	0.07782447312416638	-2.6399466845692454	0.041517286863156956	0.4875783503813941	0.09685582096862151	5.450843321529172	0.015326697414811628	0.1238010396354232	0.10235295204115057	-2.007293934423016	0.10393287508380451	0.5630169624789237	False	False	False	False
sp|O14818|PSA7_HUMAN	psvid_47175_sp|O14818|PSA7_HUMAN	-0.37053792378434547	-0.7214725554387112	-0.019603292129979688	0.1406144255824058	-2.6351344981116114	0.041773867804214326	0.4875783503813941	0.11984020517828961	3.2776682984618417	0.06916278557044425	0.26298818522976325	0.10976133985049732	-3.3758509534326406	0.02136310507312414	0.5404618371265411	False	False	False	False
sp|O75923|DYSF_HUMAN	psvid_35945_sp|O75923|DYSF_HUMAN	-0.5933043308960539	-1.1557595847784778	-0.030849077013630044	0.22536767621833925	-2.632606152096331	0.0419093617784827	0.4875783503813941	0.35455777947520345	3.2019361937666875	0.07320180115691886	0.2705583137826647	0.21720768580673352	-2.7315070767061287	0.043467023747971574	0.5404618371265411	False	False	False	False
sp|P61106|RAB14_HUMAN	psvid_86141_sp|P61106|RAB14_HUMAN	-0.18541526205893843	-0.3615856702954036	-0.009244853822473253	0.0705889317392489	-2.626690296771324	0.042228247941026226	0.4875783503813941	0.07617413629857973	5.512629196681904	0.014861817730053668	0.12190905516020403	0.09668022942926566	-1.9178198392112231	0.1162278227601841	0.5703244574634503	False	False	False	False
sp|Q93099|HGD_HUMAN	psvid_91615_sp|Q93099|HGD_HUMAN	-0.24486294014065568	-0.4775767896460519	-0.012149090635259457	0.09324506994083276	-2.626014869161766	0.04226482204535752	0.4875783503813941	0.08217575913520915	4.350858355513594	0.029898808976357345	0.17291272068982474	0.09821869175324613	-2.4930380945800263	0.05747382337592734	0.5484103583837773	False	False	False	False
sp|Q8IUE6|H2A2B_HUMAN	psvid_48121_sp|Q8IUE6|H2A2B_HUMAN	-0.603759374819711	-1.1780153505821738	-0.02950339905724808	0.23009605460834578	-2.623944925293874	0.04237712147167766	0.4875783503813941	0.312331108889869	2.424842961492274	0.11569433202569593	0.3401386952784054	0.19568936589661856	-3.0852947581151304	0.029188140591211217	0.5404618371265411	False	False	False	False
sp|Q8N5K1|CISD2_HUMAN	psvid_86080_sp|Q8N5K1|CISD2_HUMAN	-0.3161710357632219	-0.6175060394754768	-0.014836032050967063	0.12074057283865591	-2.618598109400369	0.04266869038557374	0.4875783503813941	0.17302340695232335	4.431439908978601	0.028238592251493926	0.16804342370796282	0.130237154821103	-2.427656195327073	0.062137676193011956	0.5484103583837773	False	False	False	False
sp|P16662|UD2B7_HUMAN	psvid_160990_sp|P16662|UD2B7_HUMAN	-0.16595021785106345	-0.32412208225440853	-0.007778353447718406	0.06337717583336108	-2.6184539728844936	0.04267658020979447	0.4875783503813941	0.09010565210004853	7.278629597077471	0.007932545977996582	0.08906484142464176	0.10038899051570081	-1.6530718856577094	0.162238597831976	0.6052180781926458	False	False	False	False
sp|Q13155|AIMP2_HUMAN	psvid_87848_sp|Q13155|AIMP2_HUMAN	-0.646240625180289	-1.2623368651317377	-0.030144385228840442	0.24686084264711883	-2.617833667950624	0.04271055275218451	0.4875783503813941	0.3345826616140136	1.4693609377704335	0.1335651130283166	0.3654656112800719	0.20696861595639932	-3.122408787409721	0.0280262411613144	0.5404618371265411	False	False	False	False
sp|Q9H0V9|LMA2L_HUMAN	psvid_45737_sp|Q9H0V9|LMA2L_HUMAN	-0.7119992266387375	-1.3913881326830904	-0.03261032059438462	0.2722212975109699	-2.6155162478058704	0.042837730092006907	0.4875783503813941	0.42189234121703395	2.4789628874017873	0.11317953376091695	0.3364216606595315	0.2523381152257677	-2.821607928717822	0.03920118847105078	0.5404618371265411	False	False	False	False
sp|O96005|CLPT1_HUMAN	psvid_73367_sp|O96005|CLPT1_HUMAN	-0.2293906453518959	-0.44845176213445614	-0.010329528569335666	0.08777461762211583	-2.6134052368016043	0.04295393514963597	0.4875783503813941	0.10099973102791801	4.843174788301569	0.021533693809678237	0.146743632944255	0.10360892859884403	-2.21400460803969	0.08049969313780223	0.5578145706608548	False	False	False	False
sp|Q9UL25|RAB21_HUMAN	psvid_75021_sp|Q9UL25|RAB21_HUMAN	-0.5153501361660358	-1.007813477504306	-0.022886794827765677	0.1973229303025147	-2.611709320229308	0.04304753648811923	0.4875783503813941	0.27563993075424564	3.0772874326381383	0.08010175025659959	0.28302252605861533	0.1774479418667192	-2.904232817493675	0.03569814858419081	0.5404618371265411	False	False	False	False
sp|P02679|FIBG_HUMAN	psvid_40573_sp|P02679|FIBG_HUMAN	-0.19045519244011566	-0.3726578471922781	-0.008252537687953226	0.07300596557480278	-2.608762050341941	0.04321072591024655	0.4875783503813941	0.11134116600869476	6.953291477615725	0.00861672043290755	0.09282629171149491	0.10690012272643588	-1.7816180896957663	0.13793362076895058	0.5877124357501189	False	False	False	False
sp|Q6P2S7|TTC41_HUMAN	psvid_32133_sp|Q6P2S7|TTC41_HUMAN	-1.05720467262397	-2.0700976033145673	-0.04431174193337295	0.40585153124988266	-2.6049049744081154	0.04342529839575868	0.4875783503813941	0.7083193975716877	1.0286023363119852	0.1268057575391508	0.3560979605939225	0.40719977880739355	-2.5962800758888194	0.05087464597674344	0.5479662261337713	False	False	False	False
sp|P60174|TPIS_HUMAN	psvid_37841_sp|P60174|TPIS_HUMAN	-0.28462470727382594	-0.5591838479265583	-0.010065566621093591	0.11001187220902947	-2.5872181025427974	0.04442403151051823	0.4880250718954119	0.16608923935830835	4.946084202942675	0.020229516945828946	0.1422305063825231	0.12735702479929278	-2.234856755819931	0.07847149518377858	0.5577584254514466	False	False	False	False
sp|Q9Y3U8|RL36_HUMAN	psvid_51350_sp|Q9Y3U8|RL36_HUMAN	0.3417539961039755	0.011732764749865676	0.6717752274580853	0.1322347288954977	2.584449629522487	0.04458258478498275	0.4880250718954119	0.13429051654460022	3.572536133946869	0.05489297791891695	0.23429250504213095	0.114918145623168	2.973890626678163	0.033016958113885934	0.5404618371265411	False	False	False	False
sp|P48723|HSP13_HUMAN	psvid_66749_sp|P48723|HSP13_HUMAN	-0.9694360624872504	-1.905659237970832	-0.03321288700366898	0.37513107047017763	-2.584259579650892	0.0445934914388409	0.4880250718954119	0.6443638974885546	2.2114406801457545	0.12413342084099606	0.3523257311650627	0.37217820045662037	-2.604763151892998	0.050370835934384746	0.5479662261337713	False	False	False	False
sp|P14678|RSMB_HUMAN	psvid_21728_sp|P14678|RSMB_HUMAN	-0.6037593748197109	-1.1888773765984246	-0.018641373040997222	0.23444831115748152	-2.5752344806363694	0.04511474507535503	0.4880250718954119	0.3013299035821808	1.8590843600338254	0.13243356141778911	0.3639142226099292	0.1901692213228454	-3.174853273415492	0.026472816431573988	0.5404618371265411	False	False	False	False
sp|P63162|RSMN_HUMAN	psvid_79729_sp|P63162|RSMN_HUMAN	-0.6037593748197109	-1.1888773765984246	-0.018641373040997222	0.23444831115748152	-2.5752344806363694	0.04511474507535503	0.4880250718954119	0.3013299035821808	1.8590843600338254	0.13243356141778911	0.3639142226099292	0.1901692213228454	-3.174853273415492	0.026472816431573988	0.5404618371265411	False	False	False	False
sp|Q8N1G4|LRC47_HUMAN	psvid_61917_sp|Q8N1G4|LRC47_HUMAN	-0.49712609029054233	-0.9795590917504069	-0.014693088830677825	0.1933039183465006	-2.5717331264823886	0.04531872956540167	0.4880250718954119	0.3208978652926705	3.9197228090404708	0.0415166080766073	0.203756246718002	0.20001466890827482	-2.485448157397498	0.05799497301975168	0.5484103583837773	False	False	False	False
sp|P51689|ARSD_HUMAN	psvid_66290_sp|P51689|ARSD_HUMAN	-0.3393792129146058	-0.6687339832657099	-0.010024442563501768	0.13196768762154606	-2.5716841677780233	0.045321588855627676	0.4880250718954119	0.19434948683098538	4.28445944524872	0.03137228298418118	0.17712222611570005	0.13940444677572764	-2.4344934524262016	0.06163103808537479	0.5484103583837773	False	False	False	False
sp|Q96S06|LMF1_HUMAN	psvid_52093_sp|Q96S06|LMF1_HUMAN	-0.8304820237218404	-1.6377653865602304	-0.023198660883450573	0.3234667545138556	-2.5674416679079983	0.04557009745299296	0.4880250718954119	0.5280553278543094	2.1039628874017873	0.12742722226671777	0.35696949766992386	0.3090198033418366	-2.687471853715356	0.045738575118239214	0.5404618371265411	False	False	False	False
sp|P53680|AP2S1_HUMAN	psvid_18452_sp|P53680|AP2S1_HUMAN	-0.5045629261390557	-0.9950914135011113	-0.014034438777000224	0.19654766232976242	-2.56712758706086	0.0455885531669205	0.4880250718954119	0.19191911298737668	2.191003338610395	0.12481060221502872	0.35328544014016305	0.13833802251736055	-3.6473192037694213	0.016155076045397253	0.5404618371265411	False	False	False	False
sp|Q13724|MOGS_HUMAN	psvid_55562_sp|Q13724|MOGS_HUMAN	-0.24829842781426015	-0.4899217686220943	-0.006675087006425995	0.09681497410166699	-2.5646696713828367	0.04573326043781276	0.4880250718954119	0.1584330553528024	6.140327012112666	0.011272441585868268	0.10617175512285867	0.12424130083806016	-1.9985176116104884	0.10507598266375952	0.5630169624789237	False	False	False	False
sp|P50991|TCPD_HUMAN	psvid_76277_sp|P50991|TCPD_HUMAN	-0.36748231444372914	-0.7255793557729391	-0.0093852731145192	0.14348429943174992	-2.561132583140406	0.04594236948161699	0.4880250718954119	0.21342343695870208	4.100186164304235	0.03603113182725961	0.18981868144958655	0.14794447442855235	-2.483920510469618	0.058100493195268846	0.5484103583837773	False	False	False	False
sp|P22760|AAAD_HUMAN	psvid_96490_sp|P22760|AAAD_HUMAN	-0.2694845903335774	-0.5328458429668774	-0.006123337700277454	0.10552504061829782	-2.553750169197749	0.046382125594449805	0.4896267246333867	0.17600016802452045	5.978073690817034	0.012033115157415146	0.10969555668948103	0.13148960492122708	-2.0494744850364444	0.09861934655168574	0.5615029827479354	False	False	False	False
sp|Q8WU67|ABHD3_HUMAN	psvid_41702_sp|Q8WU67|ABHD3_HUMAN	-1.0323207542362414	-2.0433938416927653	-0.021247666779717234	0.4051223464162204	-2.5481703573459282	0.04671750205880792	0.4896267246333867	0.7029734322042877	1.4124010022984097	0.13310544290431062	0.36483618639645743	0.4042663015524857	-2.553566177224929	0.05349763206958903	0.5484103583837773	False	False	False	False
sp|P49585|PCY1A_HUMAN	psvid_50459_sp|P49585|PCY1A_HUMAN	0.4237863546178945	0.008304974401086351	0.8392677348347026	0.1664773731334441	2.545609332015336	0.046872303866909236	0.4896267246333867	0.19859438509390756	3.1829358070860563	0.07423494475930856	0.27246090501080805	0.14127939900842668	2.9996330504818864	0.032084179517089924	0.5404618371265411	False	False	False	False
sp|P01024|CO3_HUMAN	psvid_39326_sp|P01024|CO3_HUMAN	-0.15548035826078554	-0.3083587899005923	-0.0026019266209788006	0.06125617397072041	-2.538198979503731	0.04732333244538811	0.4896267246333867	0.09138849267372792	8.41512382167399	0.006508222232423338	0.08067355348826118	0.10075419810639548	-1.5431650609396916	0.18641187272354778	0.6243501208530572	False	False	False	False
sp|P21281|VATB2_HUMAN	psvid_48913_sp|P21281|VATB2_HUMAN	-0.40873765913820825	-0.8109290542761969	-0.006546264000219626	0.1611522685433178	-2.536344432708618	0.047436935559330984	0.4896267246333867	0.23135763663676293	3.6866834317283472	0.05007451771613994	0.22377336239181808	0.1562187766229901	-2.616443861448445	0.04968614012251523	0.5479662261337713	False	False	False	False
sp|P06753|TPM3_HUMAN	psvid_10853_sp|P06753|TPM3_HUMAN	0.46217266918125877	0.006291602517317307	0.9180537358452002	0.18266494252975246	2.530166231026953	0.047817505262816015	0.4896267246333867	0.20152854265057077	2.7745056186664843	0.09745180496914031	0.3121727165675122	0.14258429781578527	3.2413994827002077	0.024640696018633442	0.5404618371265411	False	False	False	False
sp|Q9NVV5|AIG1_HUMAN	psvid_78704_sp|Q9NVV5|AIG1_HUMAN	-0.6360801290559526	-1.2636613230370242	-0.008498935074881087	0.2514626974315914	-2.5295208217870706	0.04785745009526434	0.4896267246333867	0.3561719911447588	2.1530025652491322	0.12600651984442265	0.3549739706576	0.21803933276806767	-2.9172724066834417	0.0351781245900787	0.5404618371265411	False	False	False	False
sp|P13693|TCTP_HUMAN	psvid_68918_sp|P13693|TCTP_HUMAN	0.5424812503605781	0.007100476421059709	1.0778620243000967	0.21451932412733335	2.5288222987248212	0.04790072248374618	0.4896267246333867	0.23729808828032703	1.6017226489021295	0.13405530642420727	0.366135639380008	0.15900530724735584	3.4117178838355993	0.020575015074933395	0.5404618371265411	False	False	False	False
sp|P08575|PTPRC_HUMAN	psvid_33321_sp|P08575|PTPRC_HUMAN	-0.896240625180289	-1.7832284001307703	-0.009252850229807708	0.35540315837542547	-2.521757626682532	0.04834073163736771	0.4899593317503977	0.5957057571144397	1.3443609377704335	0.13237519980530998	0.3638340278276758	0.345657413555269	-2.5928581017892283	0.05107945439733355	0.5479662261337713	False	False	False	False
sp|P51589|CP2J2_HUMAN	psvid_34830_sp|P51589|CP2J2_HUMAN	-0.37562508513229553	-0.7476710968424272	-0.003579073422163903	0.14907344989071944	-2.519731618256995	0.0484677151216093	0.4899593317503977	0.2237689133706369	4.037498465550696	0.03782816960125665	0.19449465185772244	0.15269118096691314	-2.4600313047135987	0.05977835400479239	0.5484103583837773	False	False	False	False
sp|P48735|IDHP_HUMAN	psvid_32184_sp|P48735|IDHP_HUMAN	-0.3580595600081131	-0.7131835461133418	-0.002935573902884514	0.1422930392515445	-2.516353307874311	0.04868025166811436	0.4899593317503977	0.23289585231777155	4.651364177849876	0.024328090604949896	0.15597464731471553	0.1569382588289171	-2.281531365773875	0.07412884539090926	0.5577584254514466	False	False	False	False
sp|P30046|DOPD_HUMAN	psvid_99364_sp|P30046|DOPD_HUMAN	0.41777498612623176	0.0023334450016942454	0.8332165272507692	0.16646141018601726	2.5097407600919435	0.04909915485480725	0.4899593317503977	0.2446088732250672	3.682923283256744	0.05022666811753651	0.22411306993911914	0.16246309819401464	2.571506950011022	0.05237813336583932	0.5484103583837773	False	False	False	False
sp|P11717|MPRI_HUMAN	psvid_46919_sp|P11717|MPRI_HUMAN	-0.32002155476653216	-0.6384048769699472	-0.0016382325631171257	0.1275715872087094	-2.5085644991072438	0.049174074132556075	0.4899593317503977	0.223925331308743	6.013773484351445	0.011857236543205191	0.10889093875619399	0.15276351306867966	-2.0948821373507975	0.0932197619145062	0.5615029827479354	False	False	False	False
sp|Q16836|HCDH_HUMAN	psvid_53988_sp|Q16836|HCDH_HUMAN	-0.3153122229853548	-0.6292373487396444	-0.0013870972310651153	0.12578525244353664	-2.5067503293114135	0.0492898635540317	0.4899593317503977	0.16333078930607678	4.049154751263222	0.03748545329495724	0.19361160423630924	0.12622643772068506	-2.4979887627271897	0.057136671463574595	0.5484103583837773	False	False	False	False
sp|P00918|CAH2_HUMAN	psvid_86295_sp|P00918|CAH2_HUMAN	-0.3036678460680984	-0.607079991557999	-0.0002557005781977373	0.12157285347320027	-2.4978260968024366	0.0498637159639882	0.4914500981781187	0.1509703396437294	4.047986482346431	0.03751962454383322	0.19369983103718294	0.12127405774827324	-2.503980255187117	0.056731544891499654	0.5484103583837773	False	False	False	False
sp|O75746|S2512_HUMAN	psvid_53032_sp|O75746|S2512_HUMAN	-0.37334588774964605	-0.7467543902463192	6.261474702712322e-05	0.149619380220843	-2.4953043328917386	0.050027164300606324	0.4914500981781187	0.2033380669586563	3.718611084443837	0.04880071070803779	0.22090882894994893	0.14339256566458228	-2.6036627911586483	0.050435873394019004	0.5479662261337713	False	False	False	False
sp|P06681|CO2_HUMAN	psvid_72746_sp|P06681|CO2_HUMAN	-0.32319543730696154	-0.6468679745535846	0.0004770999396614406	0.12969089909188372	-2.4920440799626444	0.05023932755004299	0.4914500981781187	0.1126629559030718	3.4976716956324347	0.05827469000253501	0.24140151201377139	0.10733617164058136	-3.0110579906761714	0.0316797591716436	0.5404618371265411	False	False	False	False
sp|P54707|AT12A_HUMAN	psvid_41279_sp|P54707|AT12A_HUMAN	0.6609640474436811	-0.0021467406291615365	1.3240748355165237	0.26569889133710184	2.48764322695307	0.05052724314058409	0.4914500981781187	0.38412224925464766	1.7267226489021295	0.13371402958719508	0.36566928991534836	0.23252838380728527	2.8425091019919293	0.038279937325517356	0.5404618371265411	False	False	False	False
sp|O75874|IDHC_HUMAN	psvid_25224_sp|O75874|IDHC_HUMAN	-0.1611698373041186	-0.32308396682745744	0.0007442922192202328	0.06487664728120401	-2.4842504053197665	0.050750414456174175	0.4914500981781187	0.046649969549251734	5.396188358388956	0.015758877804079283	0.1255343690153389	0.0905701279177329	-1.7795032535508084	0.13830184491327024	0.5877124357501189	False	False	False	False
sp|O95232|LC7L3_HUMAN	psvid_55565_sp|O95232|LC7L3_HUMAN	0.75	-0.008031985712510847	1.5080319857125108	0.30373244082970835	2.4692785464444262	0.05174787830968559	0.4914500981781187	0.48893800808485205	0.771240625180289	0.12034623512854109	0.3469095489151907	0.2879960047846411	2.604202792885402	0.05040394466242147	0.5479662261337713	False	False	False	False
sp|P09871|C1S_HUMAN	psvid_29297_sp|P09871|C1S_HUMAN	-0.3230756962517711	-0.6496294294107906	0.0034780369072483497	0.13084535257600446	-2.4691415468050755	0.0517571016601763	0.4914500981781187	0.2153433612887761	4.9675429786241505	0.01997284164164811	0.1413253043217955	0.14881966706937236	-2.1709207029818796	0.08487126306062139	0.5615029827479354	False	False	False	False
sp|O43776|SYNC_HUMAN	psvid_59595_sp|O43776|SYNC_HUMAN	-0.6842413985415515	-1.3761537643531971	0.007670967270094198	0.277239266507591	-2.4680537037952974	0.051830401818292994	0.4914500981781187	0.4177329385998854	2.0308425748116425	0.12928667015127737	0.3595645563056478	0.2501452872376269	-2.735375933313317	0.043273538422954456	0.5404618371265411	False	False	False	False
sp|P16671|CD36_HUMAN	psvid_70753_sp|P16671|CD36_HUMAN	-0.8101369957694969	-1.6301637577563597	0.009889766217365814	0.3285728500359261	-2.46562366817866	0.05199454103131208	0.4914500981781187	0.5537519417868372	2.5587459589135504	0.10922315204621803	0.3304892616201289	0.32289931294766616	-2.5089461738830017	0.056398160634951816	0.5484103583837773	False	False	False	False
sp|Q9Y277|VDAC3_HUMAN	psvid_42268_sp|Q9Y277|VDAC3_HUMAN	-0.2140104668085805	-0.43072082379576626	0.0026998901786053076	0.08683270220969125	-2.4646298152943484	0.05206183159721967	0.4914500981781187	0.058872729490305614	4.406462982907339	0.02873888946543991	0.16952548323317032	0.09278945534292926	-2.306409343794995	0.07192106105201412	0.5484103583837773	False	False	False	False
sp|P80404|GABT_HUMAN	psvid_57994_sp|P80404|GABT_HUMAN	-0.22224566872287266	-0.44740995082919455	0.002918613383449231	0.09022006759719961	-2.4633728907754784	0.052147067012896564	0.4914500981781187	0.1143719811936135	4.961809239985358	0.020040930462791578	0.1415659933133363	0.10790492739290518	-2.059643373964083	0.09738190122565968	0.5615029827479354	False	False	False	False
sp|P21796|VDAC1_HUMAN	psvid_27241_sp|P21796|VDAC1_HUMAN	-0.20008160752771365	-0.4028080088844637	0.0026447938290364292	0.08122953366780675	-2.463163316263268	0.052161293299938766	0.4914500981781187	0.12027022268513343	6.045591177502573	0.011704645680864722	0.10818801080001758	0.10990963750980268	-1.8204191375835324	0.1313536969892039	0.5703244574634503	False	False	False	False
sp|P39060|COIA1_HUMAN	psvid_46243_sp|P39060|COIA1_HUMAN	-0.5110985298396135	-1.0297093224200156	0.0075122627407887554	0.20779983541593636	-2.4595713890561477	0.052405764431358096	0.4916159806179783	0.29108180712552817	2.934110644336337	0.0882820285603588	0.29712291826844794	0.18506446709977328	-2.761732372774004	0.04198072717876823	0.5404618371265411	False	False	False	False
sp|Q92887|MRP2_HUMAN	psvid_48191_sp|Q92887|MRP2_HUMAN	-0.5288693043549839	-1.0667732706178303	0.009034661907862396	0.21553033075699002	-2.4538045410939535	0.052800823431826495	0.4929559404988542	0.32657712496050334	3.1373979262599105	0.07673998825722267	0.2770198336892553	0.20289417330052328	-2.6066263794161895	0.050260920533100904	0.5479662261337713	False	False	False	False
sp|P07858|CATB_HUMAN	psvid_79845_sp|P07858|CATB_HUMAN	-0.23558653334763258	-0.47559528369897974	0.004422217003714618	0.09616803108404726	-2.4497385533633187	0.05308127304023999	0.4929559404988542	0.09391218755041927	4.351837722318008	0.02987781101795323	0.17285199165168225	0.10148375810189388	-2.3214210604133716	0.07062344237960032	0.5484103583837773	False	False	False	False
sp|P06744|G6PI_HUMAN	psvid_55291_sp|P06744|G6PI_HUMAN	-0.37632383981043716	-0.7600929918467181	0.007445312225843825	0.15377074247541644	-2.4473045636142428	0.053249915870388013	0.4929559404988542	0.2574901376771075	4.614107404462019	0.024932852419689237	0.15790140094276947	0.1686263838632681	-2.23170201002224	0.07877477311925346	0.5577584254514466	False	False	False	False
sp|P67809|YBOX1_HUMAN	psvid_48893_sp|P67809|YBOX1_HUMAN	-0.36048019835744727	-0.7285433822281764	0.007582985513281848	0.1474775884444123	-2.444304942600282	0.05345853531021262	0.4929559404988542	0.23586497432088216	4.38255652670236	0.029229628587402898	0.17096674702234613	0.1583311185698831	-2.2767488893747756	0.0745616226163741	0.5577584254514466	False	False	False	False
sp|Q96LZ7|RMD2_HUMAN	psvid_23498_sp|Q96LZ7|RMD2_HUMAN	-0.2245821455262742	-0.4542676606652687	0.00510336961272026	0.09203166020866806	-2.4402705005762986	0.05374049963942704	0.49345619796033224	0.018889401691726034	4.0854742059161016	0.03644276110091839	0.19089987192483496	0.08734363367664745	-2.571248024300132	0.05239410493572591	0.5484103583837773	False	False	False	False
sp|P26572|MGAT1_HUMAN	psvid_71578_sp|P26572|MGAT1_HUMAN	-0.47309775647835106	-0.9580135818611883	0.011818068904486223	0.19429874994264504	-2.4348986116380296	0.05411839890420515	0.4939798223888468	0.25068949726737133	2.8975129256828565	0.09039202461465651	0.30065266440638194	0.16536166368326177	-2.860988127118359	0.03748563733220407	0.5404618371265411	False	False	False	False
sp|Q9NZJ7|MTCH1_HUMAN	psvid_45889_sp|Q9NZJ7|MTCH1_HUMAN	-0.7029502067721991	-1.4242217662310406	0.018321352686642478	0.2890030702986316	-2.4323278159149977	0.054300248464904784	0.4939798223888468	0.4785885614938443	2.832678229287545	0.09412553294677979	0.306798847694674	0.28245779541219806	-2.4886911184248444	0.05777166761030442	0.5484103583837773	False	False	False	False
sp|P21695|GPDA_HUMAN	psvid_88138_sp|P21695|GPDA_HUMAN	-0.2823207542362418	-0.5723039971912824	0.007662488718798766	0.11619208666987935	-2.4297760917089053	0.05448139250158486	0.4939798223888468	0.13774381541457356	4.0854742059161016	0.03644276110091839	0.19089987192483496	0.11620057241956015	-2.4295986530675515	0.06199327843059692	0.5484103583837773	False	False	False	False
sp|P51690|ARSL_HUMAN	psvid_62262_sp|P51690|ARSL_HUMAN	-0.2469527418648627	-0.502349398215939	0.008443914486213677	0.1023337422105543	-2.4132093337967757	0.05567320065948785	0.49644878114859287	0.1424478577651929	4.829812350459461	0.02171238086233376	0.1473512160191892	0.1179763646293345	-2.093239121588076	0.09340955601938407	0.5615029827479354	False	False	False	False
sp|P17568|NDUB7_HUMAN	psvid_50327_sp|P17568|NDUB7_HUMAN	-0.603759374819711	-1.230007103569338	0.022488353929916105	0.25092839722112276	-2.4061022248018706	0.05619295539182939	0.49644878114859287	0.34500110992016714	1.5943609377704335	0.1340503440357662	0.36612886260955474	0.2122966498151859	-2.8439420751354842	0.03821767173226264	0.5404618371265411	False	False	False	False
sp|P30273|FCERG_HUMAN	psvid_67242_sp|P30273|FCERG_HUMAN	0.603759374819711	-0.022488353929915994	1.230007103569338	0.2509283972211227	2.406102224801871	0.05619295539182939	0.49644878114859287	0.3450011099201671	1.5943609377704335	0.1340503440357662	0.36612886260955474	0.21229664981518587	2.8439420751354847	0.03821767173226264	0.5404618371265411	False	False	False	False
sp|P34897|GLYM_HUMAN	psvid_50504_sp|P34897|GLYM_HUMAN	-0.20055132787267504	-0.408750942265997	0.007648286520646919	0.0834225708827422	-2.404041565136702	0.05634461749793317	0.49644878114859287	0.07730537816212776	4.720623043159026	0.02325987164943924	0.1525118737982038	0.09696311651851731	-2.0683259271516423	0.09633836769831486	0.5615029827479354	False	False	False	False
sp|P17066|HSP76_HUMAN	psvid_39366_sp|P17066|HSP76_HUMAN	-0.22929793129397735	-0.4673626216463696	0.008766759058414897	0.09538907439128057	-2.403817552033373	0.05636113078959061	0.49644878114859287	0.13167870183433192	5.03407887605724	0.019208269976378072	0.1385939030995883	0.11396055877164508	-2.0120814935055384	0.10331483879704237	0.5630169624789237	False	False	False	False
sp|O75911|DHRS3_HUMAN	psvid_43424_sp|O75911|DHRS3_HUMAN	0.25240672373502293	-0.010119017744826986	0.5149324652148728	0.10519026339680723	2.3995255414740604	0.056678514556871916	0.49644878114859287	0.09209860128893986	4.025629216569891	0.038181218023919807	0.1954001484746616	0.10095799988149362	2.50011612780862	0.05699246203894182	0.5484103583837773	False	False	False	False
sp|P51809|VAMP7_HUMAN	psvid_61910_sp|P51809|VAMP7_HUMAN	-1.042481250360578	-2.1268527660901455	0.04189026536898921	0.4344919653082603	-2.3993107665891262	0.056694446438401734	0.49644878114859287	0.7676905987705336	2.063721875540867	0.12848901846357322	0.35845364897511256	0.43984130664028415	-2.3701303961729803	0.06658531577101406	0.5484103583837773	False	False	False	False
sp|P14314|GLU2B_HUMAN	psvid_46066_sp|P14314|GLU2B_HUMAN	-0.14814392120775755	-0.3024572136744136	0.006169371258898465	0.061831101928120816	-2.3959450274713867	0.05694473738978178	0.49644878114859287	0.07653650707560691	6.544153510254198	0.00974943205921932	0.0987392123688422	0.09677048249474535	-1.5308792246210179	0.18932668858900703	0.6255833820291156	False	False	False	False
sp|Q15005|SPCS2_HUMAN	psvid_62542_sp|Q15005|SPCS2_HUMAN	-0.20745058867158783	-0.42354420187815844	0.008643024534982807	0.08658558190687618	-2.3959022287879685	0.056947927631159474	0.49644878114859287	0.07995760689620175	4.603463785925365	0.025109666268260084	0.15846029871314796	0.09763935356993098	-2.124661635771771	0.08985008388900749	0.5615029827479354	False	False	False	False
sp|P63244|RACK1_HUMAN	psvid_68088_sp|P63244|RACK1_HUMAN	0.176215355447497	-0.00744103720885006	0.35987174810384404	0.07358845730376277	2.394605919242265	0.057044645365020595	0.49644878114859287	0.11204133821106892	6.876237731187618	0.008804405627139782	0.09383179432974616	0.10713068463067704	1.6448635239752538	0.16393043767026086	0.606130940638549	False	False	False	False
sp|Q15166|PON3_HUMAN	psvid_75382_sp|Q15166|PON3_HUMAN	-0.1437202719656916	-0.29383302666760325	0.006392482736220034	0.0601480072670374	-2.3894436157730174	0.05743153875686724	0.4978165779445253	0.049043974992561	5.812808352287822	0.012916434927803457	0.11365049462190412	0.09096828173493654	-1.5798943238750387	0.17795938200397685	0.6160351131032233	False	False	False	False
sp|P15311|EZRI_HUMAN	psvid_30602_sp|P15311|EZRI_HUMAN	-0.2407631247650992	-0.49362207590216517	0.012095826371966767	0.10131692047573904	-2.376336781996364	0.05842640649215225	0.4982716961717247	0.13121332254595938	4.645177414902371	0.02442701492764634	0.15629144227259	0.11379107317978357	-2.1158349072313154	0.09083510335916281	0.5615029827479354	False	False	False	False
sp|P06733|ENOA_HUMAN	psvid_41467_sp|P06733|ENOA_HUMAN	-0.14407037858122518	-0.2954898378791628	0.0073490807167124195	0.06067158487837173	-2.3745939531667575	0.058560065747090814	0.4982716961717247	0.029292490712320565	5.492380827608272	0.015011485116097843	0.12252136595752532	0.08824429462685343	-1.632631086127844	0.1664846006928322	0.6094123812523098	False	False	False	False
sp|Q9Y2Q3|GSTK1_HUMAN	psvid_39406_sp|Q9Y2Q3|GSTK1_HUMAN	-0.2318853958411573	-0.4762631214738443	0.012492329791529672	0.09791861621915693	-2.3681441261604648	0.05905753573717457	0.4982716961717247	0.034459312083359665	3.956111610696747	0.04033260974977071	0.20082980294211988	0.08883119890706656	-2.610404888081621	0.050038833923934815	0.5479662261337713	False	False	False	False
sp|Q58FG0|HS905_HUMAN	psvid_40567_sp|Q58FG0|HS905_HUMAN	0.7010199475061859	-0.03778545498908137	1.439825350001453	0.2960286273238708	2.3680816069833455	0.059062379652686424	0.4982716961717247	0.4780696542951472	2.491070579808361	0.11259767975988481	0.3355557774199169	0.2821804084389359	2.4842970190040226	0.05807446678233954	0.5484103583837773	False	False	False	False
sp|P40939|ECHA_HUMAN	psvid_56092_sp|P40939|ECHA_HUMAN	0.21057087340859537	-0.01168459959806159	0.4328263464152523	0.08905454990876269	2.3645156100876084	0.05933936710319059	0.4982716961717247	0.15417270579998196	8.349588949864518	0.006561052715427111	0.08100032540321743	0.12253858461927437	1.7184046483222901	0.14938549014956165	0.5972476435344202	False	False	False	False
sp|P02751|FINC_HUMAN	psvid_28124_sp|P02751|FINC_HUMAN	-0.21440595037375987	-0.44088247357722693	0.012070572829707193	0.09074586360436719	-2.3627076966122065	0.05948032153386594	0.4982716961717247	0.11210881755218312	4.879592103971678	0.021057873931209475	0.14511331410731917	0.10715295516740245	-2.0009336190383054	0.1047599831754393	0.5630169624789237	False	False	False	False
sp|P54727|RD23B_HUMAN	psvid_72712_sp|P54727|RD23B_HUMAN	-0.8860801290559523	-1.8234755770183768	0.05131531890647223	0.37560078307865263	-2.359100856481449	0.05976259038037143	0.4982716961717247	0.6399647060043412	1.3392806897082652	0.13231311307748667	0.3637486949495306	0.3697755976582675	-2.3962644767998826	0.06452304228391666	0.5484103583837773	False	False	False	False
sp|P52272|HNRPM_HUMAN	psvid_25963_sp|P52272|HNRPM_HUMAN	0.4020872141878362	-0.024375188901910205	0.8285496172775826	0.1708773100000519	2.353075514752158	0.06023729816932599	0.4982716961717247	0.30276156154800205	5.028252786990182	0.019273382728770504	0.13882860918690537	0.19088530647288768	2.1064335522595425	0.09189693669440259	0.5615029827479354	False	False	False	False
sp|Q4G148|GXLT1_HUMAN	psvid_60419_sp|Q4G148|GXLT1_HUMAN	-0.542481250360578	-1.1194122495420897	0.03444974882093377	0.23116789775963534	-2.346698030384138	0.060744100316484535	0.4982716961717247	0.29075150516342774	1.417481250360578	0.1331521921692157	0.3649002496151732	0.18490057468012464	-2.933907865343647	0.03452703088851342	0.5404618371265411	False	False	False	False
sp|Q9UL46|PSME2_HUMAN	psvid_85740_sp|Q9UL46|PSME2_HUMAN	-0.4453399283811649	-0.9195888398668846	0.028908983104554864	0.19002467199454035	-2.343590038634352	0.06099271759956951	0.4982716961717247	0.236070019742818	2.876347425219384	0.091612311206419	0.30267525701057724	0.158427504497718	-2.811001345966284	0.03967817562823893	0.5404618371265411	False	False	False	False
sp|Q13162|PRDX4_HUMAN	psvid_68755_sp|Q13162|PRDX4_HUMAN	-0.17701901543558995	-0.365544292996206	0.01150626212502609	0.0755393489863908	-2.343401390280472	0.06100784273719485	0.4982716961717247	0.11219667303076503	6.459816483526922	0.010029635709217563	0.10014806892405646	0.10718196369211608	-1.6515746617974199	0.162545879791472	0.6052180781926458	False	False	False	False
sp|P30101|PDIA3_HUMAN	psvid_68778_sp|P30101|PDIA3_HUMAN	-0.09068066817074572	-0.18754435593846275	0.006183019596971304	0.038811877160831905	-2.3364154172439426	0.06157075510275808	0.4982716961717247	0.014717821837673539	8.711776542790078	0.006301232183585946	0.07938030097943662	0.0870900550466209	-1.0412287387142274	0.3477951198655818	0.7215079141157084	False	False	False	False
sp|Q6UWW8|EST3_HUMAN	psvid_62167_sp|Q6UWW8|EST3_HUMAN	-0.75	-1.5512708264495743	0.05127082644957426	0.32105761824075246	-2.3360292900372643	0.06160202799489696	0.4982716961717247	0.5217217908134211	2.063721875540867	0.12848901846357322	0.35845364897511256	0.30560675914641316	-2.4541342020537003	0.06020067893430487	0.5484103583837773	False	False	False	False
sp|Q08257|QOR_HUMAN	psvid_93173_sp|Q08257|QOR_HUMAN	-0.41739424491561605	-0.8634513348083277	0.028662844977095536	0.17872861728277054	-2.3353520620329498	0.0616569180367265	0.4982716961717247	0.27615737903584603	3.705157606708643	0.049333508995911796	0.22211147875765402	0.17770159783875644	-2.3488491380609466	0.06831779133635389	0.5484103583837773	False	False	False	False
sp|Q66PJ3|AR6P4_HUMAN	psvid_882652_sp|Q66PJ3|AR6P4_HUMAN	-0.5804820237218404	-1.2009623174816837	0.039998270038002715	0.24861746952969138	-2.334840044908895	0.06169845188127836	0.4982716961717247	0.3549178728525311	0.7902410118609202	0.12086285880991435	0.3476533601303378	0.21739315504482723	-2.670194577203422	0.04666567648600965	0.5436802201353921	False	False	False	False
sp|Q9BTV4|TMM43_HUMAN	psvid_35234_sp|Q9BTV4|TMM43_HUMAN	-0.672153570686076	-1.3906724394370036	0.04636529806485168	0.28790010698926927	-2.334676349082179	0.061711736809910385	0.4982716961717247	0.4997962917314288	3.3202362700936803	0.06695290277223552	0.25875258988507827	0.29381792816374824	-2.2876533603200575	0.07357881874944204	0.5555585373869021	False	False	False	False
sp|P0DOY2|IGLC2_HUMAN	psvid_30853_sp|P0DOY2|IGLC2_HUMAN	-0.4767226489021297	-0.9890121741435995	0.03556687633934019	0.20526699512135912	-2.322451539860458	0.06271244766262547	0.4982716961717247	0.26373578436109446	2.7012985848050795	0.10157249003080307	0.3187043928639878	0.17164486167701276	-2.777377919993826	0.04123373545445153	0.5404618371265411	False	False	False	False
sp|P0DOY3|IGLC3_HUMAN	psvid_166891_sp|P0DOY3|IGLC3_HUMAN	-0.4767226489021297	-0.9890121741435995	0.03556687633934019	0.20526699512135912	-2.322451539860458	0.06271244766262547	0.4982716961717247	0.26373578436109446	2.7012985848050795	0.10157249003080307	0.3187043928639878	0.17164486167701276	-2.777377919993826	0.04123373545445153	0.5404618371265411	False	False	False	False
sp|P51687|SUOX_HUMAN	psvid_74097_sp|P51687|SUOX_HUMAN	-0.23545314648276017	-0.48870487218168635	0.01779857921616601	0.10147429955553801	-2.320322953832207	0.06288843659740291	0.4982716961717247	0.11718251375641549	4.410119757734051	0.02866485859010115	0.16930699510091468	0.10885220714890205	-2.1630534892202697	0.08569670337102882	0.5615029827479354	False	False	False	False
sp|Q15070|OXA1L_HUMAN	psvid_75881_sp|Q15070|OXA1L_HUMAN	-0.7267226489021295	-1.508484058191482	0.05503876038722311	0.3132404772692282	-2.3200151373716493	0.06291392961641652	0.4982716961717247	0.5005398074846721	1.8633613244510647	0.13237581309207325	0.3638348706378668	0.2942169924093091	-2.470022696347622	0.059070217921563146	0.5484103583837773	False	False	False	False
sp|Q8WUM4|PDC6I_HUMAN	psvid_52098_sp|Q8WUM4|PDC6I_HUMAN	-0.7091253169292797	-1.472737215428007	0.05448658156944752	0.30596823108937843	-2.3176436141899073	0.06311070272607797	0.4982716961717247	0.5105459528050835	2.7137405439989433	0.100878973221024	0.31761450410997294	0.2995924755247912	-2.366966378868884	0.06683983477619446	0.5484103583837773	False	False	False	False
sp|P54652|HSP72_HUMAN	psvid_52200_sp|P54652|HSP72_HUMAN	-0.28953152481918276	-0.6013988292334342	0.022335779595068717	0.12496071322859341	-2.316980411991858	0.06316584696754274	0.4982716961717247	0.20789092460709893	5.238041522820785	0.017130928565345375	0.13088517320669052	0.1454377611472927	-1.9907589510124437	0.10609758216416625	0.564897937468669	False	False	False	False
sp|Q9Y5M8|SRPRB_HUMAN	psvid_78879_sp|Q9Y5M8|SRPRB_HUMAN	0.13305008304323707	-0.010330372042627878	0.276430538129102	0.05745047229051957	2.315909299586261	0.0632550157370307	0.4982716961717247	0.022341533628132983	5.670622375845594	0.013777649298573802	0.11737823179181821	0.08760033105178495	1.5188308245614333	0.1922286640244938	0.6311507802137546	False	False	False	False
sp|P05546|HEP2_HUMAN	psvid_74899_sp|P05546|HEP2_HUMAN	-1.153382913229482	-2.3963769041751832	0.08961107771621935	0.49804969436973356	-2.315798857559891	0.06326421745021316	0.4982716961717247	0.9128509416735779	2.737655504058422	0.0995374912711815	0.31549562797474945	0.5200267472061786	-2.217929980382706	0.08011361397895006	0.5578145706608548	False	False	False	False
sp|P05165|PCCA_HUMAN	psvid_71252_sp|P05165|PCCA_HUMAN	-0.37052019982256235	-0.7699216528668131	0.028881253221688385	0.1600343791430334	-2.3152537711375363	0.06330965318588963	0.4982716961717247	0.23282986383893672	3.7466668444568905	0.04770811876341522	0.21842188251962125	0.1569073635527949	-2.361394592535441	0.06729062160417766	0.5484103583837773	False	False	False	False
sp|P20648|ATP4A_HUMAN	psvid_31806_sp|P20648|ATP4A_HUMAN	0.5175973319728496	-0.042914653522514334	1.0781093174682135	0.22458903671299682	2.304642023262646	0.0642010899102313	0.4982716961717247	0.29045720841599254	2.316003338610395	0.1203038833067168	0.34684850195253375	0.1847545821517796	2.801539891160226	0.04010915622058762	0.5404618371265411	False	False	False	False
sp|P05198|IF2A_HUMAN	psvid_48242_sp|P05198|IF2A_HUMAN	-0.19027277900466766	-0.3963554169430735	0.015809858933738208	0.08257432906979771	-2.3042606721495194	0.0642333705867685	0.4982716961717247	0.08546350062996581	4.877457143738575	0.0210853257825453	0.1452078709386833	0.09909997405225042	-1.9200083635172944	0.1159095624433137	0.5703244574634503	False	False	False	False
sp|P26641|EF1G_HUMAN	psvid_74056_sp|P26641|EF1G_HUMAN	-0.519291965130615	-1.082427931258949	0.04384400099771901	0.2256404277589733	-2.3014136708042283	0.0644749054922544	0.4982716961717247	0.331472841080873	2.8633172915171112	0.09236307001035446	0.3039129316273897	0.20538377000199215	-2.528398252333074	0.05511288546579322	0.5484103583837773	False	False	False	False
sp|O95139|NDUB6_HUMAN	psvid_89961_sp|O95139|NDUB6_HUMAN	-0.6260106263343973	-1.3058186801666984	0.05379742749790395	0.272389243960594	-2.2982208006163454	0.06474692271650224	0.4982716961717247	0.44943623292301493	2.9850678904504933	0.08535143112446576	0.2921496724702353	0.2669206572382729	-2.3453060276843782	0.06861097020177562	0.5484103583837773	False	False	False	False
sp|P04114|APOB_HUMAN	psvid_1633337_sp|P04114|APOB_HUMAN	-0.27015801394670325	-0.5638928993591281	0.023576871465721627	0.11769531548103648	-2.2954015870770332	0.0649881116817923	0.4982716961717247	0.2066631359762194	6.45196671115765	0.010056644586247613	0.1002828229870281	0.14488462240194186	-1.86464242697355	0.12424757465285835	0.5703244574634503	False	False	False	False
sp|Q8IZ81|ELMD2_HUMAN	psvid_65291_sp|Q8IZ81|ELMD2_HUMAN	-0.4219433265762331	-0.8811466442510179	0.037259991098551604	0.1839961204056094	-2.2932186050775534	0.06517552009414858	0.4982716961717247	0.29698116482500836	3.8581503221836826	0.0436123906203035	0.20883579822507323	0.18799844144768732	-2.244398003127295	0.07756190126569676	0.5577584254514466	False	False	False	False
sp|Q9UP52|TFR2_HUMAN	psvid_36362_sp|Q9UP52|TFR2_HUMAN	-0.19330072371215024	-0.4041109650875421	0.017509517663241603	0.08446861131415574	-2.2884325988647545	0.06558839250115381	0.4982716961717247	0.07961488310124268	4.69820057497652	0.023597981006255906	0.15361634355190174	0.09755095324663661	-1.9815359796990493	0.10732561823336008	0.5676184800256374	False	False	False	False
sp|P02786|TFR1_HUMAN	psvid_47937_sp|P02786|TFR1_HUMAN	-0.6367068429585963	-1.3314655056919744	0.05805181977478191	0.27837973647146896	-2.287188180537171	0.06569619479486236	0.4982716961717247	0.48833794126362	3.529725934215392	0.056805610349478265	0.23833927571736527	0.28767459981191096	-2.21328835905183	0.08057035561460432	0.5578145706608548	False	False	False	False
sp|P25325|THTM_HUMAN	psvid_44389_sp|P25325|THTM_HUMAN	-0.43424139854155175	-0.9080857301768405	0.03960293309373697	0.1898625627065445	-2.287135453937405	0.06570076654758422	0.4982716961717247	0.21957560311052737	2.7261641024091468	0.1001834075923821	0.3165176260374485	0.15075822542312	-2.880382793859533	0.03667182254608493	0.5404618371265411	False	False	False	False
sp|P62328|TYB4_HUMAN	psvid_18957_sp|P62328|TYB4_HUMAN	-0.5666966351737255	-1.1860154707415802	0.05262220039412935	0.24815209004937475	-2.283666581494317	0.06600227837297093	0.4982716961717247	0.37183280498531135	2.6314276732815527	0.10539894473946929	0.32465203640123574	0.2261377883167291	-2.50597938271161	0.056597074323202726	0.5484103583837773	False	False	False	False
sp|P01031|CO5_HUMAN	psvid_39328_sp|P01031|CO5_HUMAN	-0.2885917529824076	-0.6042217062312745	0.02703820026645931	0.12646835213574134	-2.281928625690129	0.06615388756800805	0.4982716961717247	0.21141665973345605	5.247657408081164	0.017041982837940298	0.13054494566217528	0.14703257644926274	-1.9627742365107326	0.10987011825652605	0.5701980619845392	False	False	False	False
sp|Q9Y5K3|PCY1B_HUMAN	psvid_67456_sp|Q9Y5K3|PCY1B_HUMAN	0.6842413985415515	-0.0661498383493625	1.4346326354324654	0.3006709034103224	2.275715377778922	0.06669889924696422	0.4982716961717247	0.4751728414609173	2.086440680145755	0.12790111956757216	0.3576326600963231	0.28063241302946623	2.438212290430281	0.06135737534757959	0.5484103583837773	False	False	False	False
sp|O75153|CLU_HUMAN	psvid_37447_sp|O75153|CLU_HUMAN	-0.5567463831592319	-1.1702755376405913	0.05678277132212772	0.24583224866910122	-2.2647410426149253	0.06767311156852043	0.4982716961717247	0.43757293513756157	4.037416594717987	0.03783059073932813	0.19450087593460377	0.26062731422491087	-2.136178185371554	0.08858201726635143	0.5615029827479354	False	False	False	False
sp|P78527|PRKDC_HUMAN	psvid_40998_sp|P78527|PRKDC_HUMAN	-0.2902725860168873	-0.610222786997749	0.02967761496397442	0.128199412847374	-2.2642271097018773	0.06771909943502274	0.4982716961717247	0.22258862476995764	5.754399555217361	0.013258077317703286	0.11514372461277812	0.15214590908987682	-1.9078566604470135	0.11768826615608013	0.5703244574634503	False	False	False	False
sp|Q86WU2|LDHD_HUMAN	psvid_83402_sp|Q86WU2|LDHD_HUMAN	-0.7499999999999999	-1.5777811463951141	0.07778114639511446	0.33167991958951004	-2.261216177717983	0.06798918497287627	0.4982716961717247	0.5532083052475953	2.3517226489021295	0.11885924386526973	0.34475969002374646	0.32260517489153256	-2.324823215412361	0.07033290783952784	0.5484103583837773	False	False	False	False
sp|Q9Y6M9|NDUB9_HUMAN	psvid_75621_sp|Q9Y6M9|NDUB9_HUMAN	-0.2877664935477491	-0.6062786233421373	0.030745636246639174	0.12762319854535625	-2.254813363304628	0.06856729675863443	0.4982716961717247	0.14771045313281192	3.8129276159820256	0.045226666910447334	0.21266562230517497	0.12000082593525305	-2.3980376076995897	0.06438567120421486	0.5484103583837773	False	False	False	False
sp|P22033|MUTA_HUMAN	psvid_41173_sp|P22033|MUTA_HUMAN	-0.3410757616522905	-0.7187383078712508	0.036586784566669917	0.15132391394437988	-2.253944883937215	0.0686461087070603	0.4982716961717247	0.17973990604836612	3.426129834083259	0.06166513407206573	0.248324654579576	0.1330761418150431	-2.563012099692049	0.05290494929497115	0.5484103583837773	False	False	False	False
sp|P11766|ADHX_HUMAN	psvid_81665_sp|P11766|ADHX_HUMAN	0.36104596123458976	-0.03888238902413793	0.7609743114933174	0.16024549922772088	2.2530801986614075	0.06872467085078343	0.4982716961717247	0.1558669301162013	3.022922317186964	0.0831857710592609	0.288419435994284	0.12321295997753104	2.930259619608438	0.034668649288953524	0.5404618371265411	False	False	False	False
sp|O43707|ACTN4_HUMAN	psvid_33314_sp|O43707|ACTN4_HUMAN	-0.19031488096945548	-0.4011617226984999	0.020531960759588963	0.08448327654591332	-2.2526929441003256	0.06875988598501816	0.4982716961717247	0.13168312052125894	6.285521103642635	0.010669395547593219	0.10329276619199051	0.11396216967036185	-1.6699829559225274	0.1588081810792935	0.604442868568546	False	False	False	False
sp|O14735|CDIPT_HUMAN	psvid_34903_sp|O14735|CDIPT_HUMAN	-0.4999999999999999	-1.0543397675515749	0.05433976755157521	0.2221159183529084	-2.251076841802828	0.06890705145106944	0.4982716961717247	0.2690951400276954	2.0192038992627075	0.12955394047423388	0.3599360227515911	0.17424962448853326	-2.8694466428127257	0.03712824331204284	0.5404618371265411	False	False	False	False
sp|O15155|BET1_HUMAN	psvid_90448_sp|O15155|BET1_HUMAN	-0.47672264890212956	-1.0063867412461058	0.0529414434418467	0.2122287325860962	-2.246268180057733	0.06934689627957327	0.4982716961717247	0.2474552347741902	2.2150839733531944	0.12401022033763438	0.3521508488384408	0.16381744657613817	-2.910084724587384	0.0354637098099156	0.5404618371265411	False	False	False	False
sp|P0C0L5|CO4B_HUMAN	psvid_24128_sp|P0C0L5|CO4B_HUMAN	-0.14122204206690014	-0.2983160322209826	0.015871948087182286	0.06294528722864963	-2.243568157118882	0.06959515606473998	0.4982716961717247	0.09100308374048136	7.53123572625165	0.0075039468464697286	0.08662532451003996	0.10064407444748237	-1.4031828782984337	0.2223789836048453	0.6587797905400207	False	False	False	False
sp|Q02543|RL18A_HUMAN	psvid_66518_sp|Q02543|RL18A_HUMAN	0.26489560887408503	-0.029988793092317	0.5597800108404871	0.11815591011990975	2.2419158601991	0.06974754000315839	0.4982716961717247	0.18786003121706002	5.0299785119308105	0.01925406000065047	0.13875899971047093	0.13656879690185225	1.9396495750376805	0.11309374661691479	0.5703244574634503	False	False	False	False
sp|Q14204|DYHC1_HUMAN	psvid_31713_sp|Q14204|DYHC1_HUMAN	-0.17687034988834505	-0.37397919680894165	0.020238497032251557	0.07897866094403523	-2.2394701021036107	0.06997374402548569	0.4982716961717247	0.10146100271034476	5.4885295632211335	0.015040244365720627	0.12263867402137316	0.1037510248216974	-1.7047576175012031	0.1519823560995266	0.5972476435344202	False	False	False	False
sp|Q5SWX8|ODR4_HUMAN	psvid_34034_sp|Q5SWX8|ODR4_HUMAN	-0.24351771363162156	-0.5151303037838277	0.028094876520584677	0.10883123208774016	-2.2375719631226505	0.07014982986148566	0.4982716961717247	0.11723943466799489	4.12381129432376	0.0353829096467424	0.18810345463797948	0.10887154348253476	-2.2367434670445983	0.07829072051502971	0.5577584254514466	False	False	False	False
sp|P09471|GNAO_HUMAN	psvid_12517_sp|P09471|GNAO_HUMAN	-0.4312850396923541	-0.9130777524121072	0.050507673027399	0.19304736391933217	-2.2340892459561026	0.07047412253586378	0.4982716961717247	0.2748989368191803	3.1998020045968194	0.07331747363449194	0.2707719956614641	0.17708490060662835	-2.4354704337576423	0.06155901444056432	0.5484103583837773	False	False	False	False
sp|Q96RQ3|MCCA_HUMAN	psvid_25196_sp|Q96RQ3|MCCA_HUMAN	-0.889741823047053	-1.8851541435365826	0.10567049744247681	0.3988473038509922	-2.2307830953257666	0.07078342835658406	0.4982716961717247	0.7061837787931122	2.623432290940057	0.1058282768903823	0.325312583356965	0.4060277848088063	-2.1913323578730504	0.0827691726322942	0.5615029827479354	False	False	False	False
sp|Q14974|IMB1_HUMAN	psvid_44398_sp|Q14974|IMB1_HUMAN	-0.3786432932074395	-0.8023457212902348	0.045059134875355844	0.16977142797753766	-2.230312236388431	0.07082759500554933	0.4982716961717247	0.18517551552053196	2.989239732812811	0.0851121793832462	0.29173991736347327	0.1354070926477436	-2.796332790280533	0.04034858027062487	0.5404618371265411	False	False	False	False
sp|P17844|DDX5_HUMAN	psvid_65510_sp|P17844|DDX5_HUMAN	-0.18676360294744787	-0.39580256277245796	0.02227535687756224	0.08375888444400477	-2.229776628320602	0.07087787024228716	0.4982716961717247	0.031612056223945105	4.376406309611729	0.029357797522786756	0.17134117287676875	0.08849648552714903	-2.1104070046957104	0.09144654944764152	0.5615029827479354	False	False	False	False
sp|Q6UWM9|UD2A3_HUMAN	psvid_26922_sp|Q6UWM9|UD2A3_HUMAN	-0.3447397599809363	-0.7307064563265104	0.041226936364637756	0.15465126666103593	-2.229142815470989	0.0709374118494351	0.4982716961717247	0.2728395344705695	5.303382859669924	0.016541043780300094	0.12861198925566814	0.17607715658328668	-1.9578903173499973	0.11054282696580245	0.5701980619845392	False	False	False	False
sp|Q15155|NOMO1_HUMAN	psvid_34734_sp|Q15155|NOMO1_HUMAN	-0.21058509130002334	-0.44666376566426297	0.025493583064216285	0.09459330654113975	-2.2262155642951056	0.07121308416361012	0.4982716961717247	0.14694925597657513	5.707225664441373	0.013546214930393319	0.11638820786657607	0.11970560439044467	-1.75919157981239	0.14189011136756383	0.5941131232648971	False	False	False	False
sp|Q9Y5J9|TIM8B_HUMAN	psvid_98593_sp|Q9Y5J9|TIM8B_HUMAN	-0.792481250360578	-1.6837491423040283	0.0987866415828722	0.3571181392809993	-2.21910108502501	0.07188777408010918	0.4982716961717247	0.6016998318386055	1.146240625180289	0.12925214064378515	0.35951653737176703	0.3489176871237439	-2.2712555986865866	0.07506210173730286	0.5577584254514466	False	False	False	False
sp|P68363|TBA1B_HUMAN	psvid_79043_sp|P68363|TBA1B_HUMAN	-0.09811862804171745	-0.20856302616085232	0.012325770077417406	0.044253471158162014	-2.2171961989386375	0.0720695542616841	0.4982716961717247	0.02559342831600166	7.378858689548595	0.0077528485278980765	0.08805026137325248	0.08788059598327226	-1.116499347141364	0.3174348955691	0.7023642335440156	False	False	False	False
sp|Q9Y265|RUVB1_HUMAN	psvid_26087_sp|Q9Y265|RUVB1_HUMAN	-0.6638379571531384	-1.4126455847478918	0.08496967044161496	0.3000363740950569	-2.212524928536907	0.07251736520160172	0.4982716961717247	0.4703195947172108	1.9124010022984097	0.13163899282621228	0.36282088256633227	0.2780409663769888	-2.3875544881147377	0.06520250409683018	0.5484103583837773	False	False	False	False
sp|O95255|MRP6_HUMAN	psvid_55070_sp|O95255|MRP6_HUMAN	-0.33446740968909605	-0.7122943052729536	0.04335948589476152	0.15138976635521464	-2.209313203537917	0.07282694508951953	0.4982716961717247	0.10355828685516698	2.954034936080105	0.08713465201195988	0.2951857923612854	0.10440276948868644	-3.2036258360496888	0.025662272522605133	0.5404618371265411	False	False	False	False
sp|Q99424|ACOX2_HUMAN	psvid_47377_sp|Q99424|ACOX2_HUMAN	-0.4531478926059378	-0.9658569151957247	0.059561129983849104	0.20543508163476154	-2.205796054889882	0.07316755111574731	0.4982716961717247	0.3333898219161044	3.6172538030652985	0.05295627521704668	0.23012230490990368	0.20636040452601337	-2.1959052350511112	0.08230594821282224	0.5615029827479354	False	False	False	False
sp|Q9BXK5|B2L13_HUMAN	psvid_91085_sp|Q9BXK5|B2L13_HUMAN	-0.5094919625497553	-1.0868232754777305	0.06783935037821998	0.23132829768154198	-2.2024627667953847	0.07349188922100933	0.4982716961717247	0.35233716432127443	2.958191279079137	0.08689550851055917	0.29478044119405067	0.21606460461331337	-2.3580538027576665	0.06756249759653359	0.5484103583837773	False	False	False	False
sp|P08697|A2AP_HUMAN	psvid_52443_sp|P08697|A2AP_HUMAN	-0.30214665545285413	-0.6452453412701834	0.040952030364475145	0.13747467554526802	-2.1978350140085436	0.0739446757201705	0.4982716961717247	0.1602752318469523	3.63889450646817	0.052041660136126246	0.22812641262275232	0.12498456176909672	-2.417471815527555	0.06290081189193769	0.5484103583837773	False	False	False	False
sp|Q5J8M3|EMC4_HUMAN	psvid_28301_sp|Q5J8M3|EMC4_HUMAN	-0.9767226489021295	-2.086445723221669	0.1330004254174102	0.4446499677600064	-2.1966101871603008	0.07406500184486867	0.4982716961717247	0.7903224734374066	0.9883613244510647	0.12588537986424508	0.3548032974258344	0.45231118887422256	-2.159404129119905	0.08608251887729249	0.5615029827479354	False	False	False	False
sp|Q8WXI7|MUC16_HUMAN	psvid_33803_sp|Q8WXI7|MUC16_HUMAN	-0.8157586014584485	-1.744537190455869	0.11301998753897224	0.3721481324582887	-2.1920265891697865	0.074517109174704	0.4982716961717247	0.6334217546046449	1.2383613244510647	0.13087589381835538	0.3617677346286639	0.3662038724219492	-2.22760779689001	0.07917025227992261	0.5577584254514466	False	False	False	False
sp|P14854|CX6B1_HUMAN	psvid_98045_sp|P14854|CX6B1_HUMAN	0.25444993651465087	-0.03530140500079265	0.5442012780300944	0.11609916712082557	2.191660309240998	0.07455336166976219	0.4982716961717247	0.17336761659286237	4.716992909607846	0.023314120945574463	0.15268962291385246	0.13038149724189177	1.951580108353716	0.11141839865083256	0.5701980619845392	False	False	False	False
sp|Q9Y3I0|RTCB_HUMAN	psvid_45007_sp|Q9Y3I0|RTCB_HUMAN	-0.2718623281664001	-0.5823262713877184	0.03860161505491827	0.12439840671840753	-2.1854164803074765	0.07517418393240725	0.4982716961717247	0.17942150319865627	4.370148149632724	0.029489034250884578	0.17172371487620625	0.1329405081138178	-2.044992395648462	0.09917005351676648	0.5615029827479354	False	False	False	False
sp|P02794|FRIH_HUMAN	psvid_71907_sp|P02794|FRIH_HUMAN	0.18438858228577804	-0.0264494559875946	0.3952266205591507	0.08447974912869435	2.1826364801922535	0.0754523323518163	0.4982716961717247	0.1079473407724232	5.214040472239343	0.01735625073995881	0.1317431240708934	0.10579615781568412	1.7428665283574476	0.14484302588356263	0.59467124087874	False	False	False	False
sp|Q8WWP7|GIMA1_HUMAN	psvid_43189_sp|Q8WWP7|GIMA1_HUMAN	-0.9999999999999999	-2.1451271592610546	0.1451271592610549	0.458835871966306	-2.179428551901525	0.07577463131531706	0.4982716961717247	0.816496580927726	1.3304820237218404	0.13220317063109024	0.36359753936336014	0.46674911012419873	-2.1424786428278497	0.0878963950435824	0.5615029827479354	False	False	False	False
sp|O00400|ACATN_HUMAN	psvid_70171_sp|O00400|ACATN_HUMAN	-0.2411515233662015	-0.5173029873030652	0.0349999405706623	0.11064989309310157	-2.1794103602368144	0.07577646311233041	0.4982716961717247	0.116145726173319	4.0513843369064455	0.03742034892021002	0.19344339978456235	0.10850105061112457	-2.2225731641116138	0.07965950847397427	0.5577584254514466	False	False	False	False
sp|P04843|RPN1_HUMAN	psvid_70578_sp|P04843|RPN1_HUMAN	-0.14365059880718944	-0.3081574086978326	0.020856211083453702	0.06591549676393714	-2.179314514182373	0.07578611502681615	0.4982716961717247	0.09295749339107715	6.89939042895057	0.00874687554756867	0.09352473227744985	0.10120605482278734	-1.4193873979054203	0.21789474395215203	0.6587797905400207	False	False	False	False
sp|P30838|AL3A1_HUMAN	psvid_72865_sp|P30838|AL3A1_HUMAN	-0.5555981053341119	-1.1926807809201265	0.08148457025190259	0.2552698035349774	-2.176513232823416	0.07606877749591168	0.4982716961717247	0.3659777959970095	2.1507623267494744	0.1260744413836593	0.3550696289232005	0.2231038814542146	-2.4903112474452036	0.057660462306680225	0.5484103583837773	False	False	False	False
sp|P43353|AL3B1_HUMAN	psvid_67272_sp|P43353|AL3B1_HUMAN	-0.5555981053341119	-1.1926807809201265	0.08148457025190259	0.2552698035349774	-2.176513232823416	0.07606877749591168	0.4982716961717247	0.3659777959970095	2.1507623267494744	0.1260744413836593	0.3550696289232005	0.2231038814542146	-2.4903112474452036	0.057660462306680225	0.5484103583837773	False	False	False	False
sp|P48448|AL3B2_HUMAN	psvid_95892_sp|P48448|AL3B2_HUMAN	-0.5555981053341119	-1.1926807809201265	0.08148457025190259	0.2552698035349774	-2.176513232823416	0.07606877749591168	0.4982716961717247	0.3659777959970095	2.1507623267494744	0.1260744413836593	0.3550696289232005	0.2231038814542146	-2.4903112474452036	0.057660462306680225	0.5484103583837773	False	False	False	False
sp|P0DPI2|GAL3A_HUMAN	psvid_91468_sp|P0DPI2|GAL3A_HUMAN	0.5	-0.07384045766448344	1.0738404576644833	0.22992956252293653	2.1745790080826284	0.07626459130785905	0.4982716961717247	0.29281315232800614	1.146240625180289	0.12925214064378515	0.35951653737176703	0.18592420794832198	2.689267877042542	0.04564338209752139	0.5404618371265411	False	False	False	False
sp|P16615|AT2A2_HUMAN	psvid_52318_sp|P16615|AT2A2_HUMAN	-0.16091594352327854	-0.34565463126219553	0.02382274421563843	0.07402211727236946	-2.173890040610123	0.07633446671802045	0.4982716961717247	0.11376249756632209	6.949411135950082	0.00862591705466899	0.09287581523017169	0.10770145702353955	-1.4940925403461187	0.19832437233241562	0.6385867976884765	False	False	False	False
sp|P13473|LAMP2_HUMAN	psvid_61668_sp|P13473|LAMP2_HUMAN	-0.4083313805706389	-0.877302535862986	0.06063977472170817	0.18790995150657777	-2.173016262826002	0.07642318168701508	0.4982716961717247	0.253360723084737	3.1115048453052214	0.07818103771896776	0.2796087225373482	0.1666411993716584	-2.4503627080836177	0.0604724929275148	0.5484103583837773	False	False	False	False
sp|Q9BQA9|CYBC1_HUMAN	psvid_85946_sp|Q9BQA9|CYBC1_HUMAN	-0.5	-1.0771291725324073	0.07712917253240725	0.2312473029519087	-2.162187379560411	0.07753160211131054	0.4982716961717247	0.2928131523280062	1.896240625180289	0.13189702410246681	0.36317629892721087	0.185924207948322	-2.6892678770425418	0.04564338209752141	0.5404618371265411	False	False	False	False
sp|P31947|1433S_HUMAN	psvid_49003_sp|P31947|1433S_HUMAN	-0.5147234222633918	-1.1090861868290611	0.07963934230227754	0.23815255374763347	-2.1613180886098586	0.07762130386601745	0.4982716961717247	0.3127819207148443	1.903602336311985	0.13178134158894522	0.3630169990357824	0.19591641227523626	-2.6272603519314885	0.04906129325110158	0.5479662261337713	False	False	False	False
sp|P0CF74|IGLC6_HUMAN	psvid_30849_sp|P0CF74|IGLC6_HUMAN	-0.6609640474436809	-1.4242725986077898	0.10234450372042814	0.3058466842046831	-2.161096005217245	0.07764423788083898	0.4982716961717247	0.48500313158822067	1.9767226489021295	0.13046256737710335	0.36119602347908447	0.28588908162034105	-2.311959742210222	0.07143829023921235	0.5484103583837773	False	False	False	False
sp|O95470|SGPL1_HUMAN	psvid_33275_sp|O95470|SGPL1_HUMAN	-0.25400918967372	-0.5476480132506365	0.03962963390319657	0.11765682489446566	-2.158898898568425	0.07787150828907753	0.4982716961717247	0.1732152145147933	4.612409792659944	0.02496093124486576	0.15799028845111257	0.13031757260464366	-1.9491553180193963	0.1117567818745515	0.5701980619845392	False	False	False	False
sp|P21964|COMT_HUMAN	psvid_49726_sp|P21964|COMT_HUMAN	-0.1869241735113525	-0.40302141163656663	0.029173064613861655	0.08658703435929	-2.158800967079169	0.0778816545065158	0.4982716961717247	0.11116565352633191	5.1386682299323025	0.018095804826471933	0.13452064832757807	0.10684247660818959	-1.7495305186235692	0.14363012097260633	0.5941131232648971	False	False	False	False
sp|A8MTJ3|GNAT3_HUMAN	psvid_71250_sp|A8MTJ3|GNAT3_HUMAN	-0.5	-1.0796560699876694	0.07965606998766939	0.23225979417428338	-2.152761745861229	0.07851001593116416	0.4982716961717247	0.29281315232800614	1.542481250360578	0.13393949939674765	0.36597745749806454	0.185924207948322	-2.6892678770425418	0.04564338209752141	0.5404618371265411	False	False	False	False
sp|P11488|GNAT1_HUMAN	psvid_33054_sp|P11488|GNAT1_HUMAN	-0.5	-1.0796560699876694	0.07965606998766939	0.23225979417428338	-2.152761745861229	0.07851001593116416	0.4982716961717247	0.29281315232800614	1.542481250360578	0.13393949939674765	0.36597745749806454	0.185924207948322	-2.6892678770425418	0.04564338209752141	0.5404618371265411	False	False	False	False
sp|P19087|GNAT2_HUMAN	psvid_33055_sp|P19087|GNAT2_HUMAN	-0.5	-1.0796560699876694	0.07965606998766939	0.23225979417428338	-2.152761745861229	0.07851001593116416	0.4982716961717247	0.29281315232800614	1.542481250360578	0.13393949939674765	0.36597745749806454	0.185924207948322	-2.6892678770425418	0.04564338209752141	0.5404618371265411	False	False	False	False
sp|Q03113|GNA12_HUMAN	psvid_53482_sp|Q03113|GNA12_HUMAN	-0.5	-1.0796560699876694	0.07965606998766939	0.23225979417428338	-2.152761745861229	0.07851001593116416	0.4982716961717247	0.29281315232800614	1.542481250360578	0.13393949939674765	0.36597745749806454	0.185924207948322	-2.6892678770425418	0.04564338209752141	0.5404618371265411	False	False	False	False
sp|Q5TEC6|H37_HUMAN	psvid_93838_sp|Q5TEC6|H37_HUMAN	-0.5	-1.0796560699876696	0.07965606998766961	0.23225979417428344	-2.1527617458612283	0.07851001593116426	0.4982716961717247	0.2928131523280063	1.542481250360578	0.13393949939674765	0.36597745749806454	0.18592420794832207	-2.689267877042541	0.04564338209752145	0.5404618371265411	False	False	False	False
sp|Q6NXT2|H3C_HUMAN	psvid_65781_sp|Q6NXT2|H3C_HUMAN	-0.5	-1.0796560699876696	0.07965606998766961	0.23225979417428344	-2.1527617458612283	0.07851001593116426	0.4982716961717247	0.2928131523280063	1.542481250360578	0.13393949939674765	0.36597745749806454	0.18592420794832207	-2.689267877042541	0.04564338209752145	0.5404618371265411	False	False	False	False
sp|Q58FF8|H90B2_HUMAN	psvid_47966_sp|Q58FF8|H90B2_HUMAN	0.271222224396628	-0.044585114371127166	0.5870295631643832	0.12653942794472472	2.143381148483649	0.07949651518616237	0.4982716961717247	0.09234320847952981	3.4680601967534894	0.05965953026775843	0.24425300462380894	0.10102847180597894	2.6846117688239333	0.045890622072581246	0.5404618371265411	False	False	False	False
sp|P02795|MT2_HUMAN	psvid_62248_sp|P02795|MT2_HUMAN	0.646240625180289	-0.1069278868354242	1.3994091371960022	0.3017837173395631	2.141403223730416	0.07970616146655041	0.4982716961717247	0.47540081321207306	1.2193609377704335	0.13056405728279327	0.3613364876161737	0.28075420385486105	2.3018021326383065	0.07232448393270553	0.5484103583837773	False	False	False	False
sp|P04731|MT1A_HUMAN	psvid_34319_sp|P04731|MT1A_HUMAN	0.646240625180289	-0.1069278868354242	1.3994091371960022	0.3017837173395631	2.141403223730416	0.07970616146655041	0.4982716961717247	0.47540081321207306	1.2193609377704335	0.13056405728279327	0.3613364876161737	0.28075420385486105	2.3018021326383065	0.07232448393270553	0.5484103583837773	False	False	False	False
sp|P09960|LKHA4_HUMAN	psvid_49809_sp|P09960|LKHA4_HUMAN	-0.646240625180289	-1.3994091371960022	0.1069278868354242	0.3017837173395631	-2.141403223730416	0.07970616146655041	0.4982716961717247	0.47540081321207306	1.2193609377704335	0.13056405728279327	0.3613364876161737	0.28075420385486105	-2.3018021326383065	0.07232448393270553	0.5484103583837773	False	False	False	False
sp|P13640|MT1G_HUMAN	psvid_62246_sp|P13640|MT1G_HUMAN	0.646240625180289	-0.1069278868354242	1.3994091371960022	0.3017837173395631	2.141403223730416	0.07970616146655041	0.4982716961717247	0.47540081321207306	1.2193609377704335	0.13056405728279327	0.3613364876161737	0.28075420385486105	2.3018021326383065	0.07232448393270553	0.5484103583837773	False	False	False	False
sp|P80294|MT1H_HUMAN	psvid_80675_sp|P80294|MT1H_HUMAN	0.646240625180289	-0.1069278868354242	1.3994091371960022	0.3017837173395631	2.141403223730416	0.07970616146655041	0.4982716961717247	0.47540081321207306	1.2193609377704335	0.13056405728279327	0.3613364876161737	0.28075420385486105	2.3018021326383065	0.07232448393270553	0.5484103583837773	False	False	False	False
sp|P80297|MT1X_HUMAN	psvid_62249_sp|P80297|MT1X_HUMAN	0.646240625180289	-0.1069278868354242	1.3994091371960022	0.3017837173395631	2.141403223730416	0.07970616146655041	0.4982716961717247	0.47540081321207306	1.2193609377704335	0.13056405728279327	0.3613364876161737	0.28075420385486105	2.3018021326383065	0.07232448393270553	0.5484103583837773	False	False	False	False
sp|B9A064|IGLL5_HUMAN	psvid_30844_sp|B9A064|IGLL5_HUMAN	-0.7667785489646342	-1.6627940937157266	0.12923699578645842	0.35902045501787655	-2.1357517050844756	0.08030835508854442	0.4982716961717247	0.612010383827294	2.3119506538988475	0.12046348030954686	0.3470784930092138	0.35453042390927136	-2.1628004178306064	0.08572339852835772	0.5615029827479354	False	False	False	False
sp|P0CG04|IGLC1_HUMAN	psvid_30846_sp|P0CG04|IGLC1_HUMAN	-0.7667785489646342	-1.6627940937157266	0.12923699578645842	0.35902045501787655	-2.1357517050844756	0.08030835508854442	0.4982716961717247	0.612010383827294	2.3119506538988475	0.12046348030954686	0.3470784930092138	0.35453042390927136	-2.1628004178306064	0.08572339852835772	0.5615029827479354	False	False	False	False
sp|Q16134|ETFD_HUMAN	psvid_78198_sp|Q16134|ETFD_HUMAN	0.18060182862704277	-0.030515980159552286	0.3917196374136378	0.08459184912243453	2.1349790848719667	0.08039104759441654	0.4982716961717247	0.1365698078844727	6.7243298072457955	0.009207574465903	0.09595610697554897	0.1157625370723604	1.5601059996996514	0.18246505225938459	0.6196410457312058	False	False	False	False
sp|P40616|ARL1_HUMAN	psvid_91489_sp|P40616|ARL1_HUMAN	-0.5044804769993156	-1.0946992185500601	0.08573826455142874	0.23649210372850324	-2.1331810620555323	0.08058383011385505	0.4982716961717247	0.345884992761941	2.680801617916188	0.10270766813496855	0.3204803709043169	0.21274993804899575	-2.371236775087263	0.0664965663359288	0.5484103583837773	False	False	False	False
sp|Q9BTZ2|DHRS4_HUMAN	psvid_69585_sp|Q9BTZ2|DHRS4_HUMAN	-0.45183873051440093	-0.9807202602565894	0.07704279922778756	0.2119151710825936	-2.132167924580999	0.08069266928874713	0.4982716961717247	0.24139396210923292	2.1221599904374893	0.12691624392197692	0.356253061631724	0.16093878203784467	-2.8075192616292526	0.03983618276769519	0.5404618371265411	False	False	False	False
sp|P52565|GDIR1_HUMAN	psvid_95598_sp|P52565|GDIR1_HUMAN	-0.646240625180289	-1.402720686237208	0.11023943587662999	0.30311060709114435	-2.132029068141342	0.08070759822624612	0.4982716961717247	0.47540081321207306	1.6156015629507225	0.13405725772307328	0.3661383040916005	0.28075420385486105	-2.3018021326383065	0.07232448393270553	0.5484103583837773	False	False	False	False
sp|Q9BUF5|TBB6_HUMAN	psvid_40978_sp|Q9BUF5|TBB6_HUMAN	-0.18981442814316618	-0.41238470486897283	0.03275584858264044	0.08918068720085824	-2.1284252689784102	0.08109605981140931	0.4986833884291679	0.14167337227657045	6.201983965664295	0.011007980468483756	0.10491892330978124	0.1176817567351095	-1.612946929152498	0.17067862227325747	0.6105867233426535	False	False	False	False
sp|Q99805|TM9S2_HUMAN	psvid_42686_sp|Q99805|TM9S2_HUMAN	-0.26099918403262423	-0.5674203749356251	0.045422006870376674	0.12277853440106945	-2.125772109154211	0.081383289882869	0.4986833884291679	0.193694113659326	4.846973678926198	0.021483300033398336	0.14657182551021986	0.139116361303317	-1.876121410791968	0.12246897933500642	0.5703244574634503	False	False	False	False
sp|O75976|CBPD_HUMAN	psvid_46119_sp|O75976|CBPD_HUMAN	-0.4594858104727567	-0.999165139290147	0.08019351834463362	0.2162416928264184	-2.124871501267775	0.08148102918498124	0.4986833884291679	0.3298048230234805	3.158304284652909	0.07558505908580142	0.2749273705650302	0.20453479121672707	-2.2464921871696686	0.07736378419852982	0.5577584254514466	False	False	False	False
sp|P27348|1433T_HUMAN	psvid_10809_sp|P27348|1433T_HUMAN	-0.39372720901430824	-0.8565993737740101	0.06914495574539353	0.18546617430984588	-2.122905756154406	0.0816947867523556	0.4986833884291679	0.2626068334812725	3.288444158068608	0.06859905892157217	0.26191422054094765	0.17109786441070646	-2.301181317314389	0.07237903207095538	0.5484103583837773	False	False	False	False
sp|Q86X29|LSR_HUMAN	psvid_45990_sp|Q86X29|LSR_HUMAN	-0.589035952556319	-1.2839382270717956	0.10586632195915746	0.2784372796331439	-2.1155067788781934	0.08250458957470458	0.5014800638659636	0.44263713377234265	2.6017226489021295	0.10698384424082248	0.3270838489452246	0.2633115844940992	-2.2370301469570144	0.07826329171872841	0.5577584254514466	False	False	False	False
sp|Q9BS26|ERP44_HUMAN	psvid_54567_sp|Q9BS26|ERP44_HUMAN	-0.13438063469476713	-0.2929889704717811	0.024227701082246783	0.06355206359294834	-2.1144967936128176	0.08261577425018413	0.5014800638659636	0.07235572876855931	6.1070350534988025	0.011420654889616482	0.10686746413018548	0.09575033890581675	-1.4034481363762947	0.22230487343646993	0.6587797905400207	False	False	False	False
sp|O95573|ACSL3_HUMAN	psvid_78642_sp|O95573|ACSL3_HUMAN	-0.16216224030938808	-0.35447353127259595	0.030149050653819787	0.07705634973762206	-2.1044630437537304	0.08372881386596122	0.5052169411275335	0.10033166500979773	5.636043705966947	0.014002834613077459	0.11833357348224323	0.10340393354779262	-1.5682405373335024	0.1805993580231218	0.6182603615104343	False	False	False	False
sp|P00450|CERU_HUMAN	psvid_1633336_sp|P00450|CERU_HUMAN	-0.14377111927341635	-0.3143173134628409	0.026775074916008224	0.06833539060582206	-2.1039042580839116	0.08379125447371538	0.5052169411275335	0.09429037436747106	6.508027509714248	0.009867257985844204	0.09933407263292995	0.10159433862817722	-1.4151489267487725	0.21905920867740897	0.6587797905400207	False	False	False	False
sp|P19652|A1AG2_HUMAN	psvid_91368_sp|P19652|A1AG2_HUMAN	-0.16259752755542056	-0.35559067988987997	0.030395624779038843	0.07732956171614175	-2.102656784119339	0.08393082547573237	0.5052169411275335	0.09655443076196563	5.485749919994218	0.015061059869384658	0.12272350984788798	0.10226306878192482	-1.5899926482957254	0.1757027575811598	0.6114233805102492	False	False	False	False
sp|Q9P2W9|STX18_HUMAN	psvid_56067_sp|Q9P2W9|STX18_HUMAN	-0.48240266802715037	-1.0568838208778244	0.09207848482352365	0.23018627980716377	-2.0957055669489875	0.08471296646978406	0.5083679453384586	0.32898355494900966	2.6697627134301056	0.10331494787415299	0.3214264268447027	0.2041170693510442	-2.3633626994590324	0.0671310139159109	0.5484103583837773	False	False	False	False
sp|P26038|MOES_HUMAN	psvid_62252_sp|P26038|MOES_HUMAN	-0.18066344928468858	-0.39600207055350756	0.03467517198413042	0.08628306756924634	-2.093845923357992	0.08492348694624921	0.5083679453384586	0.13413346929873038	6.1475094660708525	0.01124097196512889	0.10602345007180672	0.11486026246092144	-1.5728977577963932	0.17953971607222027	0.6175596265531768	False	False	False	False
sp|Q8N128|F177A_HUMAN	psvid_43856_sp|Q8N128|F177A_HUMAN	-0.5000000000000001	-1.0976450442651224	0.09764504426512222	0.23946771569777675	-2.087964127202146	0.0855929033442141	0.5100283318678026	0.31945406180886327	2.0192038992627075	0.12955394047423388	0.3599360227515911	0.1992841379690299	-2.508980419092379	0.056395869104098766	0.5484103583837773	False	False	False	False
sp|O15321|TM9S1_HUMAN	psvid_82741_sp|O15321|TM9S1_HUMAN	-0.8304820237218404	-1.8236508837324452	0.16268683628876424	0.3979483817210396	-2.086908910472729	0.08571357522348572	0.5100283318678026	0.688353055862838	1.3114816370412092	0.1319554506942307	0.36325672835369577	0.39624900804406726	-2.0958589343130463	0.09310712125610907	0.5615029827479354	False	False	False	False
sp|P80723|BASP1_HUMAN	psvid_67990_sp|P80723|BASP1_HUMAN	-0.19838728063314304	-0.437251451760875	0.04047689049458894	0.09570941476196046	-2.0728084183416375	0.08734304441694693	0.5100283318678026	0.10985711294938139	4.57023627009368	0.02567356981371826	0.1602297407278632	0.10641458812476495	-1.8642865055357394	0.12430314905591955	0.5703244574634503	False	False	False	False
sp|P07225|PROS_HUMAN	psvid_82187_sp|P07225|PROS_HUMAN	-0.34825279823721134	-0.7676374563135522	0.07113185983912951	0.16804136005465306	-2.072423111333704	0.08738801728366581	0.5100283318678026	0.21921803107812773	3.331465554138508	0.06637769309360844	0.2576386871058158	0.15059395501229525	-2.3125284026757797	0.07138902750007331	0.5484103583837773	False	False	False	False
sp|Q13509|TBB3_HUMAN	psvid_40981_sp|Q13509|TBB3_HUMAN	0.1591433874327579	-0.03253904454545925	0.35082581941097507	0.07680437504783455	2.072061485216718	0.08743024786862441	0.5100283318678026	0.11652408851521492	6.558252782568107	0.009704317222657107	0.09851049295713177	0.10862897044725489	1.4650179116815845	0.20572977943112178	0.6489322154690552	False	False	False	False
sp|P56381|ATP5E_HUMAN	psvid_47979_sp|P56381|ATP5E_HUMAN	-0.4489648208049434	-0.9903450797208627	0.09241543811097597	0.2169232308884585	-2.069694513428118	0.08770718266024115	0.5100283318678026	0.2528493065594751	2.0169636607630497	0.12960448000562774	0.36000622217626704	0.16639594167053312	-2.698171699967909	0.04517470592256179	0.5404618371265411	False	False	False	False
sp|Q5VTU8|AT5EL_HUMAN	psvid_104079_sp|Q5VTU8|AT5EL_HUMAN	-0.4489648208049434	-0.9903450797208627	0.09241543811097597	0.2169232308884585	-2.069694513428118	0.08770718266024115	0.5100283318678026	0.2528493065594751	2.0169636607630497	0.12960448000562774	0.36000622217626704	0.16639594167053312	-2.698171699967909	0.04517470592256179	0.5404618371265411	False	False	False	False
sp|P38919|IF4A3_HUMAN	psvid_82276_sp|P38919|IF4A3_HUMAN	-0.3584132943615478	-0.7911416509193722	0.0743150621962766	0.17338798682748924	-2.0671172260518125	0.08800975377636068	0.5100283318678026	0.22586933591264188	3.245903282354499	0.0708408744961977	0.2661594907122376	0.1536638268543665	-2.3324506599801835	0.06968625604977549	0.5484103583837773	False	False	False	False
sp|P36543|VATE1_HUMAN	psvid_87175_sp|P36543|VATE1_HUMAN	-0.34520544598523273	-0.762141235138694	0.07173034316822852	0.16706013373539808	-2.0663544214084855	0.08809951267888627	0.5100283318678026	0.03291914561872863	2.318843348172905	0.12019151518597469	0.3466864796699962	0.08864671680908705	-3.8941706857421505	0.012655495504234823	0.5404618371265411	False	False	False	False
sp|P02787|TRFE_HUMAN	psvid_26242_sp|P02787|TRFE_HUMAN	-0.14931732854854274	-0.3297130102147699	0.03107835311768442	0.07228193762314737	-2.065762671264166	0.08816920870194284	0.5100283318678026	0.11166736715033751	7.204975803039491	0.008073345033682185	0.08985179482727201	0.10700742049200442	-1.3953922808530808	0.22456614489636112	0.6587797905400207	False	False	False	False
sp|Q9ULC5|ACSL5_HUMAN	psvid_49819_sp|Q9ULC5|ACSL5_HUMAN	-0.17640223052287252	-0.3896557829999968	0.03685132195425181	0.08544761069495098	-2.0644489540220223	0.08832414096292626	0.5100283318678026	0.14137195845708064	7.107857663874754	0.008271113447349751	0.09094566205899955	0.11756733697936875	-1.5004357082088913	0.19674358811822537	0.6363333663465588	False	False	False	False
sp|A6NDB9|PALM3_HUMAN	psvid_61003_sp|A6NDB9|PALM3_HUMAN	-0.5768571312980616	-1.2750438966939421	0.12132963409781894	0.2797533275714777	-2.0620206247615522	0.08861126366205596	0.5100283318678026	0.46399998039367635	2.949392613092712	0.08740185074701515	0.2956380400879006	0.27467044245750954	-2.100179131532506	0.09261066794508653	0.5615029827479354	False	False	False	False
sp|Q9UKV5|AMFR_HUMAN	psvid_80339_sp|Q9UKV5|AMFR_HUMAN	-0.2322209683959917	-0.514098407009089	0.04965647021710562	0.11294420823721357	-2.056067965063463	0.08931917622081331	0.5100283318678026	0.12187394757399005	4.030042075114386	0.038049477375518115	0.1950627524042407	0.1104656069236513	-2.102201534605174	0.09237923453959693	0.5615029827479354	False	False	False	False
sp|Q8N1S5|S39AB_HUMAN	psvid_89442_sp|Q8N1S5|S39AB_HUMAN	0.4285613794165306	-0.09240628339663681	0.949529042229698	0.20874419919214798	2.053045694563431	0.0896808238523947	0.5100283318678026	0.24596116630774498	2.360521314888554	0.11849301822914574	0.3442281485136649	0.163105990907085	2.62750238071062	0.04904741177748073	0.5479662261337713	False	False	False	False
sp|Q92692|NECT2_HUMAN	psvid_57939_sp|Q92692|NECT2_HUMAN	-0.7267226489021295	-1.6105164275459862	0.15707112974172743	0.35412337030249835	-2.0521736486393154	0.0897854537985382	0.5100283318678026	0.5937139192932535	1.2596019496313537	0.1312095484459873	0.3622285859039666	0.3445744748061852	-2.109043768581214	0.09160080514765287	0.5615029827479354	False	False	False	False
sp|P00748|FA12_HUMAN	psvid_48599_sp|P00748|FA12_HUMAN	-0.2617537048793974	-0.5801451409156013	0.05663773115680648	0.1275748383040245	-2.051765915278766	0.08983441764951287	0.5100283318678026	0.20007770923829116	4.6880815250636685	0.023752955661180773	0.15411993920703698	0.1419381806930103	-1.8441387905734048	0.12749144954803326	0.5703244574634503	False	False	False	False
sp|P00505|AATM_HUMAN	psvid_84928_sp|P00505|AATM_HUMAN	-0.4732711990208722	-1.0493948371285429	0.10285243908679842	0.23084439986744787	-2.0501740535730004	0.09002584440722675	0.5100283318678026	0.38765490273886416	3.565918081106571	0.055184929272803766	0.2349147276626218	0.2343707658597281	-2.019326929639881	0.10238688052044641	0.5630169624789237	False	False	False	False
sp|Q8NHM4|TRY6_HUMAN	psvid_33404_sp|Q8NHM4|TRY6_HUMAN	0.47672264890212956	-0.10455105151708122	1.0579963493213405	0.23290795526589042	2.046828535151998	0.0904295243739482	0.5100283318678026	0.2990988937967682	1.2383613244510647	0.13087589381835538	0.3617677346286639	0.18905472907848717	2.521611869884595	0.055557585005785344	0.5484103583837773	False	False	False	False
sp|Q6ZNB7|ALKMO_HUMAN	psvid_50518_sp|Q6ZNB7|ALKMO_HUMAN	-0.47672264890212945	-1.0579963493213402	0.10455105151708133	0.23290795526589042	-2.0468285351519975	0.09042952437394824	0.5100283318678026	0.2990988937967682	1.2383613244510647	0.13087589381835538	0.3617677346286639	0.18905472907848717	-2.5216118698845946	0.05555758500578537	0.5484103583837773	False	False	False	False
sp|Q08AH3|ACS2A_HUMAN	psvid_55981_sp|Q08AH3|ACS2A_HUMAN	-0.24505918629464207	-0.5440901325674594	0.05397175997817527	0.11981737038403337	-2.0452726137219432	0.09061790070745611	0.5100283318678026	0.1600160159977835	4.242060043911533	0.032366880320045026	0.1799079773663331	0.12487972533118244	-1.962361669556386	0.10992677847900661	0.5701980619845392	False	False	False	False
sp|P19224|UD16_HUMAN	psvid_62815_sp|P19224|UD16_HUMAN	-0.08807522738289064	-0.1955802211973009	0.019429766431519613	0.04307569441405777	-2.0446618117466087	0.09069196121185638	0.5100283318678026	0.030534843518690187	7.92363168086392	0.006979010484711048	0.08354047213603145	0.08837706806040124	-0.9965846267121657	0.36694857488535665	0.7268533471449432	False	False	False	False
sp|P16152|CBR1_HUMAN	psvid_80495_sp|P16152|CBR1_HUMAN	-0.21806937426066286	-0.4861653830947538	0.0500266345734281	0.10742218887154482	-2.03002169804443	0.09248584652268982	0.5100283318678026	0.1426390635229417	4.534909207838361	0.026293516350656583	0.16215275622281783	0.11804923130845799	-1.8472748347751302	0.12698966932419176	0.5703244574634503	False	False	False	False
sp|P62888|RL30_HUMAN	psvid_97380_sp|P62888|RL30_HUMAN	-0.20464483992996474	-0.4562396280683439	0.046949948208414416	0.10081038866648187	-2.0299975293915957	0.09248883792716142	0.5100283318678026	0.13982715264844275	4.865846300102669	0.0212355790189698	0.14572432541950503	0.11698300239437874	-1.7493553400181694	0.14366187198468208	0.5941131232648971	False	False	False	False
sp|P04196|HRG_HUMAN	psvid_62063_sp|P04196|HRG_HUMAN	-0.333355933431298	-0.7432436517091591	0.07653178484656309	0.16423607378735428	-2.029736377301084	0.09252116760604426	0.5100283318678026	0.18371296317146737	3.1201232645199077	0.07770013819313765	0.2787474451777767	0.134777069591255	-2.4733876054901835	0.05883380920223387	0.5484103583837773	False	False	False	False
sp|P32119|PRDX2_HUMAN	psvid_30088_sp|P32119|PRDX2_HUMAN	-0.35823985181902696	-0.7987977310814904	0.08231802744343653	0.17652516320847847	-2.0293982189719952	0.09256304762844562	0.5100283318678026	0.24711001429833027	3.3825652237137724	0.06380286936579846	0.2525922987064302	0.1636529496000531	-2.18902166257632	0.0830043071715997	0.5615029827479354	False	False	False	False
sp|Q9NPA0|EMC7_HUMAN	psvid_58949_sp|Q9NPA0|EMC7_HUMAN	-0.8452054459852327	-1.8848923736405854	0.19448148167011992	0.41658749787276794	-2.0288785676505614	0.09262744304532851	0.5100283318678026	0.7280816208133795	1.8993253718947458	0.13184892890933164	0.3631100782260548	0.4180524000336953	-2.0217691512286704	0.10207608121664717	0.5630169624789237	False	False	False	False
sp|P54840|GYS2_HUMAN	psvid_66100_sp|P54840|GYS2_HUMAN	-0.2038640911582552	-0.4546976908408109	0.046969508524300485	0.1005053914737825	-2.0283896034715165	0.09268807772412842	0.5100283318678026	0.16995718663609208	6.471175325859926	0.009990838808892897	0.09995418354872845	0.12895701473720972	-1.5808685675121443	0.1777404240352483	0.6160351131032233	False	False	False	False
sp|P05388|RLA0_HUMAN	psvid_64822_sp|P05388|RLA0_HUMAN	0.18628221307596138	-0.04295830164846115	0.4155227278003839	0.0918533549858863	2.028039292681084	0.09273154356633491	0.5100283318678026	0.14873788922796433	6.277525437332841	0.01070085925744523	0.10344495762213464	0.12040056508925169	1.5471871991453887	0.18546725639129022	0.6240800381986428	False	False	False	False
sp|Q8N0Y7|PGAM4_HUMAN	psvid_60934_sp|Q8N0Y7|PGAM4_HUMAN	-0.35375937481971076	-0.7891882723927635	0.08166952275334188	0.17447005451008846	-2.0276223092442214	0.09278330930864379	0.5100283318678026	0.16936061104880976	2.7516816920066747	0.09874605178532408	0.31423884512473005	0.1287091444024543	-2.748517803160574	0.04262344308952006	0.5404618371265411	False	False	False	False
sp|P49411|EFTU_HUMAN	psvid_1211290_sp|P49411|EFTU_HUMAN	-0.2776780609688514	-0.6199309898869585	0.06457486794925577	0.13713579300179876	-2.0248401594557386	0.09312945532886088	0.5100283318678026	0.2232751031467883	4.7234491386419135	0.023217767763827567	0.15237377649657294	0.1524629361364227	-1.8212823916783758	0.1312110370038001	0.5703244574634503	False	False	False	False
sp|Q7L576|CYFP1_HUMAN	psvid_40213_sp|Q7L576|CYFP1_HUMAN	-0.4843697288604858	-1.0814528884604642	0.11271343073949258	0.2392425766482041	-2.0245966902986945	0.09315981000389952	0.5100283318678026	0.4145485346825459	3.7653741496602064	0.046993468789677535	0.21677977025008016	0.24846824447670973	-1.949423073683319	0.11171936329119024	0.5701980619845392	False	False	False	False
sp|P28332|ADH6_HUMAN	psvid_418778_sp|P28332|ADH6_HUMAN	-0.2141368024797199	-0.4781401827069351	0.04986657774749531	0.10578233184755995	-2.024315391234773	0.0931948937968661	0.5100283318678026	0.12633082687876207	4.349370056980918	0.02993075849324209	0.17300508227575886	0.11203423906651519	-1.9113514249209653	0.11717382040139337	0.5703244574634503	False	False	False	False
sp|Q9NSD9|SYFB_HUMAN	psvid_48416_sp|Q9NSD9|SYFB_HUMAN	-0.30638588961575475	-0.6851437712415469	0.07237199201003747	0.1517627989821023	-2.0188471197865	0.0938796012085573	0.5100283318678026	0.2280150876063087	3.9955922813775464	0.03909315696099565	0.19771989520783093	0.15466044055810968	-1.9810229979309941	0.1073943593957136	0.5676184800256374	False	False	False	False
sp|P24844|MYL9_HUMAN	psvid_32754_sp|P24844|MYL9_HUMAN	0.4619992266387376	-0.10930913316149926	1.0333075864389745	0.22891498757198056	2.018213099714432	0.0939593231043104	0.5100283318678026	0.30484834596979515	2.3539628874017873	0.11876638454225172	0.3446249911748301	0.1919303216396281	2.4071195353186345	0.06368705438637848	0.5484103583837773	False	False	False	False
sp|CATG_HUMAN|,sp|P08311|CATG_HUMAN	psvid_66643_sp|CATG_HUMAN|	0.38151720291689684	-0.0902978163185853	0.8533322221523789	0.18904944661115983	2.0180815641402434	0.09397587113029772	0.5100283318678026	0.25855034943780547	3.134043403138371	0.07692603440282829	0.2773554297338134	0.16913744525646887	2.2556637434034155	0.07650254032843114	0.5577584254514466	False	False	False	False
sp|Q9BX93|PG12B_HUMAN	psvid_72380_sp|Q9BX93|PG12B_HUMAN	-0.32304518787332737	-0.7228963305704244	0.07680595482376956	0.1602145632756943	-2.0163284864275233	0.09419670536637303	0.5100283318678026	0.15867470121619898	3.0419227038675953	0.08210393754297823	0.2865378466153786	0.12433855990747798	-2.5981094530426416	0.05076552908280653	0.5479662261337713	False	False	False	False
sp|Q9BW72|HIG2A_HUMAN	psvid_84413_sp|Q9BW72|HIG2A_HUMAN	0.4093574801538231	-0.09817370356096755	0.9168886638686138	0.20336039656953	2.012965587495113	0.09462181913471783	0.5100283318678026	0.2827009428869092	2.973882639339619	0.08599349378345975	0.2932464727553594	0.18091889212277507	2.2626574557842485	0.0758527690124199	0.5577584254514466	False	False	False	False
sp|P14625|ENPL_HUMAN	psvid_24290_sp|P14625|ENPL_HUMAN	0.08998030149203862	-0.021790121052103817	0.20175072403618105	0.04478478994522981	2.0091710065422053	0.09510386627592599	0.5100283318678026	0.050149514890389796	10.43689251959129	0.005771250828816645	0.07596874902758795	0.09115825574039703	0.987077920274023	0.37113939545561564	0.7331440929373921	False	False	False	False
sp|Q04917|1433F_HUMAN	psvid_35291_sp|Q04917|1433F_HUMAN	-0.5175973319728494	-1.1613864112487184	0.12619174730301963	0.2579569623888274	-2.0065259226950314	0.09544137467098654	0.5100283318678026	0.37940709933690053	2.3160033386103946	0.1203038833067168	0.34684850195253375	0.2300729730250532	-2.249709408138465	0.07706048802912882	0.5577584254514466	False	False	False	False
sp|Q9NTJ5|SAC1_HUMAN	psvid_37322_sp|Q9NTJ5|SAC1_HUMAN	-0.1868575255834537	-0.419888665207057	0.04617361404014958	0.09337220349702906	-2.0012114803459595	0.09612320388342939	0.5100283318678026	0.14180649324312633	5.592793243269869	0.014293787926201052	0.11955663062415674	0.11773233291792501	-1.5871385621290464	0.17633764933555968	0.6123777020996118	False	False	False	False
sp|P07307|ASGR2_HUMAN	psvid_70966_sp|P07307|ASGR2_HUMAN	-0.16770946412342957	-0.37717041720173095	0.04175148895487177	0.08392797103039114	-1.9982547184740156	0.09650470674366984	0.5100283318678026	0.10605938767676511	5.206606611924803	0.017427013760870438	0.13201141526728072	0.10519197213865153	-1.5943180901901424	0.17474489209350283	0.6114233805102492	False	False	False	False
sp|O95342|ABCBB_HUMAN	psvid_48368_sp|O95342|ABCBB_HUMAN	-0.33513594326367735	-0.7542515876317095	0.08397970110435476	0.16793357015688978	-1.995645914932797	0.0968426006809516	0.5100283318678026	0.2299027862779871	3.448759855587457	0.060576266684567226	0.24612246277933925	0.15553964156635375	-2.154665780946314	0.08658624379941339	0.5615029827479354	False	False	False	False
sp|P05091|ALDH2_HUMAN	psvid_42594_sp|P05091|ALDH2_HUMAN	-0.15633551677262014	-0.35236606767160233	0.03969503412636205	0.07854660334124942	-1.9903536260303085	0.09753178571904406	0.5100283318678026	0.10619867979709008	5.700701202003208	0.013586955916209046	0.1165630984326045	0.10523630201112205	-1.4855664232300523	0.20046869983270948	0.6407310804387631	False	False	False	False
sp|Q00325|S25A3_HUMAN	psvid_69811_sp|Q00325|S25A3_HUMAN	-0.2620443210590442	-0.590694641328216	0.06660599921012766	0.1316854246737275	-1.9899265367317793	0.09758762149974187	0.5100283318678026	0.22595430136627206	5.4381202707210425	0.015425504070954405	0.12419945278041447	0.1537032329879345	-1.7048718882810636	0.1519604226739758	0.5972476435344202	False	False	False	False
sp|P04908|H2A1B_HUMAN	psvid_21408_sp|P04908|H2A1B_HUMAN	-0.3055981053341118	-0.6888948534708434	0.07769864280261984	0.15358145707299015	-1.9898112126184295	0.09760270407364581	0.5100283318678026	0.20017034220237542	3.5580830809857162	0.055532331396444756	0.2356529893645416	0.14197938212863692	-2.1524118555272493	0.08682696194792706	0.5615029827479354	False	False	False	False
sp|Q7L7L0|H2A3_HUMAN	psvid_21410_sp|Q7L7L0|H2A3_HUMAN	-0.3055981053341118	-0.6888948534708434	0.07769864280261984	0.15358145707299015	-1.9898112126184295	0.09760270407364581	0.5100283318678026	0.20017034220237542	3.5580830809857162	0.055532331396444756	0.2356529893645416	0.14197938212863692	-2.1524118555272493	0.08682696194792706	0.5615029827479354	False	False	False	False
sp|Q93077|H2A1C_HUMAN	psvid_21409_sp|Q93077|H2A1C_HUMAN	-0.3055981053341118	-0.6888948534708434	0.07769864280261984	0.15358145707299015	-1.9898112126184295	0.09760270407364581	0.5100283318678026	0.20017034220237542	3.5580830809857162	0.055532331396444756	0.2356529893645416	0.14197938212863692	-2.1524118555272493	0.08682696194792706	0.5615029827479354	False	False	False	False
sp|Q86VU5|CMTD1_HUMAN	psvid_49087_sp|Q86VU5|CMTD1_HUMAN	-0.32002697979818406	-0.7217364936395344	0.08168253404316628	0.16095918568510495	-1.9882492473854454	0.0978072194522319	0.5100283318678026	0.22267787427542235	3.5828948501906015	0.054438758497792394	0.2333211488438037	0.15218710808161257	-2.1028520998412357	0.0923049183053818	0.5615029827479354	False	False	False	False
sp|O43657|TSN6_HUMAN	psvid_82331_sp|O43657|TSN6_HUMAN	-0.792481250360578	-1.787386342950136	0.20242384222898002	0.39864406497582716	-1.9879419261105322	0.09784751002595916	0.5100283318678026	0.6900022198403342	1.292481250360578	0.13169390102962222	0.36289654314917663	0.3971529521217892	-1.9954056645600842	0.10548448858626812	0.5630169624789237	False	False	False	False
sp|Q12797|ASPH_HUMAN	psvid_35479_sp|Q12797|ASPH_HUMAN	-0.25774496933720914	-0.5813346678650212	0.06584472919060291	0.1296577068167108	-1.987887767455023	0.09785461211752106	0.5100283318678026	0.2240703502562294	5.618995304648651	0.01411626813396731	0.1188119023245033	0.15283058849305386	-1.6864750170671732	0.1555331893622527	0.6037253972963479	False	False	False	False
sp|Q02978|M2OM_HUMAN	psvid_75993_sp|Q02978|M2OM_HUMAN	-0.2853709638872213	-0.6439203996100575	0.07317847183561493	0.1436655673148784	-1.986356015716422	0.0980556966976261	0.5100283318678026	0.2278148162827582	4.403976080888795	0.028789391787686365	0.169674369860879	0.15456729697128493	-1.8462570639391893	0.12715229251172502	0.5703244574634503	False	False	False	False
sp|P38646|HSPA9_HUMAN	psvid_31483_sp|P38646|HSPA9_HUMAN	-0.19996204107433435	-0.4514959228515762	0.05157184070290749	0.10078598436946147	-1.9840262743410144	0.09836234963491176	0.5100283318678026	0.15940971956606506	5.588620982287126	0.01432241636034201	0.11967629823963478	0.12463483657843814	-1.6043832251385792	0.17253604636367023	0.6110747752249515	False	False	False	False
sp|P25786|PSA1_HUMAN	psvid_52479_sp|P25786|PSA1_HUMAN	-0.30811152150009224	-0.696310714650396	0.08008767165021147	0.1555457958054858	-1.980841204383267	0.09878317224485599	0.5100283318678026	0.16992021463804094	3.236504845305222	0.07134191650004071	0.267099076187172	0.1289416418319536	-2.3895424094385755	0.06504674180649953	0.5484103583837773	False	False	False	False
sp|Q5K4L6|S27A3_HUMAN	psvid_537484_sp|Q5K4L6|S27A3_HUMAN	-0.2500000000000002	-0.5650130925229493	0.06501309252294885	0.1262211849746368	-1.980650079067439	0.09880848282669726	0.5100283318678026	0.13116193307266688	3.7109005344364334	0.04910536794258862	0.22159731032345276	0.11377237908899289	-2.197369888911701	0.0821581713592285	0.5615029827479354	False	False	False	False
sp|Q6NVY1|HIBCH_HUMAN	psvid_45339_sp|Q6NVY1|HIBCH_HUMAN	-0.38880378933177606	-0.8795737252533757	0.10196614658982367	0.19664440727154248	-1.9771922055982218	0.09926755239586633	0.5100283318678026	0.23592818428793855	2.6785613794165304	0.10283115003575102	0.32067296430436887	0.15836082907271604	-2.455176520661213	0.06012579499246481	0.5484103583837773	False	False	False	False
sp|Q9NQC3|RTN4_HUMAN	psvid_38604_sp|Q9NQC3|RTN4_HUMAN	0.29779551282698136	-0.07904737249359056	0.6746383981475532	0.15099548769059035	1.9722146494682253	0.09993220359332489	0.5100283318678026	0.27628009572811946	6.638670868875761	0.00945600736511049	0.09724200411915876	0.17776177084921682	1.6752505974953464	0.15775463672757956	0.6037253972963479	False	False	False	False
sp|Q9HD45|TM9S3_HUMAN	psvid_26171_sp|Q9HD45|TM9S3_HUMAN	-0.4390164233401881	-0.9949339431074102	0.11690109642703406	0.22274810082081906	-1.9709098381644006	0.1001071849235442	0.5100283318678026	0.3797925436461719	3.783855172343257	0.04629834413456719	0.21517050014945632	0.23027353223159838	-1.9064997139951187	0.11788864967308235	0.5703244574634503	False	False	False	False
sp|O43148|MCES_HUMAN	psvid_30375_sp|O43148|MCES_HUMAN	0.646240625180289	-0.1724411199022633	1.4649223702628413	0.3280339212374013	1.9700420698644712	0.10022372983594817	0.5100283318678026	0.554015394815977	0.3231203125901445	0.10733982377825614	0.3276275687091307	0.3230418634006859	2.0004856905456943	0.10481849380999989	0.5630169624789237	False	False	False	False
sp|Q9NYU2|UGGG1_HUMAN	psvid_23108_sp|Q9NYU2|UGGG1_HUMAN	-0.10018225595969232	-0.22710568172719514	0.026741169807810494	0.050856378930496195	-1.969905409439556	0.10024209651848112	0.5100283318678026	0.05623177719625503	7.509622449647102	0.007537565006224024	0.08681915114894884	0.09227119423168309	-1.0857370687990167	0.3295535451919819	0.7061167743420511	False	False	False	False
sp|Q93088|BHMT1_HUMAN	psvid_52250_sp|Q93088|BHMT1_HUMAN	-0.24698614035192046	-0.561065235648511	0.06709295494467005	0.12584694580975062	-1.9625914539499614	0.10123009270814565	0.5100283318678026	0.20889868310388834	5.188192079447326	0.017604319788034617	0.13268127142907027	0.1458926416904054	-1.692930757097693	0.15426986865866826	0.6022921314438496	False	False	False	False
sp|Q96NT0|VMA22_HUMAN	psvid_74347_sp|Q96NT0|VMA22_HUMAN	-0.75	-1.7048914373497273	0.20489143734972726	0.38261117269478623	-1.9602145821243033	0.1015533027794263	0.5100283318678026	0.6588230991627176	1.021240625180289	0.12664032915109022	0.3558656054623574	0.38008122328049165	-1.9732624346099739	0.10843996896436575	0.5701980619845392	False	False	False	False
sp|Q9BZF1|OSBL8_HUMAN	psvid_26337_sp|Q9BZF1|OSBL8_HUMAN	-0.3962406251802889	-0.9009212650204538	0.10844001465987596	0.20221822491312097	-1.9594703956605584	0.10165471428921066	0.5100283318678026	0.1951887326557164	1.7961996682848347	0.13316333471907135	0.3649155172352518	0.13977390670486783	-2.834868356487665	0.0386138700993631	0.5404618371265411	False	False	False	False
sp|Q8TDB6|DTX3L_HUMAN	psvid_47508_sp|Q8TDB6|DTX3L_HUMAN	0.4510199475061859	-0.12348114469783689	1.0255210397102088	0.23019426921734082	1.9593013720091779	0.10167776179942985	0.5100283318678026	0.32522632797413026	2.616070579808361	0.10622183132220978	0.32591690861661315	0.2022084458916578	2.230470371884664	0.07889351824584813	0.5577584254514466	False	False	False	False
sp|Q8IY95|TM192_HUMAN	psvid_51319_sp|Q8IY95|TM192_HUMAN	-0.38710915617401076	-0.8806597683979274	0.10644145604990585	0.19775858400336754	-1.9574834545104693	0.10192598396513629	0.5100283318678026	0.19502961666673976	2.1702772269891346	0.12547310371402637	0.3542218283985706	0.13970381217291636	-2.7709276515294516	0.04153988649516868	0.5404618371265411	False	False	False	False
sp|P42785|PCP_HUMAN	psvid_84276_sp|P42785|PCP_HUMAN	-0.646240625180289	-1.4713494184875526	0.1788681681269746	0.3306091464012668	-1.9546967535977788	0.10230768504777718	0.5100283318678026	0.5540153948159771	0.5731203125901445	0.11472183140173799	0.3387061136173039	0.32304186340068597	-2.000485690545694	0.10481849381000001	0.5630169624789237	False	False	False	False
sp|Q6DN03|H2B2C_HUMAN	psvid_30703_sp|Q6DN03|H2B2C_HUMAN	-0.646240625180289	-1.4713494184875526	0.1788681681269746	0.3306091464012668	-1.9546967535977788	0.10230768504777718	0.5100283318678026	0.5540153948159771	0.5731203125901445	0.11472183140173799	0.3387061136173039	0.32304186340068597	-2.000485690545694	0.10481849381000001	0.5630169624789237	False	False	False	False
sp|Q6DRA6|H2B2D_HUMAN	psvid_30702_sp|Q6DRA6|H2B2D_HUMAN	-0.646240625180289	-1.4713494184875526	0.1788681681269746	0.3306091464012668	-1.9546967535977788	0.10230768504777718	0.5100283318678026	0.5540153948159771	0.5731203125901445	0.11472183140173799	0.3387061136173039	0.32304186340068597	-2.000485690545694	0.10481849381000001	0.5630169624789237	False	False	False	False
sp|Q969E2|SCAM4_HUMAN	psvid_86477_sp|Q969E2|SCAM4_HUMAN	0.646240625180289	-0.1788681681269746	1.4713494184875526	0.3306091464012668	1.9546967535977788	0.10230768504777718	0.5100283318678026	0.5540153948159771	0.5731203125901445	0.11472183140173799	0.3387061136173039	0.32304186340068597	2.000485690545694	0.10481849381000001	0.5630169624789237	False	False	False	False
sp|P0C0L4|CO4A_HUMAN	psvid_24131_sp|P0C0L4|CO4A_HUMAN	-0.12360646434863876	-0.28156972445317274	0.03435679575589526	0.06329359111129175	-1.9529064819737654	0.10255367072477764	0.5100283318678026	0.09172953626830091	7.508588016899866	0.007539187551785441	0.08682849504503369	0.10085193242465991	-1.2256231623620828	0.2775646282373455	0.6928245058196533	False	False	False	False
sp|O75400|PR40A_HUMAN	psvid_26128_sp|O75400|PR40A_HUMAN	0.792481250360578	-0.22103649536407666	1.8059989960852327	0.4061018855870852	1.9514345500142647	0.10275636725859351	0.5100283318678026	0.7073814534800541	1.146240625180289	0.12925214064378515	0.35951653737176703	0.40668503003123857	1.9486363938689983	0.11182933841413435	0.5701980619845392	False	False	False	False
sp|Q9UBM7|DHCR7_HUMAN	psvid_59466_sp|Q9UBM7|DHCR7_HUMAN	-0.2469817919248558	-0.5632995984922592	0.06933601464254757	0.12674396500077834	-1.9486670779420472	0.10313857492537928	0.5100283318678026	0.1733233154369384	4.153793325064749	0.03458269943968378	0.1859642423684827	0.13036291267885713	-1.8945709853329509	0.1196655765480034	0.5703244574634503	False	False	False	False
sp|P02750|A2GL_HUMAN	psvid_43986_sp|P02750|A2GL_HUMAN	-0.19408495812508753	-0.44271238692092885	0.05454247067075382	0.09962141074349795	-1.9482253531302756	0.1031997140718013	0.5100283318678026	0.07601839100638937	4.0871108536111	0.036396664870371985	0.1907790996686272	0.09664154490108057	-2.008297345864526	0.10380302003131524	0.5630169624789237	False	False	False	False
sp|P49189|AL9A1_HUMAN	psvid_53393_sp|P49189|AL9A1_HUMAN	-0.33048202372184043	-0.7540699401738437	0.09310589273016279	0.16972554482513852	-1.947155474223535	0.10334794896191664	0.5100283318678026	0.23126325609845377	3.409560992735899	0.06247179382990421	0.2499435812936676	0.15617467895886414	-2.116105030117515	0.09080478855943824	0.5615029827479354	False	False	False	False
sp|O60568|PLOD3_HUMAN	psvid_52166_sp|O60568|PLOD3_HUMAN	-0.4048799306893811	-0.9239201090572584	0.1141602476784962	0.20797188408373077	-1.9468012826501775	0.10339707098250742	0.5100283318678026	0.321550961567811	3.3263412731423863	0.06663976946258218	0.2581467982807112	0.20034532375628605	-2.020910311747057	0.10218526406767661	0.5630169624789237	False	False	False	False
sp|P17858|PFKAL_HUMAN	psvid_39972_sp|P17858|PFKAL_HUMAN	-0.4747305404101696	-1.0860636671981996	0.13660258637786027	0.24495233216953857	-1.938052747673351	0.1046179535115158	0.5100283318678026	0.4200309543599717	3.601197075281225	0.05364444958071217	0.23161271463525523	0.25135647645757986	-1.8886743922442255	0.12055422800133848	0.5703244574634503	False	False	False	False
sp|Q8IWB7|WDFY1_HUMAN	psvid_66168_sp|Q8IWB7|WDFY1_HUMAN	-0.3889540387654099	-0.8903874962292802	0.11247941869846034	0.20091712595217923	-1.9358929057047423	0.10492161524006699	0.5100283318678026	0.24204245367009797	2.605441066826386	0.10678701307562216	0.3267828224916698	0.16124578938633777	-2.412181057537529	0.06330130312154486	0.5484103583837773	False	False	False	False
sp|O00203|AP3B1_HUMAN	psvid_32180_sp|O00203|AP3B1_HUMAN	-0.75	-1.71839702918284	0.2183970291828402	0.38802266778950234	-1.932876767928584	0.10534716686524569	0.5100283318678026	0.67700320038633	0.625	0.11622807587386165	0.3409223898101467	0.39003074566353385	-1.9229253291918664	0.11548678539830086	0.5703244574634503	False	False	False	False
sp|P34913|HYES_HUMAN	psvid_36588_sp|P34913|HYES_HUMAN	-0.25465391954183625	-0.5835349967149495	0.07422715763127696	0.13177788562391624	-1.932448060887838	0.10540779600106431	0.5100283318678026	0.18592744951444257	4.140999234792502	0.034921122328889484	0.1868719409887142	0.1357318000172362	-1.8761551788858504	0.12246378637056211	0.5703244574634503	False	False	False	False
sp|P35575|G6PC1_HUMAN	psvid_99891_sp|P35575|G6PC1_HUMAN	-0.5454376092097757	-1.2502283058549633	0.15935308743541188	0.2823994272021394	-1.9314402108165591	0.10555046907140306	0.5100283318678026	0.4382121023265133	2.2919227038675953	0.12123914396297612	0.34819411821996094	0.2609659164966094	-2.0900722076358287	0.09377654626154035	0.5615029827479354	False	False	False	False
sp|Q8NC56|LEMD2_HUMAN	psvid_31405_sp|Q8NC56|LEMD2_HUMAN	0.3537593748197112	-0.10399869047591931	0.8115174401153418	0.1834170287036638	1.9287160920661275	0.10593708256278259	0.5100283318678026	0.21348015781165056	2.855441066826386	0.09281658380815037	0.30465814252724377	0.1479702920213921	2.3907459395198605	0.06495263752876	0.5484103583837773	False	False	False	False
sp|A0AV96|RBM47_HUMAN	psvid_59937_sp|A0AV96|RBM47_HUMAN	0.646240625180289	-0.19011315609123247	1.4825944064518106	0.3351148502579113	1.928415361727267	0.10597985098331927	0.5100283318678026	0.5540153948159771	1.0731203125901445	0.12777650483686462	0.3574583959524026	0.32304186340068597	2.000485690545694	0.10481849381000001	0.5630169624789237	False	False	False	False
sp|Q709F0|ACD11_HUMAN	psvid_419470_sp|Q709F0|ACD11_HUMAN	-0.23351758007482548	-0.5361233865482694	0.06908822639861845	0.12124976510460797	-1.9259219172371898	0.10633513256711961	0.5100283318678026	0.1563381455362287	4.129167758127425	0.03523811587983593	0.1877181820704535	0.12340117371133835	-1.892344886614068	0.12000025873123922	0.5703244574634503	False	False	False	False
sp|P54868|HMCS2_HUMAN	psvid_40373_sp|P54868|HMCS2_HUMAN	-0.1407840345669944	-0.32340212383444267	0.0418340547004539	0.07317242416983696	-1.9240039695859659	0.10660923621148598	0.5100283318678026	0.0591310578349387	5.035686466967752	0.01919036396456196	0.13852928919388116	0.09284126705846683	-1.5163950151427337	0.19282063379559033	0.6312314070386581	False	False	False	False
sp|O00442|RTCA_HUMAN	psvid_43288_sp|O00442|RTCA_HUMAN	0.75	-0.2234618632302563	1.7234618632302563	0.3900520734565642	1.922820184888773	0.1067787746608092	0.5100283318678026	0.67700320038633	0.875	0.12310033208670612	0.35085656910866886	0.39003074566353385	1.9229253291918664	0.11548678539830086	0.5703244574634503	False	False	False	False
sp|P07355|ANXA2_HUMAN	psvid_32022_sp|P07355|ANXA2_HUMAN	-0.2701651935703204	-0.6209042269080964	0.08057383976745558	0.14053605216909376	-1.922390656350985	0.10684035819827412	0.5100283318678026	0.24223055132629304	5.257779650508412	0.016949162169526077	0.13018894795460204	0.16133488270211493	-1.6745615644023326	0.15789204365919182	0.6037253972963479	False	False	False	False
sp|Q9H1K4|GHC2_HUMAN	psvid_43470_sp|Q9H1K4|GHC2_HUMAN	-0.47672264890212945	-1.0965360518524414	0.1430907540481824	0.24835025603848832	-1.9195577105756996	0.10724743458867517	0.5100283318678026	0.42809878635681814	3.6187614343819967	0.052892077421271014	0.2299827763578634	0.25561486756760465	-1.8650036026407835	0.1241912061939198	0.5703244574634503	False	False	False	False
sp|P48643|TCPE_HUMAN	psvid_26360_sp|P48643|TCPE_HUMAN	-0.3686346277568757	-0.8481274677207223	0.1108582122069709	0.1921258382068088	-1.918714480038175	0.10736890505522878	0.5100283318678026	0.3083167013641239	3.717341822016443	0.04885073154389573	0.2210220159710243	0.1936704165874317	-1.9034121692533106	0.11834592190159877	0.5703244574634503	False	False	False	False
sp|Q9C0E8|LNP_HUMAN	psvid_78220_sp|Q9C0E8|LNP_HUMAN	-0.26472342226339163	-0.6090874994990834	0.07964065497230016	0.13798169956450243	-1.9185400897286464	0.10739404402912643	0.5100283318678026	0.19430597477563516	4.016423515053727	0.038457881950696535	0.19610681260653984	0.13938530829835596	-1.8992204092037297	0.11896969237988976	0.5703244574634503	False	False	False	False
sp|P61326|MGN_HUMAN	psvid_52873_sp|P61326|MGN_HUMAN	-0.75	-1.7260605755734888	0.2260605755734887	0.3910933398647123	-1.9177007725558337	0.10751511806002119	0.5100283318678026	0.67700320038633	1.021240625180289	0.12664032915109022	0.3558656054623574	0.39003074566353385	-1.9229253291918664	0.11548678539830086	0.5703244574634503	False	False	False	False
sp|Q96A72|MGN2_HUMAN	psvid_52871_sp|Q96A72|MGN2_HUMAN	-0.75	-1.7260605755734888	0.2260605755734887	0.3910933398647123	-1.9177007725558337	0.10751511806002119	0.5100283318678026	0.67700320038633	1.021240625180289	0.12664032915109022	0.3558656054623574	0.39003074566353385	-1.9229253291918664	0.11548678539830086	0.5703244574634503	False	False	False	False
sp|P27708|PYR1_HUMAN	psvid_44236_sp|P27708|PYR1_HUMAN	-0.45994409993749574	-1.0589463168273325	0.13905811695234116	0.24001151511746002	-1.916341804318856	0.10771144687163688	0.5100283318678026	0.3587497117003634	2.741070579808361	0.09934509082576046	0.3151905627168435	0.21936861581241102	-2.0966722985151547	0.09301343769525357	0.5615029827479354	False	False	False	False
sp|P00740|FA9_HUMAN	psvid_55753_sp|P00740|FA9_HUMAN	-0.3225887529583267	-0.7427396637186932	0.09756215780203975	0.1683483864102661	-1.916197474991984	0.10773231932917302	0.5100283318678026	0.27269035193105085	4.105222664075042	0.03589162351847848	0.18945084723610628	0.17600422707228436	-1.8328466214952925	0.1293152954217288	0.5703244574634503	False	False	False	False
sp|Q9NP73|ALG13_HUMAN	psvid_40268_sp|Q9NP73|ALG13_HUMAN	0.5804820237218405	-0.17747003839542508	1.3384340858391062	0.303700416602339	1.9113639362632666	0.10843370350257288	0.5100283318678026	0.4829866058521908	1.0402410118609202	0.1270645147183345	0.3564610984642426	0.2848099430587534	2.0381381966081604	0.10001852853747258	0.5615029827479354	False	False	False	False
sp|Q07954|LRP1_HUMAN	psvid_31050_sp|Q07954|LRP1_HUMAN	-0.09548036669178583	-0.22025329951861333	0.02929256613504165	0.04999470754700645	-1.9098094853742762	0.1086602484053553	0.5100283318678026	0.05892336135272809	8.094378285300788	0.006794824017446219	0.08243072253381149	0.09279959474282858	-1.0288877549130075	0.35300327606125415	0.7215079141157084	False	False	False	False
sp|Q15493|RGN_HUMAN	psvid_66275_sp|Q15493|RGN_HUMAN	-0.75	-1.7303693036978176	0.2303693036978176	0.39281978483635016	-1.9092724678123127	0.10873862446850456	0.5100283318678026	0.67700320038633	1.8517226489021295	0.13253052632218235	0.36404742317750627	0.39003074566353385	-1.9229253291918664	0.11548678539830086	0.5703244574634503	False	False	False	False
sp|P02763|A1AG1_HUMAN	psvid_881771_sp|P02763|A1AG1_HUMAN	-0.2661955128535993	-0.6150074040348888	0.0826163783276902	0.13976387421084405	-1.904608858023096	0.10942167615202138	0.5100283318678026	0.2548244057128301	6.941411660742778	0.008644960152112302	0.09297827785086311	0.16734386973791737	-1.5907096762522386	0.17554361208295285	0.6114233805102492	False	False	False	False
sp|P30613|KPYR_HUMAN	psvid_45483_sp|P30613|KPYR_HUMAN	-0.30396239386741897	-0.7026944476415401	0.09476965990670216	0.15976616054798956	-1.9025455254407058	0.1097252650430411	0.5100283318678026	0.2474004828281701	3.9951974619618564	0.039105321543961166	0.19775065497732533	0.163791353071482	-1.85579023658693	0.1256374573320901	0.5703244574634503	False	False	False	False
sp|P62913|RL11_HUMAN	psvid_30934_sp|P62913|RL11_HUMAN	-0.24525254914163064	-0.5670892006496477	0.07658410236638641	0.12895528625894093	-1.9018417643551733	0.1098290079504615	0.5100283318678026	0.20189990027186303	4.644822040508625	0.024432715191904462	0.15630967721770928	0.14274995671197757	-1.7180569072708691	0.14945109848862811	0.5972476435344202	False	False	False	False
sp|Q9Y6L6|SO1B1_HUMAN	psvid_69219_sp|Q9Y6L6|SO1B1_HUMAN	-0.3620749883526483	-0.8373509950392442	0.11320101833394758	0.19043621416981327	-1.9012927238187143	0.10991001209950986	0.5100283318678026	0.2713473950349963	3.2383924162339284	0.0712411254491739	0.2669103322263376	0.17534814520203104	-2.064892034845741	0.09674965184842613	0.5615029827479354	False	False	False	False
sp|P49221|TGM4_HUMAN	psvid_35676_sp|P49221|TGM4_HUMAN	-0.5	-1.156560759686778	0.15656075968677796	0.2630743898032605	-1.9006030969944423	0.11001184368424737	0.5100283318678026	0.408248290463863	0.25	0.10519093241943621	0.3243315162290526	0.24515491761011332	-2.0395266995834214	0.09984602801145806	0.5615029827479354	False	False	False	False
sp|P50151|GBG10_HUMAN	psvid_93521_sp|P50151|GBG10_HUMAN	-0.5	-1.156560759686778	0.15656075968677796	0.2630743898032605	-1.9006030969944423	0.11001184368424737	0.5100283318678026	0.408248290463863	0.25	0.10519093241943621	0.3243315162290526	0.24515491761011332	-2.0395266995834214	0.09984602801145806	0.5615029827479354	False	False	False	False
sp|Q14624|ITIH4_HUMAN	psvid_78925_sp|Q14624|ITIH4_HUMAN	-0.1663871485689219	-0.3849966270328423	0.05222232989499856	0.08759365268728693	-1.899534309442844	0.11016985150433678	0.5100283318678026	0.12844530377290228	5.638083792735051	0.01398936839572241	0.11827666040146048	0.11279024967025444	-1.475190888001042	0.2031086197522539	0.6454738565483373	False	False	False	False
sp|P17987|TCPA_HUMAN	psvid_23035_sp|P17987|TCPA_HUMAN	-0.18872187554086728	-0.43668842633504334	0.059244675253308815	0.09935660649734497	-1.8994396265527682	0.11018386033604262	0.5100283318678026	0.0857460879126107	4.163973302325553	0.03431663780653038	0.18524750418434896	0.09917696121584506	-1.9028801974496878	0.11842489470598282	0.5703244574634503	False	False	False	False
sp|P02765|FETUA_HUMAN	psvid_419634_sp|P02765|FETUA_HUMAN	-0.8072046726239699	-1.8678383945296164	0.25342904928167664	0.42498057503193204	-1.8993919252975702	0.1101909186703525	0.5100283318678026	0.7595799664012512	2.5923242118528522	0.10747924382320255	0.32784027181419084	0.4353758622030614	-1.8540409395674897	0.12591401636853092	0.5703244574634503	False	False	False	False
sp|O60831|PRAF2_HUMAN	psvid_92670_sp|O60831|PRAF2_HUMAN	-0.6229632740824186	-1.4421734759176013	0.19624692775276398	0.3282456662064457	-1.897856813410643	0.11041831290697467	0.5100283318678026	0.5337911854037073	1.7077222622214983	0.13381889033943759	0.36581264376650185	0.31211355230238047	-1.9959507348751138	0.10541281633549722	0.5630169624789237	False	False	False	False
sp|Q14498|RBM39_HUMAN	psvid_29481_sp|Q14498|RBM39_HUMAN	-0.8304820237218404	-1.9244042399433154	0.2634401924996346	0.43831879270699337	-1.894698647513842	0.11088762188489762	0.5100283318678026	0.7780904522104912	0.9152410118609202	0.12411890837830444	0.35230513532775026	0.44556979526573687	-1.8638651734158567	0.12436897017044848	0.5703244574634503	False	False	False	False
sp|P02748|CO9_HUMAN	psvid_53218_sp|P02748|CO9_HUMAN	-0.22098236179130204	-0.5124253867361284	0.07046066315352423	0.11677700017642498	-1.892344909164006	0.11123870280341784	0.5100283318678026	0.17390780041627515	4.686293668131844	0.02378049336937335	0.15420925189291773	0.13060827577736436	-1.6919476233496098	0.15446158554459516	0.6022921314438496	False	False	False	False
sp|P62847|RS24_HUMAN	psvid_96844_sp|P62847|RS24_HUMAN	-0.23149985463905542	-0.5371712028617102	0.07417149358359926	0.12247808329632381	-1.8901328989527377	0.11156966777703019	0.5100283318678026	0.11162604644150768	3.672954599943498	0.05063221509125614	0.22501603296488928	0.10699381741331093	-2.1636750630626147	0.08563117466841054	0.5615029827479354	False	False	False	False
sp|Q16822|PCKGM_HUMAN	psvid_163227_sp|Q16822|PCKGM_HUMAN	-0.19230355659235165	-0.4464692661633287	0.061862152978625407	0.10184051965913438	-1.8882813759788526	0.11184746091518684	0.5100283318678026	0.165273292565661	5.795959731222894	0.013013316044675784	0.11407592228281911	0.12702167788731594	-1.5139428150441288	0.19341839145070094	0.6312314070386581	False	False	False	False
sp|Q06033|ITIH3_HUMAN	psvid_56970_sp|Q06033|ITIH3_HUMAN	-0.3713567067925604	-0.8634285536081967	0.12071514002307593	0.19716606411589957	-1.8834717244964976	0.112572345887776	0.5100283318678026	0.24931575897623495	2.7984811313543623	0.09608500274295272	0.3099758099319247	0.16470508524264396	-2.254676631541016	0.07659473440090811	0.5577584254514466	False	False	False	False
sp|P20290|BTF3_HUMAN	psvid_77721_sp|P20290|BTF3_HUMAN	0.287097959973168	-0.09347526113842508	0.6676711810847611	0.15249017922904343	1.8827308186315455	0.11268443218720182	0.5100283318678026	0.21434972007374625	3.7608322349439813	0.047165957934062475	0.21717725003798735	0.1483663841473226	1.9350607054498938	0.113745148320864	0.5703244574634503	False	False	False	False
sp|P30043|BLVRB_HUMAN	psvid_70183_sp|P30043|BLVRB_HUMAN	-0.2617052141882483	-0.6088459437673254	0.08543551539082872	0.1390942639542481	-1.881495374060359	0.112871584294369	0.5100283318678026	0.18061508914610128	3.796297131537121	0.04583644417968904	0.21409447489295244	0.1334494782069087	-1.9610808352692368	0.11010287847683482	0.5701980619845392	False	False	False	False
sp|Q9Y679|AUP1_HUMAN	psvid_89405_sp|Q9Y679|AUP1_HUMAN	0.4365051881124973	-0.14270084155090001	1.0157112177758947	0.23207946953265962	1.8808436135755198	0.11297044303307614	0.5100283318678026	0.41794243428836	4.394795648338858	0.028976917417983312	0.1702260773735426	0.25025567079363675	1.7442369506681177	0.1445927462294276	0.59467124087874	False	False	False	False
sp|P23526|SAHH_HUMAN	psvid_29720_sp|P23526|SAHH_HUMAN	0.27125902596394946	-0.08899017211668547	0.6315082240445844	0.14434663748011609	1.8792195696371223	0.11321715761764874	0.5100283318678026	0.19051945056140476	3.739300821933779	0.04799255846921988	0.2190720394509986	0.13772625757550078	1.9695519993001098	0.10894366719273185	0.5701980619845392	False	False	False	False
sp|O76095|JTB_HUMAN	psvid_76479_sp|O76095|JTB_HUMAN	-0.5	-1.164559216131898	0.16455921613189806	0.2662792554880019	-1.8777279479907858	0.1134442344071439	0.5100283318678026	0.408248290463863	0.5	0.11257447694118809	0.3355212019249873	0.24515491761011332	-2.0395266995834214	0.09984602801145806	0.5615029827479354	False	False	False	False
sp|P02766|TTHY_HUMAN	psvid_39080_sp|P02766|TTHY_HUMAN	-0.5	-1.164559216131898	0.16455921613189806	0.2662792554880019	-1.8777279479907858	0.1134442344071439	0.5100283318678026	0.408248290463863	0.5	0.11257447694118809	0.3355212019249873	0.24515491761011332	-2.0395266995834214	0.09984602801145806	0.5615029827479354	False	False	False	False
sp|P61960|UFM1_HUMAN	psvid_165824_sp|P61960|UFM1_HUMAN	-0.5	-1.164559216131898	0.16455921613189806	0.2662792554880019	-1.8777279479907858	0.1134442344071439	0.5100283318678026	0.408248290463863	0.5	0.11257447694118809	0.3355212019249873	0.24515491761011332	-2.0395266995834214	0.09984602801145806	0.5615029827479354	False	False	False	False
sp|Q8WWZ4|ABCAA_HUMAN	psvid_23160_sp|Q8WWZ4|ABCAA_HUMAN	-0.5	-1.164559216131898	0.16455921613189806	0.2662792554880019	-1.8777279479907858	0.1134442344071439	0.5100283318678026	0.408248290463863	0.5	0.11257447694118809	0.3355212019249873	0.24515491761011332	-2.0395266995834214	0.09984602801145806	0.5615029827479354	False	False	False	False
sp|Q9NPJ3|ACO13_HUMAN	psvid_91932_sp|Q9NPJ3|ACO13_HUMAN	-0.5	-1.164559216131898	0.16455921613189806	0.2662792554880019	-1.8777279479907858	0.1134442344071439	0.5100283318678026	0.408248290463863	0.5	0.11257447694118809	0.3355212019249873	0.24515491761011332	-2.0395266995834214	0.09984602801145806	0.5615029827479354	False	False	False	False
sp|Q9UKA9|PTBP2_HUMAN	psvid_60200_sp|Q9UKA9|PTBP2_HUMAN	0.5	-0.16455921613189806	1.164559216131898	0.2662792554880019	1.8777279479907858	0.1134442344071439	0.5100283318678026	0.408248290463863	0.5	0.11257447694118809	0.3355212019249873	0.24515491761011332	2.0395266995834214	0.09984602801145806	0.5615029827479354	False	False	False	False
sp|RETBP_HUMAN|,sp|P02753|RET4_HUMAN	psvid_55271_sp|RETBP_HUMAN|	-0.3427921170474302	-0.7997641652427963	0.11417993114793584	0.18310208303264067	-1.8721366320355972	0.11429952376226227	0.5119091054518641	0.34431062286137487	8.44248167622508	0.006486973514335587	0.08054175013206248	0.21194267683744242	-1.6173812757415902	0.1697246909389759	0.6105867233426535	False	False	False	False
sp|P01023|A2MG_HUMAN	psvid_44816_sp|P01023|A2MG_HUMAN	-0.15874176290530206	-0.37038463397177607	0.05290110816117194	0.08480223397539735	-1.8719054376722657	0.11433502862884273	0.5119091054518641	0.13104763966946778	6.180013573965068	0.011100754544447996	0.10536011837715444	0.11373081751140011	-1.3957673599716292	0.22446037494480336	0.6587797905400207	False	False	False	False
sp|P36537|UDB10_HUMAN	psvid_65573_sp|P36537|UDB10_HUMAN	-0.18564712187748533	-0.43361025204153003	0.062316008286559366	0.09935523590037998	-1.8685187569141017	0.11485640225607899	0.5131831416266457	0.16805315661377226	6.5448127203290944	0.00974731194136872	0.09872847583837563	0.1281672996130438	-1.4484749420326535	0.21006236073496862	0.6578108897582038	False	False	False	False
sp|O43390|HNRPR_HUMAN	psvid_35520_sp|O43390|HNRPR_HUMAN	-0.4170045601121791	-0.9745125030213628	0.14050338279700458	0.22338536034543657	-1.8667497255296206	0.1151296934778952	0.5133457731823022	0.3664968023467238	3.477706179318797	0.059205520239846945	0.24332184497049775	0.22337252508313532	-1.8668569912838535	0.12390236616620162	0.5703244574634503	False	False	False	False
sp|P28288|ABCD3_HUMAN	psvid_75028_sp|P28288|ABCD3_HUMAN	-0.13045966582886726	-0.3053831166748447	0.04446378501711018	0.0700892939680703	-1.8613351404038843	0.11597025025013293	0.5143015135874501	0.0829498301013188	5.749436833285554	0.013287865776203228	0.11527300540978025	0.09842377381162032	-1.3254893688445895	0.24512564471620085	0.6773617594405648	False	False	False	False
sp|Q08830|FGL1_HUMAN	psvid_75605_sp|Q08830|FGL1_HUMAN	-0.12168052887136782	-0.2849926125195864	0.04163155477685074	0.06543678725751197	-1.8595125765041165	0.11625457166035531	0.5143015135874501	0.02759949982422646	5.1742865283097235	0.017740142181702417	0.13319212507390374	0.08807193987257889	-1.3816038235039823	0.22848753565057456	0.6619418312229881	False	False	False	False
sp|Q9P2X0|DPM3_HUMAN	psvid_108581_sp|Q9P2X0|DPM3_HUMAN	-0.4686172794790353	-1.0980859619336183	0.16085140297554756	0.25221898673323434	-1.8579778055118428	0.11649454122071634	0.5143015135874501	0.3843365755176282	2.673030515280385	0.10313548987357467	0.3211471467623131	0.23264009470355773	-2.0143444322276953	0.10302406286967705	0.5630169624789237	False	False	False	False
sp|Q9NRV9|HEBP1_HUMAN	psvid_77890_sp|Q9NRV9|HEBP1_HUMAN	-0.23026216465129423	-0.5395926080007971	0.0790682786982087	0.1239442297321646	-1.8577885001090875	0.11652417463322154	0.5143015135874501	0.14211208970450065	3.8726900964160955	0.04310692728501612	0.20762207802884577	0.11784853447388201	-1.9538822920392422	0.11109811966348704	0.5701980619845392	False	False	False	False
sp|A6NHQ2|FBLL1_HUMAN	psvid_42411_sp|A6NHQ2|FBLL1_HUMAN	0.5	-0.1722549249160351	1.172254924916035	0.26936281456859074	1.856232460300045	0.11676804092525402	0.5143015135874501	0.408248290463863	0.75	0.1197629410786987	0.34606782728057617	0.24515491761011332	2.0395266995834214	0.09984602801145806	0.5615029827479354	False	False	False	False
sp|P10176|COX8A_HUMAN	psvid_109873_sp|P10176|COX8A_HUMAN	-0.5	-1.172254924916035	0.1722549249160351	0.26936281456859074	-1.856232460300045	0.11676804092525402	0.5143015135874501	0.408248290463863	0.75	0.1197629410786987	0.34606782728057617	0.24515491761011332	-2.0395266995834214	0.09984602801145806	0.5615029827479354	False	False	False	False
sp|O15523|DDX3Y_HUMAN	psvid_50631_sp|O15523|DDX3Y_HUMAN	-0.23585411790840816	-0.5540944929274814	0.0823862571106651	0.12751431034173252	-1.8496286203197891	0.11780873578758001	0.5169141179148471	0.09573673506022387	3.461143323982351	0.059986799506458306	0.24492202740149427	0.10202022442447808	-2.3118368856657683	0.07144893808142996	0.5484103583837773	False	False	False	False
sp|Q86YT5|S13A5_HUMAN	psvid_87204_sp|Q86YT5|S13A5_HUMAN	-0.4888134042924792	-1.1490603459544868	0.17143353736952838	0.2645513895470465	-1.8477068108748342	0.1181133404691529	0.5169141179148471	0.41858604237010316	2.755505231985853	0.09852976261221184	0.3138945087321724	0.2505948302464399	-1.9506124839517656	0.11155330312276376	0.5701980619845392	False	False	False	False
sp|P20742|PZP_HUMAN	psvid_58932_sp|P20742|PZP_HUMAN	-0.2252049284559825	-0.5297462006259885	0.0793363437140236	0.12202527818484618	-1.8455596398218233	0.11845460085077117	0.5169141179148471	0.1956191805126413	4.982292894484834	0.01979931964369934	0.14071005523309035	0.13996363974143247	-1.6090245214544576	0.17152688386212867	0.6105867233426535	False	False	False	False
sp|P05976|MYL1_HUMAN	psvid_81173_sp|P05976|MYL1_HUMAN	-0.5	-1.1763711175872291	0.17637111758722912	0.2710121133719545	-1.8449359837793218	0.11855390706214997	0.5169141179148471	0.408248290463863	0.896240625180289	0.12364179738513871	0.3516273558543742	0.24515491761011332	-2.0395266995834214	0.09984602801145806	0.5615029827479354	False	False	False	False
sp|P08590|MYL3_HUMAN	psvid_93158_sp|P08590|MYL3_HUMAN	-0.5	-1.1763711175872291	0.17637111758722912	0.2710121133719545	-1.8449359837793218	0.11855390706214997	0.5169141179148471	0.408248290463863	0.896240625180289	0.12364179738513871	0.3516273558543742	0.24515491761011332	-2.0395266995834214	0.09984602801145806	0.5615029827479354	False	False	False	False
sp|P51888|PRELP_HUMAN	psvid_42092_sp|P51888|PRELP_HUMAN	0.5	-0.17802949260413814	1.1780294926041381	0.2716766002289614	1.840423501982188	0.11927493557393695	0.517780371288366	0.408248290463863	2.1785613794165304	0.12521124325595953	0.35385200756242646	0.24515491761011332	2.0395266995834214	0.09984602801145806	0.5615029827479354	False	False	False	False
sp|P36957|ODO2_HUMAN	psvid_70633_sp|P36957|ODO2_HUMAN	-0.338587393144935	-0.7978563105557612	0.12068152426589113	0.18402240526999664	-1.8399248322407344	0.11935488537413998	0.517780371288366	0.28726714438712236	3.680392226412081	0.05032933769818545	0.22434201055126846	0.18317418532438504	-1.8484449244052985	0.12680297408878793	0.5703244574634503	False	False	False	False
sp|Q01740|FMO1_HUMAN	psvid_74005_sp|Q01740|FMO1_HUMAN	-0.5	-1.1790253780444755	0.1790253780444756	0.2720756371050849	-1.8377242641790925	0.11970833687839011	0.517780371288366	0.408248290463863	1.0	0.12615557207924855	0.3551838567266938	0.24515491761011332	-2.0395266995834214	0.09984602801145806	0.5615029827479354	False	False	False	False
sp|Q9P0U1|TOM7_HUMAN	psvid_151841_sp|Q9P0U1|TOM7_HUMAN	-0.5	-1.1790253780444755	0.1790253780444756	0.2720756371050849	-1.8377242641790925	0.11970833687839011	0.517780371288366	0.40824829046386296	1.0	0.12615557207924855	0.3551838567266938	0.2451549176101133	-2.0395266995834214	0.09984602801145806	0.5615029827479354	False	False	False	False
sp|P84085|ARF5_HUMAN	psvid_22625_sp|P84085|ARF5_HUMAN	-0.19407662144959337	-0.45840790528807607	0.07025466238888933	0.1059137180767486	-1.8324030633025177	0.12056736530396012	0.5184516947975498	0.09752330920865421	4.044013950572655	0.037636115400000905	0.19400029742245475	0.10255273068927329	-1.8924568867661875	0.11998339683579087	0.5703244574634503	False	False	False	False
sp|Q9Y4P3|TBL2_HUMAN	psvid_31026_sp|Q9Y4P3|TBL2_HUMAN	-0.21069006454720118	-0.4983112789864433	0.07693114989204092	0.11524565604434513	-1.8281822654220494	0.12125314426258174	0.5184516947975498	0.16179878418890298	4.495278924426225	0.027015069972072675	0.164362617319367	0.1256023852965004	-1.6774368102153516	0.1573194606599678	0.6037253972963479	False	False	False	False
sp|Q9NY65|TBA8_HUMAN	psvid_34685_sp|Q9NY65|TBA8_HUMAN	-0.15831648008272237	-0.37454995376484046	0.0579169935993957	0.08664162197433282	-1.8272566518851976	0.121404056310932	0.5184516947975498	0.1378550150404406	6.377706778452344	0.01032035053455826	0.1015891260645462	0.11624217061820351	-1.361953921203963	0.23418849586968446	0.6659779048294231	False	False	False	False
sp|P54855|UDB15_HUMAN	psvid_32010_sp|P54855|UDB15_HUMAN	-0.12933126440188603	-0.30612873757693143	0.04746620877315938	0.07084018758061644	-1.8256764813716293	0.12166212235735219	0.5184516947975498	0.10095463241021324	6.5119933206470035	0.009854164613087883	0.09926814500678394	0.10359506014069375	-1.2484308057376443	0.2698257308380914	0.6927871548887963	False	False	False	False
sp|P61586|RHOA_HUMAN	psvid_55605_sp|P61586|RHOA_HUMAN	-0.14736759729253834	-0.3491319536979556	0.05439675911287886	0.08084405618563748	-1.8228624866885297	0.12212305219907073	0.5184516947975498	0.03068765865021788	4.478065013576835	0.027337388360750735	0.1653402200335742	0.08839376652893417	-1.6671718276005367	0.15937331560415444	0.604442868568546	False	False	False	False
sp|Q14139|UBE4A_HUMAN	psvid_72001_sp|Q14139|UBE4A_HUMAN	-0.44727580437534564	-1.0610122340018067	0.16646062525111527	0.24591530081852442	-1.818820556860824	0.12278817813604169	0.5184516947975498	0.3902710063576597	3.0075652237137724	0.08406284626801898	0.289935934764939	0.2357366250166264	-1.8973538979944227	0.11924854718450272	0.5703244574634503	False	False	False	False
sp|Q9BSR8|YIPF4_HUMAN	psvid_62004_sp|Q9BSR8|YIPF4_HUMAN	0.5	-0.18614753712790244	1.1861475371279024	0.2749293831252524	1.8186488265323386	0.12281651765041149	0.5184516947975498	0.408248290463863	1.396240625180289	0.1329494194801924	0.3646222970145852	0.24515491761011332	2.0395266995834214	0.09984602801145806	0.5615029827479354	False	False	False	False
sp|P61204|ARF3_HUMAN	psvid_8581_sp|P61204|ARF3_HUMAN	-0.24816051709823683	-0.588818176800645	0.0924971426041713	0.13649659172560286	-1.818071161784833	0.12291189387569994	0.5184516947975498	0.20371061021594908	4.2456318918462514	0.03228140957846756	0.17967028017584757	0.14355929953175675	-1.7286272495592754	0.1474698167989675	0.5972476435344202	False	False	False	False
sp|P84077|ARF1_HUMAN	psvid_25700_sp|P84077|ARF1_HUMAN	-0.24816051709823683	-0.588818176800645	0.0924971426041713	0.13649659172560286	-1.818071161784833	0.12291189387569994	0.5184516947975498	0.20371061021594908	4.2456318918462514	0.03228140957846756	0.17967028017584757	0.14355929953175675	-1.7286272495592754	0.1474698167989675	0.5972476435344202	False	False	False	False
sp|P13807|GYS1_HUMAN	psvid_59925_sp|P13807|GYS1_HUMAN	-0.3545781578279267	-0.8414853456639302	0.1323290300080769	0.19509666004390325	-1.817448631607198	0.1230147606583007	0.5184516947975498	0.25830101852598797	2.953111031016969	0.08718782171618264	0.2952758400482211	0.16901720877844872	-2.097881987228384	0.09287429104224314	0.5615029827479354	False	False	False	False
sp|O43708|MAAI_HUMAN	psvid_95880_sp|O43708|MAAI_HUMAN	-0.4999999999999999	-1.1866578743439073	0.18665787434390768	0.275133867858331	-1.817297172071359	0.12303980083349143	0.5184516947975498	0.408248290463863	1.451838730514401	0.13343895327325248	0.3652929690991225	0.24515491761011332	-2.039526699583421	0.09984602801145806	0.5615029827479354	False	False	False	False
sp|P55735|SEC13_HUMAN	psvid_29057_sp|P55735|SEC13_HUMAN	-0.3614064547780672	-0.8578441508598789	0.1350312413037445	0.19891539670199568	-1.8168852726845819	0.12310792424429898	0.5184516947975498	0.25028717247973886	2.755505231985853	0.09852976261221184	0.3138945087321724	0.16516926947129856	-2.1880974344375166	0.08309855680975019	0.5615029827479354	False	False	False	False
sp|Q9H6V9|LDAH_HUMAN	psvid_72094_sp|Q9H6V9|LDAH_HUMAN	-0.3510116788402168	-0.8333191785008462	0.13129582082041263	0.19325363159273734	-1.816326430439034	0.12320041064957339	0.5184516947975498	0.2671615094715231	3.104067218836639	0.07859701358767067	0.28035158923692705	0.17330832290970433	-2.0253596188978067	0.10162096474691897	0.5630169624789237	False	False	False	False
sp|O15120|PLCB_HUMAN	psvid_82679_sp|O15120|PLCB_HUMAN	-0.5700269797981836	-1.3536150754112413	0.21356111581487391	0.3139724040298222	-1.8155321056306608	0.12333198821889726	0.5184516947975498	0.5507202355154807	3.218055346314938	0.07233128771496139	0.2689447670339793	0.32125925597910815	-1.7743519266422416	0.13920299019818316	0.5903187470830976	False	False	False	False
sp|Q9HA82|CERS4_HUMAN	psvid_70086_sp|Q9HA82|CERS4_HUMAN	-0.32237665429874607	-0.7660398904080945	0.12128658181060237	0.1777694347333338	-1.8134537851365333	0.12367692133795698	0.5184516947975498	0.1744250103959937	2.69798955838493	0.10175638800168005	0.3189927710806	0.13082570057370582	-2.4641691417285587	0.05948396183073392	0.5484103583837773	False	False	False	False
sp|P08758|ANXA5_HUMAN	psvid_79079_sp|P08758|ANXA5_HUMAN	0.2303475413259084	-0.08667816348024537	0.5473732461320622	0.1270276095751067	1.8133659453751467	0.12369152109383166	0.5184516947975498	0.18749659075879027	4.3994615857325305	0.028881391820270108	0.16994526124687945	0.13641112421457363	1.68862724834357	0.1551108617984513	0.603456440784998	False	False	False	False
sp|P35503|UD13_HUMAN	psvid_62830_sp|P35503|UD13_HUMAN	-0.07400035507780123	-0.176053102484722	0.028052392329119533	0.040891058223811505	-1.809695280390412	0.1243031616651296	0.519700138330803	0.013876241007849939	7.862679830144426	0.007050767467668514	0.08396884819781984	0.08704645452485378	-0.8501248612793576	0.43596423759112374	0.7768646788014845	False	False	False	False
sp|P49207|RL34_HUMAN	psvid_17293_sp|P49207|RL34_HUMAN	-0.5808425172653172	-1.3823129220029706	0.2206278874723362	0.3211375863710127	-1.8087030043075227	0.12446902251669902	0.519700138330803	0.5563191839071108	2.993866556436918	0.0848469873522059	0.29128506201349547	0.32428861618371807	-1.791128298306514	0.13629014549871327	0.5859935422533962	False	False	False	False
sp|P04004|VTNC_HUMAN	psvid_44441_sp|P04004|VTNC_HUMAN	-0.2042839857125478	-0.4868235956000293	0.0782556241749337	0.11320953067901923	-1.8044769242242527	0.12517790012337995	0.5203351752344975	0.17104575841407388	4.8555053768696235	0.021370773200067607	0.14618745910668127	0.12941031651388846	-1.5785757365845234	0.17825615635274752	0.6160782947630046	False	False	False	False
sp|P08637|FCG3A_HUMAN	psvid_105020_sp|P08637|FCG3A_HUMAN	-0.603759374819711	-1.4391420964275516	0.23162334678812968	0.33472576071103183	-1.8037433794673945	0.1253013541753211	0.5203351752344975	0.5603688660931588	0.6981203125901445	0.11831515476097385	0.34396970035305996	0.3264810944621933	-1.8492935274377018	0.1266677518717007	0.5703244574634503	False	False	False	False
sp|A6NMY6|AXA2L_HUMAN	psvid_32028_sp|A6NMY6|AXA2L_HUMAN	-0.3289240352939622	-0.7843822388438264	0.12653416825590208	0.1824955074027442	-1.802367849900376	0.12553318080778822	0.5203351752344975	0.3211178048057692	4.693304227102037	0.02367278183096768	0.1538596172846133	0.20012600757224466	-1.643584655908463	0.16419561809277344	0.606130940638549	False	False	False	False
sp|P30533|AMRP_HUMAN	psvid_44289_sp|P30533|AMRP_HUMAN	-0.2175526713598548	-0.51884577329091	0.08374043057120045	0.12072378340164171	-1.8020696935587948	0.12558348742020484	0.5203351752344975	0.18343522908283622	4.681408184469053	0.02385598377144866	0.15445382407518649	0.1346576634066049	-1.6155981461147493	0.17010764194149214	0.6105867233426535	False	False	False	False
sp|P02655|APOC2_HUMAN	psvid_102240_sp|P02655|APOC2_HUMAN	-0.22315194831381047	-0.532441641926899	0.08613774529927809	0.12392790190281491	-1.8006594551145367	0.12582170365614984	0.5203351752344975	0.08639732264275321	3.502255830919235	0.05806267208627818	0.2409619722825122	0.09935511993478593	-2.2460035120513315	0.07740996562164688	0.5577584254514466	False	False	False	False
sp|P35606|COPB2_HUMAN	psvid_44614_sp|P35606|COPB2_HUMAN	-0.1688725041510819	-0.4035071451001918	0.06576213679802803	0.09401470326042892	-1.7962350387182562	0.12657200329209808	0.5224410116837649	0.12132703719670096	4.872011909057943	0.021155589202496116	0.14544961052713795	0.11027549554737646	-1.5313692612565142	0.18920957354644546	0.6255833820291156	False	False	False	False
sp|Q9Y2B0|CNPY2_HUMAN	psvid_64909_sp|Q9Y2B0|CNPY2_HUMAN	-0.15054585234376128	-0.36013205820278793	0.059040353515265376	0.08397815800604316	-1.792678666909172	0.1271783332659166	0.5231890037423211	0.11134807514050826	5.353434343643343	0.016111406751101447	0.12693071634203223	0.10690239321710877	-1.4082552112562785	0.22096591471546526	0.6587797905400207	False	False	False	False
sp|P42765|THIM_HUMAN	psvid_44529_sp|P42765|THIM_HUMAN	-0.20122254487468072	-0.48141239589979284	0.0789673061504314	0.11226801632595687	-1.7923407882299704	0.12723608905039374	0.5231890037423211	0.18880981630826577	5.810676672358804	0.012928618810327239	0.11370408440477078	0.13698142514693137	-1.4689768679136017	0.20470584013364024	0.6474285928783502	False	False	False	False
sp|P20339|RAB5A_HUMAN	psvid_39623_sp|P20339|RAB5A_HUMAN	-0.38049110333371283	-0.9112969515294811	0.15031474486205543	0.21268621762397413	-1.788978654020803	0.12781222692368366	0.5234058541572734	0.3064244894357023	2.9660675037698616	0.086442573116815	0.29401117855757625	0.1927205887318902	-1.9743147623062005	0.10829755967534536	0.5701980619845392	False	False	False	False
sp|O43819|SCO2_HUMAN	psvid_50098_sp|O43819|SCO2_HUMAN	-0.6315172029168971	-1.5133208668584666	0.25028646102467245	0.35332596015695067	-1.7873501359378496	0.12809222500566828	0.5234058541572734	0.590151818786556	1.7267226489021295	0.13371402958719508	0.36566928991534836	0.34263837755656723	-1.8431011943857278	0.12765792064190096	0.5703244574634503	False	False	False	False
sp|P18669|PGAM1_HUMAN	psvid_59043_sp|P18669|PGAM1_HUMAN	-0.18342447008307428	-0.43955365326338264	0.07270471309723409	0.10262725510448152	-1.7872880834271139	0.12810290603894045	0.5234058541572734	0.09168653559165763	4.103034835562557	0.03595213714803745	0.18961048796951463	0.1008395947065484	-1.8189727023085995	0.13159309124675825	0.5703244574634503	False	False	False	False
sp|P49773|HINT1_HUMAN	psvid_79904_sp|P49773|HINT1_HUMAN	0.46562411906251633	-0.184931882650328	1.1161801207753608	0.2606683702283738	1.7862701126898481	0.1282782550032905	0.5234058541572734	0.4359597280159604	3.2206332382730007	0.07219259134977156	0.26868679042664445	0.25977295288424945	1.7924272480745551	0.1360672375806471	0.5859935422533962	False	False	False	False
sp|Q9H2M3|BHMT2_HUMAN	psvid_50162_sp|Q9H2M3|BHMT2_HUMAN	-0.20994409993749596	-0.5036092920740569	0.08372109219906504	0.11766739039451438	-1.7842165041104159	0.12863272417241362	0.5234058541572734	0.14860786847532734	4.165169883009237	0.03428554978754578	0.18516357575815437	0.12034989903201879	-1.7444476615775213	0.14455430333089458	0.59467124087874	False	False	False	False
sp|Q9H9S3|S61A2_HUMAN	psvid_28157_sp|Q9H9S3|S61A2_HUMAN	-0.2869746737780783	-0.6885256050251134	0.11457625746895683	0.16089564393574302	-1.7836074784764684	0.1287380342712629	0.5234058541572734	0.17053146141501685	3.1064245972430533	0.07846507383756471	0.2801161791785057	0.12919599113699662	-2.221235126976785	0.0797900839362937	0.5577584254514466	False	False	False	False
sp|P48444|COPD_HUMAN	psvid_59906_sp|P48444|COPD_HUMAN	-0.27982473209308634	-0.6722493741923413	0.11259991000616865	0.15723887201738201	-1.7796154888604965	0.12943044052609762	0.5252355142697632	0.1457700994030999	3.0329689942449667	0.08261325352504288	0.2874252137948981	0.11924986584743305	-2.3465412736907476	0.06850860305938539	0.5484103583837773	False	False	False	False
sp|Q8IXB1|DJC10_HUMAN	psvid_80111_sp|Q8IXB1|DJC10_HUMAN	-0.390560606055268	-0.9400516385990662	0.15893042648853017	0.2201731004420464	-1.7738797576594543	0.13043178936026065	0.528309696343336	0.29171772546596775	2.525762326749475	0.11089290476507559	0.33300586295901097	0.1853801180597018	-2.1068095658968544	0.09185421471580989	0.5615029827479354	False	False	False	False
sp|P22090|RS4Y1_HUMAN	psvid_60027_sp|P22090|RS4Y1_HUMAN	-0.2311524977625593	-0.5567664234222434	0.09446142789712475	0.1304687853188657	-1.771707287667488	0.13081306955663807	0.5288655256142438	0.1773686517973641	4.062985130535251	0.03708392381684832	0.19257186662866496	0.13206850194762038	-1.7502469881443539	0.14350033587678163	0.5941131232648971	False	False	False	False
sp|P02774|VTDB_HUMAN	psvid_371851_sp|P02774|VTDB_HUMAN	-0.12427478897465849	-0.30010278823671327	0.05155321028739629	0.07045173342107779	-1.7639706354972082	0.13217991167562004	0.5333964033539453	0.07983627707097095	5.620580049610491	0.014105655668901792	0.11876723314492846	0.09760802415135338	-1.2732025881597089	0.2616448805016213	0.6909244316037668	False	False	False	False
sp|Q08170|SRSF4_HUMAN	psvid_37590_sp|Q08170|SRSF4_HUMAN	0.305598105334112	-0.12726954349279457	0.7384657541610187	0.17344379922284256	1.761943100320791	0.13254045803918316	0.5338571980871931	0.17810803565545877	2.841520928207923	0.09361739577359549	0.30596959942712526	0.13238208052219885	2.3084552239142893	0.07174270054324945	0.5484103583837773	False	False	False	False
sp|Q9P0L0|VAPA_HUMAN	psvid_79444_sp|Q9P0L0|VAPA_HUMAN	-0.1336254760397404	-0.3231791120200097	0.05592815994052894	0.07595139731513709	-1.7593550713135977	0.13300209275066457	0.5347226994261413	0.09061799906887506	5.43518121043677	0.015448481988663483	0.12429192245944015	0.10053438854155144	-1.3291519248114014	0.24400577809306928	0.6761772804384484	False	False	False	False
sp|Q9Y5Y5|PEX16_HUMAN	psvid_52725_sp|Q9Y5Y5|PEX16_HUMAN	-0.8304820237218404	-2.010959694162662	0.3499956467189811	0.4730003099419887	-1.7557747981680925	0.13364334813116105	0.5363058062967149	0.8482246916773347	1.0614816370412092	0.12752774583072599	0.3571102712478682	0.4842719870531642	-1.7149082456232776	0.15004649087568497	0.5972476435344202	False	False	False	False
sp|P24539|AT5F1_HUMAN	psvid_51447_sp|P24539|AT5F1_HUMAN	-0.195163672058279	-0.4729374167356829	0.0826100726191249	0.11129991749619075	-1.7534934117535037	0.13405356100501245	0.536957609423035	0.17691464601567292	5.2410407774429775	0.01710310504236074	0.13077884019351427	0.13187623311975596	-1.4799002628551887	0.20190621662340216	0.6434276050336949	False	False	False	False
sp|P25787|PSA2_HUMAN	psvid_93502_sp|P25787|PSA2_HUMAN	-0.34807935569468984	-0.8443737861484756	0.1482150747590959	0.19885799223924544	-1.7503915823303529	0.13461329944075764	0.5382048337419222	0.18111740143757618	1.7545217015691854	0.1335254382307449	0.3654113274527008	0.1336641006715278	-2.6041349468252193	0.050407954972548755	0.5479662261337713	False	False	False	False
sp|P05362|ICAM1_HUMAN	psvid_44118_sp|P05362|ICAM1_HUMAN	-0.3102858989083962	-0.7542589674601998	0.1336871696434075	0.17789358010683898	-1.7442220158931272	0.1357335161478843	0.5416842163765475	0.2493991715864345	3.3670541102250287	0.06457691318618228	0.25411987955723236	0.164744923871079	-1.883432227333512	0.12135002034080172	0.5703244574634503	False	False	False	False
sp|O75027|ABCB7_HUMAN	psvid_50763_sp|O75027|ABCB7_HUMAN	-0.4751160816122715	-1.1570208509183728	0.20678868769382996	0.2732293674917721	-1.7388909763756595	0.136708909464301	0.5445739095756256	0.4132744508252937	2.214280689708265	0.12403744829898698	0.35218950623064704	0.247797694973364	-1.9173547262549884	0.11629557810697337	0.5703244574634503	False	False	False	False
sp|Q8IXI1|MIRO2_HUMAN	psvid_33373_sp|Q8IXI1|MIRO2_HUMAN	-0.4407402006747876	-1.0771957386414501	0.19571533729187496	0.255018518571477	-1.728267433846206	0.13867335980061493	0.5513218722076291	0.3884262396607117	2.6277092553572965	0.10559885694013131	0.32495977741888504	0.23477334827330276	-1.8773008261641184	0.12228774059722664	0.5703244574634503	False	False	False	False
sp|Q71U36|TBA1A_HUMAN	psvid_8301_sp|Q71U36|TBA1A_HUMAN	-0.09070472560303933	-0.22178484816619137	0.04037539696011272	0.05252190715005392	-1.7269884230193306	0.13891174075928264	0.5513218722076291	0.05734243702244134	7.17216939998061	0.008138568782808196	0.09021401655401558	0.09248660521493167	-0.9807336466967147	0.37395820100065713	0.7352954929019657	False	False	False	False
sp|P61011|SRP54_HUMAN	psvid_8086_sp|P61011|SRP54_HUMAN	0.8729632740824186	-0.3905187043655064	2.1364452525303435	0.5062589343081905	1.7243414682159328	0.13940636361558836	0.5522734734094698	0.9153735868249246	1.1864816370412092	0.12999557548530408	0.36054899179626626	0.5214239415040536	1.6741910077322986	0.15796598997094105	0.6037253972963479	False	False	False	False
sp|O95793|STAU1_HUMAN	psvid_25761_sp|O95793|STAU1_HUMAN	-0.2746009260152491	-0.6729857412315097	0.12378388920101147	0.15962702708565943	-1.720265866179993	0.14017135053230265	0.5528454130975712	0.25007977812949345	4.053995157715212	0.0373442954336875	0.1932467216634929	0.16507012546183064	-1.6635410268634307	0.1601062328372614	0.604442868568546	False	False	False	False
sp|P08754|GNAI3_HUMAN	psvid_85217_sp|P08754|GNAI3_HUMAN	-0.1749225178603766	-0.42898458918754095	0.07913955346678775	0.1017989933154578	-1.7183128453767849	0.14053939680913874	0.5528454130975712	0.12947213922491976	4.58698765186018	0.025387002030483656	0.1593329910297414	0.11316005949863299	-1.5457973302187042	0.18579313831001537	0.6242073344462067	False	False	False	False
sp|Q5TCH4|CP4AM_HUMAN	psvid_42584_sp|Q5TCH4|CP4AM_HUMAN	-0.1341548360721203	-0.32912486767791344	0.06081519553367282	0.07812166861614737	-1.7172551284240125	0.1407391208818822	0.5528454130975712	0.1193227220049605	6.523547021680786	0.009816243840317544	0.09907695917980902	0.10958331818861894	-1.2242268101537859	0.27804494090641335	0.6928245058196533	False	False	False	False
sp|Q6DD88|ATLA3_HUMAN	psvid_26304_sp|Q6DD88|ATLA3_HUMAN	-0.12790558568637156	-0.3138128650177745	0.058001693645031355	0.07449035500297815	-1.7170757970110069	0.14077301097969278	0.5528454130975712	0.10112028719940225	5.960105352155567	0.012123555241347393	0.11010701722118983	0.10364602260006862	-1.2340616887915858	0.2746780222213472	0.6928245058196533	False	False	False	False
sp|Q16762|THTR_HUMAN	psvid_78155_sp|Q16762|THTR_HUMAN	-0.26977170938115325	-0.6621687212069566	0.12262530244465009	0.1572278009668796	-1.7158015803959585	0.14101404451198946	0.5528454130975712	0.19866983412012165	3.4364105081895264	0.06116861226773935	0.24732289070714694	0.14131286337765733	-1.9090385895032842	0.11751401741258205	0.5703244574634503	False	False	False	False
sp|P50148|GNAQ_HUMAN	psvid_51782_sp|P50148|GNAQ_HUMAN	-0.6842413985415514	-1.6797127077420333	0.3112299106589306	0.39887093977334986	-1.7154455998483054	0.1410814552113322	0.5528454130975712	0.692537425899372	2.068843348172905	0.1283591085953637	0.35827239440872877	0.39854275645805826	-1.7168581976562896	0.149677483622855	0.5972476435344202	False	False	False	False
sp|P09525|ANXA4_HUMAN	psvid_68747_sp|P09525|ANXA4_HUMAN	-0.28728681032739267	-0.7057136010070679	0.13113998035228264	0.16765755645815053	-1.7135333258844383	0.14144411917135694	0.5529182285589399	0.2950854452685681	4.971438570177035	0.019926784815032562	0.14116226413256683	0.18705424535503132	-1.5358475814441885	0.18814258362362116	0.6255833820291156	False	False	False	False
sp|Q99459|CDC5L_HUMAN	psvid_31149_sp|Q99459|CDC5L_HUMAN	-0.646240625180289	-1.5886436489938704	0.2961623986332923	0.37760724621553743	-1.7114094913618692	0.14184798225140796	0.5529182285589399	0.6488400676924058	0.9693609377704335	0.12543756329846878	0.3541716579548239	0.374623758590745	-1.7250390835095697	0.14813936232976826	0.5972476435344202	False	False	False	False
sp|Q9UBV2|SE1L1_HUMAN	psvid_78488_sp|Q9UBV2|SE1L1_HUMAN	-0.2361699984565626	-0.581900131123374	0.1095601342102488	0.13852905819609454	-1.7048408581703676	0.14310425683836606	0.5529182285589399	0.23658801770396018	5.17949174377389	0.01768910381443471	0.1330003902792571	0.158671111950452	-1.488424676385397	0.19974734070404254	0.6400600809824956	False	False	False	False
sp|O95864|FADS2_HUMAN	psvid_64365_sp|O95864|FADS2_HUMAN	-0.48240266802715037	-1.1891239175322377	0.22431858147793682	0.28317297177986184	-1.703561837116889	0.143350144635774	0.5529182285589399	0.445922769353992	2.437360045402955	0.11512541163979019	0.3393013581461032	0.2650549186847447	-1.8200102470119346	0.13142132541309612	0.5703244574634503	False	False	False	False
sp|P00568|KAD1_HUMAN	psvid_92468_sp|P00568|KAD1_HUMAN	-0.4342413985415514	-1.070914745452964	0.202431948369861	0.2551057914618963	-1.7022012556167763	0.14361216833462861	0.5529182285589399	0.3625961753235177	1.1133613244510647	0.12860776114644343	0.3586192425769195	0.22135493369433612	-1.9617425791881615	0.11001185933640224	0.5701980619845392	False	False	False	False
sp|P62906|RL10A_HUMAN	psvid_90968_sp|P62906|RL10A_HUMAN	-0.19446002566129583	-0.47999449437192865	0.09107444304933698	0.11440952724570912	-1.6996838492625532	0.14409821824386518	0.5529182285589399	0.1936472517688253	5.821777760186491	0.012865400479935772	0.11342574875192922	0.13909577646639576	-1.3980296929308673	0.22382341861255153	0.6587797905400207	False	False	False	False
sp|Q6UX07|DHR13_HUMAN	psvid_33439_sp|Q6UX07|DHR13_HUMAN	-0.646240625180289	-1.5951660644304835	0.30268481406990533	0.38022068364035233	-1.6996461607321784	0.1441055072552991	0.5529182285589399	0.6488400676924058	1.6156015629507225	0.13405725772307328	0.3661383040916005	0.37462375859074504	-1.7250390835095695	0.1481393623297684	0.5972476435344202	False	False	False	False
sp|A8MUH7|PDZ1P_HUMAN	psvid_43534_sp|A8MUH7|PDZ1P_HUMAN	-0.2896073406511208	-0.7149303253422579	0.13571564404001618	0.1704207615458193	-1.699366544452725	0.14415959673227363	0.5529182285589399	0.23623127004743666	3.4447217565346513	0.06076946419068107	0.24651463281249872	0.15850332122143015	-1.8271373648160818	0.13024766297865145	0.5703244574634503	False	False	False	False
sp|Q9H2X3|CLC4M_HUMAN	psvid_82812_sp|Q9H2X3|CLC4M_HUMAN	-0.2192064843272179	-0.5416503629523918	0.10323739429795598	0.12919859337250378	-1.696663087462605	0.14468358844960122	0.5529182285589399	0.17869323730333792	4.134537788690224	0.03509375794125924	0.18733328038888136	0.13263066556463704	-1.6527586843812412	0.1623028291981555	0.6052180781926458	False	False	False	False
sp|P29992|GNA11_HUMAN	psvid_51781_sp|P29992|GNA11_HUMAN	-0.6422552392130333	-1.5872411164363518	0.3027306380102852	0.3786421581786618	-1.6962063661965132	0.14477229606422237	0.5529182285589399	0.6580859340161597	2.448076279656191	0.1146322067658292	0.3385737833409864	0.3796780847014439	-1.6915783794001815	0.15453365255319818	0.6022921314438496	False	False	False	False
sp|P63092|GNAS2_HUMAN	psvid_49941_sp|P63092|GNAS2_HUMAN	-0.2203762771408173	-0.545410359415812	0.10465780513417738	0.13023645047040264	-1.6921244117513763	0.1455674979915789	0.5529182285589399	0.17514118965314027	4.040356085276797	0.03774378459193162	0.1942775967319228	0.1311272355681963	-1.6806293230074587	0.15668615165349556	0.6037253972963479	False	False	False	False
sp|Q5JWF2|GNAS1_HUMAN	psvid_26879_sp|Q5JWF2|GNAS1_HUMAN	-0.2203762771408173	-0.545410359415812	0.10465780513417738	0.13023645047040264	-1.6921244117513763	0.1455674979915789	0.5529182285589399	0.17514118965314027	4.040356085276797	0.03774378459193162	0.1942775967319228	0.1311272355681963	-1.6806293230074587	0.15668615165349556	0.6037253972963479	False	False	False	False
sp|Q9Y617|SERC_HUMAN	psvid_25441_sp|Q9Y617|SERC_HUMAN	-0.3249754471393408	-0.8044358499531318	0.1544849556744502	0.19211284111045185	-1.691586284711192	0.14567264950726924	0.5529182285589399	0.2738338035511981	3.216067503769862	0.07243833749677699	0.26914371160548595	0.17656346223013641	-1.8405588734761056	0.1280667597132752	0.5703244574634503	False	False	False	False
sp|Q9UI09|NDUAC_HUMAN	psvid_88718_sp|Q9UI09|NDUAC_HUMAN	-0.2704034413884129	-0.669507372725221	0.12870048994839522	0.15991516650279575	-1.6909180492501035	0.14580332835994747	0.5529182285589399	0.21489601979325917	3.5257623267494744	0.056985561104139534	0.23871648687122457	0.1486155088652612	-1.8194833328839717	0.13150852729041543	0.5703244574634503	False	False	False	False
sp|PRDX1_HUMAN|,sp|Q06830|PRDX1_HUMAN	psvid_37411_sp|PRDX1_HUMAN|	-0.1673650807963043	-0.41448349415958635	0.07975333256697775	0.09901677010930345	-1.6902700483115332	0.14593016007942028	0.5529182285589399	0.14125658096927007	5.034538748274523	0.019203145062164976	0.13857541290634848	0.11752357357740725	-1.42409795500363	0.21660754815564093	0.6587797905400207	False	False	False	False
sp|P20645|MPRD_HUMAN	psvid_88591_sp|P20645|MPRD_HUMAN	-0.23457889998519144	-0.5812172805644247	0.11205948059404175	0.13889297998372077	-1.68891833131297	0.14619507712335894	0.5529182285589399	0.1970880300278479	4.022487593381639	0.038275355211771424	0.19564088328304854	0.1406122825397367	-1.6682674923429963	0.15915280823766348	0.604442868568546	False	False	False	False
sp|O15239|NDUA1_HUMAN	psvid_94709_sp|O15239|NDUA1_HUMAN	-0.542481250360578	-1.3441792027034651	0.25921670198230895	0.32122876140167794	-1.6887692372048737	0.1462243263010239	0.5529182285589399	0.5287002345329385	0.771240625180289	0.12034623512854109	0.3469095489151907	0.30936751612850416	-1.753517166732023	0.1429094773568915	0.5941131232648971	False	False	False	False
sp|P00414|COX3_HUMAN	psvid_167787_sp|P00414|COX3_HUMAN	-0.542481250360578	-1.3441792027034651	0.25921670198230895	0.32122876140167794	-1.6887692372048737	0.1462243263010239	0.5529182285589399	0.5287002345329384	0.771240625180289	0.12034623512854109	0.3469095489151907	0.30936751612850416	-1.753517166732023	0.1429094773568915	0.5941131232648971	False	False	False	False
sp|Q9BY44|EIF2A_HUMAN	psvid_54956_sp|Q9BY44|EIF2A_HUMAN	-0.4342413985415514	-1.076374576224473	0.20789177914137003	0.2572934665969882	-1.6877280417762248	0.14642874740857548	0.5529182285589399	0.3625961753235177	1.7596019496313537	0.13348642032727073	0.36535793453443804	0.22135493369433612	-1.9617425791881615	0.11001185933640224	0.5701980619845392	False	False	False	False
sp|Q02338|BDH_HUMAN	psvid_25318_sp|Q02338|BDH_HUMAN	-0.12068486464110384	-0.29923523726756	0.05786550798535234	0.07154254900987145	-1.6868963478565984	0.14659223783947803	0.5529182285589399	0.10367041726137188	6.579951157845662	0.009635822603902727	0.09816222595226091	0.10443787441801593	-1.1555660751774668	0.3026097342390709	0.6928245058196533	False	False	False	False
sp|P05387|RLA2_HUMAN	psvid_48097_sp|P05387|RLA2_HUMAN	0.13251765138861837	-0.0635664443188815	0.3286017470961182	0.07856805797072598	1.6866606457040558	0.14663860360137426	0.5529182285589399	0.11637527964450199	6.218881848037551	0.010937702196020915	0.10458346999416741	0.1085786282766784	1.220476381880041	0.27933874603099773	0.6928245058196533	False	False	False	False
sp|Q9UHB9|SRP68_HUMAN	psvid_34373_sp|Q9UHB9|SRP68_HUMAN	-0.5849625007211561	-1.4507166229862412	0.2807916215439289	0.3468951411948527	-1.686280467078032	0.14671342012985253	0.5529182285589399	0.5773502691896257	1.292481250360578	0.13169390102962222	0.36289654314917663	0.33568665898353	-1.7425848929845509	0.14489451554405847	0.59467124087874	False	False	False	False
sp|P62424|RL7A_HUMAN	psvid_77737_sp|P62424|RL7A_HUMAN	-0.10592614387622579	-0.2629086286341623	0.05105634088171071	0.06290060863094474	-1.6840241482832663	0.14715821909750704	0.5533507282281046	0.07030057514291557	6.110079678694175	0.011406938325454313	0.10680326926388684	0.09526608361742703	-1.1118977484327772	0.31922254204413336	0.7023642335440156	False	False	False	False
sp|Q96HS1|PGAM5_HUMAN	psvid_100570_sp|Q96HS1|PGAM5_HUMAN	-0.3026417464849146	-0.7514003550806345	0.14611686211080527	0.17981107671070687	-1.683109583798481	0.14733888794998448	0.5533507282281046	0.26902142940673046	3.5566049015611174	0.05559808786092605	0.23579246777818424	0.17421371086998463	-1.737186728722951	0.1458850437450361	0.5972476435344202	False	False	False	False
sp|Q15738|NSDHL_HUMAN	psvid_89344_sp|Q15738|NSDHL_HUMAN	-0.23045741774203377	-0.5726469863607649	0.11173215087669741	0.13711040544725767	-1.6808163974884018	0.14779285509223172	0.5539256659513587	0.2349881169339376	5.265979523899178	0.016874571992561847	0.12990216315582218	0.15791921721954938	-1.4593373865426216	0.20720765958832646	0.6526438929184643	False	False	False	False
sp|Q16853|AOC3_HUMAN	psvid_39586_sp|Q16853|AOC3_HUMAN	0.14661005444563258	-0.07142965661199799	0.3646497655032631	0.08736535513747447	1.6781257766872593	0.14832724745718562	0.5539256659513587	0.10858189996319186	5.021187171981332	0.01935281224216076	0.13911438546088883	0.1060008393732999	1.3831027689254465	0.2280581035754003	0.6617585071089798	False	False	False	False
sp|Q8WWQ8|STAB2_HUMAN	psvid_30038_sp|Q8WWQ8|STAB2_HUMAN	-0.22813428968741511	-0.5675238908033327	0.11125531142850248	0.1359884990107185	-1.6775998804827883	0.14843191821845741	0.5539256659513587	0.09784820920670705	3.2764934612115604	0.06922441844959996	0.26310533717429596	0.10265032779778134	-2.2224409271915246	0.079672402859111	0.5577584254514466	False	False	False	False
sp|P12235|ADT1_HUMAN	psvid_82712_sp|P12235|ADT1_HUMAN	0.22829892661072138	-0.11190297011866729	0.5685008233401101	0.13631397410148652	1.6748020745162309	0.14898999146465783	0.5539256659513587	0.23522206524239245	5.391433684332538	0.01579744302584977	0.1256878793911719	0.15802906865979233	1.4446641275992533	0.21107283708349336	0.6583952150641437	False	False	False	False
sp|Q99943|PLCA_HUMAN	psvid_64624_sp|Q99943|PLCA_HUMAN	-0.5293643953870442	-1.3196384899337696	0.2609096991596813	0.3166513869933168	-1.6717577030484216	0.14959958027568493	0.5539256659513587	0.5269409762414119	2.5470029519297634	0.10982279342704405	0.33139522239622593	0.30841905989424345	-1.7163802897543448	0.14976783714907008	0.5972476435344202	False	False	False	False
sp|Q5XKP0|MIC13_HUMAN	psvid_151646_sp|Q5XKP0|MIC13_HUMAN	-0.5572046726239699	-1.3893762231358249	0.2749668778878852	0.3334390909486883	-1.6710838283496763	0.14973484292583042	0.5539256659513587	0.5454667518276449	1.674842961492274	0.13395485030411425	0.3659984293738352	0.31841885035637807	-1.7499110746751958	0.1435611701120365	0.5941131232648971	False	False	False	False
sp|Q9H0W9|BKGD_HUMAN	psvid_36835_sp|Q9H0W9|BKGD_HUMAN	-0.49815511740860063	-1.2430685235926378	0.24675828877543649	0.29847601596175677	-1.6689954661966153	0.15015478713112748	0.5539256659513587	0.48006713085784425	2.4027550197331022	0.11667917651377135	0.3415833375821651	0.2832483344014682	-1.758722142042783	0.1419741596699005	0.5941131232648971	False	False	False	False
sp|O75821|EIF3G_HUMAN	psvid_31225_sp|O75821|EIF3G_HUMAN	-0.4416782343900648	-1.102542290088543	0.21918582130841335	0.2647986582060217	-1.6679776150769812	0.15035988191822183	0.5539256659513587	0.4137089417585669	2.6595609927358996	0.10387344522242357	0.32229403535036694	0.24802633894327528	-1.7807714949623903	0.13808090454988858	0.5877124357501189	False	False	False	False
sp|O75955|FLOT1_HUMAN	psvid_63021_sp|O75955|FLOT1_HUMAN	-0.24088101127055128	-0.6017228663529819	0.11996084381187927	0.14458410655942017	-1.6660269029746757	0.1507537119475671	0.5539256659513587	0.21089516780775797	4.009364891968848	0.03867170738085486	0.1966512328485506	0.14679609532499255	-1.640922469615174	0.16474901893682756	0.606130940638549	False	False	False	False
sp|P23378|GCSP_HUMAN	psvid_67539_sp|P23378|GCSP_HUMAN	-0.15151827043751576	-0.37857134649248314	0.07553480561745166	0.09097687998382634	-1.665459075585493	0.15086854020651902	0.5539256659513587	0.11508616018981206	4.9283885356167545	0.02044502450741708	0.14298609900062692	0.10814424120546999	-1.4010757183975866	0.22296854001820265	0.6587797905400207	False	False	False	False
sp|P62273|RS29_HUMAN	psvid_103923_sp|P62273|RS29_HUMAN	0.542481250360578	-0.27056658605255224	1.3555290867737084	0.3257764956091585	1.665194566434913	0.15092205945626277	0.5539256659513587	0.5287002345329385	1.417481250360578	0.1331521921692157	0.3649002496151732	0.30936751612850416	1.753517166732023	0.1429094773568915	0.5941131232648971	False	False	False	False
sp|Q9BRJ6|CHOLN_HUMAN	psvid_86802_sp|Q9BRJ6|CHOLN_HUMAN	0.542481250360578	-0.27056658605255224	1.3555290867737084	0.3257764956091585	1.665194566434913	0.15092205945626277	0.5539256659513587	0.5287002345329385	1.417481250360578	0.1331521921692157	0.3649002496151732	0.30936751612850416	1.753517166732023	0.1429094773568915	0.5941131232648971	False	False	False	False
sp|Q96BI1|S67A1_HUMAN	psvid_68804_sp|Q96BI1|S67A1_HUMAN	-0.5424812503605779	-1.3559144117944395	0.27095191107328365	0.32593088976569196	-1.6644057602228546	0.15108177213473942	0.5539256659513587	0.5287002345329385	1.47307935569469	0.13359011003010499	0.3654998085226653	0.30936751612850416	-1.7535171667320226	0.14290947735689158	0.5941131232648971	False	False	False	False
sp|P46952|3HAO_HUMAN	psvid_67945_sp|P46952|3HAO_HUMAN	0.3729632740824186	-0.18644162807931142	0.9323681762441486	0.22414544445110768	1.6639342146602145	0.1511773266773455	0.5539256659513587	0.30986711913761433	2.6252035125820763	0.10573333531341449	0.325166626998243	0.19444954709621504	1.9180465043607104	0.11619481825036197	0.5703244574634503	False	False	False	False
sp|Q96EE3|SEH1_HUMAN	psvid_75431_sp|Q96EE3|SEH1_HUMAN	-0.47672264890212945	-1.1924640096228893	0.23901871181863044	0.2867871997382197	-1.6622870523415392	0.15151157319050812	0.5539256659513587	0.43751144825731547	1.3846019496313537	0.13283023503557564	0.3644588248836563	0.2605947440999512	-1.8293640209385125	0.1298832090615922	0.5703244574634503	False	False	False	False
sp|Q14571|ITPR2_HUMAN	psvid_28721_sp|Q14571|ITPR2_HUMAN	-0.14947273290642582	-0.3741208159860474	0.07517535017319574	0.0900132341214509	-1.6605639644582577	0.1518619992950029	0.5539256659513587	0.14842154588134898	6.6728600909426685	0.009354924902567955	0.09672086074145513	0.12027733356002288	-1.2427340088299625	0.2717400147294025	0.6928245058196533	False	False	False	False
sp|P61981|1433G_HUMAN	psvid_54161_sp|P61981|1433G_HUMAN	-0.2463383060088994	-0.6168883124160829	0.12421170039828405	0.14847402222708128	-1.6591340512897341	0.15215340302710795	0.5539256659513587	0.1971050585014756	3.682340886461755	0.050250274377536104	0.22416572971249665	0.14061981314118377	-1.7518036790560456	0.14321876118721566	0.5941131232648971	False	False	False	False
sp|Q71DI3|H32_HUMAN	psvid_20393_sp|Q71DI3|H32_HUMAN	-0.41951797627815934	-1.050613545712483	0.2115775931561642	0.25287085678967564	-1.6590206621836687	0.1521765340800086	0.5539256659513587	0.3549178728525312	1.9920797423753211	0.1301462127892168	0.360757831223685	0.21739315504482726	-1.9297662623814131	0.11450158999643723	0.5703244574634503	False	False	False	False
sp|Q16531|DDB1_HUMAN	psvid_46097_sp|Q16531|DDB1_HUMAN	-0.3514699683049556	-0.8810215890132459	0.17808165240333473	0.21218366683019818	-1.65644214540897	0.15270347170288773	0.5539256659513587	0.3481606220949296	3.6072895239855276	0.05338237681558229	0.23104626553048263	0.2139178483881221	-1.6430137595029735	0.16431413560674263	0.606130940638549	False	False	False	False
sp|Q9H6U8|ALG9_HUMAN	psvid_59343_sp|Q9H6U8|ALG9_HUMAN	-0.41951797627815957	-1.0516425789664914	0.21260662641017214	0.25328317551477675	-1.6563199487116527	0.15272848758585578	0.5539256659513587	0.39031901944719144	2.7289628874017873	0.10002630930322967	0.31626936194204724	0.23576170413771572	-1.7794152693819438	0.1383171860787082	0.5877124357501189	False	False	False	False
sp|P56937|DHB7_HUMAN	psvid_60766_sp|P56937|DHB7_HUMAN	-0.1772378044991525	-0.4444011224437437	0.0899255134454387	0.10704847313692298	-1.655678024220412	0.15285996688459277	0.5539256659513587	0.0864945498232147	3.9331587421951015	0.0410747533005578	0.20266907336976156	0.09938180655164186	-1.7834029250318997	0.13762363717806164	0.5877124357501189	False	False	False	False
sp|Q96PC5|MIA2_HUMAN	psvid_160167_sp|Q96PC5|MIA2_HUMAN	0.11897153292784957	-0.06081381264669161	0.29875687850239074	0.07203738478850676	1.6515248752732477	0.15371328913624968	0.5555293065982813	0.09326311900676543	5.915170968823796	0.012355514370526482	0.11115536141152384	0.10129472970327587	1.174508617342231	0.29564511585975556	0.6928245058196533	False	False	False	False
sp|O60725|ICMT_HUMAN	psvid_106406_sp|O60725|ICMT_HUMAN	0.396240625180289	-0.20313884414697925	0.9956200945075573	0.24016267470675132	1.649884294735289	0.15405164766749463	0.5555293065982813	0.3450011099201671	0.4481203125901445	0.11104046279293582	0.33322734400546394	0.21229664981518587	1.8664478479770403	0.12396606879775966	0.5703244574634503	False	False	False	False
sp|P06133|UD2B4_HUMAN	psvid_44381_sp|P06133|UD2B4_HUMAN	-0.13959817304713606	-0.35077585012348633	0.07157950402921423	0.08461583747928278	-1.6497877608469582	0.15407157972568852	0.5555293065982813	0.14091840472455533	7.3483995235608415	0.007806056752260492	0.08835189161676445	0.11739541333811035	-1.1891279997888808	0.2903684397226458	0.6928245058196533	False	False	False	False
sp|O00763|ACACB_HUMAN	psvid_35795_sp|O00763|ACACB_HUMAN	-0.2601604961243369	-0.6547212833161762	0.1344002910675024	0.15809479442588986	-1.6455981176931944	0.15493907176336044	0.5577291835734254	0.2588976104194291	4.348609461673297	0.0299471049026284	0.1730523183971495	0.16930495794823258	-1.5366383789179092	0.18795478659721007	0.6255833820291156	False	False	False	False
sp|Q8WXH0|SYNE2_HUMAN	psvid_29254_sp|Q8WXH0|SYNE2_HUMAN	-0.4480267870896666	-1.1289681800639733	0.23291460588464008	0.27284335654472935	-1.6420659559516086	0.15567412302765318	0.5588502184784336	0.49174633660423706	3.979431904259426	0.03959485730424165	0.1989845654925066	0.2895006617196481	-1.5475846736527838	0.1853741644079766	0.6240800381986428	False	False	False	False
sp|Q14254|FLOT2_HUMAN	psvid_51775_sp|Q14254|FLOT2_HUMAN	-0.22841728205989498	-0.575721136863361	0.118886572743571	0.13915962586970604	-1.6414048301176098	0.15581208160037402	0.5588502184784336	0.1906882519624352	3.9197186804961524	0.04151674469445138	0.203756581965961	0.13779994351580105	-1.657600694398711	0.161312680839127	0.6052180781926458	False	False	False	False
sp|Q9HCG7|GBA2_HUMAN	psvid_43837_sp|Q9HCG7|GBA2_HUMAN	-0.5516127193668564	-1.393499194901338	0.2902737561676251	0.33733172073900825	-1.6352233882968754	0.15710774587015225	0.5588502184784336	0.5704834297942442	2.4933975395792793	0.11248506624240258	0.33538793395470057	0.3319619035467109	-1.6616747689219045	0.16048427755659286	0.604816399069803	False	False	False	False
sp|O43741|AAKB2_HUMAN	psvid_87839_sp|O43741|AAKB2_HUMAN	-0.3157586014584485	-0.7984223914730546	0.16690518855615766	0.1933963919787067	-1.6327016146879	0.15763932736486533	0.5588502184784336	0.17550421368632943	2.134601949631354	0.12655585536310798	0.35574689789667596	0.1312802868836788	-2.405224797674514	0.06383211783434864	0.5484103583837773	False	False	False	False
sp|O75695|XRP2_HUMAN	psvid_85324_sp|O75695|XRP2_HUMAN	-0.707518749639422	-1.789287986622907	0.3742504873440631	0.43344926989412963	-1.6322988612075273	0.1577243882013806	0.5588502184784336	0.7650823625262252	1.146240625180289	0.12925214064378515	0.35951653737176703	0.43840509581166986	-1.6138470022331994	0.17048456346202662	0.6105867233426535	False	False	False	False
sp|O15143|ARC1B_HUMAN	psvid_47209_sp|O15143|ARC1B_HUMAN	-0.6887218755408671	-1.741812273421563	0.36436852233982897	0.42195807431791	-1.6322045185512268	0.15774431965364966	0.5588502184784336	0.7415206330909971	1.0943609377704335	0.12822094950751114	0.3580795295845759	0.42543987244286147	-1.6188465636430576	0.16941064548666318	0.6105867233426535	False	False	False	False
sp|O95870|ABHGA_HUMAN	psvid_38020_sp|O95870|ABHGA_HUMAN	-0.37519184332618205	-0.9491993097185509	0.19881562306618683	0.2299964805020147	-1.631293846354729	0.15793684015290618	0.5588502184784336	0.38791644054590924	3.6104772819546005	0.05324571830659352	0.23075033760883973	0.23450725753815338	-1.5999157009677616	0.17351301468291921	0.6113865086469691	False	False	False	False
sp|O75380|NDUS6_HUMAN	psvid_88323_sp|O75380|NDUS6_HUMAN	0.23790924460965035	-0.12632809239524112	0.6021465816145418	0.14594462700122293	1.6301336301175158	0.15818244618607805	0.5588502184784336	0.13633455544087694	3.245903282354499	0.0708408744961977	0.2661594907122376	0.11567501439052015	2.0567038254818457	0.09773791135232726	0.5615029827479354	False	False	False	False
sp|Q9BXS5|AP1M1_HUMAN	psvid_57934_sp|Q9BXS5|AP1M1_HUMAN	-0.3055981053341119	-0.7742427150064091	0.16304650433818524	0.18777910940480713	-1.6274339904089918	0.15875536936292511	0.5588502184784336	0.2776946980048706	3.4035028065688193	0.06276870595767553	0.25053683553057726	0.17845586559922752	-1.712457611342503	0.15051155722038495	0.5972476435344202	False	False	False	False
sp|Q2VIR3|IF2GL_HUMAN	psvid_50687_sp|Q2VIR3|IF2GL_HUMAN	-0.20500328623213848	-0.519557582849201	0.10955101038492404	0.12603735209823566	-1.6265280317247177	0.15894808498299573	0.5588502184784336	0.1873726943374953	4.451519032526036	0.027845356014545124	0.16686927822264086	0.13635740196587845	-1.5034261673850144	0.19600260858323318	0.6354104063997466	False	False	False	False
sp|O15145|ARPC3_HUMAN	psvid_20272_sp|O15145|ARPC3_HUMAN	-0.396240625180289	-1.0042429977755187	0.2117617474149407	0.24361774719179247	-1.6264850559854387	0.158957232426629	0.5588502184784336	0.3450011099201671	0.6981203125901445	0.11831515476097385	0.34396970035305996	0.21229664981518587	-1.8664478479770403	0.12396606879775966	0.5703244574634503	False	False	False	False
sp|P55061|BI1_HUMAN	psvid_39659_sp|P55061|BI1_HUMAN	0.396240625180289	-0.2117617474149407	1.0042429977755187	0.24361774719179247	1.6264850559854387	0.158957232426629	0.5588502184784336	0.3450011099201671	0.6981203125901445	0.11831515476097385	0.34396970035305996	0.21229664981518587	1.8664478479770403	0.12396606879775966	0.5703244574634503	False	False	False	False
sp|P62304|RUXE_HUMAN	psvid_104389_sp|P62304|RUXE_HUMAN	-0.396240625180289	-1.0042429977755187	0.2117617474149407	0.24361774719179247	-1.6264850559854387	0.158957232426629	0.5588502184784336	0.3450011099201671	0.6981203125901445	0.11831515476097385	0.34396970035305996	0.21229664981518587	-1.8664478479770403	0.12396606879775966	0.5703244574634503	False	False	False	False
sp|Q14315|FLNC_HUMAN	psvid_24329_sp|Q14315|FLNC_HUMAN	0.396240625180289	-0.2117617474149407	1.0042429977755187	0.24361774719179247	1.6264850559854387	0.158957232426629	0.5588502184784336	0.3450011099201671	0.6981203125901445	0.11831515476097385	0.34396970035305996	0.21229664981518587	1.8664478479770403	0.12396606879775966	0.5703244574634503	False	False	False	False
sp|P52597|HNRPF_HUMAN	psvid_42052_sp|P52597|HNRPF_HUMAN	0.3567525352362302	-0.1912634152427296	0.90476848571519	0.219582056416963	1.6246889252134293	0.1593399985718381	0.5588502184784336	0.31454512523468514	2.843820792061112	0.0934851581462046	0.30575342703918235	0.196805044160964	1.8127204856825083	0.13263305854805574	0.5736843071330076	False	False	False	False
sp|P05156|CFAI_HUMAN	psvid_25954_sp|P05156|CFAI_HUMAN	-0.3023712343892647	-0.7672349390572359	0.16249247027870645	0.18626415551479447	-1.6233463360332265	0.15962669636543023	0.5588502184784336	0.30627362429714294	3.9454820977147715	0.040674314245229166	0.20167874019149656	0.19264491024699418	-1.5695781113634826	0.18029439180042095	0.6182115146374081	False	False	False	False
sp|O43464|HTRA2_HUMAN	psvid_61724_sp|O43464|HTRA2_HUMAN	-0.34807935569468995	-0.8835158901096959	0.187357178720316	0.2145416665424832	-1.6224324221223658	0.15982214067007244	0.5588502184784336	0.26111732832823226	2.320280303027634	0.12013449530399965	0.3466042343999849	0.17037709627837275	-2.042993825449262	0.09941666432410563	0.5615029827479354	False	False	False	False
sp|O75310|UDB11_HUMAN	psvid_42939_sp|O75310|UDB11_HUMAN	-0.13907603132322777	-0.35305450294405105	0.07490244029759555	0.08573807529943982	-1.6221034917976103	0.15989254058912267	0.5588502184784336	0.12081013452401872	5.517278246682228	0.014827815067918524	0.12176951616853261	0.11009630130545309	-1.2632216493574369	0.2649132128560922	0.6909244316037668	False	False	False	False
sp|P56378|ATP68_HUMAN	psvid_151851_sp|P56378|ATP68_HUMAN	-0.7192858130536166	-1.8270746056717766	0.3885029795645434	0.4438749290894944	-1.6204695645439207	0.1602426909160244	0.5591721597665457	0.7906340700939253	2.26332036755561	0.12230890161423057	0.3497268957547168	0.45248296893566387	-1.5896417377775118	0.1757806949967168	0.6114233805102492	False	False	False	False
sp|Q14699|RFTN1_HUMAN	psvid_60680_sp|Q14699|RFTN1_HUMAN	-0.5600785823334276	-1.4233560783780754	0.3031989137112203	0.34590279292837534	-1.6191791271526412	0.16051975686527653	0.5592384455418878	0.5784217770122314	2.110521314888554	0.12724526890528562	0.35671454821087073	0.3362681423429873	-1.6655713456261871	0.15969597308643338	0.604442868568546	False	False	False	False
sp|P08134|RHOC_HUMAN	psvid_84346_sp|P08134|RHOC_HUMAN	-0.18739830062348872	-0.47735701819793136	0.10256041695095391	0.11618225970498645	-1.6129682887846752	0.16185977562480688	0.560020419205942	0.12136081274840328	3.9224865408758194	0.04142527011934312	0.2035319879511403	0.11028722096186588	-1.6991841755472794	0.1530560409861499	0.5997693323996145	False	False	False	False
sp|Q08211|DHX9_HUMAN	psvid_39620_sp|Q08211|DHX9_HUMAN	-0.23748982937510132	-0.6050027323824747	0.130023073632272	0.14725709887020016	-1.6127564049352678	0.16190568123349558	0.560020419205942	0.23223371667322149	4.303215183901996	0.030945918730819533	0.1759145210914083	0.15662837358604947	-1.516263138904572	0.19285273434485625	0.6312314070386581	False	False	False	False
sp|P07357|CO8A_HUMAN	psvid_46901_sp|P07357|CO8A_HUMAN	-0.13777476221371776	-0.3511001822974402	0.07555065787000467	0.0854764070043153	-1.611845502663234	0.16210317603576432	0.560020419205942	0.07733821583754141	4.624397420573064	0.02476363856495299	0.1573646674604976	0.09697137802213834	-1.420777604936831	0.21751409751465253	0.6587797905400207	False	False	False	False
sp|P06576|ATPB_HUMAN	psvid_44001_sp|P06576|ATPB_HUMAN	0.10727975970846382	-0.059019298449147745	0.2735788178660754	0.06663362469383902	1.6099943564736463	0.16250524613826686	0.560020419205942	0.10608272147607961	9.121622378014338	0.006088645255243989	0.07802977159548777	0.10519939539133971	1.0197754398624175	0.3568911260773676	0.7215079141157084	False	False	False	False
sp|P53582|MAP11_HUMAN	psvid_71806_sp|P53582|MAP11_HUMAN	-0.5804820237218404	-1.4803341373556171	0.3193700899119363	0.360557712617968	-1.6099559194200213	0.16251360491200156	0.560020419205942	0.6101168887854993	2.0827222622214983	0.12799939448041706	0.35777003015962233	0.35349923323024385	-1.6421026388585018	0.1645034611924365	0.606130940638549	False	False	False	False
sp|P02749|APOH_HUMAN	psvid_47424_sp|P02749|APOH_HUMAN	-0.16676894688194244	-0.4253614831596657	0.09182358939578084	0.1036142850227507	-1.609516939149122	0.16260909796028014	0.560020419205942	0.1520594941114053	5.005501694124146	0.01953097895279787	0.13975327886242192	0.12170262608780211	-1.37029867179388	0.23175117626143965	0.6659779048294231	False	False	False	False
sp|P50914|RL14_HUMAN	psvid_86383_sp|P50914|RL14_HUMAN	-0.14530259146501212	-0.37067829239290767	0.08007310946288343	0.09030478005778733	-1.6090243658423276	0.1627163139603618	0.560020419205942	0.07916844354363164	4.437421134523923	0.028120629177465196	0.1676920665310831	0.09743625117204811	-1.4912580247822136	0.19903476329860045	0.6389753067675069	False	False	False	False
sp|Q5BJF2|SGMR2_HUMAN	psvid_70595_sp|Q5BJF2|SGMR2_HUMAN	-0.6184827970831028	-1.578059134606965	0.34109354044075935	0.38448834436003726	-1.6085865960710417	0.16281165856010313	0.560020419205942	0.6751554912555974	2.5960426297771084	0.10728360666287305	0.32754176323466455	0.3890189194095257	-1.5898527455216573	0.17573382594432804	0.6114233805102492	False	False	False	False
sp|O75891|AL1L1_HUMAN	psvid_46225_sp|O75891|AL1L1_HUMAN	-0.1133421995537125	-0.289460962842058	0.062776563734633	0.070568238356325	-1.6061361625807637	0.16334635261542682	0.5609691697585261	0.08900800997108033	5.91510604180492	0.012355855636942779	0.11115689648844455	0.1000795672003989	-1.1325208803786746	0.3112791894189607	0.6990072574827854	False	False	False	False
sp|Q6S8J3|POTEE_HUMAN	psvid_32630_sp|Q6S8J3|POTEE_HUMAN	0.22759174600324128	-0.1266061028076882	0.5817895948141707	0.14192194944762745	1.6036402183668426	0.16389272315326614	0.5619549542296325	0.25375988975498137	5.99940997208781	0.011927397753004458	0.10921262634423026	0.16683271908463232	1.3641913124234737	0.23353263192150858	0.6659779048294231	False	False	False	False
sp|Q8IXI2|MIRO1_HUMAN	psvid_47137_sp|Q8IXI2|MIRO1_HUMAN	-0.5804820237218403	-1.4846402190908587	0.3236761716471781	0.3622830972198167	-1.602288453909376	0.16418936607838955	0.5620827113615643	0.6101168887854993	1.7669636607630497	0.13342736822726636	0.36527711155678283	0.35349923323024385	-1.6421026388585016	0.1645034611924365	0.606130940638549	False	False	False	False
sp|P01042|KNG1_HUMAN	psvid_72022_sp|P01042|KNG1_HUMAN	-0.24540634844397025	-0.6280795205528598	0.1372668236649192	0.15333159918763803	-1.6004942865277016	0.1645838953120691	0.5625446390240595	0.22080606981047057	3.819678814069843	0.044981608158796885	0.21208867994024783	0.15132418249039264	-1.6217259158796429	0.16879522382640055	0.6105867233426535	False	False	False	False
sp|P15313|VATB1_HUMAN	psvid_48912_sp|P15313|VATB1_HUMAN	-0.45183873051440127	-1.1576043739274557	0.2539269128986532	0.28279007425538333	-1.5977885069132685	0.16518061664860934	0.5634474258067961	0.44092707995344627	2.338722143215283	0.119392895174662	0.3455327700445531	0.2624047955682725	-1.7219149121718007	0.14872484503171038	0.5972476435344202	False	False	False	False
sp|Q9NR31|SAR1A_HUMAN	psvid_67761_sp|Q9NR31|SAR1A_HUMAN	-0.17613602911845683	-0.45147150467599967	0.09919944643908601	0.11032293836452654	-1.5965494731156649	0.16545456496955066	0.5634474258067961	0.12826958970099064	4.191119502495417	0.03362081816938716	0.18335980521746625	0.11272714123823477	-1.5624988550558137	0.1819142692141862	0.6196410457312058	False	False	False	False
sp|P36980|FHR2_HUMAN	psvid_86553_sp|P36980|FHR2_HUMAN	-0.22578461518685267	-0.5789781604426326	0.12740893006892728	0.1415195395547879	-1.5954306797291575	0.16570230516894394	0.5634474258067961	0.13877825286472956	3.368310818308019	0.06451395255758548	0.2539959695695691	0.1165882598404982	-1.9365982089083718	0.11352645932951444	0.5703244574634503	False	False	False	False
sp|P57088|TMM33_HUMAN	psvid_35498_sp|P57088|TMM33_HUMAN	-0.37654634683426	-0.9658850859617002	0.21279239229318014	0.2361394994993888	-1.5945928048146585	0.1658880746030161	0.5634474258067961	0.40888102579937674	3.790206292208492	0.04606195241435898	0.2146204846102976	0.24548739162274125	-1.5338724500072363	0.18861244062148105	0.6255833820291156	False	False	False	False
sp|P46940|IQGA1_HUMAN	psvid_48542_sp|P46940|IQGA1_HUMAN	-0.23322145103536607	-0.5990911244329555	0.13264822236222346	0.146598680558532	-1.5908836979078298	0.16671285601605046	0.5652302307449043	0.1127729585648945	3.1044319042594255	0.07857659685841457	0.28031517414941093	0.10737261230671703	-2.1720757838055893	0.08475078996790478	0.5615029827479354	False	False	False	False
sp|Q9H553|ALG2_HUMAN	psvid_63784_sp|Q9H553|ALG2_HUMAN	-0.2293703625977388	-0.5894236211825015	0.13068289598702393	0.14426812736120564	-1.5898893733018504	0.1669346320612546	0.5652302307449043	0.2411774058218244	4.796053374571214	0.022173917097440363	0.14890909004302041	0.16083631368858528	-1.4261105426841019	0.2160598223474999	0.6587797905400207	False	False	False	False
sp|Q8NBU5|ATAD1_HUMAN	psvid_53995_sp|Q8NBU5|ATAD1_HUMAN	-0.7675973319728495	-1.973761433683052	0.438566769737353	0.48329249102761973	-1.5882666216077874	0.16729718479639927	0.5655741021120082	0.8718608144331097	2.2567619400688432	0.12254783885177299	0.3500683345459469	0.4973396045894397	-1.5434068087268278	0.18635496353653558	0.6243501208530572	False	False	False	False
sp|P22310|UD14_HUMAN	psvid_62822_sp|P22310|UD14_HUMAN	-0.06371253061180093	-0.16422795871402496	0.03680289749042309	0.0402750766378745	-1.581934435151042	0.16871918365419022	0.5689467722029136	0.014962658466431501	8.09289514403615	0.006796322507966156	0.08243981142607106	0.08710321716395908	-0.731460130707588	0.49893628223241293	0.8014788166031421	False	False	False	False
sp|O75795|UDB17_HUMAN	psvid_32011_sp|O75795|UDB17_HUMAN	-0.12829655232271353	-0.33079681408343686	0.07420370943800977	0.08113892280604358	-1.5811961495889792	0.1688857338984129	0.5689467722029136	0.12453414631342755	6.352599362835196	0.010412967839329405	0.10204395052784562	0.11139777290125506	-1.151697641535777	0.30404988695638685	0.6928245058196533	False	False	False	False
sp|Q16695|H31T_HUMAN	psvid_65782_sp|Q16695|H31T_HUMAN	-0.396240625180289	-1.0220022946919822	0.2295210443314042	0.2507336403223268	-1.5803249403267465	0.16908247406491755	0.5689467722029136	0.3450011099201671	1.7406015629507225	0.13362512446475014	0.36554770477292037	0.21229664981518587	-1.8664478479770403	0.12396606879775966	0.5703244574634503	False	False	False	False
sp|P60604|UB2G2_HUMAN	psvid_59158_sp|P60604|UB2G2_HUMAN	-0.2981612694855993	-0.7697816099286274	0.17345907095742885	0.18897144163785484	-1.5778112655614704	0.1696513599101533	0.5699759642252747	0.24537793889320955	2.9980980241527666	0.08460460250267872	0.2908687032024565	0.16282859590502144	-1.8311357893150286	0.1295939625469988	0.5703244574634503	False	False	False	False
sp|O95445|APOM_HUMAN	psvid_92082_sp|O95445|APOM_HUMAN	0.7119992266387376	-0.416248515902816	1.8402469691802912	0.45207253409056064	1.5749667872901731	0.17029733293859528	0.5704317089656832	0.8018237357526546	1.4364816370412092	0.13331715797643126	0.36512622197868955	0.45865334322900425	1.5523689888012842	0.18425724609115163	0.6229102219649385	False	False	False	False
sp|Q15907|RB11B_HUMAN	psvid_65739_sp|Q15907|RB11B_HUMAN	-0.19124499258395122	-0.4943091639886688	0.11181917882076636	0.12143342529572199	-1.574895809108735	0.1703134820954301	0.5704317089656832	0.14432078488585995	3.9766660921388635	0.039681503055847486	0.1992021662930589	0.1186923785315935	-1.6112659881783873	0.17104162947951598	0.6105867233426535	False	False	False	False
sp|O14602|IF1AY_HUMAN	psvid_54566_sp|O14602|IF1AY_HUMAN	0.353759374819711	-0.2079846433437077	0.9155033929831297	0.2250826943639975	1.5716862454455123	0.17104527157046803	0.5716347976625586	0.31403536371399066	2.647922317186964	0.10450723869546726	0.32327579355013153	0.19654803108678415	1.7998622161903595	0.1347985400801287	0.5818893154454958	False	False	False	False
sp|Q5JRA6|TGO1_HUMAN	psvid_31913_sp|Q5JRA6|TGO1_HUMAN	-0.09550597866268618	-0.24722795006210616	0.056215992736733805	0.0607927970972432	-1.5710081329193706	0.17120026935071553	0.5716347976625586	0.0782910933787978	6.848047177417371	0.008875807408378249	0.094211503588353	0.09721232723791413	-0.9824471996123301	0.37319511298492497	0.7352954929019657	False	False	False	False
sp|P26368|U2AF2_HUMAN	psvid_68906_sp|P26368|U2AF2_HUMAN	-0.3705379237843456	-0.9599813990571366	0.21890555148844548	0.2361814657563148	-1.568869608789099	0.1716899611725565	0.572387916709123	0.35504346786122665	2.825829567947441	0.09451872403820577	0.3074389761207999	0.21745785089467848	-1.7039528453898336	0.152136917042455	0.5972476435344202	False	False	False	False
sp|Q9HCS2|CP4FC_HUMAN	psvid_61571_sp|Q9HCS2|CP4FC_HUMAN	0.1408768312968689	-0.08369054651117971	0.3654442091049175	0.08998089668769521	1.565630444713424	0.17243424671096158	0.5739861945048444	0.14086260132522693	6.004722549346845	0.011901353790681055	0.10909332605930143	0.11737428135983655	1.200235943212978	0.28641596437623534	0.6928245058196533	False	False	False	False
sp|P59998|ARPC4_HUMAN	psvid_8322_sp|P59998|ARPC4_HUMAN	0.43872187554086706	-0.26249814322090004	1.139941894302634	0.28096870827551185	1.5614616952670255	0.17339668793923574	0.576304636141601	0.4255801616607517	1.2193609377704335	0.13056405728279327	0.3613364876161737	0.25428446398231025	1.725319229771692	0.14808697640513757	0.5972476435344202	False	False	False	False
sp|P47897|SYQ_HUMAN	psvid_30149_sp|P47897|SYQ_HUMAN	-0.3055981053341119	-0.795039586343468	0.18384337567524422	0.1961121146234312	-1.5582826482744963	0.17413409657878406	0.5775314185802417	0.21916621043163356	2.5257623267494744	0.11089290476507559	0.33300586295901097	0.15057015570236493	-2.0296060923134984	0.10108546329320389	0.5630169624789237	False	False	False	False
sp|P08263|GSTA1_HUMAN	psvid_88046_sp|P08263|GSTA1_HUMAN	-0.15858998218772857	-0.4127009085217197	0.09552094414626255	0.10181856880930229	-1.5575742621638535	0.1742988222203406	0.5775314185802417	0.1603283877806254	5.509134675529216	0.014887464594536458	0.12201419833173702	0.12500607007763875	-1.2686582506691997	0.26312831855859187	0.6909244316037668	False	False	False	False
sp|P16219|ACADS_HUMAN	psvid_53529_sp|P16219|ACADS_HUMAN	-0.42510992953527305	-1.1069508553714744	0.2567309963009282	0.273203786337798	-1.556017708369727	0.17466130253158077	0.5778489199785275	0.45949390753460895	3.1411163441841667	0.07653399239178539	0.27664777677000296	0.2722699404987452	-1.5613546201852284	0.182177441691198	0.6196410457312058	False	False	False	False
sp|P22307|SCP2_HUMAN	psvid_76199_sp|P22307|SCP2_HUMAN	-0.13109805846505096	-0.3420145833929561	0.07981846646285418	0.08451119759472618	-1.5512507477853086	0.17577589907469393	0.5797380005593338	0.10169776794132217	5.060221058705707	0.018920299852221857	0.1375510808835098	0.10382413669945378	-1.2626934606212878	0.265087215994894	0.6909244316037668	False	False	False	False
sp|O00148|DX39A_HUMAN	psvid_89112_sp|O00148|DX39A_HUMAN	0.46495558548793503	-0.284011441179012	1.213922612154882	0.3001002429952826	1.5493342519394224	0.17622592477071788	0.5797380005593338	0.46836251373396787	1.6711996682848347	0.13396640207833083	0.3660142102136621	0.2769966917954807	1.6785600668156462	0.15709634248650117	0.6037253972963479	False	False	False	False
sp|P30049|ATPD_HUMAN	psvid_90404_sp|P30049|ATPD_HUMAN	0.30649969714999736	-0.1872741806509678	0.8002735749509625	0.1978480432873402	1.5491671894114178	0.17626520608177978	0.5797380005593338	0.36793962367621785	6.170398993856344	0.01114185860967637	0.10555500276953418	0.22411964642157395	1.367571750374194	0.23254499522777788	0.6659779048294231	False	False	False	False
sp|P69849|NOMO3_HUMAN	psvid_34733_sp|P69849|NOMO3_HUMAN	-0.1372249526199174	-0.35848056887212615	0.08403066363229134	0.08865392178457716	-1.547872331619626	0.17656994940893414	0.5797380005593338	0.133674393429674	5.765709221414616	0.013190643422388024	0.11485052643496252	0.11469128164989441	-1.1964723965576485	0.28774965867455	0.6928245058196533	False	False	False	False
sp|Q5JPE7|NOMO2_HUMAN	psvid_34735_sp|Q5JPE7|NOMO2_HUMAN	-0.1372249526199174	-0.35848056887212615	0.08403066363229134	0.08865392178457716	-1.547872331619626	0.17656994940893414	0.5797380005593338	0.133674393429674	5.765709221414616	0.013190643422388024	0.11485052643496252	0.11469128164989441	-1.1964723965576485	0.28774965867455	0.6928245058196533	False	False	False	False
sp|Q9BSJ8|ESYT1_HUMAN	psvid_69158_sp|Q9BSJ8|ESYT1_HUMAN	-0.13420560119677116	-0.3511109207002663	0.08269971830672396	0.08691082086703691	-1.5441759709310485	0.17744265846078874	0.581549292359415	0.13662659354810802	6.223114603500665	0.010920242886120278	0.10449996596229244	0.11578367613946225	-1.1591064100877189	0.30129704751493347	0.6928245058196533	False	False	False	False
sp|P07602|SAP_HUMAN	psvid_38042_sp|P07602|SAP_HUMAN	-0.14976274690662872	-0.3919546443958585	0.09242915058260104	0.09704278653154488	-1.5432651128370742	0.1776583440433469	0.581549292359415	0.12492025690625505	4.763515183126275	0.02263286511897993	0.1504422318332852	0.11153408693568262	-1.342753153060652	0.2398889515807047	0.6742228389831643	False	False	False	False
sp|Q6IQ22|RAB12_HUMAN	psvid_882831_sp|Q6IQ22|RAB12_HUMAN	-0.24431998087497886	-0.6413347574825883	0.15269479573263062	0.15907807245250447	-1.5358495178392664	0.17942365411115083	0.5864420187916498	0.14684594916132543	2.9951232645199077	0.08477498628105434	0.291161443671813	0.11966559963750183	-2.0416893544601584	0.09957797810846902	0.5615029827479354	False	False	False	False
sp|Q8IVH4|MMAA_HUMAN	psvid_95165_sp|Q8IVH4|MMAA_HUMAN	-0.34807935569468995	-0.9145037832271488	0.21834507183776886	0.22695806662867118	-1.5336725451763156	0.17994506161867918	0.5870717418629996	0.2913663633003606	0.924039677847345	0.12433743966067413	0.3526151438334351	0.18520569366767034	-1.879420382827307	0.12196273220007545	0.5703244574634503	False	False	False	False
sp|Q8WWC4|MAIP1_HUMAN	psvid_90971_sp|Q8WWC4|MAIP1_HUMAN	-0.5	-1.3141140081899643	0.31411400818996427	0.32620369520261255	-1.5327845985602297	0.18015814874891312	0.5870717418629996	0.5298368073441572	1.396240625180289	0.1329494194801924	0.3646222970145852	0.3099804003799124	-1.6130052073847228	0.170666050614202	0.6105867233426535	False	False	False	False
sp|P04839|CY24B_HUMAN	psvid_47971_sp|P04839|CY24B_HUMAN	-0.3962406251802889	-1.0474416559293318	0.2549604055687541	0.2609268240235478	-1.5185890782334035	0.18359757077492692	0.5973812850889889	0.3918822084148281	2.424842961492274	0.11569433202569593	0.3401386952784054	0.2365784462165999	-1.6748804953157481	0.15782842747330292	0.6037253972963479	False	False	False	False
sp|P20815|CP3A5_HUMAN	psvid_41984_sp|P20815|CP3A5_HUMAN	-0.1965415386428	-0.5201643977412722	0.12708132045567228	0.12967099377722932	-1.5156939336830577	0.1843066625686809	0.5987894119735105	0.23598697647302644	7.419624055904878	0.007683486176447348	0.08765549712623474	0.15838846523252603	-1.2408829036525002	0.27236470940561863	0.6928245058196533	False	False	False	False
sp|Q8NFI4|F10A5_HUMAN	psvid_52224_sp|Q8NFI4|F10A5_HUMAN	-0.4342413985415514	-1.1502512475967936	0.2817684505136908	0.28689477912629785	-1.5135911495635412	0.18482331671898553	0.5994022417327048	0.4407356813765814	2.009601949631354	0.1297685015423038	0.36023395389982854	0.2623033266021368	-1.6554932953641541	0.16174287656543346	0.6052180781926458	False	False	False	False
sp|P38435|VKGC_HUMAN	psvid_74919_sp|P38435|VKGC_HUMAN	-0.1731428687019385	-0.45897894662784133	0.11269320922396431	0.11453037769114854	-1.5117637101385357	0.1852734356906687	0.5994022417327048	0.1698070708162263	4.726225191530115	0.02317651962845155	0.15223836450925093	0.12889460618513995	-1.3432902572605856	0.23972772891006242	0.6742228389831643	False	False	False	False
sp|P35241|RADI_HUMAN	psvid_33157_sp|P35241|RADI_HUMAN	-0.2085747910950091	-0.5529520315413886	0.13580244935137042	0.13798697387242967	-1.5115542086446403	0.18532510473507718	0.5994022417327048	0.24041662152002538	5.5089447099635205	0.01488886096080905	0.12201992034421695	0.16047654418243099	-1.2997213527847387	0.25314142490731734	0.6822854076792993	False	False	False	False
sp|Q9UEU0|VTI1B_HUMAN	psvid_42541_sp|Q9UEU0|VTI1B_HUMAN	0.3860801290559527	-0.2522361740257313	1.0243964321376366	0.25576410021031115	1.50951649875211	0.1858283762290981	0.599832668997607	0.36792946272785937	2.1697627134301056	0.12548923804927473	0.35424460200442676	0.22411438334367592	1.722692329228619	0.14857893429976743	0.5972476435344202	False	False	False	False
sp|P16104|H2AX_HUMAN	psvid_48125_sp|P16104|H2AX_HUMAN	-0.2970497932278011	-0.7892311041491593	0.19513151769355713	0.19720992479808822	-1.506261885814992	0.18663488816108664	0.599832668997607	0.28454016920605646	3.1864376041072555	0.07404397750355617	0.27211023042795757	0.18182631767985502	-1.6337007591542507	0.16625966738189832	0.6094123812523098	False	False	False	False
sp|Q9Y673|ALG5_HUMAN	psvid_37557_sp|Q9Y673|ALG5_HUMAN	-0.24242651942160043	-0.6441064557426606	0.15925341689945965	0.16094733440098927	-1.5062474959517587	0.18663846141446835	0.599832668997607	0.2773170697567973	4.787595817869073	0.022291858083320504	0.14930458158851156	0.17827049481707846	-1.3598802183746213	0.23479793229795995	0.6659779048294231	False	False	False	False
sp|O43674|NDUB5_HUMAN	psvid_27616_sp|O43674|NDUB5_HUMAN	-0.4342413985415515	-1.153957303392961	0.28547450630985816	0.2883797420223727	-1.5057971669447667	0.18675031873349332	0.599832668997607	0.4407356813765814	1.7596019496313537	0.13348642032727073	0.36535793453443804	0.2623033266021368	-1.6554932953641546	0.1617428765654333	0.6052180781926458	False	False	False	False
sp|P31512|FMO4_HUMAN	psvid_66625_sp|P31512|FMO4_HUMAN	-0.2518448825913996	-0.6693575464511761	0.16566778126837695	0.1672912790774213	-1.5054274435599684	0.18684220192588127	0.599832668997607	0.2526319146147135	3.7720750006080817	0.04674018197572669	0.2161947778641443	0.16629172874502085	-1.5144763031332693	0.193288192033103	0.6312314070386581	False	False	False	False
sp|Q96K19|RN170_HUMAN	psvid_84528_sp|Q96K19|RN170_HUMAN	0.4036774610288021	-0.267008997895093	1.074363919952697	0.2687343529559804	1.5021431260592344	0.1876602999205573	0.6015678549228516	0.4074993296080197	2.34807935569469	0.11900969627182667	0.3449778199708304	0.24476145560438442	1.6492689179021658	0.1630202423150642	0.605943164831465	False	False	False	False
sp|O94956|SO2B1_HUMAN	psvid_70935_sp|O94956|SO2B1_HUMAN	0.29816126948559896	-0.19796451903571005	0.7942870580069079	0.19879041985873533	1.4998774573617715	0.1882266377457948	0.6024920590770123	0.18071561850412038	1.7471599904374895	0.1335794739997704	0.36548525825232736	0.1334924111707607	2.2335447151688443	0.07859747345255239	0.5577584254514466	False	False	False	False
sp|Q6PCB7|S27A1_HUMAN	psvid_55138_sp|Q6PCB7|S27A1_HUMAN	-0.3713567067925605	-0.9905668274930794	0.24785341390795845	0.24810852957615886	-1.4967510686833103	0.18901078381709388	0.6041096880997676	0.33764280677892555	1.516160377118121	0.13383352188857395	0.3658326419123558	0.20853067169836223	-1.7808253518203052	0.13807153016184315	0.5877124357501189	False	False	False	False
sp|Q9UNX3|RL26L_HUMAN	psvid_34240_sp|Q9UNX3|RL26L_HUMAN	-0.2691991873139692	-0.7188431729466229	0.18044479831868449	0.1801658344696815	-1.4941744538100552	0.18965936149161633	0.6052898915350996	0.2946255022086542	3.9927513796081042	0.0391807897736863	0.19794137963974665	0.18682535826024566	-1.440913534548012	0.21207192437229916	0.6583952150641437	False	False	False	False
sp|P62495|ERF1_HUMAN	psvid_74785_sp|P62495|ERF1_HUMAN	-0.39735210143808697	-1.0617708194405493	0.26706661656437547	0.2662229599218651	-1.49255384116647	0.19006837519471995	0.6057031897749384	0.438250127618044	3.0336385514402	0.08257513629068791	0.287358898053789	0.260986062320328	-1.5225031478898923	0.19133955399007427	0.6291848459734308	False	False	False	False
sp|Q9HCN8|SDF2L_HUMAN	psvid_102189_sp|Q9HCN8|SDF2L_HUMAN	-0.19959153470758673	-0.5338631305214487	0.13468006110627534	0.1339377883918103	-1.4901809049117527	0.19066876699261515	0.6067242556137988	0.226832575552765	5.192597417138877	0.01756163902504695	0.13252033438324456	0.15411084342280124	-1.2951167502212013	0.25459928487419287	0.6833801044132912	False	False	False	False
sp|O00159|MYO1C_HUMAN	psvid_36556_sp|O00159|MYO1C_HUMAN	-0.16962900406423564	-0.45429345536297167	0.11503544723450038	0.1140609238660887	-1.4871789418730794	0.19143088127950203	0.608079380392335	0.1702426893127049	4.77035238059112	0.022535253153078066	0.15011746451721752	0.12907577721600516	-1.3141815429890122	0.2486135810391204	0.6785445466425368	False	False	False	False
sp|P24462|CP3A7_HUMAN	psvid_418760_sp|P24462|CP3A7_HUMAN	-0.13452021443564988	-0.3604007946510568	0.09136036577975701	0.090507077877946	-1.4862949681908648	0.19165584531978072	0.608079380392335	0.15578971546654238	7.8170319645848405	0.00710671038869067	0.08430130715884938	0.12318214556867421	-1.0920431188678612	0.32703700012267395	0.7061167743420511	False	False	False	False
sp|Q9Y4F1|FARP1_HUMAN	psvid_46789_sp|Q9Y4F1|FARP1_HUMAN	-0.24050803745024485	-0.6453752567307278	0.16435918183023807	0.1622244325328979	-1.4825635922719078	0.1926082034360258	0.610207568488111	0.22948451526933497	3.625672529439715	0.05259870897481107	0.2293440842376604	0.1553446356393592	-1.5482223538674162	0.18522491041497133	0.6240800381986428	False	False	False	False
sp|P06454|PTMA_HUMAN	psvid_82774_sp|P06454|PTMA_HUMAN	-0.7018387305144009	-1.885545653891504	0.4818681928627022	0.4742942248359247	-1.4797539033016731	0.1933282651949822	0.6115733821744586	0.8505920606910083	2.0776420141593297	0.1281323633500691	0.35795581200766824	0.48558031528455464	-1.4453607537676167	0.2108877697371802	0.6583952150641437	False	False	False	False
sp|P55084|ECHB_HUMAN	psvid_32785_sp|P55084|ECHB_HUMAN	0.16785199829191289	-0.11544907184276026	0.45115306842658603	0.11351463677458447	1.4786815432905862	0.19360375642440175	0.6115733821744586	0.20265659954656248	7.364091783518392	0.007778494802817397	0.08819577542500207	0.14308786016875777	1.173069456024769	0.29616918222224703	0.6928245058196533	False	False	False	False
sp|O95299|NDUAA_HUMAN	psvid_68995_sp|O95299|NDUAA_HUMAN	-0.18584796583141006	-0.499772939620224	0.1280770079574039	0.1257851915531709	-1.4775027452484335	0.1939070188167116	0.6115835202354597	0.19107026747668102	4.555861243269719	0.02592324931399263	0.1610069852956468	0.1379667979186415	-1.3470484829328568	0.23860247344764463	0.6741219816962789	False	False	False	False
sp|Q9H1X3|DJC25_HUMAN	psvid_27860_sp|Q9H1X3|DJC25_HUMAN	-0.3128846917489908	-0.8423115574546723	0.21654217395669073	0.21213367930702992	-1.4749411445230238	0.19456757092309832	0.6115835202354597	0.2634123876666233	2.4563604320835863	0.11424709391553067	0.3380045767671359	0.17148810875270284	-1.8245270416982156	0.13067625921268286	0.5703244574634503	False	False	False	False
sp|Q92499|DDX1_HUMAN	psvid_35615_sp|Q92499|DDX1_HUMAN	0.1974201027410315	-0.13675811109702873	0.5315983165790917	0.13390037158622112	1.4743805442982565	0.19471241366750283	0.6115835202354597	0.2172358271511396	4.770713706962738	0.022530112178266736	0.15010034036692502	0.14968493868878896	1.3189042563025601	0.24715123568467015	0.6785445466425368	False	False	False	False
sp|Q9UBX3|DIC_HUMAN	psvid_92461_sp|Q9UBX3|DIC_HUMAN	-0.15605454237546046	-0.4202284409400642	0.10811935618914326	0.10585065607634898	-1.474289798099125	0.1947358693873868	0.6115835202354597	0.1305008559085302	4.406699632645354	0.028734090305010656	0.16951132795483215	0.1135322771820602	-1.37453899674021	0.2305219008470416	0.6642831903398126	False	False	False	False
sp|Q8NB16|MLKL_HUMAN	psvid_43635_sp|Q8NB16|MLKL_HUMAN	0.33048202372184055	-0.2304490228431363	0.8914130702868174	0.22475694841583954	1.4703973605763287	0.19574447976057377	0.6125873815221481	0.27338188864101354	1.3114816370412092	0.1319554506942307	0.36325672835369577	0.17634237370982958	1.8740930881742974	0.12278132118072833	0.5703244574634503	False	False	False	False
sp|O43760|SNG2_HUMAN	psvid_85440_sp|O43760|SNG2_HUMAN	0.3905606060552681	-0.2724421551904843	1.0535633673010205	0.26565560655165	1.470176410447161	0.19580187971054697	0.6125873815221481	0.3869302268000309	1.945280303027634	0.13106755561599845	0.36203253391925766	0.23399263696576245	1.6691149393406532	0.1589824666983047	0.604442868568546	False	False	False	False
sp|Q14258|TRI25_HUMAN	psvid_69696_sp|Q14258|TRI25_HUMAN	-0.5602520248759486	-1.511570539299278	0.39106648954738077	0.3811795542119445	-1.4697850886420727	0.19590357886241283	0.6125873815221481	0.6834417286201788	3.025874406111552	0.0830174351286295	0.28812746333633227	0.39355761535623385	-1.4235578299477933	0.2167547700678461	0.6587797905400207	False	False	False	False
sp|O75208|COQ9_HUMAN	psvid_29755_sp|O75208|COQ9_HUMAN	-0.29248125036057804	-0.7895232152437328	0.2045607145225768	0.1991575184612466	-1.4685925624118026	0.19621380662717802	0.6126733702609435	0.1830895190532062	1.792481250360578	0.1331995454401573	0.36496512907421347	0.13450913702146172	-2.174434070704884	0.08450539380107826	0.5615029827479354	False	False	False	False
sp|P63096|GNAI1_HUMAN	psvid_69469_sp|P63096|GNAI1_HUMAN	-0.22205481474598165	-0.6000026996318246	0.1558930701398613	0.15143824501666817	-1.4663060491855344	0.19680992073872378	0.6129572878124651	0.23979601568750508	4.249757045451171	0.03218308944489799	0.179396458841578	0.1601833099513397	-1.3862543782709773	0.22715770341962468	0.6607392527655392	False	False	False	False
sp|Q6NUK4|REEP3_HUMAN	psvid_74835_sp|Q6NUK4|REEP3_HUMAN	0.353759374819711	-0.24845116088795238	0.9559699105273743	0.24129704201324445	1.4660742289592328	0.19687045330755687	0.6129572878124651	0.3345826616140136	0.8231203125901445	0.12174447210802845	0.3489190050828823	0.2069686159563993	1.7092416315632857	0.15112408698072424	0.5972476435344202	False	False	False	False
sp|Q9NVH1|DJC11_HUMAN	psvid_42928_sp|Q9NVH1|DJC11_HUMAN	-0.41096404744368087	-1.1112817908480463	0.2893536959606846	0.28060717960420317	-1.4645528600634747	0.19726814556718247	0.6133143062325458	0.44263713377234265	2.4979632740824185	0.11226337370941639	0.33505726929797597	0.2633115844940992	-1.5607518682980337	0.1823162251642301	0.6196410457312058	False	False	False	False
sp|Q86UP2|KTN1_HUMAN	psvid_53602_sp|Q86UP2|KTN1_HUMAN	-0.6842413985415514	-1.8517727951451726	0.48328999806206974	0.46781292546964803	-1.462638933831565	0.19776952645016685	0.6135942972293297	0.8383445840255751	0.9883613244510647	0.12588537986424508	0.3548032974258344	0.47881301259247483	-1.4290367649717988	0.21526582470440672	0.6587797905400207	False	False	False	False
sp|Q5T2N8|ATD3C_HUMAN	psvid_41659_sp|Q5T2N8|ATD3C_HUMAN	-0.4276233457012536	-1.1575782948557152	0.302331603453208	0.29248237881942857	-1.462048234930617	0.1979245102737893	0.6135942972293297	0.4728115006281136	2.5553922264120805	0.10939497030440266	0.3307491047673488	0.2793712279894911	-1.5306635145596996	0.18937826424139353	0.6255833820291156	False	False	False	False
sp|Q2TAA5|ALG11_HUMAN	psvid_23458_sp|Q2TAA5|ALG11_HUMAN	-0.6119255815137981	-1.658023448149184	0.4341722851215879	0.41915626829554314	-1.459898438360786	0.19848952386456936	0.614466854592174	0.7771515782428096	3.585535849013646	0.054323490969267696	0.2330740032034197	0.4450525202180403	-1.3749513904875839	0.23040267804383088	0.6642831903398126	False	False	False	False
sp|Q99798|ACON_HUMAN	psvid_55477_sp|Q99798|ACON_HUMAN	-0.47511608161227137	-1.2881057298361394	0.3378735666115965	0.3257531804442509	-1.4585155575897204	0.19885377527886494	0.6147163067465055	0.5283431914579958	1.4642806897082652	0.13352995246526647	0.3654175043224756	0.30917500594726066	-1.5367221556496617	0.18793490227231843	0.6255833820291156	False	False	False	False
sp|Q9BYV7|BCDO2_HUMAN	psvid_28662_sp|Q9BYV7|BCDO2_HUMAN	-0.6528586780205867	-1.7709170974248885	0.465199741383715	0.4479898198447084	-1.4573069500706382	0.19917263675823957	0.6148249342665315	0.8071183868826659	2.595633238273001	0.10730516949527409	0.32757467773818244	0.46157408001008177	-1.4144179803301062	0.219260628915317	0.6587797905400207	False	False	False	False
sp|P16070|CD44_HUMAN	psvid_58845_sp|P16070|CD44_HUMAN	-0.47672264890212945	-1.2955020645664233	0.34205676676216434	0.3280730564252941	-1.4530990569494833	0.20028653249882725	0.6154679649408421	0.5333363371371163	1.5308425748116428	0.13389669964386575	0.3659189796168897	0.3118681261453631	-1.5286033067705258	0.18987155015593998	0.6262582179420425	False	False	False	False
sp|P12074|CX6A1_HUMAN	psvid_84835_sp|P12074|CX6A1_HUMAN	-0.1341913795513121	-0.36474767228532035	0.0963649131826961	0.09238056818265646	-1.452593139349247	0.20042084958014533	0.6154679649408421	0.1157933969970846	4.855325333809812	0.02137313859348592	0.1461955491575784	0.10838217124429865	-1.2381314934984855	0.27329565823216395	0.6928245058196533	False	False	False	False
sp|Q9UL12|SARDH_HUMAN	psvid_29541_sp|Q9UL12|SARDH_HUMAN	-0.37258140664577044	-1.0128147505639642	0.2676519372724233	0.2565322307159072	-1.452376590676359	0.20047836732496324	0.6154679649408421	0.441027015839725	3.5110927079197047	0.05765576839405203	0.24011615604546901	0.2624577779728041	-1.4195860740860853	0.2178403061871123	0.6587797905400207	False	False	False	False
sp|P11182|ODB2_HUMAN	psvid_1633339_sp|P11182|ODB2_HUMAN	0.13862532492995117	-0.09965178074540335	0.3769024306053057	0.09547418613554597	1.4519665528558992	0.20058732033492108	0.6154679649408421	0.1202206531634321	4.76068032396331	0.022673522856787882	0.15057729861034128	0.10989252588733708	1.2614627228795454	0.2654930706968177	0.6909244316037668	False	False	False	False
sp|A6NCS6|CB072_HUMAN	psvid_59012_sp|A6NCS6|CB072_HUMAN	-0.1766866761875856	-0.48057093622619707	0.12719758385102586	0.12176202293693518	-1.4510819706001257	0.20082255572507873	0.6154679649408421	0.1413895490894983	3.9350110530031976	0.0410142692896342	0.20251979974717088	0.1175740109233739	-1.5027698281275528	0.19616500317555627	0.6354104063997466	False	False	False	False
sp|P05186|PPBT_HUMAN	psvid_55825_sp|P05186|PPBT_HUMAN	0.7615859634811866	-0.549705684588849	2.072877611551222	0.5254155766706315	1.4494925489401767	0.20124587743897512	0.6154679649408421	0.9791979304425223	3.190990814781083	0.07379604572302828	0.27165427609928816	0.5568070015945604	1.3677736833412453	0.23248612341419622	0.6659779048294231	False	False	False	False
sp|Q8TD47|RS4Y2_HUMAN	psvid_55864_sp|Q8TD47|RS4Y2_HUMAN	-0.16875946125575125	-0.45982644669328326	0.12230752418178076	0.1166263265906771	-1.4470100035650233	0.20190874361407754	0.6154679649408421	0.12645724033694447	3.9543247966351505	0.0403898114171006	0.20097216577700655	0.11207922655516077	-1.5057157908981003	0.1954371271724798	0.6349509064209351	False	False	False	False
sp|P26583|HMGB2_HUMAN	psvid_79104_sp|P26583|HMGB2_HUMAN	0.542481250360578	-0.3932427327029334	1.4782052334240894	0.3749310512954603	1.4468826961282588	0.20194279110818567	0.6154679649408421	0.6464284732962589	0.771240625180289	0.12034623512854109	0.3469095489151907	0.3733060691969084	1.4531809020078763	0.20882097405024108	0.6548698274484411	False	False	False	False
sp|Q9UH99|SUN2_HUMAN	psvid_70349_sp|Q9UH99|SUN2_HUMAN	-0.410964047443681	-1.1199416644642546	0.29801356957689273	0.2840770655724785	-1.4466639417564278	0.20200130800613614	0.6154679649408421	0.44263713377234265	2.3035613794165304	0.12079103673125277	0.3475500492465118	0.2633115844940992	-1.5607518682980341	0.18231622516423	0.6196410457312058	False	False	False	False
sp|P35754|GLRX1_HUMAN	psvid_65892_sp|P35754|GLRX1_HUMAN	-0.6037593748197109	-1.6459308702940998	0.43841212065467816	0.4175830282228145	-1.4458427043580806	0.2022211310742407	0.6154679649408421	0.729000966452469	1.528602336311985	0.13388771993185392	0.3659067093288314	0.4185575842408426	-1.442476250704613	0.2116550931311793	0.6583952150641437	False	False	False	False
sp|Q8NBK3|SUMF1_HUMAN	psvid_69945_sp|Q8NBK3|SUMF1_HUMAN	-0.646240625180289	-1.7651294078418032	0.47264815748122513	0.448322534378715	-1.4414636241201857	0.2033970764288816	0.6180375036686898	0.8001664770698884	0.8231203125901445	0.12174447210802845	0.3489190050828823	0.45773927545229726	-1.4118094291597143	0.2199808912094587	0.6587797905400207	False	False	False	False
sp|Q9Y2H6|FND3A_HUMAN	psvid_26322_sp|Q9Y2H6|FND3A_HUMAN	-0.18298250106722658	-0.49998980690404354	0.1340248047695904	0.1270202373744994	-1.4405775398429712	0.20363579954750557	0.6180375036686898	0.19466171958724102	4.571439857743403	0.025652823403401068	0.1601649880698059	0.13954182877370944	-1.3113093233424904	0.24950688719216138	0.6785445466425368	False	False	False	False
sp|P0DMV8|HS71A_HUMAN,sp|P0DMV9|HS71B_HUMAN	psvid_39363_sp|P0DMV8|HS71A_HUMAN	-0.11178736277313028	-0.3058912047468252	0.08231647920056462	0.0777745989724683	-1.437324836772251	0.2045143687956969	0.6198358561961891	0.11964923436963962	6.627702635635746	0.009488991758159194	0.0974114559903464	0.10969558710654076	-1.0190689135430573	0.3571940758856638	0.7215079141157084	False	False	False	False
sp|Q9Y3A5|SBDS_HUMAN	psvid_58342_sp|Q9Y3A5|SBDS_HUMAN	-0.5804820237218409	-1.5896749654191882	0.4287109179755064	0.40436899923389324	-1.4355255344044837	0.20500188815049844	0.6199182644383264	0.7083549391060262	2.2845609927358996	0.12151876979670474	0.3485954242337451	0.4072192848014824	-1.4254777349378807	0.21623189742114188	0.6587797905400207	False	False	False	False
sp|Q8TBY0|RBM46_HUMAN	psvid_56990_sp|Q8TBY0|RBM46_HUMAN	0.542481250360578	-0.4016470223981552	1.4866095231193113	0.3782985284872971	1.4340030677089828	0.20541524646225442	0.6199182644383264	0.646428473296259	1.271240625180289	0.1313855262486223	0.3624714143882553	0.37330606919690845	1.453180902007876	0.20882097405024128	0.6548698274484411	False	False	False	False
sp|Q13733|AT1A4_HUMAN	psvid_47339_sp|Q13733|AT1A4_HUMAN	0.2748839183877283	-0.20374627880015733	0.753514115575614	0.1917801897370276	1.4333280135172148	0.20559877634055282	0.6199182644383264	0.25972048352735116	3.066003338610395	0.08073885643358854	0.28414583655860337	0.1697021326447209	1.6198023802282453	0.16920610464676308	0.6105867233426535	False	False	False	False
sp|Q8NHP1|ARK74_HUMAN	psvid_418942_sp|Q8NHP1|ARK74_HUMAN	-0.6213567067925605	-1.7039214549850996	0.4612080413999786	0.4337680197170758	-1.4324631566841626	0.20583413229750816	0.6199182644383264	0.7658169459003179	2.0374010022984095	0.1291325876741887	0.35935022982348114	0.43880957078712574	-1.4160053657854048	0.2188234332160161	0.6587797905400207	False	False	False	False
sp|P12955|PEPD_HUMAN	psvid_63005_sp|P12955|PEPD_HUMAN	-0.35375937481971087	-0.9703178234602275	0.2627990738208058	0.24704604297632576	-1.4319572601031758	0.20597191988721505	0.6199182644383264	0.3345826616140136	1.549842961492274	0.13396321652476254	0.36600985850761253	0.20696861595639932	-1.7092416315632848	0.15112408698072452	0.5972476435344202	False	False	False	False
sp|O75489|NDUS3_HUMAN	psvid_96908_sp|O75489|NDUS3_HUMAN	0.20482513174087846	-0.1533737352112361	0.563023998692993	0.14352509948447428	1.4271032208065828	0.20729836087815015	0.6227427731581898	0.2316162142965573	4.520104286120249	0.026559781240653387	0.1629717191437011	0.15633962090661907	1.3101293872473925	0.24987473383513817	0.6785445466425368	False	False	False	False
sp|Q8NFQ8|TOIP2_HUMAN	psvid_26469_sp|Q8NFQ8|TOIP2_HUMAN	-0.13142988327956817	-0.36138465433022393	0.09852488777108762	0.09213954715380779	-1.4264220667394136	0.20748513254278408	0.6227427731581898	0.1417835381888081	5.746389729532243	0.013306216119350598	0.1153525730937572	0.11772360984608242	-1.116427566665735	0.3174627136101367	0.7023642335440156	False	False	False	False
sp|P60891|PRPS1_HUMAN	psvid_86841_sp|P60891|PRPS1_HUMAN	-0.13463326794348474	-0.37110152201289304	0.1018349861259236	0.09474940548812202	-1.4209405035302585	0.20899388677724653	0.6255489914595016	0.11008986087794408	4.621105077041637	0.024817596042577435	0.15753601506505563	0.10649045071996933	-1.2642755010730553	0.26456635287401625	0.6909244316037668	False	False	False	False
sp|O75369|FLNB_HUMAN	psvid_39383_sp|O75369|FLNB_HUMAN	0.26640469688636004	-0.20150955789656033	0.7343189516692804	0.1874864667757315	1.420927608631237	0.20899744800031342	0.6255489914595016	0.2761878438682914	3.3932747786996087	0.06327235076908837	0.25153995859323897	0.17771653539779111	1.499042822830493	0.19708965236963913	0.6365026478167034	False	False	False	False
sp|P31213|S5A2_HUMAN	psvid_1265230_sp|P31213|S5A2_HUMAN	-0.5693834938822271	-1.5712102825434495	0.43244329477899535	0.40141748836976476	-1.4184322068144197	0.20968767422775803	0.6262219558240631	0.6945469857431241	1.545790276780727	0.13395048292277237	0.3659924629316461	0.39964457182738533	-1.4247247029496888	0.21643683582038914	0.6587797905400207	False	False	False	False
sp|P50053|KHK_HUMAN	psvid_73292_sp|P50053|KHK_HUMAN	-0.29248125036057826	-0.8072476694728357	0.22228516875167914	0.2062594506314565	-1.41802593512761	0.2098002491593308	0.6262219558240631	0.2830062792455976	2.8876866963458108	0.09095862969729976	0.30159348417580206	0.1810694437620126	-1.6152987731325834	0.1701720208653391	0.6105867233426535	False	False	False	False
sp|P07203|GPX1_HUMAN	psvid_59464_sp|P07203|GPX1_HUMAN	-0.396240625180289	-1.0949703310497865	0.30248908068920843	0.2799708759578059	-1.415292300760619	0.21055918164561097	0.6276227601458583	0.4200529424354657	1.7406015629507225	0.13362512446475014	0.36554770477292037	0.25136806929136357	-1.5763363513008568	0.17876129993307457	0.6163208469778254	False	False	False	False
sp|Q9BQE3|TBA1C_HUMAN	psvid_79044_sp|Q9BQE3|TBA1C_HUMAN	-0.06913311292095936	-0.19116985422728755	0.05290362838536884	0.048898355223142925	-1.4138126447296044	0.210971038610385	0.6279865943251433	0.04448148050564381	7.201950117620402	0.008079294528678364	0.0898848959985957	0.09022526382633288	-0.7662278832902939	0.4798325815789713	0.7889204888328002	False	False	False	False
sp|Q12905|ILF2_HUMAN	psvid_32941_sp|Q12905|ILF2_HUMAN	-0.3555046361163624	-0.9857073267999469	0.27469805456722207	0.2525130932025995	-1.4078661490678799	0.2126337807376541	0.6295164949192092	0.4223121592865461	3.3047009781078556	0.06775408436046962	0.2602961474176474	0.2525595853847977	-1.4076069834162834	0.22114602055027346	0.6587797905400207	False	False	False	False
sp|Q9Y536|PAL4A_HUMAN	psvid_85421_sp|Q9Y536|PAL4A_HUMAN	-0.3055981053341118	-0.847559131978629	0.23636292131040537	0.21715593610814174	-1.4072749325255685	0.21279975798567	0.6295164949192092	0.2740186392817956	2.397119033542035	0.11692652529319185	0.341945208027824	0.176653914046165	-1.7299254702856444	0.1472283303668685	0.5972476435344202	False	False	False	False
sp|O95167|NDUA3_HUMAN	psvid_81317_sp|O95167|NDUA3_HUMAN	-0.4619992266387375	-1.2826490365670267	0.3586505832895517	0.32882249632469784	-1.4050110068580388	0.21343644067443257	0.6295164949192092	0.5365817871311933	1.3114816370412092	0.1319554506942307	0.36325672835369577	0.31361965162146815	-1.4731195071805008	0.20363968779541966	0.6454738565483373	False	False	False	False
sp|P57721|PCBP3_HUMAN	psvid_50545_sp|P57721|PCBP3_HUMAN	-0.25743683584851285	-0.7154538548633615	0.2005801831663358	0.18352078770946106	-1.402766624215188	0.2140693699616237	0.6295164949192092	0.17127123108243056	2.5016816920066747	0.1120821082670323	0.33478666082601366	0.12950437012891283	-1.9878621516189137	0.10648168849311902	0.5655534778543846	False	False	False	False
sp|Q13586|STIM1_HUMAN	psvid_31847_sp|Q13586|STIM1_HUMAN	-0.16635228595630713	-0.46303085794846055	0.13032628603584628	0.11887480807073006	-1.3993905744716588	0.2150247117304358	0.6295164949192092	0.1940172739904758	5.227394094597457	0.017230298448328754	0.13126423141255486	0.13925836727732824	-1.1945586409542077	0.28842998570838163	0.6928245058196533	False	False	False	False
sp|P50402|EMD_HUMAN	psvid_46394_sp|P50402|EMD_HUMAN	-0.22511608161227148	-0.6270183100272286	0.17678614680268573	0.1610364036243586	-1.3979204487041843	0.21544195480831183	0.6295164949192092	0.18492625987239386	3.2122439637906837	0.07264448558708728	0.26952640981374587	0.13529957567129944	-1.6638343505169209	0.16004689636329936	0.604442868568546	False	False	False	False
sp|Q04941|PLP2_HUMAN	psvid_38196_sp|Q04941|PLP2_HUMAN	0.29248125036057804	-0.22995620085625357	0.8149187015774096	0.2093331221238479	1.397204835016683	0.2156453274031817	0.6295164949192092	0.2388099409048782	0.896240625180289	0.12364179738513871	0.3516273558543742	0.15971785038921868	1.8312370824414825	0.12957744625765372	0.5703244574634503	False	False	False	False
sp|Q13405|RM49_HUMAN	psvid_82180_sp|Q13405|RM49_HUMAN	-0.29248125036057804	-0.8149187015774096	0.22995620085625357	0.2093331221238479	-1.397204835016683	0.2156453274031817	0.6295164949192092	0.2388099409048782	0.896240625180289	0.12364179738513871	0.3516273558543742	0.15971785038921865	-1.831237082441483	0.12957744625765363	0.5703244574634503	False	False	False	False
sp|Q99447|PCY2_HUMAN	psvid_47565_sp|Q99447|PCY2_HUMAN	-0.29248125036057804	-0.8149187015774096	0.22995620085625357	0.2093331221238479	-1.397204835016683	0.2156453274031817	0.6295164949192092	0.2388099409048782	0.896240625180289	0.12364179738513871	0.3516273558543742	0.15971785038921865	-1.831237082441483	0.12957744625765363	0.5703244574634503	False	False	False	False
sp|Q9BRL6|SRSF8_HUMAN	psvid_31477_sp|Q9BRL6|SRSF8_HUMAN	0.29248125036057804	-0.22995620085625357	0.8149187015774096	0.2093331221238479	1.397204835016683	0.2156453274031817	0.6295164949192092	0.2388099409048782	0.896240625180289	0.12364179738513871	0.3516273558543742	0.15971785038921868	1.8312370824414825	0.12957744625765372	0.5703244574634503	False	False	False	False
sp|P06899|H2B1J_HUMAN	psvid_12952_sp|P06899|H2B1J_HUMAN	-0.26025463814259087	-0.725263519573975	0.20475424328879316	0.18632232574182214	-1.3967979258868481	0.21576104744397143	0.6295164949192092	0.2940810289184777	3.7040516189688275	0.04937756538936806	0.2222106329349882	0.18655450481660502	-1.3950595210683214	0.22466002086251743	0.6587797905400207	False	False	False	False
sp|P23527|H2B1O_HUMAN	psvid_69354_sp|P23527|H2B1O_HUMAN	-0.26025463814259087	-0.725263519573975	0.20475424328879316	0.18632232574182214	-1.3967979258868481	0.21576104744397143	0.6295164949192092	0.2940810289184777	3.7040516189688275	0.04937756538936806	0.2222106329349882	0.18655450481660502	-1.3950595210683214	0.22466002086251743	0.6587797905400207	False	False	False	False
sp|P33778|H2B1B_HUMAN	psvid_12947_sp|P33778|H2B1B_HUMAN	-0.26025463814259087	-0.725263519573975	0.20475424328879316	0.18632232574182214	-1.3967979258868481	0.21576104744397143	0.6295164949192092	0.2940810289184777	3.7040516189688275	0.04937756538936806	0.2222106329349882	0.18655450481660502	-1.3950595210683214	0.22466002086251743	0.6587797905400207	False	False	False	False
sp|Q16778|H2B2E_HUMAN	psvid_12940_sp|Q16778|H2B2E_HUMAN	-0.26025463814259087	-0.725263519573975	0.20475424328879316	0.18632232574182214	-1.3967979258868481	0.21576104744397143	0.6295164949192092	0.2940810289184777	3.7040516189688275	0.04937756538936806	0.2222106329349882	0.18655450481660502	-1.3950595210683214	0.22466002086251743	0.6587797905400207	False	False	False	False
sp|Q02318|CP27A_HUMAN	psvid_31044_sp|Q02318|CP27A_HUMAN	-0.08831362105907892	-0.2461399718012342	0.06951272968307637	0.06323873351215147	-1.3965115389622604	0.21584252686893055	0.6295164949192092	0.06259194391910795	5.833834423324902	0.01279738477309627	0.11312552662019422	0.09355434024332218	-0.9439820838818075	0.3906366852877773	0.7464812143021282	False	False	False	False
sp|Q9NPD5|SO1B3_HUMAN	psvid_35240_sp|Q9NPD5|SO1B3_HUMAN	-0.7408685309937213	-2.0678057610512814	0.5860686990638386	0.5316845348344554	-1.3934363000127454	0.21671925283956664	0.6304174135604171	0.9882455805454754	3.0489956449133917	0.08170225316928519	0.28583605995270295	0.5618276478318387	-1.3186758142872164	0.2472217851783291	0.6785445466425368	False	False	False	False
sp|Q14108|SCRB2_HUMAN	psvid_70545_sp|Q14108|SCRB2_HUMAN	-0.09882575111420877	-0.275834461728842	0.07818295950042448	0.07092482736406876	-1.3933872634884257	0.21673325939202157	0.6304174135604171	0.034914137163067335	4.927221707477118	0.0204593586625519	0.14303621451419882	0.08888721529268807	-1.11181063315793	0.31925646979273437	0.7023642335440156	False	False	False	False
sp|P78362|SRPK2_HUMAN	psvid_27129_sp|P78362|SRPK2_HUMAN	0.75	-0.5945680716993642	2.0945680716993644	0.5387489577963887	1.3921140619328125	0.21709722346924462	0.6306296022223232	0.9810039294335607	1.271240625180289	0.1313855262486223	0.3624714143882553	0.5578090825641704	1.3445460524815316	0.23935117466019912	0.6742228389831643	False	False	False	False
sp|Q969Z3|MARC2_HUMAN	psvid_89237_sp|Q969Z3|MARC2_HUMAN	0.1149939037800396	-0.09170216942586795	0.32168997698594715	0.08282012369931349	1.3884778076103357	0.2181398140079226	0.632271327850165	0.09679646280381157	5.068273136048212	0.01883296516858549	0.13723325095830635	0.10233523381945107	1.1236980606593627	0.3146559258196978	0.7023642335440156	False	False	False	False
sp|Q86YS6|RAB43_HUMAN	psvid_95123_sp|Q86YS6|RAB43_HUMAN	-0.1977166998172588	-0.5531981366939531	0.15776473705943556	0.14243626459999956	-1.388106465530404	0.21824654539136298	0.632271327850165	0.2176444074310335	4.232920153830661	0.032587027881428365	0.18051877431843028	0.1498720833259654	-1.3192363476207467	0.24704870987990318	0.6785445466425368	False	False	False	False
sp|Q03135|CAV1_HUMAN	psvid_100481_sp|Q03135|CAV1_HUMAN	0.33048202372184055	-0.2653686286282262	0.9263326760719073	0.23874872883912507	1.384225270344906	0.2193649690172881	0.632271327850165	0.3333577223405996	0.6652410118609202	0.11738266203569743	0.3426115322573037	0.20634404271450385	1.6016068085817874	0.17314255283254276	0.6110747752249515	False	False	False	False
sp|Q9BVT8|TMUB1_HUMAN	psvid_80494_sp|Q9BVT8|TMUB1_HUMAN	-0.6118647442428056	-1.7152951728587138	0.49156568437310266	0.4421285957402703	-1.3839067414726716	0.21945699218895479	0.632271327850165	0.7965512022934967	2.6475129256828565	0.10452946476355125	0.323310168048503	0.4557454921465678	-1.3425579732251742	0.23994756403135256	0.6742228389831643	False	False	False	False
sp|Q03591|FHR1_HUMAN	psvid_25507_sp|Q03591|FHR1_HUMAN	-0.1827443810816517	-0.5127047213643523	0.14721595920104885	0.13221033072484994	-1.3822246724574867	0.21994353347510492	0.632271327850165	0.15396343603351384	3.73407329997195	0.0481954646213557	0.21953465471618758	0.12245554157185798	-1.4923324721439062	0.19876519198341827	0.6389753067675069	False	False	False	False
sp|P46779|RL28_HUMAN	psvid_43422_sp|P46779|RL28_HUMAN	-0.2268107147700369	-0.6365896068547464	0.18296817731467263	0.164192468707496	-1.381371000481718	0.2201908397494576	0.632271327850165	0.23365257733811026	3.6133172915171112	0.05312423762161979	0.23048695759547824	0.15729274199591547	-1.4419655471193111	0.21179122870983902	0.6583952150641437	False	False	False	False
sp|P05166|PCCB_HUMAN	psvid_48954_sp|P05166|PCCB_HUMAN	-0.27723359288829097	-0.7790415768495397	0.22457439107295774	0.20106719329676132	-1.3788106768820974	0.22093409557398666	0.632271327850165	0.34319015708255685	4.051043112811998	0.037430303399412	0.19346912776826178	0.2113685314973403	-1.3116124284176116	0.24941247541562764	0.6785445466425368	False	False	False	False
sp|Q06210|GFPT1_HUMAN	psvid_43085_sp|Q06210|GFPT1_HUMAN	-0.29248125036057804	-0.8222224406873166	0.23725993996616057	0.21225962463145684	-1.3779410515231467	0.22118707106342936	0.632271327850165	0.2388099409048782	2.042481250360578	0.12901151179096906	0.3591817253020664	0.15971785038921868	-1.8312370824414825	0.12957744625765372	0.5703244574634503	False	False	False	False
sp|P01861|IGHG4_HUMAN	psvid_160640_sp|P01861|IGHG4_HUMAN	-0.29248125036057804	-0.8225473815511847	0.2375848808300286	0.21238982373066131	-1.3770963468168953	0.22143305244401884	0.632271327850165	0.2388099409048782	1.146240625180289	0.12925214064378515	0.35951653737176703	0.15971785038921865	-1.831237082441483	0.12957744625765363	0.5703244574634503	False	False	False	False
sp|P18405|S5A1_HUMAN	psvid_74011_sp|P18405|S5A1_HUMAN	-0.29248125036057804	-0.8225473815511847	0.2375848808300286	0.21238982373066131	-1.3770963468168953	0.22143305244401884	0.632271327850165	0.2388099409048782	1.146240625180289	0.12925214064378515	0.35951653737176703	0.15971785038921865	-1.831237082441483	0.12957744625765363	0.5703244574634503	False	False	False	False
sp|Q9NQH7|XPP3_HUMAN	psvid_32520_sp|Q9NQH7|XPP3_HUMAN	0.29248125036057804	-0.2375848808300286	0.8225473815511847	0.21238982373066131	1.3770963468168953	0.22143305244401884	0.632271327850165	0.2388099409048782	1.146240625180289	0.12925214064378515	0.35951653737176703	0.15971785038921868	1.8312370824414825	0.12957744625765372	0.5703244574634503	False	False	False	False
sp|Q9NRZ7|PLCC_HUMAN	psvid_80789_sp|Q9NRZ7|PLCC_HUMAN	-0.2707174324874648	-0.7614585104417193	0.2200236454667897	0.1966328443018732	-1.376766091385303	0.2215292926077398	0.632271327850165	0.3261400260593192	3.870666478819495	0.043176883614899304	0.20779048008727277	0.20267222460659146	-1.3357401736372925	0.24200342283799042	0.6761772804384484	False	False	False	False
sp|O75396|SC22B_HUMAN	psvid_381874_sp|O75396|SC22B_HUMAN	-0.09009596400782027	-0.25360175177110744	0.0734098237554669	0.06551440169170138	-1.3752085294435743	0.22198370295423572	0.632271327850165	0.06015248035295945	5.573826997396363	0.014424738473514094	0.12010303274070182	0.09304806266095651	-0.9682734001255573	0.3795459601227057	0.7390498101910309	False	False	False	False
sp|Q86YB7|ECHD2_HUMAN	psvid_31293_sp|Q86YB7|ECHD2_HUMAN	-0.2732773510978703	-0.7707622759655461	0.22420757376980543	0.1993350061132511	-1.3709451060623505	0.2232319236664061	0.632271327850165	0.23569598773930633	2.5900839733531944	0.10759687621374933	0.3280196277873465	0.1582517017409276	-1.7268525272811925	0.1478005912093192	0.5972476435344202	False	False	False	False
sp|P08246|ELNE_HUMAN	psvid_49839_sp|P08246|ELNE_HUMAN	-0.47672264890212956	-1.3458492010439573	0.3924039032396982	0.3482464250157159	-1.3689233102123466	0.22382610624031785	0.632271327850165	0.5788914806126035	1.4883613244510647	0.1336862431837164	0.36563129404321565	0.3365230625907426	-1.4166121193360484	0.2186565427726155	0.6587797905400207	False	False	False	False
sp|Q5SSJ5|HP1B3_HUMAN	psvid_34976_sp|Q5SSJ5|HP1B3_HUMAN	0.29248125036057804	-0.24087099334169593	0.825833494062852	0.2137065214331621	1.3686117222775214	0.22391780748619183	0.632271327850165	0.2388099409048782	1.292481250360578	0.13169390102962222	0.36289654314917663	0.15971785038921865	1.831237082441483	0.12957744625765363	0.5703244574634503	False	False	False	False
sp|P49638|TTPA_HUMAN	psvid_48776_sp|P49638|TTPA_HUMAN	0.4767226489021297	-0.39308234849997203	1.3465276463042315	0.3485182682080301	1.3678555541816664	0.22414049350839516	0.632271327850165	0.5794273636803687	1.7150839733531942	0.13378056336512442	0.36576025394392486	0.33681391690511575	1.415388809591344	0.21899314500904588	0.6587797905400207	False	False	False	False
sp|O15260|SURF4_HUMAN	psvid_82724_sp|O15260|SURF4_HUMAN	0.17169235368646296	-0.14174706348008737	0.4851317708530133	0.12559063604519646	1.3670792591947365	0.2243693183395361	0.632271327850165	0.18092224639495247	4.339209560856583	0.030150167208629477	0.17363803502870412	0.13358068714402843	1.285308208523752	0.2577307971860709	0.6844395067429113	False	False	False	False
sp|P62917|RL8_HUMAN	psvid_63227_sp|P62917|RL8_HUMAN	0.16726703342561589	-0.1381043441200634	0.47263841097129516	0.12235788938945398	1.3670310452415553	0.22438353721374382	0.632271327850165	0.19858043020816404	5.073166899182721	0.018780195678439807	0.13704085404885583	0.14127321003688859	1.1839968340914737	0.29221075792344314	0.6928245058196533	False	False	False	False
sp|O95758|PTBP3_HUMAN	psvid_68339_sp|O95758|PTBP3_HUMAN	0.7267226489021296	-0.6002722058248963	2.0537175036291555	0.5317076242051401	1.3667711648643768	0.2244601933113186	0.632271327850165	0.9679039183865215	1.1133613244510647	0.12860776114644343	0.3586192425769195	0.5505414046898606	1.3200145215445114	0.24680862183321509	0.6785445466425368	False	False	False	False
sp|P68104|EF1A1_HUMAN	psvid_4549_sp|P68104|EF1A1_HUMAN	-0.133726806720879	-0.37792527222723726	0.11047165878547927	0.09784678928211538	-1.3666959100243246	0.22448239548430482	0.632271327850165	0.1581684607413805	5.936352736821422	0.012245126451067522	0.11065769946581902	0.124134888043962	-1.0772701279073136	0.3329588113958418	0.7069831240133237	False	False	False	False
sp|Q86UE4|LYRIC_HUMAN	psvid_79305_sp|Q86UE4|LYRIC_HUMAN	-0.19102297117944955	-0.539863297140152	0.15781735478125292	0.13977526761523637	-1.3666435732055566	0.22449783742223164	0.632271327850165	0.22212177585700496	4.495932423241841	0.027002941490468536	0.1643257176782397	0.1519304917084269	-1.257305028315487	0.26686836606015363	0.6909244316037668	False	False	False	False
sp|P62070|RRAS2_HUMAN	psvid_90147_sp|P62070|RRAS2_HUMAN	-0.4358479658314097	-1.2321722368638421	0.3604763052010227	0.3190756051082384	-1.3659708196230145	0.22469641970978427	0.632271327850165	0.5274305832428478	2.4197627134301056	0.11592301542901787	0.3404746913193665	0.30868299315980846	-1.4119597628942473	0.21993932021197043	0.6587797905400207	False	False	False	False
sp|O14579|COPE_HUMAN	psvid_68139_sp|O14579|COPE_HUMAN	-0.28910518427314114	-0.8176122852061515	0.2394019166598692	0.21176514288025894	-1.3652161084726468	0.22491938601333136	0.632271327850165	0.33710495919842265	3.429120542179626	0.061520375736010956	0.24803301339944842	0.20825594761885516	-1.3882205410154924	0.2265976947056615	0.6605514855978191	False	False	False	False
sp|Q86VB7|C163A_HUMAN	psvid_47983_sp|Q86VB7|C163A_HUMAN	-0.10938320872823182	-0.3093628467564491	0.09059642929998543	0.08012894537353757	-1.365089833871137	0.22495671147783905	0.632271327850165	0.10883599373491769	5.634548445573405	0.014012719089128498	0.11837533142140932	0.10608302417235267	-1.0311094501842006	0.3520608209714324	0.7215079141157084	False	False	False	False
sp|Q9NYL4|FKB11_HUMAN	psvid_107318_sp|Q9NYL4|FKB11_HUMAN	-0.21133069306415642	-0.5990583266608694	0.1763969405325566	0.15535684872025954	-1.3602920940079388	0.2263790907003117	0.6354449346471185	0.1786057330591781	3.309110644336337	0.06752603942337582	0.2598577291969123	0.13259347286907455	-1.5938242546284958	0.17485398839127678	0.6114233805102492	False	False	False	False
sp|O95831|AIFM1_HUMAN	psvid_53533_sp|O95831|AIFM1_HUMAN	-0.06879058965114049	-0.1951262819258009	0.05754510262351992	0.05062088262994022	-1.3589369856315705	0.22678232872615323	0.6355598976937662	0.027441320259551094	6.392456087373908	0.010266771183086772	0.10132507677316002	0.08805634377336977	-0.781211059911669	0.4717662496194375	0.7860193606473312	False	False	False	False
sp|Q96N66|MBOA7_HUMAN	psvid_36995_sp|Q96N66|MBOA7_HUMAN	0.33048202372184055	-0.27743004457185705	0.9383940920155381	0.24358156356572028	1.3567612379361127	0.22743114035687104	0.6355598976937662	0.3333577223405996	1.0614816370412092	0.12752774583072599	0.3571102712478682	0.20634404271450385	1.6016068085817874	0.17314255283254276	0.6110747752249515	False	False	False	False
sp|Q9NW15|ANO10_HUMAN	psvid_43656_sp|Q9NW15|ANO10_HUMAN	-0.4035272115951679	-1.1465477409365388	0.33949331774620306	0.2977175676186138	-1.355402755782621	0.2278371037282781	0.6355598976937662	0.4848369116389237	2.557279797340787	0.10929832123530708	0.3306029661622943	0.28580011377092307	-1.4119211020279945	0.21995001017941393	0.6587797905400207	False	False	False	False
sp|P57772|SELB_HUMAN	psvid_68267_sp|P57772|SELB_HUMAN	-0.20824812048499564	-0.5919298983086075	0.17543365733861627	0.15373573289352577	-1.3545850178450318	0.22808179304083426	0.6355598976937662	0.22460229924868444	3.8604197674013747	0.04353306265421511	0.2086457827376703	0.1530767496429619	-1.3604163987719633	0.23464021168314414	0.6659779048294231	False	False	False	False
sp|Q86TX2|ACOT1_HUMAN	psvid_28161_sp|Q86TX2|ACOT1_HUMAN	-0.3786432932074393	-1.0767268848652964	0.3194402984504179	0.27971198734854513	-1.3536899036637184	0.22834991115930828	0.6355598976937662	0.4409149870326249	2.506018281777445	0.11186990110847891	0.3344695817387269	0.26239838442645497	-1.443009239691281	0.21151310705874804	0.6583952150641437	False	False	False	False
sp|Q14152|EIF3A_HUMAN	psvid_43104_sp|Q14152|EIF3A_HUMAN	-0.1322134845235321	-0.3760453778650778	0.1116184088180136	0.09769990912341851	-1.3532610798697329	0.2284784611045374	0.6355598976937662	0.148293049877321	5.406034482337391	0.01567951575222234	0.12521787313407914	0.1202273168784864	-1.0996958757481057	0.32400546994837076	0.7061167743420511	False	False	False	False
sp|P51857|AK1D1_HUMAN	psvid_90373_sp|P51857|AK1D1_HUMAN	-0.22429729860405634	-0.6384115627700404	0.18981696556192773	0.16592958952689357	-1.3517619084310615	0.22892839329045167	0.6355598976937662	0.20224742426005746	3.229431904259426	0.0717203100444458	0.2678064787200747	0.14290508550780323	-1.5695543500571136	0.18029980491501704	0.6182115146374081	False	False	False	False
sp|P02533|K1C14_HUMAN	psvid_22939_sp|P02533|K1C14_HUMAN	0.33048202372184055	-0.27987559209951807	0.9408396395431992	0.24456145905000298	1.3513250411802225	0.22905965855968222	0.6355598976937662	0.3333577223405996	1.1652410118609202	0.12960953142572734	0.36001323784789824	0.20634404271450385	1.6016068085817874	0.17314255283254276	0.6110747752249515	False	False	False	False
sp|P08779|K1C16_HUMAN	psvid_420_sp|P08779|K1C16_HUMAN	0.33048202372184055	-0.27987559209951807	0.9408396395431992	0.24456145905000298	1.3513250411802225	0.22905965855968222	0.6355598976937662	0.3333577223405996	1.1652410118609202	0.12960953142572734	0.36001323784789824	0.20634404271450385	1.6016068085817874	0.17314255283254276	0.6110747752249515	False	False	False	False
sp|Q15043|S39AE_HUMAN	psvid_53000_sp|Q15043|S39AE_HUMAN	-0.16141260685506498	-0.45981694141347296	0.136991727703343	0.11956629614302866	-1.3499841682975489	0.22946297987925557	0.635864804857221	0.14560409262792381	4.056017311544377	0.03728552542455575	0.19309460226675357	0.1191858606286979	-1.3542932526024787	0.23644734392385577	0.6689052144686625	False	False	False	False
sp|Q13884|SNTB1_HUMAN	psvid_47046_sp|Q13884|SNTB1_HUMAN	-0.1681194721598538	-0.4792229652464927	0.14298402092678514	0.12465466508914573	-1.3486817524207744	0.22985535520410258	0.6361386394984551	0.17061632614836886	4.20022807898965	0.033391715901831515	0.1827340031352444	0.1292313372118073	-1.3009187692943989	0.25276358599046206	0.6822854076792993	False	False	False	False
sp|A0FGR8|ESYT2_HUMAN	psvid_53867_sp|A0FGR8|ESYT2_HUMAN	-0.24410788221539903	-0.6966498083359229	0.20843404390512493	0.18132699726274326	-1.3462302133735007	0.23059558748167366	0.6373732628479424	0.2970987642385256	3.989337196065097	0.039286423964394815	0.19820803203804535	0.1880570563322015	-1.2980522346589545	0.25366898385363856	0.6828579975289872	False	False	False	False
sp|P27797|CALR_HUMAN	psvid_78505_sp|P27797|CALR_HUMAN	0.05929433351142199	-0.050754200200996025	0.16934286722384	0.044094854022268086	1.3446996214451261	0.23105884696123138	0.6378401546050808	0.047424592912398096	10.100510339037145	0.005817072289864377	0.07626973377339387	0.09069696716138152	0.6537631341731274	0.5435550130046185	0.8192783404244385	False	False	False	False
sp|Q30154|DRB5_HUMAN	psvid_61957_sp|Q30154|DRB5_HUMAN	-0.5343758809374836	-1.5282952352908747	0.4595434734159075	0.3982490939374893	-1.3418131743982353	0.23193479140895445	0.6392412461644649	0.6924204997125183	2.1401512145511603	0.12639223877829617	0.3555168614542722	0.398478652004885	-1.34104017429504	0.24040381882148484	0.6742228389831643	False	False	False	False
sp|P07327|ADH1A_HUMAN	psvid_59640_sp|P07327|ADH1A_HUMAN	-0.09589999183370401	-0.27436733179656136	0.08256734812915337	0.07150927902383022	-1.3410845857045441	0.23215637320324586	0.6392412461644649	0.1081438786879756	7.003228532782112	0.008500702121310112	0.09219925228173009	0.10585946652689121	-0.9059179587811619	0.40854366262404035	0.7625444590062838	False	False	False	False
sp|Q8WW59|SPRY4_HUMAN	psvid_1265238_sp|Q8WW59|SPRY4_HUMAN	-0.603759374819711	-1.7299851831228268	0.5224664334834048	0.4512623743176052	-1.3379342244801826	0.233116699456029	0.6409615237046362	0.8045785228427775	0.9481203125901445	0.12492741946052305	0.35345073130568433	0.4601729064421744	-1.3120272105710764	0.24928333228589653	0.6785445466425368	False	False	False	False
sp|P04217|A1BG_HUMAN	psvid_84267_sp|P04217|A1BG_HUMAN	-0.0988629183757237	-0.28339294985897967	0.0856671131075323	0.07393851173194266	-1.337096407000214	0.2333727006012727	0.6409615237046362	0.032580253715116254	4.769690526283937	0.022544674614693797	0.1501488415363029	0.0886072063137365	-1.1157435437663412	0.3177279093531048	0.7023642335440156	False	False	False	False
sp|O14656|TOR1A_HUMAN	psvid_77347_sp|O14656|TOR1A_HUMAN	-0.25764707995835623	-0.7394905474367197	0.2241963875200072	0.1930677006162091	-1.3344908502873905	0.23417048478130972	0.6423385323051876	0.2943285574653292	3.4536255445759974	0.060344113025274315	0.24565038779793186	0.18667762686341666	-1.3801711768430858	0.2288986922821766	0.6622476183918247	False	False	False	False
sp|P36021|MOT8_HUMAN	psvid_98866_sp|P36021|MOT8_HUMAN	-0.37296327408241847	-1.072590059385124	0.32666351122028714	0.28033032269752406	-1.3304421387366119	0.23541506977241278	0.644101130477591	0.42064801914789407	1.6864816370412092	0.13391326945114568	0.36594162027725907	0.2516818406105886	-1.4818839260615586	0.20140181968457277	0.6427654539859635	False	False	False	False
sp|Q8IY17|PLPL6_HUMAN	psvid_32489_sp|Q8IY17|PLPL6_HUMAN	-0.1600028206195172	-0.460389235453699	0.14038359421466456	0.12036048701020603	-1.329363353323335	0.23574770514293403	0.644101130477591	0.20316249511466059	5.562316012469002	0.014505238285661344	0.12043769462116644	0.1433140261590388	-1.1164491355644317	0.3174543545036952	0.7023642335440156	False	False	False	False
sp|P15880|RS2_HUMAN	psvid_36713_sp|P15880|RS2_HUMAN	0.22620207085617872	-0.19862980458507307	0.6510339462974305	0.17022398118035562	1.3288496091306503	0.23590626447629695	0.644101130477591	0.30852981445219474	5.613012969560181	0.014156456554635032	0.11898090836195122	0.193777465871361	1.1673290794624323	0.2982677999849009	0.6928245058196533	False	False	False	False
sp|Q9UHQ4|BAP29_HUMAN	psvid_84150_sp|Q9UHQ4|BAP29_HUMAN	-0.26016049612433645	-0.7488839609068685	0.22856296865819553	0.19582441591778404	-1.3285396251791382	0.23600198320221838	0.644101130477591	0.2824883710956911	3.2048822526589875	0.07304228370132022	0.27026335989423395	0.18081410177749346	-1.438828573473131	0.21262928926280156	0.6587797905400207	False	False	False	False
sp|O75881|CP7B1_HUMAN	psvid_65229_sp|O75881|CP7B1_HUMAN	-0.294499575494499	-0.8499301379804787	0.26093098699148065	0.2225529840890725	-1.3232784844467926	0.23763194166318483	0.6475947574228561	0.3703353182887292	3.586909697003393	0.05426361526944127	0.23294551996001397	0.2253611508182335	-1.3067894551711337	0.2509187071049944	0.6802771113869326	False	False	False	False
sp|O75907|DGAT1_HUMAN	psvid_75224_sp|O75907|DGAT1_HUMAN	-0.5958321598878762	-1.7202576827297706	0.5285933629540183	0.45054102600033985	-1.3224814733906758	0.2378797539956592	0.6475947574228561	0.8140355090627752	2.655529217860321	0.10409341447908783	0.3226351104252106	0.46539085191386104	-1.2802833520203325	0.259348849276776	0.6878934594648392	False	False	False	False
sp|P51649|SSDH_HUMAN	psvid_75558_sp|P51649|SSDH_HUMAN	-0.2748839183877285	-0.7942037988551837	0.24443596207972662	0.20808395666511417	-1.321024084668482	0.23833350222245367	0.6479038242076504	0.2601494987886878	2.566003338610395	0.10884983033286863	0.32992397659592526	0.16990933512822762	-1.617827049822062	0.16962908961852355	0.6105867233426535	False	False	False	False
sp|O14521|DHSD_HUMAN	psvid_106346_sp|O14521|DHSD_HUMAN	-0.43872187554086706	-1.2680889520839331	0.390645201002199	0.33231537883648365	-1.3201973290460953	0.23859125598417397	0.6479038242076504	0.543303644152305	1.7618421881310116	0.13346876518996625	0.3653337723096049	0.31724990719311524	-1.3828904771713924	0.22811887623922839	0.6617585071089798	False	False	False	False
sp|Q96BY9|SARAF_HUMAN	psvid_99268_sp|Q96BY9|SARAF_HUMAN	-0.21943606248725078	-0.6346359265771491	0.19576380160264745	0.1663645736975748	-1.3190071516436654	0.2389627560224423	0.6481004909895275	0.14222245347810586	2.788279410660156	0.09666739941482361	0.3109138134834533	0.11789053303627194	-1.8613544008638578	0.12476195707902885	0.5703244574634503	False	False	False	False
sp|P54136|SYRC_HUMAN	psvid_72059_sp|P54136|SYRC_HUMAN	-0.30293629428423463	-0.876715772483298	0.27084318391482876	0.22990512893408854	-1.317657834293394	0.23938456402725786	0.648201901419359	0.33154382308076563	2.7158151078152803	0.1007630308570259	0.31743193106085893	0.20541991499663276	-1.4747172604428367	0.20322993131863756	0.6454738565483373	False	False	False	False
sp|Q13283|G3BP1_HUMAN	psvid_63060_sp|Q13283|G3BP1_HUMAN	0.5537532227427127	-0.4956326368024022	1.6031390822878275	0.4204737194463201	1.3169746339245532	0.23959839549464998	0.648201901419359	0.7401611708336643	2.1805540724001586	0.12514767010612382	0.3537621660185326	0.42469231346165626	1.303892736435666	0.2518274353273413	0.6812859579954414	False	False	False	False
sp|O60701|UGDH_HUMAN	psvid_74311_sp|O60701|UGDH_HUMAN	-0.11539444306939028	-0.33453189743421996	0.10374301129543936	0.0878052049860091	-1.3142095971164494	0.24046557915373262	0.6497367955438137	0.10746458133767657	4.967610121736567	0.019972046428055282	0.14132249087832865	0.10564098020720433	-1.0923265085486287	0.3269243010832012	0.7061167743420511	False	False	False	False
sp|P49753|ACOT2_HUMAN	psvid_28165_sp|P49753|ACOT2_HUMAN	-0.36186474424280524	-1.0511620268586197	0.32743253837300923	0.27619144053584654	-1.3101953613795618	0.24172960024308948	0.6515372112264857	0.4345710270346684	2.545790276780727	0.10988439865873371	0.33148815764478484	0.25903777279699536	-1.3969574411311592	0.2241250941112015	0.6587797905400207	False	False	False	False
sp|Q9H845|ACAD9_HUMAN	psvid_62073_sp|Q9H845|ACAD9_HUMAN	0.3456540053966166	-0.31277007138984114	1.0040780821830744	0.26382099398539605	1.3101838491888576	0.24173323388375378	0.6515372112264857	0.4216683178954179	2.838271527141305	0.09380417661868055	0.306274675118072	0.2522199449574941	1.3704467561233853	0.23170814186597333	0.6659779048294231	False	False	False	False
sp|O94826|TOM70_HUMAN	psvid_51475_sp|O94826|TOM70_HUMAN	-0.12787052167362756	-0.3717177528067164	0.11597670945946126	0.09770605475440788	-1.3087266904291706	0.24219356199229986	0.6519670171892097	0.14615927195016973	5.316840355385425	0.016423682031808107	0.12815491419297234	0.11940006535034418	-1.0709418064255602	0.33552377291662555	0.7093463569856855	False	False	False	False
sp|Q9Y241|HIG1A_HUMAN	psvid_27490_sp|Q9Y241|HIG1A_HUMAN	0.319420295449549	-0.2903485063078236	0.9291890972069216	0.24432552978023578	1.3073553784447287	0.24262749414657414	0.6523247888531343	0.3792983628791769	2.893869632475417	0.09060211574817792	0.3010018533965828	0.23001639913913252	1.3886848791869737	0.22646563244995233	0.6605514855978191	False	False	False	False
sp|O43399|TPD54_HUMAN	psvid_61417_sp|O43399|TPD54_HUMAN	-0.23983950387566355	-0.6989602615925434	0.21928125384121627	0.1839630398258952	-1.3037374469494007	0.24377571075903964	0.6535940840991692	0.12600281919864162	2.058641627478699	0.12861637526153002	0.35863125248858335	0.11191763483932565	-2.1430001109296914	0.0878399033040985	0.5615029827479354	False	False	False	False
sp|Q10471|GALT2_HUMAN	psvid_29986_sp|Q10471|GALT2_HUMAN	-0.19087359756467703	-0.5563986896826394	0.17465149455328532	0.1464606118291142	-1.3032418421642438	0.24393338155724173	0.6535940840991692	0.24729965558618194	4.850940686171544	0.021430866638677087	0.14639285036734917	0.16374330538538898	-1.1656879474579662	0.2988702168249891	0.6928245058196533	False	False	False	False
sp|P10515|ODP2_HUMAN	psvid_33532_sp|P10515|ODP2_HUMAN	-0.13999483867315854	-0.40813246699332467	0.1281427896470076	0.10743886519699011	-1.3030185903069318	0.24400443656494133	0.6535940840991692	0.137057019898554	4.436165762246302	0.028145329537776365	0.16776569833483948	0.11594406693228994	-1.2074342601326378	0.28388062750550686	0.6928245058196533	False	False	False	False
sp|P35579|MYH9_HUMAN	psvid_24900_sp|P35579|MYH9_HUMAN	-0.07722760469568746	-0.22540043724856082	0.0709452278571859	0.05937070855081876	-1.3007694632713362	0.24472131538709627	0.6547050499306638	0.07785462097201337	7.136044429688745	0.008212244447491086	0.09062143481258221	0.09710166674411702	-0.7953272820661068	0.4642587196890228	0.7829172339035895	False	False	False	False
sp|Q9GZM5|YIPF3_HUMAN	psvid_77443_sp|Q9GZM5|YIPF3_HUMAN	-0.2637853885481152	-0.7705660960214626	0.2429953189252323	0.20305969160602638	-1.2990534283874908	0.24526955559430386	0.6548457372576033	0.2549489510634913	2.675311978349913	0.10301004144171486	0.320951774323986	0.16740371048775618	-1.5757439771169726	0.1788951604748741	0.6163208469778254	False	False	False	False
sp|P04424|ARLY_HUMAN	psvid_63485_sp|P04424|ARLY_HUMAN	-0.1819256682093099	-0.5315301326390389	0.16767879622041915	0.14008144683551182	-1.2987135150233913	0.245378282719508	0.6548457372576033	0.2057174489507611	4.114729659506418	0.03563023400000717	0.18875972557727236	0.14445937567176959	-1.2593552157020849	0.26618938178905666	0.6909244316037668	False	False	False	False
sp|P22234|PUR6_HUMAN	psvid_85800_sp|P22234|PUR6_HUMAN	-0.5572046726239699	-1.6297694293795726	0.5153600841316328	0.4297611679421313	-1.2965449514484735	0.2460729583791452	0.6558918829121865	0.7546995533832355	1.674842961492274	0.13395485030411425	0.3659984293738352	0.43268977640841677	-1.2877694436163964	0.25694167300013004	0.6844395067429113	False	False	False	False
sp|P05787|K2C8_HUMAN	psvid_23834_sp|P05787|K2C8_HUMAN	0.4910822464262621	-0.456340419806631	1.4385049126591551	0.3796185442515653	1.2936202771507181	0.24701265207027692	0.6571946748730154	0.7149688999118016	4.551664032427859	0.02599681522198035	0.16123527908612417	0.4108499408246975	1.195283721936322	0.2881720539320902	0.6928245058196533	False	False	False	False
sp|Q92954|PRG4_HUMAN	psvid_159274_sp|Q92954|PRG4_HUMAN	-0.24024181709107806	-0.7039027006144574	0.2234190664323012	0.18578220249828015	-1.2931368767323235	0.24716827873627484	0.6571946748730154	0.2792741190053304	3.4930841826279573	0.05848750261142185	0.24184189589775765	0.17923181718338524	-1.3403971508321484	0.24059735964814855	0.6742228389831643	False	False	False	False
sp|P21549|AGT1_HUMAN	psvid_98716_sp|P21549|AGT1_HUMAN	-0.12551186628226585	-0.3680679327074664	0.11704420014293468	0.09718870375124214	-1.291424429360822	0.24772029695359327	0.65758713408126	0.16205790854241986	6.404999042875061	0.010221682116829379	0.10110233487328261	0.12570774170038407	-0.9984418189725731	0.36613449635958667	0.7268533471449432	False	False	False	False
sp|A1L0T0|HACL2_HUMAN	psvid_67259_sp|A1L0T0|HACL2_HUMAN	0.08475337467964517	-0.0791150817662355	0.24862183112552583	0.06565971778159312	1.2907971210227271	0.24792279120645566	0.65758713408126	0.08850462958238912	6.607415123868069	0.009550726527855762	0.09772781859765295	0.09993861692996915	0.8480543085665787	0.4370087879367833	0.7768646788014845	False	False	False	False
sp|Q13190|STX5_HUMAN	psvid_44863_sp|Q13190|STX5_HUMAN	-0.2675973319728495	-0.7862365116875976	0.2510418477418985	0.20781120972964015	-1.2876944045558967	0.24892653443848167	0.6587346291673537	0.31495007937576336	3.2374699749382287	0.07129037111432954	0.2670025676174848	0.19700927277490435	-1.3582981562426075	0.23526388959613181	0.6664272532742714	False	False	False	False
sp|P07919|QCR6_HUMAN	psvid_92036_sp|P07919|QCR6_HUMAN	-0.2543286463255423	-0.7474472377305734	0.23878994507948875	0.19758547951664063	-1.2871828787606974	0.24909236574575647	0.6587346291673537	0.32764146613893125	3.85688013248142	0.043656859761975614	0.20894224025307953	0.2034348475981306	-1.2501724720631362	0.26924295334516496	0.6921479664863972	False	False	False	False
sp|Q92841|DDX17_HUMAN	psvid_44969_sp|Q92841|DDX17_HUMAN	-0.1506661256136539	-0.44302837389954697	0.1416961226722392	0.11714531965939169	-1.2861472063222528	0.24942842390161432	0.6587346291673537	0.16548154789313532	4.4685007187913275	0.02751886327623716	0.16588810468577053	0.12710719600570822	-1.1853469382401267	0.29172499440845323	0.6928245058196533	False	False	False	False
sp|Q9UK55|ZPI_HUMAN	psvid_24559_sp|Q9UK55|ZPI_HUMAN	-0.583355933431298	-1.7157248287784266	0.5490129619158307	0.4537238203479512	-1.2857070915605326	0.24957135696649624	0.6587346291673537	0.806526583104955	1.95264201415933	0.13093104708754344	0.3618439540569159	0.4612475840888155	-1.264734935324821	0.26441526773336166	0.6909244316037668	False	False	False	False
sp|Q9UNW1|MINP1_HUMAN	psvid_43393_sp|Q9UNW1|MINP1_HUMAN	-0.21943606248725034	-0.6461999628474961	0.2073278378729954	0.17099811559084263	-1.28326596892043	0.25036547999775505	0.6600267580962715	0.14222245347810586	2.6669227038675953	0.1034706943805087	0.3216686095665984	0.11789053303627194	-1.861354400863854	0.12476195707902947	0.5703244574634503	False	False	False	False
sp|Q9NVS9|PNPO_HUMAN	psvid_71936_sp|Q9NVS9|PNPO_HUMAN	-0.4140113996956598	-1.220459052917114	0.39243625352579437	0.32313189777091994	-1.281245839707127	0.2510243637743781	0.6609596552844196	0.5345783813693029	2.364344854867732	0.1183326072338234	0.3439950686184664	0.31253834410289155	-1.3246739400377767	0.2453756258241086	0.6773617594405648	False	False	False	False
sp|Q16181|SEPT7_HUMAN	psvid_43701_sp|Q16181|SEPT7_HUMAN	-0.31575860145844836	-0.9319460078703877	0.300428804953491	0.24689737172780218	-1.2789062890736798	0.2517893733018794	0.6621693834286076	0.334258662583424	1.6902000549654659	0.13389847753008988	0.3659214089529197	0.2068033758222326	-1.5268541927955435	0.19029133995394942	0.6266889569608031	False	False	False	False
sp|O95486|SC24A_HUMAN	psvid_60625_sp|O95486|SC24A_HUMAN	-0.18949229951931734	-0.5601032393400858	0.18111864030145103	0.14849843736362575	-1.276055848690923	0.2527242625528861	0.6635867160914655	0.23566579700640142	4.316217897684023	0.030655090242431165	0.17508595101386965	0.1582375151211913	-1.1975181699117845	0.28737850515222085	0.6928245058196533	False	False	False	False
sp|Q9BYD1|RM13_HUMAN	psvid_59978_sp|Q9BYD1|RM13_HUMAN	-0.396240625180289	-1.172466527074121	0.379985276713543	0.31102247960664675	-1.273993525102811	0.2534026022057009	0.6635867160914655	0.5073180451542161	0.6981203125901445	0.11831515476097385	0.34396970035305996	0.29785739672950595	-1.3303031233437124	0.24365477875182506	0.6761772804384484	False	False	False	False
sp|H3BR10|SMLR1_HUMAN	psvid_103269_sp|H3BR10|SMLR1_HUMAN	0.5804820237218405	-0.5584326324849417	1.7193966799286229	0.4563466119457508	1.2720200140126088	0.25405325528914197	0.6635867160914655	0.8209255506612075	0.5402410118609202	0.11375910044615496	0.33728193020995795	0.4691938003129656	1.237190310985871	0.27361477749055013	0.6928245058196533	False	False	False	False
sp|O94874|UFL1_HUMAN	psvid_80091_sp|O94874|UFL1_HUMAN	-0.1216843863653676	-0.3604445550241321	0.11707578229339688	0.09566774247853811	-1.271947923226745	0.2540770514032122	0.6635867160914655	0.1340600945559272	5.081046575084765	0.01869571701518459	0.13673228227154183	0.1148332318370942	-1.0596617757653348	0.3401379411905501	0.7128422810057273	False	False	False	False
sp|P78329|CP4F2_HUMAN	psvid_30111_sp|P78329|CP4F2_HUMAN	0.09642742253086878	-0.09285519735912129	0.28571004242085885	0.07584280509191148	1.2714116047529025	0.2542541448925603	0.6635867160914655	0.11989114619224614	7.176787209579002	0.008129291991258666	0.0901625864272907	0.10977889029512801	0.8783785504811961	0.42190361535598664	0.7702401332966801	False	False	False	False
sp|P15259|PGAM2_HUMAN	psvid_74735_sp|P15259|PGAM2_HUMAN	-0.2823207542362415	-0.8366647968309687	0.27202328835848577	0.22211763130079942	-1.27104162142767	0.2543763785155559	0.6635867160914655	0.2697652174757293	2.0374010022984095	0.1291325876741887	0.35935022982348114	0.17457621413272545	-1.6171776644302807	0.1697683756072923	0.6105867233426535	False	False	False	False
sp|Q9NXW2|DJB12_HUMAN	psvid_419179_sp|Q9NXW2|DJB12_HUMAN	-0.3139137188670489	-0.9310920237182071	0.3032645859841093	0.24729441038478628	-1.269392698276536	0.25492178246713904	0.6635867160914655	0.41163319185297237	3.32173285030194	0.0668760512314013	0.2586040433392357	0.2469342746136491	-1.2712440156725717	0.26228328123427824	0.6909244316037668	False	False	False	False
sp|BID_HUMAN|,sp|P55957|BID_HUMAN	psvid_48133_sp|BID_HUMAN|	0.32319543730696165	-0.31254227985579175	0.958933154469715	0.25473089816896227	1.2687720242425677	0.25512734959673306	0.6635867160914655	0.37747630561574047	2.443918472889722	0.11482423421115782	0.3388572475411406	0.22906875522179476	1.4109101740830134	0.22022971465935245	0.6587797905400207	False	False	False	False
sp|P36776|LONM_HUMAN	psvid_45506_sp|P36776|LONM_HUMAN	-0.11250823015876188	-0.33404851953302933	0.10903205921550557	0.08876798618269123	-1.267441506752349	0.2555685160293859	0.6635867160914655	0.0619192664636191	4.356172201288472	0.029785127802585847	0.17258368347727965	0.09341300209641988	-1.204417239932318	0.28494077916519606	0.6928245058196533	False	False	False	False
sp|Q96F07|CYFP2_HUMAN	psvid_59039_sp|Q96F07|CYFP2_HUMAN	-0.37501840078366055	-1.1137432677178958	0.3637064661505748	0.2959963578906716	-1.2669696460325244	0.25572513693879784	0.6635867160914655	0.4925535980975405	2.8003119783499124	0.09598036577691349	0.3098069814851071	0.2899333225206517	-1.2934642955948892	0.2551243675451558	0.6833801044132912	False	False	False	False
sp|Q99442|SEC62_HUMAN	psvid_54725_sp|Q99442|SEC62_HUMAN	-0.14624062518028924	-0.43462361228119034	0.14214236192061186	0.11555088731986386	-1.2655949995041678	0.25618190105657584	0.6635867160914655	0.13879562319607383	4.121193516207836	0.035453963898059854	0.18829223005227766	0.1165947836240957	-1.2542638755758784	0.26787847203047893	0.6912457690920357	False	False	False	False
sp|O15371|EIF3D_HUMAN	psvid_40790_sp|O15371|EIF3D_HUMAN	-0.21813753522849688	-0.6483501188964966	0.21207504843950287	0.17237995305740839	-1.2654460762954824	0.25623142860492604	0.6635867160914655	0.23846798810564107	3.410135131648459	0.062443709647665074	0.24988739393507844	0.15955656938812715	-1.3671485672136094	0.23266841644238537	0.6659779048294231	False	False	False	False
sp|Q96DZ1|ERLEC_HUMAN	psvid_37797_sp|Q96DZ1|ERLEC_HUMAN	-0.22206872936029298	-0.660115398162026	0.21597793944144011	0.17551895753767446	-1.2652122168206634	0.2563092207515259	0.6635867160914655	0.21437879500012588	3.0786255445759974	0.08002631536317348	0.28288922807907246	0.14837963750468	-1.4966253664913338	0.19769168413265867	0.6374968445170704	False	False	False	False
sp|P23786|CPT2_HUMAN	psvid_36827_sp|P23786|CPT2_HUMAN	-0.08391589142836264	-0.2500407329605705	0.08220895010384521	0.06656381861459125	-1.2606832536793149	0.2578199196799997	0.666065332722077	0.0771261996234353	5.928177835186805	0.01228750683420085	0.11084902721359736	0.09691808711317493	-0.8658434553126381	0.4280974644271826	0.7702401332966801	False	False	False	False
sp|Q00765|REEP5_HUMAN	psvid_91714_sp|Q00765|REEP5_HUMAN	0.12441849181285769	-0.12194119159567426	0.37077817522138967	0.09871275800238655	1.26040943775322	0.25791150889938597	0.666065332722077	0.12268430776775216	4.62787978149697	0.024706753730659538	0.15718382146601328	0.11074826271900397	1.1234351560758882	0.31475703942356575	0.7023642335440156	False	False	False	False
sp|P56385|ATP5I_HUMAN	psvid_85731_sp|P56385|ATP5I_HUMAN	-0.20406729975816462	-0.6086858560376671	0.20055125652133782	0.16212479686889508	-1.2587050451214261	0.2584822669557063	0.666065332722077	0.18927050993840233	3.2193169048364796	0.07226339480994394	0.2688185164938307	0.13718187086992645	-1.4875675514854132	0.19996339401252863	0.6400600809824956	False	False	False	False
sp|P13645|K1C10_HUMAN	psvid_22937_sp|P13645|K1C10_HUMAN	0.9080483180622863	-0.8929319100687425	2.709028546193315	0.7216267003062087	1.2583352551630547	0.2586062487870483	0.666065332722077	1.3725438933231673	3.6698771487665525	0.05075805012877355	0.22529547294336288	0.7758181204403922	1.1704396870065805	0.2971289523387651	0.6928245058196533	False	False	False	False
sp|A0A096LP55|QCR6L_HUMAN	psvid_766_sp|A0A096LP55|QCR6L_HUMAN	-0.396240625180289	-1.1824928547303615	0.39001160436978355	0.3150398839233339	-1.2577474961129544	0.258803419544065	0.666065332722077	0.5054975611789299	1.924842961492274	0.1314300927049509	0.3625328849979694	0.29687925370399243	-1.334686140027037	0.2423227332520007	0.6761772804384484	False	False	False	False
sp|Q96CW1|AP2M1_HUMAN	psvid_41854_sp|Q96CW1|AP2M1_HUMAN	-0.17962929867165256	-0.5372972840183072	0.1780386866750021	0.1433123829120115	-1.2534108708661853	0.26026233470265775	0.6690254795974607	0.23076417804581476	4.509244559746078	0.02675757387529943	0.16357742471166195	0.15594158573162165	-1.1519011931865173	0.30397395656776455	0.6928245058196533	False	False	False	False
sp|Q92575|UBXN4_HUMAN	psvid_44387_sp|Q92575|UBXN4_HUMAN	-0.11094191888325722	-0.33288279534729615	0.11099895758078168	0.08892849562930355	-1.2475407134482082	0.26224880904617676	0.6692543237547068	0.09528135318202285	4.688849021433351	0.023741148656612976	0.15408162984798993	0.1018856289786773	-1.088886823346551	0.32829448532020555	0.7061167743420511	False	False	False	False
sp|Q9UGP8|SEC63_HUMAN	psvid_68821_sp|Q9UGP8|SEC63_HUMAN	-0.15973333881471752	-0.4793669432003358	0.15990026557090076	0.12807255717578742	-1.2472097249957597	0.26236121644621585	0.6692543237547068	0.2176638308437212	5.407650190580881	0.01566655682726641	0.12516611692972826	0.14988098288749044	-1.0657345297409935	0.3376471107971037	0.7100786552422247	False	False	False	False
sp|Q96TC7|RMD3_HUMAN	psvid_67826_sp|Q96TC7|RMD3_HUMAN	0.2293844599520064	-0.229849372812364	0.6886182927163769	0.1840083473601663	1.2465981203723533	0.26256903682927774	0.6692543237547068	0.27751133834207925	3.530136754419	0.056786986461977614	0.2383002023960064	0.17836585025977406	1.2860335070750835	0.2574980179191046	0.6844395067429113	False	False	False	False
sp|A0A804HLA8|GBG5B_HUMAN	psvid_884047_sp|A0A804HLA8|GBG5B_HUMAN	0.5	-0.5013471545447175	1.5013471545447175	0.40122530592409344	1.2461826126555273	0.2627103077684221	0.6692543237547068	0.7071067811865476	0.5	0.11257447694118809	0.3355212019249873	0.40653429426141663	1.2299085392251838	0.2760952719149174	0.6928245058196533	False	False	False	False
sp|P63218|GBG5_HUMAN	psvid_70701_sp|P63218|GBG5_HUMAN	0.5	-0.5013471545447175	1.5013471545447175	0.40122530592409344	1.2461826126555273	0.2627103077684221	0.6692543237547068	0.7071067811865476	0.5	0.11257447694118809	0.3355212019249873	0.40653429426141663	1.2299085392251838	0.2760952719149174	0.6928245058196533	False	False	False	False
sp|Q9HAW8|UD110_HUMAN	psvid_42124_sp|Q9HAW8|UD110_HUMAN	-0.057868754493750174	-0.17388500927249426	0.05814750028499391	0.04648603344454846	-1.2448632461356326	0.26315933439822464	0.6692543237547068	0.04113615799206526	7.590340169844014	0.0074147193772607445	0.08610876481091077	0.08972307944000453	-0.6449706681372377	0.5487692380374495	0.8192783404244385	False	False	False	False
sp|Q96GC9|VMP1_HUMAN	psvid_82727_sp|Q96GC9|VMP1_HUMAN	-0.3128846917489908	-0.9404713284540214	0.31470194495603976	0.2514648782522744	-1.2442480791894082	0.2633689299717099	0.6692543237547068	0.356096608490978	2.1507623267494744	0.1260744413836593	0.3550696289232005	0.21800048206390493	-1.4352477058159505	0.21358984497191041	0.6587797905400207	False	False	False	False
sp|Q6P2E9|EDC4_HUMAN	psvid_27065_sp|Q6P2E9|EDC4_HUMAN	0.32887545643198246	-0.33085157893307915	0.9886024917970441	0.26434307062178936	1.2441236142804866	0.26341135483501577	0.6692543237547068	0.38572787250857565	2.0374010022984095	0.1291325876741887	0.35935022982348114	0.23336547479553446	1.409272115852313	0.22068365725809858	0.6587797905400207	False	False	False	False
sp|P43251|BTD_HUMAN	psvid_74748_sp|P43251|BTD_HUMAN	-0.26472342226339196	-0.7959124451861175	0.26646560065933356	0.2128397501889273	-1.2437687134494853	0.2635323589252105	0.6692543237547068	0.24713087763476896	2.174842961492274	0.12532926655538498	0.35401873757667823	0.16366288911600446	-1.6174920514555726	0.16970092880215124	0.6105867233426535	False	False	False	False
sp|P0CG22|DR4L1_HUMAN	psvid_29435_sp|P0CG22|DR4L1_HUMAN	-0.5	-1.5064709912574845	0.5064709912574845	0.40327835310483845	-1.2398384295871623	0.26487569568604535	0.6692543237547068	0.7071067811865476	0.75	0.1197629410786987	0.34606782728057617	0.40653429426141663	-1.2299085392251838	0.2760952719149174	0.6928245058196533	False	False	False	False
sp|P15121|ALDR_HUMAN	psvid_40208_sp|P15121|ALDR_HUMAN	0.5	-0.5064709912574845	1.5064709912574845	0.40327835310483845	1.2398384295871623	0.26487569568604535	0.6692543237547068	0.7071067811865476	0.75	0.1197629410786987	0.34606782728057617	0.40653429426141663	1.2299085392251838	0.2760952719149174	0.6928245058196533	False	False	False	False
sp|P00533|EGFR_HUMAN	psvid_29207_sp|P00533|EGFR_HUMAN	0.13163645362395848	-0.13336610003197802	0.396639007279895	0.10618268617302083	1.2397167407260885	0.26491738456792624	0.6692543237547068	0.14453677785727145	4.640620231408799	0.024500261291134712	0.15652559308667294	0.11877527360553952	1.1082816282211378	0.3206335250232245	0.7026310065304636	False	False	False	False
sp|Q9Y5J7|TIM9_HUMAN	psvid_18911_sp|Q9Y5J7|TIM9_HUMAN	-0.2777578280971861	-0.8371776565091394	0.2816620003147673	0.2241514251834491	-1.239152630280466	0.265110716767119	0.6692543237547068	0.28275083492421316	2.1960835866725628	0.12464448221348993	0.35305025451554334	0.18094348974882485	-1.5350528968063633	0.1883314897360386	0.6255833820291156	False	False	False	False
sp|Q9BVC6|TM109_HUMAN	psvid_98278_sp|Q9BVC6|TM109_HUMAN	-0.2675973319728493	-0.8066720678927839	0.2714774039470853	0.21599944120654785	-1.2388797419015605	0.2652042860483711	0.6692543237547068	0.26912690330865213	2.375244737151946	0.11787113718250401	0.34332366242731366	0.17426510108731544	-1.535576144065528	0.18820708658762011	0.6255833820291156	False	False	False	False
sp|Q5XXA6|ANO1_HUMAN	psvid_30046_sp|Q5XXA6|ANO1_HUMAN	-0.5	-1.5080173387922877	0.5080173387922877	0.40389795217185587	-1.237936457244659	0.2655279493722675	0.6692543237547068	0.7071067811865476	0.8304820237218405	0.1219395896525177	0.3491984960627948	0.40653429426141663	-1.2299085392251838	0.2760952719149174	0.6928245058196533	False	False	False	False
sp|P30084|ECHM_HUMAN	psvid_59972_sp|P30084|ECHM_HUMAN	-0.13082922807818687	-0.3947181088464818	0.13305965269010805	0.10573645357225359	-1.237314319311707	0.2657416110245064	0.6692543237547068	0.14990869671991078	4.792137262941223	0.022228410612273	0.14909195354637017	0.12085783268678839	-1.082505164702399	0.33084979094001615	0.7061167743420511	False	False	False	False
sp|Q9NYL5|CP39A_HUMAN	psvid_96064_sp|Q9NYL5|CP39A_HUMAN	-0.3055981053341119	-0.9221565135012647	0.3109603028330409	0.24704602675923487	-1.237008784731197	0.26584659689055745	0.6692543237547068	0.3356331283640646	1.799039677847345	0.13313515980885404	0.36487691049017346	0.20750454879495175	-1.472729668379909	0.20373978674622184	0.6454738565483373	False	False	False	False
sp|O15173|PGRC2_HUMAN	psvid_82327_sp|O15173|PGRC2_HUMAN	-0.19487424237686723	-0.5882560327359808	0.19850754798224635	0.15762238746617868	-1.2363360656409403	0.2660778818055268	0.6692543237547068	0.2724519803802417	4.897671348408438	0.020827575307446188	0.14431761953221856	0.17588771663673866	-1.1079468544090632	0.3207644266964897	0.7026310065304636	False	False	False	False
sp|P37268|FDFT_HUMAN	psvid_23148_sp|P37268|FDFT_HUMAN	-0.15325211220471524	-0.46286291373714933	0.15635868932771885	0.12405656519664796	-1.2353406041976742	0.26642045423453065	0.6692543237547068	0.19892666391662586	4.928792454612235	0.020440066069552596	0.14296875906838039	0.14142681250994837	-1.0836142700588338	0.33040445636645926	0.7061167743420511	False	False	False	False
sp|P62258|1433E_HUMAN	psvid_54150_sp|P62258|1433E_HUMAN	-0.1561570210692096	-0.47190868243457973	0.15959464029616055	0.1265171188157642	-1.2342758239429037	0.26678731353142754	0.6692543237547068	0.16978745219278554	4.110016651103619	0.035759497558921945	0.18910181796831554	0.12888645185994985	-1.2115860031502177	0.28242758238743754	0.6928245058196533	False	False	False	False
sp|Q9NR28|DBLOH_HUMAN	psvid_52770_sp|Q9NR28|DBLOH_HUMAN	-0.3157586014584485	-0.9548846929864347	0.3233674900695378	0.2560885707154969	-1.23300544251638	0.2672255951215956	0.6692543237547068	0.36435950393453437	2.0308425748116425	0.12928667015127737	0.3595645563056478	0.22226660520609	-1.4206299734756411	0.21755448952812834	0.6587797905400207	False	False	False	False
sp|P11021|BIP_HUMAN	psvid_56562_sp|P11021|BIP_HUMAN	0.05025047127267035	-0.05151910929523587	0.15202005184057657	0.040777597371503174	1.2323058373171136	0.26746723064357725	0.6692543237547068	0.034714452862606056	10.08502219485942	0.005819585493924618	0.07628620775687187	0.08886253602093037	0.5654854511560927	0.5973818785716491	0.8472032270057355	False	False	False	False
sp|Q92901|RL3L_HUMAN	psvid_50397_sp|Q92901|RL3L_HUMAN	-0.3786432932074395	-1.1455668723250705	0.3882802859101916	0.3072951735622381	-1.2321810616747317	0.2675103469934346	0.6692543237547068	0.49045446658105296	2.0798822526589875	0.12807391284048175	0.3578741578271359	0.2888084022158571	-1.311053592285862	0.24958656876087182	0.6785445466425368	False	False	False	False
sp|Q9BWS9|CHID1_HUMAN	psvid_62902_sp|Q9BWS9|CHID1_HUMAN	-0.2017784625285941	-0.6107139426071456	0.2071570175499574	0.1638545257287249	-1.2314488210271075	0.26776349732133403	0.6692543237547068	0.25291974047688764	3.916724872721865	0.041615950068296145	0.20399987761833618	0.1664297113639688	-1.2123944749703996	0.2821454149586814	0.6928245058196533	False	False	False	False
sp|P61026|RAB10_HUMAN	psvid_21468_sp|P61026|RAB10_HUMAN	0.13401322506005253	-0.13782160753843714	0.4058480576585422	0.10892028141802956	1.2303789828243075	0.26813374251072736	0.6694076267520117	0.14234878370070564	4.453790495487742	0.02780136435926908	0.1667374113966901	0.1179386292152661	1.1362962750350987	0.3098440299945704	0.698416984168838	False	False	False	False
sp|P63220|RS21_HUMAN	psvid_80408_sp|P63220|RS21_HUMAN	0.19877460624911025	-0.20499056441045027	0.6025397769086708	0.16178285760749267	1.228650607293417	0.2687328470865645	0.669681636613964	0.2757540861248376	4.6417486807685595	0.02448209401605234	0.15646754940259128	0.17750389169960307	1.1198323842133246	0.31614555224746554	0.7023642335440156	False	False	False	False
sp|P51151|RAB9A_HUMAN	psvid_74795_sp|P51151|RAB9A_HUMAN	-0.25	-0.7580045138286645	0.2580045138286645	0.2035500530926251	-1.2281991392369616	0.26888953344922334	0.669681636613964	0.20993540794634308	2.063721875540867	0.12848901846357322	0.35845364897511256	0.1463614062976817	-1.7081005595937613	0.1513420280571547	0.5972476435344202	False	False	False	False
sp|P02743|SAMP_HUMAN	psvid_107946_sp|P02743|SAMP_HUMAN	0.19613174815083623	-0.20267428803699428	0.5949377843386667	0.15979580422994225	1.2273898497898446	0.2691706070561895	0.669681636613964	0.24173151020713657	3.8931208696179658	0.0424077335907707	0.2059313807819748	0.16109855349504798	1.2174643651090582	0.2803817768188669	0.6928245058196533	False	False	False	False
sp|Q9NZ45|CISD1_HUMAN	psvid_94852_sp|Q9NZ45|CISD1_HUMAN	0.24086853099372174	-0.24962714565219274	0.7313642076396363	0.19653451555088405	1.225578775914093	0.26980054908474976	0.6704791168195559	0.2820826354833792	3.1776389381208308	0.07452427367650963	0.2729913435926305	0.1806141388731545	1.333608390220679	0.24264963748898927	0.6761772804384484	False	False	False	False
sp|P31949|S10AB_HUMAN	psvid_29613_sp|P31949|S10AB_HUMAN	-0.3713567067925604	-1.1300597739262475	0.3873463603411267	0.30400133343832003	-1.2215627562959566	0.2712020727320936	0.6731900247542347	0.4775594630195633	1.6624010022984097	0.13399143385665552	0.36604840370729047	0.281907708355482	-1.3172988740140597	0.24764742317946606	0.6785445466425368	False	False	False	False
sp|P22897|MRC1_HUMAN	psvid_35243_sp|P22897|MRC1_HUMAN	-0.13621677378583974	-0.4147668906452911	0.14233334307361162	0.11161099858813689	-1.220460129458229	0.27158799182768445	0.6733295612831989	0.17931399458587913	5.319613529780073	0.016399667855609257	0.12806118793611612	0.13289473453437003	-1.0249975235144515	0.35465867660123707	0.7215079141157084	False	False	False	False
sp|O95954|FTCD_HUMAN	psvid_61920_sp|O95954|FTCD_HUMAN	-0.07620565447117711	-0.2321452249820517	0.07973391603969748	0.062482727992915404	-1.2196275181809872	0.27187972594499266	0.6733295612831989	0.058322451820323404	5.799841190062271	0.012990879024727165	0.11397753736911131	0.09267974952622197	-0.8222470913089398	0.4501899389836916	0.777339918547936	False	False	False	False
sp|Q8N139|ABCA6_HUMAN	psvid_33642_sp|Q8N139|ABCA6_HUMAN	-0.2035535859120987	-0.6209186740782262	0.21381150225402873	0.16723214763378302	-1.2171917229566112	0.27273477547381186	0.6746760941230027	0.3028173426849993	5.656363796794227	0.01386972104565511	0.11776977984888615	0.1909132212182672	-1.0662100016602833	0.33745275219852816	0.7100786552422247	False	False	False	False
sp|Q16772|GSTA3_HUMAN	psvid_51143_sp|Q16772|GSTA3_HUMAN	-0.16327033972625848	-0.4985959517936513	0.17205527234113432	0.13436011744308135	-1.2151696711297109	0.2734463827465164	0.6747505131023792	0.21995164006645032	4.83293164988058	0.021670468396042246	0.14720892770495356	0.150931074172132	-1.0817543081953684	0.33115157417238905	0.7061167743420511	False	False	False	False
sp|Q27J81|INF2_HUMAN	psvid_49094_sp|Q27J81|INF2_HUMAN	-0.5703215275975042	-1.741875991823242	0.6012329366282336	0.46942491041424095	-1.2149366489610185	0.27352849350952785	0.6747505131023792	0.8375489026700549	1.57764201415933	0.13402905077443963	0.3660997825380939	0.4783734721337999	-1.1922097708586705	0.28926697432811155	0.6928245058196533	False	False	False	False
sp|P35232|PHB1_HUMAN	psvid_51167_sp|P35232|PHB1_HUMAN	-0.14659233048385012	-0.44784221281239384	0.1546575518446936	0.12070646593270909	-1.214453006730988	0.27369898524088204	0.6747505131023792	0.20339623677103436	5.527093511644386	0.0147564652114871	0.12147619195334985	0.14341859255250103	-1.0221291945128195	0.35588342809613616	0.7215079141157084	False	False	False	False
sp|Q14568|HS902_HUMAN	psvid_68314_sp|Q14568|HS902_HUMAN	-0.27421538481314733	-0.8385183881907913	0.2900876185644966	0.2261080426867773	-1.212762631327591	0.2742956038522474	0.6754529244861592	0.35694072391919407	3.211909697003393	0.0726625228114998	0.2695598686961763	0.21843559628935696	-1.2553603417727763	0.2675138812317821	0.6912457690920357	False	False	False	False
sp|P09669|COX6C_HUMAN	psvid_73958_sp|P09669|COX6C_HUMAN	0.1526243982070733	-0.1620858589390899	0.4673346553532365	0.12609984322403203	1.2103456618571453	0.27515065852598475	0.6761993011565952	0.1567343926757261	3.9567123090344687	0.04031340109339513	0.2007819740250482	0.12355966042169675	1.2352283721578832	0.2742810910866415	0.6928245058196533	False	False	False	False
sp|P28799|GRN_HUMAN	psvid_25448_sp|P28799|GRN_HUMAN	-0.2483934327101418	-0.7606825931327286	0.26389572771244496	0.20526684894371502	-1.2101000916044278	0.27523766508111697	0.6761993011565952	0.28210459924784076	2.9081240378811706	0.08978011594930807	0.29963330247038306	0.18062496180941925	-1.3751888455607055	0.23033405646780888	0.6642831903398126	False	False	False	False
sp|Q13445|TMED1_HUMAN	psvid_30425_sp|Q13445|TMED1_HUMAN	-0.25	-0.7659599611043814	0.26595996110438136	0.20673768562593342	-1.2092618684546197	0.2755348329124474	0.6761993011565952	0.27785990493264373	2.813721875540867	0.09521296364834883	0.30856597940853564	0.1785369813721904	-1.400270118148984	0.2231943310023989	0.6587797905400207	False	False	False	False
sp|Q9Y678|COPG1_HUMAN	psvid_26126_sp|Q9Y678|COPG1_HUMAN	0.43064145846896895	-0.4609930441066188	1.3222759610445567	0.35726503485299627	1.2053837248477586	0.2769133832059876	0.6786098866010172	0.6669010946327897	4.239499517856618	0.03242834512996856	0.18007871925901894	0.38450041398970564	1.120002587254688	0.31607983488817465	0.7023642335440156	False	False	False	False
sp|P21810|PGS1_HUMAN	psvid_96543_sp|P21810|PGS1_HUMAN	-0.49522279426307403	-1.5216851341658872	0.5312395456397392	0.4112885970443683	-1.2040761592270723	0.2773795399766239	0.6786098866010172	0.7347291353250917	2.7058339006727223	0.10132006203300578	0.3183081243590961	0.42170584845817694	-1.1743322889015806	0.29570928069112284	0.6928245058196533	False	False	False	False
sp|O00571|DDX3X_HUMAN	psvid_62443_sp|O00571|DDX3X_HUMAN	-0.13083022102844555	-0.40220443397310407	0.14054399191621297	0.10873571779223377	-1.2031945315193369	0.2776942346288879	0.6786098866010172	0.06595359857245667	3.7826810171937795	0.04634218626466531	0.215272353693328	0.09428018628504112	-1.3876746131249806	0.22675305566306228	0.6605514855978191	False	False	False	False
sp|O60518|RNBP6_HUMAN	psvid_83738_sp|O60518|RNBP6_HUMAN	-0.396240625180289	-1.2189926691097743	0.4265114187491962	0.3296648310498985	-1.2019499438819832	0.27813901906679983	0.6786098866010172	0.5603688660931588	0.1981203125901445	0.10368115875857582	0.32199558810420964	0.3264810944621933	-1.2136709656435372	0.28170042299939113	0.6928245058196533	False	False	False	False
sp|P56962|STX17_HUMAN	psvid_101381_sp|P56962|STX17_HUMAN	-0.396240625180289	-1.2189926691097743	0.4265114187491962	0.3296648310498985	-1.2019499438819832	0.27813901906679983	0.6786098866010172	0.5603688660931588	0.1981203125901445	0.10368115875857582	0.32199558810420964	0.3264810944621933	-1.2136709656435372	0.28170042299939113	0.6928245058196533	False	False	False	False
sp|P11234|RALB_HUMAN	psvid_82796_sp|P11234|RALB_HUMAN	-0.21767924576375852	-0.6699376357326248	0.23457914420510773	0.18121338843220625	-1.201231584746811	0.2783960263905419	0.6786098866010172	0.2549738536311119	3.3298822526589875	0.06645859569828369	0.25779564716706077	0.1674156764543507	-1.300232154920768	0.2529801795524865	0.6822854076792993	False	False	False	False
sp|Q9BQE5|APOL2_HUMAN	psvid_1211782_sp|Q9BQE5|APOL2_HUMAN	0.1434817445772837	-0.15516284979571165	0.44212633895027903	0.11966256477191684	1.1990528938667449	0.2791767678474129	0.6797483774442065	0.12315089231465441	3.8335431560300184	0.04448283614947744	0.2109095449463524	0.11091152930722686	1.2936594191198714	0.25506231290605924	0.6833801044132912	False	False	False	False
sp|Q8N257|H2B3B_HUMAN	psvid_69355_sp|Q8N257|H2B3B_HUMAN	-0.21178712797915722	-0.6532712182784959	0.22969696232018139	0.17689628255997794	-1.197238997418441	0.279828244088001	0.6798943729523869	0.2632278645191471	3.576936193766687	0.05469962939539771	0.23387951897376075	0.17139869095736315	-1.2356402887104956	0.27414107322359166	0.6928245058196533	False	False	False	False
sp|P01011|AACT_HUMAN	psvid_50388_sp|P01011|AACT_HUMAN	-0.0793198497780443	-0.2446950120435419	0.08605531248745332	0.06626343298732343	-1.197038037453004	0.27990050226609003	0.6798943729523869	0.07922180047413371	6.04056059042239	0.011728515105303426	0.10829826917039545	0.09744993312312102	-0.8139548918707757	0.4544888572063068	0.780322893628257	False	False	False	False
sp|O15372|EIF3H_HUMAN	psvid_60183_sp|O15372|EIF3H_HUMAN	-0.2647234222633924	-0.8172156825182312	0.28776883799144637	0.2213756489298959	-1.1958109373954842	0.2803420784092232	0.6798943729523869	0.3613815655886398	3.4673242118528522	0.05969428532187172	0.24432413986725038	0.2207273542993804	-1.1993231337532302	0.28673892469232237	0.6928245058196533	False	False	False	False
sp|P23284|PPIB_HUMAN	psvid_33371_sp|P23284|PPIB_HUMAN	-0.09094133822302308	-0.28088495435780136	0.0990022779117552	0.07610765671637174	-1.1949039314392718	0.2806688586596264	0.6798943729523869	0.1185939053123375	6.931672919569083	0.008668297025071424	0.09310368964263137	0.10933341375014774	-0.831779920737179	0.4452860812551138	0.777339918547936	False	False	False	False
sp|Q9Y3D6|FIS1_HUMAN	psvid_42846_sp|Q9Y3D6|FIS1_HUMAN	-0.22327119902087222	-0.6899206966891782	0.2433782986474337	0.1869796969128246	-1.19409327700947	0.2809612064300198	0.6798943729523869	0.2758087679825975	3.405054883586291	0.06269253877254873	0.25038478143159726	0.17753069433069274	-1.257648430107399	0.26675452681282547	0.6909244316037668	False	False	False	False
sp|Q9UBI6|GBG12_HUMAN	psvid_47105_sp|Q9UBI6|GBG12_HUMAN	-0.31007858233342744	-0.9583981778107239	0.338241013143869	0.25977227463160124	-1.1936554152022907	0.28111922388801963	0.6798943729523869	0.38695380576252353	2.3817619400688432	0.11759227456416863	0.3429172998904672	0.23400493871285646	-1.3250941798024172	0.24524676563037442	0.6773617594405648	False	False	False	False
sp|P13489|RINI_HUMAN	psvid_24837_sp|P13489|RINI_HUMAN	-0.3166966351737255	-0.9803833831459987	0.34699011279854775	0.2659296701292522	-1.1909037266123728	0.28211404167145976	0.6811453575738797	0.4150255124598404	2.635070966488992	0.10520266924811232	0.32434960960067816	0.24871934224065773	-1.2733092340976593	0.2616101602613158	0.6909244316037668	False	False	False	False
sp|A6NGU5|GGT3_HUMAN	psvid_38856_sp|A6NGU5|GGT3_HUMAN	0.14969207506154658	-0.16412073139816902	0.4635048815212622	0.12574024772851636	1.1904865607131951	0.2822651274117877	0.6811453575738797	0.12049049028288208	3.6461965922463353	0.051736392459465916	0.2274563528667993	0.10998572792957027	1.361013632217831	0.2344646499122274	0.6659779048294231	False	False	False	False
sp|P62873|GBB1_HUMAN	psvid_83662_sp|P62873|GBB1_HUMAN	-0.19007071525588115	-0.5889630269121839	0.2088215964004217	0.15983037356094243	-1.1892027217430499	0.28273054050998336	0.6815095453672235	0.2685102762222825	4.52974314661404	0.02638598748821203	0.1624376418451463	0.1739647316521962	-1.092581889735474	0.32682276943398886	0.7061167743420511	False	False	False	False
sp|O60493|SNX3_HUMAN	psvid_17573_sp|O60493|SNX3_HUMAN	0.396240625180289	-0.43659028672000344	1.2290715370805816	0.3337032875098805	1.187404020311178	0.2833837248618452	0.6823250353062429	0.5603688660931588	0.5943609377704335	0.11534063810030235	0.33961837126442723	0.32648109446219337	1.213670965643537	0.28170042299939124	0.6928245058196533	False	False	False	False
sp|Q13243|SRSF5_HUMAN	psvid_59788_sp|Q13243|SRSF5_HUMAN	-0.4342413985415514	-1.3504568600780007	0.48197406299489787	0.36711426919117485	-1.1828507769481988	0.28504307708440757	0.6839507795362287	0.6238873624933149	2.052083199991932	0.12877856777222774	0.3588573083723219	0.3610028707157703	-1.2028751950935157	0.2854840202839297	0.6928245058196533	False	False	False	False
sp|P07384|CAN1_HUMAN	psvid_49645_sp|P07384|CAN1_HUMAN	-0.3582398518190266	-1.1147378230068472	0.39825811936879396	0.3031177834212687	-1.1818503281978348	0.2854088044692088	0.6839507795362287	0.4792375391544935	2.009601949631354	0.1297685015423038	0.36023395389982854	0.282804752707061	-1.266739149147553	0.2637571105167007	0.6909244316037668	False	False	False	False
sp|Q9HCU5|SEC12_HUMAN	psvid_51181_sp|Q9HCU5|SEC12_HUMAN	-0.1404381153900658	-0.4371816224204425	0.15630539164031093	0.118900826600326	-1.181136577478434	0.2856699748986343	0.6839507795362287	0.17123433468860605	4.4937132877350665	0.027044158986567503	0.1644510838716714	0.12948897537436715	-1.084556542238777	0.33002651757072216	0.7061167743420511	False	False	False	False
sp|O95202|LETM1_HUMAN	psvid_45183_sp|O95202|LETM1_HUMAN	-0.16000096606977965	-0.4982011757842171	0.17819924364465778	0.13551192709781448	-1.180715007870035	0.2858243301357992	0.6839507795362287	0.14070530587601307	3.533445780839149	0.056637166594808164	0.23798564367374803	0.11731474032803658	-1.3638607188012644	0.23362943183707383	0.6659779048294231	False	False	False	False
sp|Q96JJ7|TMX3_HUMAN	psvid_29983_sp|Q96JJ7|TMX3_HUMAN	-0.4342413985415514	-1.3523535142755443	0.48387071719244157	0.3678742310657234	-1.1804072203795406	0.28593707049886574	0.6839507795362287	0.6238873624933148	1.2596019496313537	0.1312095484459873	0.3622285859039666	0.3610028707157703	-1.2028751950935157	0.2854840202839297	0.6928245058196533	False	False	False	False
sp|Q9Y224|RTRAF_HUMAN	psvid_96947_sp|Q9Y224|RTRAF_HUMAN	-0.17510992953527316	-0.5458146247778113	0.19559476570726497	0.14853600380360701	-1.1789056191844367	0.28648765064202497	0.6839507795362287	0.10288005555483976	3.016116344184167	0.08357419711060457	0.28909202187297484	0.10419099351212674	-1.6806628253803166	0.15667951934771168	0.6037253972963479	False	False	False	False
sp|Q8WTV0|SCRB1_HUMAN	psvid_65913_sp|Q8WTV0|SCRB1_HUMAN	-0.3648579046593241	-1.1381137483644452	0.40839793904579713	0.30983242029507896	-1.1775975681042024	0.2869680136059122	0.6839507795362287	0.5144802504943483	2.6109903317461924	0.10649241296587374	0.32633175292311617	0.30170849713702574	-1.2093060292352922	0.28322470155751495	0.6928245058196533	False	False	False	False
sp|O60337|MARH6_HUMAN	psvid_40820_sp|O60337|MARH6_HUMAN	0.396240625180289	-0.44478696005045004	1.237268210411028	0.3369875758305115	1.1758315546314948	0.28761766601498895	0.6839507795362287	0.5603688660931588	0.9481203125901445	0.12492741946052305	0.35345073130568433	0.32648109446219337	1.213670965643537	0.28170042299939124	0.6928245058196533	False	False	False	False
sp|Q06278|AOXA_HUMAN	psvid_38112_sp|Q06278|AOXA_HUMAN	-0.10034297034116779	-0.3134184341201747	0.11273249343783914	0.08537625313223213	-1.1753030457515508	0.28781233327340494	0.6839507795362287	0.13603152899318785	6.480155995780228	0.009960402024630366	0.09980181373417202	0.11556240223450281	-0.8683011810151603	0.42687748279676213	0.7702401332966801	False	False	False	False
sp|P09661|RU2A_HUMAN	psvid_59339_sp|P09661|RU2A_HUMAN	-0.3713567067925603	-1.160343927020394	0.41763051343527324	0.3161357550868996	-1.1746748060512215	0.28804388337572684	0.6839507795362287	0.5058240102624038	1.5966424008399613	0.13405217177108977	0.366131358628416	0.2970546322400396	-1.2501293246707554	0.26925737690264556	0.6921479664863972	False	False	False	False
sp|Q13510|ASAH1_HUMAN	psvid_55195_sp|Q13510|ASAH1_HUMAN	-0.19500857901452284	-0.6097010449498552	0.2196838869208096	0.16616126660385908	-1.1736103304956018	0.28843658562363894	0.6839507795362287	0.21032307427568148	3.2973246948877417	0.06813665341339957	0.26102998565950153	0.14653690242039535	-1.3307813649224585	0.243509102672314	0.6761772804384484	False	False	False	False
sp|Q96A08|H2B1A_HUMAN	psvid_62088_sp|Q96A08|H2B1A_HUMAN	-0.32319543730696143	-1.0106412288761333	0.3642503542622103	0.27544957488192884	-1.1733379419645096	0.28853714872767405	0.6839507795362287	0.41623962582226204	2.13832036755561	0.1264464162570127	0.3555930486623898	0.24935865190846657	-1.2961067716455195	0.25428517769419134	0.6833801044132912	False	False	False	False
sp|Q15006|EMC2_HUMAN	psvid_40034_sp|Q15006|EMC2_HUMAN	-0.19440189466588786	-0.6080757662639436	0.21927197693216788	0.16575313060154306	-1.1728399575946116	0.28872107813362696	0.6839507795362287	0.09896845994796126	2.581360432083587	0.10805323736836163	0.32871452260032813	0.10298861189481553	-1.8876057370734802	0.12071601455895443	0.5703244574634503	False	False	False	False
sp|P62745|RHOB_HUMAN	psvid_13976_sp|P62745|RHOB_HUMAN	-0.2675973319728494	-0.8373449731152651	0.3021503091695663	0.2282896302040551	-1.1721834747099962	0.28896370390955917	0.6839507795362287	0.30349119522992	2.360521314888554	0.11849301822914574	0.3442281485136649	0.19125052320045294	-1.3991979080359225	0.2234951852775884	0.6587797905400207	False	False	False	False
sp|Q5VTE0|EF1A3_HUMAN	psvid_59806_sp|Q5VTE0|EF1A3_HUMAN	-0.12414387664301918	-0.3885299392792845	0.14024218599324612	0.10593566714785617	-1.1718798775274575	0.2890759684102517	0.6839507795362287	0.17586017647387214	5.893773662122198	0.012468954739847167	0.11166447393798605	0.13143049529970563	-0.9445591478593266	0.39037017918334815	0.7464812143021282	False	False	False	False
sp|Q00688|FKBP3_HUMAN	psvid_68385_sp|Q00688|FKBP3_HUMAN	-0.15935748015382334	-0.49885619123152347	0.1801412309238768	0.13603221779255842	-1.1714686619079802	0.2892280884412184	0.6839507795362287	0.21604090418517805	4.57198039581797	0.02564351400169814	0.16013592352029615	0.14913829954580218	-1.0685215041283391	0.33650925012913535	0.7100477355394271	False	False	False	False
sp|Q96IU4|ABHEB_HUMAN	psvid_101848_sp|Q96IU4|ABHEB_HUMAN	-0.28232075423624137	-0.8846897783862583	0.32004826991377555	0.24136054603727858	-1.1697054836486673	0.2898811232715833	0.6839507795362287	0.3582995812392624	2.683641627478699	0.10255095499052258	0.3202357803096378	0.21913638347877457	-1.2883335471473034	0.256761125293192	0.6844395067429113	False	False	False	False
sp|Q6XQN6|PNCB_HUMAN	psvid_74588_sp|Q6XQN6|PNCB_HUMAN	-0.396240625180289	-1.242782806909805	0.450301556549227	0.33919719479954497	-1.1681718812988855	0.2904501670989695	0.6839507795362287	0.5603688660931588	1.924842961492274	0.1314300927049509	0.3625328849979694	0.3264810944621933	-1.2136709656435372	0.28170042299939113	0.6928245058196533	False	False	False	False
sp|P35504|UD15_HUMAN	psvid_62829_sp|P35504|UD15_HUMAN	-0.051853776292481335	-0.16265205196116406	0.0589444993762014	0.04439526476833268	-1.1680024111370735	0.290513108364743	0.6839507795362287	0.03350707721566107	7.701262792438701	0.007257491489817854	0.08519091201423926	0.08871618938190598	-0.5844905721689746	0.5855207346259063	0.8427796994188929	False	False	False	False
sp|P02747|C1QC_HUMAN	psvid_49466_sp|P02747|C1QC_HUMAN	-0.40192064430530994	-1.2608981950022975	0.4570569063916776	0.34417986708817927	-1.1677633782174057	0.29060190532413027	0.6839507795362287	0.5785846161659343	2.2757623267494744	0.12184908352423242	0.34906888077316833	0.3363565177912685	-1.194924501373059	0.28829981282913836	0.6928245058196533	False	False	False	False
sp|P00403|COX2_HUMAN	psvid_110282_sp|P00403|COX2_HUMAN	-0.21047803602349324	-0.6603961009699915	0.23944002892300492	0.1802756540822361	-1.1675344465952113	0.29068697182873404	0.6839507795362287	0.27267845968238436	3.5930601967534894	0.053996287492992324	0.23237101259191587	0.1759984138332914	-1.1959087098527008	0.2879498949689322	0.6928245058196533	False	False	False	False
sp|P47755|CAZA2_HUMAN	psvid_63439_sp|P47755|CAZA2_HUMAN	-0.3962406251802889	-1.2448589265639567	0.4523776762033789	0.340029065884005	-1.1653139832330084	0.2915131708778281	0.6842554071650897	0.5603688660931588	1.6924402934651235	0.13388921232016365	0.36590874862479533	0.32648109446219337	-1.2136709656435365	0.2817004229993915	0.6928245058196533	False	False	False	False
sp|P62081|RS7_HUMAN	psvid_86864_sp|P62081|RS7_HUMAN	-0.09761620520828362	-0.30686734318701114	0.11163493277044392	0.08384390115798783	-1.164261250491488	0.29190558500583685	0.6842554071650897	0.08083836369907123	4.7443769016582	0.022909479738549766	0.151358778201166	0.09786790192961509	-0.9974281994773682	0.3665786175205656	0.7268533471449432	False	False	False	False
sp|P09210|GSTA2_HUMAN	psvid_63673_sp|P09210|GSTA2_HUMAN	-0.12326648869483092	-0.3875604258396531	0.14102744844999127	0.10589875379735639	-1.1640032037648784	0.29200184353185826	0.6842554071650897	0.16929128245190433	5.4803743989431535	0.015101454586806937	0.122887975761695	0.1286803647929184	-0.9579277218649491	0.38423754083283873	0.7419853505132299	False	False	False	False
sp|P35749|MYH11_HUMAN	psvid_24897_sp|P35749|MYH11_HUMAN	-0.1969297236577101	-0.6194086804030722	0.22554923308765196	0.16928120072775413	-1.1633289627619172	0.2922534834526739	0.6842554071650897	0.26632333767770044	3.926330990690966	0.04129860341973867	0.20322057823886505	0.1729008240362495	-1.13897504396175	0.30882928398416265	0.698416984168838	False	False	False	False
sp|Q13576|IQGA2_HUMAN	psvid_42335_sp|Q13576|IQGA2_HUMAN	-0.08065581727805049	-0.25388964395536007	0.09257800939925906	0.06941228602842249	-1.1619818607475927	0.29275680940671384	0.6842554071650897	0.09290949847371224	6.248462346312303	0.01081688512160613	0.10400425530528128	0.10119214887210724	-0.7970560777396692	0.4633454306849933	0.7829172339035895	False	False	False	False
sp|P43686|PRS6B_HUMAN	psvid_59824_sp|P43686|PRS6B_HUMAN	-0.2505047919091634	-0.7886507128793901	0.2876411290610633	0.21562727850487937	-1.1617490776033461	0.2928438614187833	0.6842554071650897	0.31619459647795767	2.9951974619618564	0.08477073564861506	0.29115414413780044	0.19763723186494167	-1.2674979787227012	0.26350831525046153	0.6909244316037668	False	False	False	False
sp|P05026|AT1B1_HUMAN	psvid_74352_sp|P05026|AT1B1_HUMAN	-0.22305045377523292	-0.702419445737456	0.2563185381869901	0.19207621410580247	-1.1612601529743225	0.29302677334988614	0.6842554071650897	0.3314491124379883	4.284896966262448	0.03136224360689335	0.17709388359537817	0.20537168736356198	-1.086081809224145	0.32941553743671903	0.7061167743420511	False	False	False	False
sp|P49821|NDUV1_HUMAN	psvid_49307_sp|P49821|NDUV1_HUMAN	-0.09935751905965451	-0.31306519261774834	0.11435015449843935	0.08562957043669651	-1.16031784993137	0.2933795772471436	0.6843418125883317	0.10445959651580489	5.045755557128299	0.01907880213084891	0.13812603712135127	0.1046856835086723	-0.9491032176469822	0.3882767558317826	0.7452802643124389	False	False	False	False
sp|Q13310|PABP4_HUMAN	psvid_56240_sp|Q13310|PABP4_HUMAN	-0.2754906027363634	-0.8709441714299322	0.3199629659572054	0.23858962316749782	-1.1546629693235226	0.29550450590384647	0.6869266199676475	0.3423322736342911	2.545084456388084	0.10992022725261967	0.3315421952823195	0.21092915069176882	-1.3060812212672224	0.25114060411146566	0.6802771113869326	False	False	False	False
sp|Q7Z5P4|DHB13_HUMAN	psvid_87928_sp|Q7Z5P4|DHB13_HUMAN	-0.11928555040746147	-0.3775608606230912	0.13898975980816825	0.1034871771329116	-1.1526602011209521	0.2962602577853163	0.6869266199676475	0.18385210076787803	8.034945980934106	0.006856227777446834	0.08280234161813803	0.13483691710658527	-0.884665364405871	0.4188237637459067	0.7702401332966801	False	False	False	False
sp|P10909|CLUS_HUMAN	psvid_53630_sp|P10909|CLUS_HUMAN	-0.14152586836746028	-0.4479664487340875	0.1649147119991669	0.12278630347839678	-1.1526193423712	0.2962756932882223	0.6869266199676475	0.17632932029135573	4.391313332454128	0.029048503243616457	0.17043621458955388	0.13162866570008927	-1.0751903289054179	0.3337999114099373	0.7070815327715876	False	False	False	False
sp|P10632|CP2C8_HUMAN	psvid_27087_sp|P10632|CP2C8_HUMAN	-0.06970606180476846	-0.220656109854275	0.08124398624473808	0.060483498587916754	-1.1524806506264862	0.29632809302613966	0.6869266199676475	0.08821192603449318	8.119387503810266	0.006769812042463033	0.08227886753269659	0.09985693439058749	-0.6980593008404927	0.5177936105275189	0.8105524930489268	False	False	False	False
sp|P39019|RS19_HUMAN	psvid_93803_sp|P39019|RS19_HUMAN	0.13849370205936795	-0.1614712432888229	0.4384586474075588	0.12019161028979305	1.1522742870774996	0.2964060749102197	0.6869266199676475	0.18261449500050306	4.694706147255259	0.02365132907557484	0.15378988612901318	0.13430524386499915	1.031186110637489	0.35202833927751215	0.7215079141157084	False	False	False	False
sp|Q14344|GNA13_HUMAN	psvid_71203_sp|Q14344|GNA13_HUMAN	-0.3139137188670491	-0.9939077390132506	0.36608030127915236	0.2724637579698939	-1.1521301812982232	0.29646054093109536	0.6869266199676475	0.41841777206172304	2.391116344184167	0.11718818776118477	0.3423276029787618	0.2505061515104273	-1.2531178055880294	0.2682600445101792	0.6912457690920357	False	False	False	False
sp|P32929|CGL_HUMAN	psvid_82667_sp|P32929|CGL_HUMAN	-0.18527042565960972	-0.5868266051580104	0.21628575383879106	0.16089774683407373	-1.1514793047454566	0.2967066526486931	0.6869266199676475	0.11304764951415405	2.7711965922463353	0.0976398955157897	0.3124738317296181	0.10746371055631672	-1.7240278108814988	0.14832862203321778	0.5972476435344202	False	False	False	False
sp|P42126|ECI1_HUMAN	psvid_48065_sp|P42126|ECI1_HUMAN	0.5000000000000001	-0.5850256225706202	1.5850256225706203	0.4347540564483983	1.1500755256537691	0.2972380529565897	0.687422476795016	0.7653981452137717	1.4767226489021295	0.1336139945059874	0.36553248078110295	0.4385789696482073	1.1400455439098227	0.3084245896522915	0.698416984168838	False	False	False	False
sp|P51570|GALK1_HUMAN	psvid_59539_sp|P51570|GALK1_HUMAN	-0.16997626574289815	-0.5399038566541765	0.19995132516838016	0.14822462935007252	-1.146747787383251	0.2985010378665828	0.6896074083762098	0.164925837664601	3.38605449690566	0.06362966801905925	0.2522492180742276	0.12687911051746567	-1.3396710069109437	0.24081609477294377	0.6742228389831643	False	False	False	False
sp|Q92542|NICA_HUMAN	psvid_24692_sp|Q92542|NICA_HUMAN	-0.3962406251802889	-1.2615761956221658	0.469094945261588	0.34672743353967084	-1.1428014828107134	0.30000476046217883	0.6908024394558432	0.5805821494878897	2.126681692006675	0.1267863037777741	0.35607064436397184	0.3374407455725573	-1.174252458777502	0.2957383344801895	0.6928245058196533	False	False	False	False
sp|Q96HA9|PX11C_HUMAN	psvid_80100_sp|Q96HA9|PX11C_HUMAN	-0.305598105334112	-0.9737619135415657	0.36256570287334167	0.267723563340361	-1.141468840176763	0.3005140240929928	0.6908024394558432	0.3939681660688058	2.025762326749475	0.12940430298127847	0.35972809590199994	0.23766900772290833	-1.2858138646768802	0.2575684899628779	0.6844395067429113	False	False	False	False
sp|P49006|MRP_HUMAN	psvid_87632_sp|P49006|MRP_HUMAN	0.24283266429218264	-0.28861620762297335	0.7742815362073386	0.21294386791773776	1.1403599768648478	0.3009383361802227	0.6908024394558432	0.32907740585237943	3.2619769382013595	0.06998872750265814	0.26455382723116694	0.20416479527171671	1.1893953801829744	0.29027272513824226	0.6928245058196533	False	False	False	False
sp|O76024|WFS1_HUMAN	psvid_40529_sp|O76024|WFS1_HUMAN	-0.26016049612433656	-0.8299466753724226	0.3096256831237495	0.22830507186498875	-1.1395300770111054	0.3012562373494812	0.6908024394558432	0.3341854109691318	2.808641627478699	0.09550388748509334	0.30903703254641396	0.20676602125559318	-1.2582362157210538	0.26655977681883825	0.6909244316037668	False	False	False	False
sp|O14828|SCAM3_HUMAN	psvid_84326_sp|O14828|SCAM3_HUMAN	0.2050053334734413	-0.24425467969460596	0.6542653466414885	0.1800119822628031	1.1388427086711923	0.3015197582370394	0.6908024394558432	0.23647600171691735	3.1641878163600063	0.07526149847084829	0.2743382920243696	0.15861841881942132	1.2924434312185966	0.2554492591097778	0.6834056104825784	False	False	False	False
sp|P20020|AT2B1_HUMAN	psvid_31615_sp|P20020|AT2B1_HUMAN	-0.2675973319728494	-0.8541825823906098	0.31898791844491103	0.23503621644227352	-1.1385365882052187	0.30163718117045457	0.6908024394558432	0.30304702977415954	1.8605213148885542	0.1324142754385435	0.36388772367111194	0.19102817548270637	-1.4008265079047189	0.2230383645964533	0.6587797905400207	False	False	False	False
sp|P07741|APT_HUMAN	psvid_77584_sp|P07741|APT_HUMAN	0.542481250360578	-0.6466727060678881	1.7316352067890441	0.4764767721098574	1.1385261194547853	0.3016411975088055	0.6908024394558432	0.852594655788142	1.417481250360578	0.1331521921692157	0.3649002496151732	0.48668714161049736	1.1146406058016085	0.3181559275681496	0.7023642335440156	False	False	False	False
sp|Q9Y3Z3|SAMH1_HUMAN	psvid_28209_sp|Q9Y3Z3|SAMH1_HUMAN	-0.35721082470096877	-1.1403099685803162	0.42588831917837866	0.3137764881498503	-1.1384244460355344	0.3016802069203878	0.6908024394558432	0.5378471242003985	2.9341973656075977	0.08827703159165878	0.2971145092244046	0.3143027570794553	-1.136518266719074	0.3097598253720879	0.698416984168838	False	False	False	False
sp|O75954|TSN9_HUMAN	psvid_81393_sp|O75954|TSN9_HUMAN	-0.22672264890212945	-0.72431127606705	0.27086597826279113	0.1993765581222105	-1.1371580041178	0.3021664694409607	0.6908024394558432	0.20008589298388899	2.1558425748116425	0.125919999681508	0.35485208141070274	0.14194182038578063	-1.5972928083205136	0.1740891598874192	0.6114233805102492	False	False	False	False
sp|O15127|SCAM2_HUMAN	psvid_107322_sp|O15127|SCAM2_HUMAN	-0.27936439538704405	-0.8926417565850707	0.3339129658109826	0.24573135874628438	-1.1368691273769642	0.3022774803695408	0.6908024394558432	0.36839104640706777	2.6720029519297634	0.10319194935500302	0.32123503755817645	0.2243534922882376	-1.2451974450575136	0.27091070963987063	0.6928245058196533	False	False	False	False
sp|Q9Y619|ORNT1_HUMAN	psvid_48806_sp|Q9Y619|ORNT1_HUMAN	-0.2003493666903009	-0.6406324189637763	0.23993368558317452	0.17641504401331976	-1.1356705308826953	0.30273845566255925	0.6908024394558432	0.29986240328048064	4.360247113601579	0.029698364666394497	0.17233213474681527	0.18943594219637877	-1.0576101048586055	0.3409830202133716	0.7139229031907017	False	False	False	False
sp|P56556|NDUA6_HUMAN	psvid_44364_sp|P56556|NDUA6_HUMAN	-0.20183873051440127	-0.6455201870365792	0.24184272600777662	0.17777673538893396	-1.135349516194148	0.3028620186654387	0.6908024394558432	0.17142608235607676	2.67572136985402	0.1029875171103397	0.3209166825055059	0.12956899691103047	-1.557770263923517	0.1830042774656072	0.6196410457312058	False	False	False	False
sp|O94788|AL1A2_HUMAN	psvid_93336_sp|O94788|AL1A2_HUMAN	-0.3157586014584485	-1.0105471908517418	0.3790299879348449	0.278391727650777	-1.1342240810206314	0.30329555504312417	0.6908024394558432	0.4177329385998853	1.8846019496313537	0.13207357352811355	0.3634192806224149	0.25014528723762686	-1.262300821036424	0.265216632859377	0.6909244316037668	False	False	False	False
sp|O00116|ADAS_HUMAN	psvid_39106_sp|O00116|ADAS_HUMAN	-0.22523533231933313	-0.7210489915336259	0.27057832689495964	0.19866535416485775	-1.133742384353675	0.3034812747401766	0.6908024394558432	0.285251434867699	3.1494188973952237	0.07607493743331048	0.2758168548753148	0.1821775962486261	-1.236350335921351	0.2738998685982941	0.6928245058196533	False	False	False	False
sp|P09496|CLCA_HUMAN	psvid_46960_sp|P09496|CLCA_HUMAN	0.18424139854155164	-0.22181400301258558	0.5902968000956889	0.16270051996578952	1.1323958803591496	0.304000939457315	0.6910536710694138	0.19557883999409953	3.2575652237137724	0.07022200939094995	0.264994357281339	0.1399458516104001	1.3165191852522173	0.24788874332395217	0.6785445466425368	False	False	False	False
sp|P47895|AL1A3_HUMAN	psvid_38018_sp|P47895|AL1A3_HUMAN	-0.3157586014584485	-1.0125737038600438	0.3810565009431468	0.27920372207051924	-1.1309254730447198	0.30456929131267035	0.6910536710694138	0.4177329385998853	1.6346019496313537	0.1340440961386294	0.3661203301356391	0.25014528723762686	-1.262300821036424	0.265216632859377	0.6909244316037668	False	False	False	False
sp|O95154|ARK73_HUMAN	psvid_97357_sp|O95154|ARK73_HUMAN	-0.29958673684244896	-0.9608021980441612	0.3616287243592633	0.2649394613030282	-1.130774311116276	0.3046277708667442	0.6910536710694138	0.44817277283563806	3.2757498029201626	0.06926344876757065	0.26317949913997984	0.2662495488368458	-1.1252103079657487	0.3140748671719521	0.7023642335440156	False	False	False	False
sp|P11310|ACADM_HUMAN	psvid_73944_sp|P11310|ACADM_HUMAN	-0.30214665545285435	-0.9693771881918867	0.36508387728617797	0.26734961337342966	-1.1301555728484287	0.3048672402133639	0.6910536710694138	0.4488595676670603	3.185000649252527	0.07412231045350494	0.27225412844161784	0.26661432685528386	-1.1332723901850075	0.310993047471578	0.6990072574827854	False	False	False	False
sp|LYSC_HUMAN|,sp|P61626|LYSC_HUMAN	psvid_34346_sp|LYSC_HUMAN|	-0.20183873051440082	-0.6484442905134099	0.24476682948460826	0.17894838131284807	-1.1279159332630928	0.30573538862640165	0.6922973742459899	0.1925838739811148	2.8043646630614596	0.09574862561550125	0.30943274813035104	0.13862919256809833	-1.4559612356917704	0.20809088488662014	0.6544745247450012	False	False	False	False
sp|P20042|IF2B_HUMAN	psvid_45493_sp|P20042|IF2B_HUMAN	-0.14708502513231414	-0.4733132455546782	0.1791431952900499	0.13071492433565443	-1.1252351319473206	0.3067773160658645	0.6939315698483595	0.18459496684838692	4.165097449183801	0.03428743056516402	0.1851686543807132	0.1351567637912659	-1.0882550085282456	0.3285467073027603	0.7061167743420511	False	False	False	False
sp|P48739|PIPNB_HUMAN	psvid_44769_sp|P48739|PIPNB_HUMAN	0.2767288009791279	-0.33789612527642665	0.8913537272346824	0.24627130855290771	1.1236745466014237	0.307385249969641	0.6945816858020981	0.3428108184949648	2.161553685719527	0.12574461121647357	0.35460486631809435	0.21117422339216416	1.310428879689661	0.24978131876803764	0.6785445466425368	False	False	False	False
sp|Q9Y383|LC7L2_HUMAN	psvid_40810_sp|Q9Y383|LC7L2_HUMAN	-0.2777578280971861	-0.8974640628983701	0.34194840670399795	0.24830731531286288	-1.1186050952514874	0.30936716328362024	0.6978360976264439	0.3614079861670966	2.4460835866725628	0.11472434431921077	0.33870982318086196	0.22074100215527667	-1.2582973955232923	0.26653951373335205	0.6909244316037668	False	False	False	False
sp|P45880|VDAC2_HUMAN	psvid_77241_sp|P45880|VDAC2_HUMAN	-0.10978329372407636	-0.35477828247734344	0.1352116950291907	0.09816594461397622	-1.1183439853381305	0.30946953844901365	0.6978360976264439	0.113297001035731	4.504560221568745	0.026843547548563725	0.16384000594654446	0.10754653011885738	-1.0207981010893328	0.35645300531108604	0.7215079141157084	False	False	False	False
sp|P34931|HS71L_HUMAN	psvid_24797_sp|P34931|HS71L_HUMAN	-0.14869884283095924	-0.48109814529805484	0.18370045963613635	0.13318758755743776	-1.1164617180773861	0.310208384212854	0.6986120641125682	0.2314138969875231	5.603557240390158	0.014220390114972557	0.11924927720943451	0.15624506592906323	-0.9517026470357147	0.38708333807632844	0.7442853536924612	False	False	False	False
sp|Q15008|PSMD6_HUMAN	psvid_50923_sp|Q15008|PSMD6_HUMAN	0.22672264890212956	-0.2803789138860784	0.7338242116903375	0.20318825368489982	1.11582556959088	0.3104584299678833	0.6986120641125682	0.20008589298388904	1.3633613244510647	0.13259825738684028	0.36414043635229565	0.14194182038578063	1.5972928083205142	0.17408915988741902	0.6114233805102492	False	False	False	False
sp|P42167|LAP2B_HUMAN	psvid_45490_sp|P42167|LAP2B_HUMAN	-0.33048202372184043	-1.071892388932988	0.41092834148930735	0.2970723981658374	-1.112462907231632	0.3117830092606769	0.7005674921407812	0.46160967291628047	1.4577222622214983	0.1334828468810592	0.365353044165584	0.2733967703345156	-1.2088000283159086	0.28340188450238873	0.6928245058196533	False	False	False	False
sp|P16989|YBOX3_HUMAN	psvid_69836_sp|P16989|YBOX3_HUMAN	-0.2524883685073557	-0.8193426773384578	0.31436594032374643	0.22713031384061602	-1.111645399673661	0.3121057554929535	0.7005674921407812	0.3348694424084951	2.858558786412921	0.09263709578930061	0.3043634271546117	0.207114898146595	-1.2190739090562452	0.27982396878936394	0.6928245058196533	False	False	False	False
sp|P30048|PRDX3_HUMAN	psvid_90489_sp|P30048|PRDX3_HUMAN	-0.3227621955008477	-1.0477756695483897	0.4022512785466943	0.2905024012936608	-1.1110482875994419	0.31234167012549685	0.7005674921407812	0.5220235240002459	3.77070533092732	0.04679183884362771	0.21631421322610245	0.3057692837150811	-1.0555742930725533	0.34182334469984116	0.7149914941742816	False	False	False	False
sp|P31994|FCG2B_HUMAN	psvid_75547_sp|P31994|FCG2B_HUMAN	-0.30199826056895795	-0.9814519989465607	0.37745547780864475	0.2722472748881701	-1.1092792781599323	0.3130414802806609	0.7005674921407812	0.44632700078351695	2.933963370436677	0.08829051468308428	0.29713719841696745	0.26526949645128056	-1.138458302251209	0.309024802227602	0.698416984168838	False	False	False	False
sp|P31995|FCG2C_HUMAN	psvid_75549_sp|P31995|FCG2C_HUMAN	-0.30199826056895795	-0.9814519989465607	0.37745547780864475	0.2722472748881701	-1.1092792781599323	0.3130414802806609	0.7005674921407812	0.44632700078351695	2.933963370436677	0.08829051468308428	0.29713719841696745	0.26526949645128056	-1.138458302251209	0.309024802227602	0.698416984168838	False	False	False	False
sp|P00441|SODC_HUMAN	psvid_25483_sp|P00441|SODC_HUMAN	0.07795419473001797	-0.09752193686684196	0.2534303263268779	0.07031074514246546	1.1087095517486716	0.31326714346304424	0.7005674921407812	0.06522274335885941	5.306651469336979	0.016512411820456444	0.12850062965003886	0.09411963410731745	0.8282458327571985	0.4470993075399414	0.777339918547936	False	False	False	False
sp|Q14165|MLEC_HUMAN	psvid_84511_sp|Q14165|MLEC_HUMAN	-0.13455227712219586	-0.43777080966064624	0.16866625541625452	0.12149527556695273	-1.107469212233259	0.3137589065788225	0.7009438665528951	0.20172289872218152	5.321283008490404	0.016385239000236907	0.1280048397531785	0.14267098405582554	-0.9430948977652462	0.39104670416707193	0.7466063505991585	False	False	False	False
sp|P02671|FIBA_HUMAN	psvid_46503_sp|P02671|FIBA_HUMAN	0.11158555194051689	-0.14032291288685322	0.363494016767887	0.10093607437391156	1.105507150269734	0.3145381487080701	0.7016731554640986	0.17465086239174163	7.018485103486546	0.008466105684371138	0.092011443225129	0.13092073321759717	0.8523138329439067	0.4348620460402504	0.7762323342415343	False	False	False	False
sp|P54819|KAD2_HUMAN	psvid_40045_sp|P54819|KAD2_HUMAN	-0.10166272684226518	-0.3312817772294656	0.12795632354493525	0.09200502874499365	-1.104969241670902	0.31475206739866235	0.7016731554640986	0.13251378012830184	5.344250647496988	0.016188846314934276	0.12723539725616562	0.114265553363241	-0.8897058111562944	0.4163673170148088	0.7698532218183367	False	False	False	False
sp|Q8WWI5|CTL1_HUMAN	psvid_80849_sp|Q8WWI5|CTL1_HUMAN	0.48527657773660793	-0.6118985719179308	1.5824517273911467	0.4396221960331107	1.1038491279909322	0.3151979157546128	0.7016731554640986	0.7754013042941641	1.653602336311985	0.13401242876097838	0.36607708035464115	0.44408826562015385	1.0927480307522561	0.3267567316250745	0.7061167743420511	False	False	False	False
sp|P11142|HSP7C_HUMAN	psvid_16258_sp|P11142|HSP7C_HUMAN	-0.07404497149678457	-0.24153748236172198	0.09344753936815284	0.06711182391319014	-1.1033073932331587	0.3154137385319401	0.7016731554640986	0.09718808329234623	7.006427983166617	0.00849341443435876	0.09215972240821237	0.10245227505418585	-0.7227264739374799	0.5038195546655464	0.8021873438355909	False	False	False	False
sp|P61020|RAB5B_HUMAN	psvid_97097_sp|P61020|RAB5B_HUMAN	-0.26109852983961357	-0.8521037092520357	0.3299066495728086	0.2368072179925323	-1.1025784266755219	0.3157043500588353	0.7016731554640986	0.4034419299525298	3.6248692457947858	0.052632729956005264	0.22941824242201242	0.24263151376288805	-1.0761113665340787	0.33342720477231974	0.7069831240133237	False	False	False	False
sp|Q6UW02|CP20A_HUMAN	psvid_42878_sp|Q6UW02|CP20A_HUMAN	-0.1531012468659103	-0.5003953323915747	0.19419283865975412	0.13915571146154418	-1.10021532898576	0.3166479838723617	0.7017857838036438	0.23771399061224616	5.166357716656739	0.017818341214268296	0.13348535955028287	0.1592011902647885	-0.9616840590906854	0.38252863409607485	0.740975563789647	False	False	False	False
sp|P00367|DHE3_HUMAN	psvid_67269_sp|P00367|DHE3_HUMAN	-0.08489259383923331	-0.27749994101720943	0.10771475333874284	0.07717497517616453	-1.100001569750454	0.3167334596992321	0.7017857838036438	0.11908518911272063	6.7117751959022005	0.009242992577535924	0.09614048355160236	0.10950176490897616	-0.7752623339888691	0.47495676803607945	0.7860193606473312	False	False	False	False
sp|Q8TEB9|RHBL4_HUMAN	psvid_59023_sp|Q8TEB9|RHBL4_HUMAN	0.2119992266387376	-0.269292947523261	0.6932914008007363	0.19284680536673593	1.0993141744587347	0.31700846022994694	0.7017857838036438	0.1766925666328903	2.180801617916188	0.1251397568153838	0.35375098136313887	0.13178226134937585	1.608708368394846	0.17159543817059345	0.6105867233426535	False	False	False	False
sp|Q9HCC0|MCCB_HUMAN	psvid_37035_sp|Q9HCC0|MCCB_HUMAN	-0.24867642508262133	-0.8132890288028445	0.3159361786376018	0.22623209506122283	-1.0992093098696922	0.31705043024631624	0.7017857838036438	0.35826058465429655	3.2280095214931146	0.07179654172791113	0.2679487669833753	0.2191162664189505	-1.1349062721210839	0.31037173777323074	0.698416984168838	False	False	False	False
sp|Q14032|BAAT_HUMAN	psvid_58179_sp|Q14032|BAAT_HUMAN	-0.31007858233342755	-1.0151939049967937	0.39503674032993863	0.2825295001472349	-1.097508692620898	0.31773172408385797	0.7019676971534289	0.4394280260781069	2.3160033386103946	0.1203038833067168	0.34684850195253375	0.2616102089874392	-1.1852694263484018	0.2917528633173405	0.6928245058196533	False	False	False	False
sp|P23246|SFPQ_HUMAN	psvid_31897_sp|P23246|SFPQ_HUMAN	-0.23070803486938496	-0.75597150709978	0.2945554373610101	0.21046546782490544	-1.0961799921558635	0.318264881049644	0.7019676971534289	0.31201929118147304	3.1096739983096717	0.07828335267375998	0.2797916236661848	0.19553235997762888	-1.1798969484937458	0.29369033935759364	0.6928245058196533	False	False	False	False
sp|O14950|ML12B_HUMAN	psvid_65538_sp|O14950|ML12B_HUMAN	0.2176792457637584	-0.27832426525954423	0.7136827567870611	0.19874142503578848	1.0952887437762897	0.31862292753953664	0.7019676971534289	0.2863444916045157	3.160364276380829	0.075471696526295	0.2747211250091536	0.1827178194636095	1.1913410876004458	0.2895770717922845	0.6928245058196533	False	False	False	False
sp|P19105|ML12A_HUMAN	psvid_29433_sp|P19105|ML12A_HUMAN	0.2176792457637584	-0.27832426525954423	0.7136827567870611	0.19874142503578848	1.0952887437762897	0.31862292753953664	0.7019676971534289	0.2863444916045157	3.160364276380829	0.075471696526295	0.2747211250091536	0.1827178194636095	1.1913410876004458	0.2895770717922845	0.6928245058196533	False	False	False	False
sp|P05556|ITB1_HUMAN	psvid_33130_sp|P05556|ITB1_HUMAN	-0.08037490729448127	-0.2636061891131446	0.10285637452418203	0.07341812154645105	-1.0947557033807889	0.318837231173015	0.7019676971534289	0.09628760375815175	5.8777236995503666	0.012555341299627211	0.11205061936297903	0.10218366135284887	-0.7865729827094361	0.468904048968139	0.7846448448756426	False	False	False	False
sp|O75477|ERLN1_HUMAN	psvid_546200_sp|O75477|ERLN1_HUMAN	-0.17562334422726633	-0.5762453984810137	0.22499871002648109	0.16052345637411045	-1.0940665507348946	0.31911447815939	0.7019676971534289	0.28412104041109476	5.22997884545876	0.01720608983072053	0.13117198569328944	0.18161941250529842	-0.9669855320236918	0.3801274064244221	0.7394399369135751	False	False	False	False
sp|P62316|SMD2_HUMAN	psvid_55812_sp|P62316|SMD2_HUMAN	-0.3157586014584485	-1.0369145853218953	0.40539738240499823	0.2889567608310217	-1.092753810467512	0.31964315695908885	0.7019676971534289	0.4533621908825102	2.2808425748116425	0.12165888236979847	0.3487963336530338	0.26900726047104284	-1.1737921158913782	0.2959059239147742	0.6928245058196533	False	False	False	False
sp|O60656|UD19_HUMAN	psvid_62814_sp|O60656|UD19_HUMAN	-0.04985777637354327	-0.16374807846754175	0.0640325257204552	0.04563419498628167	-1.0925529942739491	0.319724096488433	0.7019676971534289	0.04244351299523996	7.953814169374207	0.006944684617455546	0.08333477435894061	0.089914992983439	-0.5544990297972479	0.6043050317110226	0.8492405990387716	False	False	False	False
sp|P36955|PEDF_HUMAN	psvid_24473_sp|P36955|PEDF_HUMAN	-0.33048202372184043	-1.0859926854131368	0.4250286379694559	0.30272218280165664	-1.091700716027051	0.3200678016050833	0.7020110587836189	0.47453951025609564	1.5614816370412092	0.133995366853824	0.36605377590433896	0.2802940936856043	-1.179054540095055	0.29399518187734824	0.6928245058196533	False	False	False	False
sp|Q00341|VIGLN_HUMAN	psvid_61789_sp|Q00341|VIGLN_HUMAN	-0.08034265683338804	-0.264239537002088	0.10355422333531195	0.07368481716784867	-1.090355651563514	0.3206108690241205	0.7024911558900598	0.10038086647937121	6.02992276642445	0.011779305424304531	0.10853250860596807	0.10341899835897972	-0.7768655479964045	0.4740953451482149	0.7860193606473312	False	False	False	False
sp|Q9NY15|STAB1_HUMAN	psvid_32684_sp|Q9NY15|STAB1_HUMAN	-0.2284301057878383	-0.7519239680863753	0.2950637565106987	0.20975641074809287	-1.089025622497763	0.3211486276782046	0.7027694756203225	0.3671910571126191	4.219492929135582	0.03291423504371506	0.18142280739674121	0.22373196887529234	-1.0209989521665752	0.3563670115389825	0.7215079141157084	False	False	False	False
sp|Q9BU23|LMF2_HUMAN	psvid_49406_sp|Q9BU23|LMF2_HUMAN	-0.19419165055604537	-0.6394614634162277	0.2510781623041369	0.17841316677513192	-1.0884378886721982	0.3213865022333824	0.7027694756203225	0.25593232282870176	3.429544909833198	0.061499856249093446	0.2479916455227745	0.16787646932734893	-1.1567532444191653	0.30216898910410855	0.6928245058196533	False	False	False	False
sp|P34896|GLYC_HUMAN	psvid_90832_sp|P34896|GLYC_HUMAN	-0.11003914571269946	-0.36300786033685917	0.14292956891146025	0.1013609011157085	-1.0856172794585193	0.32253015321256434	0.704128080363019	0.15563891646497374	5.339939571497608	0.01622541172424615	0.12737900817735295	0.12312198732826969	-0.8937408183585556	0.414409086825816	0.7675423001295242	False	False	False	False
sp|P48651|PTSS1_HUMAN	psvid_68246_sp|P48651|PTSS1_HUMAN	-0.26472342226339207	-0.8734714973953666	0.3440246528685824	0.24391653940094377	-1.0853032882212488	0.3226576759577655	0.704128080363019	0.3352045524023766	2.126681692006675	0.1267863037777741	0.35607064436397184	0.20728586008057484	-1.2770934889649033	0.26038088910721463	0.6897865363023644	False	False	False	False
sp|P49448|DHE4_HUMAN	psvid_76282_sp|P49448|DHE4_HUMAN	-0.09648866644155696	-0.3191960122227707	0.12621867933965678	0.08923560878668274	-1.0812798584947474	0.3242954776335506	0.7063498709196251	0.14010130270022292	6.074004161091089	0.011571604294557385	0.10757139161764798	0.11708644524252951	-0.8240805862855696	0.44924357918263574	0.777339918547936	False	False	False	False
sp|Q96S66|CLCC1_HUMAN	psvid_91752_sp|Q96S66|CLCC1_HUMAN	0.09889628415316798	-0.12978598467335403	0.32757855297968996	0.09162967393766099	1.079304115176168	0.3251022831468652	0.7063498709196251	0.0908546593793244	4.505140635687656	0.02683287337835696	0.16380742772645251	0.10060175695630692	0.983047286103764	0.37292818478530465	0.7352954929019657	False	False	False	False
sp|Q96M27|PRRC1_HUMAN	psvid_71554_sp|Q96M27|PRRC1_HUMAN	-0.2538369910833591	-0.8410127259688683	0.3333387438021501	0.235272815018642	-1.0789048920218265	0.32526551206540605	0.7063498709196251	0.36559022235892674	3.0136421105135884	0.08371551603685334	0.2893363372216724	0.22290330640698494	-1.1387762486568698	0.30890448870822906	0.698416984168838	False	False	False	False
sp|P51153|RAB13_HUMAN	psvid_74423_sp|P51153|RAB13_HUMAN	0.20183873051440104	-0.26545344849282965	0.6691309095216318	0.18723721001969415	1.0779840742829434	0.32564226508907634	0.7063498709196251	0.2544909581138908	3.1434006156177787	0.07640756888569007	0.27641919051630637	0.16718369564180652	1.2072871684021356	0.2839322312421609	0.6928245058196533	False	False	False	False
sp|Q9BT22|ALG1_HUMAN	psvid_67144_sp|Q9BT22|ALG1_HUMAN	-0.2880007733612625	-0.955230403595936	0.379228856873411	0.2673492517530008	-1.0772454812304517	0.3259447246765573	0.7063498709196251	0.3893724529361812	1.8327222622214983	0.13276660247257704	0.3643715170983828	0.23526735242722763	-1.2241425356726716	0.2780739535557015	0.6928245058196533	False	False	False	False
sp|P43307|SSRA_HUMAN	psvid_71261_sp|P43307|SSRA_HUMAN	-0.17314286870193807	-0.5742740201698926	0.22798828276601651	0.1607274442564231	-1.0772452054031763	0.3259448376738571	0.7063498709196251	0.23889413166552528	3.8106072245445968	0.04531122448261507	0.2128643335146005	0.15975756915529243	-1.0837850727037193	0.3303359208149813	0.7061167743420511	False	False	False	False
sp|P01116|RASK_HUMAN	psvid_86524_sp|P01116|RASK_HUMAN	-0.2119992266387375	-0.703693951464628	0.279695498187153	0.19701495679510703	-1.0760565090457264	0.32643211166019226	0.7063498709196251	0.19646608592858733	2.2289628874017873	0.12353404599744369	0.3514741043056283	0.1403374063797926	-1.5106394802894374	0.19422649504714146	0.6323429788035607	False	False	False	False
sp|P61158|ARP3_HUMAN	psvid_418_sp|P61158|ARP3_HUMAN	-0.3374856177642398	-1.12142939803317	0.4464581625046904	0.3141149217213314	-1.0744017377934114	0.3271114544991571	0.7063498709196251	0.5516430271059386	3.2330897695552827	0.07152447775497102	0.2674406060323881	0.32175838783652305	-1.0488790052482093	0.3445994758393891	0.7180260232153425	False	False	False	False
sp|P27635|RL10_HUMAN	psvid_881227_sp|P27635|RL10_HUMAN	0.10319726487145653	-0.13660891206226045	0.3430034418051735	0.09608686284874356	1.0739997312005691	0.327276670872886	0.7063498709196251	0.12920968819036738	4.920087483257337	0.020547337052736522	0.14334342347222115	0.1130653741898275	0.9127220920721208	0.40529520881596676	0.7597532158340831	False	False	False	False
sp|P35520|CBS_HUMAN	psvid_74323_sp|P35520|CBS_HUMAN	-0.3046600716188348	-1.013339180582106	0.40401903734443645	0.2839574577161338	-1.0729074491271047	0.32772592823568053	0.7063498709196251	0.4923391906590311	3.3419899450655612	0.06584161243528573	0.2565962050290022	0.2898184022667859	-1.0512102379833932	0.34363067545544573	0.7180260232153425	False	False	False	False
sp|P61247|RS3A_HUMAN	psvid_19780_sp|P61247|RS3A_HUMAN	0.09938871650460657	-0.13183730999247978	0.3306147430016929	0.0926489208041815	1.0727455392024479	0.3277925658606566	0.7063498709196251	0.14539257751384954	5.888553910218555	0.012496926409000743	0.11178965251310491	0.11910436524358614	0.834467454667525	0.44391095836719735	0.777339918547936	False	False	False	False
sp|P35268|RL22_HUMAN	psvid_77830_sp|P35268|RL22_HUMAN	-0.10463657126399561	-0.3480871644074842	0.138814021879493	0.09754712765505359	-1.07267711289267	0.32782073162927616	0.7063498709196251	0.08769300058364897	4.2419781948881425	0.03236884257604026	0.17991343078280803	0.09971262370207996	-1.0493813860181571	0.3443905023364294	0.7180260232153425	False	False	False	False
sp|Q00839|HNRPU_HUMAN	psvid_45766_sp|Q00839|HNRPU_HUMAN	-0.14624062518028913	-0.48676219444795465	0.1942809440873764	0.1364420622589088	-1.0718148257154516	0.3281758411476687	0.7063498709196251	0.12060922789298811	3.3803249852141146	0.0639142501631844	0.2528126780111797	0.11002678117090339	-1.3291366304094199	0.24401044453293336	0.6761772804384484	False	False	False	False
sp|O00264|PGRC1_HUMAN	psvid_53194_sp|O00264|PGRC1_HUMAN	0.051734505725299806	-0.06874666913114078	0.1722156805817404	0.048275062270335574	1.07166108736622	0.32823918782467115	0.7063498709196251	0.024966416822902186	6.654244595110219	0.009409639529658016	0.09700329648861432	0.0878236702347349	0.5890724628909716	0.5826831960065362	0.8423445535331313	False	False	False	False
sp|O00487|PSDE_HUMAN	psvid_31060_sp|O00487|PSDE_HUMAN	-0.353759374819711	-1.1788681681269746	0.47134941848755263	0.3306091464012668	-1.0700229520884044	0.3289148024771219	0.7071015644523047	0.5540153948159771	0.5731203125901445	0.11472183140173799	0.3387061136173039	0.32304186340068597	-1.0950883303348349	0.32582774002060927	0.7061167743420511	False	False	False	False
sp|Q96CS3|FAF2_HUMAN	psvid_59309_sp|Q96CS3|FAF2_HUMAN	-0.2289643792603182	-0.763707386200367	0.30577862767973063	0.2142637801251268	-1.0686098188252184	0.3294985513517504	0.7073605635393244	0.38815889718525554	4.76545758359473	0.0226050699996665	0.1503498254061723	0.23463380234845174	-0.9758371426819655	0.3761458602549327	0.7369874133566358	False	False	False	False
sp|Q9UM00|TMCO1_HUMAN	psvid_80274_sp|Q9UM00|TMCO1_HUMAN	-0.16746284957691726	-0.5591486147216183	0.22422291556778368	0.15694281472018423	-1.0670310066471622	0.3301517615198799	0.7073605635393244	0.21622319832017264	3.6347977888226692	0.052213665359276885	0.228503097045263	0.1492216275911817	-1.1222424810678953	0.3152161033267029	0.7023642335440156	False	False	False	False
sp|Q96G23|CERS2_HUMAN	psvid_56376_sp|Q96G23|CERS2_HUMAN	0.16630551815915373	-0.22284811264159815	0.5554591489599057	0.1559282251523397	1.0665517291476612	0.3303502688547645	0.7073605635393244	0.250338788107439	4.252747775356856	0.03211206822935338	0.17919840465069262	0.16519394762775716	1.0067288817015339	0.3625203343928113	0.7227061312136357	False	False	False	False
sp|Q02985|FHR3_HUMAN	psvid_55751_sp|Q02985|FHR3_HUMAN	0.24189463057690586	-0.3248856313374918	0.8086748924913035	0.22710064431324717	1.0651428634577227	0.3309343690653792	0.7073605635393244	0.307057300870382	2.4706332382730007	0.1135758035543961	0.33701009414318156	0.19303810800278054	1.2530926306707357	0.2682684318442095	0.6912457690920357	False	False	False	False
sp|P61803|DAD1_HUMAN	psvid_89287_sp|P61803|DAD1_HUMAN	0.20183873051440115	-0.2720601465513036	0.6757376075801059	0.18988441827072733	1.0629557303992685	0.33184283341760745	0.7073605635393244	0.17142608235607687	2.2618834127008816	0.1223614566469058	0.34980202493254064	0.12956899691103052	1.5577702639235154	0.1830042774656076	0.6196410457312058	False	False	False	False
sp|P02585|TNNC2_HUMAN	psvid_85347_sp|P02585|TNNC2_HUMAN	0.353759374819711	-0.4774174630414061	1.184936212680828	0.33304052399237594	1.0622112005438995	0.3321525599736795	0.7073605635393244	0.5540153948159771	0.8231203125901445	0.12174447210802845	0.3489190050828823	0.32304186340068597	1.0950883303348349	0.32582774002060927	0.7061167743420511	False	False	False	False
sp|Q9Y6I9|TX264_HUMAN	psvid_73601_sp|Q9Y6I9|TX264_HUMAN	-0.1944018946658881	-0.6511925276173596	0.26238873828558335	0.18302939257119527	-1.0621348403932942	0.33218433960274607	0.7073605635393244	0.24198633199397981	3.134002178568501	0.07692832199732497	0.2773595536435062	0.16121921097249992	-1.205823384776696	0.28444622867480207	0.6928245058196533	False	False	False	False
sp|P26885|FKBP2_HUMAN	psvid_58963_sp|P26885|FKBP2_HUMAN	-0.08957897684118721	-0.3000922077172157	0.12093425403484126	0.08434960350759348	-1.0619964186686777	0.33224195451302374	0.7073605635393244	0.10397325525503937	5.1234618498782165	0.018251124036321217	0.13509672104207865	0.10453281535326041	-0.8569459890510183	0.43253677283292613	0.7739943738471932	False	False	False	False
sp|P62277|RS13_HUMAN	psvid_32084_sp|P62277|RS13_HUMAN	-0.14568616886783414	-0.4881649163744646	0.1967925786387963	0.13722627524050326	-1.0616492257951624	0.3323865022435246	0.7073605635393244	0.22318477955627883	4.713051297925517	0.02337323805239732	0.15288308622080246	0.15242120515301757	-0.9558129967649708	0.3852023624030381	0.7419853505132299	False	False	False	False
sp|Q9BY50|SC11C_HUMAN	psvid_81600_sp|Q9BY50|SC11C_HUMAN	-0.2880007733612624	-0.965362138861968	0.3893605921394432	0.27140889137269286	-1.0611324187083684	0.3326017627322542	0.7073605635393244	0.4469029420506573	2.9789628874017873	0.08570177063360225	0.29274864753505225	0.26557525862690534	-1.084441279847765	0.33007272840091056	0.7061167743420511	False	False	False	False
sp|O60664|PLIN3_HUMAN	psvid_56447_sp|O60664|PLIN3_HUMAN	0.20183873051440082	-0.2729013012881472	0.6765787623169488	0.1902214567943679	1.0610723622655849	0.33262678495508224	0.7073605635393244	0.26470463942476086	3.167616000430926	0.0750732731549696	0.27399502396023473	0.17211476638348294	1.172698512483763	0.29630439491121785	0.6928245058196533	False	False	False	False
sp|P17693|HLAG_HUMAN	psvid_63935_sp|P17693|HLAG_HUMAN	0.20751874963942196	-0.2809406898634022	0.6959781891422461	0.1957186248111317	1.0602912719199686	0.3329523649331384	0.7073605635393244	0.16943834955898482	1.396240625180289	0.1329494194801924	0.3646222970145852	0.1287414214834379	1.6119035136342539	0.17090386220106657	0.6105867233426535	False	False	False	False
sp|P27482|CALL3_HUMAN	psvid_32071_sp|P27482|CALL3_HUMAN	0.353759374819711	-0.4805908416173311	1.1881095912567532	0.33431205083914406	1.0581711725071021	0.3338374154821595	0.7085462089616451	0.5540153948159771	0.9693609377704335	0.12543756329846878	0.3541716579548239	0.32304186340068597	1.0950883303348349	0.32582774002060927	0.7061167743420511	False	False	False	False
sp|P62306|RUXF_HUMAN	psvid_9269_sp|P62306|RUXF_HUMAN	-0.20751874963942196	-0.6974264671345932	0.2823889678557493	0.19629892883247463	-1.057156811163868	0.334261558128574	0.7086690672980669	0.16943834955898482	1.542481250360578	0.13393949939674765	0.36597745749806454	0.1287414214834379	-1.6119035136342539	0.17090386220106657	0.6105867233426535	False	False	False	False
sp|Q9NS69|TOM22_HUMAN	psvid_85921_sp|Q9NS69|TOM22_HUMAN	-0.20183873051440093	-0.6794149073364589	0.27573744630765706	0.19135785903801872	-1.0547710531935868	0.33526089582406843	0.7086690672980669	0.2130085746584422	2.6201232645199077	0.10600538719958505	0.325584685142875	0.14775571355021147	-1.3660299535273845	0.23299495857267688	0.6659779048294231	False	False	False	False
sp|Q96EY1|DNJA3_HUMAN	psvid_30198_sp|Q96EY1|DNJA3_HUMAN	-0.15733915501990237	-0.5298865459219426	0.2152082358821379	0.14927434527324937	-1.0540267634863192	0.3355731676784293	0.7086690672980669	0.153258756959893	3.274009505891116	0.06935483957033439	0.2633530701744986	0.12217632528323148	-1.2878039559231769	0.25693062356598134	0.6844395067429113	False	False	False	False
sp|P04899|GNAI2_HUMAN	psvid_86428_sp|P04899|GNAI2_HUMAN	-0.1004082255299088	-0.33824895128376575	0.13743250022394812	0.09529933501951957	-1.053608878900811	0.3357485996554079	0.7086690672980669	0.13726601983348227	5.21296177849945	0.017366490026187807	0.13178197914050238	0.11602204881302076	-0.8654236548755061	0.4283061193458696	0.7702401332966801	False	False	False	False
sp|P45954|ACDSB_HUMAN	psvid_80441_sp|P45954|ACDSB_HUMAN	-0.20988383195168825	-0.7075150429606418	0.2877473790572654	0.1993936208519262	-1.0526105652474826	0.33616800894726534	0.7086690672980669	0.32403658741695957	3.6998880344889384	0.0495437681768829	0.2225842945422765	0.20160491152678722	-1.0410650730788422	0.34786376062673086	0.7215079141157084	False	False	False	False
sp|Q15365|PCBP1_HUMAN	psvid_17976_sp|Q15365|PCBP1_HUMAN	-0.13100837551970645	-0.4422026187928459	0.18018586775343298	0.1246910273748686	-1.0506640155096765	0.33698703677759556	0.7086690672980669	0.1411439919169722	3.8404233264747636	0.044237555420334994	0.2103272579109398	0.11748088659529442	-1.1151462958482121	0.31795962123771254	0.7023642335440156	False	False	False	False
sp|Q92520|FAM3C_HUMAN	psvid_84954_sp|Q92520|FAM3C_HUMAN	-0.2732773510978701	-0.9250989769216242	0.37854427472588403	0.2611754874841427	-1.0463361387023817	0.338813945181234	0.7086690672980669	0.4261282322150312	3.020700479470967	0.08331252415884974	0.2886390897970158	0.25457389182453605	-1.0734696678409792	0.3344971565935045	0.7078665413458244	False	False	False	False
sp|P04626|ERBB2_HUMAN	psvid_44554_sp|P04626|ERBB2_HUMAN	0.25	-0.3464690045508939	0.8464690045508939	0.23899649361263012	1.0460404511423693	0.3389390606463288	0.7086690672980669	0.3535533905932738	0.125	0.10158220490136555	0.3187196336929458	0.2166905253596604	1.15371910970751	0.30329657025086587	0.6928245058196533	False	False	False	False
sp|Q15303|ERBB4_HUMAN	psvid_23246_sp|Q15303|ERBB4_HUMAN	0.25	-0.3464690045508939	0.8464690045508939	0.23899649361263012	1.0460404511423693	0.3389390606463288	0.7086690672980669	0.3535533905932738	0.125	0.10158220490136555	0.3187196336929458	0.2166905253596604	1.15371910970751	0.30329657025086587	0.6928245058196533	False	False	False	False
sp|Q9BYE2|TMPSD_HUMAN	psvid_32089_sp|Q9BYE2|TMPSD_HUMAN	-0.25	-0.8464690045508939	0.3464690045508939	0.23899649361263012	-1.0460404511423693	0.3389390606463288	0.7086690672980669	0.3535533905932738	0.125	0.10158220490136555	0.3187196336929458	0.2166905253596604	-1.15371910970751	0.30329657025086587	0.6928245058196533	False	False	False	False
sp|Q96AG4|LRC59_HUMAN	psvid_47999_sp|Q96AG4|LRC59_HUMAN	0.06988737315420268	-0.09688497317674594	0.2366597194851513	0.06682326441196829	1.0458539218219576	0.3390180071736052	0.7086690672980669	0.03398604081775654	5.140656985563167	0.01807564718386789	0.13444570347864557	0.08877365370799929	0.7872535401559709	0.4685416889048018	0.784644389379216	False	False	False	False
sp|Q99747|SNAG_HUMAN	psvid_66298_sp|Q99747|SNAG_HUMAN	-0.1597597933692374	-0.541665193498893	0.22214560676041822	0.15302396407243354	-1.0440181336147811	0.33979579509725477	0.7086690672980669	0.2303200738847272	3.9817124751220216	0.03952358490708898	0.19880539456234325	0.15573429888205087	-1.0258484772852468	0.3542960124877427	0.7215079141157084	False	False	False	False
sp|Q9UKU0|ACSL6_HUMAN	psvid_49823_sp|Q9UKU0|ACSL6_HUMAN	-0.23240266802715037	-0.7884321512482622	0.3236268151939614	0.22279296295562945	-1.0431328931759607	0.34017138028289634	0.7086690672980669	0.3240557489153201	2.860521314888554	0.0925240914455797	0.3041777300289745	0.2016146285804779	-1.1527073688226095	0.30367339623473066	0.6928245058196533	False	False	False	False
sp|Q6NUM9|RETST_HUMAN	psvid_44100_sp|Q6NUM9|RETST_HUMAN	-0.120924725164814	-0.4103045485538692	0.1684550982242412	0.11595030518693986	-1.0429013099176772	0.340269691711631	0.7086690672980669	0.1979819178984995	5.904165988069364	0.01241361401959683	0.11141639923995403	0.14100792513777072	-0.8575739629291433	0.43222228268299195	0.7739943738471932	False	False	False	False
sp|Q7Z4H8|PLGT3_HUMAN	psvid_49382_sp|Q7Z4H8|PLGT3_HUMAN	-0.2748839183877284	-0.9331128561747164	0.3833450193992596	0.26374280461380334	-1.0422423420811002	0.3405495641095271	0.7086690672980669	0.38695380576252353	2.1317619400688432	0.12663890464283056	0.35586360398730094	0.23400493871285644	-1.1746928073387113	0.2955781035679081	0.6928245058196533	False	False	False	False
sp|O95298|NDUC2_HUMAN	psvid_96887_sp|O95298|NDUC2_HUMAN	-0.33048202372184043	-1.1219266918424229	0.460962644398742	0.31712041887516296	-1.0421341675003821	0.3405955254246331	0.7086690672980669	0.5220493945542949	2.3919636607630497	0.11715136409623848	0.34227381450563593	0.3057832188966939	-1.0807722703497695	0.33154663296869863	0.7061167743420511	False	False	False	False
sp|Q9UBF2|COPG2_HUMAN	psvid_52123_sp|Q9UBF2|COPG2_HUMAN	0.36186474424280524	-0.5050981888679468	1.2288276773535571	0.34737949419786057	1.0416986330134217	0.34078062746880744	0.7086690672980669	0.5783927407382556	1.295790276780727	0.13174043229121687	0.36296064840588005	0.33625238406013075	1.0761700478474356	0.3334034709994559	0.7069831240133237	False	False	False	False
sp|O60763|USO1_HUMAN	psvid_46432_sp|O60763|USO1_HUMAN	-0.4619992266387375	-1.5705710385918628	0.6465725853143879	0.444188673599368	-1.0400968194327116	0.34146211122366626	0.7086690672980669	0.8041942376893764	2.76332036755561	0.0980869984871408	0.31318843926163814	0.45996092046498666	-1.0044314768560996	0.363519275811034	0.7240314987890722	False	False	False	False
sp|Q14739|LBR_HUMAN	psvid_26730_sp|Q14739|LBR_HUMAN	-0.33048202372184077	-1.1237594971535718	0.46279544970989017	0.31785479742542627	-1.0397263983387792	0.3416198648169723	0.7086690672980669	0.5220456703383602	2.3438023912774506	0.11918542261472828	0.345232418255772	0.3057812128432553	-1.080779360670687	0.3315437791804887	0.7061167743420511	False	False	False	False
sp|Q16658|FSCN1_HUMAN	psvid_70197_sp|Q16658|FSCN1_HUMAN	-0.26677854896463427	-0.9080256968473233	0.37446859891805473	0.25693844728521137	-1.0382975058166364	0.3422289588324429	0.7086690672980669	0.3622330802890449	1.811950653898848	0.13300140093590612	0.36469357128403856	0.2211672913905486	-1.2062296702523836	0.2843034800164945	0.6928245058196533	False	False	False	False
sp|Q6P2Q9|PRP8_HUMAN	psvid_16096_sp|Q6P2Q9|PRP8_HUMAN	-0.1940366553838181	-0.6604625110761253	0.2723892003084892	0.18689008681124267	-1.038239420263063	0.3422537378607799	0.7086690672980669	0.32660722703107437	4.520318594962966	0.026555899195769124	0.16295980852887967	0.20290946043303193	-0.9562720977608522	0.38499273390323135	0.7419853505132299	False	False	False	False
sp|Q9NZR2|LRP1B_HUMAN	psvid_25103_sp|Q9NZR2|LRP1B_HUMAN	-0.396240625180289	-1.3501638013775819	0.5576825510170037	0.38222320447084235	-1.0366733901696332	0.3429223557994034	0.7086690672980669	0.6542733693468774	1.3443609377704335	0.13237519980530998	0.3638340278276758	0.3775934586728178	-1.0493842413822876	0.34438931491035035	0.7180260232153425	False	False	False	False
sp|Q658P3|STEA3_HUMAN	psvid_75204_sp|Q658P3|STEA3_HUMAN	-0.16350924331768013	-0.5572136956067157	0.23019520897135548	0.15775167342954857	-1.0364976786804285	0.3429974429831942	0.7086690672980669	0.2564325742344998	4.302170537533305	0.03096945187805526	0.17598139639761715	0.16811715291244764	-0.9725910800002233	0.3776019586622161	0.7378389940676485	False	False	False	False
sp|P05090|APOD_HUMAN	psvid_32733_sp|P05090|APOD_HUMAN	-0.14893574097742845	-0.5082243520940861	0.21035287013922915	0.1439617441923694	-1.0345508232965872	0.34383030222732824	0.7086690672980669	0.2117294020743041	4.049495886233078	0.0374754827441782	0.1935858536778403	0.1471744932137919	-1.0119670720460923	0.3602513074842434	0.7215079141157084	False	False	False	False
sp|P30044|PRDX5_HUMAN	psvid_79006_sp|P30044|PRDX5_HUMAN	-0.1806165061177728	-0.6165232162571364	0.2552902040215908	0.1746615070869719	-1.034094513039073	0.3440257507508675	0.7086690672980669	0.23043829974555408	3.255752777501883	0.07031798121117899	0.2651753782144545	0.15578946905615496	-1.159362742629727	0.30120220153582206	0.6928245058196533	False	False	False	False
sp|Q7Z406|MYH14_HUMAN	psvid_24901_sp|Q7Z406|MYH14_HUMAN	0.17073900236591621	-0.2414780214342096	0.582956026166042	0.1651693927831887	1.0337205912601406	0.34418597837832515	0.7086690672980669	0.23581990425315374	3.608558786412921	0.053327925420630744	0.2309283989045755	0.1583099357993598	1.078510969660861	0.3324578698719285	0.7069831240133237	False	False	False	False
sp|O15258|RER1_HUMAN	psvid_109627_sp|O15258|RER1_HUMAN	-0.16749965114423881	-0.5719493858043089	0.23695008351583124	0.1620571524904236	-1.0335838225599874	0.34424459986262695	0.7086690672980669	0.20551353667979255	3.366070579808361	0.0646262180078655	0.2542168719968553	0.14436777450680963	-1.1602288094864142	0.3008819435517343	0.6928245058196533	False	False	False	False
sp|P35580|MYH10_HUMAN	psvid_26405_sp|P35580|MYH10_HUMAN	-0.11863462775687683	-0.4052434464060596	0.16797419089230592	0.11484000371014788	-1.0330427022303696	0.344476614032263	0.7086690672980669	0.16539627672808033	4.596610200356178	0.02522449029396016	0.15882219710720588	0.1270721741318531	-0.9336003618996771	0.39545659201673355	0.751434188540787	False	False	False	False
sp|P40926|MDHM_HUMAN	psvid_39980_sp|P40926|MDHM_HUMAN	-0.14892748388879073	-0.508896265640941	0.21104129786335957	0.14423427871755135	-1.0325387641063462	0.34469280120654217	0.7086690672980669	0.2219747604993853	4.232740930679574	0.03259136552745247	0.1805307883089543	0.15186268511981862	-0.9806720049187064	0.37398567569917573	0.7352954929019657	False	False	False	False
sp|P03886|NU1M_HUMAN	psvid_49057_sp|P03886|NU1M_HUMAN	-0.25	-0.8551535674232512	0.3551535674232512	0.24247627220835885	-1.0310287176684076	0.34534127137367726	0.7086690672980669	0.3535533905932738	0.375	0.10887396708237237	0.3299605538278362	0.2166905253596604	-1.15371910970751	0.30329657025086587	0.6928245058196533	False	False	False	False
sp|P26639|SYTC_HUMAN	psvid_65251_sp|P26639|SYTC_HUMAN	-0.25	-0.8551535674232512	0.3551535674232512	0.24247627220835885	-1.0310287176684076	0.34534127137367726	0.7086690672980669	0.3535533905932738	0.375	0.10887396708237237	0.3299605538278362	0.2166905253596604	-1.15371910970751	0.30329657025086587	0.6928245058196533	False	False	False	False
sp|Q07817|B2CL1_HUMAN	psvid_94069_sp|Q07817|B2CL1_HUMAN	-0.25	-0.8551535674232512	0.3551535674232512	0.24247627220835888	-1.0310287176684076	0.34534127137367726	0.7086690672980669	0.3535533905932738	0.375	0.10887396708237237	0.3299605538278362	0.21669052535966044	-1.1537191097075097	0.303296570250866	0.6928245058196533	False	False	False	False
sp|Q10713|MPPA_HUMAN	psvid_44538_sp|Q10713|MPPA_HUMAN	-0.25	-0.8551535674232512	0.3551535674232512	0.24247627220835885	-1.0310287176684076	0.34534127137367726	0.7086690672980669	0.3535533905932738	0.375	0.10887396708237237	0.3299605538278362	0.2166905253596604	-1.15371910970751	0.30329657025086587	0.6928245058196533	False	False	False	False
sp|Q8IVS2|FABD_HUMAN	psvid_60644_sp|Q8IVS2|FABD_HUMAN	0.25	-0.3551535674232512	0.8551535674232512	0.24247627220835885	1.0310287176684076	0.34534127137367726	0.7086690672980669	0.3535533905932738	0.375	0.10887396708237237	0.3299605538278362	0.2166905253596604	1.15371910970751	0.30329657025086587	0.6928245058196533	False	False	False	False
sp|Q9UDX4|S14L3_HUMAN	psvid_87457_sp|Q9UDX4|S14L3_HUMAN	0.25	-0.3551535674232512	0.8551535674232512	0.24247627220835885	1.0310287176684076	0.34534127137367726	0.7086690672980669	0.3535533905932738	0.375	0.10887396708237237	0.3299605538278362	0.2166905253596604	1.15371910970751	0.30329657025086587	0.6928245058196533	False	False	False	False
sp|Q02928|CP4AB_HUMAN	psvid_28839_sp|Q02928|CP4AB_HUMAN	-0.07576200257613186	-0.2594453809257652	0.1079213757735015	0.07359927008032606	-1.029385243813497	0.34604817756172485	0.7089352931926354	0.1144585381300246	7.157906829398684	0.008167421899604971	0.09037378989289412	0.10793388056215707	-0.7019297571952114	0.5155832774686753	0.809615190054072	False	False	False	False
sp|Q96GQ5|RUSF1_HUMAN	psvid_48646_sp|Q96GQ5|RUSF1_HUMAN	-0.6674996511442386	-2.2861201842648544	0.951120881976377	0.648557810973773	-1.0292060936588299	0.34612530696714733	0.7089352931926354	1.2090033155457103	2.51231120498865	0.1115604251606602	0.3340066244263131	0.6846096132814715	-0.975007709787741	0.3765174802029886	0.7370491233964556	False	False	False	False
sp|Q9NX14|NDUBB_HUMAN	psvid_89575_sp|Q9NX14|NDUBB_HUMAN	0.1944018946658881	-0.2775084134089363	0.6663122027407125	0.18908762746935942	1.0281047854248941	0.34659976220976696	0.7092367183272569	0.19498925898051936	2.5257623267494744	0.11089290476507559	0.33300586295901097	0.13968603711264505	1.3917059906933955	0.22560818785998019	0.6605514855978191	False	False	False	False
sp|P49755|TMEDA_HUMAN	psvid_39246_sp|P49755|TMEDA_HUMAN	-0.06878724700718597	-0.2359353095694282	0.09836081555505627	0.06697380846570355	-1.027076831720135	0.3470430963552235	0.7094739526431786	0.06013085065774634	5.458296280339911	0.015269315043930153	0.12356906993228586	0.09304365164499143	-0.7393008097924197	0.4945811103158477	0.7986268748542786	False	False	False	False
sp|O15228|GNPAT_HUMAN	psvid_74809_sp|O15228|GNPAT_HUMAN	-0.396240625180289	-1.3609810344357465	0.5684997840751684	0.386557513130248	-1.0250496025070877	0.34791875757347807	0.7105937301241536	0.6725764634444775	0.6981203125901445	0.11831515476097385	0.34396970035305996	0.38760684501819404	-1.0222745812491771	0.355821263412795	0.7215079141157084	False	False	False	False
sp|Q15582|BGH3_HUMAN	psvid_38592_sp|Q15582|BGH3_HUMAN	-0.4999999999999999	-1.7187073614057273	0.7187073614057277	0.4883183935687925	-1.0239221102154976	0.34840655974600093	0.7109199764308701	0.8767653986516847	1.7267226489021295	0.13371402958719508	0.36566928991534836	0.5000525624476617	-0.9998948861547583	0.36549861354909113	0.7268533471449432	False	False	False	False
sp|Q14651|PLSI_HUMAN	psvid_56616_sp|Q14651|PLSI_HUMAN	0.29248125036057804	-0.42433802192835957	1.0093005226495158	0.2872191032960801	1.0183210204478408	0.3508381300671013	0.7113087160949656	0.44201359817084745	1.146240625180289	0.12925214064378515	0.35951653737176703	0.2629808985395698	1.112176785404699	0.3191138900851954	0.7023642335440156	False	False	False	False
sp|Q9UI10|EI2BD_HUMAN	psvid_46153_sp|Q9UI10|EI2BD_HUMAN	-0.38312377020675514	-1.3227670360140709	0.5565194956005606	0.3765014511420558	-1.0175890930688622	0.35115689883923185	0.7113087160949656	0.6440582889806351	2.0396412407980673	0.12907938203403752	0.35927619185528775	0.3720112644817786	-1.0298714226851613	0.35258573563155216	0.7215079141157084	False	False	False	False
sp|Q9P0Z9|SOX_HUMAN	psvid_63983_sp|Q9P0Z9|SOX_HUMAN	0.18424139854155164	-0.26766447202911675	0.6361472691122201	0.18107213901361632	1.0175027452881473	0.3511945205733733	0.7113087160949656	0.22698122387365505	3.041941104651256	0.08210289177579383	0.2865360217770077	0.15417988124243	1.1949769130503698	0.2882811691283583	0.6928245058196533	False	False	False	False
sp|Q99536|VAT1_HUMAN	psvid_75428_sp|Q99536|VAT1_HUMAN	-0.09848586691105554	-0.3402743572918737	0.14330262346976264	0.09688114714429563	-1.0165637981595101	0.35160383218347585	0.7113087160949656	0.12695244022299546	4.816366658358369	0.021894452724345752	0.14796774217492728	0.11225571514553083	-0.8773349916605694	0.42241656366181746	0.7702401332966801	False	False	False	False
sp|Q8TF72|SHRM3_HUMAN	psvid_27335_sp|Q8TF72|SHRM3_HUMAN	-0.25	-0.8637879389179878	0.3637879389179878	0.2459359398458158	-1.0165248729272025	0.3516208091045689	0.7113087160949656	0.3535533905932738	0.625	0.11622807587386165	0.3409223898101467	0.2166905253596604	-1.15371910970751	0.30329657025086587	0.6928245058196533	False	False	False	False
sp|Q92526|TCPW_HUMAN	psvid_71945_sp|Q92526|TCPW_HUMAN	0.29248125036057804	-0.4267714045192733	1.0117339052404293	0.28819412446634907	1.0148758268481963	0.3523406410787851	0.7113087160949656	0.44201359817084745	1.292481250360578	0.13169390102962222	0.36289654314917663	0.2629808985395698	1.112176785404699	0.3191138900851954	0.7023642335440156	False	False	False	False
sp|Q6P1M0|S27A4_HUMAN	psvid_46048_sp|Q6P1M0|S27A4_HUMAN	-0.34196609476355544	-1.1832967095056448	0.4993645199785338	0.33710899536802524	-1.014408097862318	0.35254502986729314	0.7113087160949656	0.6086876994482089	3.4853300080549405	0.058848663163052414	0.24258743405842853	0.35272102916705245	-0.9695086668665753	0.3789889505625594	0.7390498101910309	False	False	False	False
sp|Q14554|PDIA5_HUMAN	psvid_69506_sp|Q14554|PDIA5_HUMAN	-0.06737045594775082	-0.23329846880782842	0.09855755691232679	0.06648495221562895	-1.013318859420248	0.35302138095874425	0.7113087160949656	0.07395805095560104	5.832516263574281	0.012804788508043459	0.11315824542667431	0.09613581837316014	-0.7007841311158981	0.5162368348031976	0.8100544685145034	False	False	False	False
sp|O75106|AOC2_HUMAN	psvid_39587_sp|O75106|AOC2_HUMAN	-0.29248125036057804	-1.014051242001056	0.42908874127989993	0.2891226477526956	-1.0116165324093023	0.35376690025926955	0.7113087160949656	0.44201359817084745	1.646240625180289	0.1340269085109464	0.3660968567345893	0.2629808985395698	-1.112176785404699	0.3191138900851954	0.7023642335440156	False	False	False	False
sp|Q96L21|RL10L_HUMAN	psvid_62019_sp|Q96L21|RL10L_HUMAN	0.16951797627815968	-0.2496717529541297	0.588707705510449	0.16796325488929356	1.0092563185316386	0.35480265378850445	0.7113087160949656	0.2164198835562484	3.305801617916188	0.0676971184843339	0.2601866992840601	0.149311560517701	1.1353305510330072	0.31021057827215637	0.698416984168838	False	False	False	False
sp|Q13442|HAP28_HUMAN	psvid_30657_sp|Q13442|HAP28_HUMAN	0.43872187554086717	-0.6462581243262594	1.5237018754079936	0.43473577609169756	1.009169016373589	0.3548410125952197	0.7113087160949656	0.7665374121132368	1.9211996682848345	0.13149218742435265	0.3626185150048914	0.4392062873082068	0.9988970746063119	0.36593517069221915	0.7268533471449432	False	False	False	False
sp|O14874|BCKD_HUMAN	psvid_42370_sp|O14874|BCKD_HUMAN	-0.17997302020181594	-0.625146762231723	0.2652007218280912	0.17837467258448828	-1.0089606197683172	0.3549325914831314	0.7113087160949656	0.2752030803467539	3.703432773974947	0.04940223369558363	0.2222661325879038	0.1772338838617385	-1.0154549247604046	0.3587471011236689	0.7215079141157084	False	False	False	False
sp|P21912|SDHB_HUMAN	psvid_70441_sp|P21912|SDHB_HUMAN	0.10452270581409873	-0.15408957933577488	0.36313499096397234	0.10362219810986963	1.0086902972592253	0.3550514120255809	0.7113087160949656	0.1641649102142834	5.489101654358075	0.015035966330743762	0.12262123115816348	0.12656737774209792	0.8258265887998495	0.4483437852322194	0.777339918547936	False	False	False	False
sp|Q9UFG5|CS025_HUMAN	psvid_78413_sp|Q9UFG5|CS025_HUMAN	0.25	-0.3717482022448986	0.8717482022448986	0.24912550210110407	1.0035102704922638	0.35733454453905644	0.7113087160949656	0.3535533905932738	0.875	0.12310033208670612	0.35085656910866886	0.21669052535966044	1.1537191097075097	0.303296570250866	0.6928245058196533	False	False	False	False
sp|P78371|TCPB_HUMAN	psvid_70358_sp|P78371|TCPB_HUMAN	0.19008297366489435	-0.2831176320718153	0.663283579401604	0.18960463105974606	1.002522842414105	0.35777110853364835	0.7113087160949656	0.3292478274003817	4.395275714052452	0.0289670683658766	0.17019714558674773	0.20425146587156276	0.9306321149461037	0.39684347829245825	0.7523707939280464	False	False	False	False
sp|Q2M3C7|SPKAP_HUMAN	psvid_51144_sp|Q2M3C7|SPKAP_HUMAN	0.25	-0.37298346453707754	0.8729834645370775	0.24962045381572828	1.0015204931265445	0.3582147114146764	0.7113087160949656	0.3535533905932738	0.917481250360578	0.12417469591265032	0.35238430145602445	0.2166905253596604	1.15371910970751	0.30329657025086587	0.6928245058196533	False	False	False	False
sp|Q86YB8|ERO1B_HUMAN	psvid_56247_sp|Q86YB8|ERO1B_HUMAN	-0.36687622979324486	-1.2824089285275284	0.5486564689410386	0.36684069602234	-1.000096864310013	0.35884552256275626	0.7113087160949656	0.6227501094816817	2.0184006156177787	0.12957209606975212	0.3599612424550067	0.36038280234375697	-1.0180181390656207	0.35764503598872904	0.7215079141157084	False	False	False	False
sp|P23528|COF1_HUMAN	psvid_5656_sp|P23528|COF1_HUMAN	0.23954495607634319	-0.35993638044842013	0.8390262926011065	0.2402034914178121	0.9972584272710531	0.36010591914931367	0.7113087160949656	0.4078553954039495	3.5594323872943154	0.055472367177430364	0.23552572508630637	0.2449485013070855	0.9779400763756132	0.3752050183363143	0.7364757923322401	False	False	False	False
sp|Q99729|ROAA_HUMAN	psvid_56645_sp|Q99729|ROAA_HUMAN	-0.1740809024172152	-0.609750916974888	0.2615891121404576	0.17456666659459744	-0.9972173142395486	0.36012420149044455	0.7113087160949656	0.09572911906084403	2.2757623267494744	0.12184908352423242	0.34906888077316833	0.10201796958005326	-1.7063748978126283	0.15167222974292974	0.5972476435344202	False	False	False	False
sp|P35613|BASI_HUMAN	psvid_69182_sp|P35613|BASI_HUMAN	-0.10375937481971098	-0.36348281096799223	0.15596406132857027	0.10406742022613624	-0.9970399438579731	0.36020308400708584	0.7113087160949656	0.08613580324821832	4.018059226520421	0.03840854111042779	0.19598097129677614	0.09928345237328372	-1.0450822603307426	0.34618229646801224	0.7206311589300505	False	False	False	False
sp|Q5JTJ3|COA6_HUMAN	psvid_42157_sp|Q5JTJ3|COA6_HUMAN	-0.1880533419662861	-0.6587821931093216	0.28267550917674944	0.1886142347835744	-0.9970262434437576	0.3602091776185721	0.7113087160949656	0.2259065528480608	2.8207493198852727	0.09481016316631155	0.30791259013933087	0.15368108711888542	-1.2236596284669095	0.27824025412325976	0.6928245058196533	False	False	False	False
sp|A0A075B767|PAL4H_HUMAN	psvid_744_sp|A0A075B767|PAL4H_HUMAN	-0.25	-0.8758091362547297	0.37580913625472967	0.25075265955897175	-0.9969983985003568	0.36022156262983024	0.7113087160949656	0.3535533905932738	1.021240625180289	0.12664032915109022	0.3558656054623574	0.2166905253596604	-1.15371910970751	0.30329657025086587	0.6928245058196533	False	False	False	False
sp|A0A0B4J2A2|PAL4C_HUMAN	psvid_85826_sp|A0A0B4J2A2|PAL4C_HUMAN	-0.25	-0.8758091362547297	0.37580913625472967	0.25075265955897175	-0.9969983985003568	0.36022156262983024	0.7113087160949656	0.3535533905932738	1.021240625180289	0.12664032915109022	0.3558656054623574	0.2166905253596604	-1.15371910970751	0.30329657025086587	0.6928245058196533	False	False	False	False
sp|F5H284|PAL4D_HUMAN	psvid_85420_sp|F5H284|PAL4D_HUMAN	-0.25	-0.8758091362547297	0.37580913625472967	0.25075265955897175	-0.9969983985003568	0.36022156262983024	0.7113087160949656	0.3535533905932738	1.021240625180289	0.12664032915109022	0.3558656054623574	0.2166905253596604	-1.15371910970751	0.30329657025086587	0.6928245058196533	False	False	False	False
sp|P0DN26|PAL4F_HUMAN,sp|A0A075B759|PAL4E_HUMAN	psvid_790_sp|P0DN26|PAL4F_HUMAN	-0.25	-0.8758091362547297	0.37580913625472967	0.25075265955897175	-0.9969983985003568	0.36022156262983024	0.7113087160949656	0.3535533905932738	1.021240625180289	0.12664032915109022	0.3558656054623574	0.2166905253596604	-1.15371910970751	0.30329657025086587	0.6928245058196533	False	False	False	False
sp|P0DN37|PAL4G_HUMAN	psvid_89600_sp|P0DN37|PAL4G_HUMAN	-0.25	-0.8758091362547297	0.37580913625472967	0.25075265955897175	-0.9969983985003568	0.36022156262983024	0.7113087160949656	0.3535533905932738	1.021240625180289	0.12664032915109022	0.3558656054623574	0.2166905253596604	-1.15371910970751	0.30329657025086587	0.6928245058196533	False	False	False	False
sp|Q92506|DHB8_HUMAN	psvid_37101_sp|Q92506|DHB8_HUMAN	-0.25	-0.8758091362547297	0.37580913625472967	0.25075265955897175	-0.9969983985003568	0.36022156262983024	0.7113087160949656	0.3535533905932738	1.021240625180289	0.12664032915109022	0.3558656054623574	0.2166905253596604	-1.15371910970751	0.30329657025086587	0.6928245058196533	False	False	False	False
sp|Q9Y6K0|CEPT1_HUMAN	psvid_67341_sp|Q9Y6K0|CEPT1_HUMAN	-0.25	-0.8758091362547297	0.37580913625472967	0.25075265955897175	-0.9969983985003568	0.36022156262983024	0.7113087160949656	0.3535533905932738	1.021240625180289	0.12664032915109022	0.3558656054623574	0.2166905253596604	-1.15371910970751	0.30329657025086587	0.6928245058196533	False	False	False	False
sp|P14384|CBPM_HUMAN	psvid_29039_sp|P14384|CBPM_HUMAN	0.41951797627815945	-0.6310153872144587	1.4700513397707775	0.42093350766292065	0.9966371615492898	0.3603822665761836	0.7113087160949656	0.7364264643689741	1.4364816370412092	0.13331715797643126	0.36512622197868955	0.4226389193802196	0.9926155804424334	0.36869342271829725	0.728976867728604	False	False	False	False
sp|Q9Y6N5|SQOR_HUMAN	psvid_59234_sp|Q9Y6N5|SQOR_HUMAN	-0.09960824329919937	-0.3491084774020508	0.14989199080365206	0.09997113119232323	-0.9963700731521609	0.360501123782231	0.7113087160949656	0.1516666361785407	5.314578172051878	0.01644331427923206	0.12823148708188664	0.12154786071933077	-0.8194981195860558	0.45161165758241095	0.7781443995955688	False	False	False	False
sp|P04075|ALDOA_HUMAN	psvid_73757_sp|P04075|ALDOA_HUMAN	-0.24271341358512089	-0.8511227231787541	0.3656958960085124	0.24378080095485083	-0.9956215281697773	0.36083440310326437	0.7113087160949656	0.3548379133370725	2.532320754236242	0.11056454020912335	0.3325124662461896	0.21735196861039802	-1.1166837601557826	0.3173634373452163	0.7023642335440156	False	False	False	False
sp|P08910|ABHD2_HUMAN	psvid_33718_sp|P08910|ABHD2_HUMAN	-0.1311978869670345	-0.4605711641368517	0.1981753902027827	0.13197510303583684	-0.9941108887136743	0.3615077522467048	0.7113087160949656	0.22299476735838025	5.217807028212228	0.017320573870034696	0.1316076512594716	0.15233343423638063	-0.8612547050140718	0.4303825306923132	0.7719402583537077	False	False	False	False
sp|Q92896|GSLG1_HUMAN	psvid_41934_sp|Q92896|GSLG1_HUMAN	-0.2081114757551087	-0.7316098088453115	0.3153868573350941	0.20975820212957896	-0.9921494065178295	0.362383571876494	0.7113087160949656	0.35914704852907725	3.973242288862421	0.03978907904609059	0.19947200065696086	0.2195736485615813	-0.9477980491668246	0.38887709966021883	0.7457492698793754	False	False	False	False
sp|Q16864|VATF_HUMAN	psvid_103841_sp|Q16864|VATF_HUMAN	0.5	-0.7582487068804646	1.7582487068804646	0.5041620381657205	0.9917446418995307	0.36256451578938625	0.7113087160949656	0.9128709291752769	1.0	0.12615557207924855	0.3551838567266938	0.5200378170795223	0.9614685385919574	0.3826265140196654	0.740975563789647	False	False	False	False
sp|P01834|IGKC_HUMAN	psvid_159525_sp|P01834|IGKC_HUMAN	-0.1776233457012536	-0.62499756041438	0.2697508690118729	0.17925637012713894	-0.990890006169783	0.36294680704310367	0.7113087160949656	0.215365225638753	2.985990331746193	0.08529851895632182	0.2920591018207134	0.14882964924097128	-1.1934674751108376	0.2888185363858968	0.6928245058196533	False	False	False	False
sp|P07306|ASGR1_HUMAN	psvid_62919_sp|P07306|ASGR1_HUMAN	-0.06473785907068419	-0.22779213965864337	0.09831642151727499	0.06533348930409863	-0.9908832324775729	0.36294983831339245	0.7113087160949656	0.07432808477291795	5.968794074864612	0.01207965977264075	0.10990750553370206	0.09622581646974188	-0.6727701717245596	0.5323967974825288	0.8192783404244385	False	False	False	False
sp|Q9UDY2|ZO2_HUMAN	psvid_27279_sp|Q9UDY2|ZO2_HUMAN	0.2500000000000001	-0.38001219112818485	0.8800121911281851	0.2524367627890694	0.990347036770134	0.3631898540302259	0.7113087160949656	0.35355339059327373	1.2054820237218404	0.13032848588486545	0.36101036811269765	0.2166905253596604	1.1537191097075103	0.30329657025086554	0.6928245058196533	False	False	False	False
sp|P02746|C1QB_HUMAN	psvid_80597_sp|P02746|C1QB_HUMAN	-0.34807935569468995	-1.2260808239380392	0.5299221125486594	0.351802475394171	-0.9894170167639965	0.3636064593959812	0.7113087160949656	0.5865977189557267	1.674039677847345	0.13395745713434518	0.36600199061527683	0.3407073744167279	-1.02163728123168	0.3560938291152937	0.7215079141157084	False	False	False	False
sp|Q15185|TEBP_HUMAN	psvid_44918_sp|Q15185|TEBP_HUMAN	0.5	-0.7620178530479824	1.7620178530479824	0.5056722804600849	0.9887826944855984	0.3638908267451648	0.7113087160949656	0.9128709291752769	1.8304820237218404	0.13279309312599688	0.3644078664436278	0.5200378170795223	0.9614685385919574	0.3826265140196654	0.740975563789647	False	False	False	False
sp|P47914|RL29_HUMAN	psvid_25389_sp|P47914|RL29_HUMAN	-0.25	-0.881403480913669	0.38140348091366905	0.25299423246107716	-0.9881648192848119	0.36416799297218255	0.7113087160949656	0.3535533905932738	1.917481250360578	0.13155477330623747	0.36270480187921067	0.2166905253596604	-1.15371910970751	0.30329657025086587	0.6928245058196533	False	False	False	False
sp|P13667|PDIA4_HUMAN	psvid_28028_sp|P13667|PDIA4_HUMAN	0.051961714228703215	-0.07930489058350107	0.1832283190409075	0.05259662788709883	0.9879286242502373	0.36427399013582845	0.7113087160949656	0.07016376211622484	8.79793632772292	0.006250064320546891	0.07905734830201991	0.09523425574624804	0.5456199958884055	0.6099353804902649	0.8511308048441961	False	False	False	False
sp|P51149|RAB7A_HUMAN	psvid_80050_sp|P51149|RAB7A_HUMAN	0.1184827970831035	-0.18083720399253395	0.41780279815874094	0.11993319045818442	0.9879066556176823	0.36428385025341314	0.7113087160949656	0.19535402204525337	5.17652465349895	0.017718167912183103	0.13310960863958357	0.13984674405522657	0.8472331471393694	0.4374235811229556	0.7769646723716761	False	False	False	False
sp|P31946|1433B_HUMAN	psvid_54151_sp|P31946|1433B_HUMAN	-0.11459995994546923	-0.40418327539025595	0.17498335549931748	0.11603184150722942	-0.9876595808257428	0.36439475890712053	0.7113087160949656	0.11339198332939385	3.8621299304375176	0.04347339009222991	0.2085027340161992	0.1075781087089125	-1.0652721201444117	0.33783622222184295	0.7100786552422247	False	False	False	False
sp|Q13825|AUHM_HUMAN	psvid_24138_sp|Q13825|AUHM_HUMAN	-0.25	-0.8818913046550457	0.3818913046550457	0.25318969637085365	-0.9874019503298365	0.3645104348143369	0.7113087160949656	0.3535533905932738	1.313721875540867	0.1319853832859037	0.36329792634407326	0.2166905253596604	-1.15371910970751	0.30329657025086587	0.6928245058196533	False	False	False	False
sp|P21980|TGM2_HUMAN	psvid_36987_sp|P21980|TGM2_HUMAN	-0.08051819599749255	-0.2841052774826035	0.1230688854876184	0.08157439573311255	-0.9870523130925103	0.36466746893526547	0.7113087160949656	0.08589624053860002	4.941603656540298	0.02028375194462903	0.14242103757742053	0.09921794731881518	-0.8115285406859399	0.45575259916159844	0.7807240176942165	False	False	False	False
sp|Q16706|MA2A1_HUMAN	psvid_50834_sp|Q16706|MA2A1_HUMAN	-0.30559810533411236	-1.0786703429672224	0.4674741322989978	0.30975885200052916	-0.9865677876853388	0.3648851759361055	0.7113087160949656	0.5703277897168432	4.136498200711657	0.035041257639105095	0.18719310254148014	0.3318775152920985	-0.9208159373651553	0.4014579845775051	0.7571448673450423	False	False	False	False
sp|P01111|RASN_HUMAN	psvid_4666_sp|P01111|RASN_HUMAN	-0.2499999999999999	-0.8825083394422435	0.3825083394422437	0.2534369332757928	-0.9864387039751116	0.3649431934718078	0.7113087160949656	0.3535533905932738	1.8517226489021295	0.13253052632218235	0.36404742317750627	0.2166905253596604	-1.1537191097075095	0.30329657025086604	0.6928245058196533	False	False	False	False
sp|Q14444|CAPR1_HUMAN	psvid_78123_sp|Q14444|CAPR1_HUMAN	-0.18061650611777258	-0.6376585545560185	0.2764255423204733	0.1831301311164014	-0.9862741047401364	0.3650171844583306	0.7113087160949656	0.12216693622368349	2.067030901961016	0.12840525701033823	0.3583367927109052	0.11056766926910636	-1.6335381519002365	0.16629384117574328	0.6094123812523098	False	False	False	False
sp|O00519|FAAH1_HUMAN	psvid_43087_sp|O00519|FAAH1_HUMAN	-0.25	-0.8832112548305688	0.38321125483056884	0.25371858129410446	-0.9853436777269617	0.3654356587535552	0.7113087160949656	0.3535533905932738	1.417481250360578	0.1331521921692157	0.3649002496151732	0.2166905253596604	-1.15371910970751	0.30329657025086587	0.6928245058196533	False	False	False	False
sp|RASH_HUMAN|,sp|P01112|RASH_HUMAN	psvid_71725_sp|RASH_HUMAN|	-0.25	-0.8832112548305688	0.38321125483056884	0.25371858129410446	-0.9853436777269617	0.3654356587535552	0.7113087160949656	0.3535533905932738	1.417481250360578	0.1331521921692157	0.3649002496151732	0.2166905253596604	-1.15371910970751	0.30329657025086587	0.6928245058196533	False	False	False	False
sp|Q8WUD1|RAB2B_HUMAN	psvid_80324_sp|Q8WUD1|RAB2B_HUMAN	-0.11356437662419294	-0.40130562320671903	0.17417686995833315	0.11529375118616608	-0.9850002750003276	0.3655902069746226	0.7113087160949656	0.15482411050222092	4.3620279010825405	0.029660560183113298	0.17222241486842907	0.12279743773350438	-0.9248106370969313	0.39957491901245473	0.7556299490637827	False	False	False	False
sp|Q00610|CLH1_HUMAN	psvid_68932_sp|Q00610|CLH1_HUMAN	-0.05070839303281183	-0.17921159436686843	0.07779480830124477	0.05148937212581829	-0.9848322272973521	0.3656658558974581	0.7113087160949656	0.062212385382510414	7.9172183243751455	0.006986405983609623	0.0835847233865712	0.0934744286446288	-0.542484118577446	0.6119313531272624	0.8522205926907311	False	False	False	False
sp|P07305|H10_HUMAN	psvid_104041_sp|P07305|H10_HUMAN	-0.25	-0.8841431951148951	0.38414319511489514	0.2540919962721016	-0.9838956113056014	0.36608771656471173	0.7114906563190407	0.3535533905932738	1.667481250360578	0.13397747466449683	0.36602933579768826	0.2166905253596604	-1.15371910970751	0.30329657025086587	0.6928245058196533	False	False	False	False
sp|P53675|CLH2_HUMAN	psvid_27468_sp|P53675|CLH2_HUMAN	-0.07333402972525471	-0.2597467085969797	0.11307864914647023	0.07469286128090512	-0.9818077453139717	0.3670295179359285	0.7126818686085636	0.08752612259315927	5.45805868230803	0.01527113874748498	0.12357644900014314	0.09966635247437974	-0.7357952599309379	0.4965249247297221	0.7996129799620325	False	False	False	False
sp|Q3LXA3|TKFC_HUMAN	psvid_50975_sp|Q3LXA3|TKFC_HUMAN	-0.10096017220519671	-0.35811813249440244	0.15619778808400903	0.10303947119594556	-0.9798203643068515	0.3679277974275373	0.7136460445246383	0.16395391311486954	5.549854903590047	0.014593266190502103	0.12080259182030037	0.12648105727240058	-0.7982236580119672	0.4627293804005829	0.7829172339035895	False	False	False	False
sp|P35914|HMGCL_HUMAN	psvid_62663_sp|P35914|HMGCL_HUMAN	-0.34807935569468995	-1.2351942163418275	0.5390355049524475	0.35545407977395144	-0.9792526672251127	0.36818471517237916	0.7136460445246383	0.6038488698657888	2.2970029519297634	0.12104445239881825	0.34791443258194715	0.350087074888949	-0.9942650862077786	0.3679674390272223	0.7282058816182564	False	False	False	False
sp|Q6IS14|IF5AL_HUMAN	psvid_75228_sp|Q6IS14|IF5AL_HUMAN	0.14477467552642176	-0.22484042759332734	0.5143897786461709	0.14809942001664125	0.9775505907460954	0.36895587094940185	0.7141667737601456	0.25433845704250824	5.018862190163505	0.01937906074015318	0.13920869491577448	0.16711045938459282	0.8663411976699386	0.4278501724768068	0.7702401332966801	False	False	False	False
sp|A6NHG4|DDTL_HUMAN	psvid_99367_sp|A6NHG4|DDTL_HUMAN	0.21051191005594116	-0.32712272590598324	0.7481465460178656	0.2154224140051507	0.9772052320001756	0.369112499589923	0.7141667737601456	0.32537591240651953	3.124459854290678	0.07745862558349326	0.2783138975751898	0.2022843562382748	1.0406732085993589	0.3480281539851499	0.7215079141157084	False	False	False	False
sp|O00217|NDUS8_HUMAN	psvid_44242_sp|O00217|NDUS8_HUMAN	0.17762334570125393	-0.27776255468897104	0.6330092460914789	0.18246653657358283	0.9734571008839432	0.3708157937828753	0.7167217413962729	0.225120424511529	2.9859903317461924	0.08529851895632184	0.29205910182071343	0.15331669367539527	1.1585388482047567	0.3015071465633433	0.6928245058196533	False	False	False	False
sp|Q13813|SPTN1_HUMAN	psvid_26464_sp|Q13813|SPTN1_HUMAN	0.20302234393761331	-0.3181761560772153	0.7242208439524419	0.20883669231647034	0.9721583965233179	0.37140743855156366	0.7167217413962729	0.379026994378985	4.895807652488946	0.02085113744271854	0.14439922937023777	0.22987522038755417	0.8831849887749157	0.4195473877846053	0.7702401332966801	False	False	False	False
sp|O00767|SCD_HUMAN	psvid_48347_sp|O00767|SCD_HUMAN	-0.39624062518028913	-1.4135095413562277	0.6210282909956496	0.4076049252722323	-0.9721193258782309	0.37142524946378147	0.7167217413962729	0.7201669840767202	2.480441066826386	0.11310886775156523	0.3363166183101353	0.41370441986187445	-0.9577867824389789	0.384301781374657	0.7419853505132299	False	False	False	False
sp|P46459|NSF_HUMAN	psvid_33044_sp|P46459|NSF_HUMAN	0.13522747201528962	-0.21253974465537379	0.482994688685953	0.13934528826069206	0.9704488304068187	0.372187406950681	0.7175534794147025	0.1419030962431488	3.4435701705065824	0.06082464821913084	0.24662653591844255	0.11776905108430011	1.1482428598197045	0.30534118708753744	0.6943067706387132	False	False	False	False
sp|P50993|AT1A2_HUMAN	psvid_52603_sp|P50993|AT1A2_HUMAN	0.11168658975154533	-0.17577382695034627	0.3991470064534369	0.1151812267192429	0.9696596653184131	0.3725478945504303	0.71761003332514	0.150603450132229	4.297993119943058	0.031063809409354506	0.17624928201089077	0.12113004572804924	0.9220386988236962	0.40088082904784167	0.756714944727067	False	False	False	False
sp|Q9UDW1|QCR9_HUMAN	psvid_107074_sp|Q9UDW1|QCR9_HUMAN	0.2186172794790353	-0.3449404631431089	0.7821750221011795	0.22580942749297414	0.9681494785501699	0.37323851856487955	0.7182998409827518	0.29907405161022615	2.401789890100096	0.1167216480769253	0.34164550059517146	0.18904232903789148	1.1564461810836866	0.30228293378960497	0.6928245058196533	False	False	False	False
sp|Q9BYX7|ACTBM_HUMAN	psvid_39531_sp|Q9BYX7|ACTBM_HUMAN	-0.14340065963915194	-0.513338689423877	0.22653737014557307	0.14822881205551405	-0.9674277061968635	0.3735689528322848	0.7182998409827518	0.23321732232120398	4.272127419548692	0.03165711304045837	0.1779244588033314	0.15708880668403602	-0.9128636385123478	0.40522785118653276	0.7597532158340831	False	False	False	False
sp|Q07020|RL18_HUMAN	psvid_66690_sp|Q07020|RL18_HUMAN	0.12979560652058697	-0.20591959105016389	0.4655108040913378	0.13451621871331415	0.9649067433066348	0.37472490278342996	0.719121866874712	0.2222549013683015	4.9113997292629765	0.020655259105237	0.14371937623451125	0.151991904616262	0.8539639453054121	0.4340326068570365	0.7760302467485132	False	False	False	False
sp|P22626|ROA2_HUMAN	psvid_432_sp|P22626|ROA2_HUMAN	-0.09925953456921466	-0.3561347128830114	0.1576156437445821	0.10292616455291138	-0.9643761136964176	0.3749685774964722	0.719121866874712	0.15538921426496866	5.177518230441609	0.017708426810171388	0.13307301307993064	0.12302243719262336	-0.8068409050765126	0.4582016092581665	0.7812139160208079	False	False	False	False
sp|P68431|H31_HUMAN	psvid_20395_sp|P68431|H31_HUMAN	-0.20751874963942196	-0.7448509123685537	0.3298134130897098	0.21530121736040042	-0.9638531178950507	0.3752088699926466	0.719121866874712	0.24868173547901154	2.042481250360578	0.12901151179096906	0.3591817253020664	0.16440239070535137	-1.26226114321747	0.2652297141925498	0.6909244316037668	False	False	False	False
sp|Q9Y2T7|YBOX2_HUMAN	psvid_95827_sp|Q9Y2T7|YBOX2_HUMAN	-0.23172443357546613	-0.8321269948835225	0.36867812773259023	0.24057261284969916	-0.9632203384690299	0.37549976676589286	0.719121866874712	0.3638379313600713	2.7965640995801198	0.09619452812990711	0.3101524272513551	0.2219968728164965	-1.0438184585014874	0.34671053478404085	0.7210381275211292	False	False	False	False
sp|P13637|AT1A3_HUMAN	psvid_61721_sp|P13637|AT1A3_HUMAN	0.09787069282498706	-0.15580349809773048	0.3515448837477046	0.10164357525366993	0.9628812502977492	0.375655723720431	0.719121866874712	0.11442463932533867	4.366509178030503	0.029565727207819928	0.17194687321326876	0.10792253977739508	0.9068605411516323	0.4080924149046856	0.762358847498667	False	False	False	False
sp|O95563|MPC2_HUMAN	psvid_88302_sp|O95563|MPC2_HUMAN	-0.16208114042964605	-0.5828004962393609	0.25863821538006876	0.16857615411079901	-0.9614713378922857	0.37630473759036764	0.7197284786922565	0.2711920719387227	4.059520035840444	0.037184005116317705	0.1928315459573918	0.17527231539691482	-0.9247389701140392	0.3996086394218251	0.7556299490637827	False	False	False	False
sp|P36269|GGT5_HUMAN	psvid_58832_sp|P36269|GGT5_HUMAN	0.10603884111113548	-0.17044661269303746	0.3825242949153084	0.1107837179969608	0.9571699075313984	0.3782902860677299	0.7228402374598906	0.1695131783552849	4.997766491159663	0.019619782660353514	0.14007063453969756	0.12877249679332245	0.8234587645009782	0.4495643633996031	0.777339918547936	False	False	False	False
sp|Q04760|LGUL_HUMAN	psvid_67812_sp|Q04760|LGUL_HUMAN	-0.18424139854155142	-0.6649669371574807	0.29648414007437784	0.1926197627079664	-0.956503091642172	0.3785988322644097	0.7228402374598906	0.1528148402148035	1.5688433481729052	0.1340122985586186	0.36607690251997405	0.12200076256139493	-1.5101659585843563	0.19434260446846857	0.6323429788035607	False	False	False	False
sp|Q9H444|CHM4B_HUMAN	psvid_50788_sp|Q9H444|CHM4B_HUMAN	0.24256316415148704	-0.39352063387586844	0.8786469621788425	0.25486956776036646	0.9517148959092278	0.3808202655736081	0.7264414749102189	0.37665699708324263	2.4211996682848342	0.11585846272648169	0.3403798800259523	0.22864284948100536	1.0608823529888614	0.33963604056183866	0.7124794771515047	False	False	False	False
sp|Q9Y5U8|MPC1_HUMAN	psvid_41564_sp|Q9Y5U8|MPC1_HUMAN	-0.21861727947903553	-0.792670785961266	0.3554362270031949	0.23001492809938953	-0.9504482221456989	0.38140964707440234	0.726925862102225	0.3707164106630775	3.287870019156048	0.06862902189048624	0.26197141426210274	0.22555875184592544	-0.9692254354571376	0.37911660644085327	0.7390498101910309	False	False	False	False
sp|Q9BR76|COR1B_HUMAN	psvid_64760_sp|Q9BR76|COR1B_HUMAN	-0.4109640474436811	-1.491120705263757	0.6691926103763948	0.43280313277252386	-0.9495403714179649	0.38183251204829055	0.7269522753088125	0.7619379153174323	1.3517226489021295	0.13246334495876214	0.3639551414099849	0.43667387811334196	-0.9411234975154898	0.3919590525364784	0.7476894954635112	False	False	False	False
sp|Q13838|DX39B_HUMAN	psvid_14380_sp|Q13838|DX39B_HUMAN	0.2667785489646345	-0.4352170377309341	0.9687741356602031	0.2812794671168309	0.9484465812565929	0.3823424769391401	0.7269522753088125	0.4362948874016958	2.3119506538988475	0.12046348030954686	0.3470784930092138	0.25995042585897205	1.026267020271653	0.3541177506182863	0.7215079141157084	False	False	False	False
sp|Q13409|DC1I2_HUMAN	psvid_38518_sp|Q13409|DC1I2_HUMAN	-0.2924812503605779	-1.0622624892360795	0.4772999885149236	0.30844019645002957	-0.9482591884160042	0.3824299002547514	0.7269522753088125	0.48792378182448526	1.6229632740824185	0.13405433992951937	0.36613431951883363	0.287452790591957	-1.017493167341551	0.35787051737044917	0.7215079141157084	False	False	False	False
sp|P14927|QCR7_HUMAN	psvid_93676_sp|P14927|QCR7_HUMAN	-0.09235701879034686	-0.33613669978794747	0.15142266220725373	0.09767898839320291	-0.9455157174495638	0.38371160297792645	0.7287493809405492	0.11211046599791404	4.510038595108736	0.02674303993919378	0.1635329934269956	0.10715349932185028	-0.8619132307843708	0.43005402148471966	0.7719402583537077	False	False	False	False
sp|P00966|ASSY_HUMAN	psvid_69598_sp|P00966|ASSY_HUMAN	0.08446074837058282	-0.1395374784375104	0.30845897517867604	0.0897528461229758	0.9410369923518419	0.38581125878481975	0.7307826535046071	0.12875075019728094	5.420574207305494	0.015563543416357005	0.12475393146653538	0.11290007341004041	0.7481018020584526	0.489725069288547	0.798445284621052	False	False	False	False
sp|Q8NI22|MCFD2_HUMAN	psvid_66567_sp|Q8NI22|MCFD2_HUMAN	-0.118604011589444	-0.43317324494488113	0.19596522176599313	0.12604333703302742	-0.9409780348672134	0.38583895861569434	0.7307826535046071	0.20069677142178968	4.825487696982286	0.021770692017983935	0.1475489478714909	0.14221366297825724	-0.8339846475058948	0.44415775532358964	0.777339918547936	False	False	False	False
sp|Q16629|SRSF7_HUMAN	psvid_64230_sp|Q16629|SRSF7_HUMAN	0.2813827205209646	-0.46528264080421544	1.0280480818461446	0.2991779990195605	0.9405194280431282	0.3860544779876464	0.7307826535046071	0.49716980439029	2.7498692457947858	0.09884849898126057	0.31440181135174866	0.292408639284269	0.9622927735983018	0.3822522937610969	0.740975563789647	False	False	False	False
sp|O76054|S14L2_HUMAN	psvid_50152_sp|O76054|S14L2_HUMAN	0.11119621066822394	-0.18392053954102372	0.4063129608774716	0.11824900869655577	0.9403563877103583	0.38613112056427096	0.7307826535046071	0.09079132582272406	3.6600612340555863	0.051161426560300045	0.22618891785474382	0.10058371544630064	1.1055090794253775	0.321719043079197	0.7034966360773158	False	False	False	False
sp|Q12907|LMAN2_HUMAN	psvid_59741_sp|Q12907|LMAN2_HUMAN	-0.05762419102777372	-0.2107834547466488	0.09553507269110137	0.06136869931852422	-0.9389834177303442	0.3867770057212062	0.7313457428959684	0.06858864779764431	6.2383064015890035	0.010858052039487358	0.10420197713809157	0.0948715394415405	-0.6073917569692387	0.571424661485543	0.8344186263067196	False	False	False	False
sp|P62701|RS4X_HUMAN	psvid_81301_sp|P62701|RS4X_HUMAN	-0.09169558266790556	-0.3355933217748441	0.15220215643903295	0.0977262925682045	-0.938289791397847	0.3871036304114794	0.7313457428959684	0.15411659235924807	5.693730204131283	0.01363072872993797	0.11675071190334545	0.12251631197485768	-0.7484357077833275	0.48954151203932317	0.798445284621052	False	False	False	False
sp|P28838|AMPL_HUMAN	psvid_55206_sp|P28838|AMPL_HUMAN	-0.08138483710993483	-0.29954194729627304	0.13677227307640338	0.08741239526847915	-0.931044583093379	0.3905283102562523	0.7368668689230592	0.08391848277765755	4.611717700054235	0.024972391859273267	0.1580265542852633	0.09868250650860992	-0.8247139233622335	0.44891703338429767	0.777339918547936	False	False	False	False
sp|P20338|RAB4A_HUMAN	psvid_87782_sp|P20338|RAB4A_HUMAN	-0.15273942731352508	-0.5629366767269959	0.2574578220999458	0.16436009843156923	-0.9292974923418996	0.3913576684544749	0.7368668689230592	0.1967672603102156	3.2235483725523286	0.07203592689546745	0.2683950947678952	0.14047047292963794	-1.0873418742601706	0.32891152972148835	0.7061167743420511	False	False	False	False
sp|O60613|SEP15_HUMAN	psvid_165868_sp|O60613|SEP15_HUMAN	-0.13250942846763325	-0.4884482636401235	0.223429406704857	0.14261953747427392	-0.929111332250223	0.3914461212962809	0.7368668689230592	0.17242519940918472	3.6031751961764353	0.05355923057311329	0.2314286727549404	0.12998660262915995	-1.0194083527644051	0.35704850146767897	0.7215079141157084	False	False	False	False
sp|P61513|RL37A_HUMAN	psvid_82606_sp|P61513|RL37A_HUMAN	0.23436972886048557	-0.39524788922634124	0.8639873469473124	0.2522786630845765	0.929011300420254	0.39149365726979174	0.7368668689230592	0.4297439216528203	3.465264220124933	0.05979164921180376	0.24452331016040937	0.25648435835486805	0.9137778629611986	0.4047930155587413	0.7597532158340831	False	False	False	False
sp|Q9Y5U9|IR3IP_HUMAN	psvid_89719_sp|Q9Y5U9|IR3IP_HUMAN	0.20912531692928005	-0.3534641143455224	0.7717147482040825	0.22542143915665772	0.9277081971956864	0.3921133152331651	0.7368668689230592	0.2947543558081759	2.348882639339619	0.11897658423639233	0.3449298250896729	0.1868894735088689	1.1189785759622033	0.3164753985354051	0.7023642335440156	False	False	False	False
sp|O95479|G6PE_HUMAN	psvid_55911_sp|O95479|G6PE_HUMAN	0.06104216950169028	-0.10335501356584834	0.2254393525692289	0.06587157088324934	0.9266845876483091	0.3926006040794544	0.7368668689230592	0.09562812662893266	7.176760334067303	0.008129345890327272	0.09016288532609897	0.10198808132830887	0.5985225793707208	0.5768580703955728	0.8365301089158114	False	False	False	False
sp|Q96KA5|CLP1L_HUMAN	psvid_64635_sp|Q96KA5|CLP1L_HUMAN	-0.22327119902087245	-0.8247744520636429	0.37823205402189797	0.2410136440904476	-0.9263840637050541	0.3927437581103729	0.7368668689230592	0.3940860035727727	3.258814258406002	0.07015591628035965	0.264869621286322	0.2377306374965625	-0.9391772191083316	0.3928614704549158	0.7487518086858421	False	False	False	False
sp|Q15436|SC23A_HUMAN	psvid_53264_sp|Q15436|SC23A_HUMAN	-0.08821489245577263	-0.325871386890935	0.14944160197938972	0.09522551619767687	-0.9263787268178099	0.3927463006950316	0.7368668689230592	0.15213103510374934	5.936218955746956	0.012245817760429024	0.11066082306050784	0.12173083135388202	-0.7246717324990933	0.502728974169782	0.8021873438355909	False	False	False	False
sp|P62195|PRS8_HUMAN	psvid_4553_sp|P62195|PRS8_HUMAN	0.1842413985415513	-0.3149602620250628	0.6834430591081654	0.2000228772505197	0.9211016313438847	0.39526668877835835	0.740842709299069	0.2605566845680488	2.8299418780125185	0.09428267063251596	0.30705483326682215	0.1701060768891713	1.0830970998266545	0.3306120490101519	0.7061167743420511	False	False	False	False
sp|P62854|RS26_HUMAN	psvid_5377_sp|P62854|RS26_HUMAN	0.11149233970768369	-0.19080656739912533	0.4137912468144927	0.12112679497211483	0.9204597523888159	0.3955741133486557	0.740842709299069	0.14188297151578458	3.960944313242885	0.04017838161131531	0.2004454579463334	0.11776140068979549	0.9467647213315199	0.38935294034341794	0.7460016107198821	False	False	False	False
sp|Q3ZCQ8|TIM50_HUMAN	psvid_87892_sp|Q3ZCQ8|TIM50_HUMAN	-0.1557325877300445	-0.5782875154157022	0.2668223399556132	0.16931164118351727	-0.9197984653709995	0.39589102785801655	0.740842709299069	0.1620369649472167	2.836909697003393	0.0938824375307935	0.3064024111047325	0.12569922334192782	-1.2389303894616734	0.27302504986522996	0.6928245058196533	False	False	False	False
sp|Q9H4M9|EHD1_HUMAN	psvid_71606_sp|Q9H4M9|EHD1_HUMAN	-0.34445446327091156	-1.2799026554664072	0.590993728924584	0.3748205458879315	-0.9189850104265651	0.396281138019973	0.7409328956766881	0.6774276204716659	3.229431904259426	0.0717203100444458	0.2678064787200747	0.3902631821751267	-0.8826209568401999	0.41982335182098157	0.7702401332966801	False	False	False	False
sp|Q9Y6C9|MTCH2_HUMAN	psvid_72512_sp|Q9Y6C9|MTCH2_HUMAN	-0.07774863812146893	-0.2892944495635983	0.13379717332066043	0.0847633435892872	-0.9172436436461572	0.39711725327080377	0.7412920398336813	0.1055417606948037	5.131462096260174	0.018169145589708714	0.13479297307244437	0.1050275835628672	-0.7402687511603111	0.4940453522918769	0.7986268748542786	False	False	False	False
sp|P07814|SYEP_HUMAN	psvid_26022_sp|P07814|SYEP_HUMAN	0.20183873051440115	-0.3473930897888545	0.7510705508176568	0.2200692378504977	0.9171601287205743	0.3971573872851426	0.7412920398336813	0.3570122688150731	3.4424999188186547	0.060875969635223466	0.24673056080514927	0.21847248283776718	0.9238633986884386	0.4000207942498605	0.7557498353438951	False	False	False	False
sp|O75844|FACE1_HUMAN	psvid_83741_sp|O75844|FACE1_HUMAN	-0.10264789856191281	-0.3831139811621653	0.17781818403833966	0.11237869831844924	-0.9134106382958618	0.39896249262513944	0.7429447884951046	0.1567811037544731	4.548361973703592	0.02605490440658894	0.16141531651794677	0.12357835644202683	-0.8306300675722862	0.4458754166336922	0.777339918547936	False	False	False	False
sp|ANT3_HUMAN|,sp|P01008|ANT3_HUMAN	psvid_26970_sp|ANT3_HUMAN|	0.06648399067625754	-0.11526964121685762	0.2482376225693727	0.07282604861676233	0.912914979448095	0.3992015915111037	0.7429447884951046	0.09149900791294939	5.758076154796136	0.013236086890407835	0.11504819377290473	0.10078583943257378	0.6596560692510346	0.5400788667261471	0.8192783404244385	False	False	False	False
sp|Q9H0U4|RAB1B_HUMAN	psvid_18407_sp|Q9H0U4|RAB1B_HUMAN	-0.08878609195732601	-0.33160096260578015	0.15402877869112813	0.09729240285617102	-0.9125696287774901	0.39936824947348587	0.7429447884951046	0.1202377213976708	4.659802873865978	0.024194105822067956	0.15554454610197027	0.10989841742323832	-0.8078923613194083	0.45765142636928013	0.7812139160208079	False	False	False	False
sp|P01876|IGHA1_HUMAN	psvid_159720_sp|P01876|IGHA1_HUMAN	-0.3962406251802888	-1.4808702704999253	0.6883890201393477	0.4345953940974405	-0.9117460298979786	0.3997659161488449	0.7429447884951046	0.7685733096279291	2.1090843600338256	0.12728534805847502	0.3567707219748771	0.4403274095132904	-0.8998772654608708	0.4114450057501273	0.7653701094815522	False	False	False	False
sp|Q9BXJ8|TACAN_HUMAN	psvid_69822_sp|Q9BXJ8|TACAN_HUMAN	0.16237568822896697	-0.28220956025710725	0.6069609367150413	0.1781388717425055	0.9115118258056347	0.39987905530070506	0.7429447884951046	0.21278123781640151	2.993614160482336	0.08486144947258246	0.2913098856417037	0.147652329725931	1.0997163981791898	0.3239973732864649	0.7061167743420511	False	False	False	False
sp|Q9BRK5|CAB45_HUMAN	psvid_55837_sp|Q9BRK5|CAB45_HUMAN	-0.15733915501990192	-0.5888098311208331	0.27413152108102923	0.17288405247886549	-0.9100848387339608	0.40056893905573915	0.7429447884951046	0.2760241221741195	3.9516328515923695	0.04047617119153181	0.20118690611352372	0.17763626376027572	-0.8857378087631632	0.4183001558206339	0.7702401332966801	False	False	False	False
sp|P62937|PPIA_HUMAN	psvid_85825_sp|P62937|PPIA_HUMAN	-0.07650819318142577	-0.2867165541406378	0.13370016777778623	0.08422744654625737	-0.9083522808614146	0.4014077900043821	0.7429447884951046	0.10615925869416604	5.186448645937357	0.01762125700396995	0.13274508278640662	0.10522375219352725	-0.7271000281449012	0.5013699358054331	0.8021873438355909	False	False	False	False
sp|O75822|EIF3J_HUMAN	psvid_47353_sp|O75822|EIF3J_HUMAN	-0.28533896231138556	-1.0700309449208358	0.4993530202980647	0.3144147155656598	-0.907524197135734	0.4018092019770434	0.7429447884951046	0.5461738437394621	3.0896451210035507	0.07940606446374837	0.28179081685489393	0.318801037475097	-0.8950377469636518	0.41378122545051965	0.7670350004715792	False	False	False	False
sp|O60762|DPM1_HUMAN	psvid_34961_sp|O60762|DPM1_HUMAN	-0.10375937481971098	-0.38917962783326493	0.18166087819384297	0.11436376266966393	-0.9072749304289386	0.40193009425405996	0.7429447884951046	0.1611738553249407	4.53056939714532	0.026371166269676484	0.16239201418073637	0.12534862879273517	-0.8277663331385765	0.44734575648274616	0.777339918547936	False	False	False	False
sp|P49419|AL7A1_HUMAN	psvid_42048_sp|P49419|AL7A1_HUMAN	-0.2697378353487059	-1.0120389645061478	0.4725632938087361	0.2974293143813936	-0.9068972771218545	0.40211330650414456	0.7429447884951046	0.5256429845207286	3.4596709222711723	0.06005664943818724	0.24506458217822347	0.3077194432369025	-0.8765706596610605	0.42279257202929776	0.7702401332966801	False	False	False	False
sp|P12236|ADT3_HUMAN	psvid_82711_sp|P12236|ADT3_HUMAN	0.15085911649295114	-0.26465162247273744	0.5663698554586397	0.16648913675902355	0.9061198792285451	0.40249065129440104	0.7429447884951046	0.2979264420903482	5.33750155003054	0.016246150996840958	0.1274603899132627	0.18846973368469097	0.8004421375441522	0.46156053178798706	0.7829172339035895	False	False	False	False
sp|Q8N3C0|ASCC3_HUMAN	psvid_39422_sp|Q8N3C0|ASCC3_HUMAN	-0.2564988021332366	-0.9638311037904606	0.4508334995239873	0.2834178115295569	-0.9050200506064067	0.403024969204356	0.7429447884951046	0.4643693183846302	2.800311978349913	0.09598036577691349	0.3098069814851071	0.27486730226012357	-0.9331732076683907	0.39565593406785327	0.751434188540787	False	False	False	False
sp|P08574|CY1_HUMAN	psvid_76571_sp|P08574|CY1_HUMAN	-0.12503571786903622	-0.46986748904879466	0.21979605331072222	0.13816909775596412	-0.9049470532830415	0.40306045207365154	0.7429447884951046	0.22650463482780653	4.7555433331423025	0.02274747659850122	0.1508226660634973	0.15395858618882094	-0.8121386469195517	0.45543458189390307	0.7807240176942165	False	False	False	False
sp|Q08477|CP4F3_HUMAN	psvid_45213_sp|Q08477|CP4F3_HUMAN	0.05597284658583801	-0.09861167276689936	0.21055736593857538	0.06193977861417213	0.9036655899998832	0.40368374417679515	0.7429447884951046	0.08096852531353194	6.805302862239268	0.008986978037639884	0.09479967319373989	0.09790184445695958	0.5717241273267866	0.5934721488260064	0.844137171628775	False	False	False	False
sp|O96008|TOM40_HUMAN	psvid_94523_sp|O96008|TOM40_HUMAN	0.21861727947903498	-0.3851989190652748	0.8224334780233448	0.24194040786286064	0.9035996980006501	0.4037158135307716	0.7429447884951046	0.3762287192679409	2.934110644336337	0.0882820285603588	0.29712291826844794	0.22842026838394333	0.9570835417790908	0.38462245170987364	0.7419853505132299	False	False	False	False
sp|P61421|VA0D1_HUMAN	psvid_55555_sp|P61421|VA0D1_HUMAN	-0.16951797627815934	-0.6378198908557483	0.2987839382994296	0.18764179644237552	-0.9034126697364999	0.40380685008797096	0.7429447884951046	0.2525373138979035	3.1105809402420848	0.07823266245310326	0.2797010233322418	0.16624638684612725	-1.019679161118011	0.3569323964667221	0.7215079141157084	False	False	False	False
sp|P13747|HLAE_HUMAN	psvid_65666_sp|P13747|HLAE_HUMAN	0.3426608449800974	-0.604095525974314	1.2894172159345088	0.37935156938103093	0.9032804201632804	0.4038712325091063	0.7429447884951046	0.6807162885207031	3.0553922264120805	0.08133949546825742	0.28520079850564484	0.3920644859505919	0.8739910327488312	0.4240635421138409	0.7702401332966801	False	False	False	False
sp|O95399|UTS2_HUMAN	psvid_89590_sp|O95399|UTS2_HUMAN	0.16951797627815945	-0.29980752380499887	0.6388434763613178	0.1880519323335573	0.9014423525171589	0.4047668695035744	0.7439608195201406	0.14519977464066697	2.0382042859433387	0.12911354330230246	0.3593237305025963	0.119030134265337	1.4241601702328341	0.21659059631729902	0.6587797905400207	False	False	False	False
sp|Q5BJD5|TM41B_HUMAN	psvid_35221_sp|Q5BJD5|TM41B_HUMAN	0.18711530825100908	-0.3314002071996991	0.7056308237017173	0.20776165924962323	0.9006248261917864	0.4051657175943384	0.7440628051075688	0.2664683154658887	2.6507623267494744	0.10435292485509313	0.3230370332563948	0.17297128574309392	1.0817709277418601	0.33114489188951607	0.7061167743420511	False	False	False	False
sp|O43678|NDUA2_HUMAN	psvid_69235_sp|O43678|NDUA2_HUMAN	-0.14923378559680822	-0.5646887005000769	0.2662211293064605	0.16646676886551062	-0.8964779373916664	0.4071935273311752	0.7464713897733878	0.18935240175573126	3.1069376470346457	0.07843637063591953	0.28006494003341353	0.137217522063462	-1.0875709118824402	0.3288199898528961	0.7061167743420511	False	False	False	False
sp|Q16795|NDUA9_HUMAN	psvid_68578_sp|Q16795|NDUA9_HUMAN	-0.11598677493994769	-0.43952887296657966	0.20755532308668428	0.12963863398511444	-0.8946929736490875	0.40806876337113634	0.7464713897733878	0.19726502008021576	4.475933934056126	0.02737767496722434	0.16546200460294302	0.1406905659527995	-0.8244104652963034	0.44907347249296103	0.777339918547936	False	False	False	False
sp|P22087|FBRL_HUMAN	psvid_35253_sp|P22087|FBRL_HUMAN	0.1944018946658881	-0.34800368626861744	0.7368074756003936	0.21733406257526244	0.894484244035916	0.4081712057115412	0.7464713897733878	0.2622744286451137	2.195280303027634	0.12467084649464333	0.35308759040023385	0.17093692294814633	1.1372726928333667	0.309473811838033	0.698416984168838	False	False	False	False
sp|P35542|SAA4_HUMAN	psvid_98194_sp|P35542|SAA4_HUMAN	-0.1609640474436811	-0.61209624834511	0.2901681534577478	0.18076214077942157	-0.8904743368806443	0.410143057586482	0.7464713897733878	0.2506146938530505	3.2934192840758554	0.06833976295741528	0.2614187502024583	0.1653258857925667	-0.9736167247616723	0.377141379295788	0.7376041235866179	False	False	False	False
sp|Q9Y315|DEOC_HUMAN	psvid_65846_sp|Q9Y315|DEOC_HUMAN	-0.22113069564501564	-0.8415092506640438	0.3992478593740125	0.24857670428936232	-0.8895873661097484	0.4105802047715961	0.7464713897733878	0.40546953508880607	3.1586385514401996	0.07556665873928682	0.2748939045146087	0.24369557282514395	-0.9074054693791297	0.40783171985694966	0.762358847498667	False	False	False	False
sp|P35609|ACTN2_HUMAN	psvid_73356_sp|P35609|ACTN2_HUMAN	-0.2215162368471173	-0.8432946273827497	0.40026215368851514	0.2491375981120929	-0.8891321042095457	0.41080472088659853	0.7464713897733878	0.4361142664664466	3.7798024876317093	0.04644985283217507	0.21552227920142056	0.25985478191104816	-0.8524616526893292	0.4347876935514154	0.7762323342415343	False	False	False	False
sp|Q9BWH2|FUND2_HUMAN	psvid_48363_sp|Q9BWH2|FUND2_HUMAN	0.16951797627815945	-0.306422703506035	0.6454586560623539	0.19070253905595605	0.8889130533727156	0.4109127810515957	0.7464713897733878	0.145199774640667	1.4577222622214983	0.1334828468810592	0.365353044165584	0.11903013426533701	1.4241601702328341	0.21659059631729902	0.6587797905400207	False	False	False	False
sp|Q9HBH5|RDH14_HUMAN	psvid_64848_sp|Q9HBH5|RDH14_HUMAN	-0.14890243623016608	-0.5674399072879175	0.2696350348275854	0.16770190448306063	-0.8878994945773352	0.41141306366992314	0.7464713897733878	0.24438869239385405	3.6361363677383687	0.05215740518435239	0.2283799579305338	0.16235851760063452	-0.9171211860681842	0.4032060024166998	0.7578034754874141	False	False	False	False
sp|Q9Y696|CLIC4_HUMAN	psvid_66353_sp|Q9Y696|CLIC4_HUMAN	-0.20183873051440104	-0.7702164615552041	0.366539000526402	0.22774072706180976	-0.8862654173384684	0.4122206082383962	0.7464713897733878	0.28544307010563436	1.1814013889790411	0.12990456088402538	0.3604227530054469	0.18227227468577134	-1.107347405755271	0.3209989369936125	0.7026310065304636	False	False	False	False
sp|P56537|IF6_HUMAN	psvid_40056_sp|P56537|IF6_HUMAN	0.22055315547321575	-0.4005858198538209	0.8416921308002524	0.2488813936963546	0.88617775799785	0.4122639627996633	0.7464713897733878	0.3767693543234962	2.68220467262397	0.10263027074469254	0.32035959599283514	0.22870124891123014	0.9643723264441942	0.3813094680754432	0.740975563789647	False	False	False	False
sp|O75165|DJC13_HUMAN	psvid_25390_sp|O75165|DJC13_HUMAN	-0.06890861065335652	-0.26297765721496735	0.12516043590825432	0.07776065695466276	-0.8861629177532887	0.41227130283324503	0.7464713897733878	0.06725413684363617	4.884348891180929	0.020996905460195874	0.14490308989181658	0.09456961783031631	-0.7286548495627566	0.5005011237115126	0.8021873438355909	False	False	False	False
sp|P15153|RAC2_HUMAN	psvid_79268_sp|P15153|RAC2_HUMAN	-0.26016049612433645	-0.9935021934105063	0.4731812011618334	0.29383939975773676	-0.885383295564966	0.4126570468620209	0.7464713897733878	0.4848989737398853	2.74288302602025	0.09924290069458704	0.31502841251954883	0.2858333316675941	-0.9101824990336903	0.4065052467964617	0.7613628952531828	False	False	False	False
sp|P53990|IST1_HUMAN	psvid_74386_sp|P53990|IST1_HUMAN	-0.1988823716652035	-0.7599171450022137	0.36215240167180673	0.22479851023149233	-0.8847139220824863	0.4129884614465462	0.7464713897733878	0.3046486017086601	2.5280025652491322	0.11078095169991767	0.33283772577626725	0.191830230568909	-1.0367624074442283	0.3496724204494647	0.7215079141157084	False	False	False	False
sp|B5MD39|GGTL3_HUMAN	psvid_87713_sp|B5MD39|GGTL3_HUMAN	0.25	-0.45540912106274645	0.9554091210627464	0.2826472209118432	0.8844948101505454	0.413096990421957	0.7464713897733878	0.4271050322842678	1.417481250360578	0.1331521921692157	0.3649002496151732	0.25508983224966403	0.9800469026743392	0.37426438794225575	0.7352954929019657	False	False	False	False
sp|Q14390|GGTL2_HUMAN	psvid_87714_sp|Q14390|GGTL2_HUMAN	0.25	-0.45540912106274645	0.9554091210627464	0.2826472209118432	0.8844948101505454	0.413096990421957	0.7464713897733878	0.4271050322842678	1.417481250360578	0.1331521921692157	0.3649002496151732	0.25508983224966403	0.9800469026743392	0.37426438794225575	0.7352954929019657	False	False	False	False
sp|P30039|PBLD_HUMAN	psvid_80880_sp|P30039|PBLD_HUMAN	-0.21861727947903542	-0.8354782452567889	0.3982436862987181	0.24716725721295116	-0.8844912628968569	0.41309874760158966	0.7464713897733878	0.4051608859292044	3.208994562724066	0.07281992722250842	0.2698516763381477	0.2435335543376634	-0.8976885344346384	0.4125002887296557	0.7653701094815522	False	False	False	False
sp|Q9UJZ1|STML2_HUMAN	psvid_24488_sp|Q9UJZ1|STML2_HUMAN	-0.09025697864407567	-0.3449520827703872	0.16443812548223585	0.1020526403921435	-0.8844159082730022	0.41313607687124754	0.7464713897733878	0.12279126934024236	4.46455839973229	0.027594168505108905	0.16611492559402632	0.11078565704044983	-0.8146991321369447	0.45410175750566983	0.780322893628257	False	False	False	False
sp|Q96FJ2|DYL2_HUMAN	psvid_21668_sp|Q96FJ2|DYL2_HUMAN	0.29816126948559896	-0.5442252778784064	1.1405478168496042	0.3375320922803604	0.8833568016339634	0.41366101074184514	0.7464713897733878	0.5567226428642412	1.9314013889790411	0.13131638306883348	0.3623760244122581	0.32450699613380607	0.9188130704049788	0.4024048006376467	0.7578034754874141	False	False	False	False
sp|P26927|HGFL_HUMAN	psvid_26034_sp|P26927|HGFL_HUMAN	-0.0869808258550766	-0.33285090777291293	0.15888925606275972	0.09851658177419867	-0.8829054387457111	0.4138848780002081	0.7464713897733878	0.12748416772040755	4.729626614712235	0.02312612779374711	0.1520727713752436	0.11244567978526895	-0.7735363957172822	0.4758854186508302	0.7860193606473312	False	False	False	False
sp|A4FU28|CTGE9_HUMAN	psvid_29634_sp|A4FU28|CTGE9_HUMAN	-0.20344529780425913	-0.7795128389227132	0.3726222433141949	0.23082192261611928	-0.8813950403775541	0.41463467787540115	0.7464713897733878	0.30445379857994403	2.2479632740824185	0.1228646437839268	0.3505205326138924	0.19173262839033048	-1.0610885560390062	0.3395513127621596	0.7124794771515047	False	False	False	False
sp|Q9UBS4|DJB11_HUMAN	psvid_58443_sp|Q9UBS4|DJB11_HUMAN	-0.06832568532190542	-0.2621542518226942	0.12550288117888336	0.07766430007629739	-0.879756661101462	0.41544917994064473	0.7464713897733878	0.09462150119291024	5.400819383715707	0.015721466928818928	0.12538527397114435	0.1016914245996637	-0.6718923015474343	0.5329087198233204	0.8192783404244385	False	False	False	False
sp|P00736|C1R_HUMAN	psvid_68503_sp|P00736|C1R_HUMAN	-0.08063238240501613	-0.3094039782099953	0.14813921339996305	0.09166546596452808	-0.8796375118653579	0.41550846112456447	0.7464713897733878	0.11215851848190075	4.8251815464438845	0.021774828939836097	0.14756296601734495	0.10716936382140413	-0.7523827662109537	0.4873754687547146	0.798445284621052	False	False	False	False
sp|O75340|PDCD6_HUMAN	psvid_41785_sp|O75340|PDCD6_HUMAN	-0.20183873051440093	-0.7748244001080022	0.3711469390792004	0.22958706131974901	-0.8791380897257856	0.4157570122692557	0.7464713897733878	0.2854430701056342	1.7471599904374895	0.1335794739997704	0.36548525825232736	0.18227227468577126	-1.1073474057552708	0.3209989369936128	0.7026310065304636	False	False	False	False
sp|P14649|MYL6B_HUMAN	psvid_65574_sp|P14649|MYL6B_HUMAN	-0.2119992266387375	-0.8140381753587704	0.39003972208129545	0.24122828959177686	-0.8788323583336648	0.41590922369121947	0.7464713897733878	0.3183879353859618	1.5827222622214983	0.1340369864574531	0.3661106205198821	0.19874510334881298	-1.0666890558136797	0.337257026599327	0.7100786552422247	False	False	False	False
sp|Q9Y3L5|RAP2C_HUMAN	psvid_12792_sp|Q9Y3L5|RAP2C_HUMAN	-0.33048202372184043	-1.2690662926164302	0.6081022451727492	0.37607712641276214	-0.8787612979129208	0.41594460789943044	0.7464713897733878	0.6482092617623421	2.2882042859433387	0.12138075378668077	0.34839740783576556	0.3742790622964559	-0.8829829317571468	0.41964623184214306	0.7702401332966801	False	False	False	False
sp|Q9NWS8|RMND1_HUMAN	psvid_65450_sp|Q9NWS8|RMND1_HUMAN	-0.20183873051440104	-0.7753142533630847	0.3716367923342826	0.22978333842628126	-0.8783871445890522	0.4161309535780104	0.7464713897733878	0.28544307010563436	1.5527580957716016	0.13397188557648032	0.36602170096386405	0.18227227468577134	-1.107347405755271	0.3209989369936125	0.7026310065304636	False	False	False	False
sp|P16520|GBB3_HUMAN	psvid_70059_sp|P16520|GBB3_HUMAN	-0.396240625180289	-1.5224664334834048	0.7299851831228268	0.4512623743176052	-0.8780714895175572	0.4162882137761845	0.7464713897733878	0.8045785228427775	0.9481203125901445	0.12492741946052305	0.35345073130568433	0.4601729064421744	-0.8610690017450665	0.4304752050622883	0.7719402583537077	False	False	False	False
sp|O43504|LTOR5_HUMAN	psvid_22230_sp|O43504|LTOR5_HUMAN	-0.20183873051440104	-0.7758462940900875	0.37216883306128545	0.22999651944196292	-0.8775729780786218	0.4165366655090047	0.7464713897733878	0.29462791842338676	2.0776420141593297	0.1281323633500691	0.35795581200766824	0.18682656046998972	-1.0803535107997815	0.3317152174804836	0.7061167743420511	False	False	False	False
sp|P28331|NDUS1_HUMAN	psvid_83076_sp|P28331|NDUS1_HUMAN	-0.07365151154802252	-0.2832813398347903	0.13597831673874525	0.08399563688121262	-0.8768492541128196	0.4168975608097165	0.7464713897733878	0.12452194244678252	5.893641688761072	0.012469660507945369	0.11166763411098746	0.11139346856368883	-0.6611833934043676	0.5391803609526425	0.8192783404244385	False	False	False	False
sp|Q9Y2S2|CRYL1_HUMAN	psvid_49001_sp|Q9Y2S2|CRYL1_HUMAN	-0.23983950387566344	-0.9224819144704778	0.4428029067191509	0.2735249296755591	-0.8768469629446518	0.4168987037105633	0.7464713897733878	0.4092682108075221	2.058641627478699	0.12861637526153002	0.35863125248858335	0.24569087162950254	-0.9761840246036375	0.3759905328449616	0.7369874133566358	False	False	False	False
sp|P13073|COX41_HUMAN	psvid_77518_sp|P13073|COX41_HUMAN	-0.0909370676454977	-0.34991865609624884	0.16804452080525345	0.1037701725952425	-0.8763314676193074	0.4171559081751604	0.7464713897733878	0.1385300633002592	4.653408221114288	0.02429553644985663	0.15587025517993044	0.11649509651819917	-0.780608543736356	0.47208867918984004	0.7860193606473312	False	False	False	False
sp|P61254|RL26_HUMAN	psvid_16256_sp|P61254|RL26_HUMAN	-0.16494943341093649	-0.6358126636711408	0.3059137968492678	0.18866807855009546	-0.8742837404110142	0.4181788039459667	0.7476843796624668	0.32084700762063684	4.182160639690017	0.033848281772302445	0.18397902535969268	0.1999889255731373	-0.8247928375944665	0.44887635820467975	0.777339918547936	False	False	False	False
sp|Q00796|DHSO_HUMAN	psvid_38362_sp|Q00796|DHSO_HUMAN	-0.0874781859962579	-0.33801937613081795	0.16306300413830216	0.10038822720181427	-0.8713988525805638	0.4196231106538826	0.7478194191467922	0.1380474531743469	4.849678250611589	0.021447531649458448	0.14644975810652078	0.11631420308633886	-0.7520851596371573	0.48753854548614206	0.798445284621052	False	False	False	False
sp|Q9H061|T126A_HUMAN	psvid_58309_sp|Q9H061|T126A_HUMAN	-0.22877777560337165	-0.8843155386040475	0.42675998739730425	0.2626644898435135	-0.8709885974296321	0.4198288096520013	0.7478194191467922	0.3783755906660802	1.8967096420379275	0.13188974672532497	0.36316627971953147	0.22953638803748003	-0.9966950232135546	0.3669001416691043	0.7268533471449432	False	False	False	False
sp|Q10589|BST2_HUMAN	psvid_44089_sp|Q10589|BST2_HUMAN	0.33048202372184055	-0.6169241430171054	1.2778881904607866	0.37961193314324343	0.8705785958449728	0.420034457771087	0.7478194191467922	0.6482092617623421	1.8114816370412092	0.13300642308247296	0.3647004566524053	0.3742790622964559	0.8829829317571471	0.4196462318421428	0.7702401332966801	False	False	False	False
sp|P09104|ENOG_HUMAN	psvid_50022_sp|P09104|ENOG_HUMAN	0.15022601114754475	-0.2806535681217145	0.581105590416804	0.17264720853713963	0.8701328704960111	0.42025811066211866	0.7478194191467922	0.1832006179213694	2.8999150101705915	0.09025350451769389	0.30042221042674905	0.13455685542098117	1.1164500736699017	0.3174539909418319	0.7023642335440156	False	False	False	False
sp|P18621|RL17_HUMAN	psvid_66069_sp|P18621|RL17_HUMAN	0.1697795808153546	-0.3179639528721639	0.657523114502873	0.1954317717168225	0.8687409387116568	0.42095712430065585	0.7478194191467922	0.35719584038273694	5.346628153234359	0.016168739342007625	0.12715635785129906	0.21856713253048926	0.7767845917623091	0.4741388161379838	0.7860193606473312	False	False	False	False
sp|O14936|CSKP_HUMAN	psvid_47747_sp|O14936|CSKP_HUMAN	0.5	-0.9366159339705007	1.9366159339705007	0.5756312034109852	0.8686117031828336	0.4210220696154697	0.7478194191467922	1.057400469065877	1.042481250360578	0.12711392474323305	0.3565303980633812	0.600236651188618	0.8330047807141991	0.44465895731683647	0.777339918547936	False	False	False	False
sp|Q93084|AT2A3_HUMAN	psvid_26964_sp|Q93084|AT2A3_HUMAN	-0.11441847745332168	-0.4437595764758067	0.21492262156916336	0.131962209718121	-0.8670548765265922	0.42180502400113973	0.7478194191467922	0.2066067085404563	4.575331374580127	0.025585911333113758	0.1599559668568627	0.14485922907389834	-0.7898597706532896	0.46715593397442645	0.784644389379216	False	False	False	False
sp|Q9H115|SNAB_HUMAN	psvid_53113_sp|Q9H115|SNAB_HUMAN	-0.18424139854155153	-0.7148497518077437	0.34636695472464063	0.2126070842653003	-0.8665816530913295	0.4220432339014326	0.7478194191467922	0.33425623947035876	3.3521931295272047	0.06532472049408289	0.255587011591127	0.20680214013582357	-0.890906633850817	0.41578378187360937	0.7694307901965085	False	False	False	False
sp|P08195|4F2_HUMAN	psvid_46256_sp|P08195|4F2_HUMAN	-0.2544804769993154	-0.9890133569221725	0.4800524029235417	0.29431668939265226	-0.8646484761854916	0.4230174061042334	0.7478194191467922	0.4745395102560957	2.5002035125820763	0.11215424323235658	0.33489437623280055	0.2802940936856044	-0.9079052421445486	0.4075927441818298	0.762358847498667	False	False	False	False
sp|Q53EP0|FND3B_HUMAN	psvid_27249_sp|Q53EP0|FND3B_HUMAN	-0.16383795715313854	-0.6369406514533471	0.30926473714707003	0.18956539936483854	-0.8642819718265946	0.42320228720307773	0.7478194191467922	0.23843547245228394	2.91240100229841	0.08953348816341374	0.29922147009099087	0.15954123702981174	-1.026931721248494	0.3538348033482449	0.7215079141157084	False	False	False	False
sp|P20674|COX5A_HUMAN	psvid_88221_sp|P20674|COX5A_HUMAN	0.13476969080555423	-0.2547643917676779	0.5243037733787863	0.15608066666886067	0.863461783460218	0.423616247427164	0.7478194191467922	0.26192815114198215	4.589954309617125	0.02533673687327427	0.15917517668680087	0.17076932050801363	0.7891914683775412	0.4675109853625348	0.784644389379216	False	False	False	False
sp|Q9UF12|HYPDH_HUMAN	psvid_884553_sp|Q9UF12|HYPDH_HUMAN	-0.09248740243757603	-0.36010599397906623	0.17513118910391418	0.10723089467511372	-0.8625070481580214	0.4240984996330446	0.7478194191467922	0.0983190753648521	4.009266338247416	0.0386747032495049	0.19665884991401963	0.10279218244423932	-0.8997513258145557	0.41150566853244075	0.7653701094815522	False	False	False	False
sp|O43181|NDUS4_HUMAN	psvid_79004_sp|O43181|NDUS4_HUMAN	-0.14026313072107366	-0.546440355377803	0.26591409393565574	0.16274933271907327	-0.8618353659439345	0.4244380249125812	0.7478194191467922	0.22414018838537728	3.543314698513502	0.05619234753192502	0.23704925127898005	0.1528628956170703	-0.9175747335863653	0.40299109681118916	0.7578034754874141	False	False	False	False
sp|P02760|AMBP_HUMAN	psvid_46379_sp|P02760|AMBP_HUMAN	-0.09491089818591236	-0.3699533585516452	0.18013156217982046	0.11020553141985126	-0.8612171908534176	0.42475068397992705	0.7478194191467922	0.14447563193386245	4.427855559023888	0.028309622051567725	0.16825463456192738	0.11875179995141642	-0.799237554502266	0.4621949151400388	0.7829172339035895	False	False	False	False
sp|Q13217|DNJC3_HUMAN	psvid_67334_sp|Q13217|DNJC3_HUMAN	-0.07894187565002575	-0.3080783838009059	0.15019463250085438	0.09181168105782023	-0.8598238779694115	0.4254560259471604	0.7478194191467922	0.14353009510273979	5.895887990712842	0.012457657967787646	0.11161387892098207	0.11838948836771437	-0.6667980133914806	0.5358859953759247	0.8192783404244385	False	False	False	False
sp|O60814|H2B1K_HUMAN	psvid_12954_sp|O60814|H2B1K_HUMAN	-0.1443928851898888	-0.5645487436335028	0.2757629732537253	0.16835036887530394	-0.8576927164135868	0.426536595323228	0.7478194191467922	0.2716756580955413	4.081883331649272	0.0365441657318809	0.19116528380404454	0.17550844038401736	-0.8227119155862427	0.44994987641362355	0.777339918547936	False	False	False	False
sp|P57053|H2BFS_HUMAN	psvid_69359_sp|P57053|H2BFS_HUMAN	-0.1443928851898888	-0.5645487436335028	0.2757629732537253	0.16835036887530394	-0.8576927164135868	0.426536595323228	0.7478194191467922	0.2716756580955413	4.081883331649272	0.0365441657318809	0.19116528380404454	0.17550844038401736	-0.8227119155862427	0.44994987641362355	0.777339918547936	False	False	False	False
sp|P58876|H2B1D_HUMAN	psvid_12944_sp|P58876|H2B1D_HUMAN	-0.1443928851898888	-0.5645487436335028	0.2757629732537253	0.16835036887530394	-0.8576927164135868	0.426536595323228	0.7478194191467922	0.2716756580955413	4.081883331649272	0.0365441657318809	0.19116528380404454	0.17550844038401736	-0.8227119155862427	0.44994987641362355	0.777339918547936	False	False	False	False
sp|P62807|H2B1C_HUMAN	psvid_12948_sp|P62807|H2B1C_HUMAN	-0.1443928851898888	-0.5645487436335028	0.2757629732537253	0.16835036887530394	-0.8576927164135868	0.426536595323228	0.7478194191467922	0.2716756580955413	4.081883331649272	0.0365441657318809	0.19116528380404454	0.17550844038401736	-0.8227119155862427	0.44994987641362355	0.777339918547936	False	False	False	False
sp|Q5QNW6|H2B2F_HUMAN	psvid_12939_sp|Q5QNW6|H2B2F_HUMAN	-0.1443928851898888	-0.5645487436335028	0.2757629732537253	0.16835036887530394	-0.8576927164135868	0.426536595323228	0.7478194191467922	0.2716756580955413	4.081883331649272	0.0365441657318809	0.19116528380404454	0.17550844038401736	-0.8227119155862427	0.44994987641362355	0.777339918547936	False	False	False	False
sp|Q93079|H2B1H_HUMAN	psvid_69358_sp|Q93079|H2B1H_HUMAN	-0.1443928851898888	-0.5645487436335028	0.2757629732537253	0.16835036887530394	-0.8576927164135868	0.426536595323228	0.7478194191467922	0.2716756580955413	4.081883331649272	0.0365441657318809	0.19116528380404454	0.17550844038401736	-0.8227119155862427	0.44994987641362355	0.777339918547936	False	False	False	False
sp|Q99877|H2B1N_HUMAN	psvid_12946_sp|Q99877|H2B1N_HUMAN	-0.1443928851898888	-0.5645487436335028	0.2757629732537253	0.16835036887530394	-0.8576927164135868	0.426536595323228	0.7478194191467922	0.2716756580955413	4.081883331649272	0.0365441657318809	0.19116528380404454	0.17550844038401736	-0.8227119155862427	0.44994987641362355	0.777339918547936	False	False	False	False
sp|Q99879|H2B1M_HUMAN	psvid_69353_sp|Q99879|H2B1M_HUMAN	-0.1443928851898888	-0.5645487436335028	0.2757629732537253	0.16835036887530394	-0.8576927164135868	0.426536595323228	0.7478194191467922	0.2716756580955413	4.081883331649272	0.0365441657318809	0.19116528380404454	0.17550844038401736	-0.8227119155862427	0.44994987641362355	0.777339918547936	False	False	False	False
sp|Q99880|H2B1L_HUMAN	psvid_69356_sp|Q99880|H2B1L_HUMAN	-0.1443928851898888	-0.5645487436335028	0.2757629732537253	0.16835036887530394	-0.8576927164135868	0.426536595323228	0.7478194191467922	0.2716756580955413	4.081883331649272	0.0365441657318809	0.19116528380404454	0.17550844038401736	-0.8227119155862427	0.44994987641362355	0.777339918547936	False	False	False	False
sp|P30038|AL4A1_HUMAN	psvid_32999_sp|P30038|AL4A1_HUMAN	-0.10515569799972613	-0.4118417889172079	0.20153039291775565	0.12288467600127971	-0.8557266977587266	0.4275352586844243	0.7489643537341533	0.18044907893940618	4.473436172208714	0.02742500195273584	0.16560495751255708	0.1333786024892681	-0.7884000584590557	0.46793169983736344	0.784644389379216	False	False	False	False
sp|P36578|RL4_HUMAN	psvid_54845_sp|P36578|RL4_HUMAN	-0.05283327471179344	-0.2070593092554041	0.10139275983181723	0.06179613894179856	-0.8549607728980185	0.42792479420770574	0.7490412189403056	0.06380115963383223	6.018855044141034	0.011832606473804928	0.10877778483589803	0.09381170323390618	-0.5631842604974473	0.5988279784045071	0.8481439406552724	False	False	False	False
sp|Q9NUQ7|UFSP2_HUMAN	psvid_53550_sp|Q9NUQ7|UFSP2_HUMAN	-0.09300008732876686	-0.365735605401167	0.1797354307436333	0.10928117304604384	-0.8510165542383297	0.4299349658120964	0.7519524381879039	0.1597943000245483	4.812677841869919	0.02194480678086356	0.14813779659784182	0.12479012013840274	-0.7452520057326809	0.4912937015434408	0.798445284621052	False	False	False	False
sp|P62333|PRS10_HUMAN	psvid_47569_sp|P62333|PRS10_HUMAN	0.3713567067925607	-0.7203828686799632	1.4630962822650846	0.43744424016220834	0.8489235260129571	0.4310045436911965	0.7524263299198678	0.7866768010092434	2.6391236512005394	0.10498387837576972	0.3240121577591954	0.4503015524318124	0.8246844915081522	0.4489322043180124	0.777339918547936	False	False	False	False
sp|O76062|ERG24_HUMAN	psvid_89411_sp|O76062|ERG24_HUMAN	-0.21199922663873738	-0.8358474886903361	0.41184903541286133	0.24996696565805124	-0.8481089734423035	0.4314213329032617	0.7524263299198678	0.36387820150406003	2.4132042859433387	0.11621632800157237	0.3409051598341867	0.22201769651104608	-0.9548753543985614	0.3856307862230306	0.7421509003066672	False	False	False	False
sp|Q9BZQ6|EDEM3_HUMAN	psvid_57427_sp|Q9BZQ6|EDEM3_HUMAN	-0.35548922830465823	-1.4017803374821078	0.6908018808727914	0.41923369778411274	-0.8479500340350022	0.4315026939031493	0.7524263299198678	0.7538972842813431	2.7915764192284698	0.09647930442389385	0.31061117884566525	0.4322482892571296	-0.8224190520582719	0.4501011170149578	0.777339918547936	False	False	False	False
sp|Q8NBS9|TXND5_HUMAN	psvid_69415_sp|Q8NBS9|TXND5_HUMAN	0.04419626806013355	-0.086002226738527	0.1743947628587941	0.0521686516702597	0.8471805700381739	0.43189674412375134	0.7524263299198678	0.04201005801098752	6.5380288295107025	0.00976918077421814	0.09883916619548214	0.0898507441984573	0.49188538675333954	0.6446638102751058	0.8682327388851175	False	False	False	False
sp|Q15293|RCN1_HUMAN	psvid_60363_sp|Q15293|RCN1_HUMAN	-0.06411714794375079	-0.2535296983278673	0.12529540244036577	0.07589486635959289	-0.8448153481153942	0.43310967926897215	0.7524263299198678	0.10577166531683511	6.002748811185317	0.011911016804703686	0.10913760490639185	0.10510052939004731	-0.6100554232776536	0.569799244571144	0.8342938939092358	False	False	False	False
sp|Q96FZ7|CHMP6_HUMAN	psvid_72328_sp|Q96FZ7|CHMP6_HUMAN	-0.236883145026466	-0.9367143002383653	0.4629480101854333	0.2804122107609851	-0.8447675812105702	0.4331342012709726	0.7524263299198678	0.42411843681573796	1.966520928207923	0.13066514637984913	0.3614763427665068	0.25351276126894623	-0.9344032380885229	0.39508213004595777	0.751434188540787	False	False	False	False
sp|P40227|TCPZ_HUMAN	psvid_67086_sp|P40227|TCPZ_HUMAN	-0.09400119191078904	-0.37183810940422163	0.18383572558264355	0.11132522992886923	-0.8443835415462487	0.4333313925611979	0.7524263299198678	0.1385428009142356	4.2848217746971375	0.031363968636037194	0.17709875390876467	0.11649987560972606	-0.8068780453096148	0.45818216686431823	0.7812139160208079	False	False	False	False
sp|P21397|AOFA_HUMAN	psvid_72509_sp|P21397|AOFA_HUMAN	-0.05387000014498988	-0.21311635129206236	0.10537635100208259	0.0638077071136536	-0.8442553820189341	0.4333972129991781	0.7524263299198678	0.082769805414761	6.571496404220397	0.009662377587975942	0.0982973935970631	0.09837594480292446	-0.5475932175584907	0.6086814244465688	0.8510222006078889	False	False	False	False
sp|P30050|RL12_HUMAN	psvid_109445_sp|P30050|RL12_HUMAN	-0.10171431844445222	-0.40274671710316456	0.19931808021426012	0.12061932337523984	-0.8432671946602186	0.4339049784700988	0.7524263299198678	0.20113938747404403	5.398684841080577	0.015738691913344885	0.12545394339495625	0.14241082067611904	-0.7142316711718013	0.5086016351192677	0.8068836336778017	False	False	False	False
sp|A6NKH3|RL37L_HUMAN	psvid_88664_sp|A6NKH3|RL37L_HUMAN	0.396240625180289	-0.7766570504356447	1.5691383007962227	0.46996311576940286	0.8431313264479945	0.4339748269726199	0.7524263299198678	0.8395030125153877	1.3443609377704335	0.13237519980530998	0.3638340278276758	0.47945296178035474	0.8264431691253444	0.4480263614028	0.777339918547936	False	False	False	False
sp|Q9UN36|NDRG2_HUMAN	psvid_34586_sp|Q9UN36|NDRG2_HUMAN	-0.18424139854155197	-0.729992121002963	0.361509323919859	0.21867441234946466	-0.8425375267368497	0.434280191766323	0.7524263299198678	0.3395835440924027	3.2150839733531944	0.07249133469525144	0.26924214880893266	0.20952259661809017	-0.879339037962479	0.42143193223876835	0.7702401332966801	False	False	False	False
sp|Q92504|S39A7_HUMAN	psvid_83497_sp|Q92504|S39A7_HUMAN	-0.20183873051440093	-0.8000837304555143	0.3964062694267124	0.23970810925015051	-0.8420187833686072	0.4345470892760337	0.7524263299198678	0.3691822362935674	2.90812403788117	0.08978011594930815	0.2996333024703832	0.22476344738300327	-0.8980051376879891	0.412347507582429	0.7653701094815522	False	False	False	False
sp|P22695|QCR2_HUMAN	psvid_59582_sp|P22695|QCR2_HUMAN	-0.08011906232960753	-0.31771251692217717	0.15747439226296214	0.09520025704552883	-0.8415845168494783	0.43477061662427785	0.7524263299198678	0.15392073532894537	6.072044418932375	0.011580684735604035	0.1076135899206231	0.12243860389589098	-0.6543611228835345	0.5432015889574224	0.8192783404244385	False	False	False	False
sp|Q53S08|RAB6D_HUMAN	psvid_162929_sp|Q53S08|RAB6D_HUMAN	0.18424139854155153	-0.3625012470456478	0.7309840441287508	0.21907186158352032	0.8410089603009567	0.43506700110272006	0.7524263299198678	0.26055668456804876	1.1346019496313537	0.12902774057889824	0.35920431592465346	0.17010607688917123	1.083097099826656	0.3306120490101512	0.7061167743420511	False	False	False	False
sp|P62136|PP1A_HUMAN	psvid_48691_sp|P62136|PP1A_HUMAN	-0.23240266802715048	-0.9229908058591443	0.4581854698048433	0.27670866753016576	-0.8398821406698972	0.43564769498785927	0.7525139913007424	0.42325280331879467	2.2567619400688432	0.12254783885177299	0.3500683345459469	0.25305590533483546	-0.9183846854695713	0.4026075438932829	0.7578034754874141	False	False	False	False
sp|P32969|RL9_HUMAN	psvid_13150_sp|P32969|RL9_HUMAN	-0.09604892207247229	-0.381737840314199	0.18963999616925442	0.11447141293648251	-0.8390647027810129	0.436069312776545	0.7525139913007424	0.1902049658156825	5.5657610556876005	0.014481064283186103	0.12033729381694647	0.1375890463064379	-0.6980855282516635	0.5177786105194703	0.8105524930489268	False	False	False	False
sp|P00738|HPT_HUMAN	psvid_50866_sp|P00738|HPT_HUMAN	-0.05066372252332396	-0.20138981515705215	0.10006237011040423	0.06039376289555351	-0.8388899795984409	0.43615947073084094	0.7525139913007424	0.09104150441102096	9.037881265205304	0.006126071282167964	0.0782692230839681	0.10065503697445809	-0.5033401610709282	0.637168203358517	0.8651275041841517	False	False	False	False
sp|P30519|HMOX2_HUMAN	psvid_32195_sp|P30519|HMOX2_HUMAN	-0.14211859448314668	-0.566825084904567	0.2825878959382736	0.17017374121840848	-0.8351382150125348	0.4380987377258719	0.7550174973455712	0.3010027683271693	5.01014625362072	0.01947795735054675	0.13956345277524038	0.19000569407294968	-0.7479701867702054	0.48979743551205895	0.798445284621052	False	False	False	False
sp|Q6NT55|CP4FN_HUMAN	psvid_87073_sp|Q6NT55|CP4FN_HUMAN	-0.26613506304867784	-1.0622916397087245	0.5300215136113688	0.31900841240133665	-0.834257194176622	0.4385550578590503	0.7550174973455712	0.5595189320330503	3.174137141099631	0.07471585786121247	0.27334201627487215	0.32602085086496896	-0.816313012933352	0.45326319011735217	0.7795407404637319	False	False	False	False
sp|P21399|ACOHC_HUMAN	psvid_57639_sp|P21399|ACOHC_HUMAN	-0.1539262873651437	-0.6145118938207934	0.30665931909050603	0.18454998350539537	-0.8340628616780321	0.4386557587254611	0.7550174973455712	0.31887743352602627	4.411298930501085	0.028641044224872375	0.1692366515411847	0.19899255164924606	-0.7735278837795981	0.4758900018514549	0.7860193606473312	False	False	False	False
sp|P22309|UD11_HUMAN	psvid_62824_sp|P22309|UD11_HUMAN	-0.03608190341642259	-0.14422485386889122	0.07206104703604604	0.04333131440170098	-0.8326981056223438	0.43936344186934545	0.755635379786406	0.0340555156066098	8.081696963616833	0.006807691925688028	0.08250873848076959	0.08878205365717015	-0.40640987598408146	0.7020852444988186	0.8897202198341283	False	False	False	False
sp|Q14558|KPRA_HUMAN	psvid_81136_sp|Q14558|KPRA_HUMAN	-0.09867221347175992	-0.39504166711534267	0.19769724017182283	0.11875094882430476	-0.8309172638085455	0.4402881524279154	0.7565405041358257	0.166033420669697	4.396003821645285	0.028952139539796255	0.1701532824831665	0.12733405938869463	-0.7749082527131036	0.4751471746531291	0.7860193606473312	False	False	False	False
sp|P62995|TRA2B_HUMAN	psvid_43109_sp|P62995|TRA2B_HUMAN	-0.22327119902087222	-0.8943489648245173	0.44780656678277286	0.26889114395680896	-0.8303404706282759	0.4405879631838542	0.7565405041358257	0.4129776277954308	2.459714955205126	0.1140902027282319	0.33777241262162294	0.24764151346750732	-0.9015903508850398	0.4106205504292745	0.7651029516597058	False	False	False	False
sp|P27144|KAD4_HUMAN	psvid_24285_sp|P27144|KAD4_HUMAN	-0.14940722813932916	-0.5992518284200491	0.30043737214139077	0.18024621785438275	-0.8289063144727521	0.441334075287623	0.7572216477816937	0.17234219291606986	2.6115048453052214	0.10646504721007277	0.32628982088026093	0.1299518668125913	-1.1497120572711372	0.30479144873533137	0.693784736774646	False	False	False	False
sp|P33260|CP2CI_HUMAN	psvid_74061_sp|P33260|CP2CI_HUMAN	0.0862022349746876	-0.1741599529261461	0.3465644228755213	0.10432335880464444	0.8262985007615562	0.4426931646733111	0.7578560769559638	0.17720307247997583	6.346450160998053	0.010435925740050736	0.10215637885149775	0.1319983554308713	0.6530553709802276	0.5439735144173702	0.8192783404244385	False	False	False	False
sp|Q9HDC9|APMAP_HUMAN	psvid_40265_sp|Q9HDC9|APMAP_HUMAN	-0.06953193780482136	-0.2796956788259832	0.14063180321634045	0.08420956798315041	-0.8257011580766462	0.44300490979316204	0.7578560769559638	0.1359976338192211	6.759487158800774	0.009110148667873736	0.09544709879233489	0.11554981471232638	-0.6017485876366705	0.5748779836539646	0.8351963769903971	False	False	False	False
sp|Q15084|PDIA6_HUMAN	psvid_88475_sp|Q15084|PDIA6_HUMAN	-0.047799800704097395	-0.1923043628635955	0.09670476145540072	0.05790088571853293	-0.8255452418545236	0.4430863069782976	0.7578560769559638	0.07488218997697184	7.244932877132468	0.007996011543002987	0.08942042016789559	0.09636126479131917	-0.4960478757477196	0.641934340278116	0.8677682985343053	False	False	False	False
sp|Q15067|ACOX1_HUMAN	psvid_75737_sp|Q15067|ACOX1_HUMAN	-0.13963227321709426	-0.5620856419911853	0.2828210955569967	0.16927094799816417	-0.82490394759654	0.4434212150629979	0.7578560769559638	0.280738945733011	4.257126371364128	0.032008482698648935	0.17890914649242765	0.1799523885544783	-0.775940093592158	0.4745924605529137	0.7860193606473312	False	False	False	False
sp|P07910|HNRPC_HUMAN	psvid_51657_sp|P07910|HNRPC_HUMAN	-0.14100916546665265	-0.5683364182307049	0.2863180872973996	0.17122384274204536	-0.8235369748072284	0.44413572169092425	0.7578560769559638	0.27761668413665086	4.0675426071559615	0.03695281818155966	0.19223115819647882	0.1784175651390726	-0.7903323047634861	0.4669050100373206	0.784644389379216	False	False	False	False
sp|Q01814|AT2B2_HUMAN	psvid_60887_sp|Q01814|AT2B2_HUMAN	-0.25	-1.0080319857125108	0.5080319857125108	0.30373244082970835	-0.8230928488148088	0.44436804525824564	0.7578560769559638	0.488938008084852	0.771240625180289	0.12034623512854109	0.3469095489151907	0.28799600478464105	-0.8680675976284675	0.4269933135759442	0.7702401332966801	False	False	False	False
sp|Q16720|AT2B3_HUMAN	psvid_57122_sp|Q16720|AT2B3_HUMAN	-0.25	-1.0080319857125108	0.5080319857125108	0.30373244082970835	-0.8230928488148088	0.44436804525824564	0.7578560769559638	0.488938008084852	0.771240625180289	0.12034623512854109	0.3469095489151907	0.28799600478464105	-0.8680675976284675	0.4269933135759442	0.7702401332966801	False	False	False	False
sp|P84098|RL19_HUMAN	psvid_46147_sp|P84098|RL19_HUMAN	0.10969740879445955	-0.22302238174157862	0.4424171993304977	0.13331600248618938	0.8228375194930064	0.44450164919752194	0.7578560769559638	0.18231679995394942	4.023017424464881	0.038259458787135395	0.19560025252318922	0.13417757763512148	0.8175539514714405	0.4526191993485398	0.7790514733822761	False	False	False	False
sp|P83731|RL24_HUMAN	psvid_44469_sp|P83731|RL24_HUMAN	-0.18424139854155142	-0.7463861046149018	0.377903307531799	0.2252432442077882	-0.8179663687119851	0.44705618817327697	0.7598180121689018	0.3015827450145967	2.4650839733531944	0.11383796423584576	0.3373988207386709	0.19029563611905656	-0.9681850950396079	0.3795858046804879	0.7390498101910309	False	False	False	False
sp|P62899|RL31_HUMAN	psvid_85869_sp|P62899|RL31_HUMAN	0.13880378933177606	-0.28532830542707066	0.5629358840906228	0.1699435891933175	0.8167639037791611	0.44768844073738656	0.7598180121689018	0.18917481479388162	3.015560606055268	0.08360593372447467	0.28914690682155786	0.13714021827263106	1.012130439050621	0.3601807340148146	0.7215079141157084	False	False	False	False
sp|O00187|MASP2_HUMAN	psvid_93107_sp|O00187|MASP2_HUMAN	0.25	-0.5139504242058734	1.0139504242058734	0.30610387343858414	0.8167162250893872	0.4477135235453071	0.7598180121689018	0.48893800808485205	1.021240625180289	0.12664032915109022	0.3558656054623574	0.28799600478464105	0.8680675976284675	0.4269933135759442	0.7702401332966801	False	False	False	False
sp|P53801|PTTG_HUMAN	psvid_98651_sp|P53801|PTTG_HUMAN	0.25	-0.5139504242058734	1.0139504242058734	0.30610387343858414	0.8167162250893872	0.4477135235453071	0.7598180121689018	0.48893800808485205	1.021240625180289	0.12664032915109022	0.3558656054623574	0.28799600478464105	0.8680675976284675	0.4269933135759442	0.7702401332966801	False	False	False	False
sp|Q9UL42|PNMA2_HUMAN	psvid_52452_sp|Q9UL42|PNMA2_HUMAN	-0.25	-1.0139504242058734	0.5139504242058734	0.30610387343858414	-0.8167162250893872	0.4477135235453071	0.7598180121689018	0.48893800808485205	1.021240625180289	0.12664032915109022	0.3558656054623574	0.28799600478464105	-0.8680675976284675	0.4269933135759442	0.7702401332966801	False	False	False	False
sp|O14548|CO72L_HUMAN	psvid_61314_sp|O14548|CO72L_HUMAN	0.2119992266387375	-0.4358926607937259	0.8598911140712009	0.2596008982109908	0.8166351815409937	0.44775616130119406	0.7598180121689018	0.3749067110707172	2.0827222622214983	0.12799939448041706	0.35777003015962233	0.22773343561055306	0.9309095349585704	0.3967136899634105	0.7523707939280464	False	False	False	False
sp|Q8IZV5|RDH10_HUMAN	psvid_80919_sp|Q8IZV5|RDH10_HUMAN	-0.13880378933177617	-0.5641019228435002	0.2864943441799479	0.1704108040380586	-0.8145245843730454	0.4488676127594075	0.7609517771811979	0.2421038601653666	3.515560606055268	0.05745094643684182	0.2396892705918265	0.1612748726551926	-0.8606659366492891	0.43067640625271464	0.7719402583537077	False	False	False	False
sp|P42766|RL35_HUMAN	psvid_18346_sp|P42766|RL35_HUMAN	-0.1342352464645531	-0.54588500544722	0.2774145125181137	0.1649420979844848	-0.8138325394477512	0.4492324861372811	0.7609517771811979	0.22888662407086538	3.530054883586291	0.05679069753262668	0.23830798881411147	0.15506607962434787	-0.8656647978058252	0.42818625351918993	0.7702401332966801	False	False	False	False
sp|Q13740|CD166_HUMAN	psvid_55431_sp|Q13740|CD166_HUMAN	-0.21861727947903542	-0.8894186968620384	0.4521841379039676	0.2687804151460159	-0.8133675936182732	0.44947774563540993	0.7609517771811979	0.40298673790077827	2.2322719138219362	0.12341891822040084	0.3513102876666165	0.2423927287846568	-0.9019135209837765	0.41046516606061045	0.7651029516597058	False	False	False	False
sp|Q68CK6|ACS2B_HUMAN	psvid_63539_sp|Q68CK6|ACS2B_HUMAN	-0.09186258219833943	-0.3740986433404072	0.19037347894372836	0.11308790309193444	-0.8123113055130224	0.450035302470376	0.7611474569933712	0.15202164306826418	4.419340435399679	0.02847938743130318	0.16875836995925025	0.12168770591577747	-0.7549043800851943	0.48599530827115217	0.7974904059096669	False	False	False	False
sp|O95782|AP2A1_HUMAN	psvid_49860_sp|O95782|AP2A1_HUMAN	-0.15436213018028755	-0.6297933279564671	0.32106906759589204	0.19049839699233623	-0.8103067144785348	0.4510948047236619	0.7611474569933712	0.33895053284594506	4.750491543528909	0.02282055571469211	0.15106474014372814	0.2091989525903186	-0.7378723854443963	0.4953725073800238	0.7987144520033569	False	False	False	False
sp|P62491|RB11A_HUMAN	psvid_65738_sp|P62491|RB11A_HUMAN	-0.11404315713913693	-0.46530648701022326	0.2372201727319494	0.14074613019849408	-0.8102756145288117	0.45111125654498135	0.7611474569933712	0.1826764792514803	3.7660588296309414	0.04696752323637007	0.2167199188731162	0.13433183667068288	-0.8489659634351309	0.43654863939701377	0.7768646788014845	False	False	False	False
sp|P36873|PP1G_HUMAN	psvid_65994_sp|P36873|PP1G_HUMAN	-0.23240266802715037	-0.9486221873512137	0.483816851296913	0.28697879096711565	-0.8098252391542794	0.4513495534086211	0.7611474569933712	0.44569259397026356	2.1910033386103946	0.12481060221502872	0.35328544014016305	0.26493274421048224	-0.8772138329662733	0.42247614941517325	0.7702401332966801	False	False	False	False
sp|P62140|PP1B_HUMAN	psvid_53190_sp|P62140|PP1B_HUMAN	-0.23240266802715037	-0.9486221873512137	0.483816851296913	0.28697879096711565	-0.8098252391542794	0.4513495534086211	0.7611474569933712	0.44569259397026356	2.1910033386103946	0.12481060221502872	0.35328544014016305	0.26493274421048224	-0.8772138329662733	0.42247614941517325	0.7702401332966801	False	False	False	False
sp|Q9UNM6|PSD13_HUMAN	psvid_82089_sp|Q9UNM6|PSD13_HUMAN	-0.22672264890212945	-0.9276383716204426	0.4741930738161837	0.28084678125692275	-0.807282347646777	0.45269673700412993	0.762131797726345	0.4223507992937959	1.7596019496313537	0.13348642032727073	0.36535793453443804	0.2525799707778823	-0.8976271879511315	0.41252989749628655	0.7653701094815522	False	False	False	False
sp|O14756|H17B6_HUMAN	psvid_48182_sp|O14756|H17B6_HUMAN	-0.08382837658837738	-0.3432473244302719	0.17559057125351712	0.10394541617057383	-0.8064653514957841	0.45313018929003046	0.762131797726345	0.17719837856293108	6.440812107422327	0.01009530443026143	0.10047539216276506	0.13199636729767858	-0.6350809367300798	0.554673619291253	0.8221461922052978	False	False	False	False
sp|P02656|APOC3_HUMAN	psvid_89229_sp|P02656|APOC3_HUMAN	0.10559874993248486	-0.22125702535179137	0.4324545252167611	0.1309663764822073	0.8063042802961812	0.4532156802409984	0.762131797726345	0.21054470584056859	4.77182367960943	0.022514330394754714	0.15004776037900303	0.14663728570016488	0.7201357378396027	0.5052746107289477	0.8035057473726598	False	False	False	False
sp|Q14240|IF4A2_HUMAN	psvid_13934_sp|Q14240|IF4A2_HUMAN	-0.12928677912339592	-0.529579515769564	0.2710059575227721	0.16039150357707344	-0.806069998971419	0.453340049501273	0.762131797726345	0.24320542582246282	3.8934307801257733	0.042397226872070023	0.2059058689597507	0.16179695585631088	-0.7990680568688406	0.4622842319459999	0.7829172339035895	False	False	False	False
sp|Q9BUP3|HTAI2_HUMAN	psvid_105012_sp|Q9BUP3|HTAI2_HUMAN	-0.12200019270851659	-0.5008245332385397	0.25682414782150653	0.15178942810274282	-0.8037463098282275	0.4545749335583033	0.7631517129166775	0.2429383384853152	4.306926644519097	0.03086251183197656	0.17567729458292713	0.16167030809929156	-0.7546233698867504	0.4861489737917259	0.7974904059096669	False	False	False	False
sp|Q9H853|TBA4B_HUMAN	psvid_83767_sp|Q9H853|TBA4B_HUMAN	-0.13284536512907819	-0.5459237278092968	0.28023299755114045	0.16551451880077517	-0.8026206165573918	0.4551740411688388	0.7631517129166775	0.28783907761145267	4.824261831628466	0.021787263916912415	0.1476050944815673	0.18345724207874853	-0.7241216733872772	0.5030371869469029	0.8021873438355909	False	False	False	False
sp|O95497|VNN1_HUMAN	psvid_56830_sp|O95497|VNN1_HUMAN	-0.22813428968741523	-0.9378640005590878	0.48159542118425736	0.28437841868874913	-0.8022208251221312	0.455386952829351	0.7631517129166775	0.4678062712270941	2.8246547306971594	0.09458613871365634	0.30754859569449566	0.27669996535397096	-0.82448253795613	0.4490363137456062	0.777339918547936	False	False	False	False
sp|Q96RT6|CTGE2_HUMAN	psvid_37981_sp|Q96RT6|CTGE2_HUMAN	0.1526243982070734	-0.3228162187943887	0.6280650152085355	0.19050217113952225	0.8011688123769074	0.4559475544830351	0.7631517129166775	0.26604469410383647	3.174391554798227	0.07470193065920651	0.27331653930782623	0.17276542553948324	0.8834198030681384	0.41943254226937776	0.7702401332966801	False	False	False	False
sp|Q58FG1|HS904_HUMAN	psvid_52738_sp|Q58FG1|HS904_HUMAN	-0.1739984532774751	-0.7161817086058304	0.3681848020508802	0.21724497992401856	-0.8009319862688246	0.4560738244856746	0.7631517129166775	0.29700780413412675	2.6998020045968194	0.10165569119975612	0.3188348964585842	0.18801171880298131	-0.9254659995944677	0.39926666728531846	0.7556299490637827	False	False	False	False
sp|Q92614|MY18A_HUMAN	psvid_24178_sp|Q92614|MY18A_HUMAN	-0.2483934327101417	-1.0227131576178459	0.5259262921975624	0.3102587020885967	-0.800601017918302	0.45625033132683396	0.7631517129166775	0.5043000614881159	2.3276420141593297	0.11984063798654047	0.34618006584224414	0.29623600269131467	-0.8384984622175511	0.44185452073998427	0.777339918547936	False	False	False	False
sp|P13674|P4HA1_HUMAN	psvid_53884_sp|P13674|P4HA1_HUMAN	0.33917337826200944	-0.7196766815965949	1.3980234381206138	0.4242658874760313	0.7994358921471642	0.45687209164517034	0.7631517129166775	0.7920657100744325	3.8039519627892595	0.04555468885432075	0.2134354442315539	0.453272249366944	0.7482773956175587	0.4896285344421443	0.798445284621052	False	False	False	False
sp|Q9P0S3|ORML1_HUMAN	psvid_47849_sp|Q9P0S3|ORML1_HUMAN	-0.29248125036057804	-1.2057161941745447	0.6207536934533885	0.3659200188958724	-0.7993037692857347	0.456942636696538	0.7631517129166775	0.6247907819489055	0.896240625180289	0.12364179738513871	0.3516273558543742	0.3614954916941005	-0.8090868546932732	0.45702700136349533	0.7812139160208079	False	False	False	False
sp|O15431|COPT1_HUMAN	psvid_106450_sp|O15431|COPT1_HUMAN	-0.33048202372184043	-1.3648271845586208	0.70386313711494	0.4144471292541231	-0.7974045430513804	0.45795757175859975	0.7631517129166775	0.7225865803626882	1.4577222622214983	0.1334828468810592	0.365353044165584	0.41503342821885225	-0.7962780856957218	0.4637562625563119	0.7829172339035895	False	False	False	False
sp|Q9H488|OFUT1_HUMAN	psvid_38200_sp|Q9H488|OFUT1_HUMAN	-0.07961847308723669	-0.32899714883630105	0.16976020266182765	0.09992242452005227	-0.796802854510991	0.4582794502697119	0.7631517129166775	0.12760713042805388	4.652914796977816	0.024303389027904538	0.15589544261428728	0.11248967659197898	-0.7077847096674278	0.5122521427254519	0.8088501499537946	False	False	False	False
sp|P30086|PEBP1_HUMAN	psvid_81261_sp|P30086|PEBP1_HUMAN	-0.047270890359837336	-0.19533571388054777	0.1007939331608731	0.059327430895536624	-0.7967796623971739	0.4582918603644077	0.7631517129166775	0.03649252956372919	5.674558951646576	0.01375242109779375	0.11727071713686137	0.08908702032654937	-0.5306147875028866	0.6195211082088582	0.8578289082994222	False	False	False	False
sp|P02649|APOE_HUMAN	psvid_63525_sp|P02649|APOE_HUMAN	-0.08493873139391228	-0.3510315493066862	0.1811540865188616	0.10661953927436767	-0.7966525833068606	0.45835986466725337	0.7631517129166775	0.16648813340067786	5.265919170773509	0.016875119037429085	0.12990426874213598	0.12752124525672015	-0.6660751408356888	0.5363093759829121	0.8192783404244385	False	False	False	False
sp|O95182|NDUA7_HUMAN	psvid_85794_sp|O95182|NDUA7_HUMAN	0.19440189466588786	-0.41484880317745554	0.8036525925092313	0.24411793304371604	0.7963441777588492	0.458524933187593	0.7631517129166775	0.39324068067727463	3.1238416824441644	0.0774930333944256	0.27837570546731555	0.2372885825642624	0.8192635843034716	0.45173311245557246	0.7781443995955688	False	False	False	False
sp|Q9NUL3|STAU2_HUMAN	psvid_35627_sp|Q9NUL3|STAU2_HUMAN	0.29248125036057804	-0.6270413366546671	1.212003837375823	0.36843938648534896	0.7938381755290665	0.459867817797784	0.7640424119008007	0.6247907819489055	1.292481250360578	0.13169390102962222	0.36289654314917663	0.36149549169410045	0.8090868546932733	0.45702700136349533	0.7812139160208079	False	False	False	False
sp|Q6UXH1|CREL2_HUMAN	psvid_44689_sp|Q6UXH1|CREL2_HUMAN	-0.0871251242207629	-0.36108981317937183	0.18683956473784602	0.10977368402249571	-0.7936795143261159	0.4599529345619276	0.7640424119008007	0.13341025474492732	4.278365532776981	0.0315125828366894	0.17751783808025998	0.11459420513175358	-0.760292583037612	0.48305567968027074	0.7936176329546223	False	False	False	False
sp|P60842|IF4A1_HUMAN	psvid_17725_sp|P60842|IF4A1_HUMAN	-0.11576395800555983	-0.4799243793603801	0.24839646334926047	0.14591380801393156	-0.7933721940455897	0.4601178345780087	0.7640424119008007	0.23740606260452807	4.530353021578487	0.02637504643480692	0.1624039606500005	0.15905615155025513	-0.7278181753881002	0.5009685122757191	0.8021873438355909	False	False	False	False
sp|Q8N2G8|GHDC_HUMAN	psvid_46982_sp|Q8N2G8|GHDC_HUMAN	-0.2604841881004918	-1.0840816712684795	0.563113295067496	0.330003586311317	-0.7893374463353791	0.4622867268174391	0.7670561539153067	0.5836090197809799	3.1985452965138292	0.0733856316788048	0.27089782516440547	0.33908414885324967	-0.7681992478310311	0.4787655382406375	0.7883624022549099	False	False	False	False
sp|P40261|NNMT_HUMAN	psvid_91509_sp|P40261|NNMT_HUMAN	0.07877297773823355	-0.1707096941034809	0.328255649579948	0.09996409424857658	0.7880127192705018	0.4630004395073726	0.7676526032230118	0.09393804435642397	4.2114490661524115	0.033112443967485146	0.1819682498885043	0.10149130821991907	0.7761549153307028	0.4744770331053255	0.7860193606473312	False	False	False	False
sp|P07477|TRY1_HUMAN	psvid_32095_sp|P07477|TRY1_HUMAN	0.14624062518028913	-0.317449524833936	0.6099307751945142	0.18579392915740098	0.787111967778005	0.4634861821658197	0.7678209133110034	0.12060922789298814	1.799842961492274	0.13312710914951384	0.364865878302581	0.11002678117090339	1.3291366304094199	0.24401044453293336	0.6761772804384484	False	False	False	False
sp|Q8TEB1|DCA11_HUMAN	psvid_33833_sp|Q8TEB1|DCA11_HUMAN	-0.2499999999999999	-1.0432894867868487	0.543289486786849	0.3178596110028759	-0.7865107467137055	0.46381060245690053	0.7678209133110034	0.5165803561774195	2.1573207542362414	0.12587478415697265	0.35478836530666086	0.30283856636323697	-0.8255223335727315	0.4485004829655114	0.777339918547936	False	False	False	False
sp|Q9Y320|TMX2_HUMAN	psvid_45912_sp|Q9Y320|TMX2_HUMAN	-0.1967515691664503	-0.8216435654433631	0.4281404271104625	0.25038517484949346	-0.7857956018550926	0.4641967084599892	0.7678734864372494	0.4298982895075415	3.558963370436677	0.055493204225414615	0.23556995611795367	0.25656596479923627	-0.7668654309639592	0.4794873050686706	0.7889204888328002	False	False	False	False
sp|O95716|RAB3D_HUMAN	psvid_86907_sp|O95716|RAB3D_HUMAN	0.13608012905595257	-0.29681693223289884	0.568977190344804	0.17345558437046915	0.7845243469666016	0.46488362675128947	0.7682827747345259	0.1995556497343266	3.0067619400688432	0.08410878371292055	0.29001514393720984	0.14170611148979398	0.960298237142393	0.38315837229566657	0.7413430292542049	False	False	False	False
sp|P31153|METK2_HUMAN	psvid_59069_sp|P31153|METK2_HUMAN	-0.14324746476376982	-0.5992349620159099	0.3127400324883702	0.18270758772539297	-0.7840258116650788	0.46515320740733634	0.7682827747345259	0.22164799570691632	2.9475801668808224	0.0875061949211478	0.2958144602975788	0.15171202673702472	-0.9442063878829643	0.39053307713491053	0.7464812143021282	False	False	False	False
sp|Q9P2B2|FPRP_HUMAN	psvid_24684_sp|Q9P2B2|FPRP_HUMAN	-0.13061438952880178	-0.5472731944601582	0.28604441540255465	0.16694915016816492	-0.7823603138874096	0.4660546294875924	0.7685260605440791	0.23449050787072126	3.5334759148320525	0.05663580379562635	0.23798278046032312	0.15768567241922923	-0.8283212261767531	0.44706056691820806	0.777339918547936	False	False	False	False
sp|Q86TM6|SYVN1_HUMAN	psvid_81971_sp|Q86TM6|SYVN1_HUMAN	-0.21647970363805336	-0.9075388924938368	0.4745794852177301	0.27689741085486397	-0.7818047231634152	0.46635561135141207	0.7685260605440791	0.4702502009530514	3.1943138287979806	0.07361536966076695	0.2713215245069343	0.2780039314550209	-0.778692957704011	0.47311486400284664	0.7860193606473312	False	False	False	False
sp|Q8NBX0|SCPDL_HUMAN	psvid_92466_sp|Q8NBX0|SCPDL_HUMAN	-0.06375900256275235	-0.2672984729109267	0.139780467785422	0.08155531863992256	-0.781788406029737	0.4663644529836013	0.7685260605440791	0.12241340017958378	6.128703313749174	0.01132374847218176	0.10641310291586163	0.11065364142387261	-0.5762033832986618	0.5906747492857924	0.8437589230029635	False	False	False	False
sp|Q9BRP8|PYM1_HUMAN	psvid_104080_sp|Q9BRP8|PYM1_HUMAN	-0.14624062518028935	-0.613764506358973	0.3212832559983942	0.18733004972488781	-0.7806575901466837	0.4669774910438663	0.7689515373039957	0.20681547549988508	2.6859230905482265	0.10242492527016975	0.3200389433649751	0.14495319023410339	-1.0088817289506131	0.3615863381308979	0.7215079141157084	False	False	False	False
sp|Q96KC8|DNJC1_HUMAN	psvid_66781_sp|Q96KC8|DNJC1_HUMAN	-0.2748839183877285	-1.1580908088735395	0.6083229720980825	0.3538882127153554	-0.7767535298182627	0.46909838514170243	0.7709225806936915	0.5924033895907189	1.3392806897082652	0.13231311307748667	0.3637486949495306	0.34386208055009765	-0.7994016611194219	0.46210845143077683	0.7829172339035895	False	False	False	False
sp|P35270|SPRE_HUMAN	psvid_81942_sp|P35270|SPRE_HUMAN	0.2880007733612625	-0.6374565391849376	1.2134580859074626	0.37081734507436154	0.7766647843927271	0.46914667612697625	0.7709225806936915	0.6302904926785273	1.9364816370412092	0.13122659441356632	0.3622521144362947	0.36449527868907994	0.7901358129989157	0.4670093384526216	0.784644389379216	False	False	False	False
sp|Q14696|MESD_HUMAN	psvid_41661_sp|Q14696|MESD_HUMAN	-0.06608515083360444	-0.2784964240490292	0.14632612238182033	0.08511012159048294	-0.7764664131439113	0.46925463301585335	0.7709225806936915	0.03617816630902279	4.346762822187321	0.02998684458079564	0.17316710016858178	0.08904655760183113	-0.7421415562081817	0.49300993239944446	0.798445284621052	False	False	False	False
sp|Q68CJ9|CR3L3_HUMAN	psvid_92174_sp|Q68CJ9|CR3L3_HUMAN	-0.27055369082204705	-1.1408748792103736	0.5997674975662795	0.34872509846207667	-0.7758365888065535	0.4695975110824517	0.7709225806936915	0.5973283481353903	2.55072136985402	0.10963351878066681	0.331109526864853	0.3465397656524445	-0.7807291330986637	0.4720241341595678	0.7860193606473312	False	False	False	False
sp|Q6UWP7|LCLT1_HUMAN	psvid_38708_sp|Q6UWP7|LCLT1_HUMAN	-0.2312031259014452	-0.9765578592537044	0.514151607450814	0.29865284936791253	-0.7741534239193696	0.4705147061078925	0.7713518304616052	0.4992878731455929	2.8174402934651237	0.09499988210443894	0.3082205088965349	0.2935450764252856	-0.787623927190249	0.46834456515280054	0.784644389379216	False	False	False	False
sp|P50897|PPT1_HUMAN	psvid_59525_sp|P50897|PPT1_HUMAN	0.159357480153823	-0.35444898982642314	0.6731639501340692	0.2058748129137432	0.7740503945015853	0.47057089057233137	0.7713518304616052	0.2160421069092784	2.0184006156177787	0.12957209606975212	0.3599612424550067	0.14913884924239018	1.0685175657673531	0.33651085574480466	0.7100477355394271	False	False	False	False
sp|P31513|FMO3_HUMAN	psvid_72482_sp|P31513|FMO3_HUMAN	-0.05815678506519406	-0.24693606281681357	0.13062249268642545	0.07564112318515653	-0.7688514212412764	0.4734122128521256	0.7749935913303793	0.12568000097193321	8.67472010889343	0.006324407948525933	0.07952614632009987	0.11180305313096636	-0.5201717076283155	0.6262442122158984	0.8600239993164828	False	False	False	False
sp|Q9UHA4|LTOR3_HUMAN	psvid_151859_sp|Q9UHA4|LTOR3_HUMAN	0.18424139854155153	-0.4142554307282985	0.7827382278114016	0.23980901361583876	0.7682838762545282	0.4737231204776568	0.7749935913303793	0.35398939881815533	2.677083199991932	0.10291256104640582	0.32079987694262885	0.21691499747859921	0.8493714159147928	0.43634411157817254	0.7768646788014845	False	False	False	False
sp|P21953|ODBB_HUMAN	psvid_91037_sp|P21953|ODBB_HUMAN	-0.19085945138184934	-0.8110643377578468	0.4293454349941481	0.24850711777871698	-0.7680240835266539	0.47386548616186086	0.7749935913303793	0.40048735325409707	3.07663285159237	0.08013866077810107	0.2830877262936369	0.2410822173305444	-0.7916778495535598	0.46619105111713244	0.784644389379216	False	False	False	False
sp|Q9Y512|SAM50_HUMAN	psvid_63908_sp|Q9Y512|SAM50_HUMAN	0.16017626316203804	-0.3631008782639842	0.6834534045880603	0.20966957383246354	0.7639461474273176	0.476104153956439	0.7780676482832604	0.3034333107825141	3.025428059962184	0.0830428812572335	0.2881716177163072	0.19122154264776808	0.8376475837614398	0.44228799127857865	0.777339918547936	False	False	False	False
sp|Q06323|PSME1_HUMAN	psvid_86392_sp|Q06323|PSME1_HUMAN	-0.19138368659074423	-0.8184593176981764	0.4356919445166879	0.25126012570836914	-0.7616954184480434	0.4773429338174064	0.7795042483664806	0.43183886618128997	3.5602356709392446	0.05543669554125168	0.23544998522244948	0.257592133502389	-0.7429717825174551	0.49255142317615597	0.798445284621052	False	False	False	False
sp|O43795|MYO1B_HUMAN	psvid_31037_sp|O43795|MYO1B_HUMAN	-0.06427277274923004	-0.2752546675563075	0.14670912205784742	0.08453739035879416	-0.7602881101065825	0.47811865709070006	0.780183079755683	0.11477637410221855	5.414751187605336	0.015609815470958452	0.12493924712018419	0.1080403173500266	-0.59489618621723	0.5790890512336526	0.838267183716316	False	False	False	False
sp|Q8NBQ5|DHB11_HUMAN	psvid_357377_sp|Q8NBQ5|DHB11_HUMAN	-0.10826885322547475	-0.46508172980829343	0.24854402335734394	0.14296975321180083	-0.7572850256311288	0.4797769567528028	0.782299973877595	0.2566084378995075	6.0859079593772005	0.01151674976511732	0.10731612071407222	0.16820179506267	-0.6436842911523926	0.5495348747481548	0.8192783404244385	False	False	False	False
sp|P20962|PTMS_HUMAN	psvid_26160_sp|P20962|PTMS_HUMAN	0.14624062518028924	-0.3371008188611907	0.6295820692217692	0.19366791813525402	0.7551102246999812	0.480980400942958	0.7834082931209637	0.20681547549988502	2.4840843600338256	0.11293425538200601	0.33605692283005567	0.14495319023410336	1.0088817289506125	0.36158633813089835	0.7215079141157084	False	False	False	False
sp|P47813|IF1AX_HUMAN	psvid_101104_sp|P47813|IF1AX_HUMAN	0.16746284957691737	-0.3862842597167745	0.7212099588706092	0.22187844877030818	0.7547504072839331	0.48117971303368834	0.7834082931209637	0.3247507293734349	2.900428059962184	0.09022391846332138	0.300372965599971	0.2019671342105276	0.8291589135604437	0.44663029660784703	0.777339918547936	False	False	False	False
sp|P02790|HEMO_HUMAN	psvid_51814_sp|P02790|HEMO_HUMAN	-0.06566217751449233	-0.28336041256273636	0.15203605753375168	0.08722853064487963	-0.7527603300096026	0.482283114144668	0.7846152465101319	0.12033690312513565	5.356699340070477	0.016084023462650077	0.12682280340163624	0.10993266282067934	-0.5972945240269453	0.577612969273361	0.8366893746092068	False	False	False	False
sp|O60551|NMT2_HUMAN	psvid_80064_sp|O60551|NMT2_HUMAN	0.2251160816122716	-0.5247010410879088	0.974933204312452	0.3004408641669221	0.7492858278000399	0.48421380244906104	0.7871652737487735	0.47873293372273595	2.235521314888554	0.12330526780967625	0.3511484982307005	0.28253497605661787	0.7967724377146143	0.4634951801086643	0.7829172339035895	False	False	False	False
sp|P83881|RL36A_HUMAN	psvid_10446_sp|P83881|RL36A_HUMAN	0.2251160816122716	-0.5269806501211398	0.977212813345683	0.3013542704991759	0.7470147386309802	0.485478701979607	0.7886299454196465	0.4822122508496197	2.2780025652491322	0.12176538517349794	0.3489489721628335	0.2843956596308972	0.7915594840808696	0.466253824363152	0.784644389379216	False	False	False	False
sp|Q9Y624|JAM1_HUMAN	psvid_33820_sp|Q9Y624|JAM1_HUMAN	-0.14278917529903157	-0.6217272822992105	0.33614893170114735	0.1919035647404654	-0.7440673418033833	0.48712370999694093	0.7903843401843542	0.2901364629203506	3.4341973656075977	0.061275239439149067	0.24753835953069792	0.1845955062197514	-0.7735246551941977	0.47589174027194214	0.7860193606473312	False	False	False	False
sp|Q16718|NDUA5_HUMAN	psvid_69389_sp|Q16718|NDUA5_HUMAN	-0.11092671052752845	-0.4831401503522601	0.2612867292972032	0.1491405359119817	-0.7437730449955878	0.4872881765049826	0.7903843401843542	0.18439612213709722	3.529499145457392	0.05681589368759488	0.2383608476398649	0.13507109756843053	-0.8212468287031583	0.4507068631548113	0.7776128761596147	False	False	False	False
sp|Q13370|PDE3B_HUMAN	psvid_46314_sp|Q13370|PDE3B_HUMAN	-0.14624062518028902	-0.6383518438607646	0.34587059350018656	0.19718183985205984	-0.7416536192684345	0.48847374940560595	0.7904791789813177	0.20681547549988508	0.7193609377704335	0.11891163841157314	0.34483566870550547	0.14495319023410339	-1.008881728950611	0.361586338130899	0.7215079141157084	False	False	False	False
sp|Q13200|PSMD2_HUMAN	psvid_47390_sp|Q13200|PSMD2_HUMAN	-0.10443308183922739	-0.4561262623170177	0.2472600986385629	0.1409183651126232	-0.7410892239330449	0.4887898008627574	0.7904791789813177	0.22702149387811976	4.562288971176043	0.025811172460941313	0.16065855862960216	0.15419858659524263	-0.6772635479036835	0.5297817576915423	0.8192783404244385	False	False	False	False
sp|P05023|AT1A1_HUMAN	psvid_83273_sp|P05023|AT1A1_HUMAN	-0.10361189325474518	-0.45263549931579916	0.2454117128063088	0.13984870529766208	-0.7408856094463773	0.48890385624785215	0.7904791789813177	0.2443389053003736	5.506903087907947	0.014903882368398989	0.12208145792215536	0.16233487365196275	-0.6382602266773775	0.5527709747616502	0.8204484262386958	False	False	False	False
sp|P41091|IF2G_HUMAN	psvid_50686_sp|P41091|IF2G_HUMAN	-0.08334343628952112	-0.36482622409986576	0.19813935152082351	0.11278607737485583	-0.7389514577452753	0.4899881996034054	0.7904791789813177	0.17062553234077749	4.874523428338618	0.021123137214442235	0.14533801021908285	0.1292351720574566	-0.6448974761488885	0.5488127821080621	0.8192783404244385	False	False	False	False
sp|Q96KP4|CNDP2_HUMAN	psvid_32973_sp|Q96KP4|CNDP2_HUMAN	0.13447641916509556	-0.3209971021331583	0.5899499404633495	0.18250164500273217	0.7368504495566731	0.4911679759764564	0.7904791789813177	0.3077255133780732	4.192448679471781	0.033587250907615405	0.18326824849824752	0.19337353339582403	0.6954230850704393	0.5193028553660958	0.8105524930489268	False	False	False	False
sp|Q04828|AK1C1_HUMAN	psvid_39510_sp|Q04828|AK1C1_HUMAN	0.07876466737866972	-0.18815790295068585	0.3456872377080253	0.10695200905337812	0.7364486939124207	0.491393797144786	0.7904791789813177	0.17163869984810026	5.475807479018605	0.015135918472646035	0.12302812065802694	0.12965777485785016	0.6074812518186671	0.5713700020968622	0.8344186263067196	False	False	False	False
sp|Q13501|SQSTM_HUMAN	psvid_88748_sp|Q13501|SQSTM_HUMAN	0.20183873051440104	-0.48271872245307823	0.8863961834818803	0.27429225942562907	0.7358528123872453	0.4917288660265141	0.7904791789813177	0.40771233241865174	1.8934006156177785	0.13194082082662364	0.3632365907044934	0.24487334611595227	0.8242576569310508	0.44915226415749515	0.777339918547936	False	False	False	False
sp|Q5T1J5|CHCH9_HUMAN	psvid_44270_sp|Q5T1J5|CHCH9_HUMAN	-0.14624062518028902	-0.6424539326122629	0.34997268225168493	0.19882548741901782	-0.7355225282163749	0.49191465548866237	0.7904791789813177	0.2068154754998851	0.8231203125901445	0.12174447210802845	0.3489190050828823	0.14495319023410339	-1.008881728950611	0.361586338130899	0.7215079141157084	False	False	False	False
sp|Q6ZU15|SEP14_HUMAN	psvid_37476_sp|Q6ZU15|SEP14_HUMAN	-0.14624062518028902	-0.6424539326122629	0.34997268225168493	0.19882548741901782	-0.7355225282163749	0.49191465548866237	0.7904791789813177	0.2068154754998851	0.8231203125901445	0.12174447210802845	0.3489190050828823	0.14495319023410339	-1.008881728950611	0.361586338130899	0.7215079141157084	False	False	False	False
sp|Q92599|SEPT8_HUMAN	psvid_67550_sp|Q92599|SEPT8_HUMAN	-0.14624062518028902	-0.6424539326122629	0.34997268225168493	0.19882548741901782	-0.7355225282163749	0.49191465548866237	0.7904791789813177	0.2068154754998851	0.8231203125901445	0.12174447210802845	0.3489190050828823	0.14495319023410339	-1.008881728950611	0.361586338130899	0.7215079141157084	False	False	False	False
sp|Q9Y6H1|CHCH2_HUMAN	psvid_44269_sp|Q9Y6H1|CHCH2_HUMAN	-0.14624062518028902	-0.6424539326122629	0.34997268225168493	0.19882548741901782	-0.7355225282163749	0.49191465548866237	0.7904791789813177	0.2068154754998851	0.8231203125901445	0.12174447210802845	0.3489190050828823	0.14495319023410339	-1.008881728950611	0.361586338130899	0.7215079141157084	False	False	False	False
sp|P07900|HS90A_HUMAN	psvid_68313_sp|P07900|HS90A_HUMAN	-0.04859165008064892	-0.21429729208255036	0.11711399192125252	0.06639585143255347	-0.7318476837368296	0.49398508028166155	0.7904791789813177	0.08030594033952596	6.067550397006657	0.01160156102254148	0.10771054276412073	0.09772950744514648	-0.49720551500704524	0.6411763910475266	0.8677682985343053	False	False	False	False
sp|P35558|PCKGC_HUMAN	psvid_53561_sp|P35558|PCKGC_HUMAN	-0.396240625180289	-1.7482371998740924	0.9557559495135144	0.541725451386024	-0.731441773995468	0.494214139969564	0.7904791789813177	0.9859437648184713	1.674842961492274	0.13395485030411425	0.3659984293738352	0.5605502385268627	-0.7068779887091251	0.5127670292646529	0.8088501499537946	False	False	False	False
sp|P0DTE5|UD2A2_HUMAN	psvid_84750_sp|P0DTE5|UD2A2_HUMAN	-0.1979683736535971	-0.874163655924826	0.47822690861763184	0.2709416587068224	-0.7306679031880164	0.4946510473030405	0.7904791789813177	0.4856676137231541	3.9027726298966936	0.04208190309428626	0.20513874108584723	0.28624476815705435	-0.6916052123089896	0.5214939972119964	0.8124209144201266	False	False	False	False
sp|Q8N5M9|JAGN1_HUMAN	psvid_42957_sp|Q8N5M9|JAGN1_HUMAN	-0.13895403876541002	-0.6137841864555685	0.3358761089247485	0.1902575649257098	-0.7303469842035855	0.49483230786181626	0.7904791789813177	0.21004187268552765	2.626681692006675	0.10565402752715437	0.325044654666331	0.14640959146361643	-0.9490774298071916	0.3882886102486126	0.7452802643124389	False	False	False	False
sp|P23634|AT2B4_HUMAN	psvid_43608_sp|P23634|AT2B4_HUMAN	-0.1462406251802889	-0.6466184629743591	0.3541372126137813	0.20049415443522556	-0.7294009423478501	0.4953669147555889	0.7904791789813177	0.20681547549988502	2.1960835866725628	0.12464448221348993	0.35305025451554334	0.14495319023410336	-1.0088817289506102	0.36158633813089913	0.7215079141157084	False	False	False	False
sp|P20340|RAB6A_HUMAN	psvid_73124_sp|P20340|RAB6A_HUMAN	0.11869707668097318	-0.287562498775178	0.5249566521371243	0.16278232949201174	0.7291766683238062	0.49549370996569847	0.7904791789813177	0.2670026332519354	4.279764454214952	0.031480298042710804	0.17742688083464356	0.17323105647812703	0.6851951324095309	0.525187174933302	0.8164914540297564	False	False	False	False
sp|Q5W111|SPRY7_HUMAN	psvid_37300_sp|Q5W111|SPRY7_HUMAN	-0.29087468307071984	-1.2871154794310216	0.7053661132895819	0.39917926213658034	-0.7286818496377606	0.4957735388752363	0.7904791789813177	0.6898226624467354	1.7026420141593301	0.13384364862870485	0.3658464823238087	0.3970545276456125	-0.732581201870433	0.49831190218637894	0.8010979909587321	False	False	False	False
sp|P49326|FMO5_HUMAN	psvid_67434_sp|P49326|FMO5_HUMAN	-0.06890263648504225	-0.305016604898039	0.1672113319279545	0.09460744835544022	-0.7283003366307378	0.4959893655896342	0.7904791789813177	0.16167432126507628	7.1356481675451775	0.008213063575040471	0.09062595420209639	0.12555180893743342	-0.5487984368220349	0.6079162818821404	0.8510222006078889	False	False	False	False
sp|A2RRP1|NBAS_HUMAN	psvid_48669_sp|A2RRP1|NBAS_HUMAN	-0.09247000841475139	-0.409475723739536	0.22453570691003322	0.1270196000793577	-0.7279979495839946	0.49616047565062427	0.7904791789813177	0.18588622573023095	4.365847368762496	0.029579705442301395	0.1719875153675446	0.13571398443854943	-0.6813594693082003	0.527405667245075	0.8192746099785502	False	False	False	False
sp|O43169|CYB5B_HUMAN	psvid_89786_sp|O43169|CYB5B_HUMAN	0.13914425332124414	-0.3379456244284201	0.6162341310709083	0.19116300604102737	0.7278827436485332	0.49622567726341643	0.7904791789813177	0.31543486769447476	3.9045346273817776	0.04202272956835125	0.20499446228703655	0.19725383065700672	0.7054071034148586	0.5136030486093315	0.8088501499537946	False	False	False	False
sp|O75439|MPPB_HUMAN	psvid_50729_sp|O75439|MPPB_HUMAN	0.14624062518028902	-0.3552700869129941	0.6477513372735721	0.20094808076358459	0.7277532814674708	0.49629895432821	0.7904791789813177	0.20681547549988508	0.9693609377704335	0.12543756329846878	0.3541716579548239	0.14495319023410339	1.008881728950611	0.361586338130899	0.7215079141157084	False	False	False	False
sp|O94808|GFPT2_HUMAN	psvid_42687_sp|O94808|GFPT2_HUMAN	0.14624062518028902	-0.3552700869129942	0.6477513372735723	0.2009480807635846	0.7277532814674706	0.4962989543282101	0.7904791789813177	0.2068154754998851	0.9693609377704335	0.12543756329846878	0.3541716579548239	0.14495319023410339	1.008881728950611	0.361586338130899	0.7215079141157084	False	False	False	False
sp|Q9NVA2|SEP11_HUMAN	psvid_60377_sp|Q9NVA2|SEP11_HUMAN	-0.14624062518028902	-0.6477513372735723	0.3552700869129942	0.2009480807635846	-0.7277532814674706	0.4962989543282101	0.7904791789813177	0.2068154754998851	0.9693609377704335	0.12543756329846878	0.3541716579548239	0.14495319023410339	-1.008881728950611	0.361586338130899	0.7215079141157084	False	False	False	False
sp|P30153|2AAA_HUMAN	psvid_79087_sp|P30153|2AAA_HUMAN	0.23222922548462932	-0.5644900883544253	1.028948539323684	0.3192338930408707	0.7274579251987433	0.4964661571728535	0.7904791789813177	0.5357812588166889	2.6217065659994283	0.10592068618958159	0.32545458391238186	0.31318754155346745	0.7415021182922217	0.4933632838521406	0.798445284621052	False	False	False	False
sp|Q14318|FKBP8_HUMAN	psvid_58791_sp|Q14318|FKBP8_HUMAN	-0.1376357992981485	-0.6104359943245676	0.3351643957282706	0.1894441922858379	-0.7265242477873397	0.4969949717979613	0.7907401643804568	0.3350320271532241	4.660478494435025	0.024183425694814166	0.15551021090209532	0.20719783971782624	-0.6642723663798269	0.53736622966541	0.8192783404244385	False	False	False	False
sp|Q96K17|BT3L4_HUMAN	psvid_5947_sp|Q96K17|BT3L4_HUMAN	-0.3157586014584485	-1.4064701321004112	0.7749529291835141	0.4370323174840706	-0.7225062971915287	0.49927506312560704	0.7919840379664338	0.7716944191858331	1.2383613244510647	0.13087589381835538	0.3617677346286639	0.4420463564187532	-0.7143110600810573	0.5085567963346822	0.8068836336778017	False	False	False	False
sp|P01893|HLAH_HUMAN	psvid_57350_sp|P01893|HLAH_HUMAN	0.12225952018065556	-0.30024385782154794	0.5447628981828591	0.16929098597176545	0.7221856466772906	0.49945733292282585	0.7919840379664338	0.25853074280199195	3.7885561628942206	0.04612324857031813	0.21476323840526834	0.16912798911550045	0.7228816520556063	0.503732494912554	0.8021873438355909	False	False	False	False
sp|P62263|RS14_HUMAN	psvid_4635_sp|P62263|RS14_HUMAN	0.08804007407669401	-0.21632475661912176	0.3924049047725098	0.12195458064090409	0.7219087107185295	0.4996147903747615	0.7919840379664338	0.1925248703463315	4.87346592626621	0.021136792231032295	0.14538497938587844	0.13860333261187652	0.635194496536587	0.5546055855344912	0.8221461922052978	False	False	False	False
sp|P60660|MYL6_HUMAN	psvid_16801_sp|P60660|MYL6_HUMAN	0.07682032973074027	-0.18886169764121885	0.3425023571026994	0.1064549414526621	0.7216229578680514	0.4997772964506913	0.7919840379664338	0.08667964878434085	3.9513412731423863	0.04048553840040722	0.20121018463389775	0.09943267505647643	0.7725863725089096	0.47639715305791513	0.7862548596165286	False	False	False	False
sp|Q9P2E9|RRBP1_HUMAN	psvid_32461_sp|Q9P2E9|RRBP1_HUMAN	-0.10523952614945542	-0.4708148097433419	0.26033575744443105	0.14648072282677474	-0.7184530777739925	0.5015824143211446	0.7919840379664338	0.2593292250701304	5.593532796237653	0.014288723840574667	0.11953545014168251	0.1695132435088819	-0.6208336527047885	0.5632524756658847	0.8291902953586766	False	False	False	False
sp|P04264|K2C1_HUMAN	psvid_22957_sp|P04264|K2C1_HUMAN	0.5270601503457697	-1.3056238830470386	2.359744183738578	0.7343299560226529	0.7177429519564782	0.5019874116327697	0.7919840379664338	1.402917825725675	4.252986965381321	0.03210639759276703	0.17918258172257434	0.7927746076429659	0.6648297577451378	0.5370393161830407	0.8192783404244385	False	False	False	False
sp|Q9HD89|RETN_HUMAN	psvid_65419_sp|Q9HD89|RETN_HUMAN	-0.14624062518028902	-0.6550134124073461	0.3625321620467681	0.20385788911922625	-0.7173655423006966	0.5022027457833049	0.7919840379664338	0.20681547549988508	1.2193609377704335	0.13056405728279327	0.3613364876161737	0.14495319023410339	-1.008881728950611	0.361586338130899	0.7215079141157084	False	False	False	False
sp|Q9Y2X3|NOP58_HUMAN	psvid_27130_sp|Q9Y2X3|NOP58_HUMAN	-0.14624062518028902	-0.6550134124073461	0.3625321620467681	0.20385788911922625	-0.7173655423006966	0.5022027457833049	0.7919840379664338	0.20681547549988508	1.2193609377704335	0.13056405728279327	0.3613364876161737	0.14495319023410339	-1.008881728950611	0.361586338130899	0.7215079141157084	False	False	False	False
sp|Q96DG6|CMBL_HUMAN	psvid_85086_sp|Q96DG6|CMBL_HUMAN	-0.12996686812481795	-0.5825134310393353	0.3225796947896994	0.18132885515895844	-0.7167467528038215	0.5025559374313308	0.7919840379664338	0.2755771481228101	3.5979476742146073	0.05378470365498013	0.2319152941377091	0.17741717319901054	-0.7325495372369216	0.49832953013953435	0.8010979909587321	False	False	False	False
sp|P49721|PSB2_HUMAN	psvid_54034_sp|P49721|PSB2_HUMAN	-0.2119992266387375	-0.9507775449869548	0.5267790917094798	0.29601777509830995	-0.7161705967431543	0.50288494699518	0.7919840379664338	0.46414572404506566	2.0827222622214983	0.12799939448041706	0.35777003015962233	0.27474812300796475	-0.771613011647733	0.47692187746411907	0.7865218481466865	False	False	False	False
sp|Q15437|SC23B_HUMAN	psvid_37358_sp|Q15437|SC23B_HUMAN	0.26759733197284963	-0.6651573668933018	1.2003520308390012	0.37374130211101986	0.7159961461614426	0.5029845946158396	0.7919840379664338	0.6369949948138038	1.9642806897082652	0.1307088224443629	0.36153675116696354	0.3681542125783418	0.7268620671178819	0.5015029995104837	0.8021873438355909	False	False	False	False
sp|P04003|C4BPA_HUMAN	psvid_64954_sp|P04003|C4BPA_HUMAN	-0.046114125757846125	-0.20705181519560698	0.11482356367991473	0.06448540187717558	-0.715109535111203	0.5034912420410552	0.7919840379664338	0.07281346237289565	6.012669133998227	0.011862602478011365	0.1089155750019774	0.0958597543661676	-0.48105825080354553	0.6517935854050296	0.8697323163968246	False	False	False	False
sp|Q9BQB6|VKOR1_HUMAN	psvid_92921_sp|Q9BQB6|VKOR1_HUMAN	-0.1654445244429965	-0.7433364520656532	0.4124474031796602	0.2315529278723387	-0.7144998163625488	0.5038398628903047	0.7919840379664338	0.2992941403752848	2.0827222622214983	0.12799939448041706	0.35777003015962233	0.18915219444192682	-0.874663521251354	0.4237319219171187	0.7702401332966801	False	False	False	False
sp|P05155|IC1_HUMAN	psvid_79219_sp|P05155|IC1_HUMAN	-0.059130123165122006	-0.2656895685240499	0.14742932219380586	0.08276537889931743	-0.7144306466240277	0.5038794226639096	0.7919840379664338	0.10244015753318131	5.202003145157163	0.017471068022686637	0.13217816772329172	0.10405415175267271	-0.5682629877726451	0.5956392771195846	0.8452850776150228	False	False	False	False
sp|Q9Y262|EIF3L_HUMAN	psvid_81098_sp|Q9Y262|EIF3L_HUMAN	0.07193027582565237	-0.17945834769541208	0.3233188993467168	0.100727781489463	0.7141056296685825	0.5040653356678951	0.7919840379664338	0.1205960988043434	4.4932223791418195	0.027053289183182002	0.16447884114129088	0.11002224058545697	0.6537794126250533	0.5435453900610359	0.8192783404244385	False	False	False	False
sp|Q9Y2P4|S27A6_HUMAN	psvid_51713_sp|Q9Y2P4|S27A6_HUMAN	-0.14624062518028902	-0.657901887220991	0.36542063686041293	0.20501525915368307	-0.7133158077305087	0.5045173162389844	0.7919840379664338	0.2068154754998851	1.3656015629507225	0.1326235960960476	0.36417522718610007	0.14495319023410339	-1.008881728950611	0.361586338130899	0.7215079141157084	False	False	False	False
sp|P61916|NPC2_HUMAN	psvid_77729_sp|P61916|NPC2_HUMAN	0.14624062518028913	-0.3661243298169137	0.6586055801774919	0.205297218732304	0.7123361245871463	0.5050783286834112	0.7919840379664338	0.20681547549988508	1.799842961492274	0.13312710914951384	0.364865878302581	0.14495319023410339	1.0088817289506116	0.36158633813089847	0.7215079141157084	False	False	False	False
sp|P15531|NDKA_HUMAN	psvid_71632_sp|P15531|NDKA_HUMAN	-0.1455720916057076	-0.6557739258147439	0.3646297426033287	0.20443048755316814	-0.7120860168562055	0.5052216199486405	0.7919840379664338	0.2867660904487157	2.9882305702458503	0.0851700423112278	0.29183906919949526	0.18292631129897233	-0.7957963541274635	0.4640107853651032	0.7829172339035895	False	False	False	False
sp|Q9BYZ2|LDH6B_HUMAN	psvid_51617_sp|Q9BYZ2|LDH6B_HUMAN	-0.14624062518028902	-0.6592169346114173	0.36673568425083924	0.205542179601935	-0.7114871772961986	0.5055648181632726	0.7919840379664338	0.20681547549988508	1.4693609377704335	0.1335651130283166	0.3654656112800719	0.14495319023410339	-1.008881728950611	0.361586338130899	0.7215079141157084	False	False	False	False
sp|Q96DC8|ECHD3_HUMAN	psvid_59818_sp|Q96DC8|ECHD3_HUMAN	-0.1462406251802889	-0.6597719657479979	0.3672907153874201	0.20576457254184727	-0.7107181929996589	0.5060057592305819	0.7919840379664338	0.20681547549988505	1.549842961492274	0.13396321652476254	0.36600985850761253	0.14495319023410339	-1.00888172895061	0.3615863381308995	0.7215079141157084	False	False	False	False
sp|Q9H254|SPTN4_HUMAN	psvid_35000_sp|Q9H254|SPTN4_HUMAN	-0.14624062518028902	-0.6598523612363518	0.3673711108757738	0.20579678584995256	-0.7106069444977327	0.5060695715056832	0.7919840379664338	0.2068154754998851	1.5731203125901445	0.13402091695815913	0.36608867362724995	0.14495319023410339	-1.008881728950611	0.361586338130899	0.7215079141157084	False	False	False	False
sp|O43920|NDUS5_HUMAN	psvid_83035_sp|O43920|NDUS5_HUMAN	-0.29248125036057804	-1.3199451919261325	0.7349826912049764	0.4116899243280416	-0.7104406328086961	0.5061649782686789	0.7919840379664338	0.7216198808155333	2.1785613794165304	0.12521124325595953	0.35385200756242646	0.41450242707525525	-0.7056201152411501	0.5134819184023774	0.8088501499537946	False	False	False	False
sp|Q7Z4R8|CF120_HUMAN	psvid_152111_sp|Q7Z4R8|CF120_HUMAN	-0.12135670679256039	-0.5476919309892816	0.3049785174041609	0.1708263512590903	-0.7104097576169622	0.5061826915475361	0.7919840379664338	0.09977949571102876	2.433641627478699	0.11529522910665872	0.33955151171311065	0.10323522357122032	-1.1755358548609947	0.29527155825747087	0.6928245058196533	False	False	False	False
sp|P08865|RSSA_HUMAN	psvid_97390_sp|P08865|RSSA_HUMAN	-0.05483519419919736	-0.24771157250072762	0.1380411841023329	0.0772827720519645	-0.7095396909718311	0.5066820266827659	0.7921933274325784	0.11191427644321338	6.142331251098566	0.011263642216095916	0.10613030771695668	0.107088773656886	-0.5120536198770015	0.6314995271471345	0.8615108139037576	False	False	False	False
sp|P05386|RLA1_HUMAN	psvid_48096_sp|P05386|RLA1_HUMAN	0.11419122469090492	-0.28783786530869737	0.5162203146905072	0.16108723522444676	0.7088781710841304	0.5070618991885036	0.792215670902298	0.2746395121147306	4.6577820179693745	0.024226092746551006	0.15564733453082646	0.17695785386728435	0.6453018173273427	0.5485722562177276	0.8192783404244385	False	False	False	False
sp|P55884|EIF3B_HUMAN	psvid_31084_sp|P55884|EIF3B_HUMAN	-0.07311848809921173	-0.33125390901708174	0.18501693281865828	0.10343112551681181	-0.7069292510727534	0.5081821715950573	0.7926270390352766	0.1517066291708649	5.008914438998515	0.019491997709916623	0.13961374470272123	0.12156360655017187	-0.6014833729783609	0.5750406065849896	0.8351963769903971	False	False	False	False
sp|Q9NX62|IMPA3_HUMAN	psvid_64418_sp|Q9NX62|IMPA3_HUMAN	-0.23527657773660804	-1.0662804775938541	0.595727322120638	0.33297123023826264	-0.706597316435574	0.5083731399804396	0.7926270390352766	0.5448974709921784	1.778602336311985	0.13332792287665537	0.36514096302202986	0.31811117757281687	-0.7396048750369746	0.4944127645680236	0.7986268748542786	False	False	False	False
sp|P31930|QCR1_HUMAN	psvid_65377_sp|P31930|QCR1_HUMAN	-0.058599529190282995	-0.26578676573434734	0.14858770735378135	0.08301692573716445	-0.705874478847987	0.5087891701656784	0.7926270390352766	0.12815766506577891	6.283378062143302	0.010677809485972382	0.10333348675996752	0.11268696968804179	-0.5200204544723107	0.6263418962074505	0.8600239993164828	False	False	False	False
sp|Q687X5|STEA4_HUMAN	psvid_47896_sp|Q687X5|STEA4_HUMAN	-0.1780719051126377	-0.8079847587519949	0.4518409485267195	0.25239695969564296	-0.705523177962875	0.5089914449185078	0.7926270390352766	0.40824829046386313	3.05720467262397	0.08123680111547552	0.28502070295940873	0.24515491761011338	-0.7263648098458202	0.5017811381434649	0.8021873438355909	False	False	False	False
sp|P18428|LBP_HUMAN	psvid_62407_sp|P18428|LBP_HUMAN	0.20090069679912448	-0.510302295906434	0.9121036895046829	0.2849687413873561	0.7049920486754072	0.5092973657789923	0.7926270390352766	0.4853505384580432	3.1438696324754165	0.0763816226492666	0.2763722537616007	0.2860750373181479	0.7022657365791064	0.5153917170260652	0.809615190054072	False	False	False	False
sp|Q8WXF0|SRS12_HUMAN	psvid_47227_sp|Q8WXF0|SRS12_HUMAN	-0.353759374819711	-1.6067793664564856	0.8992606168170636	0.5020669676762124	-0.7046059541759251	0.5095198271232766	0.7926270390352766	0.9139222566864326	0.5731203125901445	0.11472183140173799	0.3387061136173039	0.5206200935519816	-0.6794961992460817	0.5284856669891987	0.8192783404244385	False	False	False	False
sp|P0DTE4|UD2A1_HUMAN	psvid_882661_sp|P0DTE4|UD2A1_HUMAN	-0.26603258435492894	-1.2102001157991313	0.6781349470892735	0.37831425887412257	-0.7032052800405988	0.5103274230071918	0.7933138634552258	0.689115378735998	3.3708374709192075	0.06438749982108968	0.25374692081105077	0.3966668416118747	-0.670670084935491	0.5336220007623791	0.8192783404244385	False	False	False	False
sp|Q14643|ITPR1_HUMAN	psvid_34224_sp|Q14643|ITPR1_HUMAN	-0.1332972127492762	-0.60834563625881	0.3417512107602576	0.19034502488603144	-0.7002926019689116	0.512009565703026	0.7945637919347119	0.2614689106769848	3.1276652224233423	0.07728031677085787	0.27799337540822416	0.17054713075467395	-0.7815857831171581	0.4715658029090078	0.7860193606473312	False	False	False	False
sp|P20073|ANXA7_HUMAN	psvid_62835_sp|P20073|ANXA7_HUMAN	-0.09491089818591247	-0.43323128975001385	0.2434094933781889	0.13556008222481425	-0.7001389836022027	0.512098387503388	0.7945637919347119	0.1805197216198977	3.9156281589036515	0.04165236029687378	0.20408909891729587	0.13340875902183352	-0.7114292860664378	0.5101861996586786	0.807233926976166	False	False	False	False
sp|Q9P003|CNIH4_HUMAN	psvid_60018_sp|Q9P003|CNIH4_HUMAN	-0.2880007733612624	-1.3154748984561124	0.7394733517335876	0.41169400472077894	-0.6995505643969522	0.512438706023979	0.7945637919347119	0.7188043730999517	1.1864816370412092	0.12999557548530408	0.36054899179626626	0.41295606657017	-0.6974126224934026	0.5181635548289226	0.8105524930489268	False	False	False	False
sp|Q4KMQ2|ANO6_HUMAN	psvid_31777_sp|Q4KMQ2|ANO6_HUMAN	0.22672264890212956	-0.5835916938918879	1.037036991696147	0.32468122429531654	0.6982930700541897	0.5131665006198004	0.7945637919347119	0.5344993569935911	0.8633613244510647	0.12280016141142587	0.3504285396645454	0.31249569827909945	0.7255224636712811	0.5022525504840314	0.8021873438355909	False	False	False	False
sp|Q9BVA1|TBB2B_HUMAN	psvid_22585_sp|Q9BVA1|TBB2B_HUMAN	-0.05121515468275328	-0.23457164681367187	0.1321413374481653	0.07346829150560205	-0.6971055625929189	0.513854426017513	0.7945637919347119	0.11567673974216569	7.378270177321115	0.0077538652726416015	0.08805603484510077	0.10834286084410882	-0.47271370059578893	0.6573179189232187	0.8712054729316764	False	False	False	False
sp|Q9Y4W6|AFG32_HUMAN	psvid_43496_sp|Q9Y4W6|AFG32_HUMAN	-0.1193015800913182	-0.5464553025762673	0.30785214239363096	0.17115431167182238	-0.6970410439911761	0.5138918194803206	0.7945637919347119	0.28348635022727203	4.216989945065562	0.032975734237543845	0.18159221965035793	0.1813062267557626	-0.6580114882211365	0.5410474762033948	0.8192783404244385	False	False	False	False
sp|P46977|STT3A_HUMAN	psvid_87075_sp|P46977|STT3A_HUMAN	-0.08374140449752732	-0.3838347551071236	0.21635194611206898	0.1202430604188076	-0.6964344071570974	0.514243501150003	0.7945637919347119	0.17945129272710633	4.606914523936661	0.02505214175858775	0.15827868384146918	0.13295319356553775	-0.6298562843941613	0.5578096256141135	0.8256649308099617	False	False	False	False
sp|Q8NBJ7|SUMF2_HUMAN	psvid_32694_sp|Q8NBJ7|SUMF2_HUMAN	-0.06321467691402383	-0.28979553986243556	0.16336618603438793	0.09078767102939005	-0.6962914258871096	0.5143264142516727	0.7945637919347119	0.09444475365684682	4.5872824837902435	0.02538200008660717	0.15931729374618178	0.10163957163150074	-0.6219494621958045	0.5625775104562787	0.8290709697257684	False	False	False	False
sp|Q8N5I4|DHRSX_HUMAN	psvid_74942_sp|Q8N5I4|DHRSX_HUMAN	-0.09014742881411686	-0.41334764965991	0.23305279203167628	0.12950164874892742	-0.696110278787964	0.5144314721201665	0.7945637919347119	0.15422626846368645	3.818758090669082	0.04501494479454889	0.2121672566503816	0.12255984859053005	-0.7355380236744382	0.4966677762016131	0.7996129799620325	False	False	False	False
sp|Q6IAA8|LTOR1_HUMAN	psvid_8991_sp|Q6IAA8|LTOR1_HUMAN	-0.12900378675091606	-0.5935573873272428	0.33554981382541077	0.1861399012953925	-0.6930474651224566	0.516209954168571	0.7962290508067675	0.2661936030690394	3.310428441540295	0.06745798645177879	0.2597267534386452	0.1728377789531205	-0.746386510705546	0.49066879525754364	0.798445284621052	False	False	False	False
sp|P15144|AMPN_HUMAN	psvid_43272_sp|P15144|AMPN_HUMAN	-0.03882779892813004	-0.17866199020165638	0.1010063923453963	0.056029535728673516	-0.6929880539463339	0.5162444930242309	0.7962290508067675	0.049438972885400605	6.255569755070008	0.010788268299107505	0.10386658894518248	0.0910357166336843	-0.4265117073155801	0.6883536548416552	0.8831630373249655	False	False	False	False
sp|Q9BRX8|PXL2A_HUMAN	psvid_91433_sp|Q9BRX8|PXL2A_HUMAN	-0.05737046153069181	-0.2642429290534434	0.14950200599205973	0.0828908023479897	-0.6921209580025639	0.5167487574651248	0.7964399412709287	0.08433903040573092	4.8428664025317865	0.021537792523959633	0.1467575978406557	0.09879555912278742	-0.5806987888938338	0.5878754643897705	0.8437589230029635	False	False	False	False
sp|P37802|TAGL2_HUMAN	psvid_63340_sp|P37802|TAGL2_HUMAN	-0.20751874963942185	-0.9576591033919489	0.5426216041131052	0.300570378169407	-0.6904165037928669	0.5177409507486994	0.7974020186726593	0.4729660183793949	1.994319980874979	0.13009891791996103	0.3606922759360963	0.27945373700141524	-0.7425871339783547	0.4927638149749024	0.798445284621052	False	False	False	False
sp|P09622|DLDH_HUMAN	psvid_64865_sp|P09622|DLDH_HUMAN	0.15338291322948183	-0.40203440095888565	0.7088002274178493	0.22254767568804662	0.6892137280484761	0.518441872258668	0.7974955467816801	0.3824516235183497	3.8606187781408403	0.043526113915881084	0.20862913007507145	0.23165792008020705	0.6621095155148418	0.5386360243382906	0.8192783404244385	False	False	False	False
sp|P04040|CATA_HUMAN	psvid_30671_sp|P04040|CATA_HUMAN	-0.05973291176340356	-0.2760843117539049	0.15661848822709779	0.08668887333860029	-0.6890493492756706	0.5185377136203909	0.7974955467816801	0.1370633282800599	6.300242516592816	0.01061197310311808	0.10301443152839354	0.11594641973825538	-0.5151768540869854	0.6294746884244362	0.8611444001316134	False	False	False	False
sp|O14662|STX16_HUMAN	psvid_56434_sp|O14662|STX16_HUMAN	-0.18424139854155153	-0.8524515903404649	0.48396879325736186	0.26774214857385253	-0.6881299770055868	0.5190739729820103	0.7977541130865363	0.39442099481521636	1.1346019496313537	0.12902774057889824	0.35920431592465346	0.2379058534553501	-0.7744298673850399	0.4754045147451713	0.7860193606473312	False	False	False	False
sp|Q12931|TRAP1_HUMAN	psvid_35824_sp|Q12931|TRAP1_HUMAN	-0.25	-1.1589236456218113	0.6589236456218112	0.36419254413526947	-0.6864500770975264	0.520054792550299	0.7986950641080779	0.6143339554696051	1.771240625180289	0.13339169206969145	0.3652282739187801	0.355796093339488	-0.7026496487173592	0.5151728881341916	0.809615190054072	False	False	False	False
sp|P63167|DYL1_HUMAN	psvid_18626_sp|P63167|DYL1_HUMAN	0.23527657773660815	-0.6210539844512245	1.0916071399244407	0.3431192571193557	0.6856991347902285	0.5204936329231624	0.7988029054847684	0.5691363789299125	1.924842961492274	0.1314300927049509	0.3625328849979694	0.33123158294439997	0.710308406116277	0.5108209523539798	0.8074026285565823	False	False	False	False
sp|Q13885|TBB2A_HUMAN	psvid_40984_sp|Q13885|TBB2A_HUMAN	-0.05038443546129945	-0.23430919578458861	0.13354032486198972	0.07369598834210475	-0.6836794864248166	0.5216751075580163	0.7991897165125595	0.11623316001085786	7.381703943788011	0.007747939151715497	0.08802237869834861	0.10853058737954452	-0.4642418020377888	0.6629523880315341	0.8712054729316764	False	False	False	False
sp|Q8IVS8|GLCTK_HUMAN	psvid_41346_sp|Q8IVS8|GLCTK_HUMAN	-0.13447356176609437	-0.6254373439300257	0.35649022039783695	0.19672207865406824	-0.6835712731694107	0.5217384614336597	0.7991897165125595	0.24153195811205347	2.732681305326044	0.09981737205216057	0.3159388739173459	0.16100409178861633	-0.8352182871392231	0.44352736319185204	0.777339918547936	False	False	False	False
sp|A6NHL2|TBAL3_HUMAN	psvid_55882_sp|A6NHL2|TBAL3_HUMAN	-0.13209474308869718	-0.6145103839693976	0.35032089779200326	0.19329696221380024	-0.6833772325019312	0.5218520760799593	0.7991897165125595	0.2842451736932154	3.307853936253347	0.06759097914436113	0.2599826516219133	0.1816806843278417	-0.7270709243385114	0.5013862088065676	0.8021873438355909	False	False	False	False
sp|O14653|GOSR2_HUMAN	psvid_71810_sp|O14653|GOSR2_HUMAN	-0.14073404859778949	-0.6575979791772656	0.3761298819816866	0.2070998931056719	-0.6795466983943854	0.5240982851779107	0.8007135376581574	0.3375383446907942	3.623946804499086	0.05267182271143816	0.22950342636099827	0.2084773081786071	-0.6750569154376241	0.5310648714403378	0.8192783404244385	False	False	False	False
sp|Q7Z7H5|TMED4_HUMAN	psvid_30569_sp|Q7Z7H5|TMED4_HUMAN	0.10375937481971098	-0.2784425754682266	0.48596132510764856	0.15314278742698995	0.6775335395353029	0.5252813512265037	0.8007135376581574	0.24302658865249255	4.2320476341162445	0.03260815259061127	0.18057727595301484	0.16171215023322494	0.6416300486393066	0.5507590001013835	0.8192783404244385	False	False	False	False
sp|Q15366|PCBP2_HUMAN	psvid_88152_sp|Q15366|PCBP2_HUMAN	-0.10375937481971098	-0.4860056225158561	0.27848687287643414	0.153160536757059	-0.6774550221398908	0.5253275289475725	0.8007135376581574	0.14673791509338868	3.136842188131012	0.07677079652814667	0.27707543472517854	0.11962378009205231	-0.8673808396613665	0.42733400951924255	0.7702401332966801	False	False	False	False
sp|P13639|EF2_HUMAN	psvid_47501_sp|P13639|EF2_HUMAN	-0.038403086576676904	-0.17992890713407605	0.10312273398072225	0.05670734708895108	-0.6772153618196575	0.525468494748767	0.8007135376581574	0.03631181457568002	5.898311226940326	0.01244473441024582	0.11155596985480347	0.08906371937497336	-0.43118664756176867	0.6851795990871961	0.8801328934332863	False	False	False	False
sp|P50502|F10A1_HUMAN	psvid_44443_sp|P50502|F10A1_HUMAN	-0.15935748015382323	-0.7470931664684579	0.42837820616081146	0.23549717944853413	-0.6766853026732298	0.5257803588153154	0.8007135376581574	0.3271552185579539	2.4293646630614596	0.11548970975522765	0.3398377697596717	0.20318779912004434	-0.7842866591594609	0.4701229142737036	0.7860193606473312	False	False	False	False
sp|Q9NZ01|TECR_HUMAN	psvid_23937_sp|Q9NZ01|TECR_HUMAN	-0.09611229486135575	-0.4507359191091253	0.2585113293864138	0.14209255150019812	-0.6764062848236049	0.525944569955043	0.8007135376581574	0.2459084218754664	5.279552671021955	0.016752276015374712	0.12943058377128147	0.16308089690588587	-0.5893534845888311	0.5825094413105819	0.8423445535331313	False	False	False	False
sp|P05181|CP2E1_HUMAN	psvid_37478_sp|P05181|CP2E1_HUMAN	-0.0543132840164402	-0.2547570057482234	0.146130437715343	0.08031489699390473	-0.6762541701393472	0.5260341086610048	0.8007135376581574	0.13463503337836008	8.134329050725977	0.0067550974404481405	0.0821893998058639	0.1150452596864884	-0.4721036239515662	0.6577228012495647	0.8712054729316764	False	False	False	False
sp|Q9P246|STIM2_HUMAN	psvid_48055_sp|Q9P246|STIM2_HUMAN	-0.29248125036057804	-1.3728351672495276	0.7878726665283715	0.4328821716252294	-0.6756601900754545	0.5263838371252794	0.8007135376581574	0.7650823625262251	1.042481250360578	0.12711392474323305	0.3565303980633812	0.4384050958116698	-0.6671483820667592	0.5356808685220318	0.8192783404244385	False	False	False	False
sp|Q13131|AAPK1_HUMAN	psvid_79206_sp|Q13131|AAPK1_HUMAN	-0.15050900352002472	-0.706493259441588	0.4054752524015386	0.22277484103156436	-0.6756104182280597	0.5264131491546855	0.8007135376581574	0.34235045850329726	3.1120557329955694	0.07815026249374533	0.27955368445746753	0.21093846248204767	-0.713520909126917	0.5090031966947646	0.8068836336778017	False	False	False	False
sp|O75347|TBCA_HUMAN	psvid_32947_sp|O75347|TBCA_HUMAN	-0.16383795715313842	-0.769255954749859	0.4415800404435821	0.24258222555007883	-0.6753914339008965	0.5265421279016494	0.8007135376581574	0.32728808736282533	1.9928830260202504	0.1301292878124232	0.36073437292892285	0.20325529933020536	-0.8060697934717552	0.45860541554425266	0.7812876851292418	False	False	False	False
sp|P32754|HPPD_HUMAN	psvid_50850_sp|P32754|HPPD_HUMAN	-0.07542871849946309	-0.35495719756561206	0.20409976056668588	0.11200301415826681	-0.6734525768465293	0.5276849952327675	0.8018535028884713	0.15927448502200806	4.624546168211399	0.024761204831193935	0.1573569344871523	0.12458027541456371	-0.6054627688730033	0.5726036106179841	0.8347541168273238	False	False	False	False
sp|Q9BV40|VAMP8_HUMAN	psvid_92535_sp|Q9BV40|VAMP8_HUMAN	-0.29248125036057804	-1.3773235445870062	0.7923610438658502	0.43468059943536425	-0.6728647442294446	0.5280318175458462	0.8018535028884713	0.7650823625262252	1.688721875540867	0.13390444538547144	0.3659295634209833	0.43840509581166986	-0.6671483820667591	0.5356808685220318	0.8192783404244385	False	False	False	False
sp|P01871|IGHM_HUMAN	psvid_165137_sp|P01871|IGHM_HUMAN	0.13749176984123812	-0.3739960565663023	0.6489795962487785	0.20494576600671846	0.6708690426750797	0.5292104017835362	0.8030804906617107	0.2604974007699912	2.67557409595436	0.10299562045302729	0.3209293075632503	0.17007742749821672	0.8084069230332152	0.4573823590161314	0.7812139160208079	False	False	False	False
sp|P49368|TCPG_HUMAN	psvid_27914_sp|P49368|TCPG_HUMAN	-0.05162010409388085	-0.24449167625813817	0.14125146807037647	0.0772808463023492	-0.6679546946461388	0.5309345993193992	0.8051331537614682	0.064958251388438	4.881753173654369	0.02103014177154269	0.14501772916282576	0.09406190526065526	-0.5487886296884611	0.6079225056922507	0.8510222006078889	False	False	False	False
sp|Q8TBA6|GOGA5_HUMAN	psvid_76284_sp|Q8TBA6|GOGA5_HUMAN	0.12290300609661164	-0.3375206299047655	0.5833266420979888	0.1844850842896027	0.6661948122791316	0.5319775652954212	0.8058537898718481	0.29260210121554764	3.753833491340134	0.04743303009923356	0.21779125349571218	0.1858193459684214	0.6614112511056738	0.5390464012501133	0.8192783404244385	False	False	False	False
sp|P10620|MGST1_HUMAN	psvid_97758_sp|P10620|MGST1_HUMAN	-0.08816486165920345	-0.4185984096705922	0.2422686863521853	0.1323999382099732	-0.6658980574400474	0.5321535640547368	0.8058537898718481	0.24156478824382138	7.431718051591136	0.0076633072915561215	0.08754031809147213	0.1610196309898908	-0.54754107382558	0.6087145412746783	0.8510222006078889	False	False	False	False
sp|O43493|TGON2_HUMAN	psvid_62566_sp|O43493|TGON2_HUMAN	0.1326286791746949	-0.3651888238075087	0.6304461821568985	0.19946826534821221	0.6649111774405051	0.5327391342160193	0.8061024920708016	0.2930809858592339	3.221598367906008	0.07214070280929262	0.2685902135396832	0.18605730626481656	0.7128377908789222	0.509389350144285	0.8069054983645216	False	False	False	False
sp|P52895|AK1C2_HUMAN	psvid_92432_sp|P52895|AK1C2_HUMAN	0.06698061031926539	-0.18463462207040082	0.3185958427089316	0.1008185803819522	0.6643677193778039	0.5330617771746464	0.8061024920708016	0.1534263741667665	5.302083171646641	0.016552451322161807	0.12865633028406262	0.12224268219471804	0.5479314517377265	0.6084666358352487	0.8510222006078889	False	False	False	False
sp|P03928|ATP8_HUMAN	psvid_107160_sp|P03928|ATP8_HUMAN	0.11140645477806677	-0.30826049259902777	0.5310734021551613	0.1681544692900865	0.6625244945816894	0.534157020699597	0.8071954420195445	0.22819858412196684	3.422986482346431	0.061817560385879856	0.24863137450024253	0.1547458049718651	0.7199319865137668	0.5053891710516545	0.8035057473726598	False	False	False	False
sp|P08559|ODPA_HUMAN	psvid_81212_sp|P08559|ODPA_HUMAN	0.10088546511025331	-0.2805264240457768	0.48229735426628345	0.15282622137104263	0.660131908027198	0.5355808777184885	0.8087831094187906	0.20976314717627517	3.6910033386103946	0.049900272068450456	0.22338368800888406	0.14628346048888863	0.689657359574949	0.5226143581937172	0.8135814038834662	False	False	False	False
sp|O14880|MGST3_HUMAN	psvid_25069_sp|O14880|MGST3_HUMAN	-0.13941047368041093	-0.6675908758413975	0.3887699284805757	0.21163423941270992	-0.6587330767803845	0.5364144801505307	0.8094778401714485	0.37249164977305893	4.268271123529029	0.0317469228303194	0.17817666185648276	0.22647962916709485	-0.6155541414170852	0.566453203262559	0.8316423383942854	False	False	False	False
sp|P49327|FAS_HUMAN	psvid_52701_sp|P49327|FAS_HUMAN	-0.059855087663460926	-0.2871104285886316	0.16740025326170976	0.09105792458864365	-0.6573298033516327	0.5372515750191436	0.8095590949882251	0.15060268687155398	6.653740404477247	0.009411132148183107	0.0970109898319933	0.12112974631881997	-0.4941402874395455	0.6431844015986466	0.8677682985343053	False	False	False	False
sp|Q93100|KPBB_HUMAN	psvid_37883_sp|Q93100|KPBB_HUMAN	-0.2287777756033721	-1.0975738262788526	0.6400182750721083	0.34811399786361213	-0.6571921181204702	0.5373337539867223	0.8095590949882251	0.5799151621193122	1.8967096420379277	0.13188974672532497	0.36316627971953147	0.33707868844534045	-0.6787073269405756	0.5289433727984919	0.8192783404244385	False	False	False	False
sp|Q9BUN8|DERL1_HUMAN	psvid_108755_sp|Q9BUN8|DERL1_HUMAN	-0.16746284957691704	-0.8038262726412826	0.4689005734874485	0.25498160946389475	-0.6567644228499926	0.5375890806128546	0.8095590949882251	0.4102604869898383	2.991070579808361	0.08500722257326972	0.29155998109011755	0.2462124586676848	-0.6801558722214913	0.5281031307121051	0.8192783404244385	False	False	False	False
sp|Q9UKY3|CES1P_HUMAN	psvid_103296_sp|Q9UKY3|CES1P_HUMAN	-0.027937781210949808	-0.13430376333873598	0.07842820091683636	0.04261930892342875	-0.6555193389255499	0.5383328211362066	0.8101161273626108	0.03409437837289962	8.37747637847878	0.006538233884097491	0.08085934630021127	0.0887867595499012	-0.3146615706280824	0.7663561611678602	0.9250482747326492	False	False	False	False
sp|Q6P093|ADCL2_HUMAN	psvid_67034_sp|Q6P093|ADCL2_HUMAN	-0.25	-1.2048914373497273	0.7048914373497273	0.38261117269478623	-0.6534048607081011	0.5395974109510442	0.8110537178055091	0.6588230991627176	1.021240625180289	0.12664032915109022	0.3558656054623574	0.38008122328049165	-0.6577541448699913	0.5411991491080395	0.8192783404244385	False	False	False	False
sp|P24534|EF1B_HUMAN	psvid_31234_sp|P24534|EF1B_HUMAN	0.25	-0.7071448462718335	1.2071448462718335	0.38351408102187406	0.6518665477258996	0.5405186222458204	0.8110537178055091	0.6588230991627176	1.167481250360578	0.12965092593473676	0.3600707235179455	0.38008122328049165	0.6577541448699913	0.5411991491080395	0.8192783404244385	False	False	False	False
sp|Q9UNF0|PACN2_HUMAN	psvid_48989_sp|Q9UNF0|PACN2_HUMAN	0.1417601481809735	-0.40111406254926807	0.684634358911215	0.2175218357489375	0.6517053687639538	0.5406152021469228	0.8110537178055091	0.286242622801809	2.552083199991932	0.10956405850330359	0.33100462006338155	0.18266745298896292	0.7760558646949486	0.4745302521622366	0.7860193606473312	False	False	False	False
sp|O60739|EIF1B_HUMAN	psvid_103290_sp|O60739|EIF1B_HUMAN	-0.18424139854155142	-0.8899961907919098	0.521513393708807	0.2827857263516093	-0.6515229779047259	0.5407245058239942	0.8110537178055091	0.4265561646759739	1.6346019496313537	0.1340440961386294	0.3661203301356391	0.254799906565709	-0.7230826770104736	0.5036197294905796	0.8021873438355909	False	False	False	False
sp|P09601|HMOX1_HUMAN	psvid_49595_sp|P09601|HMOX1_HUMAN	-0.08080936862688382	-0.39058018871491795	0.22896145146115032	0.12412068231490486	-0.6510548211607755	0.5410051292211521	0.8110537178055091	0.1910023452009853	4.663015565832192	0.024143381907233766	0.15538140785574625	0.13793712159584792	-0.5858420684147165	0.5846828657168566	0.8427796994188929	False	False	False	False
sp|Q5VT66|MARC1_HUMAN	psvid_49997_sp|Q5VT66|MARC1_HUMAN	-0.1073842672434896	-0.5192332388485568	0.3044647043615776	0.16502191959780219	-0.6507272943207223	0.5412015117428547	0.8110537178055091	0.22010129805458015	3.4286224685374984	0.06154446581325936	0.24808157088598776	0.15099989295534622	-0.7111545918462693	0.5103417074099434	0.807233926976166	False	False	False	False
sp|Q14520|HABP2_HUMAN	psvid_72883_sp|Q14520|HABP2_HUMAN	-0.11280277795808236	-0.5459926791494789	0.32038712323331414	0.17357292107927405	-0.6498869596517488	0.5417055797477938	0.8112480935131092	0.1795780497679692	2.848882639339619	0.09319400843908578	0.3052769372865985	0.133007181277165	-0.8480953951126895	0.43698804186846313	0.7768646788014845	False	False	False	False
sp|P17152|TMM11_HUMAN	psvid_87536_sp|P17152|TMM11_HUMAN	0.25	-0.7129475646856616	1.2129475646856616	0.38583914627043725	0.6479384023537449	0.5428755679491266	0.8124387815923739	0.67700320038633	0.375	0.10887396708237237	0.3299605538278362	0.39003074566353385	0.6409751097306222	0.551149657132889	0.8192783404244385	False	False	False	False
sp|O95169|NDUB8_HUMAN	psvid_46674_sp|O95169|NDUB8_HUMAN	-0.09898216908278501	-0.4806989466481377	0.2827346084825677	0.15294838574205818	-0.6471605999798833	0.5433430431984311	0.8125772081511388	0.21615044227549463	3.768812117922191	0.04686333880350363	0.2164794188912739	0.1491883673996955	-0.6634710923379074	0.5378364167624191	0.8192783404244385	False	False	False	False
sp|Q9Y639|NPTN_HUMAN	psvid_47165_sp|Q9Y639|NPTN_HUMAN	-0.11588400424250844	-0.5635696954038972	0.33180168691888035	0.1793811742299668	-0.6460209926708644	0.5440284370866474	0.8130411194253552	0.20834214707088605	2.921773807197394	0.0889930820236932	0.29831708302357274	0.14564133692192757	-0.7956807228749154	0.46407189463485904	0.7829172339035895	False	False	False	False
sp|Q14534|ERG1_HUMAN	psvid_47688_sp|Q14534|ERG1_HUMAN	-0.1020997839637856	-0.49705433151929956	0.29285476359172835	0.15825256850220207	-0.6451698378744791	0.5445407084960259	0.8132458410137066	0.27503833897376184	4.962849494447102	0.0200285507137627	0.14152226225496362	0.17715318118902212	-0.5763361587892984	0.5905919522175367	0.8437589230029635	False	False	False	False
sp|P0C7V7|SC11B_HUMAN	psvid_93377_sp|P0C7V7|SC11B_HUMAN	0.25	-0.7183970291828402	1.21839702918284	0.38802266778950234	0.6442922559761947	0.5450692086339832	0.8133795494887588	0.67700320038633	0.625	0.11622807587386165	0.3409223898101467	0.39003074566353385	0.6409751097306222	0.551149657132889	0.8192783404244385	False	False	False	False
sp|P63241|IF5A1_HUMAN	psvid_75227_sp|P63241|IF5A1_HUMAN	0.06608068420327906	-0.1906378987133855	0.3227992671199436	0.10286341904468727	0.6424118974168206	0.5462027089277803	0.8133795494887588	0.16260533263286708	5.500191730996388	0.01495344540825915	0.1222842811168269	0.1259305801177002	0.5247389803296164	0.6232986774999422	0.8595013012834444	False	False	False	False
sp|P02654|APOC1_HUMAN	psvid_78187_sp|P02654|APOC1_HUMAN	0.14787633664698185	-0.42782363760505226	0.723576310899016	0.23067464389489106	0.6410602142919661	0.5470184479254645	0.8133795494887588	0.38180711825009533	3.457999972245523	0.06013599638086415	0.24522641860302113	0.23132224869730375	0.6392655158755832	0.5521702541745153	0.8201185337876454	False	False	False	False
sp|P25398|RS12_HUMAN	psvid_12007_sp|P25398|RS12_HUMAN	-0.07060293390055761	-0.3454843691423108	0.20427850134119557	0.11014101098421915	-0.6410231145478907	0.5470408485321893	0.8133795494887588	0.13745186778420593	4.319754387886882	0.030576654631952097	0.1748618158202416	0.11609144796136059	-0.6081665371600569	0.5709515715790595	0.8344186263067196	False	False	False	False
sp|P05164|PERM_HUMAN	psvid_26163_sp|P05164|PERM_HUMAN	0.06658869103135134	-0.19266458911981565	0.32584197118251834	0.10387903552566742	0.6410214601472496	0.5470418474631759	0.8133795494887588	0.10186413139917319	4.147053893001627	0.03476040448301631	0.1864414237314667	0.1038755799436522	0.641042784718725	0.5511092819847163	0.8192783404244385	False	False	False	False
sp|Q99518|FMO2_HUMAN	psvid_659551_sp|Q99518|FMO2_HUMAN	-0.25	-1.2234618632302563	0.7234618632302563	0.3900520734565642	-0.640940061629591	0.5470909975165634	0.8133795494887588	0.67700320038633	0.875	0.12310033208670612	0.35085656910866886	0.39003074566353385	-0.6409751097306222	0.551149657132889	0.8192783404244385	False	False	False	False
sp|Q8N4Q1|MIA40_HUMAN	psvid_74483_sp|Q8N4Q1|MIA40_HUMAN	-0.14875404134626946	-0.728512239583174	0.4310041568906351	0.23230071548499653	-0.6403511975230095	0.5474466493619975	0.8133795494887588	0.36201283214784197	3.066183585382133	0.08072866617733672	0.2841279046087109	0.22105348438865507	-0.6729323528089287	0.5323022595468708	0.8192783404244385	False	False	False	False
sp|P51659|DHB4_HUMAN	psvid_26690_sp|P51659|DHB4_HUMAN	-0.05072687275373555	-0.2487873194931878	0.1473335739857167	0.07935995321286009	-0.6391998823093482	0.5481424263957315	0.8133795494887588	0.11979696983080657	6.321138489625815	0.010531581943055944	0.10262349605746213	0.109746447850336	-0.46221881206499793	0.6643016484436393	0.871376935304426	False	False	False	False
sp|O43681|GET3_HUMAN	psvid_51700_sp|O43681|GET3_HUMAN	-0.10943939394473179	-0.5369799603338544	0.31810117244439085	0.1713093144229586	-0.6388408844747843	0.5483594955843459	0.8133795494887588	0.17810803565545877	2.897119033542035	0.09041473883535579	0.30069043688710123	0.13238208052219885	-0.8266934128322613	0.44789758140500974	0.777339918547936	False	False	False	False
sp|P56199|ITA1_HUMAN	psvid_36218_sp|P56199|ITA1_HUMAN	0.05036496859217188	-0.14640886088142469	0.24713879806576844	0.07884442430387259	0.6387892236749848	0.5483907369574162	0.8133795494887588	0.09004526715787728	5.196993296193335	0.01751921567397129	0.13236017404782788	0.1003718944626874	0.501783580570901	0.6381838849066089	0.8653856283272188	False	False	False	False
sp|Q9ULC4|MCTS1_HUMAN	psvid_72221_sp|Q9ULC4|MCTS1_HUMAN	0.25	-0.7276715377387574	1.2276715377387575	0.3917388290785763	0.6381802911598894	0.5487590684598825	0.8133795494887588	0.67700320038633	1.125	0.1288395397010865	0.3589422512063556	0.39003074566353385	0.6409751097306222	0.551149657132889	0.8192783404244385	False	False	False	False
sp|Q15392|DHC24_HUMAN	psvid_81984_sp|Q15392|DHC24_HUMAN	-0.06852097904303345	-0.33678822884370024	0.19974627075763335	0.10749080264738599	-0.6374589951459422	0.5491955701240999	0.8134701301838171	0.18818589147681195	6.945101015074423	0.008636163414879444	0.09293096047539509	0.13671027060985486	-0.501213103721953	0.6385563542663696	0.8653856283272188	False	False	False	False
sp|P52209|6PGD_HUMAN	psvid_64329_sp|P52209|6PGD_HUMAN	0.1290037867509165	-0.3772386499152377	0.6352462234170707	0.20284401428742022	0.6359753192821571	0.5500941298226075	0.8139917064335555	0.3018257797932235	3.225465940819139	0.07193297596008398	0.26820323629681275	0.19041716855529803	0.6774798077803221	0.5296561205494071	0.8192783404244385	False	False	False	False
sp|P39023|RL3_HUMAN	psvid_60920_sp|P39023|RL3_HUMAN	0.08974672932337668	-0.2626286789200644	0.4421221375668178	0.1411917239000735	0.6356373223893328	0.5502989616636635	0.8139917064335555	0.2597267766805451	7.583962809921264	0.0074241596125137685	0.08616356313729005	0.16970517141870595	0.528839095315184	0.6206612920125177	0.858646990043847	False	False	False	False
sp|Q9NVJ2|ARL8B_HUMAN	psvid_20634_sp|Q9NVJ2|ARL8B_HUMAN	-0.11560888737364561	-0.5702267345936908	0.33900895984639956	0.18215878878923777	-0.6346599477415715	0.5508915396403868	0.8142318654092644	0.3168752408036765	4.533327550463247	0.026321777770056606	0.16223987724988148	0.19798087329035233	-0.5839396778702828	0.585862479691405	0.8427796994188929	False	False	False	False
sp|P03915|NU5M_HUMAN	psvid_86249_sp|P03915|NU5M_HUMAN	0.16951797627815945	-0.497826037844708	0.8368619904010269	0.2673950837207905	0.6339607068287287	0.5513157346317918	0.8142318654092644	0.40593355801822956	0.6652410118609202	0.11738266203569743	0.3426115322573037	0.24393918067042453	0.6949190196190242	0.5195917816175896	0.8105524930489268	False	False	False	False
sp|P20851|C4BPB_HUMAN	psvid_51310_sp|P20851|C4BPB_HUMAN	0.1739984532774751	-0.5122220830618127	0.8602189896167629	0.27495863285227	0.6328168403825354	0.5520101082261536	0.8142318654092644	0.43422226149451854	2.5960426297771084	0.10728360666287305	0.32754176323466455	0.25885317712120376	0.6721897533287883	0.5327352260045556	0.8192783404244385	False	False	False	False
sp|Q92616|GCN1_HUMAN	psvid_880596_sp|Q92616|GCN1_HUMAN	-0.10651825542271687	-0.5268882229915645	0.3138517121461307	0.1684361593016142	-0.6323954183256899	0.5522660681480953	0.8142318654092644	0.26252483486498834	3.89278455457157	0.04241913883554908	0.20595907077754327	0.17105815802429944	-0.6227019900891576	0.5621225940945966	0.8290709697257684	False	False	False	False
sp|Q7RTV2|GSTA5_HUMAN	psvid_84544_sp|Q7RTV2|GSTA5_HUMAN	-0.07600154672252513	-0.3759963180030645	0.22399322455801424	0.12020356110902361	-0.6322736699422106	0.55234002868095	0.8142318654092644	0.0620550030441605	3.495926548164837	0.05835557139670481	0.2415689785479601	0.09344141626224577	-0.8133603894575485	0.45479825318527395	0.780322893628257	False	False	False	False
sp|P54646|AAPK2_HUMAN	psvid_84922_sp|P54646|AAPK2_HUMAN	-0.22672264890212956	-1.1238608029941133	0.6704155051898542	0.35947026832606643	-0.6307132157491121	0.5532885387900582	0.8150756380408267	0.6039642974015232	1.4438433481729054	0.13337684087249008	0.3652079419625073	0.3501498914229643	-0.6475016970039823	0.5472648624520099	0.8192783404244385	False	False	False	False
sp|P43155|CACP_HUMAN	psvid_85002_sp|P43155|CACP_HUMAN	-0.11657950105563464	-0.5793775403409998	0.34621853822973053	0.1854364733055713	-0.6286762198261246	0.5545282586871558	0.8151067118848113	0.28157010155486945	3.5383779643815876	0.056414483420214726	0.23751733288375973	0.18036163618695278	-0.6463652887623776	0.5479399743325734	0.8192783404244385	False	False	False	False
sp|P0C0S5|H2AZ_HUMAN	psvid_48126_sp|P0C0S5|H2AZ_HUMAN	-0.090642519846177	-0.45141330641233857	0.2701282667199846	0.14455563043398037	-0.6270424719815677	0.5555238259540264	0.8151067118848113	0.128187880894136	3.2313194751881325	0.07161921696371426	0.2676176693787506	0.11269781258950605	-0.8042970645431786	0.45953475029080787	0.7816419182732972	False	False	False	False
sp|Q71UI9|H2AV_HUMAN	psvid_48127_sp|Q71UI9|H2AV_HUMAN	-0.090642519846177	-0.45141330641233857	0.2701282667199846	0.14455563043398037	-0.6270424719815677	0.5555238259540264	0.8151067118848113	0.128187880894136	3.2313194751881325	0.07161921696371426	0.2676176693787506	0.11269781258950605	-0.8042970645431786	0.45953475029080787	0.7816419182732972	False	False	False	False
sp|P59190|RAB15_HUMAN	psvid_85856_sp|P59190|RAB15_HUMAN	0.13813525575719487	-0.41249233390639073	0.6887628454207805	0.2206285024232846	0.6260988686410828	0.5560993479397057	0.8151067118848113	0.3384784253258159	3.130752777501883	0.07710872769541448	0.277684583107191	0.20895764246502416	0.6610682152021135	0.5392480838221181	0.8192783404244385	False	False	False	False
sp|Q9H3K2|GHITM_HUMAN	psvid_40334_sp|Q9H3K2|GHITM_HUMAN	0.276728800979128	-0.8311331622980973	1.3845907642563533	0.4439042475131149	0.6233975063979359	0.5577490333697034	0.8151067118848113	0.8013297791660965	2.6864376041072555	0.10239648639904757	0.3199945099514171	0.4583808923816628	0.603709285396466	0.5736766391610711	0.834894074588342	False	False	False	False
sp|O95292|VAPB_HUMAN	psvid_59440_sp|O95292|VAPB_HUMAN	-0.05665347919678365	-0.2835128933120419	0.1702059349184746	0.09089928244869279	-0.6232555161121448	0.5578358298092936	0.8151067118848113	0.11865495585203373	5.016787751327203	0.019402527570301767	0.13929295592492022	0.1093543105151482	-0.5180726660878703	0.6276006242586888	0.8600239993164828	False	False	False	False
sp|O60220|TIM8A_HUMAN	psvid_69186_sp|O60220|TIM8A_HUMAN	0.18128503969235388	-0.545690614597416	0.9082606939821237	0.2912886185055367	0.6223553828585584	0.5583862642464023	0.8151067118848113	0.49574160305129567	3.0748020045968194	0.0802419300975543	0.28327006565741164	0.29164258628612877	0.621600027625925	0.562788830856763	0.8290709697257684	False	False	False	False
sp|P51159|RB27A_HUMAN	psvid_84564_sp|P51159|RB27A_HUMAN	-0.14875404134626957	-0.7462204253090565	0.4487123426165174	0.23939612910152422	-0.6213719574520993	0.5589880210622568	0.8151067118848113	0.4100077255116346	3.646665609103974	0.05171684271574202	0.2274133740916352	0.24607958045569892	-0.6044956719724633	0.5731952588089791	0.8347541168273238	False	False	False	False
sp|A0M8Q6|IGLC7_HUMAN	psvid_166234_sp|A0M8Q6|IGLC7_HUMAN	-0.18424139854155153	-0.9242844063234464	0.5558016092403434	0.2965245178424455	-0.6213361373356852	0.5590099470109031	0.8151067118848113	0.46726852625686366	0.9883613244510647	0.12588537986424508	0.3548032974258344	0.27641313931150563	-0.6665435622939743	0.536034999575508	0.8192783404244385	False	False	False	False
sp|P61225|RAP2B_HUMAN	psvid_73533_sp|P61225|RAP2B_HUMAN	0.18424139854155153	-0.5558016092403434	0.9242844063234464	0.2965245178424455	0.6213361373356852	0.5590099470109031	0.8151067118848113	0.46726852625686366	0.9883613244510647	0.12588537986424508	0.3548032974258344	0.27641313931150563	0.6665435622939743	0.536034999575508	0.8192783404244385	False	False	False	False
sp|O75494|SRS10_HUMAN	psvid_79632_sp|O75494|SRS10_HUMAN	-0.19074020067478759	-0.9574329542118803	0.5759525528623052	0.3072026850943314	-0.6208936637914405	0.5592808350954491	0.8151067118848113	0.4919235793318729	2.148949880537585	0.12612918174079546	0.3551467045332048	0.28959565148923955	-0.6586431795294926	0.5406752910728857	0.8192783404244385	False	False	False	False
sp|O00161|SNP23_HUMAN	psvid_45131_sp|O00161|SNP23_HUMAN	0.159357480153823	-0.48182968168514373	0.8005446419927897	0.25691441174605356	0.6202745851071194	0.5596599810026404	0.8151067118848113	0.36617335226445163	2.0184006156177787	0.12957209606975212	0.3599612424550067	0.22320509687469708	0.713950901592911	0.5087602358192441	0.8068836336778017	False	False	False	False
sp|P36551|HEM6_HUMAN	psvid_64219_sp|P36551|HEM6_HUMAN	0.16951797627815957	-0.5132732087783165	0.8523091613346356	0.27358454144818256	0.6196182554059495	0.5600621162760933	0.8151067118848113	0.40593355801822956	1.3114816370412092	0.1319554506942307	0.36325672835369577	0.24393918067042453	0.6949190196190248	0.5195917816175892	0.8105524930489268	False	False	False	False
sp|P07947|YES_HUMAN	psvid_81488_sp|P07947|YES_HUMAN	-0.2675973319728494	-1.3459032531459476	0.8107085892002489	0.43206156939562873	-0.6193499976106802	0.5602265306562801	0.8151067118848113	0.7595296795729226	1.6661194202226661	0.13398134887397636	0.3660346279711475	0.4353481817847394	-0.6146742841001793	0.5669877575191549	0.8318635548706896	False	False	False	False
sp|P26373|RL13_HUMAN	psvid_30483_sp|P26373|RL13_HUMAN	-0.07944740921398075	-0.39961003656774025	0.24071521813977875	0.12828452901918855	-0.6193062391965999	0.5602533529150694	0.8151067118848113	0.19010294968637087	4.387819832314993	0.029120571324345274	0.17064750605955328	0.1375445554882369	-0.5776121703397795	0.5897966135650032	0.8437589230029635	False	False	False	False
sp|Q58FF6|H90B4_HUMAN	psvid_47968_sp|Q58FF6|H90B4_HUMAN	0.13608012905595246	-0.4127487234798769	0.6849089815917818	0.21990777450081983	0.6188054486243056	0.5605603757959788	0.8151067118848113	0.2895987689595295	2.5067619400688432	0.11183342384451779	0.33441504727586313	0.18432892026649697	0.7382462223465102	0.49516530107958634	0.7987144520033569	False	False	False	False
sp|P52758|RIDA_HUMAN	psvid_110492_sp|P52758|RIDA_HUMAN	-0.13674866263053398	-0.6885623320634378	0.4150650068023698	0.22110374741313177	-0.6184818856779458	0.5607588004711411	0.8151067118848113	0.3428380737328655	3.1775522168495702	0.07452901528354297	0.2730000279918355	0.2111881830997173	-0.6475204276271698	0.5472537396801329	0.8192783404244385	False	False	False	False
sp|Q14847|LASP1_HUMAN	psvid_70626_sp|Q14847|LASP1_HUMAN	-0.16951797627815934	-0.8541650593036133	0.5151291067472946	0.2743281728920704	-0.617938633466032	0.5610920479850242	0.8151067118848113	0.4059335580182296	1.4957230355827607	0.1337287346327711	0.36568939639094145	0.24393918067042458	-0.6949190196190237	0.51959178161759	0.8105524930489268	False	False	False	False
sp|O43633|CHM2A_HUMAN	psvid_42492_sp|O43633|CHM2A_HUMAN	-0.12135670679256039	-0.6115347331755395	0.36882131959041875	0.1964072376899098	-0.6178830689740663	0.5611261399084466	0.8151067118848113	0.17162430063097417	1.7874010022984097	0.13324777594369033	0.36503119858950456	0.12965176094393557	-0.9360205053060393	0.3943287072979299	0.7508877932465853	False	False	False	False
sp|P03951|FA11_HUMAN	psvid_81860_sp|P03951|FA11_HUMAN	-0.18424139854155142	-0.9290942705547082	0.5606114734716053	0.29845176079598323	-0.6173238785731133	0.5614693064383137	0.8151067118848113	0.46726852625686366	1.2383613244510647	0.13087589381835538	0.3617677346286639	0.27641313931150563	-0.6665435622939738	0.5360349995755085	0.8192783404244385	False	False	False	False
sp|Q03518|TAP1_HUMAN	psvid_883479_sp|Q03518|TAP1_HUMAN	-0.1213567067925605	-0.6120068304336803	0.3692934168485594	0.19659640022556366	-0.6172885498072327	0.5614909915524201	0.8151067118848113	0.27018013541104136	3.03740100229841	0.0823610348975147	0.28698612317935285	0.17477854175418236	-0.6943455734013554	0.5199206116003731	0.8105524930489268	False	False	False	False
sp|P62805|H4_HUMAN	psvid_20925_sp|P62805|H4_HUMAN	0.10737030901054112	-0.3272372129534708	0.5419778309745531	0.17414094119656853	0.6165713144351426	0.56193134998231	0.8151067118848113	0.2960533961066649	4.398631273018365	0.028898358054190967	0.16999517067902536	0.18753618864028346	0.5725311460631742	0.5929675458920293	0.844137171628775	False	False	False	False
sp|Q9NRP0|OSTC_HUMAN	psvid_92941_sp|Q9NRP0|OSTC_HUMAN	-0.29248125036057804	-1.4784740666120797	0.8935115658909236	0.4752101490123481	-0.6154777017461764	0.562603205518873	0.8151067118848113	0.8507037407591777	1.292481250360578	0.13169390102962222	0.36289654314917663	0.48564203823121205	-0.6022568627416249	0.5745664037665705	0.8351963769903971	False	False	False	False
sp|P05177|CP1A2_HUMAN	psvid_82849_sp|P05177|CP1A2_HUMAN	-0.08181698020582573	-0.4136194511020448	0.24998549069039333	0.13294844578874818	-0.6154038110067936	0.562648617957873	0.8151067118848113	0.23924633147440574	6.588932770893159	0.009607798522669264	0.09801937830178921	0.15992377149988346	-0.511599866852098	0.6317940115468088	0.8615108139037576	False	False	False	False
sp|Q9BPW8|NIPS1_HUMAN	psvid_60951_sp|Q9BPW8|NIPS1_HUMAN	0.07096868727891392	-0.2168885632517833	0.35882593780961114	0.11534023228853114	0.6152986331896845	0.5627132630270779	0.8151067118848113	0.18355669773444067	5.12138487807589	0.018272502904223723	0.1351758221880811	0.13470987720405422	0.5268261596839913	0.6219552921954508	0.8595013012834444	False	False	False	False
sp|P29966|MARCS_HUMAN	psvid_58601_sp|P29966|MARCS_HUMAN	-0.18660648085381837	-0.9448677077145684	0.5716547460069317	0.3038242944385344	-0.6141920980962569	0.5633936488153409	0.8152363842443906	0.5486667188278127	3.7468656723492595	0.047700464868482804	0.21840436091910528	0.3201487413984302	-0.582874322849777	0.5865237206214524	0.8428361422988643	False	False	False	False
sp|P50225|ST1A1_HUMAN	psvid_56215_sp|P50225|ST1A1_HUMAN	-0.11785471897885036	-0.5969532388719571	0.36124380091425634	0.19196783986397978	-0.6139294949735185	0.5635551931694034	0.8152363842443906	0.3243287331045994	4.0773476960711	0.03667277618663661	0.19150137385051996	0.20175307406797016	-0.5841532751027395	0.5857299607635541	0.8427796994188929	False	False	False	False
sp|Q8WU76|SCFD2_HUMAN	psvid_73351_sp|Q8WU76|SCFD2_HUMAN	-0.16951797627815957	-0.8603216462424516	0.5212856936861324	0.27679502813480256	-0.6124314349880672	0.564477298133108	0.8160255537387893	0.4317774560771206	2.4577222622214983	0.1141834666475901	0.3379104417557855	0.2575596520614974	-0.6581697673581414	0.5409542038682317	0.8192783404244385	False	False	False	False
sp|Q16851|UGPA_HUMAN	psvid_24468_sp|Q16851|UGPA_HUMAN	0.05426038067988248	-0.16723679750432385	0.2757575588640888	0.08875071215305773	0.6113796651716563	0.5651252560281061	0.8164176198752707	0.1306190605438713	5.604339370236206	0.014215082646712255	0.11922702146205053	0.11357515700416623	0.4777486741919456	0.6539815812454263	0.871037545518647	False	False	False	False
sp|Q13247|SRSF6_HUMAN	psvid_29073_sp|Q13247|SRSF6_HUMAN	0.14911453488974669	-0.4605961616568225	0.7588252314363159	0.24430224786359522	0.6103690661618634	0.5657482842143134	0.8167731724799582	0.37418691818635197	2.8160033386103946	0.09508223986677412	0.30835408196872327	0.22735962359175135	0.6558531921107411	0.5423204138360161	0.8192783404244385	False	False	False	False
sp|P62851|RS25_HUMAN	psvid_40431_sp|P62851|RS25_HUMAN	-0.11403912165110908	-0.5809307680532023	0.3528525247509841	0.18707672240428574	-0.6095847745539535	0.5662320882803811	0.8169273870196976	0.26382777576506256	3.2531782722149347	0.07045443829440806	0.2654325494252882	0.17168945960046586	-0.6642173719719696	0.5373984914937532	0.8192783404244385	False	False	False	False
sp|Q13011|ECH1_HUMAN	psvid_55805_sp|Q13011|ECH1_HUMAN	0.08048202372184088	-0.24964185593416394	0.4106059033778457	0.1322758585837816	0.6084407584537789	0.5669382535797647	0.8174019930188624	0.19565146119992102	4.295095257596966	0.031129501859585736	0.17643554590723984	0.13997787490780145	0.5749624629953239	0.5914489174164751	0.8437589230029635	False	False	False	False
sp|P63000|RAC1_HUMAN	psvid_76440_sp|P63000|RAC1_HUMAN	-0.11358634063911555	-0.5801641634213686	0.3529914821431375	0.18695097782379227	-0.6075728619412442	0.5674743418493413	0.817630916747023	0.3008144093694323	3.8003295885135038	0.04568778936139918	0.21374702187726308	0.1899115546207347	-0.5981012628007527	0.5771169879229986	0.8365301089158114	False	False	False	False
sp|Q3SY69|AL1L2_HUMAN	psvid_74272_sp|Q3SY69|AL1L2_HUMAN	-0.12044985791643814	-0.6171727409189588	0.3762730250860825	0.1990296669717894	-0.6051854467179045	0.5689506304388555	0.8192132997747509	0.30177329592081503	3.352706179318797	0.06529880357378164	0.2555363057840933	0.19039092165081348	-0.6326449647496809	0.5561343293477532	0.8237478412143412	False	False	False	False
sp|Q03154|ACY1_HUMAN	psvid_33222_sp|Q03154|ACY1_HUMAN	0.07887545643198268	-0.2470961286417389	0.4048470415057043	0.13061209426737824	0.6038909097538502	0.5697521122947853	0.8193440080761514	0.1998450900665828	4.481359379801777	0.027275277830563036	0.16515228678575128	0.14183474735814655	0.5561081321829726	0.6032880278359142	0.8489124391691077	False	False	False	False
sp|Q9UHQ9|NB5R1_HUMAN	psvid_65336_sp|Q9UHQ9|NB5R1_HUMAN	-0.13933950983163856	-0.7154184304695363	0.4367394108062592	0.23082648222479182	-0.6036547821057286	0.5698983800040354	0.8193440080761514	0.42224040409764524	4.793776508958219	0.022205575698067238	0.1490153539004194	0.2525217299260256	-0.5517921561540745	0.6060181895669973	0.8505449590619709	False	False	False	False
sp|P59665|DEF1_HUMAN	psvid_55115_sp|P59665|DEF1_HUMAN	-0.12296327408241847	-0.6323492456058911	0.3864226974410542	0.20410358318826172	-0.6024552443501161	0.5706417822442899	0.8193440080761514	0.25158261231822815	2.6039628874017873	0.10686531473000029	0.32690260740777255	0.16578905981103395	-0.7416850920233927	0.4932621545534678	0.798445284621052	False	False	False	False
sp|P59666|DEF3_HUMAN	psvid_55114_sp|P59666|DEF3_HUMAN	-0.12296327408241847	-0.6323492456058911	0.3864226974410542	0.20410358318826172	-0.6024552443501161	0.5706417822442899	0.8193440080761514	0.25158261231822815	2.6039628874017873	0.10686531473000029	0.32690260740777255	0.16578905981103395	-0.7416850920233927	0.4932621545534678	0.798445284621052	False	False	False	False
sp|P11117|PPAL_HUMAN	psvid_85558_sp|P11117|PPAL_HUMAN	0.11347131153266343	-0.35732861050067427	0.5842712335660012	0.1886427118602549	0.6015144206404439	0.5712252655029822	0.8193440080761514	0.3147558893010629	4.019672916120347	0.03835994165852396	0.1958569418185732	0.1969113314530306	0.5762558746383258	0.5906420155127793	0.8437589230029635	False	False	False	False
sp|Q58FF3|ENPLL_HUMAN	psvid_72761_sp|Q58FF3|ENPLL_HUMAN	0.06666141484654342	-0.21002572909339007	0.3433485587864769	0.11086453231400871	0.6012871155017732	0.5713662912790528	0.8193440080761514	0.14264945086724148	4.366763680853689	0.02956035427827899	0.17193124869632917	0.11805319133586031	0.5646727046699844	0.5978923762818557	0.8473726483994645	False	False	False	False
sp|A5A3E0|POTEF_HUMAN	psvid_32631_sp|A5A3E0|POTEF_HUMAN	-0.07966648067176596	-0.4114775800027072	0.25214461865917526	0.13295190307760682	-0.5992127891938708	0.5726542413446972	0.8193440080761514	0.21306074360101915	4.701915613305754	0.023541460150248397	0.15343226567527574	0.14777944328931505	-0.5390904099956514	0.6140957986146959	0.854137096019285	False	False	False	False
sp|P60228|EIF3E_HUMAN	psvid_78761_sp|P60228|EIF3E_HUMAN	-0.12986146189619463	-0.6708455505590675	0.4111226267666782	0.21676449120436875	-0.5990901054627039	0.5727304713704305	0.8193440080761514	0.38252983193952567	4.240744414385134	0.03239844141566921	0.17999567054701401	0.2316986580060266	-0.5604756756632439	0.600532816489895	0.8489124391691077	False	False	False	False
sp|P27338|AOFB_HUMAN	psvid_86668_sp|P27338|AOFB_HUMAN	0.04354192344745478	-0.1378735372207552	0.22495738411566477	0.07269054830345789	0.5990039209180582	0.572784026195125	0.8193440080761514	0.11196209594854131	7.116162424704591	0.008253640918061567	0.09084955100638399	0.10710454313223033	0.4065366619761246	0.7019982185969306	0.8897202198341283	False	False	False	False
sp|P09497|CLCB_HUMAN	psvid_77211_sp|P09497|CLCB_HUMAN	0.09825279823721145	-0.3111552768909872	0.5076608733654101	0.16404388772222764	0.5989421465283792	0.5728224145064003	0.8193440080761514	0.23668608319836928	3.658304284652909	0.05123394965533627	0.22634917639641694	0.15871724878403112	0.6190429773068047	0.5643367689500417	0.8302225243141483	False	False	False	False
sp|P09417|DHPR_HUMAN	psvid_94834_sp|P09417|DHPR_HUMAN	0.1916782343900646	-0.6084784408367359	0.991834909616865	0.32061119397802373	0.5978525952627941	0.573499750459374	0.8197717409270867	0.5430010580740805	2.718802391277451	0.10059593043764255	0.31716861515232325	0.31708641732609905	0.6044984077414399	0.5731935845782675	0.8347541168273238	False	False	False	False
sp|B5ME19|EIFCL_HUMAN	psvid_30063_sp|B5ME19|EIFCL_HUMAN	-0.08643636418583756	-0.44852872709172986	0.27565599872005475	0.14508516693768334	-0.5957629302171429	0.5748001911758566	0.8210890008425058	0.23608525339031108	4.548009978904867	0.026061107723209527	0.16143453076467107	0.15843466639640003	-0.5455647185798068	0.6099705306520704	0.8511308048441961	False	False	False	False
sp|Q14573|ITPR3_HUMAN	psvid_42447_sp|Q14573|ITPR3_HUMAN	0.16951797627815923	-0.5441905117184065	0.883226464274725	0.28597265707240427	0.5927768689970931	0.5766615952589826	0.8228866750416837	0.4570267107491045	2.5382042859433387	0.11026839188908277	0.3320668485246348	0.2709566074777622	0.6256277632649052	0.5603561799381958	0.8279279284047489	False	False	False	False
sp|Q99735|MGST2_HUMAN	psvid_97118_sp|Q99735|MGST2_HUMAN	0.1269486600496741	-0.407759765822017	0.6616570859213652	0.2142499239917489	0.5925260447446558	0.5768181169304649	0.8228866750416837	0.30609934492665125	2.911553685719527	0.08958234688258845	0.2993031020263379	0.1925574958786696	0.6592766460240238	0.5403022324587908	0.8192783404244385	False	False	False	False
sp|Q92667|AKAP1_HUMAN	psvid_55618_sp|Q92667|AKAP1_HUMAN	-0.14624062518028902	-0.7630657756209248	0.4705845252603468	0.24715290652595254	-0.5917010130930136	0.5773331429459907	0.8229256872135774	0.3413249257506781	2.049842961492274	0.12883339615397374	0.35893369325541696	0.21041345641476622	-0.6950155549558582	0.5195364397298963	0.8105524930489268	False	False	False	False
sp|Q3ZCM7|TBB8_HUMAN	psvid_34265_sp|Q3ZCM7|TBB8_HUMAN	-0.04883140580520773	-0.25496886588228973	0.1573060542718743	0.0825962955069738	-0.5912057617775942	0.5776424376923291	0.8229256872135774	0.1312720462620808	6.649273780228169	0.00942438006223459	0.09707924630030143	0.11381244047196863	-0.42905156591589505	0.6866282950439336	0.8814712768721589	False	False	False	False
sp|Q16775|GLO2_HUMAN	psvid_40943_sp|Q16775|GLO2_HUMAN	-0.18424139854155153	-0.9627216083055942	0.5942388112224911	0.3119257481292238	-0.5906578717741008	0.5779847235528679	0.8229256872135774	0.4989280658251349	1.9650839733531944	0.13069319498550977	0.3615151379755899	0.29335199416532914	-0.6280557221564875	0.5588930596662999	0.8267039319432573	False	False	False	False
sp|P11940|PABP1_HUMAN	psvid_38730_sp|P11940|PABP1_HUMAN	-0.09064251984617688	-0.4745914045134226	0.2933063648210688	0.15384275873822406	-0.5891893813501647	0.5789027469450189	0.8236915644319474	0.2440694702264541	4.218202620214599	0.03294591848437658	0.18151010573622775	0.16220694247645112	-0.5588078935606359	0.6015840156498103	0.8489124391691077	False	False	False	False
sp|P54619|AAKG1_HUMAN	psvid_30519_sp|P54619|AAKG1_HUMAN	-0.11951182420116113	-0.6274437595398936	0.38842011113757136	0.20352097194260202	-0.5872211746063518	0.5801345509170178	0.8249026061923738	0.29395256329957986	3.1031751961764353	0.07864696179112521	0.2804406564518155	0.18649061413695223	-0.6408463222357978	0.5512264976182886	0.8192783404244385	False	False	False	False
sp|P12109|CO6A1_HUMAN	psvid_27181_sp|P12109|CO6A1_HUMAN	-0.08335593343129832	-0.4385083296941519	0.27179646283155523	0.1423044227903429	-0.5857578548637706	0.5810513969660438	0.8255787542825038	0.11506208782822543	3.2137405439989433	0.07256375891806369	0.2693766116760393	0.10813615920211177	-0.7708423717500639	0.47733761879975756	0.7866088364555701	False	False	False	False
sp|Q8TD22|SFXN5_HUMAN	psvid_62514_sp|Q8TD22|SFXN5_HUMAN	-0.13813525575719465	-0.7271987373321619	0.4509282258177726	0.236029207783676	-0.5852464491758897	0.5813720253969086	0.8255787542825038	0.34928603401038133	2.747629007295128	0.09897505537825989	0.31460301234772037	0.2144959030697005	-0.6439995066586776	0.5493471967870815	0.8192783404244385	False	False	False	False
sp|O75533|SF3B1_HUMAN	psvid_32119_sp|O75533|SF3B1_HUMAN	-0.13312377020675514	-0.7031951838517619	0.43694764343825165	0.22841936115781308	-0.5828042313575206	0.5829046568930775	0.8266811445474008	0.3730927088984674	3.391363889700197	0.06336677410933202	0.2517275791591617	0.2267915652995841	-0.5869873071818305	0.5839734533402019	0.8427796994188929	False	False	False	False
sp|P00734|THRB_HUMAN	psvid_80667_sp|P00734|THRB_HUMAN	-0.04494665077227089	-0.2374236651704258	0.147530363625884	0.0771227527184301	-0.5827936528195258	0.5829113008160722	0.8266811445474008	0.10096998211524524	5.652283522981745	0.01389626993046894	0.11788244114569794	0.10359977990358336	-0.4338489021318495	0.6833753813065612	0.8789241967038396	False	False	False	False
sp|P07205|PGK2_HUMAN	psvid_56005_sp|P07205|PGK2_HUMAN	0.34807935569469006	-1.1466751234535382	1.8428338348429185	0.5989264766526826	0.5811720958473192	0.5839302691549939	0.8273803959189293	1.10257282386356	1.924039677847345	0.13144384932541564	0.36255185742927265	0.6253546628398042	0.5566111142659806	0.6029703391462673	0.8489124391691077	False	False	False	False
sp|Q9UNL2|SSRG_HUMAN	psvid_104033_sp|Q9UNL2|SSRG_HUMAN	-0.22672264890212934	-1.200974616218089	0.7475293184138303	0.39036865672347554	-0.5807911188493093	0.5841698259712328	0.8273803959189293	0.6726447857626243	1.9438433481729052	0.13109383508259734	0.36206882644408556	0.3876442495087572	-0.5848729839006872	0.5852835800919627	0.8427796994188929	False	False	False	False
sp|O00303|EIF3F_HUMAN	psvid_93468_sp|O00303|EIF3F_HUMAN	0.07404567051270106	-0.2444988793646577	0.3925902203900598	0.1276361888031793	0.5801306918281834	0.5845852395737337	0.8273803959189293	0.17916037670156582	4.20990419554786	0.03315070059424149	0.18207333850468466	0.13282934943430413	0.5574496210969037	0.6024409542157563	0.8489124391691077	False	False	False	False
sp|Q53GQ0|DHB12_HUMAN	psvid_65944_sp|Q53GQ0|DHB12_HUMAN	-0.05973904083043924	-0.3169805237142947	0.19750244205341622	0.10307293749026498	-0.5795802689341367	0.5849315950843561	0.8273803959189293	0.16794821711243452	5.787218290395826	0.013064107877779715	0.1142983284120101	0.12812389297127308	-0.4662599570232654	0.6616078135141391	0.8712054729316764	False	False	False	False
sp|Q6ZV29|PLPL7_HUMAN	psvid_160303_sp|Q6ZV29|PLPL7_HUMAN	-0.2192858130536166	-1.1665405562457623	0.727968930138529	0.37955125992056205	-0.5777501913694395	0.5860840615802553	0.8284697726317112	0.6588953699273725	2.409560992735899	0.11637833305469092	0.3411426872361343	0.3801207477556356	-0.5768846198171395	0.5902500150192863	0.8437589230029635	False	False	False	False
sp|P61619|S61A1_HUMAN	psvid_60555_sp|P61619|S61A1_HUMAN	-0.07710091215237336	-0.4105498995661345	0.2563480752613878	0.13360818111676265	-0.5770672986334082	0.5865144518562062	0.828537690464406	0.21446504363302604	4.6982831545454955	0.023596722451693076	0.15361224707585355	0.14841895622510715	-0.5194815683478756	0.6266899971362702	0.8600239993164828	False	False	False	False
sp|Q9UJM8|HAOX1_HUMAN	psvid_54014_sp|Q9UJM8|HAOX1_HUMAN	-0.06170274348241622	-0.3291911165603971	0.20578562959556468	0.10717871802227025	-0.575699584964202	0.5873770154867052	0.8292156303320457	0.16016594952758825	4.9801590922304975	0.01982427754170918	0.14079871285529985	0.12494035401075741	-0.49385760086051617	0.6433697644320469	0.8677682985343053	False	False	False	False
sp|P61224|RAP1B_HUMAN	psvid_57822_sp|P61224|RAP1B_HUMAN	-0.05998769818018812	-0.32039649662631536	0.20042110026593912	0.10434203497525103	-0.574914014226545	0.5878727864806473	0.8292520735055823	0.14477760965442996	4.756628432124316	0.022731825174756574	0.1507707702930398	0.11886777931858304	-0.5046590297561824	0.6363083459516011	0.8645016838101064	False	False	False	False
sp|P06737|PYGL_HUMAN	psvid_72592_sp|P06737|PYGL_HUMAN	-0.07033853291486447	-0.3767589485794258	0.23608188274969688	0.1227782237742517	-0.5728909472105871	0.5891506851218405	0.8292520735055823	0.22033409596521725	6.998757284585569	0.008510915724794356	0.09225462440872195	0.15110697348587102	-0.46548833116190597	0.662121728532483	0.8712054729316764	False	False	False	False
sp|B2RXH8|HNRC2_HUMAN	psvid_44841_sp|B2RXH8|HNRC2_HUMAN	-0.10823985181902651	-0.5808124550136218	0.3643327513755687	0.1893529995342183	-0.5716299825473127	0.5899480267503675	0.8292520735055823	0.25756519097310165	3.1143177589500026	0.07802394636781056	0.2793276684609145	0.1686625441103094	-0.6417539376628578	0.5506851235119599	0.8192783404244385	False	False	False	False
sp|B7ZW38|HNRC3_HUMAN,sp|P0DMR1|HNRC4_HUMAN	psvid_73479_sp|B7ZW38|HNRC3_HUMAN	-0.10823985181902651	-0.5808124550136218	0.3643327513755687	0.1893529995342183	-0.5716299825473127	0.5899480267503675	0.8292520735055823	0.25756519097310165	3.1143177589500026	0.07802394636781056	0.2793276684609145	0.1686625441103094	-0.6417539376628578	0.5506851235119599	0.8192783404244385	False	False	False	False
sp|O60812|HNRC1_HUMAN	psvid_51655_sp|O60812|HNRC1_HUMAN	-0.10823985181902651	-0.5808124550136218	0.3643327513755687	0.1893529995342183	-0.5716299825473127	0.5899480267503675	0.8292520735055823	0.25756519097310165	3.1143177589500026	0.07802394636781056	0.2793276684609145	0.1686625441103094	-0.6417539376628578	0.5506851235119599	0.8192783404244385	False	False	False	False
sp|P13804|ETFA_HUMAN	psvid_52406_sp|P13804|ETFA_HUMAN	-0.08299543988782121	-0.4459993750483981	0.2800084952727557	0.1454504207411198	-0.5706098302427106	0.590593565261442	0.8292520735055823	0.17094863968274956	3.510026933555039	0.057704716838872086	0.24021806101721846	0.1293698215633705	-0.641536324970246	0.5508148930552836	0.8192783404244385	False	False	False	False
sp|P04632|CPNS1_HUMAN	psvid_51988_sp|P04632|CPNS1_HUMAN	-0.22672264890212956	-1.2190969435194352	0.7656516457151761	0.3976300108727716	-0.5701849526007565	0.5908625456840373	0.8292520735055823	0.693308778876301	0.8633613244510647	0.12280016141142587	0.3504285396645454	0.3989656613813047	-0.5682760970384447	0.5956310598627049	0.8452850776150228	False	False	False	False
sp|P29692|EF1D_HUMAN	psvid_32162_sp|P29692|EF1D_HUMAN	-0.1213567067925605	-0.6527604665375917	0.4100470529524707	0.21292579212436571	-0.5699483636142983	0.5910123563141844	0.8292520735055823	0.2640849159325921	2.433641627478699	0.11529522910665872	0.33955151171311065	0.17181414354944557	-0.7063254763868484	0.5130809537543412	0.8088501499537946	False	False	False	False
sp|Q969Q0|RL36L_HUMAN	psvid_91789_sp|Q969Q0|RL36L_HUMAN	0.17695481212667252	-0.5984021408484247	0.9523117651017697	0.3106743043567652	0.5695830316351659	0.591243732601002	0.8292520735055823	0.5016208784089963	2.2114406801457545	0.12413342084099606	0.3523257311650627	0.2947973230731477	0.600259223123152	0.5757916024600914	0.8357269943275406	False	False	False	False
sp|P61088|UBE2N_HUMAN	psvid_86334_sp|P61088|UBE2N_HUMAN	0.16951797627815945	-0.5743316492795575	0.9133676018358764	0.2980497744676912	0.5687572707643008	0.5917669108499879	0.8292520735055823	0.4648338141702751	1.8539628874017873	0.1325013446515564	0.36400734148030095	0.27511490396142496	0.6161715480958759	0.5660782936803311	0.8316423383942854	False	False	False	False
sp|Q13423|NNTM_HUMAN	psvid_38304_sp|Q13423|NNTM_HUMAN	0.03269785455562535	-0.110841499387063	0.1762372084983137	0.057514140761689245	0.5685185264456862	0.5919182234443766	0.8292520735055823	0.06810552243542736	6.822675999409719	0.008941364939881798	0.09455879091804102	0.09476166282665134	0.34505361746806756	0.7447919964306337	0.9154646944215447	False	False	False	False
sp|P11168|GTR2_HUMAN	psvid_49999_sp|P11168|GTR2_HUMAN	-0.11391987094404732	-0.6142961370152179	0.38645639512712326	0.20049352466861725	-0.5681972579031571	0.5921218748127925	0.8292520735055823	0.34720530094463975	4.20922575571554	0.0331675206079612	0.18211952286331415	0.21342739951851897	-0.5337640396736528	0.6175019713734387	0.8555797774720214	False	False	False	False
sp|Q6PKG0|LARP1_HUMAN	psvid_25812_sp|Q6PKG0|LARP1_HUMAN	-0.22672264890212956	-1.2232758367344134	0.7698305389301542	0.3993044328761637	-0.5677939693007191	0.5923775771973425	0.8292520735055823	0.693308778876301	1.1133613244510647	0.12860776114644343	0.3586192425769195	0.3989656613813047	-0.5682760970384447	0.5956310598627049	0.8452850776150228	False	False	False	False
sp|P50416|CPT1A_HUMAN	psvid_26148_sp|P50416|CPT1A_HUMAN	-0.04416830762131574	-0.2385678641233345	0.15023124888070302	0.0778930875021999	-0.5670375772441721	0.592857338529438	0.8293878970905695	0.10697996762226952	5.807621048228761	0.012946120597801791	0.11378102037599148	0.10548567806053276	-0.4187137859223869	0.693664468894587	0.8857813223892576	False	False	False	False
sp|P01911|DRB1_HUMAN	psvid_95348_sp|P01911|DRB1_HUMAN	-0.12296327408241847	-0.6649763496536878	0.41904980148885085	0.2171767913594543	-0.5661897540372954	0.5933953653461637	0.8296050043258946	0.25158261231822815	1.9577222622214983	0.13083501268138978	0.3617112283042784	0.16578905981103395	-0.7416850920233927	0.4932621545534678	0.798445284621052	False	False	False	False
sp|P61009|SPCS3_HUMAN	psvid_69242_sp|P61009|SPCS3_HUMAN	-0.08894788668841147	-0.4817785645436149	0.30388279116679195	0.15740156466563807	-0.5651016676826559	0.5940862849454721	0.8299949860866128	0.17205172425922635	3.205437990787887	0.073012213328533	0.2702077225553204	0.12983037273385034	-0.6851084597188429	0.5252372343873929	0.8164914540297564	False	False	False	False
sp|Q9BT09|CNPY3_HUMAN	psvid_94382_sp|Q9BT09|CNPY3_HUMAN	-0.0650880206425637	-0.352983662633018	0.22280762134789062	0.11535561519057068	-0.5642379916663482	0.5946350447701946	0.8299949860866128	0.1615093554518216	4.483475891959561	0.027235480875111694	0.1650317571714962	0.1254848025621039	-0.5186924576810875	0.6271999354531416	0.8600239993164828	False	False	False	False
sp|P00338|LDHA_HUMAN	psvid_51626_sp|P00338|LDHA_HUMAN	-0.05328226673208958	-0.28994222872419484	0.18337769526001568	0.09482622007693176	-0.5618938168036446	0.596125983602551	0.8299949860866128	0.1335561267143955	5.132685781718753	0.01815665814943403	0.13474664429748903	0.11464780257069675	-0.46474738754136563	0.6626154098396374	0.8712054729316764	False	False	False	False
sp|P08236|BGLR_HUMAN	psvid_25395_sp|P08236|BGLR_HUMAN	0.10823985181902618	-0.3733422266107325	0.5898219302487848	0.1929629658091887	0.5609358840704132	0.5967358785419482	0.8299949860866128	0.2670299201574316	3.1113245985334834	0.0781911082292105	0.27962673017651674	0.17324432612773477	0.6247815108196955	0.560866727687204	0.8279279284047489	False	False	False	False
sp|P25311|ZA2G_HUMAN	psvid_23271_sp|P25311|ZA2G_HUMAN	-0.059898290522513165	-0.32655981197899697	0.20676323093397064	0.1068474105498484	-0.5605965574108913	0.596952008279859	0.8299949860866128	0.15324879831171007	4.803896262473934	0.02206538387597058	0.14854421522217073	0.12217238396642795	-0.49027684144211153	0.6457203102391503	0.8685489544703711	False	False	False	False
sp|O95741|CPNE6_HUMAN	psvid_46956_sp|O95741|CPNE6_HUMAN	0.10375937481971098	-0.35995528895512163	0.5674740385945436	0.18580375146633193	0.558435306073529	0.59832966658141	0.8299949860866128	0.14673791509338868	0.9481203125901445	0.12492741946052305	0.35345073130568433	0.1196237800920523	0.8673808396613665	0.42733400951924255	0.7702401332966801	False	False	False	False
sp|Q86YQ8|CPNE8_HUMAN	psvid_37053_sp|Q86YQ8|CPNE8_HUMAN	0.10375937481971098	-0.35995528895512163	0.5674740385945436	0.18580375146633193	0.558435306073529	0.59832966658141	0.8299949860866128	0.14673791509338868	0.9481203125901445	0.12492741946052305	0.35345073130568433	0.1196237800920523	0.8673808396613665	0.42733400951924255	0.7702401332966801	False	False	False	False
sp|Q8IYJ1|CPNE9_HUMAN	psvid_62010_sp|Q8IYJ1|CPNE9_HUMAN	0.10375937481971098	-0.35995528895512163	0.5674740385945436	0.18580375146633193	0.558435306073529	0.59832966658141	0.8299949860866128	0.14673791509338868	0.9481203125901445	0.12492741946052305	0.35345073130568433	0.1196237800920523	0.8673808396613665	0.42733400951924255	0.7702401332966801	False	False	False	False
sp|Q96A23|CPNE4_HUMAN	psvid_35777_sp|Q96A23|CPNE4_HUMAN	0.10375937481971098	-0.35995528895512163	0.5674740385945436	0.18580375146633193	0.558435306073529	0.59832966658141	0.8299949860866128	0.14673791509338868	0.9481203125901445	0.12492741946052305	0.35345073130568433	0.1196237800920523	0.8673808396613665	0.42733400951924255	0.7702401332966801	False	False	False	False
sp|Q96FN4|CPNE2_HUMAN	psvid_84443_sp|Q96FN4|CPNE2_HUMAN	0.10375937481971098	-0.35995528895512163	0.5674740385945436	0.18580375146633193	0.558435306073529	0.59832966658141	0.8299949860866128	0.14673791509338868	0.9481203125901445	0.12492741946052305	0.35345073130568433	0.1196237800920523	0.8673808396613665	0.42733400951924255	0.7702401332966801	False	False	False	False
sp|Q9HCH3|CPNE5_HUMAN	psvid_71155_sp|Q9HCH3|CPNE5_HUMAN	0.10375937481971098	-0.35995528895512163	0.5674740385945436	0.18580375146633193	0.558435306073529	0.59832966658141	0.8299949860866128	0.14673791509338868	0.9481203125901445	0.12492741946052305	0.35345073130568433	0.1196237800920523	0.8673808396613665	0.42733400951924255	0.7702401332966801	False	False	False	False
sp|Q9UBL6|CPNE7_HUMAN	psvid_42742_sp|Q9UBL6|CPNE7_HUMAN	0.10375937481971098	-0.35995528895512163	0.5674740385945436	0.18580375146633193	0.558435306073529	0.59832966658141	0.8299949860866128	0.14673791509338868	0.9481203125901445	0.12492741946052305	0.35345073130568433	0.1196237800920523	0.8673808396613665	0.42733400951924255	0.7702401332966801	False	False	False	False
sp|Q5JNZ5|RS26L_HUMAN	psvid_97694_sp|Q5JNZ5|RS26L_HUMAN	-0.10742106881081115	-0.5879371314061721	0.37309499378454986	0.19253582869961094	-0.5579276830516907	0.5986535132687475	0.8299949860866128	0.2751323118884353	3.2184865252738213	0.07230807916592195	0.2689016161459837	0.17719921474905956	-0.6062163930180806	0.5721428300435119	0.8347541168273238	False	False	False	False
sp|P62191|PRS4_HUMAN	psvid_24571_sp|P62191|PRS4_HUMAN	0.3231954373069612	-1.124724139733594	1.7711150143475165	0.5801604095192319	0.5570794421749448	0.599194891615285	0.8302144054541705	1.0778031312292566	2.7531782722149347	0.09866142023294752	0.3141041550711285	0.6115789067263933	0.52846073295257	0.6209043993533494	0.858646990043847	False	False	False	False
sp|P09110|THIK_HUMAN	psvid_80719_sp|P09110|THIK_HUMAN	-0.05972687702986623	-0.3284369514094135	0.20898319734968102	0.10766823604431094	-0.554730710042334	0.6006954299593533	0.8317616592472323	0.16886097514401405	5.261275227286082	0.016917299011289494	0.1300665176411266	0.12850185588583424	-0.46479388657958204	0.6625844223305989	0.8712054729316764	False	False	False	False
sp|Q9NX63|MIC19_HUMAN	psvid_33740_sp|Q9NX63|MIC19_HUMAN	0.11644769993587001	-0.4098791661021992	0.6427745659739392	0.21089155432634044	0.5521686267041072	0.6023347669547874	0.833499003825686	0.3507423166446793	3.7165720025518865	0.048881094590754265	0.22109069313463708	0.21524435700709052	0.5410023359266697	0.6128758499936462	0.8529877758100394	False	False	False	False
sp|Q9NQ94|A1CF_HUMAN	psvid_39347_sp|Q9NQ94|A1CF_HUMAN	-0.14753105145923362	-0.8168401660524545	0.5217780631339872	0.26818247102579323	-0.550114445940221	0.6036510006422653	0.8347873123112883	0.45675507298367385	3.3066345842013147	0.06765402715322949	0.2601038776205182	0.2708120539863675	-0.5447728389027331	0.6104742097276828	0.8512854649162733	False	False	False	False
sp|Q07021|C1QBP_HUMAN	psvid_58524_sp|Q07021|C1QBP_HUMAN	0.14624062518028913	-0.5184267807531312	0.8109080311137095	0.2663226055749489	0.5491108231859569	0.6042946863183705	0.835144505900452	0.3995540385647722	2.299842961492274	0.12093500201701847	0.3477571020367786	0.24059311923876756	0.6078337802967596	0.5711547261848507	0.8344186263067196	False	False	False	False
sp|O14983|AT2A1_HUMAN	psvid_25369_sp|O14983|AT2A1_HUMAN	0.04556921764361599	-0.16177524422963627	0.2529136795168683	0.08307992365004224	0.5484985498490262	0.6046875703762685	0.8351548534132403	0.1028384917890167	5.188437796134508	0.017601934789202047	0.1326722834249944	0.10417804663676555	0.4374167026043481	0.6809612760796049	0.8770126827493545	False	False	False	False
sp|Q9H0R3|TM222_HUMAN	psvid_85401_sp|Q9H0R3|TM222_HUMAN	0.14624062518028902	-0.5215011650056394	0.8139824153662174	0.26755446682970185	0.5465826338581409	0.6059179309379844	0.8359838648198763	0.3960214850942136	2.1156015629507223	0.12710261393758351	0.35651453538051364	0.23874325613577768	0.6125434810067233	0.568283662612281	0.8332007421385744	False	False	False	False
sp|P63010|AP2B1_HUMAN	psvid_41382_sp|P63010|AP2B1_HUMAN	-0.03623995719036066	-0.201862531981071	0.12938261760034966	0.06636256760379224	-0.5460903412707883	0.6062343040415631	0.8359838648198763	0.07060928728629504	5.7468560733582885	0.0133034047128218	0.11534038630428545	0.09533809025264722	-0.380120443930902	0.7202417900943512	0.9035036668375966	False	False	False	False
sp|Q05639|EF1A2_HUMAN	psvid_59807_sp|Q05639|EF1A2_HUMAN	-0.05523761179063569	-0.30783431655001775	0.19735909296874637	0.10121184214937023	-0.545762339836825	0.6064451478988674	0.8359838648198763	0.12903957603260327	4.610067890450494	0.024999742706587613	0.15811306937311542	0.1130040626231251	-0.4888108489944846	0.6466840173319114	0.8686374040776298	False	False	False	False
sp|Q15393|SF3B3_HUMAN	psvid_35235_sp|Q15393|SF3B3_HUMAN	0.10823985181902618	-0.38869321418071595	0.6051729178187684	0.1991138842554532	0.5436077560526108	0.6078311944984324	0.8366003574986165	0.26702992015743165	2.927083199991932	0.08868702373902265	0.297803666429785	0.1732443261277348	0.6247815108196954	0.5608667276872041	0.8279279284047489	False	False	False	False
sp|P57105|SYJ2B_HUMAN	psvid_91317_sp|P57105|SYJ2B_HUMAN	-0.1164332871100281	-0.6512024335582327	0.4183358593381765	0.21427425384756058	-0.543384401155639	0.6079749831962709	0.8366003574986165	0.3399525592965905	3.380505231985853	0.06390528342613526	0.2527949434346646	0.20971131326542697	-0.5552074673370676	0.6038571493946321	0.8491618706931653	False	False	False	False
sp|P62834|RAP1A_HUMAN	psvid_57819_sp|P62834|RAP1A_HUMAN	-0.04758471819777643	-0.26620562223366057	0.1710361858381077	0.0875982307485374	-0.5432155169249345	0.6080837184155554	0.8366003574986165	0.08866186992231173	4.662521997177069	0.024151164477589505	0.1554064492792674	0.09998258086458311	-0.4759300848837399	0.6551855733355556	0.8712054729316764	False	False	False	False
sp|O14657|TOR1B_HUMAN	psvid_65748_sp|O14657|TOR1B_HUMAN	-0.14624062518028935	-0.8192234614798004	0.5267422111192217	0.26965447812023235	-0.5423259654344929	0.608656635906792	0.8366003574986165	0.437468760121408	2.8803249852141146	0.09138304312851199	0.3022962836829325	0.260572132128174	-0.5612289540938108	0.6000583922825855	0.8489124391691077	False	False	False	False
sp|P80303|NUCB2_HUMAN	psvid_33474_sp|P80303|NUCB2_HUMAN	-0.040806731473654656	-0.2289728382076819	0.1473593752603726	0.0753954344367533	-0.541236107710024	0.6093589833829564	0.8366003574986165	0.10428982146490107	5.995170024373934	0.011948262714952107	0.10930810909970087	0.10463226367938992	-0.39000142058182974	0.7133918332873157	0.8998370795888317	False	False	False	False
sp|P33947|ERD22_HUMAN	psvid_27932_sp|P33947|ERD22_HUMAN	0.31921005133970604	-1.1532215171389693	1.7916416198183813	0.589982009569656	0.5410504831707392	0.6094786535031663	0.8366003574986165	1.0877036006632437	2.230955580385415	0.12346478968481271	0.35137556785413054	0.6170843497788301	0.5172875498367678	0.6281084053798485	0.8600239993164828	False	False	False	False
sp|O94979|SC31A_HUMAN	psvid_25878_sp|O94979|SC31A_HUMAN	0.2132896529176822	-0.7708868401679233	1.1974661460032876	0.39434527049823404	0.5408703206918196	0.6095948151778106	0.8366003574986165	0.7331835858086547	3.8308225303903702	0.04458023611327559	0.21114032327643054	0.42085629436663874	0.5067992466137858	0.6349143965920669	0.8639513488734153	False	False	False	False
sp|P48047|ATPO_HUMAN	psvid_57016_sp|P48047|ATPO_HUMAN	-0.08503492209970687	-0.47881687906704334	0.3087470348676296	0.15778272843192281	-0.5389368211895016	0.6108422579642209	0.8376417845566273	0.2742529047983013	4.974583958045118	0.019889717264775973	0.14103090889863815	0.17676857609811764	-0.4810522547429876	0.651797545836845	0.8697323163968246	False	False	False	False
sp|Q92597|NDRG1_HUMAN	psvid_49957_sp|Q92597|NDRG1_HUMAN	-0.19896482080494338	-1.1210902812283225	0.7231606396184358	0.3694823201719535	-0.5384961876182521	0.6111267472930446	0.8376417845566273	0.6340192347483538	2.2882042859433387	0.12138075378668077	0.34839740783576556	0.36652994539933625	-0.5428337392410604	0.6117086289562488	0.8522205926907311	False	False	False	False
sp|P22413|ENPP1_HUMAN	psvid_25706_sp|P22413|ENPP1_HUMAN	-0.07468089934002031	-0.4219079138359868	0.2725461151559462	0.13912883707109222	-0.5367751280912366	0.6122386520975726	0.8386353723738558	0.21485569014098924	4.348357065718714	0.029952532078449612	0.1730679984238843	0.14859711026998998	-0.5025730258437101	0.637668651266936	0.8652648511555731	False	False	False	False
sp|Q6UW68|TM205_HUMAN	psvid_95127_sp|Q6UW68|TM205_HUMAN	-0.061887736342641775	-0.3499853039132345	0.22620983122795096	0.11543652384677171	-0.5361191959036328	0.6126627261161561	0.8386861197054392	0.16115385794196327	4.472032190226063	0.027451655789711975	0.1656854121210192	0.12534051647221212	-0.4937568320644525	0.6434358476048505	0.8677682985343053	False	False	False	False
sp|P11217|PYGM_HUMAN	psvid_53905_sp|P11217|PYGM_HUMAN	-0.11900703229199783	-0.6745512622477515	0.43653719766375587	0.22259852899837465	-0.5346263195336155	0.613628525972988	0.8391723956426465	0.3942552780053722	4.222434624423014	0.032842159920777936	0.18122405999419045	0.23781917340391837	-0.5004097465677132	0.6390810808456093	0.8655554388702721	False	False	False	False
sp|P51571|SSRD_HUMAN	psvid_89039_sp|P51571|SSRD_HUMAN	-0.07834152034598452	-0.4445507959865803	0.2878677552946113	0.14673475426006927	-0.5338988758391473	0.6140994513485831	0.8391723956426465	0.2026161123003746	3.807496954736412	0.04542483165480195	0.2131310199262462	0.14306976885556236	-0.5475756407006923	0.6086925875044078	0.8510222006078889	False	False	False	False
sp|P42330|AK1C3_HUMAN	psvid_90372_sp|P42330|AK1C3_HUMAN	-0.04661882767554726	-0.2645902304718344	0.1713525751207399	0.08733798500621653	-0.5337749396465814	0.614179704425121	0.8391723956426465	0.10580076734253031	4.9624566382027275	0.020033224586918304	0.14153877414658608	0.10510977079767883	-0.4435251577637039	0.676838252032605	0.8753412786082172	False	False	False	False
sp|Q9BVG9|PTSS2_HUMAN	psvid_61642_sp|Q9BVG9|PTSS2_HUMAN	-0.14624062518028902	-0.831103383080152	0.5386221327195739	0.27441459069140417	-0.5329185478506333	0.6147344112910786	0.8394010518385429	0.4255801616607517	0.5731203125901445	0.11472183140173799	0.3387061136173039	0.25428446398231025	-0.5751064099238973	0.5913590817306645	0.8437589230029635	False	False	False	False
sp|P01857|IGHG1_HUMAN	psvid_35056_sp|P01857|IGHG1_HUMAN	-0.12785550892579645	-0.7290882520816181	0.4733772342300252	0.240905254695567	-0.5307294317318566	0.6161536493517572	0.8401689793704318	0.40589514964519924	3.485990331746193	0.05881783701828808	0.24252388958263077	0.2439190152848614	-0.5241719624707409	0.6236639221300919	0.8595013012834444	False	False	False	False
sp|P27824|CALX_HUMAN	psvid_46419_sp|P27824|CALX_HUMAN	-0.02347858072866127	-0.1340261480421649	0.08706898658484236	0.04429480956051796	-0.5300526396119519	0.6165927994638468	0.8401689793704318	0.03360881608954842	7.736138216014266	0.007210685290064184	0.08491575407463672	0.08872833052366377	-0.26461199698104937	0.8023942133759514	0.9418092195179564	False	False	False	False
sp|P13671|CO6_HUMAN	psvid_26930_sp|P13671|CO6_HUMAN	-0.14428797717279562	-0.8243210365562167	0.5357450822106254	0.27247940042698326	-0.529537194175751	0.616927375292053	0.8401689793704318	0.483560567109613	3.7359987177528495	0.04812062863618912	0.21936414619574712	0.2851170546605137	-0.5060657537466429	0.6353919342436882	0.8639513488734153	False	False	False	False
sp|Q9GZP9|DERL2_HUMAN	psvid_38448_sp|Q9GZP9|DERL2_HUMAN	-0.1286432932074395	-0.7364237689453366	0.47913718253045756	0.24352883633399175	-0.5282466550737732	0.6177655146385654	0.8401689793704318	0.3608332391449234	2.6391236512005394	0.10498387837576972	0.3240121577591954	0.22044414471304372	-0.5835641194956522	0.5860955270070473	0.8427796994188929	False	False	False	False
sp|O15027|SC16A_HUMAN	psvid_35392_sp|O15027|SC16A_HUMAN	0.13441419648569997	-0.5009382860530968	0.7697666790244967	0.2545765402331075	0.5279912923736855	0.6179314358408705	0.8401689793704318	0.4177613405623765	3.1362381995614093	0.0768042858170611	0.27713586165825077	0.25016025187987695	0.5373123646767176	0.6152316095094641	0.8547849350339755	False	False	False	False
sp|P01009|A1AT_HUMAN	psvid_25500_sp|P01009|A1AT_HUMAN	-0.03444347027772299	-0.1974662920777036	0.12857935152225763	0.06532088422325988	-0.5272964487130769	0.6183830358239859	0.8401689793704318	0.09445605583194326	7.203145172819199	0.008076943066286136	0.08987181463777248	0.10164288527489707	-0.33886749854226694	0.7491603641952569	0.9161426655292358	False	False	False	False
sp|P10321|HLAC_HUMAN	psvid_29535_sp|P10321|HLAC_HUMAN	0.14549956521088792	-0.5432370567857223	0.8342361872074981	0.27596679194375856	0.5272357742251119	0.6184224788469085	0.8401689793704318	0.502940618885126	4.177805637442606	0.0339596231801263	0.18428136959586092	0.2955059207358078	0.4923744500570241	0.6443427819260622	0.8682327388851175	False	False	False	False
sp|P33121|ACSL1_HUMAN	psvid_68886_sp|P33121|ACSL1_HUMAN	0.024548885606690884	-0.09174172760815888	0.14083949882154065	0.046595964897351565	0.526845739985657	0.6186760645636001	0.8401689793704318	0.0538168757234086	9.232915055041076	0.006043142212223785	0.07773764990160036	0.09181571239073337	0.2673712915521474	0.8003915720184007	0.9409657452471374	False	False	False	False
sp|O00748|EST2_HUMAN	psvid_42951_sp|O00748|EST2_HUMAN	-0.04440886291510626	-0.2548458945819588	0.16602816875174625	0.0843190715877952	-0.5266763743818812	0.6187861980042497	0.8401689793704318	0.13495312048270083	6.616384229424023	0.009523316847630404	0.09758748304793194	0.11516278629093367	-0.38561817011718486	0.7164267317093621	0.9023083113658258	False	False	False	False
sp|Q96BM9|ARL8A_HUMAN	psvid_48490_sp|Q96BM9|ARL8A_HUMAN	-0.13415752342573883	-0.7717311570413865	0.5034161101899088	0.2554665233086757	-0.5251471765779607	0.6197810897927161	0.8409928751288765	0.4663651953351081	4.431343808595123	0.028240493322104522	0.16804908009895358	0.275931387705497	-0.48619885016098946	0.6484030526710985	0.8697323163968246	False	False	False	False
sp|O75964|ATP5L_HUMAN	psvid_94579_sp|O75964|ATP5L_HUMAN	0.09172888741516794	-0.34575367352534925	0.5292114483556851	0.17529292768562635	0.5232891516289594	0.620991124748921	0.8421074889429986	0.26356383462130645	3.639080708735731	0.05203385485675616	0.2281093046255592	0.17156151016963245	0.5346705524127787	0.6169214796413829	0.8555797774720214	False	False	False	False
sp|P61165|TM258_HUMAN	psvid_18980_sp|P61165|TM258_HUMAN	0.14624062518028902	-0.552128993154021	0.844610243514599	0.2798265940963063	0.5226116039920002	0.6214327058232124	0.842179283001189	0.4255801616607517	1.0731203125901445	0.12777650483686462	0.3574583959524026	0.25428446398231025	0.5751064099238973	0.5913590817306645	0.8437589230029635	False	False	False	False
sp|Q9P0J0|NDUAD_HUMAN	psvid_50395_sp|Q9P0J0|NDUAD_HUMAN	-0.07954399000656387	-0.4599693436836185	0.3008813636704908	0.15243093088905502	-0.5218362804886298	0.6219382266025695	0.8423375856548551	0.12903323755707322	3.051808558558172	0.0815426680740393	0.2855567685663208	0.11300177903787036	-0.7039180328294322	0.5144503727369206	0.8095961929708838	False	False	False	False
sp|P67936|TPM4_HUMAN	psvid_50416_sp|P67936|TPM4_HUMAN	0.12437491486770436	-0.47174247996395957	0.7204923096993683	0.23885560868923103	0.5207117201485748	0.6226718631694406	0.8428044518976749	0.32839347081529996	2.2858918982608376	0.12146843632303776	0.34852322207141057	0.20381705070424969	0.6102282141653572	0.5696939067198485	0.8342938939092358	False	False	False	False
sp|P19971|TYPH_HUMAN	psvid_41146_sp|P19971|TYPH_HUMAN	-0.14176014818097338	-0.8237887405351537	0.540268444173207	0.2732789815942544	-0.5187378383583446	0.6239607458076264	0.8429651976006689	0.4035615982707736	1.7596019496313537	0.13348642032727073	0.36535793453443804	0.24269429517128244	-0.5841099317185252	0.5857568501395747	0.8427796994188929	False	False	False	False
sp|Q96A26|F162A_HUMAN	psvid_54187_sp|Q96A26|F162A_HUMAN	-0.10082705167418449	-0.5862728174254466	0.38461871407707754	0.19451108937505637	-0.518361456912977	0.6242066798684007	0.8429651976006689	0.3194956829113072	3.8299865840938394	0.04461021001759148	0.21121129235339545	0.19930518856692514	-0.5058927587343144	0.6355045916493881	0.8639513488734153	False	False	False	False
sp|P55263|ADK_HUMAN	psvid_39566_sp|P55263|ADK_HUMAN	-0.14624062518028902	-0.8507113640549201	0.5582301136943421	0.28227122475627264	-0.5180854878373119	0.624387037097697	0.8429651976006689	0.4255801616607517	1.7193609377704335	0.13375696099739412	0.36572798771408527	0.25428446398231025	-0.5751064099238973	0.5913590817306645	0.8437589230029635	False	False	False	False
sp|O95816|BAG2_HUMAN	psvid_72301_sp|O95816|BAG2_HUMAN	0.06839126833149112	-0.2611108092890654	0.3978933459520476	0.13202671151149536	0.5180108445368374	0.6244358245767737	0.8429651976006689	0.15320885968929246	3.7324948489309815	0.04825690272704657	0.2196745381855771	0.12215657882348861	0.5598656166551109	0.6009172060157159	0.8489124391691077	False	False	False	False
sp|O14678|ABCD4_HUMAN	psvid_59000_sp|O14678|ABCD4_HUMAN	-0.13475655413857424	-0.7847044449365809	0.5151913366594324	0.2604247089898771	-0.5174491877566515	0.624802996193719	0.8429651976006689	0.4375524023826369	3.261692105867268	0.07000377484909581	0.2645822648045326	0.260616437793149	-0.5170685137118264	0.6282501111758155	0.8600239993164828	False	False	False	False
sp|Q02878|RL6_HUMAN	psvid_26499_sp|Q02878|RL6_HUMAN	-0.031465529328635	-0.18337214439980293	0.12044108574253293	0.06086678114298377	-0.5169573408969745	0.6251246296927895	0.8429651976006689	0.05531308606299582	5.88323275333202	0.012525563199039575	0.11191766258745567	0.09209582811757125	-0.34166074589682305	0.7471865431984118	0.9161426655292358	False	False	False	False
sp|P17174|AATC_HUMAN	psvid_26719_sp|P17174|AATC_HUMAN	0.04942457641716991	-0.19005677235497012	0.2889059251893099	0.09595670890771525	0.5150716086428428	0.626358619829967	0.8441039360519518	0.09579757609352801	4.380113450645336	0.029280446595089528	0.1711153020483251	0.10203824208362815	0.4843730684488144	0.6496061510376033	0.8697323163968246	False	False	False	False
sp|P00167|CYB5_HUMAN	psvid_88729_sp|P00167|CYB5_HUMAN	0.03532309921051935	-0.13640907047028758	0.20705526889132628	0.06881059381301019	0.5133380959697622	0.6274941917680229	0.8451087094849631	0.1078843711048447	7.977269974890386	0.006918546865365663	0.08317780272023097	0.10577589040883824	0.3339428207504636	0.7526457114525918	0.9161426655292358	False	False	False	False
sp|O14979|HNRDL_HUMAN	psvid_30372_sp|O14979|HNRDL_HUMAN	-0.14176014818097338	-0.8320688543797463	0.5485485580177996	0.27659670332073544	-0.5125156825046878	0.6280333285960931	0.8452197253187782	0.4118409576358209	1.7596019496313537	0.13348642032727073	0.36535793453443804	0.24704355100906575	-0.5738265484038935	0.5921581242504109	0.844137171628775	False	False	False	False
sp|P20813|CP2B6_HUMAN	psvid_58442_sp|P20813|CP2B6_HUMAN	-0.05782902698549153	-0.33973093956484784	0.2240728855938648	0.11295401460112531	-0.5119696470258561	0.6283914260945647	0.8452197253187782	0.2031574501949791	7.916808960071073	0.006986879258799047	0.08358755444920642	0.14331176975460697	-0.40351903465090333	0.7040709388068677	0.8917134566887681	False	False	False	False
sp|Q9Y2P5|S27A5_HUMAN	psvid_39274_sp|Q9Y2P5|S27A5_HUMAN	-0.056053788282776296	-0.32959124429094877	0.21748366772539618	0.10960249796533088	-0.5114280178222494	0.6287467453686527	0.8452197253187782	0.19673594868266697	8.128626882661738	0.006760692976781029	0.0822234332582934	0.14045663503267597	-0.3990825230131413	0.707123611674083	0.8929702019217587	False	False	False	False
sp|P08133|ANXA6_HUMAN	psvid_50160_sp|P08133|ANXA6_HUMAN	0.034638738922413426	-0.13525803895107177	0.20453551679589863	0.06807517889118114	0.5088306705412232	0.6304521960398735	0.8462984901896285	0.10284150723072753	7.392024227864932	0.00773021832335617	0.08792166014899952	0.10417898580772736	0.3324925718353858	0.7536733945531233	0.9161426655292358	False	False	False	False
sp|P11908|PRPS2_HUMAN	psvid_86843_sp|P11908|PRPS2_HUMAN	-0.05986648367384728	-0.354194239109971	0.23446127176227644	0.11793286991513277	-0.5076318732591566	0.6312401996333126	0.8462984901896285	0.12651420577220474	3.9139950457589556	0.04170664685183718	0.20422205280487507	0.11209950797382788	-0.5340476934816203	0.6173202971837177	0.8555797774720214	False	False	False	False
sp|Q9NZB2|F120A_HUMAN	psvid_39462_sp|Q9NZB2|F120A_HUMAN	-0.16951797627815957	-1.003576426218654	0.6645404736623348	0.33419514422858004	-0.5072424875276287	0.6314962704045736	0.8462984901896285	0.6071094801792116	3.625828597714372	0.052592101477521615	0.2293296785798158	0.3518618054928708	-0.48177430352438244	0.6513207233769985	0.8697323163968246	False	False	False	False
sp|O14773|TPP1_HUMAN	psvid_59353_sp|O14773|TPP1_HUMAN	0.1382795541228813	-0.5420819738017472	0.8186410820475097	0.27261101301541896	0.507241261434512	0.631497076807262	0.8462984901896285	0.48554153885686724	3.787164198763405	0.04617502168082837	0.21488373991725937	0.28617727888398736	0.4831954327825518	0.6503828053107289	0.8697323163968246	False	False	False	False
sp|P14209|CD99_HUMAN	psvid_63586_sp|P14209|CD99_HUMAN	-0.16951797627815934	-1.0037620343293212	0.6647260817730026	0.3342695147110312	-0.5071296328793368	0.63157049739141	0.8462984901896285	0.5545660294485474	2.197561766097162	0.12459587172692413	0.35298140422255125	0.32333981923895927	-0.52427188422741	0.6235995484975508	0.8595013012834444	False	False	False	False
sp|Q8WVC6|DCAKD_HUMAN	psvid_76249_sp|Q8WVC6|DCAKD_HUMAN	-0.1326286791746949	-0.7859609981987163	0.5207036398493265	0.2617808003755647	-0.5066402080840868	0.631892458295717	0.8462984901896285	0.39469219772050645	2.4392776136697663	0.11503757133054063	0.33917189053714436	0.23804771963387525	-0.557151647487663	0.602629045415295	0.8489124391691077	False	False	False	False
sp|Q9BWM7|SFXN3_HUMAN	psvid_65934_sp|Q9BWM7|SFXN3_HUMAN	-0.16951797627815934	-1.0059105804357944	0.6668746278794757	0.3351304060262451	-0.5058269056758874	0.6324276764847564	0.8463116234223387	0.5537484247505621	2.076205059304601	0.12816970170692615	0.35800796318926503	0.3228974099655385	-0.524990201365354	0.6231368931704414	0.8595013012834444	False	False	False	False
sp|P05089|ARGI1_HUMAN	psvid_26504_sp|P05089|ARGI1_HUMAN	-0.03752363737612896	-0.22280551662581305	0.14775824187355513	0.07423976624564886	-0.5054385173030929	0.6326833548427266	0.8463116234223387	0.09424296721350296	5.707978257368321	0.013541529593227354	0.11636807806794505	0.10158045918533888	-0.3693981861970629	0.7277092081980742	0.904622261362002	False	False	False	False
sp|Q9NQE9|HINT3_HUMAN	psvid_97340_sp|Q9NQE9|HINT3_HUMAN	-0.1286432932074394	-0.7669859511167765	0.5096993647018977	0.25577466020814976	-0.5029555824754075	0.6343192226545392	0.8479764068429282	0.38361252524454065	2.5104803579931	0.11165065044680711	0.33414166224343694	0.23226274085569124	-0.553869694009026	0.6047030727970597	0.8492492279657993	False	False	False	False
sp|P24158|PRTN3_HUMAN	psvid_34923_sp|P24158|PRTN3_HUMAN	0.11848279708310305	-0.47132163611554323	0.7082872302817493	0.23632609637075222	0.5013529986854491	0.6353763018219877	0.8484248968970014	0.304453798579944	1.6017226489021295	0.13405530642420727	0.366135639380008	0.19173262839033045	0.6179584459766287	0.5649941315963669	0.8306257009289872	False	False	False	False
sp|P53999|TCP4_HUMAN	psvid_8208_sp|P53999|TCP4_HUMAN	-0.10375937481971098	-0.6216615973562492	0.4141428477168272	0.2075159216590263	-0.5000068138877564	0.6362649993014781	0.8484248968970014	0.23380604565651184	2.2406015629507223	0.12312639817539131	0.3508937135022389	0.15736467592052067	-0.659356200575256	0.5402553937107294	0.8192783404244385	False	False	False	False
sp|P12956|XRCC6_HUMAN	psvid_53670_sp|P12956|XRCC6_HUMAN	-0.03440300028485699	-0.2064799326522264	0.1376739320825124	0.06894873522956031	-0.49896492184105257	0.6369532788236291	0.8484248968970014	0.05192780753977627	5.197046198461985	0.017518706134898653	0.1323582492136348	0.09147185133224423	-0.3761047774128715	0.7230343287050205	0.9035844234739212	False	False	False	False
sp|P0CG47|UBB_HUMAN	psvid_34274_sp|P0CG47|UBB_HUMAN	-0.06988063215559137	-0.4195810236819292	0.27981975937074643	0.14011988343415654	-0.4987203132268436	0.6371149272141161	0.8484248968970014	0.21787169736194972	4.363844910107629	0.02962205680757812	0.1721105946988102	0.14997624132048434	-0.46594468257317767	0.6618177654432452	0.8712054729316764	False	False	False	False
sp|P0CG48|UBC_HUMAN	psvid_34279_sp|P0CG48|UBC_HUMAN	-0.06988063215559137	-0.4195810236819292	0.27981975937074643	0.14011988343415654	-0.4987203132268436	0.6371149272141161	0.8484248968970014	0.21787169736194972	4.363844910107629	0.02962205680757812	0.1721105946988102	0.14997624132048434	-0.46594468257317767	0.6618177654432452	0.8712054729316764	False	False	False	False
sp|P62987|RL40_HUMAN	psvid_18614_sp|P62987|RL40_HUMAN	-0.06988063215559137	-0.4195810236819292	0.27981975937074643	0.14011988343415654	-0.4987203132268436	0.6371149272141161	0.8484248968970014	0.21787169736194972	4.363844910107629	0.02962205680757812	0.1721105946988102	0.14997624132048434	-0.46594468257317767	0.6618177654432452	0.8712054729316764	False	False	False	False
sp|P0DP25|CALM3_HUMAN,sp|P0DP23|CALM1_HUMAN,sp|P0DP24|CALM2_HUMAN	psvid_61549_sp|P0DP25|CALM3_HUMAN	-0.0627654410419296	-0.3771270434317334	0.2515961613478742	0.12596014231146913	-0.4982960473855751	0.6373953540139908	0.8484248968970014	0.18079506854614258	4.318303202463584	0.03060880623005796	0.17495372596791975	0.13352634894191515	-0.47006034044436423	0.659079824422677	0.8712054729316764	False	False	False	False
sp|Q9HCE6|ARGAL_HUMAN	psvid_418934_sp|Q9HCE6|ARGAL_HUMAN	-0.19533992838116498	-1.178700570555177	0.7880207137928469	0.39401837085098684	-0.4957635045271538	0.6390706796374335	0.8498230762043582	0.687388159275415	2.324392613092712	0.11997070220047157	0.3463678712012296	0.3957201744250552	-0.4936314623457746	0.6435180691022744	0.8677682985343053	False	False	False	False
sp|Q9Y3A6|TMED5_HUMAN	psvid_86377_sp|Q9Y3A6|TMED5_HUMAN	-0.11160541677066738	-0.6741470657293779	0.45093623218804313	0.22540229347445878	-0.49513878075652246	0.6394843124573732	0.8498230762043582	0.3860915486691208	3.7972487795508556	0.04580131587811548	0.2140124199155635	0.23355514420992235	-0.47785467174448104	0.6539114430667781	0.871037545518647	False	False	False	False
sp|O75352|MPU1_HUMAN	psvid_59628_sp|O75352|MPU1_HUMAN	0.10375937481971109	-0.41945479229004845	0.6269735419294706	0.20964434093576712	0.4949304825332819	0.6396222599396899	0.8498230762043582	0.236807759906406	2.174842961492274	0.12532926655538498	0.35401873757667823	0.15877450190449557	0.6535014978798257	0.5437096938850795	0.8192783404244385	False	False	False	False
sp|P09493|TPM1_HUMAN	psvid_50423_sp|P09493|TPM1_HUMAN	-0.20751874963942185	-1.2632056848325646	0.8481681855537208	0.4229984692227154	-0.49058983598864975	0.6425005457110359	0.85310364491455	0.740564219029122	1.7267226489021295	0.13371402958719508	0.36566928991534836	0.4249139409493887	-0.48837830355897716	0.6469685141584193	0.8686374040776298	False	False	False	False
sp|O00757|F16P2_HUMAN	psvid_68491_sp|O00757|F16P2_HUMAN	-0.10375937481971087	-0.6324286326032055	0.42490988296378374	0.21183011678231475	-0.4898235264928746	0.643009408081717	0.85310364491455	0.23680775990640593	2.0286023363119847	0.1293387279844836	0.359636939126786	0.15877450190449555	-0.6535014978798244	0.5437096938850803	0.8192783404244385	False	False	False	False
sp|Q92604|LGAT1_HUMAN	psvid_69463_sp|Q92604|LGAT1_HUMAN	-0.07187186238958299	-0.4385098206661315	0.2947660958869655	0.14690652118522987	-0.4892353437391795	0.6434001332723698	0.85310364491455	0.20717471944279858	3.862878439167467	0.043447301047684676	0.20844016179154312	0.14511495699469154	-0.4952753587778835	0.6424404144870896	0.8677682985343053	False	False	False	False
sp|Q7KZF4|SND1_HUMAN	psvid_39774_sp|Q7KZF4|SND1_HUMAN	0.029344992850043328	-0.12096091616867388	0.17965090186876054	0.06022540140502356	0.4872527565685197	0.644718086973834	0.85310364491455	0.07487427531835056	6.729723165254964	0.00919246136379253	0.09587732455483168	0.09635932435464725	0.304537137911429	0.773595364920335	0.9267264140276593	False	False	False	False
sp|Q96A57|TM230_HUMAN	psvid_25004_sp|Q96A57|TM230_HUMAN	-0.1462406251802889	-0.8953022600110662	0.6028210096504883	0.3001381511166603	-0.4872443727536884	0.644723663300709	0.85310364491455	0.4730878035852963	2.049842961492274	0.12883339615397374	0.35893369325541696	0.2795187693969669	-0.523187138723414	0.6242985917028803	0.8595013012834444	False	False	False	False
sp|A8MWD9|RUXGL_HUMAN	psvid_110166_sp|A8MWD9|RUXGL_HUMAN	-0.29248125036057804	-1.79194860245938	1.206986101738224	0.6008148566044238	-0.48680761992732735	0.645014196360998	0.85310364491455	1.1080307896319541	1.042481250360578	0.12711392474323305	0.3565303980633812	0.6283909446559485	-0.4654447248929009	0.6621507773792008	0.8712054729316764	False	False	False	False
sp|P62308|RUXG_HUMAN	psvid_100787_sp|P62308|RUXG_HUMAN	-0.29248125036057804	-1.79194860245938	1.206986101738224	0.6008148566044238	-0.48680761992732735	0.645014196360998	0.85310364491455	1.1080307896319541	1.042481250360578	0.12711392474323305	0.3565303980633812	0.6283909446559485	-0.4654447248929009	0.6621507773792008	0.8712054729316764	False	False	False	False
sp|P39656|OST48_HUMAN	psvid_68699_sp|P39656|OST48_HUMAN	0.05411882309546123	-0.22355308821202463	0.3317907344029471	0.11125911433935028	0.4864214803148079	0.6452711191623842	0.85310364491455	0.18358290632174035	5.601206698533657	0.014236361626856537	0.1193162253294016	0.13472114495057885	0.40170994030160745	0.7053149711523012	0.8917255207042222	False	False	False	False
sp|P08708|RS17_HUMAN	psvid_102576_sp|P08708|RS17_HUMAN	0.04682008340638455	-0.19367353731975995	0.28731370413252905	0.09636231162259837	0.48587546954824773	0.6456345074572506	0.85310364491455	0.11194657889116091	4.570194890730687	0.02567428350922785	0.16023196781300494	0.1070994255763595	0.43716465475347366	0.6811316774652347	0.8770126827493545	False	False	False	False
sp|P24557|THAS_HUMAN	psvid_24249_sp|P24557|THAS_HUMAN	-0.08495957318628244	-0.5232864975922134	0.3533673512196484	0.17563125190034465	-0.48373835673897925	0.6470578759042672	0.8544633864013084	0.28156623158843125	3.9351808960242654	0.041008728579045244	0.2025061198557842	0.18035973002981304	-0.47105622287324794	0.6584182319106776	0.8712054729316764	False	False	False	False
sp|Q9BV23|ABHD6_HUMAN	psvid_87476_sp|Q9BV23|ABHD6_HUMAN	-0.05101564785257717	-0.31454522821128544	0.2125139325061311	0.10559248710058512	-0.48313709860797927	0.6474586289918595	0.8544718934380995	0.1491127452912939	4.781608782829775	0.0223759178258377	0.14958582093847564	0.12054676623265115	-0.4232021268336532	0.6906051669465648	0.8838830659976025	False	False	False	False
sp|Q8NE62|CHDH_HUMAN	psvid_74012_sp|Q8NE62|CHDH_HUMAN	0.08762431177103303	-0.3665750249581983	0.5418236485002643	0.1819910976953478	0.48147581327145844	0.6485666010403489	0.855283265143407	0.2622507970097079	3.393498078870065	0.06326132348903431	0.25151803809873025	0.1709254831428738	0.5126462722810577	0.6311150156439241	0.8615108139037576	False	False	False	False
sp|Q8IZ83|A16A1_HUMAN	psvid_29152_sp|Q8IZ83|A16A1_HUMAN	0.07316322097979833	-0.30642720087070646	0.4527536428303031	0.15209638579546503	0.48103194955721157	0.6488628001364841	0.855283265143407	0.2524431862017441	4.56692451697964	0.02573078098454811	0.16040816994326726	0.16620127624931771	0.44020853889260475	0.6790752698952894	0.8759262558708882	False	False	False	False
sp|P09382|LEG1_HUMAN	psvid_79765_sp|P09382|LEG1_HUMAN	-0.07386397088154262	-0.45801095339028686	0.3102830116272016	0.15392213367497545	-0.4798788135143384	0.6496326455764462	0.8557774729265403	0.18485786371317342	3.40037824931481	0.06292224952978105	0.25084307750021934	0.13527008323149767	-0.5460480922092268	0.6096632001885653	0.8511308048441961	False	False	False	False
sp|P05141|ADT2_HUMAN	psvid_70839_sp|P05141|ADT2_HUMAN	0.06472549019706508	-0.2732232707709966	0.4026742511651268	0.1354111752259677	0.4779922343119338	0.65089318608283	0.8561094953370492	0.23566218700512492	5.565050078268689	0.014486047503010004	0.12035799725406701	0.15823581881878152	0.4090444924558548	0.7002779236101968	0.8889878503007009	False	False	False	False
sp|Q460N5|PAR14_HUMAN	psvid_51830_sp|Q460N5|PAR14_HUMAN	-0.13514209534067567	-0.8410222211391282	0.5707380304577768	0.28283594568957654	-0.4778108914381038	0.651014420463518	0.8561094953370492	0.4355119341019666	2.182428952329662	0.12508764882669873	0.3536773230314586	0.2595358616037504	-0.5207068283573294	0.6258986852663779	0.8600239993164828	False	False	False	False
sp|Q4KWH8|PLCH1_HUMAN	psvid_31493_sp|Q4KWH8|PLCH1_HUMAN	-0.25	-1.5560377463849395	1.0560377463849395	0.5233104143387366	-0.4777279281091778	0.6510698884704462	0.8561094953370492	0.9516969278171752	1.021240625180289	0.12664032915109022	0.3558656054623574	0.5415534104188877	-0.46163498408518333	0.6646913124403396	0.871376935304426	False	False	False	False
sp|P30837|AL1B1_HUMAN	psvid_883231_sp|P30837|AL1B1_HUMAN	-0.11391987094404765	-0.7102446039225817	0.4824048620344864	0.23893868608255076	-0.47677449312117487	0.6517075192663971	0.8564282560644528	0.36556832494136426	2.8817619400688432	0.09130020816410958	0.3021592430558919	0.22289197513108996	-0.5110990239870579	0.632119148180422	0.8615108139037576	False	False	False	False
sp|Q96JB5|CK5P3_HUMAN	psvid_46568_sp|Q96JB5|CK5P3_HUMAN	-0.04673285668700078	-0.2926354046672377	0.1991696912932361	0.09852959045531359	-0.47430275992262105	0.6533620751982119	0.8580821920936517	0.1011265019262992	4.335811457190803	0.03022405273911773	0.17385066217624173	0.10364793565244121	-0.45088072804178503	0.6718906756822045	0.8743656041536928	False	False	False	False
sp|P37837|TALDO_HUMAN	psvid_75681_sp|P37837|TALDO_HUMAN	-0.07981349014725936	-0.5008730137671016	0.3412460334725828	0.16871245442689262	-0.473074085836648	0.6541853581912033	0.8586430473654376	0.1554047530831758	2.8091106443363376	0.09547703874158933	0.3089935901302636	0.12302862982263903	-0.6487391614644523	0.546530343753711	0.8192783404244385	False	False	False	False
sp|Q00266|METK1_HUMAN	psvid_60161_sp|Q00266|METK1_HUMAN	-0.04290978021795344	-0.27068092594522464	0.18486136550931778	0.09126460010430335	-0.470168939204393	0.6561341334080879	0.8589942637917668	0.09402288167439278	4.559862688634391	0.025853395480032692	0.16078991100200501	0.10151609113899172	-0.42268944495905686	0.6909542749422882	0.8838830659976025	False	False	False	False
sp|Q9UJ68|MSRA_HUMAN	psvid_55231_sp|Q9UJ68|MSRA_HUMAN	-0.2880007733612625	-1.8212255740199454	1.2452240272974207	0.6143409774549028	-0.4687962938015215	0.6570559578076777	0.8589942637917668	1.136070314028465	0.9364816370412092	0.12464377611851768	0.3530492545219685	0.643993812304362	-0.44721046671353515	0.6743570402798195	0.8743656041536928	False	False	False	False
sp|A0A2R8Y4L2|RA1L3_HUMAN	psvid_1633342_sp|A0A2R8Y4L2|RA1L3_HUMAN	0.07173316838278954	-0.3107156863557042	0.45418202312128325	0.1532417184653005	0.46810469825834367	0.657520666367273	0.8589942637917668	0.21523970062177525	3.7464541700448466	0.047716307069444505	0.218440625959194	0.14877234546173482	0.4821673554998147	0.6510612423840825	0.8697323163968246	False	False	False	False
sp|P48509|CD151_HUMAN	psvid_86608_sp|P48509|CD151_HUMAN	-0.25	-1.5848550127517937	1.0848550127517937	0.5348570757153239	-0.46741458859013346	0.657984546798873	0.8589942637917668	0.9810039294335609	0.521240625180289	0.11320050664560914	0.3364528297482563	0.5578090825641704	-0.44818201749384384	0.6737037125477194	0.8743656041536928	False	False	False	False
sp|P61457|PHS_HUMAN	psvid_86236_sp|P61457|PHS_HUMAN	-0.25	-1.5848550127517937	1.0848550127517937	0.5348570757153239	-0.46741458859013346	0.657984546798873	0.8589942637917668	0.9810039294335609	0.521240625180289	0.11320050664560914	0.3364528297482563	0.5578090825641704	-0.44818201749384384	0.6737037125477194	0.8743656041536928	False	False	False	False
sp|P40222|TXLNA_HUMAN	psvid_72498_sp|P40222|TXLNA_HUMAN	-0.18424139854155153	-1.1681235890141868	0.7996407919310838	0.394227347702541	-0.4673480914382643	0.6580292540755026	0.8589942637917668	0.6811718385882253	1.9650839733531942	0.13069319498550983	0.36151513797558993	0.39231403830675565	-0.46962734073128093	0.6593675900145182	0.8712054729316764	False	False	False	False
sp|P61978|HNRPK_HUMAN	psvid_15783_sp|P61978|HNRPK_HUMAN	-0.060651410556488816	-0.3846632070388011	0.26336038592582345	0.1298268353553556	-0.4671716012369613	0.6581479193825522	0.8589942637917668	0.17011747441767464	3.9882514800818196	0.039320088507640086	0.19829293610121387	0.12902367964837916	-0.4700796839911761	0.659066970550523	0.8712054729316764	False	False	False	False
sp|P62249|RS16_HUMAN	psvid_84008_sp|P62249|RS16_HUMAN	0.06301090547895405	-0.27372924450628205	0.39975105546419015	0.1349269023051065	0.4670003120391011	0.6582630983566252	0.8589942637917668	0.22328735896303323	4.916173941010143	0.020595845098597677	0.14351252592926403	0.15246859894569362	0.4132713615437453	0.6973830921976328	0.8873923433894717	False	False	False	False
sp|O14617|AP3D1_HUMAN	psvid_41470_sp|O14617|AP3D1_HUMAN	-0.25	-1.5886801247838114	1.0886801247838114	0.5363897427212416	-0.4660790095121626	0.6588827837353487	0.8589942637917668	0.9810039294335609	0.771240625180289	0.12034623512854109	0.3469095489151907	0.5578090825641704	-0.44818201749384384	0.6737037125477194	0.8743656041536928	False	False	False	False
sp|Q7Z3Y8|K1C27_HUMAN	psvid_30186_sp|Q7Z3Y8|K1C27_HUMAN	0.25	-1.0886801247838114	1.5886801247838114	0.5363897427212416	0.4660790095121626	0.6588827837353487	0.8589942637917668	0.981003929433561	0.771240625180289	0.12034623512854109	0.3469095489151907	0.5578090825641704	0.44818201749384384	0.6737037125477194	0.8743656041536928	False	False	False	False
sp|Q7Z3Z0|K1C25_HUMAN	psvid_30183_sp|Q7Z3Z0|K1C25_HUMAN	0.25	-1.0886801247838114	1.5886801247838114	0.5363897427212416	0.4660790095121626	0.6588827837353487	0.8589942637917668	0.981003929433561	0.771240625180289	0.12034623512854109	0.3469095489151907	0.5578090825641704	0.44818201749384384	0.6737037125477194	0.8743656041536928	False	False	False	False
sp|Q53FV1|ORML2_HUMAN	psvid_91450_sp|Q53FV1|ORML2_HUMAN	0.25	-1.0907250120136536	1.5907250120136536	0.5372090994255074	0.46536814113415154	0.6593611337732892	0.8589942637917668	0.9810039294335609	0.917481250360578	0.12417469591265032	0.35238430145602445	0.5578090825641704	0.44818201749384384	0.6737037125477194	0.8743656041536928	False	False	False	False
sp|P0CG08|GPHRB_HUMAN,sp|B7ZAQ6|GPHRA_HUMAN	psvid_79480_sp|P0CG08|GPHRB_HUMAN	0.10536594210956918	-0.4601433555792601	0.6708752397983985	0.22659138735085624	0.46500417929133187	0.6596061167279649	0.8589942637917668	0.3258450815540454	2.7545217015691854	0.09858542006610409	0.3139831525195326	0.20252248936259062	0.5202678598371607	0.6261821187050023	0.8600239993164828	False	False	False	False
sp|P19440|GGT1_HUMAN	psvid_54296_sp|P19440|GGT1_HUMAN	-0.06717151840259539	-0.42872766569729936	0.2943846288921086	0.14487031310635834	-0.46366655087768455	0.6605068797484728	0.8593027178895338	0.21528795256265879	4.071815403235453	0.036830444347370046	0.19191259559333265	0.14879437174931132	-0.4514385699733719	0.6715162273441406	0.8743656041536928	False	False	False	False
sp|P62241|RS8_HUMAN	psvid_83725_sp|P62241|RS8_HUMAN	-0.029312750972739332	-0.18715628592804734	0.12853078398256867	0.06324561897754473	-0.4634748057908451	0.6606360535320551	0.8593027178895338	0.028940242965661278	5.316824514901276	0.016423819368302936	0.12815545001404716	0.08820761720051805	-0.33231541564153233	0.7537989721451904	0.9161426655292358	False	False	False	False
sp|P98194|AT2C1_HUMAN	psvid_29493_sp|P98194|AT2C1_HUMAN	0.10375937481971098	-0.45804950190418403	0.665568251543606	0.22510868225006755	0.46093013286998546	0.662351568654474	0.8610173061033264	0.28098171529211646	2.0943609377704338	0.12768911765958058	0.3573361409927361	0.18007189536412332	0.5762108218492352	0.5906701105129354	0.8437589230029635	False	False	False	False
sp|O43772|MCAT_HUMAN	psvid_55316_sp|O43772|MCAT_HUMAN	-0.04301077698932909	-0.2762506541998444	0.19022910022118622	0.09345584162571054	-0.46022566638035006	0.6628268962099371	0.8611186355437253	0.13670254617900737	5.362733549492451	0.01603361818289664	0.1266239242121987	0.11581195801509556	-0.37138459384067085	0.7263231368277964	0.904622261362002	False	False	False	False
sp|P46776|RL27A_HUMAN	psvid_89445_sp|P46776|RL27A_HUMAN	-0.07748886330532134	-0.4986067448547454	0.3436290182441027	0.1687358376042885	-0.4592318052021921	0.6634977861565755	0.8613011571556244	0.24357663735528337	3.589810795686871	0.05413737277247779	0.23267439217171665	0.1619730436463546	-0.4784059221268164	0.6535467489409353	0.871037545518647	False	False	False	False
sp|Q9NRG9|AAAS_HUMAN	psvid_75281_sp|Q9NRG9|AAAS_HUMAN	0.29248125036057804	-1.2983826971696255	1.8833451978907816	0.637436149026289	0.4588400748959024	0.6637623130825532	0.8613011571556244	1.1791367695090864	1.792481250360578	0.1331995454401573	0.36496512907421347	0.6679719955670143	0.4378645396837372	0.680658561865242	0.8770126827493545	False	False	False	False
sp|P23141|EST1_HUMAN	psvid_33457_sp|P23141|EST1_HUMAN	-0.01891011496578132	-0.1225907604321431	0.08477053050058046	0.04154333340524889	-0.45519012115171475	0.6662296417824936	0.8631466410197	0.039044605102950165	10.988063587367023	0.005718298751016431	0.07561943368616582	0.08942773413493024	-0.2114569394909345	0.8412941397375653	0.9585091486915374	False	False	False	False
sp|Q7L2E3|DHX30_HUMAN	psvid_77251_sp|Q7L2E3|DHX30_HUMAN	-0.16096404744368087	-1.0452445732078282	0.7233164783204664	0.3543184028257944	-0.4542920891490389	0.6668374181254387	0.8631466410197	0.5921201592973347	1.5804820237218404	0.1340336442236267	0.3661060559778091	0.3437081317997572	-0.46831608725934304	0.6602394435708454	0.8712054729316764	False	False	False	False
sp|Q13637|RAB32_HUMAN	psvid_31410_sp|Q13637|RAB32_HUMAN	-0.10841329436154779	-0.7049573315679653	0.4881307428448697	0.23902655811127088	-0.4535617097037375	0.6673319375144736	0.8631466410197	0.3995676430205691	3.4422538370700613	0.06088777466545724	0.2467544825640605	0.2406002475109785	-0.45059510737452974	0.672082439315687	0.8743656041536928	False	False	False	False
sp|A0A8I5KQE6|RPSA2_HUMAN	psvid_1210968_sp|A0A8I5KQE6|RPSA2_HUMAN	0.041064447942892546	-0.18511083478534768	0.26723973067113277	0.09062516090772393	0.453124138281035	0.6676282941529094	0.8631466410197	0.13827398045472317	5.754480314502758	0.013257593567971206	0.11514162395924077	0.11639906713661319	0.35279018082418784	0.7393442664847683	0.9125356411094354	False	False	False	False
sp|P23258|TBG1_HUMAN	psvid_90918_sp|P23258|TBG1_HUMAN	0.1286432932074396	-0.5805497284369742	0.8378363148518534	0.2841633750863224	0.452708914962601	0.6679095767998736	0.8631466410197	0.4414828832068025	2.266160377118121	0.1222046955788343	0.3495778819931752	0.26269947902386803	0.48969755739695053	0.6461010219687301	0.8685489544703711	False	False	False	False
sp|Q9NRH3|TBG2_HUMAN	psvid_44095_sp|Q9NRH3|TBG2_HUMAN	0.1286432932074396	-0.5805497284369742	0.8378363148518534	0.2841633750863224	0.452708914962601	0.6679095767998736	0.8631466410197	0.4414828832068025	2.266160377118121	0.1222046955788343	0.3495778819931752	0.26269947902386803	0.48969755739695053	0.6461010219687301	0.8685489544703711	False	False	False	False
sp|Q6P1A2|MBOA5_HUMAN	psvid_86564_sp|Q6P1A2|MBOA5_HUMAN	-0.09236411624248686	-0.6016598304209887	0.416931597936015	0.20406741837700373	-0.45261569424987314	0.6679727351130765	0.8631466410197	0.3046791861868083	3.223021841141464	0.07206420972593504	0.26844777839634854	0.1918455554631973	-0.4814503834580913	0.6515346082063576	0.8697323163968246	False	False	False	False
sp|P13010|XRCC5_HUMAN	psvid_48170_sp|P13010|XRCC5_HUMAN	0.0532905238207273	-0.2420494851238737	0.3486305327653283	0.11833846523916021	0.4503229251201456	0.6695270712873095	0.8642767922783557	0.19203037648511634	5.190835267661704	0.017578691470420033	0.13258465774900213	0.1383867292073249	0.38508406207715035	0.7167969532466976	0.9023083113658258	False	False	False	False
sp|P12814|ACTN1_HUMAN	psvid_44478_sp|P12814|ACTN1_HUMAN	-0.0824421475065591	-0.5395190672324044	0.37463477221928615	0.18314410353642727	-0.45014906794507525	0.6696450088764926	0.8642767922783557	0.3307675595353454	5.2192845983092635	0.017306610679872308	0.13155459201362874	0.20502470614609788	-0.40210835589644456	0.7050409077367233	0.8917255207042222	False	False	False	False
sp|Q9H223|EHD4_HUMAN	psvid_54761_sp|Q9H223|EHD4_HUMAN	0.0896134927281188	-0.40941360940361304	0.5886405948598507	0.1999529342131631	0.44817293169894107	0.6709862767347847	0.8654924176692134	0.25398246681870446	2.7623979262599105	0.09813930532192834	0.3132719351010051	0.1669395466612064	0.5368020611076889	0.6155578190483	0.8547849350339755	False	False	False	False
sp|Q9Y276|BCS1_HUMAN	psvid_86464_sp|Q9Y276|BCS1_HUMAN	0.1417601481809735	-0.650336042517909	0.933856338879856	0.31738147453863436	0.4466553959617364	0.672017196624209	0.8663065229533973	0.5382513475496421	2.770700479470967	0.09766808290242925	0.31251893207040954	0.3145210070957694	0.4507175831909012	0.6720002064362444	0.8743656041536928	False	False	False	False
sp|Q8IYB3|SRRM1_HUMAN	psvid_27450_sp|Q8IYB3|SRRM1_HUMAN	0.08048202372184055	-0.37042320768699444	0.5313872551306755	0.18067119739012033	0.44546128483366965	0.672828961797481	0.8668373128508569	0.11381876947466012	2.1252035125820763	0.1268289121320764	0.35613047065938686	0.10772021338464766	0.7471394754339661	0.49025436473313655	0.798445284621052	False	False	False	False
sp|Q96HY6|DDRGK_HUMAN	psvid_31516_sp|Q96HY6|DDRGK_HUMAN	0.05424545637577194	-0.2500884806685526	0.3585793934200965	0.12194220200207297	0.44484563576152075	0.6732476767215351	0.8668613876741333	0.1696273514166125	4.306310245242532	0.03087634218786979	0.175716653131881	0.12881992318472058	0.42109523926657666	0.6920404044180887	0.8842999062370829	False	False	False	False
sp|O96011|PX11B_HUMAN	psvid_66965_sp|O96011|PX11B_HUMAN	-0.11231330365418934	-0.7445996475559352	0.5199730402475565	0.2533479828770767	-0.44331635238905076	0.674288337388294	0.8676857643232976	0.3625961753235177	2.193843348172905	0.12471791688718116	0.3531542395146647	0.22135493369433612	-0.5073901077320471	0.634529866979874	0.8639513488734153	False	False	False	False
sp|P00326|ADH1G_HUMAN	psvid_59638_sp|P00326|ADH1G_HUMAN	0.04208755936112296	-0.19544995852389252	0.27962507724613844	0.0951778440167416	0.4421991251842166	0.6750491069649537	0.8681492075923173	0.16142187881801817	6.8859595088706715	0.008780127948308578	0.09370233694155433	0.12544928425358107	0.3354946153064363	0.7515467222568516	0.9161426655292358	False	False	False	False
sp|P02675|FIBB_HUMAN	psvid_42040_sp|P02675|FIBB_HUMAN	-0.024888238970478982	-0.16567951519104232	0.11590303725008436	0.0564130258089393	-0.44117894074270964	0.6757441701994462	0.8683509962174148	0.07177510020205796	7.356551739838397	0.00779169826750973	0.08827059684577719	0.09561236155171363	-0.2603035691887784	0.8055246681189941	0.9440627127170689	False	False	False	False
sp|CRP_HUMAN|,sp|P02741|CRP_HUMAN	psvid_76331_sp|CRP_HUMAN|	0.04854888237644883	-0.2263299124200443	0.32342767717294196	0.11013995299603549	0.440792655669613	0.6760074437557817	0.8683509962174148	0.14631051268500875	4.463250608514059	0.027619214829780716	0.16619029703860788	0.1194584930512351	0.40640795925348294	0.7020865601829069	0.8897202198341283	False	False	False	False
sp|Q8NBJ5|GT251_HUMAN	psvid_52711_sp|Q8NBJ5|GT251_HUMAN	-0.11485790465932422	-0.7664823548838615	0.5367665455652131	0.2610964820765201	-0.4399059832053293	0.6766119508754586	0.8686126170302836	0.4547701786421964	3.605502155947354	0.053459141045356776	0.23121232892161434	0.26975605013752596	-0.42578435071527704	0.6888481598581768	0.8832745339719936	False	False	False	False
sp|P00846|ATP6_HUMAN	psvid_68413_sp|P00846|ATP6_HUMAN	0.08048202372184055	-0.3780292777204966	0.5389933251641776	0.1837188395212447	0.43807169657488415	0.6778633666405726	0.8692540281614652	0.1138187694746601	1.2902410118609202	0.13166216613798007	0.36285281608109377	0.10772021338464764	0.7471394754339662	0.49025436473313655	0.798445284621052	False	False	False	False
sp|Q9NP72|RAB18_HUMAN	psvid_89916_sp|Q9NP72|RAB18_HUMAN	-0.08982559138769886	-0.6022295222925719	0.42257833951717416	0.20531283581415985	-0.4375059700066928	0.6782495571943953	0.8692540281614652	0.3684132396394131	4.68310633322573	0.02382970391107359	0.15436872711489716	0.22436498992450513	-0.40035475863646813	0.7062475620906734	0.8923839458020345	False	False	False	False
sp|O75947|ATP5H_HUMAN	psvid_84557_sp|O75947|ATP5H_HUMAN	-0.035021255193032674	-0.2348413697083648	0.16479885932229946	0.08006502661172861	-0.43741014866411676	0.6783149799820202	0.8692540281614652	0.10623675477193593	5.545306805785908	0.014625625866076051	0.1209364538345492	0.10524842628710201	-0.3327484925760307	0.7534919999730513	0.9161426655292358	False	False	False	False
sp|O60488|ACSL4_HUMAN	psvid_50204_sp|O60488|ACSL4_HUMAN	-0.08009189522493654	-0.5387000235606969	0.3785162331108239	0.18375763665544448	-0.4358561455332231	0.6793764244590451	0.8700997114673468	0.2722516025659661	3.4653725631021244	0.059786525313960684	0.24451283261612403	0.175789795806241	-0.4556117427499342	0.668718485534612	0.8743656041536928	False	False	False	False
sp|Q9Y3E0|GOT1B_HUMAN	psvid_13656_sp|Q9Y3E0|GOT1B_HUMAN	0.08048202372184055	-0.38152908882716574	0.5424931362708468	0.18512116315653612	0.4347532305303525	0.6801302562857365	0.8705506588134619	0.11381876947465999	1.6864816370412092	0.13391326945114568	0.36594162027725907	0.1077202133846476	0.7471394754339665	0.4902543647331364	0.798445284621052	False	False	False	False
sp|P35222|CTNB1_HUMAN	psvid_30133_sp|P35222|CTNB1_HUMAN	-0.06677244263261961	-0.453227285503678	0.3196824002384388	0.15484685990573066	-0.43121599413297795	0.6825507036195477	0.872512393880229	0.23985761350583332	4.076668860662278	0.03669207554700458	0.19155175683612138	0.1602124048056342	-0.41677448580605425	0.6949883986090779	0.8867176671197872	False	False	False	False
sp|Q9UBC5|MYO1A_HUMAN	psvid_24971_sp|Q9UBC5|MYO1A_HUMAN	-0.10375937481971087	-0.7046434100934627	0.4971246604540409	0.24076553249630114	-0.43095609967055776	0.6827287099680946	0.872512393880229	0.3171991892094111	1.674842961492274	0.13395485030411425	0.3659984293738352	0.19814447704663243	-0.5236551448027066	0.6239969385236754	0.8595013012834444	False	False	False	False
sp|P11498|PYC_HUMAN	psvid_47551_sp|P11498|PYC_HUMAN	0.02191282942308237	-0.10504832530216174	0.14887398414832648	0.050871496377570616	0.43074867034467257	0.6828707983483473	0.872512393880229	0.03647983589800209	6.56024678692299	0.009697975681663772	0.09847830056242732	0.08908538005832752	0.24597559564470875	0.815965018074341	0.9516664123611931	False	False	False	False
sp|P30040|ERP29_HUMAN	psvid_46244_sp|P30040|ERP29_HUMAN	-0.030573426166816242	-0.20825764972295438	0.1471107973893219	0.07119549561871039	-0.42942922022136265	0.6837749564066167	0.872657001257294	0.1029373174783924	6.591971094217587	0.009598361521222174	0.09797122802752946	0.10420883620597846	-0.2933861204090699	0.7815992913969877	0.9285776669173642	False	False	False	False
sp|O94973|AP2A2_HUMAN	psvid_57742_sp|O94973|AP2A2_HUMAN	0.04522105335804527	-0.21764924470983876	0.3080913514259293	0.10532832223266123	0.42933422273788663	0.6838400763867581	0.872657001257294	0.16823284850337186	5.494296642372088	0.014997213811527235	0.1224631120441059	0.1282416552505145	0.35262374982378314	0.7394612763212591	0.9125356411094354	False	False	False	False
sp|O00410|IPO5_HUMAN	psvid_53917_sp|O00410|IPO5_HUMAN	-0.10387862552677296	-0.7109180389870993	0.5031607879335533	0.24323190340950332	-0.4270764816237273	0.685388630789422	0.872657001257294	0.373087679576894	2.8387405439989433	0.09377722073490886	0.30623066589567555	0.22678895488996598	-0.4580409375631765	0.6670927611527043	0.873996380542872	False	False	False	False
sp|P20337|RAB3B_HUMAN	psvid_64166_sp|P20337|RAB3B_HUMAN	0.11848279708310305	-0.5739268734519876	0.8108924676181937	0.27743852930960333	0.42705963507643874	0.685400192035032	0.872657001257294	0.4247001892484727	2.2479632740824185	0.1228646437839268	0.3505205326138924	0.25381985443057536	0.4667987748590818	0.6612490791708615	0.8712054729316764	False	False	False	False
sp|Q15771|RAB30_HUMAN	psvid_14695_sp|Q15771|RAB30_HUMAN	0.11848279708310305	-0.5739268734519876	0.8108924676181937	0.27743852930960333	0.42705963507643874	0.685400192035032	0.872657001257294	0.4247001892484727	2.2479632740824185	0.1228646437839268	0.3505205326138924	0.25381985443057536	0.4667987748590818	0.6612490791708615	0.8712054729316764	False	False	False	False
sp|Q96AX2|RAB37_HUMAN	psvid_103114_sp|Q96AX2|RAB37_HUMAN	0.11848279708310305	-0.5739268734519876	0.8108924676181937	0.27743852930960333	0.42705963507643874	0.685400192035032	0.872657001257294	0.4247001892484727	2.2479632740824185	0.1228646437839268	0.3505205326138924	0.25381985443057536	0.4667987748590818	0.6612490791708615	0.8712054729316764	False	False	False	False
sp|Q8N6M3|FITM2_HUMAN	psvid_50514_sp|Q8N6M3|FITM2_HUMAN	0.1417601481809735	-0.693717419727399	0.977237716089346	0.33476376425033777	0.42346323981159634	0.687870454226786	0.8752878886138845	0.5488240124956353	1.7596019496313537	0.13348642032727073	0.36535793453443804	0.3202337929894536	0.44267704184999035	0.6774099327300325	0.8753412786082172	False	False	False	False
sp|P14618|KPYM_HUMAN	psvid_37927_sp|P14618|KPYM_HUMAN	-0.1286432932074395	-0.8907583037702648	0.6334717173553858	0.3053684497674957	-0.4212723786802046	0.6893774063608303	0.8761979308597136	0.4880370250719751	2.1624010022984095	0.1257184307950404	0.35456794947518927	0.28751343799042045	-0.44743401945520794	0.6742066810745547	0.8743656041536928	False	False	False	False
sp|P00558|PGK1_HUMAN	psvid_51790_sp|P00558|PGK1_HUMAN	0.07151594855841092	-0.3537119504581663	0.49674384757498813	0.17038266209280634	0.4197372413365431	0.6904342769515976	0.8761979308597136	0.302582363252979	5.083804082996969	0.018666294970985594	0.13662464993911455	0.19079563683734047	0.3748301048381972	0.7239217894068752	0.9041720562793653	False	False	False	False
sp|Q99624|S38A3_HUMAN	psvid_53394_sp|Q99624|S38A3_HUMAN	0.090642519846177	-0.4486864125511777	0.6299714522435317	0.21610129405443862	0.419444595381937	0.6906358385648669	0.8761979308597136	0.2445319511166787	1.3934006156177785	0.13292085975255044	0.3645831314701085	0.16242655899483713	0.5580523308941006	0.6020606115508941	0.8489124391691077	False	False	False	False
sp|Q9NRK6|ABCBA_HUMAN	psvid_34336_sp|Q9NRK6|ABCBA_HUMAN	-0.090642519846177	-0.6299714522435317	0.4486864125511777	0.21610129405443862	-0.419444595381937	0.6906358385648669	0.8761979308597136	0.2445319511166787	1.3934006156177785	0.13292085975255044	0.3645831314701085	0.16242655899483713	-0.5580523308941006	0.6020606115508941	0.8489124391691077	False	False	False	False
sp|P53621|COPA_HUMAN	psvid_40294_sp|P53621|COPA_HUMAN	-0.055775357119958846	-0.3878768063432811	0.2763260921033634	0.13306824207539283	-0.41914852296882416	0.6908397889741243	0.8761979308597136	0.23322572418380094	5.782445195558415	0.013091995412240398	0.11442025787525738	0.15709274221507255	-0.3550473200321242	0.7377581790804073	0.9116317273798876	False	False	False	False
sp|Q14118|DAG1_HUMAN	psvid_61403_sp|Q14118|DAG1_HUMAN	-0.09726057268647492	-0.6767210146115314	0.4821998692385816	0.23218140884217056	-0.4188990547153994	0.6910116584398942	0.8761979308597136	0.33477931433247615	2.679030396274169	0.10280530780997654	0.3206326680330258	0.20706892292229526	-0.46970144681233966	0.6593183353404819	0.8712054729316764	False	False	False	False
sp|P26232|CTNA2_HUMAN	psvid_27831_sp|P26232|CTNA2_HUMAN	0.08791885957035361	-0.43685648677942956	0.6126942059201368	0.21026988285231218	0.4181238814505138	0.6915458399007003	0.876362476646092	0.2628869288146322	2.5206820786873063	0.1111459656929309	0.33338561110661463	0.17123351964084024	0.5134442120605949	0.6305975257926172	0.8615108139037576	False	False	False	False
sp|P50226|ST1A2_HUMAN	psvid_37719_sp|P50226|ST1A2_HUMAN	-0.08220362011815041	-0.574542656154527	0.4101354159182263	0.1972731229679117	-0.41669954265144166	0.6925278856261758	0.8770940550274243	0.32232840811631425	3.7604228434398737	0.04718153757640096	0.21721311557178347	0.20073909960316377	-0.40950477650172157	0.6999624065241716	0.8889878503007009	False	False	False	False
sp|P19404|NDUV2_HUMAN	psvid_91777_sp|P19404|NDUV2_HUMAN	0.04640287152196754	-0.23304034370983268	0.32584608675376775	0.1119688501744121	0.4144266146315383	0.694096393481418	0.8783184292205636	0.10425044750132405	3.911743716682331	0.041781617462680894	0.2044055220943918	0.10461988315721904	0.44353778767115376	0.6768297406093423	0.8753412786082172	False	False	False	False
sp|O43175|SERA_HUMAN	psvid_67941_sp|O43175|SERA_HUMAN	-0.040537632559767056	-0.2848380309609285	0.20376276584139444	0.09788763231713628	-0.4141241503158771	0.6943052465412208	0.8783184292205636	0.11328027666949875	4.517306840702519	0.026610530082976896	0.16312734314938404	0.10754097157971026	-0.37695058882483895	0.722445728310268	0.9035036668375966	False	False	False	False
sp|Q9BVK6|TMED9_HUMAN	psvid_65675_sp|Q9BVK6|TMED9_HUMAN	0.07323187920635332	-0.37036455847742344	0.5168283168901301	0.17774266957140808	0.4120106859142927	0.6957654387319092	0.8796521036943099	0.3251215367602534	5.7678190655046215	0.013178132572395113	0.11479604772114375	0.20215527080208076	0.36225560142852115	0.7327030014180765	0.9067775008983278	False	False	False	False
sp|P47756|CAPZB_HUMAN	psvid_31859_sp|P47756|CAPZB_HUMAN	-0.07776398017418418	-0.5516177887931499	0.3960898284447816	0.1898663599966829	-0.4095721863290726	0.6974520073569523	0.8808807633751722	0.26706093538382564	3.2054379907878867	0.073012213328533	0.2702077225553204	0.17325940927589556	-0.448829766297737	0.6732683117326482	0.8743656041536928	False	False	False	False
sp|P07737|PROF1_HUMAN	psvid_30177_sp|P07737|PROF1_HUMAN	0.05161271936685652	-0.2629977615066971	0.36622320024041016	0.12605986431629757	0.40943023100004877	0.6975502491701872	0.8808807633751722	0.1380942962482881	3.772266843934264	0.046732951375271	0.2161780547957424	0.11633174559842743	0.4436683993810389	0.6767417232977584	0.8753412786082172	False	False	False	False
sp|Q7Z2K6|ERMP1_HUMAN	psvid_45196_sp|Q7Z2K6|ERMP1_HUMAN	0.18424139854155153	-0.9412398719418372	1.3097226690249402	0.45096404879369845	0.40855008073123816	0.698159513199267	0.8811366715799717	0.80090456820436	1.9650839733531942	0.13069319498550983	0.36151513797558993	0.45814636426044075	0.40214528132065785	0.7050155099573039	0.8917255207042222	False	False	False	False
sp|Q9NUI1|DECR2_HUMAN	psvid_23299_sp|Q9NUI1|DECR2_HUMAN	0.0823269063132398	-0.42592677820988756	0.5905805908363672	0.2036498921820552	0.404257058185146	0.701134851693759	0.8838909364604326	0.3120437776366016	3.339236656774312	0.06598157203075702	0.2568687836829478	0.19554468824064813	0.421013258165948	0.6920962810235776	0.8842999062370829	False	False	False	False
sp|Q96HV5|TM41A_HUMAN	psvid_89321_sp|Q96HV5|TM41A_HUMAN	-0.14624062518028902	-1.0495221595270863	0.7570409091665083	0.36193183184173483	-0.4040557152326877	0.7012745410451441	0.8838909364604326	0.6132747950467041	1.0731203125901445	0.12777650483686462	0.3574583959524026	0.35521912412094425	-0.4116913061541623	0.6984645271916661	0.8877258829468273	False	False	False	False
sp|Q6IC98|GRAM4_HUMAN	psvid_46340_sp|Q6IC98|GRAM4_HUMAN	-0.10375937481971087	-0.7453135791870207	0.5377948295475989	0.2570614803726065	-0.40363641674090306	0.7015654871767162	0.8838909364604326	0.4158710184408933	3.0053249852141146	0.08419097318563357	0.2901568079257035	0.24916453222924062	-0.41642915181944273	0.6952242839380731	0.8867176671197872	False	False	False	False
sp|Q9BTU6|P4K2A_HUMAN	psvid_47878_sp|Q9BTU6|P4K2A_HUMAN	-0.1462406251802889	-1.0537509663215041	0.7612697159609262	0.3636262534936899	-0.4021729008156631	0.7025814452737223	0.8846022085784876	0.6132747950467041	1.799842961492274	0.13312710914951384	0.364865878302581	0.35521912412094425	-0.41169130615416194	0.6984645271916662	0.8877258829468273	False	False	False	False
sp|P0DMM9|ST1A3_HUMAN,sp|P0DMN0|ST1A4_HUMAN	psvid_86388_sp|P0DMM9|ST1A3_HUMAN	-0.09508619527817086	-0.6859249259678155	0.4957525354114738	0.23674052439939233	-0.4016473120493558	0.7029464712377276	0.8846022085784876	0.3460196845277397	2.673499532138023	0.103109711024992	0.3211070086824515	0.21281902995616153	-0.4467936692398119	0.674637420463763	0.8743656041536928	False	False	False	False
sp|Q8NBN7|RDH13_HUMAN	psvid_96916_sp|Q8NBN7|RDH13_HUMAN	0.10375937481971098	-0.5427930073792122	0.7503117570186342	0.25906417785913793	0.40051610252394104	0.703732405781581	0.8850772625239036	0.36822872168794407	1.8443609377704335	0.13262441748457637	0.36417635492241446	0.22426939995189057	0.46265506949217794	0.6640105568734203	0.871376935304426	False	False	False	False
sp|Q8N0U8|VKORL_HUMAN	psvid_95269_sp|Q8N0U8|VKORL_HUMAN	-0.08048202372184055	-0.5852611646223748	0.4242971171786937	0.20225769286177514	-0.3979182328399382	0.7055388821184295	0.8866024359348279	0.21794635053301833	2.2669636607630497	0.12217514052907606	0.3495356069545363	0.1500104598457821	-0.5365094127741485	0.6157449393576537	0.8547849350339755	False	False	False	False
sp|P11226|MBL2_HUMAN	psvid_62834_sp|P11226|MBL2_HUMAN	0.050253782543452585	-0.26519111428816006	0.3656986793750652	0.1263942027088527	0.3975956291224169	0.7057633604003591	0.8866024359348279	0.2072967725163449	5.053908129758803	0.018989217204728376	0.13780136866057743	0.14516994003667186	0.3461720968594312	0.7440033441469287	0.9154126050331053	False	False	False	False
sp|O75828|CBR3_HUMAN	psvid_56400_sp|O75828|CBR3_HUMAN	0.09359887869537453	-0.4954719262794872	0.6826696836702363	0.2360321421639753	0.3965514096395816	0.706490189138505	0.8870012977190849	0.34516676514549244	2.687360045402955	0.10234548466673882	0.31991480845177955	0.21238158931361845	0.44071088740728587	0.6787361973408492	0.8759262558708882	False	False	False	False
sp|A6NNZ2|TBB8B_HUMAN	psvid_34264_sp|A6NNZ2|TBB8B_HUMAN	-0.036703162667580225	-0.2682626770786225	0.19485635174346208	0.09278254458260009	-0.3955826263732729	0.7071648194814054	0.8872070857496149	0.15379244145781265	6.5757205860673205	0.009649088865221504	0.0982297758585527	0.12238772898095984	-0.2998925053449617	0.7769253127244903	0.9267264140276593	False	False	False	False
sp|P68371|TBB4B_HUMAN	psvid_40982_sp|P68371|TBB4B_HUMAN	0.023959283176844925	-0.1279799382983525	0.17589850465204235	0.06087984605695735	0.3935503245923017	0.7085810146018933	0.8872070857496149	0.08663063423169308	7.66725157260834	0.00730432711289069	0.085465356214613	0.09941919693051084	0.24099252374359142	0.819606474041045	0.9548856071220132	False	False	False	False
sp|Q9HAV0|GBB4_HUMAN	psvid_70096_sp|Q9HAV0|GBB4_HUMAN	-0.08190907231883005	-0.6015315454418094	0.43771340080414933	0.20820520116082383	-0.3934055050601789	0.7086819807887594	0.8872070857496149	0.33847701898953103	3.59474297922931	0.05392335337554097	0.23221402493290746	0.20895692372541524	-0.3919902286964398	0.7120168132679078	0.8986257625809879	False	False	False	False
sp|O14949|QCR8_HUMAN	psvid_108947_sp|O14949|QCR8_HUMAN	0.06025202487594905	-0.3219882675826536	0.4424923173345517	0.15315815057960397	0.39339744341345423	0.7086876014521092	0.8872070857496149	0.1401118185180958	3.0968226476117	0.07900302459976229	0.2810747669211206	0.11709041530521441	0.5145769166408093	0.6298633475812677	0.8611444001316134	False	False	False	False
sp|P51648|AL3A2_HUMAN	psvid_73585_sp|P51648|AL3A2_HUMAN	0.031125566606435617	-0.16634555399624373	0.22859668720911497	0.07912381876294168	0.3933779624526103	0.7087011838636749	0.8872070857496149	0.1269795108726054	7.101723534934271	0.008284088274656699	0.09101696696032394	0.11226537495821684	0.2772499233892907	0.7932364073236033	0.9367538390573561	False	False	False	False
sp|P0DJI8|SAA1_HUMAN	psvid_36397_sp|P0DJI8|SAA1_HUMAN	0.046553153970576355	-0.2503297647253555	0.3434360726665082	0.11895668683611724	0.3913454149467959	0.7101189616323124	0.8884687008413517	0.20137594773461642	5.652769838040097	0.013893100921303372	0.1178689989832075	0.1425162594418359	0.3266515284143824	0.7578184204634247	0.9189661539699169	False	False	False	False
sp|P08319|ADH4_HUMAN	psvid_56289_sp|P08319|ADH4_HUMAN	0.02873687023019511	-0.15504946736651085	0.21252320782690107	0.07364052435984034	0.3902317437308565	0.7108963387054049	0.8889280819241849	0.11010681203794047	6.676883443158509	0.009343199963975188	0.09666022948439129	0.10649597999331363	0.2698399529446967	0.7986013584966603	0.9399482057168517	False	False	False	False
sp|Q99623|PHB2_HUMAN	psvid_90957_sp|Q99623|PHB2_HUMAN	0.025675582048570567	-0.13928776692928294	0.19063893102642407	0.0660984253657721	0.38844468542916627	0.7121445716632722	0.8899753672400869	0.046892326673324033	5.316265740550703	0.01642866513598699	0.12817435443951725	0.09060960672448237	0.28336489889689725	0.7888189169591943	0.9341189542186976	False	False	False	False
sp|P10768|ESTD_HUMAN	psvid_77018_sp|P10768|ESTD_HUMAN	-0.08048202372184043	-0.6008661506057924	0.43990210316211154	0.20851038479455913	-0.38598568508296444	0.7138637731975418	0.8916096809908202	0.2534622921767108	2.4688023912774506	0.11366246009428989	0.3371386363119627	0.16668992437211105	-0.4828247659539157	0.6506273667698302	0.8697323163968246	False	False	False	False
sp|O00330|ODPX_HUMAN	psvid_56029_sp|O00330|ODPX_HUMAN	-0.08048202372184077	-0.603283449500164	0.44231940205648246	0.20947896146050576	-0.3842009868710109	0.7151127144170197	0.8923889640900973	0.25346229217671085	2.430801617916188	0.11542447010546417	0.3397417697391125	0.16668992437211105	-0.4828247659539177	0.6506273667698288	0.8697323163968246	False	False	False	False
sp|Q15836|VAMP3_HUMAN	psvid_103652_sp|Q15836|VAMP3_HUMAN	0.16951797627815957	-0.9324637943706588	1.271499746926978	0.4415481394685498	0.3839173152947547	0.7153113200851403	0.8923889640900973	0.7824166170325472	2.0614816370412092	0.12854536410195236	0.35853223579191923	0.44795361103537723	0.37842752486433656	0.7214184570313452	0.9035036668375966	False	False	False	False
sp|P18077|RL35A_HUMAN	psvid_77140_sp|P18077|RL35A_HUMAN	-0.05372811405390532	-0.40490320902446975	0.2974469809166591	0.14071077575144303	-0.38183368520981464	0.7167708835997898	0.8934895811052507	0.20483069140434979	4.0719190525695	0.03682748231846579	0.1919048783081498	0.14406126674867942	-0.37295322515548984	0.725229429822949	0.904622261362002	False	False	False	False
sp|P35573|GDE_HUMAN	psvid_41656_sp|P35573|GDE_HUMAN	0.018523912806768905	-0.10266317152229064	0.13971099713582846	0.0485579099748712	0.381480850727617	0.7170181733004296	0.8934895811052507	0.057271899355453924	8.555165455777804	0.006404235899992144	0.08002646999582165	0.0924728142897644	0.20031739002474888	0.8495172648912902	0.9643289224826745	False	False	False	False
sp|Q9UI17|M2GD_HUMAN	psvid_65395_sp|Q9UI17|M2GD_HUMAN	-0.17695481212667252	-1.3562966176041957	1.002386993350851	0.4725451852978337	-0.3744717280637242	0.7219385265960854	0.8991039006515615	0.8440295493701948	1.5652000549654657	0.1340042500623026	0.3660659094511569	0.4819538265992536	-0.3671613386188779	0.7292714638471467	0.9046868069538352	False	False	False	False
sp|Q5T8D3|ACBD5_HUMAN	psvid_28355_sp|Q5T8D3|ACBD5_HUMAN	0.08616204284686158	-0.48993880797632494	0.6622628936700481	0.2308352693325012	0.37326203701892496	0.7227892335542829	0.8996463349294263	0.3109584330270116	2.3678830260202504	0.11818348862427264	0.34377825501952947	0.1949984299115011	0.44186018772543817	0.6779607770419436	0.8755309915672776	False	False	False	False
sp|Q96HR9|REEP6_HUMAN	psvid_415045_sp|Q96HR9|REEP6_HUMAN	0.0716674011780114	-0.4084359404421564	0.5517707427981793	0.19237045738080147	0.3725488942210302	0.7232909536740111	0.8997540164245591	0.34145371894047155	4.676196710888886	0.023936902192655953	0.15471555252351313	0.21047937549198412	0.340496074784015	0.7480092771954129	0.9161426655292358	False	False	False	False
sp|P05109|S10A8_HUMAN	psvid_25696_sp|P05109|S10A8_HUMAN	-0.06575860145844858	-0.5088422120257619	0.37732500910886474	0.17753718717126807	-0.3703933947934639	0.7248083527259759	0.9006768332602789	0.09299670602522501	2.1189532777081785	0.12700767934137258	0.3563813678370021	0.10121742012404567	-0.6496767194605336	0.5459742761261178	0.8192783404244385	False	False	False	False
sp|Q9NZN3|EHD3_HUMAN	psvid_70898_sp|Q9NZN3|EHD3_HUMAN	-0.0321744065936489	-0.24901601465814532	0.18466720147084753	0.0868852926159333	-0.37030900886611795	0.7248677860140496	0.9006768332602789	0.09091983721337679	4.729170811293432	0.023132871025677793	0.15209494082867384	0.1006203335908831	-0.31976048424236314	0.7627206072069417	0.9228450897919835	False	False	False	False
sp|P35908|K22E_HUMAN	psvid_22944_sp|P35908|K22E_HUMAN	0.32319543730696143	-1.8600045115190227	2.5063953861329455	0.874776608077986	0.3694605392079125	0.7254654848147045	0.9006768332602789	1.6571786364156846	2.718802391277451	0.10059593043764255	0.31716861515232325	0.9348669646239808	0.3457127586457781	0.7443271850799869	0.9154126050331053	False	False	False	False
sp|Q6UX53|TMT1B_HUMAN	psvid_37390_sp|Q6UX53|TMT1B_HUMAN	0.024571107176802442	-0.1415545087782227	0.1906967231318276	0.06656412891460096	0.36913436076548317	0.7256953165078205	0.9006768332602789	0.05507301762629675	5.401434518858384	0.01571650887971053	0.12536550115446646	0.09205042387818058	0.26693095090273367	0.800711044871122	0.9409657452471374	False	False	False	False
sp|O14745|NHRF1_HUMAN	psvid_84351_sp|O14745|NHRF1_HUMAN	-0.06875176187496745	-0.5353117667696916	0.3978082430197567	0.1869438384542517	-0.36776693173437847	0.7266591803643995	0.9013568653976265	0.22902514799380055	2.897178658895566	0.09041130047880816	0.30068471939692604	0.15513059738270302	-0.443186341282234	0.6770666045897522	0.8753412786082172	False	False	False	False
sp|Q16850|CP51A_HUMAN	psvid_33865_sp|Q16850|CP51A_HUMAN	-0.04153746371303435	-0.32566869607676213	0.24259376865069343	0.113847270759519	-0.36485252071412805	0.7287153320235125	0.9021577038959426	0.1931309112477044	5.880240269001246	0.012541722016824618	0.11198982997051392	0.13886909393043875	-0.29911236933569235	0.7774851704894369	0.9267264140276593	False	False	False	False
sp|P08962|CD63_HUMAN	psvid_77164_sp|P08962|CD63_HUMAN	-0.06575860145844847	-0.5155769744033329	0.38405977148643605	0.18023570894066948	-0.36484779761426234	0.7287186662774013	0.9021577038959426	0.09299670602522503	1.2596019496313537	0.1312095484459873	0.3622285859039666	0.10121742012404567	-0.6496767194605325	0.5459742761261186	0.8192783404244385	False	False	False	False
sp|O60256|KPRB_HUMAN	psvid_72529_sp|O60256|KPRB_HUMAN	0.08997398627159592	-0.5257948053546626	0.7057427778978544	0.24672963884446913	0.36466630718943654	0.7288467937488592	0.9021577038959426	0.40425426067468817	3.2104315175787947	0.07274231512105706	0.2697078328878438	0.24305773221308052	0.37017537130939226	0.7271667627512532	0.904622261362002	False	False	False	False
sp|Q9Y490|TLN1_HUMAN	psvid_37836_sp|Q9Y490|TLN1_HUMAN	-0.041294299926890154	-0.32442575996614503	0.24183716011236472	0.1134466764652021	-0.36399744103174764	0.7293190800378886	0.9021577038959426	0.18613793997637026	5.458895418434304	0.015264717951021576	0.12355046722299992	0.13582279225847868	-0.3040307097228917	0.773958176188661	0.9267264140276593	False	False	False	False
sp|Q9H082|RB33B_HUMAN	psvid_74342_sp|Q9H082|RB33B_HUMAN	0.058230772207154446	-0.3416793781839967	0.4581409225983056	0.16023820680430606	0.3634012971592342	0.7297401288596695	0.9021577038959426	0.16894982065381423	3.1115644706587524	0.078177706524946	0.27960276558887254	0.12853869567906376	0.45302134037944036	0.6704543973834654	0.8743656041536928	False	False	False	False
sp|P62280|RS11_HUMAN	psvid_42815_sp|P62280|RS11_HUMAN	-0.03944326904674478	-0.310795490515356	0.23190895242186643	0.1087269061262049	-0.3627737645818869	0.7301834607326284	0.9021577038959426	0.15186059757471337	4.651438129371828	0.0243269117086952	0.1559708681411218	0.12162424588562248	-0.32430432566741585	0.7594867322638176	0.9204741324472555	False	False	False	False
sp|Q9P035|HACD3_HUMAN	psvid_38408_sp|Q9P035|HACD3_HUMAN	0.05675060634742435	-0.3337225970435424	0.4472238097383911	0.15645695878262472	0.3627234402930678	0.7302190182895631	0.9021577038959426	0.2570792478255819	4.403042813797269	0.028808376488599022	0.16973030515673687	0.16842846891612034	0.3369418882248874	0.7505223652753252	0.9161426655292358	False	False	False	False
sp|P78417|GSTO1_HUMAN	psvid_86359_sp|P78417|GSTO1_HUMAN	-0.06230715157719113	-0.49198844253210117	0.3673741393777189	0.17216707176007093	-0.36189935125353884	0.7308014000335489	0.9023627543434191	0.2115388651133875	3.1439563537466775	0.07637682562156593	0.27636357506293396	0.14708802234531482	-0.4236045232215728	0.690331219140223	0.8838830659976025	False	False	False	False
sp|P22059|OSBP1_HUMAN	psvid_37445_sp|P22059|OSBP1_HUMAN	-0.0504978073191813	-0.39943950570274916	0.29844389106438657	0.13981588607726708	-0.36117360291429595	0.7313144505157527	0.9024114655069568	0.19017159213431006	3.889080708735731	0.04254497570211995	0.2062643345373115	0.13757449048241138	-0.3670579272516902	0.7293437248492617	0.9046868069538352	False	False	False	False
sp|P14923|PLAK_HUMAN	psvid_22947_sp|P14923|PLAK_HUMAN	0.07032152759750399	-0.4162873382957282	0.5569303934907361	0.1949771267609563	0.36066552403205127	0.7316737170723226	0.9024114655069568	0.24576838005821147	2.8276420141593297	0.09441470179712105	0.30726975412025354	0.16301427717036562	0.43138262990309256	0.685046698834048	0.8801328934332863	False	False	False	False
sp|P26599|PTBP1_HUMAN	psvid_71919_sp|P26599|PTBP1_HUMAN	0.04224606784165186	-0.2511401945646335	0.3356323302479372	0.11755562729032694	0.35937086820452085	0.732589521364858	0.9030270152432578	0.15959082357623638	4.337371109683168	0.03019010932430094	0.17375301241791735	0.12470793912729916	0.33876005118269165	0.7492363350436183	0.9161426655292358	False	False	False	False
sp|Q86U17|SPA11_HUMAN	psvid_60593_sp|Q86U17|SPA11_HUMAN	-0.08997398627159592	-0.7159922932692421	0.5360443207260502	0.2508364712469924	-0.3586957902266166	0.7330672482210241	0.903102175608277	0.3550860156750281	2.1679502672182167	0.12554595290092166	0.3543246433723199	0.21747976872906583	-0.4137119824864474	0.6970816656175761	0.8873923433894717	False	False	False	False
sp|Q13488|VPP3_HUMAN	psvid_83110_sp|Q13488|VPP3_HUMAN	0.10375937481971098	-0.6196730349400295	0.8271917845794514	0.2898688917263946	0.35795277720814833	0.7335932043643194	0.9032366328735683	0.4653165760708938	0.4481203125901445	0.11104046279293582	0.33322734400546394	0.27537226854204405	0.3767967463429199	0.7225527709411883	0.9035036668375966	False	False	False	False
sp|Q6NXT6|TAPT1_HUMAN	psvid_61561_sp|Q6NXT6|TAPT1_HUMAN	-0.055598105334111914	-0.4443561772209843	0.3331599665527605	0.15576973042300235	-0.35692496342602514	0.7343210282143535	0.9035685204770554	0.07862759460574914	2.759002178568501	0.0983317548620139	0.3135789451828899	0.09729797746647317	-0.5714209768982078	0.5936617672183909	0.844137171628775	False	False	False	False
sp|O43826|G6PT1_HUMAN	psvid_28411_sp|O43826|G6PT1_HUMAN	0.03984565595266165	-0.2391813121736781	0.3188726240790014	0.11180206598626076	0.35639463010959244	0.7346966926998484	0.9035685204770554	0.11790748549772351	4.02999525823276	0.03805087204612515	0.19506632729952433	0.10909892803594431	0.3652249996400871	0.7306250590184166	0.9052398529976607	False	False	False	False
sp|Q7Z3Y7|K1C28_HUMAN	psvid_30184_sp|Q7Z3Y7|K1C28_HUMAN	0.14624062518028902	-0.8808803570543597	1.1733616074149378	0.41155250548999167	0.355338925725105	0.7354447504139624	0.9036137603342493	0.7172529590963881	1.3231203125901445	0.13210885234824785	0.3634678147350159	0.4121040977774638	0.3548633123741928	0.7378874249304674	0.9116317273798876	False	False	False	False
sp|P60468|SC61B_HUMAN	psvid_60577_sp|P60468|SC61B_HUMAN	0.10375937481971098	-0.6253497862142122	0.8328685358536342	0.29214348376603	0.3551658023726763	0.7355674541899473	0.9036137603342493	0.4653165760708937	2.3999590431045457	0.11680208649992778	0.3417632023783833	0.275372268542044	0.37679674634291993	0.7225527709411882	0.9035036668375966	False	False	False	False
sp|Q9Y394|DHRS7_HUMAN	psvid_24281_sp|Q9Y394|DHRS7_HUMAN	-0.04003930629837349	-0.3239847472260672	0.2439061346293202	0.11377282682124791	-0.351923279196363	0.7378672460524242	0.9053701667597193	0.1821854855331485	5.220048721399371	0.017299396779694814	0.13152717126014235	0.13412129121129085	-0.2985305758449396	0.7779027905474446	0.9267264140276593	False	False	False	False
sp|O00186|STXB3_HUMAN	psvid_37230_sp|O00186|STXB3_HUMAN	-0.1082398518190264	-0.876070547953543	0.6595908443154902	0.30765864221639766	-0.35181801180443945	0.7379419589276774	0.9053701667597193	0.5041708260455477	2.482681305326044	0.11300157382488506	0.33615706719461524	0.296166590162095	-0.36546948715513666	0.7304540880597779	0.9052398529976607	False	False	False	False
sp|Q01581|HMCS1_HUMAN	psvid_72414_sp|Q01581|HMCS1_HUMAN	0.10375937481971098	-0.6332811233072919	0.8407998729467139	0.2953214556982565	0.3513438418295171	0.738278537700945	0.9053701667597193	0.4653165760708938	0.9481203125901445	0.12492741946052305	0.35345073130568433	0.27537226854204405	0.3767967463429199	0.7225527709411883	0.9035036668375966	False	False	False	False
sp|Q9NRG7|D39U1_HUMAN	psvid_36339_sp|Q9NRG7|D39U1_HUMAN	-0.1286432932074395	-1.0443808918907997	0.7870943054759206	0.3669227964651075	-0.35060043814877234	0.7388063561879825	0.9053701667597193	0.6235809852075016	2.058641627478699	0.12861637526153002	0.35863125248858335	0.36083581714444773	-0.3565147557287578	0.7367278178670535	0.9112381171905851	False	False	False	False
sp|Q8IYT4|KATL2_HUMAN	psvid_51903_sp|Q8IYT4|KATL2_HUMAN	-0.10375937481971098	-0.8439905643406359	0.636471814701214	0.2965999195405169	-0.34982940986785055	0.7393539560311989	0.9053701667597193	0.4653165760708938	1.0943609377704335	0.12822094950751114	0.3580795295845759	0.27537226854204405	-0.3767967463429199	0.7225527709411883	0.9035036668375966	False	False	False	False
sp|P02647|APOA1_HUMAN	psvid_54328_sp|P02647|APOA1_HUMAN	0.054779322325896995	-0.33744837794907756	0.44700702260087155	0.15715996027999152	0.3485577511492354	0.7402574862403536	0.9053701667597193	0.26575186313667376	4.644672916120346	0.02443510775394831	0.15631733030585032	0.17262317158503415	0.3173346997561837	0.7644493358871723	0.9239050255814291	False	False	False	False
sp|P36268|GGT2_HUMAN	psvid_38858_sp|P36268|GGT2_HUMAN	0.051154429902117826	-0.31549366274903273	0.4178025225532684	0.1469105818823933	0.34820112511070583	0.7405109568434504	0.9053701667597193	0.1290417663508008	3.180861243269719	0.07434819593234417	0.27266865594039985	0.11300485175224771	0.4526746339552659	0.670686916162683	0.8743656041536928	False	False	False	False
sp|P63027|VAMP2_HUMAN	psvid_80240_sp|P63027|VAMP2_HUMAN	0.2119992266387376	-1.3113359107879894	1.7353343640654646	0.6103783325942082	0.3473242992386477	0.7411343120144722	0.9053701667597193	1.1248652850493819	1.4364816370412092	0.13331715797643126	0.36512622197868955	0.6377577976875622	0.3324133823332664	0.7537295271401431	0.9161426655292358	False	False	False	False
sp|P46777|RL5_HUMAN	psvid_67743_sp|P46777|RL5_HUMAN	0.0371023839733593	-0.22989587016383273	0.3041006381105513	0.10698233445932237	0.34680850965601845	0.741501100871181	0.9053701667597193	0.18072926674724185	6.112326614953488	0.011396836593532977	0.10675596748441267	0.13349824068809454	0.27792414178734653	0.7927489073004204	0.9366885943947716	False	False	False	False
sp|P09429|HMGB1_HUMAN	psvid_6810_sp|P09429|HMGB1_HUMAN	-0.08549350927228028	-0.7009370317095446	0.529950013164984	0.24659930819014053	-0.34668998019394465	0.7415854003868227	0.9053701667597193	0.4286957151319506	3.7257886110519864	0.04851881220955636	0.22026986223620415	0.2559303135551645	-0.33404995322624254	0.7525698179813044	0.9161426655292358	False	False	False	False
sp|P10253|LYAG_HUMAN	psvid_70365_sp|P10253|LYAG_HUMAN	-0.11485790465932444	-0.9417128874015921	0.7119970780829432	0.33130881922410466	-0.3466792852913221	0.7415930069213206	0.9053701667597193	0.5646617744368332	2.6803922264120805	0.10273024276470141	0.3205155889573882	0.3288064740605107	-0.34931764950037747	0.7417873150889924	0.9138448617384005	False	False	False	False
sp|Q9UBS3|DNJB9_HUMAN	psvid_40926_sp|Q9UBS3|DNJB9_HUMAN	0.14624062518028902	-0.9146230843117436	1.2071043346723216	0.42507272772771554	0.34403671569813077	0.7434734778593322	0.9071548572754352	0.7557072677167809	0.5731203125901445	0.11472183140173799	0.3387061136173039	0.433244346367879	0.33754768274832214	0.7500937685932754	0.9161426655292358	False	False	False	False
sp|P62910|RL32_HUMAN	psvid_88642_sp|P62910|RL32_HUMAN	-0.039833397543648896	-0.3301138693708183	0.25044707428352053	0.11631118197524684	-0.3424726399231862	0.7445874170135083	0.9080027758403334	0.1646072089540303	4.495510477393331	0.02701077161453363	0.16434954096234536	0.12674849427699558	-0.31427116961718826	0.7666348057729825	0.9250482747326492	False	False	False	False
sp|Q71UM5|RS27L_HUMAN	psvid_100491_sp|Q71UM5|RS27L_HUMAN	-0.048161269485598956	-0.4005434867358756	0.3042209477646777	0.1411944521705222	-0.34109887991515436	0.745566381854679	0.908685235927497	0.13042133430567607	3.3239987209518906	0.06675980672541329	0.25837919174231755	0.11350344272556198	-0.42431549501143556	0.6898473291354579	0.8838830659976025	False	False	False	False
sp|P11216|PYGB_HUMAN	psvid_48062_sp|P11216|PYGB_HUMAN	-0.05629761525531429	-0.46927693321043046	0.3566817026998019	0.1654748330135344	-0.3402185953601152	0.7461939666018503	0.9089389126622877	0.29564695414217285	5.3228138047759535	0.01637202714333849	0.1279532224812587	0.1873337797710899	-0.3005203616993499	0.7764748500844656	0.9267264140276593	False	False	False	False
sp|ALBU_HUMAN|,sp|P02768|ALBU_HUMAN	psvid_22960_sp|ALBU_HUMAN|	-0.01451048154759027	-0.12169598890372955	0.09267502580854901	0.04294768081619954	-0.33786414706977674	0.7478735994150377	0.9098282619688912	0.025225626380938046	7.685346260468485	0.007279261651631552	0.08531858913291729	0.08784703687956313	-0.16517895267752633	0.8755952237943613	0.973909950079632	False	False	False	False
sp|E9PAV3|NACAM_HUMAN	psvid_33698_sp|E9PAV3|NACAM_HUMAN	0.07460993549124795	-0.47722554302675	0.6264454140092459	0.2211124859977466	0.33742977089049736	0.748183646898276	0.9098282619688912	0.3813372950575132	3.9125154376348563	0.04175590120891026	0.20434260742417443	0.2310776054050242	0.322878261441538	0.7605010654354967	0.920673636200403	False	False	False	False
sp|Q13765|NACA_HUMAN	psvid_44711_sp|Q13765|NACA_HUMAN	0.07460993549124795	-0.47722554302675	0.6264454140092459	0.2211124859977466	0.33742977089049736	0.748183646898276	0.9098282619688912	0.3813372950575132	3.9125154376348563	0.04175590120891026	0.20434260742417443	0.2310776054050242	0.322878261441538	0.7605010654354967	0.920673636200403	False	False	False	False
sp|P46782|RS5_HUMAN	psvid_17903_sp|P46782|RS5_HUMAN	-0.029414833310045685	-0.24782001845401136	0.18899035183392	0.08751179531202492	-0.33612421280087507	0.7491158396541131	0.9102337270497468	0.129921328639093	5.718152714459282	0.013478472454840925	0.11609682362080767	0.11332237643640908	-0.25956774147382833	0.8060597330384356	0.944179157564481	False	False	False	False
sp|P62829|RL23_HUMAN	psvid_41166_sp|P62829|RL23_HUMAN	-0.07237665429874629	-0.6103141599830403	0.4655608513855477	0.21554376951753357	-0.3357863438166268	0.7493571615398008	0.9102337270497468	0.34884736091580304	3.480502155947354	0.05907444279604875	0.24305234579416993	0.21427054742785612	-0.3377816277951834	0.7499282813249282	0.9161426655292358	False	False	False	False
sp|Q9UHE5|NAT8_HUMAN	psvid_105838_sp|Q9UHE5|NAT8_HUMAN	-0.06938349388222709	-0.5890090558546158	0.45024206809016165	0.20820643881805748	-0.3332437472928409	0.751174217371813	0.9119297081483018	0.325717310359352	3.380752777501883	0.06389297025409048	0.25277058819034004	0.20245763113455906	-0.3427062417623214	0.7464483249568825	0.9161426655292358	False	False	False	False
sp|P62857|RS28_HUMAN	psvid_94812_sp|P62857|RS28_HUMAN	-0.05197321291033319	-0.4420822756693148	0.3381358498486484	0.1563110529039247	-0.3324986425769782	0.7517070414661158	0.9120655984642065	0.19718216767281235	3.448049183738461	0.060610233015641446	0.246191456016738	0.1406539166756401	-0.3695113093095576	0.7276302411944671	0.904622261362002	False	False	False	False
sp|Q15041|AR6P1_HUMAN	psvid_50981_sp|Q15041|AR6P1_HUMAN	0.07144226741801707	-0.467212589267347	0.6100971241033811	0.21583120167685313	0.33100991359433696	0.7527720882418074	0.9128467348740887	0.39419439177776056	4.9664626130787095	0.01998564375037452	0.14137059011822267	0.23778732739001168	0.3004460675098955	0.7765281480285547	0.9267264140276593	False	False	False	False
sp|P61353|RL27_HUMAN	psvid_85833_sp|P61353|RL27_HUMAN	0.026967506226110993	-0.1783702595815683	0.23230527203379028	0.08227586959231412	0.3277693248304505	0.755092524927846	0.9150433978398722	0.047866333373235315	4.508741767703311	0.026766782812418965	0.1636055708477525	0.09077015359761033	0.29709662435583845	0.778932470027727	0.9274432211813651	False	False	False	False
sp|Q13505|MTX1_HUMAN	psvid_59325_sp|Q13505|MTX1_HUMAN	-0.06074711590800874	-0.5243146379115847	0.40282040609556724	0.18574479388911339	-0.32704612945584777	0.7556107624348595	0.9150433978398722	0.2535804375220474	3.1775522168495702	0.07452901528354297	0.2730000279918355	0.16674660802307995	-0.36430795581521236	0.7312665109869764	0.9055168738907301	False	False	False	False
sp|Q9UJ14|GGT7_HUMAN	psvid_63697_sp|Q9UJ14|GGT7_HUMAN	-0.06871496030764579	-0.5936224094960031	0.4561924888807115	0.2103228145469595	-0.3267118712521012	0.755850337855732	0.9150433978398722	0.2360383423161841	2.119319980874979	0.126997253353386	0.356366739965146	0.1584126122160417	-0.4337720295523752	0.6834274441375033	0.8789241967038396	False	False	False	False
sp|Q13595|TRA2A_HUMAN	psvid_37594_sp|Q13595|TRA2A_HUMAN	-0.08048202372184043	-0.6964829301780655	0.5355188827343846	0.2468226438959542	-0.3260722859599822	0.7563088371029365	0.9150872417655296	0.3389850016895865	1.1864816370412092	0.12999557548530408	0.36054899179626626	0.2092165730462405	-0.38468283152717786	0.717075128420248	0.9023083113658258	False	False	False	False
sp|Q9NQ39|RS10L_HUMAN	psvid_44006_sp|Q9NQ39|RS10L_HUMAN	-0.08894788668841158	-0.7775832477933218	0.5996874744164986	0.2759262181706509	-0.3223611271089881	0.7589714337519395	0.9177963710605207	0.45576539320199644	2.9554379907878867	0.087053915291659	0.2950490048986083	0.27028546522138774	-0.3290886789474801	0.7560877785714096	0.9173808601143587	False	False	False	False
sp|Q9H936|GHC1_HUMAN	psvid_58898_sp|Q9H936|GHC1_HUMAN	-0.0782687720833477	-0.6855671633502723	0.5290296191835769	0.24333567206676504	-0.3216493965663726	0.7594824928691292	0.9178816819164134	0.38705895782565897	3.05244616751978	0.0815065079224862	0.2854934463739688	0.23405980048283953	-0.3343964744133246	0.7523243617026326	0.9161426655292358	False	False	False	False
sp|P21108|PRPS3_HUMAN	psvid_77988_sp|P21108|PRPS3_HUMAN	0.047073320676468744	-0.32077914651828104	0.41492578787121853	0.14739315732339758	0.31937249687368086	0.7611183331923047	0.9178816819164134	0.15416000180290992	3.3271164405384255	0.06660007994755321	0.2580699129064704	0.12253354177121964	0.38416681666117647	0.7174329582294959	0.9023083113658258	False	False	False	False
sp|O60884|DNJA2_HUMAN	psvid_48547_sp|O60884|DNJA2_HUMAN	-0.03609747733379365	-0.3182851337533638	0.24609017908577652	0.1130685080205008	-0.31925314984477116	0.7612041162671183	0.9178816819164134	0.1375215834099627	4.199975683035068	0.03339803509528952	0.18275129300579385	0.11611749460532703	-0.3108702737385589	0.7690638694919714	0.9261475533513664	False	False	False	False
sp|O43676|NDUB3_HUMAN	psvid_107485_sp|O43676|NDUB3_HUMAN	-0.07887545643198246	-0.6980346455141343	0.5402837326501694	0.24808812201413827	-0.3179332238545763	0.7621530919235606	0.9178816819164134	0.34765670497507034	2.1624010022984095	0.1257184307950404	0.35456794947518927	0.21365911655101408	-0.36916494697360525	0.7278720360094653	0.904622261362002	False	False	False	False
sp|Q96ER9|MITOK_HUMAN	psvid_29034_sp|Q96ER9|MITOK_HUMAN	0.08048202372184066	-0.55139687494383	0.7123609223875114	0.2531847254705423	0.3178786697035743	0.7621923241913897	0.9178816819164134	0.35639176201858075	2.0169636607630497	0.12960448000562774	0.36000622217626704	0.21815260567525524	0.3689253377135785	0.7280393280181492	0.904622261362002	False	False	False	False
sp|Q99470|SDF2_HUMAN	psvid_104963_sp|Q99470|SDF2_HUMAN	-0.08048202372184032	-0.7123609223875109	0.5513968749438303	0.25318472547054227	-0.31787866970357304	0.7621923241913907	0.9178816819164134	0.3563917620185807	2.0169636607630497	0.12960448000562774	0.36000622217626704	0.2181526056752552	-0.368925337713577	0.7280393280181502	0.904622261362002	False	False	False	False
sp|P51572|BAP31_HUMAN	psvid_40168_sp|P51572|BAP31_HUMAN	-0.022632761040822347	-0.2003756660278208	0.15511014394617612	0.07121900841838444	-0.3177910159583173	0.7622553614714955	0.9178816819164134	0.08780951374657431	5.797107992182407	0.013006671037795705	0.1140467931938277	0.09974496947852246	-0.22690629070467294	0.8299281822453533	0.9585091486915374	False	False	False	False
sp|Q15125|EBP_HUMAN	psvid_108796_sp|Q15125|EBP_HUMAN	0.08048202372184066	-0.5523615040401376	0.7133255514838189	0.2535712383821861	0.31739413442678005	0.7625408092202917	0.9178816819164134	0.37893529573832624	2.5244004966115625	0.11096085300702538	0.33310786992658303	0.2298275176583866	0.3501844537235457	0.7411771588214003	0.9136125729044224	False	False	False	False
sp|Q15287|RNPS1_HUMAN	psvid_60270_sp|Q15287|RNPS1_HUMAN	-0.08048202372184043	-0.714195226212801	0.5532311787691201	0.25391970445372447	-0.3169585593799707	0.7628541343476976	0.9178816819164134	0.3563917620185807	1.9364816370412092	0.13122659441356632	0.3622521144362947	0.2181526056752552	-0.3689253377135775	0.7280393280181499	0.904622261362002	False	False	False	False
sp|Q86UB9|TM135_HUMAN	psvid_63078_sp|Q86UB9|TM135_HUMAN	0.14624062518028902	-1.0082076190546825	1.3006888694152605	0.4625706957516741	0.31614762137633695	0.7634376053798377	0.9180739682897383	0.8277402069671046	0.9693609377704335	0.12543756329846878	0.3541716579548239	0.47295621219199574	0.3092054220041049	0.7702540901408823	0.9261475533513664	False	False	False	False
sp|Q92928|RAB1C_HUMAN	psvid_85851_sp|Q92928|RAB1C_HUMAN	0.04816126948559907	-0.332879437459927	0.4292019764311251	0.15267749403378786	0.31544445886006534	0.7639436722070659	0.918173010356468	0.17485767514915979	3.348882639339619	0.0654921223361325	0.25591428708872915	0.13100780192955566	0.3676213841943239	0.7289500358740856	0.9046868069538352	False	False	False	False
sp|P62879|GBB2_HUMAN	psvid_21038_sp|P62879|GBB2_HUMAN	-0.04982191485640808	-0.4458399237440203	0.34619609403120416	0.1586786820596961	-0.31397988822256984	0.7649981428692826	0.9186770729271341	0.26687755236588745	4.561920851533465	0.02581757216345161	0.1606784744869443	0.1731702338655701	-0.28770484247936173	0.785689230775201	0.931394181121368	False	False	False	False
sp|P13929|ENOB_HUMAN	psvid_49740_sp|P13929|ENOB_HUMAN	0.08903595255631913	-0.6193481599082263	0.7974200650208646	0.28383925689046546	0.31368441959625903	0.7652109444547656	0.9186770729271341	0.45019844844437606	2.4979632740824185	0.11226337370941639	0.33505726929797597	0.26732561739436134	0.33306180464168694	0.7532699517554116	0.9161426655292358	False	False	False	False
sp|Q9BY49|PECR_HUMAN	psvid_78667_sp|Q9BY49|PECR_HUMAN	0.04962826451069646	-0.34991461617366265	0.4491711451950556	0.16009104715063802	0.31000024919568825	0.7678662620516701	0.920777829497686	0.27185386074770207	4.632965918206468	0.024624014526380068	0.15692040825329276	0.1755954788927195	0.2826283730289945	0.7893505084077134	0.9341189542186976	False	False	False	False
sp|Q08043|ACTN3_HUMAN	psvid_34128_sp|Q08043|ACTN3_HUMAN	-0.08698082585507672	-0.7883402033319233	0.6143785516217699	0.2810245472948142	-0.3095132674080169	0.7682175119951917	0.920777829497686	0.4821724038067299	3.2564276732815527	0.07028223537718285	0.26510796928267333	0.28437434295288305	-0.30586734707458557	0.7726427036276209	0.9267264140276593	False	False	False	False
sp|Q6UXB4|CLC4G_HUMAN	psvid_41268_sp|Q6UXB4|CLC4G_HUMAN	-0.05626663890869321	-0.51077539442859	0.3982421166112035	0.18211507732457022	-0.3089620021323844	0.768615202415643	0.920777829497686	0.15149287271043332	2.38731120498865	0.11735310246931054	0.34256839093721203	0.12147947201585213	-0.46317816479603113	0.6636616126744884	0.871376935304426	False	False	False	False
sp|P00395|COX1_HUMAN	psvid_151902_sp|P00395|COX1_HUMAN	0.055598105334112025	-0.3940697127273554	0.5052659233955794	0.18017538377882802	0.30857769895115505	0.7688924905640071	0.920777829497686	0.07862759460574922	1.570280303027634	0.134015294241157	0.3660809940998808	0.0972979774664732	0.5714209768982088	0.5936617672183903	0.844137171628775	False	False	False	False
sp|P30419|NMT1_HUMAN	psvid_62349_sp|P30419|NMT1_HUMAN	-0.038627487263906524	-0.35174262357500546	0.2744876490471924	0.125460701401808	-0.3078851531380795	0.7693922828275966	0.920777829497686	0.17873472088255377	4.303766664568556	0.030933505430410596	0.17587923535884104	0.1326483004136072	-0.2912022780801802	0.783170484103204	0.9294252130622361	False	False	False	False
sp|Q9BY64|UDB28_HUMAN	psvid_42937_sp|Q9BY64|UDB28_HUMAN	0.0406404032572063	-0.28896639406017355	0.37024720057458615	0.13206867117773452	0.30772175486276776	0.7695102211445821	0.920777829497686	0.19401746654360805	4.272864802633738	0.031639980462746665	0.1778763066367937	0.1392584519180953	0.2918343748436103	0.7827155916045466	0.9293943490449602	False	False	False	False
sp|TRFL_HUMAN|,sp|P02788|TRFL_HUMAN	psvid_28989_sp|TRFL_HUMAN|	-0.07703057384058298	-0.7048185949580311	0.5507574472768652	0.2515455700704055	-0.3062291012281503	0.7705879133234257	0.9215585034061056	0.43128620486103264	3.5337733015105472	0.05662235609023091	0.23795452525688793	0.2572998350578597	-0.2993805799496953	0.7772926739679616	0.9267264140276593	False	False	False	False
sp|P67812|SC11A_HUMAN	psvid_34817_sp|P67812|SC11A_HUMAN	-0.042481250360577816	-0.3897835254042685	0.3048210246831129	0.13915899288283803	-0.3052713265634511	0.7712797255651099	0.9217537089918716	0.060077560406496394	3.078445297804259	0.08003647515976726	0.28290718470863774	0.09303278986373446	-0.4566266412390759	0.6680390162972345	0.8743656041536928	False	False	False	False
sp|Q14677|EPN4_HUMAN	psvid_59839_sp|Q14677|EPN4_HUMAN	0.07970554600488544	-0.5728742911341952	0.7322853831439661	0.26147929177975215	0.3048254623238868	0.7716018588422958	0.9217537089918716	0.4581164941259527	3.670390869453028	0.05073702349391575	0.22524880353492613	0.2715366298293739	0.29353515234747596	0.7814921120211106	0.9285776669173642	False	False	False	False
sp|P17516|AK1C4_HUMAN	psvid_24139_sp|P17516|AK1C4_HUMAN	-0.034188469262588006	-0.3174461550703927	0.2490692165452167	0.11349725330298711	-0.3012272831953036	0.7742033684171078	0.9238524768763624	0.17141182967994542	4.8451687390882245	0.021507220966372184	0.14665340420996775	0.12956304750024086	-0.26387515516354654	0.8029292944271607	0.9418092195179564	False	False	False	False
sp|P08238|HS90B_HUMAN	psvid_47970_sp|P08238|HS90B_HUMAN	0.025436157304872475	-0.18659575406337353	0.23746806867311848	0.08495811679124882	0.29939643515606446	0.7755283445575092	0.9238524768763624	0.12905676290179907	6.020438230605333	0.011824953192553254	0.10874260063357531	0.11301025493019203	0.2250783109956237	0.8312705861923027	0.9585091486915374	False	False	False	False
sp|Q9H2A2|AL8A1_HUMAN	psvid_24222_sp|Q9H2A2|AL8A1_HUMAN	-0.09166861942936133	-0.8567818595801818	0.6734446207214592	0.3065697969508519	-0.29901386353482595	0.7758053165724833	0.9238524768763624	0.5206103712055721	2.8995056186664843	0.09027711286673903	0.3004614998077774	0.3050081730950428	-0.30054479687925184	0.77645732082794	0.9267264140276593	False	False	False	False
sp|Q9UHG3|PCYOX_HUMAN	psvid_79974_sp|Q9UHG3|PCYOX_HUMAN	-0.02438051323940793	-0.22790128685999167	0.1791402603811758	0.08154782713189432	-0.2989719542125289	0.7758356600813194	0.9238524768763624	0.12259884238160287	6.142023223304695	0.011264993673378285	0.10613667449745297	0.11071839793093961	-0.22020290841469028	0.8348541322062185	0.9585091486915374	False	False	False	False
sp|P46976|GLYG_HUMAN	psvid_65454_sp|P46976|GLYG_HUMAN	-0.07225740359168464	-0.6755363868929489	0.5310215797095796	0.24172515349352452	-0.2989238089101899	0.7758705191572609	0.9238524768763624	0.34519313720470285	2.458191279079137	0.11416153253394448	0.3378779846837383	0.2123951121792472	-0.3402027610254244	0.7482165374576006	0.9161426655292358	False	False	False	False
sp|P35998|PRS7_HUMAN	psvid_59834_sp|P35998|PRS7_HUMAN	-0.09659203911189351	-0.9032136818340691	0.7100296036102821	0.32320161284459614	-0.29886001577082943	0.7759167087747945	0.9238524768763624	0.5449969487515248	2.633258520277103	0.10530036071154675	0.32450017058785463	0.31816493947440466	-0.3035910847733869	0.7742731825947718	0.9267264140276593	False	False	False	False
sp|Q9Y5S2|MRCKB_HUMAN	psvid_34216_sp|Q9Y5S2|MRCKB_HUMAN	0.06575860145844847	-0.48921214953091674	0.6207293524478137	0.22236874428017184	0.29571872464052956	0.7781924316820495	0.9239432658762249	0.26724584526382905	1.2596019496313537	0.1312095484459873	0.3622285859039666	0.17334934269356447	0.3793415102513091	0.7207830793314507	0.9035036668375966	False	False	False	False
sp|P09211|GSTP1_HUMAN	psvid_40086_sp|P09211|GSTP1_HUMAN	0.06575860145844858	-0.4909998541483803	0.6225170570652775	0.22308505163550646	0.29476919666446344	0.778880806342596	0.9239432658762249	0.26724584526382905	1.3633613244510647	0.13259825738684028	0.36414043635229565	0.17334934269356447	0.3793415102513097	0.7207830793314502	0.9035036668375966	False	False	False	False
sp|Q9HC07|TM165_HUMAN	psvid_78328_sp|Q9HC07|TM165_HUMAN	0.10375937481971098	-0.777199455982708	0.98471820562213	0.3529874477507666	0.2939463583786476	0.77947751651223	0.9239432658762249	0.5957057571144397	0.9481203125901445	0.12492741946052305	0.35345073130568433	0.345657413555269	0.3001798044847094	0.7767191741928231	0.9267264140276593	False	False	False	False
sp|P84243|H33_HUMAN	psvid_20396_sp|P84243|H33_HUMAN	0.06708217637582692	-0.5029649442058703	0.6371292969575242	0.22840962727909386	0.2936924208271623	0.7796617021635237	0.9239432658762249	0.3666773638271729	3.2821294474026277	0.068929058322286	0.262543440828915	0.22346599922181473	0.3001896333644942	0.7767121222971755	0.9267264140276593	False	False	False	False
sp|P60709|ACTB_HUMAN	psvid_7063_sp|P60709|ACTB_HUMAN	0.02837517900681763	-0.2131284665155629	0.26987882452919815	0.09676701393390116	0.2932319377572188	0.7799957398518257	0.9239432658762249	0.1670169319053996	7.27117471583105	0.007946450944961762	0.08914286816656598	0.12773922638968935	0.22213363747995873	0.8334344399510517	0.9585091486915374	False	False	False	False
sp|P63261|ACTG_HUMAN	psvid_7061_sp|P63261|ACTG_HUMAN	0.02837517900681763	-0.2131284665155629	0.26987882452919815	0.09676701393390116	0.2932319377572188	0.7799957398518257	0.9239432658762249	0.1670169319053996	7.27117471583105	0.007946450944961762	0.08914286816656598	0.12773922638968935	0.22213363747995873	0.8334344399510517	0.9585091486915374	False	False	False	False
sp|Q8WUY1|THEM6_HUMAN	psvid_89265_sp|Q8WUY1|THEM6_HUMAN	0.026316366674354663	-0.197968050719913	0.2506007840686223	0.08986751854698906	0.2928351322017934	0.7802836274715271	0.9239432658762249	0.10064281360528075	4.72219543439855	0.023236431776949614	0.1524350083706155	0.10349929027083911	0.2542661558885036	0.809918423680319	0.9477843067223692	False	False	False	False
sp|P25789|PSA4_HUMAN	psvid_83437_sp|P25789|PSA4_HUMAN	0.10375937481971098	-0.7834294322961243	0.9909481819355462	0.35548370905325843	0.2918822218212137	0.7809751351241312	0.9239432658762249	0.5957057571144397	1.8443609377704335	0.13262441748457637	0.36417635492241446	0.3456574135552691	0.3001798044847093	0.7767191741928231	0.9267264140276593	False	False	False	False
sp|Q9BWD1|THIC_HUMAN	psvid_69241_sp|Q9BWD1|THIC_HUMAN	-0.055598105334111914	-0.531242095624771	0.42004588495654716	0.19058365987178108	-0.29172545732155963	0.7810889173622899	0.9239432658762249	0.2568407944471886	3.070280303027634	0.08049717426634773	0.2837202394372804	0.1683136505364195	-0.33032439827025	0.7552109101155777	0.9173441940697629	False	False	False	False
sp|Q9Y285|SYFA_HUMAN	psvid_58177_sp|Q9Y285|SYFA_HUMAN	0.03800077336126262	-0.2871576991844419	0.36315924590696713	0.13028629185078008	0.29167130955561915	0.7811282201020736	0.9239432658762249	0.05374120906816351	3.252699534725232	0.07047983009600663	0.26548037610340736	0.09180172800198398	0.4139439876386789	0.6969229778479923	0.8873923433894717	False	False	False	False
sp|P31040|SDHA_HUMAN	psvid_67745_sp|P31040|SDHA_HUMAN	0.013398983866137026	-0.10128006244747582	0.1280780301797499	0.04595023337454126	0.2915977326365602	0.7811816264995843	0.9239432658762249	0.02994269855204493	7.173996662672144	0.008134894178373948	0.09019364821523713	0.08831312115115575	0.15172132624781176	0.8856332152492976	0.9752299697557605	False	False	False	False
sp|Q9Y281|COF2_HUMAN	psvid_66580_sp|Q9Y281|COF2_HUMAN	-0.08335593343129788	-0.7979042344086652	0.6311923675460694	0.2863091579738268	-0.29113959896077773	0.7815141964604911	0.9239432658762249	0.4539336422237128	2.4526420141593297	0.11442036783229638	0.3382607985449931	0.2693111381281586	-0.30951535837196165	0.7700324580678135	0.9261475533513664	False	False	False	False
sp|Q08380|LG3BP_HUMAN	psvid_35482_sp|Q08380|LG3BP_HUMAN	0.055598105334111914	-0.42105166391558463	0.5322478745838084	0.19098666093759556	0.2911098872621186	0.7815357666594924	0.9239432658762249	0.18120138639834596	2.320280303027634	0.12013449530399965	0.3466042343999849	0.13370000932250212	0.41584219489470586	0.6956253041548861	0.8867176671197872	False	False	False	False
sp|Q9HAW9|UD18_HUMAN	psvid_62823_sp|Q9HAW9|UD18_HUMAN	-0.01260918625083196	-0.12184211752184199	0.09662374502017806	0.04376805393342662	-0.2880910873947276	0.7837284921843201	0.9260303394566094	0.030233585123943463	7.697784663112481	0.007262226709919798	0.08521869929727746	0.08834438387140771	-0.14272764943593513	0.8923554727413257	0.9754641707208827	False	False	False	False
sp|Q9UBU6|FA8A1_HUMAN	psvid_51504_sp|Q9UBU6|FA8A1_HUMAN	-0.02939061202900528	-0.2848132137508299	0.22603198969281935	0.10234413814493983	-0.28717435665325824	0.7843948057829228	0.9263125581098602	0.06250999596919755	3.935731783714613	0.040990763256561376	0.20246175751623163	0.09353705171000046	-0.3142135815882574	0.7666759120534554	0.9250482747326492	False	False	False	False
sp|Q9H2F3|3BHS7_HUMAN	psvid_73123_sp|Q9H2F3|3BHS7_HUMAN	-0.056206370922886606	-0.5475465825117987	0.4351338406660255	0.19687290847418734	-0.2854957107023997	0.7856154357769694	0.9272487196779371	0.3439387956016403	4.36672579893356	0.029561153933957723	0.17193357419060923	0.21175211155754534	-0.26543476005721944	0.8017968849273671	0.9417310838144198	False	False	False	False
sp|Q9NZ43|USE1_HUMAN	psvid_62779_sp|Q9NZ43|USE1_HUMAN	-0.05281518902743576	-0.5164932611731938	0.41086288311832236	0.1857890897303865	-0.28427497601759144	0.7865035225025337	0.927297815351742	0.2302534947986055	2.941183585382133	0.0878745544666538	0.29643642567446704	0.15570323357067373	-0.3392041887393619	0.74892232796176	0.9161426655292358	False	False	False	False
sp|Q8NFW8|NEUA_HUMAN	psvid_73389_sp|Q8NFW8|NEUA_HUMAN	0.06288469174899114	-0.4892210673338061	0.6149904508317884	0.22122078350656235	0.28426213284397717	0.7865128678433326	0.927297815351742	0.2874355263349064	2.4220029519297634	0.11582233164082739	0.34032680123790926	0.18325750652832484	0.34314933636440964	0.7461355527628479	0.9161426655292358	False	False	False	False
sp|Q9HCE1|MOV10_HUMAN	psvid_57584_sp|Q9HCE1|MOV10_HUMAN	-0.10375937481971098	-1.0179857122601188	0.8104669626206967	0.36631725596720643	-0.28325003294139045	0.78724944743924	0.9274194558607797	0.6228953365685669	2.0943609377704338	0.12768911765958058	0.3573361409927361	0.36046198136527113	-0.2878510916094846	0.7855838459431909	0.931394181121368	False	False	False	False
sp|P22492|H1T_HUMAN	psvid_46313_sp|P22492|H1T_HUMAN	0.14624062518028902	-1.146366782616814	1.438848032977392	0.5179290721297812	0.2823564712807711	0.7878999622702794	0.9274194558607797	0.938158488993374	1.8656015629507225	0.13234514966471217	0.36379272898824155	0.5340483275598568	0.2738340663821257	0.7957079385379195	0.9386494843830548	False	False	False	False
sp|Q02539|H11_HUMAN	psvid_41620_sp|Q02539|H11_HUMAN	0.14624062518028902	-1.146366782616814	1.438848032977392	0.5179290721297812	0.2823564712807711	0.7878999622702794	0.9274194558607797	0.938158488993374	1.8656015629507225	0.13234514966471217	0.36379272898824155	0.5340483275598568	0.2738340663821257	0.7957079385379195	0.9386494843830548	False	False	False	False
sp|P29144|TPP2_HUMAN	psvid_64211_sp|P29144|TPP2_HUMAN	-0.01563721489869052	-0.15628645934004512	0.12501202954266408	0.056356115731544726	-0.277471481057694	0.7914596076856172	0.9311036752740133	0.038092895471639104	5.961587802606068	0.012116044255887786	0.11007290427661018	0.08929813788868571	-0.17511244095798548	0.8682029587232972	0.9705799034279209	False	False	False	False
sp|O95168|NDUB4_HUMAN	psvid_99900_sp|O95168|NDUB4_HUMAN	-0.07480200459681952	-0.7531551358444107	0.6035511266507717	0.27180627754730097	-0.2752033737844856	0.7931142716328206	0.9320644297246324	0.42379054584722015	2.5374010022984095	0.11030891196404563	0.33212785484515694	0.2533396971828193	-0.29526365361856266	0.7802494327074052	0.9279915042134727	False	False	False	False
sp|O14672|ADA10_HUMAN	psvid_41325_sp|O14672|ADA10_HUMAN	0.08048202372184055	-0.6494620156094175	0.8104260630530986	0.2924780074112386	0.2751729076459374	0.7931365059585704	0.9320644297246324	0.45009884097653513	1.5827222622214983	0.1340369864574531	0.3661106205198821	0.2672726924900985	0.3011232571947922	0.7760423908963422	0.9267264140276593	False	False	False	False
sp|P31937|3HIDH_HUMAN	psvid_61648_sp|P31937|3HIDH_HUMAN	-0.06575860145844847	-0.6642315640473839	0.532714361130487	0.23979945058237137	-0.27422331993984417	0.7938296280541769	0.9323733354977785	0.32008875322521463	2.009601949631354	0.1297685015423038	0.36023395389982854	0.1996052005114883	-0.32944332757835	0.7558360760791223	0.9173808601143587	False	False	False	False
sp|Q6ZWL3|CP4V2_HUMAN	psvid_68049_sp|Q6ZWL3|CP4V2_HUMAN	0.05223254038247149	-0.42682102712824826	0.5312861078931912	0.19194982809524067	0.272115588228373	0.7953688515553138	0.9336751361432097	0.333814671905944	4.379167758127425	0.029300151386147485	0.17117286988932412	0.2065769854422027	0.2528478197639563	0.8109518000918315	0.9483715870474899	False	False	False	False
sp|Q02252|MMSA_HUMAN	psvid_37592_sp|Q02252|MMSA_HUMAN	-0.03580292953447328	-0.365762474475897	0.29415661540695043	0.13221001204311636	-0.27080346625183893	0.7963275811317287	0.9339934260521258	0.20259505441024664	4.4537846509258285	0.027801477423910096	0.16673775044635242	0.1430603598767581	-0.25026450069967915	0.8128350998061628	0.9495491435471455	False	False	False	False
sp|Q6UXV4|MIC27_HUMAN	psvid_40646_sp|Q6UXV4|MIC27_HUMAN	0.04564785331961807	-0.37579877930146344	0.4670944859406996	0.1688675633985847	0.27031747483602675	0.7966827818144933	0.9339934260521258	0.21260182952399187	3.2438665564369176	0.07094928248602736	0.2663630651686291	0.14757076879068048	0.3093285594003144	0.7701660329304938	0.9261475533513664	False	False	False	False
sp|Q9UBR1|BUP1_HUMAN	psvid_78389_sp|Q9UBR1|BUP1_HUMAN	0.04816126948559907	-0.3974080665230938	0.49373060549429193	0.17853318136382584	0.26976088768313095	0.7970896461758216	0.9339934260521258	0.15866817422236115	2.5608818659783568	0.10911349381506542	0.3303233170926107	0.12433593193667344	0.38734795915736153	0.7152283283573259	0.901628730395768	False	False	False	False
sp|Q14764|MVP_HUMAN	psvid_69470_sp|Q14764|MVP_HUMAN	0.029098178074766556	-0.24113455694509328	0.2993309130946264	0.10827834411567784	0.26873497477648783	0.7978397733355879	0.9339934260521258	0.17612757933451975	5.557047766552216	0.014542341589193854	0.12059163150564742	0.13154342046950432	0.22120587993614155	0.8341165424794544	0.9585091486915374	False	False	False	False
sp|Q99643|C560_HUMAN	psvid_84921_sp|Q99643|C560_HUMAN	0.05214665545285457	-0.43301657749228245	0.5373098883979917	0.19439788257054647	0.2682470341925185	0.7981966304182225	0.9339934260521258	0.2153879125085788	2.5452772269891346	0.10991044394114549	0.33152744070611334	0.14884000729764432	0.35035375501274846	0.7410580106398448	0.9136125729044224	False	False	False	False
sp|P10606|COX5B_HUMAN	psvid_42721_sp|P10606|COX5B_HUMAN	-0.046192027713974015	-0.47710718723773105	0.384723131809783	0.17266146502993632	-0.2675294554344548	0.7987215330392711	0.9339934260521258	0.2927780783815646	4.396911436725065	0.02893354545124206	0.17009863447788773	0.18590678011337058	-0.24846876313927316	0.8141450923680104	0.9500551508677859	False	False	False	False
sp|Q14964|RB39A_HUMAN	psvid_55640_sp|Q14964|RB39A_HUMAN	0.06288469174899114	-0.5261524785530722	0.6519218620510545	0.23601866523759477	0.2664394855622394	0.7995190610644639	0.9339934260521258	0.3281122361020976	2.4220029519297634	0.11582233164082739	0.34032680123790926	0.2036740957951655	0.30875154497916174	0.770578698058382	0.9261475533513664	False	False	False	False
sp|Q96DA2|RB39B_HUMAN	psvid_80535_sp|Q96DA2|RB39B_HUMAN	0.06288469174899114	-0.5261524785530722	0.6519218620510545	0.23601866523759477	0.2664394855622394	0.7995190610644639	0.9339934260521258	0.3281122361020976	2.4220029519297634	0.11582233164082739	0.34032680123790926	0.2036740957951655	0.30875154497916174	0.770578698058382	0.9261475533513664	False	False	False	False
sp|Q96E17|RAB3C_HUMAN	psvid_53566_sp|Q96E17|RAB3C_HUMAN	0.06288469174899114	-0.5261524785530722	0.6519218620510545	0.23601866523759477	0.2664394855622394	0.7995190610644639	0.9339934260521258	0.3281122361020976	2.4220029519297634	0.11582233164082739	0.34032680123790926	0.2036740957951655	0.30875154497916174	0.770578698058382	0.9261475533513664	False	False	False	False
sp|P0CG39|POTEJ_HUMAN	psvid_32629_sp|P0CG39|POTEJ_HUMAN	-0.04075139687563034	-0.42375151320911364	0.34224871945785296	0.1534626010044779	-0.2655461109670704	0.8001729421894056	0.9340037087236724	0.21008013830888933	3.6739381303601655	0.05059206259961322	0.22492679386772316	0.14642691229903804	-0.27830537594350446	0.7924733004501834	0.9366885943947716	False	False	False	False
sp|P54920|SNAA_HUMAN	psvid_29792_sp|P54920|SNAA_HUMAN	-0.021689566448063635	-0.22576570214401387	0.1823865692478866	0.08177035267418627	-0.2652497603194357	0.8003898879094876	0.9340037087236724	0.12067676678861897	5.990141177308131	0.011973101634995102	0.10942166894630652	0.11005014378202305	-0.19708803371510614	0.8519053234550112	0.9654013895195267	False	False	False	False
sp|P04844|RPN2_HUMAN	psvid_79108_sp|P04844|RPN2_HUMAN	-0.027527536103079786	-0.29018038841826166	0.2351253162121021	0.10524119486803661	-0.26156616843429936	0.803088141585253	0.936648010126611	0.17771870720237007	6.190135217337598	0.011057815849976943	0.10515614984382485	0.1322168933213913	-0.20819984051634133	0.8436961551449902	0.9602361177516774	False	False	False	False
sp|P11233|RALA_HUMAN	psvid_82803_sp|P11233|RALA_HUMAN	-0.03697467377807828	-0.39179056634510195	0.3178412187889454	0.14216959063179413	-0.26007441966854367	0.8041817215746148	0.9374189298828349	0.15995642087632828	3.5063085156307823	0.05787576626809186	0.24057382706373498	0.12485563442922927	-0.29613940890297813	0.7796201093426096	0.9277522113923311	False	False	False	False
sp|P20853|CP2A7_HUMAN	psvid_53338_sp|P20853|CP2A7_HUMAN	-0.020827361513697795	-0.22179618676335436	0.18014146373595877	0.08052529837033481	-0.25864370496229677	0.8052310232257969	0.9379555898094836	0.13160544792852646	7.323183211738005	0.00785102184857685	0.0886059921708281	0.11393385751902345	-0.18280221496248616	0.8624909768588567	0.9681634391459866	False	False	False	False
sp|Q5T2W1|NHRF3_HUMAN	psvid_43533_sp|Q5T2W1|NHRF3_HUMAN	-0.03873014420683596	-0.41313989107772575	0.33567960266405383	0.15002056434417782	-0.2581655680082705	0.8055817951200112	0.9379555898094836	0.2293424708273233	4.098037433561042	0.03609086876331677	0.1899759689100618	0.15527843696281984	-0.24942384122600086	0.8134482745796924	0.9497534542102335	False	False	False	False
sp|Q9H8H3|TMT1A_HUMAN	psvid_41230_sp|Q9H8H3|TMT1A_HUMAN	-0.04112694251748872	-0.43946142522503046	0.357207540190053	0.15960685957820012	-0.2576765348693449	0.805940612932745	0.9379555898094836	0.29531377800671815	7.093554430806828	0.008301459172933403	0.09111234369136491	0.18716790185970608	-0.2197328821280259	0.8351998588560557	0.9585091486915374	False	False	False	False
sp|P35221|CTNA1_HUMAN	psvid_45204_sp|P35221|CTNA1_HUMAN	-0.03159138339066825	-0.34040812492730155	0.27722535814596505	0.12373839685383971	-0.2553078445648857	0.8076793344535231	0.939474566699294	0.1902383652707692	4.667454827590216	0.024073549579362603	0.15515653250624867	0.13760361438684293	-0.22958251156002252	0.8279640634676688	0.9585091486915374	False	False	False	False
sp|Q8IXQ6|PARP9_HUMAN	psvid_73729_sp|Q8IXQ6|PARP9_HUMAN	-0.034375880937484116	-0.37259525777258923	0.303843495897621	0.1355196070855377	-0.2536598332652089	0.8088897706908315	0.9401010779950885	0.04861483704031231	3.129990718426824	0.07715106344613525	0.2777608025732487	0.0908955754785443	-0.378190915855948	0.7215829832595959	0.9035036668375966	False	False	False	False
sp|O14975|S27A2_HUMAN	psvid_39450_sp|O14975|S27A2_HUMAN	0.013369081278975514	-0.11830576687146038	0.1450439294294114	0.05276020508161128	0.25339327734408473	0.8090856070423811	0.9401010779950885	0.06273949120437906	7.543217371818086	0.007485540970677993	0.08651902086060609	0.0935855172748031	0.14285416876757484	0.892260833139134	0.9754641707208827	False	False	False	False
sp|Q9BSE5|GDAH_HUMAN	psvid_57941_sp|Q9BSE5|GDAH_HUMAN	-0.023348314946642246	-0.2573731033811831	0.21067647348789859	0.09377034418813714	-0.2489946597593489	0.8123194512660907	0.9433527603931504	0.11798384818982578	4.81619197138879	0.0218968333512951	0.1479757863682268	0.10912497161841786	-0.21395941369208632	0.8394499835543547	0.9585091486915374	False	False	False	False
sp|P01889|HLAB_HUMAN	psvid_43427_sp|P01889|HLAB_HUMAN	0.06021042707182889	-0.5458748535583161	0.6662957077019739	0.24284959619971672	0.24793299232959204	0.8131006066456401	0.943684808122193	0.4409215949095202	4.442187586505786	0.028027127017310142	0.16741304315169156	0.2624018876336412	0.2294588183599241	0.828054812058442	0.9585091486915374	False	False	False	False
sp|P02792|FRIL_HUMAN	psvid_74784_sp|P02792|FRIL_HUMAN	0.03211237864142236	-0.29224936176630406	0.3564741190491488	0.12996705281929238	0.24708091739274693	0.8137277214007722	0.943684808122193	0.21899735837537856	5.240371318957931	0.01710930911736403	0.13080255776308058	0.15049262113354936	0.21338174855048447	0.8398755795602135	0.9585091486915374	False	False	False	False
sp|P19338|NUCL_HUMAN	psvid_34462_sp|P19338|NUCL_HUMAN	0.032952229147261036	-0.3002299458485682	0.3661344041430903	0.13350127324417999	0.24683082300638354	0.8139118165114807	0.943684808122193	0.2242486659021984	5.106741451293756	0.01842436651274997	0.13573638610464758	0.15291308374519322	0.21549646596736613	0.838317864586144	0.9585091486915374	False	False	False	False
sp|P50454|SERPH_HUMAN	psvid_32310_sp|P50454|SERPH_HUMAN	-0.033789895820409255	-0.37843980223073925	0.31086001058992074	0.13809622717614617	-0.24468369999210157	0.8154928637920066	0.9446010798448031	0.23873996142985962	5.370999498668121	0.01596499614486437	0.12635266576081555	0.1596848392363441	-0.21160365618928906	0.8411859869140292	0.9585091486915374	False	False	False	False
sp|P14406|CX7A2_HUMAN	psvid_80162_sp|P14406|CX7A2_HUMAN	0.04547441077709724	-0.41856373293871596	0.5095125544929104	0.1859333651948887	0.24457369837539694	0.815573890350543	0.9446010798448031	0.25624502236234614	3.2012985848050795	0.07323634933606946	0.27062215233803283	0.16802690230611197	0.27063767856799387	0.7980231704091973	0.9399482057168517	False	False	False	False
sp|P42677|RS27_HUMAN	psvid_100492_sp|P42677|RS27_HUMAN	0.033137682694719284	-0.30668956872864644	0.372964934118085	0.13616385915200085	0.24336621259924346	0.8164634845167003	0.9451262665318854	0.13992625612105997	3.5108888222223387	0.057665129688672066	0.24013564851698313	0.1170203834824322	0.2831787224461977	0.7889532783414733	0.9341189542186976	False	False	False	False
sp|Q07075|AMPE_HUMAN	psvid_67756_sp|Q07075|AMPE_HUMAN	-0.03709795997316734	-0.42068139559458034	0.34648547564824567	0.15369632859704035	-0.2413718031640849	0.8179334989587891	0.9455627108438179	0.15701022835322473	3.1906115572698783	0.07381668086482647	0.27169225396544977	0.12367010281123027	-0.29997516885543124	0.7768659990905167	0.9267264140276593	False	False	False	False
sp|P36871|PGM1_HUMAN	psvid_86725_sp|P36871|PGM1_HUMAN	-0.02189535270094911	-0.2484549258087392	0.20466422040684099	0.09077914049851699	-0.24119365506998608	0.8180648464469554	0.9455627108438179	0.13431833141637775	5.542266356312644	0.01464732796926728	0.12102614580852883	0.1149284014153681	-0.19051298400833136	0.8567730818730087	0.9669933689681302	False	False	False	False
sp|O75643|U520_HUMAN	psvid_27287_sp|O75643|U520_HUMAN	-0.06714848279392327	-0.7622905767108902	0.6279936111230436	0.278533371794881	-0.2410787704224293	0.8181495536835065	0.9455627108438179	0.5059437324891991	4.080257563679178	0.03659019768691639	0.19128564422589686	0.2971189531373225	-0.2259986516675985	0.8305946373964977	0.9585091486915374	False	False	False	False
sp|Q9Y3E5|PTH2_HUMAN	psvid_68452_sp|Q9Y3E5|PTH2_HUMAN	-0.029537837929565658	-0.3363005438563385	0.2772248679972072	0.12291537452616359	-0.24031036022493896	0.8187161915521876	0.9457132127364555	0.13781673091787516	3.8637863083747495	0.0434156809063886	0.20836429854077354	0.11622784696405028	-0.25413735779431434	0.8100122455236861	0.9477843067223692	False	False	False	False
sp|Q58FF7|H90B3_HUMAN	psvid_47967_sp|Q58FF7|H90B3_HUMAN	0.04566524734244348	-0.4318519911906739	0.5231824858755609	0.19133424331903104	0.23866740500967812	0.819928142383419	0.9466085692833612	0.3244171761653542	4.1177279823840465	0.03554832376223453	0.18854263115336684	0.2017979330878722	0.2262919478097861	0.8303792599233876	0.9585091486915374	False	False	False	False
sp|Q9NRW1|RAB6B_HUMAN	psvid_86759_sp|Q9NRW1|RAB6B_HUMAN	0.03800077336126251	-0.3643297554908527	0.44033130221337774	0.16120801740799617	0.23572508348072774	0.8220999758372246	0.9486105684980116	0.1453363737958488	2.9344449111236277	0.08826276788402647	0.29709050453359576	0.11908272087423419	0.3191124042370172	0.7631823046057266	0.9228884230360545	False	False	False	False
sp|Q9NYQ3|HAOX2_HUMAN	psvid_96753_sp|Q9NYQ3|HAOX2_HUMAN	-0.055598105334111914	-0.6461596196538124	0.5349634089855886	0.23662944781388132	-0.23495852205952864	0.8226660923634974	0.9487586067864283	0.36412892403512365	2.943243577110053	0.08775590919277175	0.29623623882430683	0.22214735305218325	-0.2502757947381516	0.81282686301262	0.9495491435471455	False	False	False	False
sp|Q8TAA3|PSMA8_HUMAN	psvid_76109_sp|Q8TAA3|PSMA8_HUMAN	-0.048161269485598956	-0.5616043840678154	0.4652818450966175	0.20572922166691943	-0.23410028529429433	0.8233000538082353	0.9489846896821521	0.26180017536254285	2.6646412407980673	0.10359566099165526	0.32186279839654547	0.17070739314688455	-0.28212761379443463	0.789712009288719	0.9341189542186976	False	False	False	False
sp|P61313|RL15_HUMAN	psvid_17606_sp|P61313|RL15_HUMAN	0.017154942514626237	-0.16688862292950377	0.20119850795875624	0.07374359183379929	0.23262960330559218	0.8243867614971583	0.9493650224033381	0.08659747839386575	5.51450793913412	0.014848060683820706	0.12185261869906902	0.09941008295492643	0.17256742982906942	0.870095456716025	0.970817457250661	False	False	False	False
sp|Q96AQ6|PBIP1_HUMAN	psvid_32380_sp|Q96AQ6|PBIP1_HUMAN	-0.10375937481971098	-1.2234695473013233	1.0159507976619013	0.4486516533863999	-0.2312693468006648	0.8253922611870333	0.9493650224033381	0.8198029543759525	2.980441066826386	0.08561692090355665	0.2926036925665099	0.46857410990087905	-0.2214364230274267	0.833947027740089	0.9585091486915374	False	False	False	False
sp|Q96A33|CCD47_HUMAN	psvid_41895_sp|Q96A33|CCD47_HUMAN	-0.01654459269803432	-0.19550306482705948	0.16241387943099084	0.07170606857151654	-0.23072792899715955	0.825792579464928	0.9493650224033381	0.08931209241990426	5.798844310407046	0.012996634764136155	0.11400278401923418	0.10016500316554823	-0.1651733856653522	0.8755993708069599	0.973909950079632	False	False	False	False
sp|P00352|AL1A1_HUMAN	psvid_25280_sp|P00352|AL1A1_HUMAN	-0.026963002725370222	-0.3186444057059321	0.26471840025519167	0.11687251480377427	-0.23070439419088706	0.8258099821646232	0.9493650224033381	0.2036116844956981	6.280518250419844	0.010689059391666283	0.10338790737637688	0.14351501389557317	-0.18787583259399954	0.8587275377912463	0.9670292502715117	False	False	False	False
sp|Q06520|ST2A1_HUMAN	psvid_86138_sp|Q06520|ST2A1_HUMAN	-0.023499372502370885	-0.27772748816564524	0.23072874316090347	0.10186552487671538	-0.2306901430175855	0.8258205201801072	0.9493650224033381	0.13271206931433258	4.643936655282889	0.024446925420102236	0.15635512597961806	0.11433813745739568	-0.20552523440507459	0.8456700617601041	0.9614727302382715	False	False	False	False
sp|Q9UBQ5|EIF3K_HUMAN	psvid_92222_sp|Q9UBQ5|EIF3K_HUMAN	-0.090642519846177	-1.081597530301178	0.9003124906088241	0.3970613242593136	-0.22828342703803606	0.8276007429172841	0.9507035215388118	0.6978387698753767	2.473882639339619	0.11342161100643268	0.3367812509722486	0.4014497376086468	-0.2257879663494508	0.8307493614446149	0.9585091486915374	False	False	False	False
sp|P04350|TBB4A_HUMAN	psvid_40983_sp|P04350|TBB4A_HUMAN	0.015607379443851599	-0.15528585423520527	0.18650061312290847	0.06847444430439552	0.22792999055926225	0.827862272793603	0.9507035215388118	0.10445486704943548	7.486483170687617	0.0075741587543022406	0.087029642963201	0.10468419457185284	0.14909012299023852	0.8875987744409982	0.9754641707208827	False	False	False	False
sp|P11586|C1TC_HUMAN	psvid_787176_sp|P11586|C1TC_HUMAN	-0.01555239158164512	-0.18766778377210214	0.1565630006088119	0.06896414552379651	-0.22551416338912905	0.8296505530690629	0.9522525150956882	0.09104360923797117	6.215745451981835	0.010950676478036703	0.10464547996945069	0.10065563764156908	-0.15451088429866788	0.8835503942666733	0.9746754016588	False	False	False	False
sp|Q8N766|EMC1_HUMAN	psvid_79495_sp|Q8N766|EMC1_HUMAN	0.05197321291033341	-0.5272777319725368	0.6312241577932036	0.23209746641075715	0.22392839402371253	0.830825015639696	0.9529750208979407	0.39570425282555705	3.6812706347738273	0.05029368294420625	0.2242625312980442	0.2385772394048807	0.21784648460170827	0.8365878233813682	0.9585091486915374	False	False	False	False
sp|A6NIZ1|RP1BL_HUMAN	psvid_57820_sp|A6NIZ1|RP1BL_HUMAN	-0.03008905428387898	-0.3661147223938531	0.30593661382609516	0.13464061976295505	-0.22347679576084117	0.8311595706031878	0.9529750208979407	0.20046827496695702	4.273185116892216	0.031632542222442064	0.1778553969449397	0.14211194531018861	-0.21172783342176774	0.8410944522969931	0.9585091486915374	False	False	False	False
sp|P61006|RAB8A_HUMAN	psvid_17967_sp|P61006|RAB8A_HUMAN	0.0264273602927787	-0.27038823356825487	0.32324295415381227	0.11892971074959643	0.2222099097543494	0.8320983210976838	0.9535468333255848	0.18134272526262332	4.746232036207396	0.02288244633858363	0.15126944945554482	0.13376045603378103	0.19757229510420107	0.8515471026934974	0.9654013895195267	False	False	False	False
sp|Q15286|RAB35_HUMAN	psvid_85840_sp|Q15286|RAB35_HUMAN	0.03138272052096469	-0.3229740736553236	0.385739514697253	0.14198563655409385	0.22102743124307836	0.8329748054423025	0.954046724837986	0.1960680889643323	3.889592668058178	0.04252755686943225	0.20622210567597318	0.14016168055072253	0.22390371175385362	0.8321335199840024	0.9585091486915374	False	False	False	False
sp|P16435|NCPR_HUMAN	psvid_60158_sp|P16435|NCPR_HUMAN	-0.02071040883736508	-0.25690882251832725	0.21548800484359712	0.0946412843515975	-0.21883059786493164	0.8346038669602048	0.9544157107384991	0.1678601118562165	9.94891556283936	0.00584353067408623	0.07644298969876982	0.12808745914914355	-0.16168959065110441	0.8781954345575729	0.973909950079632	False	False	False	False
sp|Q8IX05|CD302_HUMAN	psvid_70450_sp|Q8IX05|CD302_HUMAN	-0.04248125036057826	-0.5272618071640143	0.4422993064428577	0.19424454978148625	-0.2186998317758062	0.8347008655252058	0.9544157107384991	0.29075150516342774	3.362821178741743	0.06478930071206314	0.25453742497334875	0.18490057468012464	-0.22975185682397267	0.8278398268467585	0.9585091486915374	False	False	False	False
sp|P11177|ODPB_HUMAN	psvid_84787_sp|P11177|ODPB_HUMAN	0.04013128385632514	-0.4179973809578792	0.4982599486705295	0.18356552256469916	0.21862103131147922	0.8347593190354418	0.9544157107384991	0.3176905048216143	4.446011126484963	0.02795244229348899	0.16718983908566032	0.1983926673370826	0.20228209235243239	0.8480653032093062	0.9631852788545946	False	False	False	False
sp|RS27A_HUMAN|,sp|P62979|RS27A_HUMAN	psvid_34278_sp|RS27A_HUMAN|	-0.030099057652473782	-0.37433778377717025	0.3141396684722227	0.137931473189335	-0.2182174739129885	0.8350586929211786	0.9544157107384991	0.2327024034700888	5.042507192395936	0.019114681622445204	0.138255855653369	0.15684769520085354	-0.19189990400515614	0.8557456744778807	0.9668409158464899	False	False	False	False
sp|P62820|RAB1A_HUMAN	psvid_85852_sp|P62820|RAB1A_HUMAN	-0.020885173885675457	-0.2620091078664469	0.22023876009509596	0.09661486901717217	-0.2161693546566146	0.8365785384384422	0.9545541079290821	0.14072828318741085	5.216461629929066	0.017333303878119398	0.13165600585662393	0.11732343566237316	-0.17801365743991376	0.8660468201668075	0.970316685773402	False	False	False	False
sp|Q9UKR5|ERG28_HUMAN	psvid_54526_sp|Q9UKR5|ERG28_HUMAN	-0.090642519846177	-1.1378463514025494	0.9565613117101953	0.41959941242567833	-0.21602156047402016	0.8366882424529372	0.9545541079290821	0.7391504078816202	2.223882639339619	0.123709602225184	0.351723758403074	0.42413653890801584	-0.2137107075932333	0.8396332105743275	0.9585091486915374	False	False	False	False
sp|Q9BZV2|S19A3_HUMAN	psvid_109803_sp|Q9BZV2|S19A3_HUMAN	-0.10375937481971098	-1.302590802747765	1.095072053108343	0.4803543948158002	-0.21600588219766204	0.8366998802953441	0.9545541079290821	0.8630413370980897	1.0943609377704335	0.12822094950751114	0.3580795295845759	0.4924623057480422	-0.21069505951750397	0.8418558273590181	0.9586450750851246	False	False	False	False
sp|O95487|SC24B_HUMAN	psvid_26055_sp|O95487|SC24B_HUMAN	0.016778548964634155	-0.17792788405077997	0.21148498198004828	0.07801604847773087	0.2150653524758239	0.8373981112493813	0.9545541079290821	0.04048132018507036	4.6367710592793285	0.024562379484478408	0.15672389570349	0.0896290594551415	0.18719987765833535	0.859228692131727	0.9670292502715117	False	False	False	False
sp|P02100|HBE_HUMAN	psvid_35318_sp|P02100|HBE_HUMAN	-0.090642519846177	-1.1482315230356819	0.9669464833433278	0.42376060032806195	-0.2139003007264112	0.8382632521407676	0.9545541079290821	0.7419928075857922	1.6434006156177785	0.13403174578204466	0.3661034632205009	0.42569953129504756	-0.21292605037742848	0.8402113605328541	0.9585091486915374	False	False	False	False
sp|P69891|HBG1_HUMAN	psvid_1633386_sp|P69891|HBG1_HUMAN	-0.090642519846177	-1.1482315230356819	0.9669464833433278	0.42376060032806195	-0.2139003007264112	0.8382632521407676	0.9545541079290821	0.7419928075857922	1.6434006156177785	0.13403174578204466	0.3661034632205009	0.42569953129504756	-0.21292605037742848	0.8402113605328541	0.9585091486915374	False	False	False	False
sp|P69892|HBG2_HUMAN	psvid_35490_sp|P69892|HBG2_HUMAN	-0.090642519846177	-1.1482315230356819	0.9669464833433278	0.42376060032806195	-0.2139003007264112	0.8382632521407676	0.9545541079290821	0.7419928075857922	1.6434006156177785	0.13403174578204466	0.3661034632205009	0.42569953129504756	-0.21292605037742848	0.8402113605328541	0.9585091486915374	False	False	False	False
sp|P41567|EIF1_HUMAN	psvid_107427_sp|P41567|EIF1_HUMAN	-0.0555981053341118	-0.7081441913080807	0.5969479806398571	0.26146576817658834	-0.21264009327814584	0.8391993376056193	0.9551181536719417	0.3775606444842811	2.0045217015691854	0.12987985138999517	0.3603884728872376	0.22911260509872772	-0.2426671605874929	0.8183821189324022	0.9539720557969421	False	False	False	False
sp|Q7Z434|MAVS_HUMAN	psvid_44044_sp|Q7Z434|MAVS_HUMAN	-0.06575860145844847	-0.8460783974323816	0.7145611945154846	0.3126628436874297	-0.210317928036846	0.8409250161622065	0.955603966009516	0.504285222257151	1.0096019496313537	0.126376063114627	0.3554941112235574	0.29622803244304935	-0.22198642348640907	0.8335426628662	0.9585091486915374	False	False	False	False
sp|Q8IX95|CTGE3_HUMAN	psvid_64301_sp|Q8IX95|CTGE3_HUMAN	-0.06575860145844847	-0.8517635914702757	0.7202463885533787	0.31494081862023815	-0.20879669312646798	0.8420560323771664	0.955603966009516	0.5042852222571509	1.3633613244510647	0.13259825738684028	0.36414043635229565	0.2962280324430493	-0.2219864234864091	0.8335426628662	0.9585091486915374	False	False	False	False
sp|Q9H4B7|TBB1_HUMAN	psvid_55472_sp|Q9H4B7|TBB1_HUMAN	0.01828418920736441	-0.20033945016410054	0.23690782857882936	0.08759932675789862	0.20872522522800974	0.8421091780986931	0.955603966009516	0.08971366421938269	4.676553679880014	0.02393134662613722	0.1546975973508872	0.10027816429870878	0.18233470202844393	0.8628379751318229	0.9681634391459866	False	False	False	False
sp|P00751|CFAB_HUMAN	psvid_85533_sp|P00751|CFAB_HUMAN	-0.01269867521455903	-0.16456290195323606	0.139165551524118	0.06084979675191212	-0.2086888682033271	0.8421362146537464	0.955603966009516	0.03704305083289954	5.562910634384173	0.014501060795243567	0.12042035041986701	0.0891586779481738	-0.1424278096848915	0.8925797685430242	0.9754641707208827	False	False	False	False
sp|Q68D91|MBLC2_HUMAN	psvid_26960_sp|Q68D91|MBLC2_HUMAN	-0.06575860145844836	-0.8524720880276954	0.7209548851107986	0.315224702932194	-0.20860865549802193	0.8421958649174388	0.955603966009516	0.504285222257151	1.4438433481729052	0.13337684087249002	0.36520794196250717	0.29622803244304935	-0.22198642348640868	0.8335426628662004	0.9585091486915374	False	False	False	False
sp|P01877|IGHA2_HUMAN	psvid_159721_sp|P01877|IGHA2_HUMAN	-0.06575860145844847	-0.852858722960544	0.721341520043647	0.3153796219515461	-0.20850618391746126	0.842272069717663	0.955603966009516	0.504285222257151	1.5096019496313537	0.13380201892755592	0.3657895828581726	0.29622803244304935	-0.22198642348640907	0.8335426628662	0.9585091486915374	False	False	False	False
sp|Q9NRP2|COXM2_HUMAN	psvid_81588_sp|Q9NRP2|COXM2_HUMAN	-0.06575860145844847	-0.8564021136172134	0.7248849107003165	0.3167994072815171	-0.20757173134485532	0.8429670797323291	0.9558920260491665	0.5109350214797113	2.009601949631354	0.1297685015423038	0.36023395389982854	0.2998016717624563	-0.2193403428068653	0.835488622953982	0.9585091486915374	False	False	False	False
sp|Q15181|IPYR_HUMAN	psvid_85198_sp|Q15181|IPYR_HUMAN	0.08048202372184055	-0.8917987730811802	1.0527628205248614	0.38957883724029935	0.20658725790127497	0.8436994641318781	0.9562221437101359	0.6734964072513774	1.0402410118609202	0.1270645147183345	0.3564610984642426	0.38811050354071414	0.2073688369358901	0.8443093100959262	0.9604295406707991	False	False	False	False
sp|P62318|SMD3_HUMAN	psvid_19791_sp|P62318|SMD3_HUMAN	-0.0555981053341118	-0.729732967694609	0.6185367570263854	0.270116078282228	-0.20583041812128153	0.8442626225071398	0.9563602211045332	0.403489768648027	2.1507623267494744	0.1260744413836593	0.3550696289232005	0.24265661102004007	-0.22912256583654408	0.8283015222225855	0.9585091486915374	False	False	False	False
sp|P40429|RL13A_HUMAN	psvid_40434_sp|P40429|RL13A_HUMAN	-0.025049707294449775	-0.33229255637484156	0.282193141785942	0.12310776093563584	-0.20347788883550938	0.8460137751150688	0.9578131337136411	0.20296861702265528	5.1980627322062265	0.01750891981633568	0.13232127499512572	0.14322732647578432	-0.17489474886403727	0.8683647974755679	0.9705799034279209	False	False	False	False
sp|P09543|CN37_HUMAN	psvid_61195_sp|P09543|CN37_HUMAN	-0.03498256528611843	-0.4660743171551468	0.39610918658290994	0.17273222302573604	-0.20252483684475153	0.8467234787401703	0.9578131337136411	0.2747362035570637	3.932935807086056	0.04108203989504839	0.20268704915472124	0.17700520271125372	-0.1976358025090654	0.8515001276616577	0.9654013895195267	False	False	False	False
sp|Q12906|ILF3_HUMAN	psvid_28959_sp|Q12906|ILF3_HUMAN	-0.03168092124917288	-0.4224691754971301	0.35910733299878433	0.15658319509927468	-0.2023264452426519	0.8468712340541469	0.9578131337136411	0.24236051522447924	4.044357372415902	0.03762602676685513	0.1939742940877866	0.16139645237105182	-0.19629255032408127	0.8524938522878113	0.9654013895195267	False	False	False	False
sp|Q15233|NONO_HUMAN	psvid_65729_sp|Q15233|NONO_HUMAN	0.03249419677876242	-0.3733531282981401	0.43834152185566494	0.1626171467341833	0.1998202368651688	0.8487383689358868	0.9590936945097057	0.15607340783449994	2.966067503769862	0.08644257311681496	0.2940111785575762	0.12329539711508415	0.26354752520430486	0.803167253192978	0.9418092195179564	False	False	False	False
sp|Q8N2K0|ABD12_HUMAN	psvid_69529_sp|Q8N2K0|ABD12_HUMAN	0.090642519846177	-1.0433601294605528	1.2246451691529066	0.4543784419037928	0.1994868406749127	0.8489868332534578	0.9590936945097057	0.8137859152152964	0.7471599904374895	0.11968451097189915	0.34595449263147193	0.4652531097529376	0.19482410315174617	0.8535805548312936	0.9654013895195267	False	False	False	False
sp|Q9H1E5|TMX4_HUMAN	psvid_77976_sp|Q9H1E5|TMX4_HUMAN	-0.14624062518028902	-1.984639633501624	1.692158383141046	0.7366198637271286	-0.19852929900687824	0.8497005510655002	0.9590936945097057	1.3800097129416502	0.8231203125901445	0.12174447210802845	0.3489190050828823	0.7799855503716445	-0.18749145431041492	0.8590125072585951	0.9670292502715117	False	False	False	False
sp|O60506|HNRPQ_HUMAN	psvid_32727_sp|O60506|HNRPQ_HUMAN	0.02179296204994785	-0.2529716605468786	0.2965575846467743	0.11009420584877354	0.19794831055762255	0.8501336769342795	0.9590936945097057	0.08683490220518658	3.8504219078851856	0.043883738229131185	0.2094844582042572	0.09947540521195655	0.21907889697471092	0.8356809671483179	0.9585091486915374	False	False	False	False
sp|Q9NP58|ABCB6_HUMAN	psvid_30892_sp|Q9NP58|ABCB6_HUMAN	-0.05925979932521208	-0.8068236529079124	0.6883040542574882	0.29953801185752366	-0.1978373260800009	0.8502164223134031	0.9590936945097057	0.5179872506793374	3.170190505717874	0.07493206870537455	0.2737372256478365	0.3035958287805102	-0.1951930616545294	0.8533074773411621	0.9654013895195267	False	False	False	False
sp|O75356|ENTP5_HUMAN	psvid_47461_sp|O75356|ENTP5_HUMAN	-0.021287204805815474	-0.29301514949974894	0.250440739888118	0.10887745298234618	-0.19551527173644542	0.8519481353722682	0.9594872030418226	0.18632473426034266	6.262200635287982	0.01076171238113183	0.10373867350767423	0.13590357607652137	-0.1566346186051026	0.8819654336409476	0.9746145306985893	False	False	False	False
sp|P29401|TKT_HUMAN	psvid_58607_sp|P29401|TKT_HUMAN	-0.04337070521387543	-0.5975157444632188	0.5107743340354679	0.22203789354175232	-0.19533019577002939	0.8520861988408444	0.9594872030418226	0.3791536442269582	3.805612674133038	0.045493805811875836	0.21329277018191647	0.2299411078517918	-0.18861657934530762	0.8581784344805707	0.9670292502715117	False	False	False	False
sp|P46778|RL21_HUMAN	psvid_10179_sp|P46778|RL21_HUMAN	-0.03739408901262742	-0.5163447840820956	0.44155660605684083	0.191908608597562	-0.19485362999553565	0.8524417355769169	0.9594872030418226	0.32110720301942447	3.997993438590413	0.039019275753745045	0.19753297383916701	0.20012064036485155	-0.18685773213823464	0.859482388566189	0.9670292502715117	False	False	False	False
sp|P01019|ANGT_HUMAN	psvid_882441_sp|P01019|ANGT_HUMAN	0.013544935147246973	-0.1600048932780033	0.18709476357249724	0.0695389033533079	0.19478212186391422	0.8524950867855973	0.9594872030418226	0.06629241430497398	5.381664850812568	0.01587717561917331	0.12600466506908906	0.09435512961249218	0.14355271624208216	0.8917383394388404	0.9754641707208827	False	False	False	False
sp|Q92947|GCDH_HUMAN	psvid_80610_sp|Q92947|GCDH_HUMAN	-0.04248125036057804	-0.5885924619619085	0.5036299612407524	0.2188188551281654	-0.19413889326720107	0.8529750296919236	0.9594872030418226	0.2907515051634277	2.563721875540867	0.10896741025371438	0.33010212094700997	0.1849005746801246	-0.2297518568239715	0.8278398268467594	0.9585091486915374	False	False	False	False
sp|P09467|F16P1_HUMAN	psvid_46462_sp|P09467|F16P1_HUMAN	0.018983338949378314	-0.2256050868097052	0.26357176470846183	0.09800304070899346	0.19370153019789177	0.8533014068515089	0.9594872030418226	0.13846058373744047	5.0300091087439815	0.019253717685056248	0.13875776621528702	0.11646903240536795	0.16299044095521645	0.8772258554847367	0.973909950079632	False	False	False	False
sp|P60763|RAC3_HUMAN	psvid_79269_sp|P60763|RAC3_HUMAN	0.048161269485598734	-0.5739693270547714	0.6702918660259689	0.2492787219584611	0.19320248879334415	0.8536738503480551	0.9594872030418226	0.37202679698133945	2.5887221432152825	0.10766829786092566	0.32812847767440984	0.2262384316096178	0.21287837412479355	0.8402464930145381	0.9585091486915374	False	False	False	False
sp|Q9BQE4|SELS_HUMAN	psvid_28685_sp|Q9BQE4|SELS_HUMAN	0.04248125036057815	-0.5079317364565136	0.5928942371776699	0.2205425141700141	0.192621592804686	0.8541074363948665	0.9594872030418226	0.29075150516342774	2.4979632740824185	0.11226337370941639	0.33505726929797597	0.18490057468012464	0.22975185682397206	0.8278398268467589	0.9585091486915374	False	False	False	False
sp|Q9H330|TM245_HUMAN	psvid_36294_sp|Q9H330|TM245_HUMAN	-0.05264174648491449	-0.7377991274805232	0.6325156345106943	0.27453264189990506	-0.19175040942529425	0.8547578021554011	0.9597202887413234	0.40940441758075097	1.9548822526589877	0.130888883159439	0.3617856867807777	0.24576245901677315	-0.21419767158710645	0.8392744649077332	0.9585091486915374	False	False	False	False
sp|Q9UBR2|CATZ_HUMAN	psvid_46983_sp|Q9UBR2|CATZ_HUMAN	0.04248125036057815	-0.5153284041457586	0.6002909048669149	0.22350625181381412	0.19006739192228955	0.8560145878666814	0.9603548406614757	0.2866281821045962	2.3035613794165304	0.12079103673125277	0.3475500492465118	0.18285810436679348	0.2323181163213055	0.8259578545497762	0.9585091486915374	False	False	False	False
sp|P10114|RAP2A_HUMAN	psvid_77499_sp|P10114|RAP2A_HUMAN	-0.04248125036057804	-0.6033040390481308	0.5183415383269747	0.22471357105186437	-0.18904621630873053	0.8567773762130358	0.9603548406614757	0.2907515051634277	0.771240625180289	0.12034623512854109	0.3469095489151907	0.1849005746801246	-0.2297518568239715	0.8278398268467594	0.9585091486915374	False	False	False	False
sp|O95249|GOSR1_HUMAN	psvid_77819_sp|O95249|GOSR1_HUMAN	0.04248125036057815	-0.5189087885304772	0.6038712892516335	0.22494085999496755	0.1888551967016066	0.8569200814779456	0.9603548406614757	0.2907515051634278	2.3035613794165304	0.12079103673125277	0.3475500492465118	0.18490057468012466	0.22975185682397203	0.8278398268467589	0.9585091486915374	False	False	False	False
sp|O75832|PSD10_HUMAN	psvid_98849_sp|O75832|PSD10_HUMAN	-0.03800077336126251	-0.5413447530174519	0.46534320629492687	0.2016826445314341	-0.18841865867808835	0.8572462291566463	0.9603548406614757	0.19818635563351195	1.9577222622214983	0.13083501268138978	0.3617112283042784	0.141098506236948	-0.26932087641982166	0.7989776626351814	0.9399482057168517	False	False	False	False
sp|P14780|MMP9_HUMAN	psvid_46749_sp|P14780|MMP9_HUMAN	-0.08048202372184055	-1.1536674183899849	0.9927033709463037	0.4300098485672246	-0.18716321030786479	0.8581843788385572	0.9603548406614757	0.7565130626690715	1.2902410118609202	0.13166216613798007	0.36285281608109377	0.433687816443189	-0.18557593889055748	0.8604329945117902	0.9675964188412296	False	False	False	False
sp|O75323|NIPS2_HUMAN	psvid_44331_sp|O75323|NIPS2_HUMAN	0.03800077336126251	-0.4690934937418112	0.5450950404643362	0.20318533040950365	0.1870251818114773	0.8582875381849612	0.9603548406614757	0.19818635563351195	1.4577222622214983	0.1334828468810592	0.365353044165584	0.141098506236948	0.26932087641982166	0.7989776626351814	0.9399482057168517	False	False	False	False
sp|O94906|PRP6_HUMAN	psvid_61944_sp|O94906|PRP6_HUMAN	-0.038000773361262286	-0.5458722388501837	0.4698706921276591	0.2034967425493496	-0.1867389761880183	0.8585014516821285	0.9603548406614757	0.19818635563351195	1.6419636607630497	0.13403403484329973	0.3661065894562671	0.141098506236948	-0.26932087641982005	0.7989776626351826	0.9399482057168517	False	False	False	False
sp|Q9NSE4|SYIM_HUMAN	psvid_32737_sp|Q9NSE4|SYIM_HUMAN	0.03138272052096469	-0.3925198811875595	0.45528532222948886	0.16985163465097403	0.18476549010230398	0.8599768226734508	0.9603548406614757	0.04438186898491279	0.8805492649198067	0.12324259632723049	0.35105924902675684	0.09020978560094542	0.3478859894401056	0.7427955589901128	0.9145670320065764	False	False	False	False
sp|Q9HAW7|UD17_HUMAN	psvid_62827_sp|Q9HAW7|UD17_HUMAN	-0.008330212637463807	-0.12090302799097452	0.1042426027160469	0.04510629712578045	-0.18467959394305244	0.8600410527077145	0.9603548406614757	0.03744096284334864	7.739522779201536	0.007206207515660529	0.08488938399859272	0.08921110297486538	-0.09337641122776823	0.9294109124952725	0.9940056214948344	False	False	False	False
sp|Q9NRW7|VPS45_HUMAN	psvid_40083_sp|Q9NRW7|VPS45_HUMAN	-0.08048202372184043	-1.1683373769899719	1.007373329546291	0.43588788856609967	-0.1846392749901695	0.8600712021713537	0.9603548406614757	0.7697817659110866	1.1864816370412092	0.12999557548530408	0.36054899179626626	0.44099293326295674	-0.18250184447706408	0.8627139142814908	0.9681634391459866	False	False	False	False
sp|Q9NS86|LANC2_HUMAN	psvid_53082_sp|Q9NS86|LANC2_HUMAN	0.04248125036057804	-0.5322543612500384	0.6172168619711945	0.23028823774786358	0.1844699094318904	0.8601978522030108	0.9603548406614757	0.2907515051634277	1.271240625180289	0.1313855262486223	0.3624714143882553	0.1849005746801246	0.2297518568239715	0.8278398268467594	0.9585091486915374	False	False	False	False
sp|O96000|NDUBA_HUMAN	psvid_70176_sp|O96000|NDUBA_HUMAN	0.04248125036057826	-0.5373853453533208	0.6223478460744774	0.23234414878449824	0.18283761645308352	0.8614187034475564	0.9611119708122126	0.3542231260714389	2.94980200459682	0.08737828359480149	0.295598179281946	0.2170353465493927	0.19573424806595002	0.8529069714308755	0.9654013895195267	False	False	False	False
sp|Q9NX40|OCAD1_HUMAN	psvid_29437_sp|Q9NX40|OCAD1_HUMAN	-0.028856675943007004	-0.42406156404754275	0.36634821216152874	0.15835287633541514	-0.18223019758658654	0.8618731234288557	0.9611119708122126	0.22403793451184387	3.685998751757612	0.0501021890947907	0.2238351828797044	0.15281559406804515	-0.18883331978644674	0.858017785790121	0.9670292502715117	False	False	False	False
sp|O60610|DIAP1_HUMAN	psvid_27014_sp|O60610|DIAP1_HUMAN	0.10943939394473201	-1.393848757430798	1.612727545320262	0.6023457955517431	0.18168864919939642	0.8622783143937914	0.9611119708122126	1.1120367591661626	2.195280303027634	0.12467084649464333	0.35308759040023385	0.6306196582561769	0.17354262987512895	0.869370168401661	0.970817457250661	False	False	False	False
sp|Q86Y82|STX12_HUMAN	psvid_23188_sp|Q86Y82|STX12_HUMAN	-0.06127812445913283	-0.9053186389410148	0.7827623900227492	0.33819481295604875	-0.18119179275258854	0.8626501076279435	0.9611119708122126	0.5744522816653691	2.549842961492274	0.10967828224623785	0.3311771161270625	0.3341143475529287	-0.18340464846223184	0.8620438901714785	0.9681634391459866	False	False	False	False
sp|P02042|HBD_HUMAN	psvid_33159_sp|P02042|HBD_HUMAN	-0.03893880707653963	-0.5791225797622883	0.5012449656092091	0.21644381618042702	-0.17990260827817015	0.8636149757244389	0.961692524355015	0.3721378127413616	3.934913927981267	0.0410174381484671	0.20252762317389472	0.22629603019421063	-0.17207021724208668	0.8704653066165364	0.970817457250661	False	False	False	False
sp|Q562R1|ACTBL_HUMAN	psvid_39530_sp|Q562R1|ACTBL_HUMAN	0.02493449542820736	-0.3238081710166301	0.37367716187304484	0.13973613686128009	0.17843985090957912	0.8647100694040577	0.9624174218790925	0.23656469853219858	5.038063708243511	0.019163933084026877	0.1384338581562577	0.15866014182911195	0.1571566440112196	0.8815759385940471	0.9746145306985893	False	False	False	False
sp|Q9HCM4|E41L5_HUMAN	psvid_32887_sp|Q9HCM4|E41L5_HUMAN	-0.04166246735236301	-0.6300736033631559	0.5467486686584299	0.23576782236168106	-0.17670972626811834	0.8660057604894517	0.9629335985450798	0.330126283416742	2.4669899450655617	0.11374808778917894	0.3372656042189582	0.20469834669587386	-0.20353103981959422	0.8471426608952218	0.9626419224750633	False	False	False	False
sp|O43852|CALU_HUMAN	psvid_61808_sp|O43852|CALU_HUMAN	-0.017843880688519276	-0.26996639899723046	0.2342786376201919	0.10102184250451982	-0.17663388675296557	0.8660625674039504	0.9629335985450798	0.1611811743857088	5.657606965456607	0.013861650075989388	0.11773550898513747	0.12535159802996312	-0.14235064386059126	0.8926374944806231	0.9754641707208827	False	False	False	False
sp|P46781|RS9_HUMAN	psvid_8817_sp|P46781|RS9_HUMAN	-0.026550518655350297	-0.4054649910022337	0.3523639536915331	0.15182554261670447	-0.174875177112847	0.8673801629492394	0.9636315915398392	0.26339454632823317	5.07797426859904	0.018728584109976448	0.1368524172602605	0.17147946234568878	-0.15483206147349932	0.883310656651847	0.9746754016588	False	False	False	False
sp|Q969I6|S38A4_HUMAN	psvid_60944_sp|Q969I6|S38A4_HUMAN	-0.038000773361262286	-0.5813920665597454	0.5053905198372208	0.21772902320692006	-0.17453242016866088	0.8676370061920012	0.9636315915398392	0.34403654089129265	3.317073590298323	0.06711550255020364	0.25906659867725834	0.21180220367803024	-0.17941632665460328	0.8650048571219107	0.9697183266338233	False	False	False	False
sp|O95721|SNP29_HUMAN	psvid_92333_sp|O95721|SNP29_HUMAN	-0.03399033973538246	-0.5214783485224959	0.453497669051731	0.19532938658907642	-0.17401549418106518	0.8680243962555451	0.9636315915398392	0.29472975796162415	3.3808269749438313	0.06388927992875491	0.2527632883326907	0.18687723359394476	-0.18188593164450514	0.8631710957222178	0.9681634391459866	False	False	False	False
sp|P05062|ALDOB_HUMAN	psvid_52184_sp|P05062|ALDOB_HUMAN	-0.014224894827151946	-0.22168497860134656	0.19323518894704267	0.08312625167161455	-0.17112397757746337	0.8701920818925936	0.9655433904051461	0.1314133703873454	6.539956886813562	0.009762953941778625	0.09880766135163116	0.11386388559549142	-0.12492894259455342	0.9056890517230664	0.9818049900369609	False	False	False	False
sp|Q07955|SRSF1_HUMAN	psvid_62257_sp|Q07955|SRSF1_HUMAN	0.027788049200745735	-0.3804706605013226	0.4360467589028141	0.16358335363809437	0.16987088589846963	0.8711318805561568	0.966091497013916	0.27071994852638775	4.33383293853065	0.030267189517108606	0.17397468067827745	0.17504188678835866	0.15875085507015801	0.8803867000817313	0.9746145306985893	False	False	False	False
sp|P13796|PLSL_HUMAN	psvid_32869_sp|P13796|PLSL_HUMAN	-0.026939045088971048	-0.4249841745415501	0.371106084363608	0.1594909199185969	-0.1689064499892568	0.8718553520729244	0.9663992572593489	0.13075096275346415	2.893869632475417	0.09060211574817792	0.3010018533965828	0.11362303244668838	-0.2370914110359691	0.8224609284958381	0.9576963095381414	False	False	False	False
sp|P55795|HNRH2_HUMAN	psvid_36262_sp|P55795|HNRH2_HUMAN	0.03902980047932081	-0.5535634570996177	0.6316230580582594	0.23744353791944278	0.16437507974027243	0.8752563991938351	0.9696731171027816	0.3664077785086139	2.948076279656191	0.08747763191848461	0.2957661777798209	0.2233264412470841	0.1747656939383142	0.8684607442301516	0.9705799034279209	False	False	False	False
sp|P30085|KCY_HUMAN	psvid_62755_sp|P30085|KCY_HUMAN	0.027372286895084752	-0.3907276353084499	0.4454722090986194	0.16752658499261908	0.16339070539932946	0.8759956234983265	0.9699961758410186	0.2498925094190943	3.721116827219057	0.048702111266978355	0.2206855483872434	0.16498062191367177	0.16591213305892163	0.8750490987595897	0.973909950079632	False	False	False	False
sp|Q32P51|RA1L2_HUMAN	psvid_31215_sp|Q32P51|RA1L2_HUMAN	-0.026728800979127665	-0.43881032209150456	0.3853527201332492	0.1651150988182048	-0.16187981093453263	0.8771305139811021	0.9704794680947427	0.23497027112357047	3.599438377468518	0.053720319102896714	0.23177644207920856	0.15791083899411693	-0.16926514449159163	0.8725525605545176	0.9721446780059844	False	False	False	False
sp|Q86VD7|S2542_HUMAN	psvid_30325_sp|Q86VD7|S2542_HUMAN	-0.06575860145844836	-1.0874263844099723	0.9559091814930756	0.4093674874962754	-0.16063464605025982	0.8780660500711447	0.9704794680947427	0.7122713792408093	1.8400839733531942	0.13267755687600416	0.3642493059375737	0.409368985666464	-0.16063405817466006	0.8789823483330764	0.973909950079632	False	False	False	False
sp|Q8NEN9|PDZD8_HUMAN	psvid_35246_sp|Q8NEN9|PDZD8_HUMAN	0.04816126948559907	-0.7025256580757627	0.7988481970469609	0.3007893823805485	0.16011625511656882	0.878455600285462	0.9704794680947427	0.4708146966164991	1.8064013889790411	0.13306003284429505	0.36477394759534987	0.2783052138844606	0.17305198423480989	0.8697350592827432	0.970817457250661	False	False	False	False
sp|Q04446|GLGB_HUMAN	psvid_57833_sp|Q04446|GLGB_HUMAN	0.04816126948559907	-0.7035149617743652	0.7998375007455634	0.3011857820480585	0.15990552129686603	0.8786139692540862	0.9704794680947427	0.479993313287449	2.220239346132179	0.12383460893689467	0.35190141934481406	0.28320886131868495	0.1700556587860607	0.871964217557113	0.9719889194682426	False	False	False	False
sp|P33897|ABCD1_HUMAN	psvid_34711_sp|P33897|ABCD1_HUMAN	0.06288469174899103	-0.9190555967058679	1.0448249802038498	0.39344925568158623	0.1598292304303731	0.8786713042925174	0.9704794680947427	0.6785940801509955	1.8795217015691856	0.13214820562026772	0.36352194654555275	0.3909020386365981	0.1608707183219675	0.8788059009776956	0.973909950079632	False	False	False	False
sp|P62269|RS18_HUMAN	psvid_105195_sp|P62269|RS18_HUMAN	0.018577007110882837	-0.2731932422899415	0.3103472565117072	0.11690811427793095	0.15890263242736838	0.8793677379282612	0.9707538910293133	0.17042140811621762	4.59060608229881	0.025325713087301374	0.15914054507667547	0.12915016584623798	0.14384036589623914	0.8915232039908264	0.9754641707208827	False	False	False	False
sp|P15291|B4GT1_HUMAN	psvid_69069_sp|P15291|B4GT1_HUMAN	-0.0380007733612624	-0.6409386240429974	0.5649370773204726	0.24158846659227343	-0.15729547812146158	0.8805759648855951	0.971592727040267	0.31945232201148455	1.5614816370412092	0.133995366853824	0.36605377590433896	0.19928325804748712	-0.19068723451022268	0.8566439820238396	0.9669933689681302	False	False	False	False
sp|P00439|PH4H_HUMAN	psvid_31594_sp|P00439|PH4H_HUMAN	-0.027631614367222834	-0.4691207896592286	0.41385756092478293	0.17689832004291206	-0.15620054707427378	0.8813993182570802	0.9720062710753652	0.23019891266383496	3.189629490620648	0.07387012817213387	0.27179059618046736	0.1556777680257295	-0.17749235949127973	0.8664341425803105	0.970316685773402	False	False	False	False
sp|P0CG38|POTEI_HUMAN	psvid_32632_sp|P0CG38|POTEI_HUMAN	-0.021348367990718486	-0.36976024965899895	0.327063513677562	0.13960359619087745	-0.15292133278235362	0.8838661687124789	0.9733021044975805	0.19868174091997282	4.018513333059287	0.038394857053707286	0.1959460564892983	0.14131814491073852	-0.1510660078661722	0.8861226628745235	0.9752299697557605	False	False	False	False
sp|Q7Z4W1|DCXR_HUMAN	psvid_38673_sp|Q7Z4W1|DCXR_HUMAN	0.009888392180670058	-0.15182087850677908	0.1715976628681192	0.06479456331189522	0.1526114487888633	0.8840993604311077	0.9733021044975805	0.054652185963360835	5.5267218405350125	0.014759156213104719	0.12148726769956067	0.09197125479136896	0.10751611689001371	0.9187682461089527	0.9895481060229128	False	False	False	False
sp|P23396|RS3_HUMAN	psvid_64401_sp|P23396|RS3_HUMAN	-0.014521240445256156	-0.2521616964992833	0.22311921560877102	0.09521908985058207	-0.15250345774196022	0.8841806281392192	0.9733021044975805	0.15753583506498914	6.390991398509922	0.010272064786852046	0.10135119529069228	0.12388081537689906	-0.1172194451665196	0.9114758897980614	0.9851213232879796	False	False	False	False
sp|Q9NYU1|UGGG2_HUMAN	psvid_41231_sp|Q9NYU1|UGGG2_HUMAN	-0.0555981053341118	-0.968791208099065	0.8575949974308414	0.36590325379336586	-0.15194755651314693	0.884598991562089	0.9733021044975805	0.6258811134650375	2.272119033542035	0.12198461245287706	0.3492629560272275	0.36209008754358124	-0.1535477143582949	0.884269423009322	0.9746754016588	False	False	False	False
sp|P55072|TERA_HUMAN	psvid_31360_sp|P55072|TERA_HUMAN	-0.018154107788572293	-0.3175523448406021	0.2812441292634575	0.11996453848111514	-0.1513289511919401	0.8850645940193472	0.9733021044975805	0.21394847165172137	6.878045648966433	0.0087998774884113	0.09380766220523407	0.14818354399467631	-0.1225109570143936	0.907503315482903	0.9818862001192014	False	False	False	False
sp|Q9UQ80|PA2G4_HUMAN	psvid_42074_sp|Q9UQ80|PA2G4_HUMAN	0.012381614473526481	-0.19301229244581442	0.21777552139286738	0.08229836452286754	0.15044788004366852	0.8857278336651291	0.9733021044975805	0.11641623138925841	5.708519012055057	0.013538164872339395	0.11635361993655116	0.1085924781985959	0.11401908013262907	0.913879998891532	0.9859327760224177	False	False	False	False
sp|Q14749|GNMT_HUMAN	psvid_29758_sp|Q14749|GNMT_HUMAN	-0.02886930435498425	-0.509079978077128	0.4513413693671596	0.19241346379995924	-0.1500378600584725	0.88603651768764	0.9733021044975805	0.24846332954362554	2.9298791766204886	0.08852587517426443	0.2975329816579406	0.16429816929513444	-0.17571287908342623	0.8677566137103964	0.9705799034279209	False	False	False	False
sp|P07478|TRY2_HUMAN	psvid_33408_sp|P07478|TRY2_HUMAN	-0.06575860145844847	-1.1608542851948767	1.0293370822779795	0.43878898414913425	-0.14986383850534096	0.8861675367668327	0.9733021044975805	0.7744295806492009	1.3633613244510647	0.13259825738684028	0.36414043635229565	0.443552962917595	-0.14825422656609638	0.8882234002904281	0.9754641707208827	False	False	False	False
sp|Q9BZK3|NACP4_HUMAN	psvid_81120_sp|Q9BZK3|NACP4_HUMAN	-0.04005590006250459	-0.7193058243916659	0.6391940242666567	0.2721656095500639	-0.14717472985923466	0.8881926474451449	0.9742213266792888	0.4157044360757627	2.344829954628072	0.11914329167942649	0.34517139464246815	0.2490768118009661	-0.16081745937278463	0.8788456086938438	0.973909950079632	False	False	False	False
sp|Q9HBI6|CP4FB_HUMAN	psvid_72297_sp|Q9HBI6|CP4FB_HUMAN	0.008845606168269349	-0.14151254656253945	0.15920375889907815	0.06024633470400127	0.14682397214252216	0.8884568654758058	0.9742213266792888	0.07546937781131759	6.76385931525382	0.00909821138899318	0.0953845448120039	0.0965056880072113	0.09165890996609827	0.9307048481832114	0.9940056214948344	False	False	False	False
sp|Q86VR2|RETR3_HUMAN	psvid_43886_sp|Q86VR2|RETR3_HUMAN	-0.021727016305791436	-0.3927922962692003	0.34933826365761744	0.14868048488021096	-0.14613226694341547	0.8889779585478437	0.9742213266792888	0.19449101857498585	3.6465610235416204	0.051721201487773705	0.22742295725755943	0.13946670999603958	-0.155786397387652	0.88259839254275	0.9746754016588	False	False	False	False
sp|P10412|H14_HUMAN	psvid_37904_sp|P10412|H14_HUMAN	-0.04166246735236301	-0.7549733157203242	0.6716483810155982	0.2858133286308041	-0.14576810518931393	0.8892523231064298	0.9742213266792888	0.4943339050140327	3.297471968787402	0.06812900161877608	0.26101532832149166	0.2908877215863122	-0.14322525242785444	0.8919832652417204	0.9754641707208827	False	False	False	False
sp|P16402|H13_HUMAN	psvid_38364_sp|P16402|H13_HUMAN	-0.04166246735236301	-0.7549733157203242	0.6716483810155982	0.2858133286308041	-0.14576810518931393	0.8892523231064298	0.9742213266792888	0.4943339050140327	3.297471968787402	0.06812900161877608	0.26101532832149166	0.2908877215863122	-0.14322525242785444	0.8919832652417204	0.9754641707208827	False	False	False	False
sp|Q2TV78|MST1L_HUMAN	psvid_58569_sp|Q2TV78|MST1L_HUMAN	-0.03150197122802678	-0.5754611227514392	0.5124571802953857	0.21795655581547368	-0.1445332585210099	0.890182801085309	0.9743440428317166	0.3486608939774625	3.383034240571411	0.06377956839127424	0.25254617081095143	0.21417476946144348	-0.14708535140362497	0.8890970016757004	0.9754641707208827	False	False	False	False
sp|O75438|NDUB1_HUMAN	psvid_61949_sp|O75438|NDUB1_HUMAN	-0.0380007733612624	-0.6967687358604827	0.6207671891379579	0.26395878401124256	-0.14396479929095243	0.8906112105242676	0.9743440428317166	0.3828670742199529	1.9577222622214983	0.13083501268138978	0.3617112283042784	0.23187433723265738	-0.16388520530037481	0.876559093048639	0.973909950079632	False	False	False	False
sp|Q9UI14|PRAF1_HUMAN	psvid_106828_sp|Q9UI14|PRAF1_HUMAN	0.03800077336126251	-0.6225747261673434	0.6985762728898685	0.264683037926873	0.1435708674756915	0.890908114596076	0.9743440428317166	0.3828670742199529	1.8539628874017873	0.1325013446515564	0.36400734148030095	0.23187433723265738	0.1638852053003753	0.8765590930486387	0.973909950079632	False	False	False	False
sp|P04439|HLAA_HUMAN	psvid_85706_sp|P04439|HLAA_HUMAN	0.014440651758729883	-0.23717655544828342	0.2660578589657432	0.10081937166266902	0.14323290772974445	0.8911628485890458	0.9743440428317166	0.12019253555118217	4.482814104500871	0.0272479155557619	0.1650694264718997	0.1098828215123192	0.13141864724606575	0.9008229968338431	0.9793331058451965	False	False	False	False
sp|Q96QV6|H2A1A_HUMAN	psvid_48115_sp|Q96QV6|H2A1A_HUMAN	-0.022285125547134133	-0.4159320988293335	0.37136184773506525	0.1577286424237706	-0.14128775347765016	0.8926292712462875	0.9754551844632905	0.13669780651916472	2.9685732465450814	0.08629854707381396	0.29376614351183145	0.11581019288802909	-0.19242801511159274	0.8553545447060525	0.9668409158464899	False	False	False	False
sp|Q32P28|P3H1_HUMAN	psvid_51227_sp|Q32P28|P3H1_HUMAN	-0.03519466394569881	-0.6630295636048624	0.5926402357134648	0.25156435362329793	-0.13990322332551394	0.8936733369200499	0.9756526576051211	0.3768588880963653	2.57480200459682	0.10839451127027745	0.32923321714292053	0.228747787279735	-0.1538579426897772	0.8840378163303105	0.9746754016588	False	False	False	False
sp|Q10567|AP1B1_HUMAN	psvid_880481_sp|Q10567|AP1B1_HUMAN	0.013256128388426935	-0.2248819528013437	0.2513942095781976	0.09541848103716309	0.13892621475774705	0.8944102363527886	0.9756526576051211	0.14665311137753817	5.587391754279626	0.014330869965029375	0.11971161165496594	0.11959096424761288	0.11084556824025722	0.9162649818596635	0.987342722869165	False	False	False	False
sp|P31943|HNRH1_HUMAN	psvid_64172_sp|P31943|HNRH1_HUMAN	0.029149439328463034	-0.4946339983808953	0.5529328770378213	0.2098724394223319	0.13889122082297256	0.8944366323827598	0.9756526576051211	0.3255403573938983	3.318154499864423	0.06705990158163622	0.25895926625945676	0.20236781534103349	0.1440418738490601	0.8913725009895516	0.9754641707208827	False	False	False	False
sp|Q9Y5L4|TIM13_HUMAN	psvid_96472_sp|Q9Y5L4|TIM13_HUMAN	0.023277351097870325	-0.39568801477910365	0.4422427169748443	0.16787335574146456	0.13866018818208947	0.8946109047814378	0.9756526576051211	0.21359091888815132	3.280842574811643	0.0689964296125831	0.2626717145270558	0.14802071385482934	0.1572573898049126	0.881500774287629	0.9746145306985893	False	False	False	False
sp|Q969H8|MYDGF_HUMAN	psvid_72099_sp|Q969H8|MYDGF_HUMAN	-0.02327735109786999	-0.44450700151617595	0.39795229932043596	0.16878062177170378	-0.13791483200811658	0.8951731860974941	0.9757747959121075	0.25519721245410043	3.7550518075477917	0.04738642752612397	0.2176842381205492	0.16752301691012753	-0.1389501665335802	0.8951820647100357	0.9765128708698627	False	False	False	False
sp|P00480|OTC_HUMAN	psvid_75352_sp|P00480|OTC_HUMAN	-0.02141587474233908	-0.4109850270815421	0.36815327759686395	0.15609471861629617	-0.13719794578689404	0.8957140544116401	0.9758734821065983	0.23237866217985242	3.8893864509057914	0.04253457220072233	0.206239114138716	0.15669618626710527	-0.13667132080568606	0.8968881337287092	0.9765128708698627	False	False	False	False
sp|Q6NVV1|R13P3_HUMAN	psvid_89779_sp|Q6NVV1|R13P3_HUMAN	0.01593139940259647	-0.2783896351131784	0.3102524339183713	0.11793017693966384	0.13509179597642246	0.89730343958253	0.9766361989527789	0.1708357682398827	4.539934061373872	0.02620402176443459	0.16187656335749961	0.12932277129016587	0.12319098364239853	0.9069930115840458	0.9818862001192014	False	False	False	False
sp|Q9UNU6|CP8B1_HUMAN	psvid_58581_sp|Q9UNU6|CP8B1_HUMAN	0.010153498465671928	-0.1783355707991146	0.19864256773045846	0.07552484084652616	0.13443919049501643	0.8977960302118763	0.9766361989527789	0.10941748699070526	6.266525265886404	0.010744466320386942	0.10365551755882049	0.10627158609019034	0.09554292769334297	0.9277790546468443	0.9940056214948344	False	False	False	False
sp|P08670|VIME_HUMAN	psvid_29719_sp|P08670|VIME_HUMAN	0.0228653878774997	-0.4024264674017664	0.4481572431567658	0.17040828844121772	0.13418002191476214	0.8979916663671613	0.9766361989527789	0.20125323968766845	3.101370084019332	0.0787480757329711	0.28062087544046166	0.14246156073509733	0.1605021576312585	0.8790806932883065	0.973909950079632	False	False	False	False
sp|P13797|PLST_HUMAN	psvid_31240_sp|P13797|PLST_HUMAN	0.02237050222174808	-0.3950574991942645	0.4397985036377607	0.16725735606206615	0.13374898867495427	0.8983170541022611	0.9766361989527789	0.2197322667118329	3.3592646068055636	0.0649681311664865	0.25488846809239235	0.15083022537441662	0.1483157779961953	0.888177402631753	0.9754641707208827	False	False	False	False
sp|Q99497|PARK7_HUMAN	psvid_73787_sp|Q99497|PARK7_HUMAN	-0.01573982096947335	-0.311714477848526	0.2802348359095793	0.11859275947717625	-0.13272160154518164	0.8990927192738001	0.9766361989527789	0.11250979293388233	3.783199699090556	0.04632281367624896	0.2152273534573358	0.10728547187979165	-0.1467097146863378	0.8893777859374299	0.9754641707208827	False	False	False	False
sp|P51858|HDGF_HUMAN	psvid_26666_sp|P51858|HDGF_HUMAN	0.08048202372184055	-1.4379196405198873	1.5988836879635682	0.6084015613226909	0.13228438064305623	0.8994228537011858	0.9766361989527789	1.1221544607565652	1.1864816370412092	0.12999557548530408	0.36054899179626626	0.6362492945004181	0.12649448010002887	0.9045147488550208	0.9815140013864948	False	False	False	False
sp|Q8N5G0|SIM20_HUMAN	psvid_104736_sp|Q8N5G0|SIM20_HUMAN	0.04248125036057804	-0.7648150806554	0.8497775813765561	0.3234719506748438	0.13132900788445945	0.9001443095422699	0.9766361989527789	0.5287002345329385	1.021240625180289	0.12664032915109022	0.3558656054623574	0.30936751612850416	0.137316454203719	0.896405085981265	0.9765128708698627	False	False	False	False
sp|P08709|FA7_HUMAN	psvid_78968_sp|P08709|FA7_HUMAN	-0.0380007733612624	-0.764303472718561	0.6883019259960362	0.29101897520807646	-0.13057833543016265	0.9007112593979999	0.9766361989527789	0.45435346209734506	2.159560992735899	0.12580601935045202	0.35469144245449735	0.26953440879200646	-0.1409867242240924	0.8936579364321688	0.9760870706897731	False	False	False	False
sp|Q9Y385|UB2J1_HUMAN	psvid_77498_sp|Q9Y385|UB2J1_HUMAN	-0.04248125036057804	-0.8549225985599268	0.7699600978387707	0.32553348456347925	-0.13049732938392752	0.9007724436136361	0.9766361989527789	0.5287002345329385	1.3517226489021295	0.13246334495876214	0.3639551414099849	0.30936751612850416	-0.137316454203719	0.896405085981265	0.9765128708698627	False	False	False	False
sp|P49458|SRP09_HUMAN	psvid_28702_sp|P49458|SRP09_HUMAN	0.04248125036057804	-0.7711862499446838	0.8561487506658398	0.32602478595837675	0.1303006770963775	0.9009209790985717	0.9766361989527789	0.5287002345329385	1.521240625180289	0.1338565351746752	0.365864093858191	0.30936751612850416	0.137316454203719	0.896405085981265	0.9765128708698627	False	False	False	False
sp|Q9NNX6|CD209_HUMAN	psvid_98020_sp|Q9NNX6|CD209_HUMAN	0.024883918387728743	-0.4695087491112256	0.519276585886683	0.1980959833596234	0.12561546158436987	0.9044611274314421	0.9782517790298922	0.27639035722231253	3.062360045402955	0.08094492119307611	0.28450820935972326	0.1778158419897489	0.13994207776584555	0.8944396682722527	0.9764487461692553	False	False	False	False
sp|P33261|CP2CJ_HUMAN	psvid_356276_sp|P33261|CP2CJ_HUMAN	0.01128462066636704	-0.21338095783353184	0.23595019916626592	0.0900202442830329	0.1253564768263351	0.904656888643283	0.9782517790298922	0.14976353704967096	6.842596609960054	0.008889786802905331	0.0942856659461306	0.12080103906636389	0.09341493048058687	0.9293818956147988	0.9940056214948344	False	False	False	False
sp|O15144|ARPC2_HUMAN	psvid_95074_sp|O15144|ARPC2_HUMAN	-0.04248125036057804	-0.8898281850525541	0.804865684331398	0.3395196476592659	-0.12512162596024853	0.9048344140131228	0.9782517790298922	0.5591575710430509	1.667481250360578	0.13397747466449683	0.36602933579768826	0.325825187024544	-0.13038049866101353	0.9016010826770499	0.9793331058451965	False	False	False	False
sp|P22392|NDKB_HUMAN	psvid_50116_sp|P22392|NDKB_HUMAN	-0.01677854896463471	-0.35157135040346493	0.3180142524741955	0.1341466279389924	-0.12507618881232935	0.9048687609719481	0.9782517790298922	0.12270864524485586	3.448049183738461	0.060610233015641446	0.246191456016738	0.11075676947284394	-0.15149005378627067	0.885805942556723	0.9752299697557605	False	False	False	False
sp|Q9ULA0|DNPEP_HUMAN	psvid_659581_sp|Q9ULA0|DNPEP_HUMAN	0.04816126948559862	-0.9156528433204594	1.0119753822916566	0.3861863595551867	0.12470991865448394	0.9051456411785205	0.9782517790298922	0.6654849517500455	2.0739987209518906	0.12822679842060977	0.35808769655017436	0.38372549193445815	0.12550969507604348	0.9052533993034737	0.9818049900369609	False	False	False	False
sp|P62841|RS15_HUMAN	psvid_100762_sp|P62841|RS15_HUMAN	-0.012538631762039287	-0.2654667208879804	0.24038945736390183	0.10134462306680499	-0.12372271347611598	0.9058919883023719	0.9782517790298922	0.1283054002518652	4.5898201758168895	0.02533900641898565	0.15918230560896413	0.11273999860068272	-0.11121724248418925	0.9159856053463049	0.987342722869165	False	False	False	False
sp|P61604|CH10_HUMAN	psvid_105309_sp|P61604|CH10_HUMAN	-0.014145882091591844	-0.3005556542720344	0.2722638900888507	0.11476024867219634	-0.12326465178720943	0.9062383287157807	0.9782517790298922	0.1150111648114939	3.912356969364456	0.04176118039925687	0.20435552451366926	0.10811906599848121	-0.13083614773171048	0.9012595608615583	0.9793331058451965	False	False	False	False
sp|P09651|ROA1_HUMAN	psvid_31212_sp|P09651|ROA1_HUMAN	0.018769779198626213	-0.36147080985002006	0.3990103682472725	0.152356898377732	0.12319612304059312	0.9062901452779539	0.9782517790298922	0.222915891800114	3.8879401169388452	0.0425838121125589	0.2063584553939065	0.1522970069499496	0.12324457042543621	0.9069528013115293	0.9818862001192014	False	False	False	False
sp|O15126|SCAM1_HUMAN	psvid_39773_sp|O15126|SCAM1_HUMAN	-0.0380007733612624	-0.8093492651860945	0.7333477184635697	0.30906817201395026	-0.12295272306314083	0.9064741911822906	0.9782517790298922	0.49030155938103764	1.8114816370412092	0.13300642308247296	0.3647004566524053	0.28872647644742944	-0.13161513217919757	0.9006757469873201	0.9793331058451965	False	False	False	False
sp|O75880|SCO1_HUMAN	psvid_44365_sp|O75880|SCO1_HUMAN	-0.02279760684733212	-0.5023546553107279	0.45675944161606363	0.19215156562287786	-0.11864387767766281	0.9097333687215913	0.981280343464255	0.2972949303639738	3.531082446936912	0.056744134737517694	0.23821027420646174	0.18815484206647293	-0.12116407208525619	0.9085141926856761	0.9824103071606088	False	False	False	False
sp|Q8NEW0|ZNT7_HUMAN	psvid_105053_sp|Q8NEW0|ZNT7_HUMAN	-0.023277351097870436	-0.5241761111129349	0.47762140891719407	0.20070288042653886	-0.11597915808881674	0.9117499284121894	0.982966216352843	0.2135909188881512	2.2808425748116425	0.12165888236979847	0.3487963336530338	0.1480207138548293	-0.1572573898049134	0.8815007742876283	0.9746145306985893	False	False	False	False
sp|P24723|KPCL_HUMAN	psvid_80000_sp|P24723|KPCL_HUMAN	-0.04248125036057804	-0.9830061738800584	0.8980436731589023	0.37685471862144904	-0.11272580191108207	0.9142129394322687	0.9851314966433248	0.6464284732962589	1.021240625180289	0.12664032915109022	0.3558656054623574	0.3733060691969084	-0.11379737396707146	0.9140465837697448	0.9859327760224177	False	False	False	False
sp|Q9BT40|INP5K_HUMAN	psvid_82994_sp|Q9BT40|INP5K_HUMAN	0.023277351097870436	-0.5044769669272218	0.5510316691229626	0.21146351366889796	0.11007738731853894	0.9162187555494099	0.9868022083874609	0.26207526943405096	2.4650839733531944	0.11383796423584576	0.3373988207386709	0.17084052054891719	0.136251932639162	0.8972021808499754	0.9765128708698627	False	False	False	False
sp|P60866|RS20_HUMAN	psvid_33096_sp|P60866|RS20_HUMAN	-0.016761955200502943	-0.39957998530410366	0.3660560749030978	0.15338964168866256	-0.10927696952656656	0.9168251001213065	0.9869647252671987	0.23322003238560832	4.017338495809006	0.038430272077461074	0.19603640497994518	0.1570900761052876	-0.10670282691357573	0.9193798878647841	0.9897149612533468	False	False	False	False
sp|P61160|ARP2_HUMAN	psvid_46235_sp|P61160|ARP2_HUMAN	-0.02122222439662802	-0.5119748667474671	0.4695304179542111	0.19663747798813916	-0.10792563357585429	0.9178489260392931	0.9875762774216227	0.24930375170802582	2.8141908923985053	0.09518609349126562	0.30852243596092915	0.16469935076509873	-0.12885432940713934	0.9027451672968758	0.9800845578819288	False	False	False	False
sp|P21333|FLNA_HUMAN	psvid_43869_sp|P21333|FLNA_HUMAN	0.04389289114586348	-0.9815917402693527	1.0693775225610795	0.41089684341001653	0.10682216680371191	0.9186850869334742	0.9879854011835427	0.7306076469714998	2.6010168285094863	0.10702115365276559	0.32714087737970865	0.41944052735819526	0.1046462806594263	0.9209268161050486	0.9904768897983098	False	False	False	False
sp|P55145|MANF_HUMAN	psvid_88639_sp|P55145|MANF_HUMAN	0.006618052840297484	-0.14951820597943336	0.16275431166002832	0.0625615381503462	0.10578468873948013	0.9194713502528674	0.9883404841259741	0.038068235966271284	5.4504296690739436	0.015329892949327205	0.12381394489041694	0.08929481998910042	0.07411463331361552	0.9439356988078473	0.9980591511715557	False	False	False	False
sp|Q9HB55|CP343_HUMAN	psvid_64115_sp|Q9HB55|CP343_HUMAN	0.01850014536094413	-0.4253617006494387	0.46236199137132694	0.17784901484492685	0.10402163530157923	0.9208077308566516	0.9892862433150045	0.3136987913568571	4.8141402911310625	0.021924822803238302	0.14807033059745056	0.19637838150223585	0.09420662915858434	0.9287855302866862	0.9940056214948344	False	False	False	False
sp|P04080|CYTB_HUMAN	psvid_71441_sp|P04080|CYTB_HUMAN	-0.027757828097185966	-0.7038472762448723	0.6483316200505004	0.27089925250593305	-0.10246550272994213	0.9219875071020118	0.9900628978642516	0.3982052495896103	1.821083586672563	0.13290114982342047	0.36455609969306574	0.2398865565908968	-0.11571231206809243	0.9126079119803515	0.9858531132908384	False	False	False	False
sp|P63267|ACTH_HUMAN	psvid_9912_sp|P63267|ACTH_HUMAN	0.009116516689684051	-0.2162174054013191	0.2344504387806872	0.09028803988277687	0.10097147641614819	0.9231204062718394	0.9907884697330739	0.14348054196023496	6.141601181887865	0.011266845891518	0.10614539976616037	0.11837053568733945	0.07701677310782945	0.9417455098631218	0.9980591511715557	False	False	False	False
sp|Q01082|SPTB2_HUMAN	psvid_25064_sp|Q01082|SPTB2_HUMAN	-0.026927474529430784	-0.7008669107466408	0.6470119616877792	0.2700377738562653	-0.09971743636045392	0.9240714827789243	0.991318268901945	0.49844983888530486	4.600494483771538	0.02515931968188177	0.15861689595336864	0.293095383589227	-0.0918727350792042	0.9305437425415731	0.9940056214948344	False	False	False	False
sp|Q8TC12|RDH11_HUMAN	psvid_54668_sp|Q8TC12|RDH11_HUMAN	-0.006736684143234806	-0.17909997143261372	0.1656266031461441	0.06906347350056322	-0.09754337281022896	0.9257206453105895	0.9925960605581631	0.06525966581868914	5.3972646942400795	0.01575016952172502	0.1254996793690128	0.09412770875456547	-0.07156961783485521	0.9458568424325245	0.9983788492699858	False	False	False	False
sp|P07108|ACBP_HUMAN	psvid_99088_sp|P07108|ACBP_HUMAN	0.02488391838772841	-0.6200569112099696	0.6698247479854265	0.2584184520661353	0.09629311757257968	0.9266692289432309	0.9926445852707249	0.43538947502488967	3.305861243269719	0.06769403333400334	0.26018077049237004	0.25947102852107246	0.09590249258100701	0.9275082633562511	0.9940056214948344	False	False	False	False
sp|P55769|NH2L1_HUMAN	psvid_100029_sp|P55769|NH2L1_HUMAN	0.04248125036057804	-1.0618627186553635	1.1468252193765196	0.4424946381510505	0.09600398897054338	0.9268886134984011	0.9926445852707249	0.7828520111288706	1.271240625180289	0.1313855262486223	0.3624714143882553	0.4481935506204065	0.0947832700889468	0.9283511959728903	0.9940056214948344	False	False	False	False
sp|P11712|CP2C9_HUMAN	psvid_41130_sp|P11712|CP2C9_HUMAN	-0.011754006991585797	-0.3183701394102425	0.2948621254270709	0.12285664464375733	-0.09567253790520193	0.9271401202528597	0.9926445852707249	0.22389619520863946	8.156371595119188	0.0067336976200641305	0.0820591105244514	0.1527500384734581	-0.07694928989250746	0.941796431510818	0.9980591511715557	False	False	False	False
sp|Q8TCT8|SPP2A_HUMAN	psvid_40457_sp|Q8TCT8|SPP2A_HUMAN	0.04816126948559907	-1.2399061115435863	1.3362286505147845	0.516109949140722	0.0933159098478597	0.9289286106523916	0.9940682959425841	0.9360603419627026	1.1221599904374895	0.1287833495274058	0.358863970784761	0.532885464524738	0.09037827580557566	0.9316698162021463	0.9945460550295818	False	False	False	False
sp|P51991|ROA3_HUMAN	psvid_49958_sp|P51991|ROA3_HUMAN	-0.008105369423094921	-0.22738865567869856	0.21117791683250872	0.08786363771308454	-0.09224941778034168	0.9297381450462339	0.9941311714204161	0.048560748108310854	4.308570498627016	0.0308256706122278	0.1755724084593812	0.09088645275643199	-0.08918127154567937	0.9325718904878768	0.9947613230488085	False	False	False	False
sp|P31150|GDIA_HUMAN	psvid_84214_sp|P31150|GDIA_HUMAN	-0.023277351097870547	-0.6545276245274193	0.6079729223316782	0.252932844440542	-0.09202976841286603	0.9299048843881788	0.9941311714204161	0.36510165147451207	2.2808425748116425	0.12165888236979847	0.3487963336530338	0.22265050964187602	-0.10454658799259516	0.9210018149255165	0.9904768897983098	False	False	False	False
sp|Q9GZV4|IF5A2_HUMAN	psvid_44504_sp|Q9GZV4|IF5A2_HUMAN	-0.011882092520646204	-0.33955894189592917	0.31579475685463676	0.1312953689818168	-0.09049894609985647	0.9310670658293383	0.9942406836501726	0.1811269939196434	4.085537028607382	0.0364409902895803	0.19089523380530038	0.1336682016836414	-0.08889243942076883	0.9327895747278168	0.9947613230488085	False	False	False	False
sp|O95881|TXD12_HUMAN	psvid_96398_sp|O95881|TXD12_HUMAN	-0.01777077451537068	-0.5105566832721169	0.47501513424137554	0.1974521783965167	-0.09000039736043844	0.9314455990047666	0.9942406836501726	0.2861410127688122	3.1985452965138297	0.07338563167880477	0.2708978251644054	0.18261721847865664	-0.09731160436795086	0.9264471587264375	0.9940056214948344	False	False	False	False
sp|P50440|GATM_HUMAN	psvid_62039_sp|P50440|GATM_HUMAN	0.012496434259768208	-0.33501950787075624	0.36001237639029265	0.13924460619076195	0.08974447629697323	0.9316399200100915	0.9942406836501726	0.21714161648667862	4.397017486054855	0.028931373950676444	0.17009225129522051	0.14964180350696138	0.08350897922175116	0.9368481423492941	0.9971266819601771	False	False	False	False
sp|P60033|CD81_HUMAN	psvid_97981_sp|P60033|CD81_HUMAN	-0.01584051524935748	-0.4576665463693255	0.42598551587061056	0.1770332932957076	-0.08947760590375659	0.9318425604492389	0.9942406836501726	0.2524638389138955	3.430801617916188	0.061439121255589646	0.24786916156631839	0.1662111736475374	-0.09530355211225701	0.9279593366104386	0.9940056214948344	False	False	False	False
sp|O43747|AP1G1_HUMAN	psvid_35173_sp|O43747|AP1G1_HUMAN	0.012407691931150544	-0.3375313084521145	0.3623466923144156	0.14021549054821517	0.08849016526375861	0.9325923948540052	0.994551043134168	0.1832664492005593	3.7901311674916744	0.046064741150605756	0.2146269814133483	0.13458513647584783	0.09219214139131318	0.9303030943095665	0.9940056214948344	False	False	False	False
sp|O75131|CPNE3_HUMAN	psvid_27999_sp|O75131|CPNE3_HUMAN	0.014145882091591733	-0.3906583799502186	0.4189501441334021	0.1621992064789446	0.08721301662735347	0.9335623396923703	0.9950957157468601	0.13601999824707778	2.8567588640303443	0.09274072298743391	0.30453361552944186	0.11555811990690174	0.1224135707900771	0.9075764000178866	0.9818862001192014	False	False	False	False
sp|P61018|RAB4B_HUMAN	psvid_109057_sp|P61018|RAB4B_HUMAN	0.017597331972849406	-0.5013369583723836	0.5365316223180824	0.20792945628625178	0.08463126046279637	0.9355234702889333	0.996195377836045	0.2833408686879157	2.839280689708265	0.09374617517233548	0.30617997186676904	0.181234461927622	0.0970970519937709	0.9266087120005414	0.9940056214948344	False	False	False	False
sp|O75306|NDUS2_HUMAN	psvid_84456_sp|O75306|NDUS2_HUMAN	-0.007258906253542641	-0.22417659206733379	0.2096587795602485	0.08691577586851583	-0.08351655589571846	0.936370369249664	0.996195377836045	0.10570856851605578	4.987728552170843	0.019735961397119656	0.14048473723903127	0.10508049881445138	-0.06907948035496332	0.9477369702038044	0.9993404620243064	False	False	False	False
sp|Q56VL3|OCAD2_HUMAN	psvid_36323_sp|Q56VL3|OCAD2_HUMAN	-0.011657513584236057	-0.3601329391519823	0.3368179119835102	0.1396290573113161	-0.08348916628610142	0.936391179733632	0.996195377836045	0.1894942494662231	3.8868723526390063	0.04262020517547181	0.20644661580048196	0.1372792893181662	-0.08491822504425958	0.9357854991113386	0.9964850990536956	False	False	False	False
sp|Q96HE7|ERO1A_HUMAN	psvid_98250_sp|Q96HE7|ERO1A_HUMAN	-0.008085578824707174	-0.25234723289295646	0.2361760752435421	0.09787210802393288	-0.08261371894360331	0.9370563695534752	0.996195377836045	0.1538163718626934	5.6573084925970925	0.01386358707752451	0.11774373476972994	0.12239721696477768	-0.06606015255260228	0.9500171756478504	0.9993404620243064	False	False	False	False
sp|Q9Y2R0|COA3_HUMAN	psvid_79221_sp|Q9Y2R0|COA3_HUMAN	-0.03800077336126251	-1.1902823063112145	1.1142807595886892	0.4617025259124373	-0.08230575149261674	0.9372903855064006	0.996195377836045	0.8215278632496074	1.5614816370412092	0.133995366853824	0.36605377590433896	0.46952629805770263	-0.08093428103699611	0.9387899846653811	0.9980007033822554	False	False	False	False
sp|Q8NC51|SERB1_HUMAN	psvid_31401_sp|Q8NC51|SERB1_HUMAN	-0.01200134322770885	-0.3762735003158296	0.3522708138604119	0.14595857890439914	-0.08222430855242543	0.937352272915411	0.996195377836045	0.2413962693740413	4.660381886544419	0.024184952435117157	0.15551511963509257	0.16093987391444056	-0.07457035311267267	0.9435917375995339	0.9980591511715557	False	False	False	False
sp|Q6YN16|HSDL2_HUMAN	psvid_58560_sp|Q6YN16|HSDL2_HUMAN	-0.013785388548115174	-0.44087675253423825	0.4133059754380079	0.17112932552425617	-0.0805553840984502	0.9386205733374596	0.9970543051089583	0.20521462914811983	3.116070579808361	0.07792612255396603	0.2791525076977924	0.14423355895828135	-0.095576845275672	0.9277535105543918	0.9940056214948344	False	False	False	False
sp|P07948|LYN_HUMAN	psvid_41237_sp|P07948|LYN_HUMAN	-0.017597331972849406	-0.5684494261106331	0.5332547621649343	0.2207184581154066	-0.0797275049993704	0.9392497955400145	0.997233859350912	0.26033845470014405	1.3392806897082652	0.13231311307748667	0.3637486949495306	0.17000062384379716	-0.10351333762762237	0.9217791848846044	0.9908211774032429	False	False	False	False
sp|Q06136|KDSR_HUMAN	psvid_58670_sp|Q06136|KDSR_HUMAN	-0.012131011404703296	-0.3952735265693411	0.3710115037599345	0.15351965815427243	-0.07901927056476898	0.9397881217479837	0.9973167775846623	0.24041118443993398	4.153203908583564	0.03459819123873508	0.1860058903334383	0.16047397421840787	-0.07559488361765615	0.9428185098846141	0.9980591511715557	False	False	False	False
sp|Q99832|TCPH_HUMAN	psvid_63242_sp|Q99832|TCPH_HUMAN	0.015469386873097624	-0.48048200904225613	0.5114207827884514	0.19872054326662866	0.07784493046771684	0.9406808111518338	0.9974152524791874	0.3435413967999507	4.213427187047621	0.033063547828712216	0.18183384676322562	0.21154847877818123	0.07312454791659373	0.9446830285845207	0.9980591511715557	False	False	False	False
sp|Q9NTN3|S35D1_HUMAN	psvid_86857_sp|Q9NTN3|S35D1_HUMAN	-0.01920389926270738	-0.6410129078719277	0.6026051093465129	0.24914986633084835	-0.07707770245080665	0.9412640812345522	0.9974152524791874	0.371788914771234	2.5900839733531944	0.10759687621374933	0.3280196277873465	0.22611501908831097	-0.084929781931943	0.9357767852603234	0.9964850990536956	False	False	False	False
sp|P08571|CD14_HUMAN	psvid_103710_sp|P08571|CD14_HUMAN	0.013760340889490186	-0.43939672232043303	0.4669174040994134	0.18157347378765204	0.07578387196349361	0.9422477824389779	0.9974152524791874	0.31610367556936897	4.553215183901996	0.025969592451575783	0.16115083757640164	0.19759133878017945	0.06964040516370294	0.9473134206855912	0.9993404620243064	False	False	False	False
sp|Q8IZP2|ST134_HUMAN	psvid_50259_sp|Q8IZP2|ST134_HUMAN	-0.014723422263391961	-0.5013826593661239	0.47193581483933994	0.19499730977525814	-0.07550577123531227	0.9424592377420301	0.9974152524791874	0.1692915041565676	1.903602336311985	0.13178134158894522	0.3630169990357824	0.1286804568181859	-0.11441847991101596	0.9135799119804972	0.9859327760224177	False	False	False	False
sp|Q96CN7|ISOC1_HUMAN	psvid_70174_sp|Q96CN7|ISOC1_HUMAN	0.023277351097870436	-0.7481400433048188	0.7946947455005596	0.3090957802792299	0.07530789024956025	0.9426097007446257	0.9974152524791874	0.49051868554813505	1.3846019496313537	0.13283023503557564	0.3644588248836563	0.2888428106229636	0.08058830007804889	0.9390509617888412	0.9980007033822554	False	False	False	False
sp|P10644|KAP0_HUMAN	psvid_35851_sp|P10644|KAP0_HUMAN	0.023277351097870547	-0.7485830231423998	0.7951377253381409	0.3092732758860682	0.07526467015677613	0.9426425644104179	0.9974152524791874	0.49051868554813505	1.7808425748116428	0.1333079232363975	0.36511357580401954	0.2888428106229636	0.08058830007804928	0.9390509617888408	0.9980007033822554	False	False	False	False
sp|P40925|MDHC_HUMAN	psvid_74728_sp|P40925|MDHC_HUMAN	-0.015257358349390016	-0.5282864518393903	0.49777173514061024	0.2055633294100437	-0.07422217957443021	0.9434352907312393	0.9977668496898954	0.337536440957399	3.690670535590541	0.04991367475676343	0.22341368524950173	0.20847633569998747	-0.07318508500334761	0.9446373324905539	0.9980591511715557	False	False	False	False
sp|Q96AC1|FERM2_HUMAN	psvid_68828_sp|Q96AC1|FERM2_HUMAN	-0.03138272052096458	-1.1022862685795212	1.0395208275375918	0.4290955456705234	-0.07313690584208833	0.944260626853655	0.9980732799939284	0.7541411518389003	1.857271913821936	0.13245771966309897	0.36394741332107167	0.4323824871106284	-0.07258092419671722	0.9450933909570984	0.9980591511715557	False	False	False	False
sp|Q14103|HNRPD_HUMAN	psvid_49097_sp|Q14103|HNRPD_HUMAN	0.011186595707520675	-0.37543799884121837	0.3978111902562597	0.15491487694507552	0.07221124225200681	0.9449646426835561	0.9980732799939284	0.1989130185876391	3.505505231985853	0.057912773170175014	0.24065072858849818	0.1414207570173264	0.07910151199480661	0.9401725615213673	0.9980591511715557	False	False	False	False
sp|Q99613|EIF3C_HUMAN	psvid_30062_sp|Q99613|EIF3C_HUMAN	0.010966472404529082	-0.37144433678564254	0.3933772815947007	0.15322647416496438	0.07157035012580479	0.9454521073922693	0.9980732799939284	0.2583911250559092	4.694205111743132	0.023658992820879136	0.1538148003960579	0.16906065792034997	0.06486708699368571	0.9509183353456945	0.9993404620243064	False	False	False	False
sp|P38117|ETFB_HUMAN	psvid_54313_sp|P38117|ETFB_HUMAN	-0.014428874464071595	-0.5186441488852169	0.48978639995707374	0.20203175972793005	-0.07141884267851013	0.9455673483283502	0.9980732799939284	0.3142855582641487	3.4300957975235455	0.06147322693961181	0.2479379497769791	0.1966741647946581	-0.07336436119678644	0.9445020082577378	0.9980591511715557	False	False	False	False
sp|P15954|COX7C_HUMAN	psvid_105138_sp|P15954|COX7C_HUMAN	0.03800077336126251	-1.3211165221803838	1.397118068902909	0.5445786211260177	0.06978014172258329	0.9468138848632234	0.9989024773605671	0.9919455156841196	1.4577222622214983	0.1334828468810592	0.365353044165584	0.563881101897838	0.0673914646782175	0.94901169545228	0.9993404620243064	False	False	False	False
sp|P00739|HPTR_HUMAN	psvid_33247_sp|P00739|HPTR_HUMAN	0.004768635938819044	-0.16796392968487006	0.17750120156250815	0.06921143798219408	0.06889953565255881	0.9474838190703676	0.9991228398664167	0.10378093877138538	7.15132397577387	0.008180841968300349	0.09044800698910037	0.10447250126101794	0.04564489105994417	0.9654480153855796	1.0	False	False	False	False
sp|P17980|PRS6A_HUMAN	psvid_70738_sp|P17980|PRS6A_HUMAN	-0.016778548964634266	-0.6354992320745828	0.6019421341453143	0.24791241902037803	-0.06767934027240118	0.9484121800028086	0.9996153667636606	0.357365141615407	2.388789384413249	0.11728912635444484	0.3424750010649607	0.21865443120813072	-0.07673546276619136	0.9419577838102428	0.9980591511715557	False	False	False	False
sp|O00461|GOLI4_HUMAN	psvid_46370_sp|O00461|GOLI4_HUMAN	-0.015694035945381102	-0.6052665709722851	0.5738784990815229	0.23623317813108055	-0.06643451216100064	0.9493593754019629	0.9997452423511871	0.39534154696889945	3.480792943777267	0.059060823938103475	0.243024327872959	0.23838744657920427	-0.06583415431721047	0.9501878726307627	0.9993404620243064	False	False	False	False
sp|P22314|UBA1_HUMAN	psvid_65281_sp|P22314|UBA1_HUMAN	-0.014145882091591844	-0.5465992981572037	0.51830753397402	0.21334637421363284	-0.0663047691517221	0.9494581027959128	0.9997452423511871	0.30381980704573947	2.912356969364456	0.08953602721350058	0.29922571282144284	0.19141506821608398	-0.07390161194427436	0.9440964846357739	0.9980591511715557	False	False	False	False
sp|P0DJI9|SAA2_HUMAN	psvid_85654_sp|P0DJI9|SAA2_HUMAN	-0.007624356772950591	-0.30186228667642323	0.28661357313052205	0.11789687812481894	-0.06466970876767904	0.950702380272873	1.0	0.1952398000975356	5.408108638585075	0.015662883082412787	0.12515144059263875	0.13979640783940644	-0.05453900347503352	0.9587228203345091	1.0	False	False	False	False
sp|O15488|GLYG2_HUMAN	psvid_87167_sp|O15488|GLYG2_HUMAN	-0.017042875660394863	-0.6815856149944914	0.6474998636737017	0.26627265347369694	-0.06400535480478246	0.9512079967781698	1.0	0.4663106607768874	3.6200337895093346	0.052837953986866706	0.229865077788834	0.2759023070535211	-0.06177141410089329	0.9532569833277874	1.0	False	False	False	False
sp|P63208|SKP1_HUMAN	psvid_6979_sp|P63208|SKP1_HUMAN	-0.023277351097870436	-0.9316537141808582	0.8850990119851173	0.36397325594628355	-0.06395346558458621	0.9512474889150435	1.0	0.6155927338466709	1.2383613244510647	0.13087589381835538	0.3617677346286639	0.356481879640887	-0.06529743144678095	0.9505932729279419	0.9993404620243064	False	False	False	False
sp|Q09666|AHNK_HUMAN	psvid_23288_sp|Q09666|AHNK_HUMAN	-0.009454010872946061	-0.3852944586747814	0.3663864369288893	0.1505938254915224	-0.06277821047502555	0.9521419997742817	1.0	0.24355906284850368	4.396894178781599	0.0289338988523949	0.1700996732871492	0.1619647052724781	-0.05837080897990271	0.9558266169404405	1.0	False	False	False	False
sp|Q08426|ECHP_HUMAN	psvid_39857_sp|Q08426|ECHP_HUMAN	-0.004838461716216047	-0.2047200289454281	0.195043105512996	0.08008964982438212	-0.06041307118742138	0.953942390429882	1.0	0.12776812474834312	6.911546374206003	0.008717065082314674	0.09336522415929109	0.11254731941827358	-0.04299046606551571	0.967455801785787	1.0	False	False	False	False
sp|P20336|RAB3A_HUMAN	psvid_60964_sp|P20336|RAB3A_HUMAN	0.014723422263392072	-0.6049828125377922	0.6344296570645763	0.24830731531286293	0.059295161098418765	0.9547934719531798	1.0	0.36140798616709663	2.4460835866725628	0.11472434431921077	0.33870982318086196	0.22074100215527673	0.06669998831044137	0.9495339229868843	0.9993404620243064	False	False	False	False
sp|P61019|RAB2A_HUMAN	psvid_89618_sp|P61019|RAB2A_HUMAN	-0.0053670981604119206	-0.2337964433865228	0.22306224706569897	0.09152833111315721	-0.058638654230202605	0.9552933114563487	1.0	0.12815904566022346	5.236728004724397	0.01714313697652962	0.1309318027697229	0.11268746507915572	-0.04762817369830689	0.9639480669799343	1.0	False	False	False	False
sp|P52907|CAZA1_HUMAN	psvid_86737_sp|P52907|CAZA1_HUMAN	-0.016778548964634044	-0.742253375632128	0.7086962777028599	0.29068725860836825	-0.05772027657820096	0.9559925674948923	1.0	0.4750278634546419	2.686950653898848	0.1023681223288981	0.31995018726185814	0.2805549633904122	-0.05980485521222271	0.9547429167976116	1.0	False	False	False	False
sp|P16403|H12_HUMAN	psvid_52364_sp|P16403|H12_HUMAN	-0.016778548964634044	-0.7519347925676586	0.7183776946383905	0.2945664621933658	-0.05696014692134198	0.956571366040959	1.0	0.5145184505811693	3.333191279079137	0.06628958841338407	0.25746764537196526	0.30172904925895055	-0.055607999978266334	0.9579147621267526	1.0	False	False	False	False
sp|P00325|ADH1B_HUMAN	psvid_162542_sp|P00325|ADH1B_HUMAN	0.00397380074042486	-0.1728342491316192	0.18078185061246893	0.07084442550995962	0.056091932594840584	0.9572325014876181	1.0	0.10977744905153142	7.42762854796157	0.007670110451497447	0.08757916676640311	0.10638864669975225	0.03735173689763754	0.9717217913361881	1.0	False	False	False	False
sp|Q99460|PSMD1_HUMAN	psvid_52632_sp|Q99460|PSMD1_HUMAN	0.009491962549755484	-0.42011189192058435	0.4390958170200953	0.17213604408193717	0.055142213824998135	0.9579557451226601	1.0	0.16913649171461093	2.8119506538988475	0.09531442018167562	0.30873033570039016	0.1286161275458195	0.07380071792609345	0.94417263922956	0.9980591511715557	False	False	False	False
sp|P68032|ACTC_HUMAN	psvid_9914_sp|P68032|ACTC_HUMAN	-0.004911158181104547	-0.22947378623115125	0.21965146986894216	0.08997899352843747	-0.054581163764100084	0.958383025157201	1.0	0.14380200502435406	6.224201962769424	0.01091576703560832	0.10447854820779393	0.11849354866431994	-0.04144662925926334	0.968623676526576	1.0	False	False	False	False
sp|Q4VXU2|PAP1L_HUMAN	psvid_883404_sp|Q4VXU2|PAP1L_HUMAN	0.010160496124336449	-0.45999261942553255	0.48031361167420544	0.1883835458676962	0.053935157009265954	0.9588750249400659	1.0	0.1403760099365597	1.9336416274786987	0.13127697277173758	0.3623216427040173	0.11719020970555359	0.0867008954917413	0.93444149512224	0.9960328184603512	False	False	False	False
sp|O76094|SRP72_HUMAN	psvid_55030_sp|O76094|SRP72_HUMAN	0.014723422263392072	-0.7936762646986426	0.8231231092254268	0.32391404942650104	0.045454719514205405	0.9653355243775426	1.0	0.5237507149732544	1.653602336311985	0.13401242876097838	0.36607708035464115	0.3066997571493166	0.0480059795294327	0.963662353219435	1.0	False	False	False	False
sp|P04792|HSPB1_HUMAN	psvid_56555_sp|P04792|HSPB1_HUMAN	-0.0031201005146159755	-0.17508116180219252	0.16884096077296057	0.06890230736563056	-0.04528296125206868	0.9654664040952646	1.0	0.03571747845162874	5.0382550406263285	0.01916180827026256	0.13842618347069519	0.0889878606973367	-0.03506209150513218	0.97345434585553	1.0	False	False	False	False
sp|Q14697|GANAB_HUMAN	psvid_54848_sp|Q14697|GANAB_HUMAN	0.002738911657106602	-0.15128609866097453	0.15676392197518774	0.061715591445338246	0.0443795739935907	0.9661548044385352	1.0	0.09196647954950705	8.269493208140121	0.006629462150844178	0.0814215091412839	0.10091999262416886	0.02713943576379803	0.9794505790795711	1.0	False	False	False	False
sp|Q9Y6A9|SPCS1_HUMAN	psvid_93540_sp|Q9Y6A9|SPCS1_HUMAN	-0.007436835848513068	-0.4262800584746741	0.41140638677764796	0.1678244147094243	-0.04431319400928289	0.9662053886934288	1.0	0.11996477886833362	2.626681692006675	0.10565402752715437	0.325044654666331	0.10980426680144666	-0.06772811353461074	0.9487574568999335	0.9993404620243064	False	False	False	False
sp|P13987|CD59_HUMAN	psvid_44080_sp|P13987|CD59_HUMAN	-0.014723422263392072	-0.8461665101066039	0.8167196655798198	0.3331472065050624	-0.04419494438464799	0.9662955001641077	1.0	0.563431926881774	2.549842961492274	0.10967828224623785	0.3311771161270625	0.3281401642897146	-0.04486930850193876	0.9660346303232924	1.0	False	False	False	False
sp|O75915|PRAF3_HUMAN	psvid_86741_sp|O75915|PRAF3_HUMAN	-0.008733447527346838	-0.5104471301649774	0.49298023511028377	0.20102940812181372	-0.04344363150119215	0.9668680468973407	1.0	0.3284025267662805	3.7124408934511446	0.04904435462907752	0.22145960044459015	0.20382165431894164	-0.04284847729515861	0.9675632089490595	1.0	False	False	False	False
sp|P12111|CO6A3_HUMAN	psvid_43301_sp|P12111|CO6A3_HUMAN	-0.004998453310362083	-0.3012541520456345	0.2912572454249103	0.11870536887964718	-0.04210806434062732	0.9678858855951483	1.0	0.17172458418074368	4.515450153915871	0.026644289770460582	0.16323078683404238	0.1296936496159829	-0.03854046304628083	0.9708223627265357	1.0	False	False	False	False
sp|P53985|MOT1_HUMAN	psvid_87023_sp|P53985|MOT1_HUMAN	-0.013116854973533876	-0.7908070596595974	0.7645733497125297	0.31160920453327395	-0.04209392656799149	0.9678966603880551	1.0	0.4954711532432867	1.695280303027634	0.1338770838680741	0.3658921751938323	0.2914975453983262	-0.044998166127299385	0.9659371666260128	1.0	False	False	False	False
sp|O14681|EI24_HUMAN	psvid_63611_sp|O14681|EI24_HUMAN	-0.010160496124336449	-0.6171944986538155	0.5968735064051426	0.24322973532785983	-0.04177324828578496	0.9681410603247266	1.0	0.33034682145306327	2.0374010022984095	0.1291325876741887	0.35935022982348114	0.20481057052878335	-0.04960923695541646	0.9624499681883237	1.0	False	False	False	False
sp|Q99685|MGLL_HUMAN	psvid_58073_sp|Q99685|MGLL_HUMAN	-0.005260603890471449	-0.31972781706484443	0.30920660928390153	0.1260024590236656	-0.04175000973182126	0.968158771375579	1.0	0.19124152267960112	4.546693071937048	0.026084334983224332	0.1615064549274249	0.13804164052896573	-0.03810881897891962	0.9711489528891355	1.0	False	False	False	False
sp|Q99714|HCD2_HUMAN	psvid_79401_sp|Q99714|HCD2_HUMAN	-0.008314032292797369	-0.5077652772759986	0.49113721269040383	0.20012288211241458	-0.04154463600083046	0.9683152959617787	1.0	0.32365525923628935	3.661496171166301	0.051102268137921965	0.22605810787919545	0.20141155699368082	-0.04127882439763979	0.968750622303577	1.0	False	False	False	False
sp|P17813|EGLN_HUMAN	psvid_78615_sp|P17813|EGLN_HUMAN	0.017597331972849628	-1.084345468342804	1.119540132288503	0.4415325246203175	0.03985512049872639	0.9696030110376314	1.0	0.7801300413665284	1.8392806897082654	0.132687421959147	0.3642628473494751	0.44669359351895926	0.03939463701330817	0.9701760978013588	1.0	False	False	False	False
sp|P62244|RS15A_HUMAN	psvid_9975_sp|P62244|RS15A_HUMAN	-0.005888681994724143	-0.3834472533803126	0.3716698893908643	0.15128225273414053	-0.038925134232848574	0.9703118719846795	1.0	0.2577525436732008	4.847979271974948	0.021469990356173373	0.1465264152164154	0.16875282171115874	-0.034895309808824104	0.9735805548063742	1.0	False	False	False	False
sp|Q9BRR6|ADPGK_HUMAN	psvid_53027_sp|Q9BRR6|ADPGK_HUMAN	-0.006618052840297928	-0.4319668311658883	0.41873072548529244	0.17043109668166853	-0.038831251861619696	0.9703834333881702	1.0	0.1916730408775033	3.0225129256828565	0.08320912262487355	0.28845991510931557	0.13823034143114155	-0.04787699120018931	0.963759899292676	1.0	False	False	False	False
sp|B2RPK0|HGB1A_HUMAN	psvid_58488_sp|B2RPK0|HGB1A_HUMAN	0.010160496124336449	-0.6786209755508122	0.6989419677994851	0.27598476256055265	0.03681542426497977	0.9719200616911349	1.0	0.4208676065278635	2.239239732812811	0.1231744881714505	0.35096223183050695	0.2517976376905568	0.040351832596710255	0.9694519183854294	1.0	False	False	False	False
sp|O95674|CDS2_HUMAN	psvid_89073_sp|O95674|CDS2_HUMAN	-0.006601280826984857	-0.4660107356133048	0.4528081739593351	0.1840787165614607	-0.035861184553515744	0.9726475084469514	1.0	0.3049825833576297	4.0290201138227495	0.03807993608738004	0.19514081092221597	0.19199759499159422	-0.03438210164702253	0.9739689211073189	1.0	False	False	False	False
sp|P84103|SRSF3_HUMAN	psvid_22022_sp|P84103|SRSF3_HUMAN	-0.007647079958355452	-0.5472327417921348	0.5319385818754239	0.21620416182232677	-0.035369716724693315	0.9730221812417437	1.0	0.34119854870089583	3.3286255445759974	0.06652285725876182	0.2579202536807876	0.21034877807359106	-0.03635428752374355	0.9724765311066206	1.0	False	False	False	False
sp|P62314|SMD1_HUMAN	psvid_104065_sp|P62314|SMD1_HUMAN	-0.007286586414878893	-0.5239079119185348	0.509334739088777	0.20700268476456574	-0.0352004440095368	0.9731512288713423	1.0	0.2503919099809604	2.4878027779580822	0.11275539794807002	0.3357907055712978	0.1652193474049433	-0.044102500883385534	0.9666146325828688	1.0	False	False	False	False
sp|P14866|HNRPL_HUMAN	psvid_68276_sp|P14866|HNRPL_HUMAN	-0.005680019125020808	-0.41443038732991755	0.40307034907987593	0.16378035408125954	-0.03468071098565747	0.9735474608994572	1.0	0.2331094290794071	3.6201232645199086	0.05283414982390536	0.22985680286627447	0.15703827206259433	-0.0361696486494502	0.9726162454173232	1.0	False	False	False	False
sp|Q6IAN0|PEXRP_HUMAN	psvid_44217_sp|Q6IAN0|PEXRP_HUMAN	-0.005506576582499756	-0.42529242885477136	0.41427927568977185	0.1682021127599129	-0.03273785621444419	0.9750287205242999	1.0	0.2647371897328629	3.94455370092325	0.0407043214565779	0.20175312006652563	0.17213056121943632	-0.03199069673327699	0.9757787056077621	1.0	False	False	False	False
sp|Q9H3N1|TMX1_HUMAN	psvid_69914_sp|Q9H3N1|TMX1_HUMAN	-0.004268378339735257	-0.33478907986840645	0.32625232318893593	0.132434859362418	-0.032230021312247684	0.975415919544055	1.0	0.1722068496185193	3.92156409958012	0.04145572974417594	0.20360680181215937	0.1298952455269655	-0.03286015837161004	0.975120688173862	1.0	False	False	False	False
sp|P68133|ACTS_HUMAN	psvid_9911_sp|P68133|ACTS_HUMAN	0.002839662685330868	-0.22069760412667433	0.22637692949733607	0.08956814612696563	0.031703935027365175	0.9758170422256313	1.0	0.14253127540579397	6.198485357888536	0.011022647467304933	0.10498879686568911	0.11800814780453178	0.024063276461507334	0.9817792046379101	1.0	False	False	False	False
sp|P37108|SRP14_HUMAN	psvid_105690_sp|P37108|SRP14_HUMAN	-0.007286586414878893	-0.5911626254882374	0.5765894526584796	0.23395067468431555	-0.031145823472025224	0.9762425917002852	1.0	0.34338699594916205	2.7378027779580822	0.09952919815811005	0.3154824847089138	0.21146937225779713	-0.03445693500236996	0.973912291025998	1.0	False	False	False	False
sp|Q15363|TMED2_HUMAN	psvid_41617_sp|Q15363|TMED2_HUMAN	0.004621649750736312	-0.3670785740136819	0.3763218735151545	0.14893489766767265	0.03103134203676613	0.9763298827071255	1.0	0.2568796879086164	5.059217748335551	0.018931226573966693	0.1375907939288334	0.16833237631158085	0.02745550114602852	0.9792113332388096	1.0	False	False	False	False
sp|P27105|STOM_HUMAN	psvid_24065_sp|P27105|STOM_HUMAN	-0.0032004590846137493	-0.28422945836382296	0.27782854019459546	0.1126042508810137	-0.028422187080624516	0.9783194351217523	1.0	0.17912656179235661	5.204418813443922	0.017447928185517776	0.13209060596998476	0.13281495984148017	-0.02409712797740271	0.9817535781538155	1.0	False	False	False	False
sp|Q9NZP8|C1RL_HUMAN	psvid_66144_sp|Q9NZP8|C1RL_HUMAN	-0.0059648660472382264	-0.5413488905871432	0.5294191584926667	0.21452062659584153	-0.02780555950209897	0.9787896566385597	1.0	0.342937693564662	3.419898927267891	0.0619675593486581	0.2489328410408279	0.21123920841389016	-0.02823749479098125	0.9786194136376337	1.0	False	False	False	False
sp|P36542|ATPG_HUMAN	psvid_71346_sp|P36542|ATPG_HUMAN	-0.0022844888025057575	-0.21421623718220625	0.20964725957719474	0.0849179829320382	-0.026902297059199887	0.9794784743379809	1.0	0.11027915533503373	5.243443900142312	0.01708086465599392	0.13069378200968063	0.10655222840570698	-0.021440084704820676	0.9837651035729005	1.0	False	False	False	False
sp|P37059|DHB2_HUMAN	psvid_73637_sp|P37059|DHB2_HUMAN	-0.002492456880300864	-0.2370415276252508	0.23205661386464907	0.09398041651862687	-0.02652102398170219	0.9797692348311697	1.0	0.1518417498322918	6.128658995835029	0.011323944990511526	0.10641402628653578	0.12161682116003936	-0.020494343270335627	0.9844811153299119	1.0	False	False	False	False
sp|B2MG_HUMAN|,sp|P61769|B2MG_HUMAN	psvid_66466_sp|B2MG_HUMAN|	-0.007436835848513068	-0.7245545385785425	0.7096808668815163	0.287338680052733	-0.025881777723584742	0.9802567345438099	1.0	0.45009191398097836	2.2961996682848342	0.12107533036822965	0.3479588055621378	0.2672690119827995	-0.027825282824002345	0.9789314300137751	1.0	False	False	False	False
sp|P60953|CDC42_HUMAN	psvid_47223_sp|P60953|CDC42_HUMAN	-0.0040712708968728695	-0.4089586137831322	0.40081607198938646	0.16223249577035484	-0.025095286104923644	0.9808565390245256	1.0	0.2547655221169607	4.024605099662785	0.03821187338010885	0.1954785752457513	0.1673155804584747	-0.02433288571044524	0.9815751040790476	1.0	False	False	False	False
sp|Q96HD1|CREL1_HUMAN	psvid_53277_sp|Q96HD1|CREL1_HUMAN	0.0029931604165189807	-0.30140169316721477	0.30738801400025273	0.12196661037737955	0.02454081823917036	0.981279402950843	1.0	0.09788693053748555	3.605167889160063	0.053473508372958736	0.23124339638778604	0.10266197479364908	0.02915549230896097	0.977924567943621	1.0	False	False	False	False
sp|P62753|RS6_HUMAN	psvid_44788_sp|P62753|RS6_HUMAN	0.0018990012440962545	-0.19402343863763	0.1978214411258225	0.0785032848220172	0.024190086419971776	0.9815468914611569	1.0	0.07914943401431154	5.012272101143068	0.01945376372224613	0.13947674975509763	0.09743137845222698	0.01949065356832021	0.9852410175174139	1.0	False	False	False	False
sp|Q9UBQ7|GRHPR_HUMAN	psvid_82367_sp|Q9UBQ7|GRHPR_HUMAN	-0.004562926139055401	-0.4782262066942878	0.469100354416177	0.1897900181602762	-0.02404197113887225	0.9816598536065794	1.0	0.3378562832549619	4.7714853623322355	0.022519138894172473	0.1500637827531096	0.20863973311198775	-0.021869881019289085	0.9834397146713248	1.0	False	False	False	False
sp|P43490|NAMPT_HUMAN	psvid_85176_sp|P43490|NAMPT_HUMAN	0.005238992021724065	-0.5532634050655445	0.5637413891089926	0.22378382373549932	0.02341095050693332	0.9821411154075598	1.0	0.38295094164284943	3.80604744553728	0.04547788107332911	0.21325543621049642	0.23191802955212037	0.02258984362639505	0.9828946558753763	1.0	False	False	False	False
sp|Q9C037|TRIM4_HUMAN	psvid_71060_sp|Q9C037|TRIM4_HUMAN	-0.013116854973533987	-1.4117205363778202	1.385486826430752	0.5604002442021604	-0.023406226369883907	0.9821447184067845	1.0	1.0240757612353124	1.445280303027634	0.13338821231302092	0.3652235100770772	0.5817207089671831	-0.022548372047511128	0.9829260522858864	1.0	False	False	False	False
sp|P98187|CP4F8_HUMAN	psvid_30112_sp|P98187|CP4F8_HUMAN	-0.0023399736234601676	-0.25700269969656603	0.2523227524496457	0.10203966697503865	-0.02293199980780593	0.9825064033332966	1.0	0.13468257458906457	4.673317940769638	0.023981774608388816	0.1548605004782976	0.11506281517613154	-0.02033648855086911	0.9846006272785663	1.0	False	False	False	False
sp|Q8IWB9|TEX2_HUMAN	psvid_36395_sp|Q8IWB9|TEX2_HUMAN	0.01016049612433656	-1.0978525824614769	1.1181735747101498	0.4439647972292077	0.022885814793759326	0.9825416281458673	1.0	0.7859848856818302	1.9336416274786987	0.13127697277173758	0.3623216427040173	0.44992018062489436	0.02258288594706875	0.9828999232430344	1.0	False	False	False	False
sp|Q93050|VPP1_HUMAN	psvid_66423_sp|Q93050|VPP1_HUMAN	0.003985385967255617	-0.4332935075396646	0.44126427947417585	0.17521132109396548	0.02274616698494193	0.9826481362918493	1.0	0.24296314532383098	3.3749559670660467	0.0641817572076464	0.25334118734948413	0.16168206934725723	0.024649523495990713	0.9813354038793993	1.0	False	False	False	False
sp|Q9H361|PABP3_HUMAN	psvid_38457_sp|Q9H361|PABP3_HUMAN	0.004653919541836249	-0.5569505674290183	0.5662584065126908	0.22502678623546443	0.020681624706520324	0.9842227896549836	1.0	0.37376252177191904	3.5457462438467733	0.05608321367585322	0.23681894703729517	0.22713926959227146	0.0204892775704981	0.9844849505685213	1.0	False	False	False	False
sp|Q92820|GGH_HUMAN	psvid_29058_sp|Q92820|GGH_HUMAN	0.005472702550051611	-0.7265885782554192	0.7375339833555224	0.29332635541357793	0.018657384340167213	0.9857667813083166	1.0	0.49959788011796125	3.062934184315515	0.08091243642567818	0.2844511142985349	0.2937114442173683	0.018632922406664566	0.9858904275193351	1.0	False	False	False	False
sp|P18859|ATP5J_HUMAN	psvid_60821_sp|P18859|ATP5J_HUMAN	-0.0024524451980008077	-0.345529816924566	0.3406249265285644	0.137466135297714	-0.01784035895596747	0.9863899882669509	1.0	0.22472852296313195	4.748685711533092	0.02284676390874154	0.15115146016079878	0.15313518757911984	-0.01601490315041872	0.9878726714894719	1.0	False	False	False	False
sp|P31327|CPSM_HUMAN	psvid_70920_sp|P31327|CPSM_HUMAN	-0.0010681720108842718	-0.1552481723998303	0.15311182837806175	0.0617776937225712	-0.017290577658680105	0.9868093540432484	1.0	0.0919878033159536	8.237265745409477	0.006658226755180163	0.08159795803315278	0.10092612407489283	-0.010583701897554575	0.9919852297090455	1.0	False	False	False	False
sp|O00483|CXFA4_HUMAN	psvid_106504_sp|O00483|CXFA4_HUMAN	-0.0029931604165192027	-0.4443614571689694	0.438375136335931	0.17684988576236038	-0.016924864857086882	0.987088317462432	1.0	0.26180817158074055	3.55870125283223	0.055504852326875576	0.23559467805295511	0.17071126228087566	-0.01753346777785802	0.9867228707753136	1.0	False	False	False	False
sp|P10809|CH60_HUMAN	psvid_23050_sp|P10809|CH60_HUMAN	-0.0019504507935939053	-0.34436566454246775	0.34046476295527994	0.13720081818370064	-0.014216028879524695	0.9891546609830053	1.0	0.24282367991409587	5.873313316966664	0.012579276601332278	0.11215737426193731	0.16161595145300142	-0.01206842997896222	0.9908609446117564	1.0	False	False	False	False
sp|P07437|TBB5_HUMAN	psvid_7084_sp|P07437|TBB5_HUMAN	0.0010770260671391085	-0.19469871990315493	0.19685277203743315	0.07844450669574554	0.013729783161445023	0.9895255874729411	1.0	0.12906212576302756	7.751007859891924	0.007191097032999669	0.08480033627881242	0.11301218723040883	0.009530176289246324	0.9927830072100368	1.0	False	False	False	False
sp|P38606|VATA_HUMAN	psvid_24762_sp|P38606|VATA_HUMAN	-0.0017215963963104208	-0.3246578834365223	0.32121469064390146	0.12939589429463308	-0.013304876524060061	0.9898497246053303	1.0	0.15206177524555708	3.8006638553007948	0.04567548975489731	0.21371824853038945	0.12170352532837053	-0.014145821919828121	0.9892879164755294	1.0	False	False	False	False
sp|Q03519|TAP2_HUMAN	psvid_37658_sp|Q03519|TAP2_HUMAN	-0.004480476999315641	-0.8754211986665592	0.8664602446679279	0.34897333647647105	-0.012839023876592732	0.9902050996050388	1.0	0.5893525576279468	2.284560992735899	0.12151876979670474	0.3485954242337451	0.3422040599648107	-0.013092997785521232	0.9900851220963698	1.0	False	False	False	False
sp|Q92930|RAB8B_HUMAN	psvid_67046_sp|Q92930|RAB8B_HUMAN	0.0017298534849474745	-0.38757953848909343	0.3910392454589884	0.1559906363991489	0.011089470014861179	0.9915397658216837	1.0	0.21790380876469512	3.68707338611736	0.05005876434855899	0.22373816024218798	0.1499909596371624	0.011533051652793603	0.9912663480931219	1.0	False	False	False	False
sp|P22303|ACES_HUMAN	psvid_22952_sp|P22303|ACES_HUMAN	-0.003985385967255506	-0.9701806002447061	0.9622098283101951	0.3871404324378626	-0.01029441937169705	0.992146289251807	1.0	0.6684183058599266	2.1249559670660463	0.1268360352697509	0.35614047126064025	0.38533073408258073	-0.010342766913581807	0.9921676757248987	1.0	False	False	False	False
sp|Q5XG92|EST4A_HUMAN	psvid_42952_sp|Q5XG92|EST4A_HUMAN	-0.003985385967255506	-0.9701806002447061	0.9622098283101951	0.3871404324378626	-0.01029441937169705	0.992146289251807	1.0	0.6684183058599266	2.1249559670660463	0.1268360352697509	0.35614047126064025	0.38533073408258073	-0.010342766913581807	0.9921676757248987	1.0	False	False	False	False
sp|Q8TCT9|SPP_HUMAN	psvid_34340_sp|Q8TCT9|SPP_HUMAN	0.0011149120476752206	-0.2805577928571304	0.28278761695248084	0.11286217440472152	0.009878527093383547	0.9924635650022648	1.0	0.13408508139205197	4.164887068419159	0.03429289400553519	0.18518340639899458	0.1148424358260575	0.009708188786276592	0.9926482073419858	1.0	False	False	False	False
sp|P69905|HBA_HUMAN	psvid_29358_sp|P69905|HBA_HUMAN	-0.0005859851170748609	-0.1827546695944368	0.1815826993602871	0.07299235417755928	-0.00802803421916505	0.9938752860820814	1.0	0.06669435747308203	5.1524776195941415	0.017956571146531434	0.13400213112682735	0.09444445643326979	-0.006204547510831318	0.9953013831064798	1.0	False	False	False	False
sp|P07954|FUMH_HUMAN	psvid_55024_sp|P07954|FUMH_HUMAN	-0.0016065672898578631	-0.6157879159199476	0.6125747813402319	0.24609357342112007	-0.00652827811601839	0.9950194522801996	1.0	0.40477518372362103	3.2451232645199077	0.07088238086356909	0.26623745203026766	0.24333111056286383	-0.00660239163887271	0.9950001064616923	1.0	False	False	False	False
sp|Q15029|U5S1_HUMAN	psvid_52330_sp|Q15029|U5S1_HUMAN	0.0008187830082154735	-0.36577776757296887	0.3674153335893998	0.1468899297212559	0.005574126216611502	0.9957473832792195	1.0	0.19749274286068508	3.7382305702458503	0.04803402963362025	0.21916667090052777	0.14079132789099724	0.0058155784200670906	0.9955959397951527	1.0	False	False	False	False
sp|P62736|ACTA_HUMAN	psvid_9913_sp|P62736|ACTA_HUMAN	0.0004582894647386926	-0.2287341367339309	0.22965071566340828	0.09183408660990991	0.004990406957336015	0.9961927102137806	1.0	0.1473236686343974	6.162031382728762	0.011177884684142044	0.10572551576673458	0.11985071628556644	0.003823835842972631	0.997104248748648	1.0	False	False	False	False
sp|P68871|HBB_HUMAN	psvid_33160_sp|P68871|HBB_HUMAN	-0.0003130600859291288	-0.22762724030345216	0.2270011201315939	0.09108150064113181	-0.0034371423804556087	0.9973777227219606	1.0	0.12936703666805552	5.317017802139996	0.016422143703490846	0.1281489122212547	0.11312212776066226	-0.0027674522405685704	0.9979042341580883	1.0	False	False	False	False
sp|P50395|GDIB_HUMAN	psvid_85725_sp|P50395|GDIB_HUMAN	-0.0005906768387797801	-0.543861099952317	0.5426797462747575	0.21768059231400808	-0.002713502533692661	0.997929802877019	1.0	0.38059189198375043	4.106008637405456	0.035869917091358276	0.18939355081775694	0.23068955104309705	-0.002560483715491001	0.9980609690658074	1.0	False	False	False	False
sp|P04083|ANXA1_HUMAN	psvid_46613_sp|P04083|ANXA1_HUMAN	2.220446049250313e-16	-0.62726545384853	0.6272654538485305	0.25133618493220855	8.834565742490367e-16	0.9999999999999993	1.0	0.3854948445516728	2.7267226489021295	0.10015206734103398	0.31646811425645077	0.23324395580613985	9.519843897244786e-16	0.9999999999999993	1.0	False	False	False	False
sp|O15400|STX7_HUMAN	psvid_85423_sp|O15400|STX7_HUMAN	1.1102230246251565e-16	-0.4044207715970277	0.40442077159702794	0.16204554741043023	6.851302256477156e-16	0.9999999999999994	1.0	0.11122368760809867	2.7341594847506427	0.09973424513089416	0.3158072911300405	0.10686153096260677	1.0389361022851604e-15	0.9999999999999992	1.0	False	False	False	False
sp|P51970|NDUA8_HUMAN	psvid_79003_sp|P51970|NDUA8_HUMAN	1.1102230246251565e-16	-0.43800629122470747	0.4380062912247077	0.17550277882720328	6.325956956603298e-16	0.9999999999999996	1.0	8.107922592650824e-16	1.59807935569469	0.13405318944407354	0.36613274839062615	0.08669679485031814	1.2805813946662672e-15	0.999999999999999	1.0	False	False	False	False
sp|Q01130|SRSF2_HUMAN	psvid_31475_sp|Q01130|SRSF2_HUMAN	1.1102230246251565e-16	-0.5145110296242013	0.5145110296242015	0.20615711976147796	5.385324678137118e-16	0.9999999999999996	1.0	0.24299680802320334	2.4285613794165304	0.11552613526272311	0.33989135802889003	0.1616980298273357	6.86602691331907e-16	0.9999999999999994	1.0	False	False	False	False
sp|A0A0U1RRL7|MMPOS_HUMAN	psvid_100287_sp|A0A0U1RRL7|MMPOS_HUMAN	0.0	-0.5247605640176349	0.5247605640176349	0.21026395978585963	0.0	1.0	1.0	0.23962201193242966	2.188721875540867	0.12488472697572583	0.3533903323178576	0.16010113358072844	0.0	1.0	1.0	False	False	False	False
sp|A4FU01|MTMRB_HUMAN	psvid_74870_sp|A4FU01|MTMRB_HUMAN	0.0	-0.38799928489109287	0.38799928489109287	0.15546569546057087	0.0	1.0	1.0	2.7194799110210365e-16	0.25	0.10519093241943621	0.3243315162290526	0.08669679485031814	0.0	1.0	1.0	False	False	False	False
sp|O00124|UBXN8_HUMAN	psvid_62858_sp|O00124|UBXN8_HUMAN	0.0	-0.7842039383361511	0.7842039383361511	0.3142191632919351	0.0	1.0	1.0	0.5168551678983829	2.4285613794165304	0.11552613526272311	0.33989135802889003	0.30298647081311736	0.0	1.0	1.0	False	False	False	False
sp|O00560|SDCB1_HUMAN	psvid_82107_sp|O00560|SDCB1_HUMAN	0.0	-0.861164357200716	0.861164357200716	0.34505608879058597	0.0	1.0	1.0	0.5773502691896257	1.0	0.12615557207924855	0.3551838567266938	0.33568665898353	0.0	1.0	1.0	False	False	False	False
sp|O15270|SPTC2_HUMAN	psvid_72102_sp|O15270|SPTC2_HUMAN	0.0	-0.4249080817588239	0.4249080817588239	0.1702545159483853	0.0	1.0	1.0	5.438959822042073e-16	1.0	0.12615557207924855	0.3551838567266938	0.08669679485031814	0.0	1.0	1.0	False	False	False	False
sp|O43264|ZW10_HUMAN	psvid_24311_sp|O43264|ZW10_HUMAN	0.0	-0.7551129480055949	0.7551129480055949	0.30256282468645	0.0	1.0	1.0	0.488321756219669	2.3729632740824185	0.1179682386751744	0.34346504723941623	0.28766593135090723	0.0	1.0	1.0	False	False	False	False
sp|O75460|ERN1_HUMAN	psvid_42688_sp|O75460|ERN1_HUMAN	0.0	-0.8435642342139446	0.8435642342139446	0.3380039743489368	0.0	1.0	1.0	0.5773502691896257	0.25	0.10519093241943621	0.3243315162290526	0.33568665898353	0.0	1.0	1.0	False	False	False	False
sp|P08631|HCK_HUMAN	psvid_37528_sp|P08631|HCK_HUMAN	0.0	-0.4160035272238513	0.4160035272238513	0.16668658987879303	0.0	1.0	1.0	5.438959822042073e-16	0.792481250360578	0.12092343636411451	0.3477404727150904	0.08669679485031814	0.0	1.0	1.0	False	False	False	False
sp|P14136|GFAP_HUMAN	psvid_30558_sp|P14136|GFAP_HUMAN	0.0	-0.8498044115149805	0.8498044115149805	0.34050432303946376	0.0	1.0	1.0	0.5773502691896257	0.5	0.11257447694118809	0.3355212019249873	0.33568665898353	0.0	1.0	1.0	False	False	False	False
sp|P14174|MIF_HUMAN	psvid_27448_sp|P14174|MIF_HUMAN	0.0	-0.43009128754620923	0.43009128754620923	0.1723313514577015	0.0	1.0	1.0	5.438959822042073e-16	1.146240625180289	0.12925214064378515	0.35951653737176703	0.08669679485031814	0.0	1.0	1.0	False	False	False	False
sp|P19022|CADH2_HUMAN	psvid_83022_sp|P19022|CADH2_HUMAN	0.0	-0.43308985701109204	0.43308985701109204	0.17353283482480536	0.0	1.0	1.0	8.107922592650824e-16	1.25	0.13106069894585543	0.36202306410759993	0.08669679485031814	0.0	1.0	1.0	False	False	False	False
sp|P43034|LIS1_HUMAN	psvid_47516_sp|P43034|LIS1_HUMAN	0.0	-0.43308985701109204	0.43308985701109204	0.17353283482480536	0.0	1.0	1.0	5.733167046599011e-16	1.25	0.13106069894585543	0.36202306410759993	0.08669679485031814	0.0	1.0	1.0	False	False	False	False
sp|P52815|RM12_HUMAN	psvid_67649_sp|P52815|RM12_HUMAN	0.0	-0.3968634666389567	0.3968634666389567	0.15901744473894225	0.0	1.0	1.0	2.2055934006209998e-15	2.542481250360578	0.11005219214572004	0.33174115232470036	0.08669679485031814	0.0	1.0	1.0	False	False	False	False
sp|P53597|SUCA_HUMAN	psvid_57510_sp|P53597|SUCA_HUMAN	0.0	-1.2614886365041154	1.2614886365041154	0.5054602310536933	0.0	1.0	1.0	0.9150785264468219	1.042481250360578	0.12711392474323305	0.3565303980633812	0.5212605136088423	0.0	1.0	1.0	False	False	False	False
sp|Q01484|ANK2_HUMAN	psvid_26878_sp|Q01484|ANK2_HUMAN	0.0	-0.40138555736518877	0.40138555736518877	0.1608293810158011	0.0	1.0	1.0	2.5639502485114184e-16	0.5	0.11257447694118809	0.3355212019249873	0.08669679485031814	0.0	1.0	1.0	False	False	False	False
sp|Q14141|SEPT6_HUMAN	psvid_52707_sp|Q14141|SEPT6_HUMAN	0.0	-0.6073981217012123	0.6073981217012123	0.24337563260774767	0.0	1.0	1.0	0.33772825725719613	0.896240625180289	0.12364179738513871	0.3516273558543742	0.20857432543001914	0.0	1.0	1.0	False	False	False	False
sp|Q14232|EI2BA_HUMAN	psvid_90184_sp|Q14232|EI2BA_HUMAN	0.0	-0.41400253379585056	0.41400253379585056	0.16588482078536934	0.0	1.0	1.0	5.513983501552499e-16	0.75	0.1197629410786987	0.34606782728057617	0.08669679485031814	0.0	1.0	1.0	False	False	False	False
sp|Q2TAY7|SMU1_HUMAN	psvid_46300_sp|Q2TAY7|SMU1_HUMAN	0.0	-0.43308985701109204	0.43308985701109204	0.17353283482480536	0.0	1.0	1.0	3.6259732146947156e-16	1.25	0.13106069894585543	0.36202306410759993	0.08669679485031814	0.0	1.0	1.0	False	False	False	False
sp|Q53EU6|GPAT3_HUMAN	psvid_57619_sp|Q53EU6|GPAT3_HUMAN	0.0	-1.3638624634209255	1.3638624634209255	0.5464799411880802	0.0	1.0	1.0	1.0	0.896240625180289	0.12364179738513871	0.3516273558543742	0.5683519425355543	0.0	1.0	1.0	False	False	False	False
sp|Q71RG4|TMUB2_HUMAN	psvid_82998_sp|Q71RG4|TMUB2_HUMAN	0.0	-0.861164357200716	0.861164357200716	0.34505608879058597	0.0	1.0	1.0	0.5773502691896257	1.0	0.12615557207924855	0.3551838567266938	0.33568665898353	0.0	1.0	1.0	False	False	False	False
sp|Q7L1Q6|5MP2_HUMAN	psvid_4705_sp|Q7L1Q6|5MP2_HUMAN	0.0	-0.9200361044882343	0.9200361044882343	0.36864514550135286	0.0	1.0	1.0	0.6251016252865439	1.896240625180289	0.13189702410246681	0.36317629892721087	0.3616649993516664	0.0	1.0	1.0	False	False	False	False
sp|Q86VI3|IQGA3_HUMAN	psvid_23820_sp|Q86VI3|IQGA3_HUMAN	0.0	-0.41400253379585056	0.41400253379585056	0.16588482078536934	0.0	1.0	1.0	5.513983501552499e-16	0.75	0.1197629410786987	0.34606782728057617	0.08669679485031814	0.0	1.0	1.0	False	False	False	False
sp|Q8TBQ9|KISHA_HUMAN	psvid_89725_sp|Q8TBQ9|KISHA_HUMAN	0.0	-1.3677493705912518	1.3677493705912518	0.5480373686111618	0.0	1.0	1.0	1.0	1.25	0.13106069894585543	0.36202306410759993	0.5683519425355543	0.0	1.0	1.0	False	False	False	False
sp|Q92781|RDH5_HUMAN	psvid_64251_sp|Q92781|RDH5_HUMAN	0.0	-0.6644501289579207	0.6644501289579207	0.26623554583690556	0.0	1.0	1.0	0.38549484455167277	1.7267226489021295	0.13371402958719508	0.36566928991534836	0.23324395580613985	0.0	1.0	1.0	False	False	False	False
sp|Q969M3|YIPF5_HUMAN	psvid_88888_sp|Q969M3|YIPF5_HUMAN	0.0	-0.861164357200716	0.861164357200716	0.34505608879058597	0.0	1.0	1.0	0.5773502691896257	1.0	0.12615557207924855	0.3551838567266938	0.33568665898353	0.0	1.0	1.0	False	False	False	False
sp|Q96H55|MYO19_HUMAN	psvid_52938_sp|Q96H55|MYO19_HUMAN	0.0	-0.8435642342139446	0.8435642342139446	0.3380039743489368	0.0	1.0	1.0	0.5773502691896257	0.25	0.10519093241943621	0.3243315162290526	0.33568665898353	0.0	1.0	1.0	False	False	False	False
sp|Q9BUV8|RCAF1_HUMAN	psvid_72280_sp|Q9BUV8|RCAF1_HUMAN	0.0	-0.4206534234042531	0.4206534234042531	0.16854973595059192	0.0	1.0	1.0	5.438959822042073e-16	0.896240625180289	0.12364179738513871	0.3516273558543742	0.08669679485031814	0.0	1.0	1.0	False	False	False	False
sp|Q9BWJ5|SF3B5_HUMAN	psvid_17729_sp|Q9BWJ5|SF3B5_HUMAN	0.0	-0.6073981217012123	0.6073981217012123	0.24337563260774767	0.0	1.0	1.0	0.33772825725719613	0.896240625180289	0.12364179738513871	0.3516273558543742	0.20857432543001914	0.0	1.0	1.0	False	False	False	False
sp|Q9BZM1|PG12A_HUMAN	psvid_58451_sp|Q9BZM1|PG12A_HUMAN	0.0	-0.865754122265085	0.865754122265085	0.3468951411948527	0.0	1.0	1.0	0.5773502691896257	1.292481250360578	0.13169390102962222	0.36289654314917663	0.33568665898353	0.0	1.0	1.0	False	False	False	False
sp|Q9C0K3|ARP3C_HUMAN	psvid_51710_sp|Q9C0K3|ARP3C_HUMAN	0.0	-1.1173412851384696	1.1173412851384696	0.44770247452806056	0.0	1.0	1.0	0.8014868740807309	0.646240625180289	0.11683919423677652	0.34181748673345624	0.45846754032240283	0.0	1.0	1.0	False	False	False	False
sp|Q9NRX5|SERC1_HUMAN	psvid_61108_sp|Q9NRX5|SERC1_HUMAN	0.0	-0.6114749339924436	0.6114749339924436	0.2450091522630645	0.0	1.0	1.0	0.33772825725719613	1.042481250360578	0.12711392474323305	0.3565303980633812	0.20857432543001914	0.0	1.0	1.0	False	False	False	False
sp|Q9NY64|SL2A8_HUMAN	psvid_93320_sp|Q9NY64|SL2A8_HUMAN	0.0	-0.8435642342139446	0.8435642342139446	0.3380039743489368	0.0	1.0	1.0	0.5773502691896257	0.25	0.10519093241943621	0.3243315162290526	0.33568665898353	0.0	1.0	1.0	False	False	False	False
sp|Q9P1U1|ARP3B_HUMAN	psvid_42114_sp|Q9P1U1|ARP3B_HUMAN	0.0	-1.1173412851384696	1.1173412851384696	0.44770247452806056	0.0	1.0	1.0	0.8014868740807309	0.646240625180289	0.11683919423677652	0.34181748673345624	0.45846754032240283	0.0	1.0	1.0	False	False	False	False
sp|Q9Y2V2|CHSP1_HUMAN	psvid_82947_sp|Q9Y2V2|CHSP1_HUMAN	0.0	-0.8558360065797322	0.8558360065797322	0.34292109584805636	0.0	1.0	1.0	0.5773502691896257	0.75	0.1197629410786987	0.34606782728057617	0.33568665898353	0.0	1.0	1.0	False	False	False	False
sp|Q9Y5I4|PCDC2_HUMAN	psvid_42310_sp|Q9Y5I4|PCDC2_HUMAN	0.0	-0.40138555736518877	0.40138555736518877	0.1608293810158011	0.0	1.0	1.0	4.622227044373279e-16	0.5	0.11257447694118809	0.3355212019249873	0.08669679485031814	0.0	1.0	1.0	False	False	False	False
