feature	accession	entry	protein_log2fc	protein_se	protein_ci_low	protein_ci_high	protein_t	protein_p	protein_q	protein_residual_sd	nsaf_log2fc	nsaf_se	nsaf_ci_low	nsaf_ci_high	nsaf_t	nsaf_p	nsaf_q	nsaf_residual_sd	psm_log2_log2fc	psm_log2_se	psm_log2_ci_low	psm_log2_ci_high	psm_log2_t	psm_log2_p	psm_log2_q	psm_log2_residual_sd
psvid_86283_sp|P56134|ATPK_HUMAN	P56134	ATPK_HUMAN	-0.516019408282129	0.06798840243089321	-0.68112497257876	-0.350913843985498	-7.589815171883716	0.00023349233649882654	0.150595277150016	0.01661497703615084	0.858438115505344	0.2601960471584315	0.16161130334818385	1.5552649276625041	3.2991973739810403	0.02592965912094971	0.6392260310717692	0.43121100881146873	0.778869304354984	0.221581583713525	0.2060712652651796	1.3516673434447886	3.515045299802337	0.017534809722926543	0.4566206351594144	0.36917472139834107
psvid_99364_sp|P30046|DOPD_HUMAN	P30046	DOPD_HUMAN	-0.6590919557493438	0.08888058551898192	-0.8749328742360305	-0.44325103726265697	-7.415477203495512	0.00026627438124056916	0.150595277150016	0.1175145441226798	0.4986500544932828	0.1798418704567384	0.01701845919681627	0.9802816497897493	2.7727139026461294	0.04505765472144153	0.6657167003888659	0.28643876236208915	0.41777498612623176	0.16041951385699366	0.0030835599298001393	0.8324664123226634	2.6042653794516433	0.04886280824050542	0.5036298607729148	0.2446088732250672
psvid_52093_sp|Q96S06|LMF1_HUMAN	Q96S06	LMF1_HUMAN	0.6177522283751227	0.08380935653281425	0.4142264709085776	0.8212779858416677	7.370921982120831	0.00027547916551832195	0.150595277150016	0.10096185762764842	-0.7500399575191969	0.3331361738008552	-1.642206539367907	0.14212662432951306	-2.2514515579672887	0.08131703416852551	0.6917486752637665	0.5595594778773945	-0.8304820237218404	0.3044016078069558	-1.617373430153129	-0.0435906172905518	-2.7282445375535342	0.042179093091299656	0.49208958167274586	0.5280553278543094
psvid_59818_sp|Q96DC8|ECHD3_HUMAN	Q96DC8	ECHD3_HUMAN	-0.40975780997486133	0.07566626846182592	-0.5935085896068517	-0.2260070303428709	-5.415329952230783	0.0014801727061595474	0.5779173573975626	0.06950314248559461	-0.06586220443820157	0.1304331611298569	-0.4151731369534736	0.28344872807707044	-0.5049498445616168	0.6378076261663479	0.9190364020538448	0.19235864371147107	-0.1462406251802889	0.14325107920346222	-0.5165509004752162	0.22406965011463842	-1.0208692736798204	0.3549661439657141	0.6990333245481015	0.20681547549988505
psvid_41564_sp|Q9Y5U8|MPC1_HUMAN	Q9Y5U8	MPC1_HUMAN	-0.389451425005265	0.07436036335221462	-0.57003089611505	-0.20887195389548002	-5.237352366886548	0.0017619431627974467	0.5779173573975626	0.06341641507557086	-0.13796458574478754	0.23048313375397791	-0.7552177266120063	0.4792885551224312	-0.5985886407291457	0.5788641556769029	0.8922959468515108	0.3782904344420232	-0.21861727947903553	0.22236675562347388	-0.793445022133684	0.3562104631756129	-0.9831383241891283	0.37148204473657204	0.7142210473247106	0.3707164106630775
psvid_34586_sp|Q9UN36|NDRG2_HUMAN	Q9UN36	NDRG2_HUMAN	-0.37106539788412096	0.07557892007907446	-0.5546040574557932	-0.1875267383124487	-4.909641438325576	0.002454821370109951	0.6448306546755251	0.06910956872442564	-0.10194837172358495	0.23171935585348402	-0.7225122189375167	0.5186154754903468	-0.4399648503599623	0.6806872078256686	0.9374966464486023	0.3805030425643042	-0.18424139854155197	0.2066140349757987	-0.7183476726242296	0.34986487554112566	-0.8917177313880574	0.4141144439789878	0.754608542361711	0.3395835440924027
psvid_68413_sp|P00846|ATP6_HUMAN	P00846	ATP6_HUMAN	-0.5218340571416427	0.11164670890012512	-0.7929610760998183	-0.2507070381834671	-4.673976172539537	0.0031441521321753157	0.6448306546755251	0.18072514283072308	0.16284509407471193	0.07646852236013874	-0.04194401493945751	0.3676342030888814	2.1295702996295804	0.09387859689662666	0.6917486752637665	0.0647640944970321	0.08048202372184055	0.10681268539488746	-0.1956334174567364	0.3565974649004175	0.753487504075923	0.485705222844125	0.7877497068248037	0.1138187694746601
psvid_89442_sp|Q8N1S5|S39AB_HUMAN	Q8N1S5	S39AB_HUMAN	0.38859021514034975	0.08347099954963001	0.1858861363520046	0.5912942939286949	4.655391899426131	0.0032071780380261944	0.6448306546755251	0.09979763305244595	0.5103307753561417	0.16125085916580814	0.07848746575468679	0.9421740849575966	3.164825155017549	0.029729177570844638	0.6392260310717692	0.2518223734641649	0.4285613794165306	0.16105012900579704	0.012239785610493381	0.8448829732225678	2.6610433786184946	0.045666833990541326	0.5036298607729148	0.24596116630774498
psvid_34616_sp|Q14678|KANK1_HUMAN	Q14678	KANK1_HUMAN	-0.5507065936346418	0.12066441508480452	-0.8437325455732778	-0.25768064169600574	-4.5639519592217646	0.0035387048122437355	0.6448306546755251	0.20325459044767194	1.216406662441651	0.3864890543576715	0.18135659683589989	2.251456728047402	3.1473249985391374	0.030269878657423727	0.6392260310717692	0.6526261987157248	1.1360801290559526	0.336655265791466	0.26581161277023624	2.006348645341669	3.3746097105745956	0.020361401579803685	0.4712630152609682	0.588646028505269
psvid_78187_sp|P02654|APOC1_HUMAN	P02654	APOC1_HUMAN	0.5370082937660445	0.1278888152613821	0.22643833983278988	0.8475782476992992	4.199024697105018	0.005303890429977958	0.6954560183642976	0.2207430101288033	0.20948944054550944	0.22322217370775632	-0.3883182410325897	0.8072971221236086	0.9384795294564874	0.3965234036824534	0.8101536433552932	0.3652722741833081	0.14787633664698185	0.22802937289229916	-0.44158951813476754	0.7373421914287313	0.6484968790263065	0.5457733624770664	0.8166899153832377	0.38180711825009533
psvid_51350_sp|Q9Y3U8|RL36_HUMAN	Q9Y3U8	RL36_HUMAN	0.3393262797387342	0.08348931056349454	0.1365777338035103	0.542074825673958	4.064308082657753	0.006189380010092941	0.6954560183642976	0.09986086413184038	0.4227861157461259	0.1301455689692998	0.07424537912979606	0.7713268523624557	3.248563274911476	0.027291395648841733	0.6392260310717692	0.19178542391094308	0.3417539961039755	0.11384677495853308	0.04745512721758249	0.6360528649903685	3.0018768316314106	0.030739716512345236	0.48232346954803157	0.13429051654460022
psvid_86951_sp|O15269|SPTC1_HUMAN	O15269	SPTC1_HUMAN	0.2795803624460893	0.0714050986031774	0.10617756613068108	0.45298315876149753	3.9154117551158802	0.007364573956166112	0.6954560183642976	0.04735792902438892	-0.7434818313858282	0.19416453986882878	-1.2634707352463668	-0.2234929275252897	-3.8291329193688006	0.01554891756788521	0.6219650821978125	0.3127092537204241	-0.8248020045968194	0.16725686638440365	-1.257168284698662	-0.39243572449497677	-4.931349142349653	0.004578215025710674	0.39647783251920843	0.2591623655486114
psvid_87262_sp|O14561|ACPM_HUMAN	O14561	ACPM_HUMAN	-0.3195771707929058	0.08195590545753907	-0.5186019387562697	-0.12055240282954191	-3.899379416392112	0.007505242274147856	0.6954560183642976	0.09446995263526783	1.581876969758241	0.3120453002364365	0.7461935141983593	2.417560425318123	5.069382453636232	0.0054920244940083645	0.5727769937574851	0.522612450699897	1.500938033715277	0.2816555919512652	0.7728460683787398	2.229029999051814	5.328983611924821	0.003294371408648232	0.39647783251920843	0.48499453709806717
psvid_46749_sp|P14780|MMP9_HUMAN	P14780	MMP9_HUMAN	0.756121889243861	0.19558054522776883	0.2811668214571727	1.2310769570305493	3.8660383544963435	0.007807424609158344	0.6954560183642976	0.3730239349448064	-0.0010877381797609331	0.4358146833957855	-1.168235970593354	1.1660604942338322	-0.0024958731800532354	0.9981175302662303	1.0	0.7383096783733605	-0.08048202372184055	0.4270132812989898	-1.1843299432745291	1.0233658958308478	-0.18847662882290528	0.8580468325155607	0.9614570829524488	0.7565130626690715
psvid_28839_sp|Q02928|CP4AB_HUMAN	Q02928	CP4AB_HUMAN	-0.388279682347175	0.10289301778596092	-0.6381489123383052	-0.13841045235604488	-3.773625175955848	0.00871788390500635	0.6954560183642976	0.1578176178537699	8.881784197001252e-16	0.06648275985679548	-0.178046400475148	0.17804640047514977	1.3359529923445871e-14	0.9999999999999899	1.0	5.426859785202775e-15	-0.07576200257613186	0.10702139445267429	-0.3524169657539519	0.2008929606016882	-0.7079145526330665	0.5111844623664544	0.8019169954051512	0.1144585381300246
psvid_94852_sp|Q9NZ45|CISD1_HUMAN	Q9NZ45	CISD1_HUMAN	0.2785651704043648	0.07492550687573837	0.09661328374981368	0.4605170570589159	3.717895040287902	0.00932340514849602	0.6954560183642976	0.06610624283003126	0.32190172089090563	0.2125571531604157	-0.24734414220165413	0.8911475839834654	1.5144243141418448	0.19799868760946338	0.7245364361573173	0.3460747097738784	0.24086853099372174	0.1782296066140189	-0.21986276023238155	0.701599822219825	1.3514507245440774	0.23549158238112156	0.6362540281796365	0.2820826354833792
psvid_88323_sp|O75380|NDUS6_HUMAN	O75380	NDUS6_HUMAN	0.4664652327776375	0.1274828916985249	0.15688103871681053	0.7760494268384646	3.659041825633729	0.010013760925191323	0.6954560183642976	0.21977127073706865	0.3188515511453991	0.09465093566409997	0.06536841607552796	0.5723346862152703	3.368709975323951	0.024186424514044725	0.6392260310717692	0.1154841012740239	0.23790924460965035	0.11458677172442079	-0.05830254812776664	0.5341210373470673	2.0762365588046934	0.09354605308408939	0.5204027816531388	0.13633455544087694
psvid_26666_sp|P51858|HDGF_HUMAN	P51858	HDGF_HUMAN	0.5561011504091047	0.15328144122267823	0.18386679948439977	0.9283355013338096	3.627974436913297	0.010400795319185818	0.6954560183642976	0.27966112731842074	0.16254054362323922	0.6312112822638143	-1.5278961498662231	1.8529772371127016	0.2575057642193815	0.8083705547084737	0.9727640365131593	1.0759746079385168	0.08048202372184055	0.6263007297917471	-1.5385326249370186	1.6994966723806995	0.12850380000132178	0.9028488873802575	0.976696685556479	1.1221544607565652
psvid_55981_sp|Q08AH3|ACS2A_HUMAN	Q08AH3	ACS2A_HUMAN	-0.3992533570177459	0.11092377377179112	-0.6686247734312849	-0.12988194060420682	-3.5993488450830142	0.010772049633751423	0.6954560183642976	0.17887741977851035	-0.16307417459202211	0.0959185693260597	-0.4199521388043539	0.09380378962030966	-1.700131431669688	0.15767965485054256	0.7176098719675167	0.11851748722674209	-0.24505918629464207	0.12359098097756792	-0.5645472518942705	0.07442887930498632	-1.982824186330562	0.1052650591218468	0.5319320213874119	0.1600160159977835
psvid_61949_sp|O75438|NDUB1_HUMAN	O75438	NDUB1_HUMAN	0.35563708044221265	0.10059984346775026	0.11133668022647777	0.5999374806579475	3.5351653460198555	0.011658661752041348	0.6954560183642976	0.15158961877174876	0.04203959550228786	0.19978094245631153	-0.4929905050004265	0.5770696960050022	0.21042845721623904	0.842708916189224	0.9778892202407429	0.32293695886442697	-0.0380007733612624	0.2285718229168479	-0.6288688850686932	0.5528673383461684	-0.1662530966255044	0.874588286013931	0.9687449624358292	0.3828670742199529
psvid_50098_sp|O43819|SCO2_HUMAN	O43819	SCO2_HUMAN	-0.2788637072887079	0.07889679874291991	-0.470459626767594	-0.08726778780982183	-3.534537671133745	0.011667719455827117	0.6954560183642976	0.08302173902108079	-0.5486298441271793	0.34043951767251046	-1.460355392700216	0.36309570444585737	-1.6115339602112226	0.17575755879484042	0.7176098719675167	0.5723298484011549	-0.6315172029168971	0.33745990694531147	-1.503865751610404	0.2408313457766097	-1.8713843923961027	0.12128120266004787	0.5319320213874119	0.590151818786556
psvid_89618_sp|P61019|RAB2A_HUMAN	P61019	RAB2A_HUMAN	-0.30969192855858907	0.0884153185056527	-0.524402975331311	-0.0949808817858672	-3.502695390265312	0.012137532694351458	0.6954560183642976	0.11605614841945279	0.03228242508307888	0.07149606293801869	-0.1591900210319537	0.22375487119811147	0.4515273115257428	0.6729465309718798	0.9344896789109931	0.045083523597883264	-0.0053670981604119206	0.11166619752695575	-0.29402907946816115	0.2832948831473373	-0.048063767543587446	0.9635595418462283	1.0	0.12815904566022346
psvid_85363_sp|P02652|APOA2_HUMAN	P02652	APOA2_HUMAN	0.32712991890354726	0.09417543654304154	0.09843078732555349	0.5558290504815411	3.4736225380175134	0.012584684541208398	0.6954560183642976	0.13346220650538806	0.45392041447346854	0.08494591108440332	0.2264281482643343	0.6814126806826027	5.343640543480046	0.004475699805276668	0.5727769937574851	0.0906372296212233	0.37250498461768033	0.09934436267703797	0.11569548275220393	0.6293144864831568	3.749633845139957	0.01375577718935982	0.45118949181100204	0.08897391484859207
psvid_62542_sp|Q15005|SPCS2_HUMAN	Q15005	SPCS2_HUMAN	-0.27541351907049805	0.07996760863980056	-0.46960983311606924	-0.08121720502492685	-3.444063462133122	0.013057926790582012	0.6954560183642976	0.08714978804881993	-0.126684029064414	0.08676648712740496	-0.35905195043506605	0.10568389230623804	-1.4600571402458127	0.21165572591875656	0.7258795267620202	0.09557024727324592	-0.20745058867158783	0.09697346831935182	-0.4581312254201532	0.043230048076977556	-2.1392509958333568	0.08642413052672501	0.5204027816531388	0.07995760689620175
psvid_31410_sp|Q13637|RAB32_HUMAN	Q13637	RAB32_HUMAN	-0.2528047913555751	0.07345770668844974	-0.43119221746197145	-0.07441736524917877	-3.441501276752019	0.013099858005510013	0.6954560183642976	0.058912246292901004	-0.027033278343425948	0.22371224289723063	-0.6261534062663764	0.5720868495795245	-0.12083951237234947	0.9091298828558514	0.9933197920610235	0.36615216956075497	-0.10841329436154779	0.23714593383863614	-0.7214458560229438	0.5046192672998482	-0.45715856311209896	0.6670760130559908	0.8667518703711972	0.3995676430205691
psvid_107318_sp|Q9NYL4|FKB11_HUMAN	Q9NYL4	FKB11_HUMAN	-0.3908939234052822	0.11410944223328441	-0.6680015355550198	-0.1137863112555445	-3.4256054166502876	0.013363323058842282	0.6954560183642976	0.18696914233893186	-0.1296175682215197	0.15528254185131365	-0.5454772240602821	0.2862420876172427	-0.8347208042590601	0.44674044831989357	0.8334366012066137	0.24054836061045626	-0.21133069306415642	0.13114249656687585	-0.5503397551708951	0.12767836904258223	-1.6114585172350198	0.16908026179483004	0.5742338475183212	0.1786057330591781
psvid_33096_sp|P60866|RS20_HUMAN	P60866	RS20_HUMAN	0.2564382338412834	0.07527099538866548	0.07364735003655193	0.43922911764601485	3.4068665163407497	0.013681394890977578	0.6954560183642976	0.06770758884685737	0.064068082415079	0.15316948357066804	-0.3461326263271196	0.4742687911572776	0.41828229045062887	0.6953274138278417	0.9422796757100113	0.23653410563895186	-0.016761955200502943	0.15514976715180098	-0.4178308567780256	0.38430694637701973	-0.10803725656966524	0.9182428987151104	0.9861940758957309	0.23322003238560832
psvid_46982_sp|Q8N2G8|GHDC_HUMAN	Q8N2G8	GHDC_HUMAN	-0.25955188656361905	0.07660331562336013	-0.44557822636243233	-0.07352554676480577	-3.388259169352049	0.01400545928881111	0.6954560183642976	0.07361992325183833	-0.17943371277121134	0.33892171230126616	-1.087094451406243	0.7282270258638204	-0.529425251492042	0.6220661331836763	0.9149672272836136	0.5696767856327648	-0.2604841881004918	0.33396465497257616	-1.1237973583001974	0.6028289820992139	-0.7799753184117095	0.47132134268936043	0.77910135980814	0.5836090197809799
psvid_165824_sp|P61960|UFM1_HUMAN	P61960	UFM1_HUMAN	0.601147543763326	0.1796499854711516	0.16487883959359395	1.037416247933058	3.346215376454116	0.014769073614032464	0.6954560183642976	0.3383230569370535	-0.4168088644569976	0.2821542001941404	-1.172441449983249	0.33882372106925385	-1.4772378513954643	0.2072421274523578	0.7258795267620202	0.4700376932004631	-0.5	0.24162174983602222	-1.1246027408417385	0.12460274084173839	-2.069350132342504	0.0943611946682532	0.5204027816531388	0.408248290463863
psvid_105053_sp|Q8NEW0|ZNT7_HUMAN	Q8NEW0	ZNT7_HUMAN	-0.4231791280340662	0.12761940607175976	-0.7330948386745106	-0.11326341739362178	-3.3159465402629653	0.015346992363899511	0.6954560183642976	0.22009820593745655	0.057797611865738396	0.13483957148432274	-0.30331405672485584	0.41890928045633263	0.42863983643301845	0.6883139239224685	0.9414690406320979	0.2010881729131695	-0.023277351097870436	0.14625769423214538	-0.40135985711642236	0.3548051549206815	-0.15915300196736182	0.8798889399372339	0.9687449624358292	0.2135909188881512
psvid_20272_sp|O15145|ARPC3_HUMAN	O15145	ARPC3_HUMAN	0.37940351713239284	0.11550305905586922	0.09891159407551153	0.6598954401892742	3.28479193740552	0.01596772683807095	0.6954560183642976	0.19047008209761176	-0.3154252111813616	0.21216369540801516	-0.8836173614511557	0.2527669390884325	-1.4867068118075653	0.20484860345940714	0.7245364361573173	0.34536456491060796	-0.396240625180289	0.20933874222797225	-0.9373903861131941	0.1449091357526161	-1.8928203206111678	0.11801481135498415	0.5319320213874119	0.3450011099201671
psvid_43470_sp|Q9H1K4|GHC2_HUMAN	Q9H1K4	GHC2_HUMAN	-0.31228439474034264	0.09615828704938985	-0.5457987542110533	-0.078770035269632	-3.247607713518688	0.01674470349531941	0.6954560183642976	0.13917841308839005	-0.3945900743074122	0.24232150373432407	-1.043547361738851	0.25436721312402655	-1.628374156756769	0.1721654683355858	0.7176098719675167	0.3994372693388067	-0.47672264890212945	0.25190150571156156	-1.1278990061480338	0.17445370834377505	-1.8924962260765448	0.11806351358680227	0.5319320213874119	0.42809878635681814
psvid_53533_sp|O95831|AIFM1_HUMAN	O95831	AIFM1_HUMAN	-0.2399022917313678	0.07399888937107484	-0.41960394598561923	-0.06020063747711635	-3.2419715183609545	0.016866029400181348	0.6954560183642976	0.06164565870544747	0.01309252628494395	0.07090254147227167	-0.17679041962268727	0.20297547219257517	0.1846552466679087	0.8616895359807751	0.979782114487937	0.04223963868991833	-0.06879058965114049	0.08763728256832908	-0.2953367798399326	0.15775560053765164	-0.7849466304196027	0.4686567713652665	0.778964373318746	0.027441320259551094
psvid_74748_sp|P43251|BTD_HUMAN	P43251	BTD_HUMAN	-0.246015821783109	0.07708286018195669	-0.4332067054176587	-0.0588249381485593	-3.1915761973852597	0.01799440728681475	0.6954560183642976	0.07565865015870107	-0.1835801876288703	0.1812646640506457	-0.6690221433640424	0.3018617681063018	-1.0127742689969492	0.36349448504470555	0.7995936304778763	0.28906195801859474	-0.26472342226339196	0.16159640511285356	-0.6824571635849381	0.15301031905815415	-1.6381764314529021	0.16339700051179873	0.5735005224757174	0.24713087763476896
psvid_51319_sp|Q8IY95|TM192_HUMAN	Q8IY95	TM192_HUMAN	-0.24471523905256376	0.07678458757122368	-0.4311817863893256	-0.05824869171580191	-3.187035924697405	0.018100030343418283	0.6954560183642976	0.07439564696721387	-0.30409635207481545	0.16313834551331513	-0.7409945082386495	0.13280180408901865	-1.8640396966021426	0.12912685234015167	0.7058934594594958	0.25536950447650614	-0.38710915617401076	0.138107176322986	-0.7441222186147576	-0.030096093733263996	-2.802961920448604	0.03864391862995825	0.48232346954803157	0.19502961666673976
psvid_35520_sp|O43390|HNRPR_HUMAN	O43390	HNRPR_HUMAN	0.3613030379803064	0.11403373119254158	0.08437928533687256	0.6382267906237402	3.168387407847421	0.018540987038824917	0.6954560183642976	0.18677829714498786	-0.33704608634508126	0.20251761988488376	-0.8794052382660645	0.205313065575902	-1.6642803057663178	0.1647541261238602	0.7176098719675167	0.32790739226067545	-0.4170045601121791	0.2202189231088577	-0.9862800622238769	0.15227094199951863	-1.893590951337307	0.11789909083039209	0.5319320213874119	0.3664968023467238
psvid_43805_sp|Q9H9B4|SFXN1_HUMAN	Q9H9B4	SFXN1_HUMAN	-0.22839017497209824	0.07211374764899983	-0.40351388097821006	-0.053266468965986385	-3.1670823167275213	0.01857228108116001	0.6954560183642976	0.05160191460806907	-0.12813724737251464	0.08400639281210422	-0.3531134049404943	0.09683891019546503	-1.5253273362078195	0.19536706318300276	0.7232550420318837	0.08802668078684679	-0.20882791173095838	0.09745548456385868	-0.46075458145318426	0.0430987579912675	-2.142803072249072	0.08604019589972288	0.5204027816531388	0.0818529301597047
psvid_51700_sp|O43681|GET3_HUMAN	O43681	GET3_HUMAN	0.23294034139997155	0.07459804347214113	0.051783679049924036	0.41409700375001907	3.1226065799830773	0.019673795590494002	0.6954560183642976	0.06455883208033282	-0.028662067634665167	0.09947350233219446	-0.29506044025116	0.23773630498182968	-0.2881377146945869	0.7862905798753864	0.9665779766182299	0.1268359952401921	-0.10943939394473179	0.13093548852068976	-0.44791333124125826	0.22903454335179468	-0.8358268272504191	0.4420246451884564	0.7710550916536703	0.17810803565545877
psvid_80849_sp|Q8WWI5|CTL1_HUMAN	Q8WWI5	CTL1_HUMAN	0.49095313235345994	0.1594331768892724	0.10377967781223552	0.8781265868946844	3.079366176679969	0.020812963921723653	0.6954560183642976	0.29352058643957124	0.5668973325718616	0.47061945742395406	-0.6934610004514907	1.827255665595214	1.2045769116196492	0.28903653408046504	0.7858402699700607	0.7986238404538684	0.48527657773660793	0.43724421762687055	-0.6450187575644906	1.6155719130377064	1.1098524764270905	0.3184521982322632	0.6810157109210588	0.7754013042941641
psvid_50834_sp|Q16706|MA2A1_HUMAN	Q16706	MA2A1_HUMAN	-0.3695910891129772	0.12133418865958062	-0.6642435441030239	-0.07493863412293056	-3.0460589319133677	0.021739140370335926	0.6954560183642976	0.20489448081859502	-0.2245381137923732	0.33051884197191767	-1.1096952617367877	0.6606190341520413	-0.6793504190343586	0.5309308814161575	0.8667313206910913	0.5549801158988836	-0.30559810533411236	0.32687777748182845	-1.1505913887366457	0.539395178068421	-0.934900217715476	0.3935123183863926	0.7341981821998679	0.5703277897168432
psvid_50162_sp|Q9H2M3|BHMT2_HUMAN	Q9H2M3	BHMT2_HUMAN	0.2514462767171386	0.08281146764263433	0.05034382973337714	0.45254872370090005	3.0363702500990932	0.022016855319999418	0.6954560183642976	0.09750228726604238	-0.12957768285684867	0.12668914416046395	-0.4688618242738845	0.20970645856018716	-1.0228002068806	0.3592212234659341	0.7995936304778763	0.18485998236707596	-0.20994409993749596	0.11915879117533035	-0.5179747619702387	0.0980865620952468	-1.7618851103363748	0.13947671589044158	0.5556992839403372	0.14860786847532734
psvid_882831_sp|Q6IQ22|RAB12_HUMAN	Q6IQ22	RAB12_HUMAN	-0.5877646062800519	0.19680410309985227	-1.065691007495633	-0.10983820506447084	-2.9865465049874413	0.02350686097888482	0.6954560183642976	0.3756719705751376	-0.16559169976561083	0.10681151433422367	-0.45164188326388877	0.1204584837326671	-1.5503169372494636	0.18946648053574525	0.7176098719675167	0.143300981577157	-0.24431998087497886	0.11848940982138186	-0.5506202629703678	0.061980301220410094	-2.0619562646423986	0.09524475523310336	0.5224127042885937	0.14684594916132543
psvid_92535_sp|Q9BV40|VAMP8_HUMAN	Q9BV40	VAMP8_HUMAN	0.22606109519864237	0.07591879835579296	0.041697062582989386	0.41042512781429535	2.9776695639887305	0.02378357612746492	0.6954560183642976	0.07063116431869987	-0.21044287343401002	0.46443306252844857	-1.4542335226633207	1.0333477757953007	-0.45311776962717737	0.6718854509457962	0.933806897924666	0.7879105355589006	-0.29248125036057804	0.4316536481563985	-1.4083247202294762	0.8233622195083201	-0.6775831771833075	0.5286496929878653	0.8138211960662557	0.7650823625262252
psvid_92941_sp|Q9NRP0|OSTC_HUMAN	Q9NRP0	OSTC_HUMAN	0.32972885808221	0.11190324388498736	0.05797886002873126	0.6014788561356887	2.946553170711484	0.024781619389413423	0.6954560183642976	0.18137914663186558	-0.21032609408041747	0.49979091940492903	-1.5488080461216611	1.1281558579608262	-0.4208281621659715	0.6936001503981861	0.9414690406320979	0.8491047596984338	-0.29248125036057804	0.4781227151701206	-1.5284492812047485	0.9434867804835925	-0.6117284142346394	0.5679366669789404	0.8298398456720806	0.8507037407591777
psvid_86608_sp|P48509|CD151_HUMAN	P48509	CD151_HUMAN	0.2916981737155666	0.09908605430832895	0.05107391537780018	0.5323224320533331	2.9438872680092896	0.024869201721272063	0.6954560183642976	0.147414894454823	-0.16820206956581396	0.6054467193768606	-1.7896391052233995	1.4532349660917716	-0.2778148170311854	0.7937064784846364	0.9686200888248205	1.031552566264364	-0.25	0.5491228927423548	-1.669506580424098	1.169506580424098	-0.4552714944217387	0.6683421304895807	0.8667518703711972	0.9810039294335609
psvid_86428_sp|P04899|GNAI2_HUMAN	P04899	GNAI2_HUMAN	-0.24190240320363632	0.08333923731834386	-0.4442865056905586	-0.039518300716714	-2.9026231939176985	0.02626818176642093	0.6954560183642976	0.09934185962367006	-0.018799325453852322	0.11726582055343775	-0.33284701681440004	0.2952483659066954	-0.16031376717553872	0.8797172697678669	0.9834603424807783	0.1655850357700525	-0.1004082255299088	0.11492609117327067	-0.3974971738127863	0.19668072275296872	-0.8736765037847349	0.4229698478573293	0.7616296001165247	0.13726601983348227
psvid_26087_sp|Q9Y265|RUVB1_HUMAN	Q9Y265	RUVB1_HUMAN	0.2342713627228017	0.08105699551951356	0.03742954107473631	0.4311131843708671	2.8902053576165856	0.026705573054911086	0.6954560183642976	0.09121111064999701	-0.582126855230988	0.3074250240253443	-1.4054368240349366	0.24118311357296085	-1.8935571594295366	0.12458908543919776	0.7048513307479977	0.5145035794200784	-0.6638379571531384	0.2739449152728626	-1.3719974876391572	0.04432157333288034	-2.4232534357935545	0.06080778165337882	0.5036298607729148	0.4703195947172108
psvid_53027_sp|Q9BRR6|ADPGK_HUMAN	Q9BRR6	ADPGK_HUMAN	-0.20194191351511837	0.07012218019011075	-0.3722292230568639	-0.03165460397337286	-2.879857884732426	0.027076016680290912	0.6954560183642976	0.03863931569797978	0.07538746480574732	0.1509879037364703	-0.3289707903790968	0.47974571999059146	0.4992947311681756	0.6414773005050342	0.9190364020538448	0.232376157687759	-0.006618052840297928	0.13666361389156081	-0.3598994435592057	0.34666333787860987	-0.04842585858697684	0.9632852728208714	1.0	0.1916730408775033
psvid_41617_sp|Q15363|TMED2_HUMAN	Q15363	TMED2_HUMAN	-0.24159068260597483	0.08457375079351384	-0.4469727235156585	-0.03620864169629118	-2.8565681471999107	0.02793013138672086	0.6954560183642976	0.10356062638945855	0.05087312227071594	0.13764663468903945	-0.317756096743215	0.41950234128464686	0.36959219806313853	0.7287681459796395	0.9547442772746325	0.2066009057248342	0.004621649750736312	0.16617729315011937	-0.42495388654790583	0.43419718604937846	0.027811559949777603	0.9789076390831005	1.0	0.2568796879086164
psvid_105195_sp|P62269|RS18_HUMAN	P62269	RS18_HUMAN	0.19717495371823102	0.06935757731801707	0.028744434219289766	0.3656054732171723	2.842875448404838	0.028445743458127306	0.6954560183642976	0.0324438632797461	0.15127932667145316	0.1272103424076689	-0.18940062731486662	0.49195928065777295	1.1892061903791658	0.29445329627085	0.7858402699700607	0.18590870593083358	0.018577007110882837	0.12777102224597622	-0.3117166471199482	0.34887066134171385	0.14539295987723747	0.8901818115164246	0.9725627241670376	0.17042140811621762
psvid_48989_sp|Q9UNF0|PACN2_HUMAN	Q9UNF0	PACN2_HUMAN	-0.2962866976338736	0.10435883304898748	-0.5497155679092802	-0.04285782735846694	-2.839114706225131	0.028589137089434023	0.6954560183642976	0.16174331449918444	0.22348236192499904	0.1535045257299177	-0.1876156177877537	0.6345803416377518	1.4558682283947983	0.21274579458722775	0.7258795267620202	0.23717143990470013	0.1417601481809735	0.18024501503582582	-0.32418106154390086	0.6077013579058479	0.7864858184998735	0.46783403201006013	0.778964373318746	0.286242622801809
psvid_86359_sp|P78417|GSTO1_HUMAN	P78417	GSTO1_HUMAN	-0.20269833106836188	0.07142219606892546	-0.3761426475052827	-0.02925401463144109	-2.838029943419121	0.02863064187602633	0.6954560183642976	0.04746427612668617	0.018078970324130417	0.1402123151508114	-0.3574213559057447	0.39357929655400553	0.12893996012179673	0.9030783472534323	0.9921682594839206	0.2116096775250449	-0.06230715157719113	0.1453434682959897	-0.43802634375558186	0.3134120406011996	-0.428689037819736	0.6863093618575158	0.8778886106811484	0.2115388651133875
psvid_36294_sp|Q9H330|TM245_HUMAN	Q9H330	TM245_HUMAN	0.46112642303252294	0.16263219388613545	0.0661843566755046	0.8560684893895413	2.8353944690395916	0.028731748595763402	0.6954560183642976	0.3006806973892995	0.028598010401212903	0.24747083250928467	-0.6341496108734611	0.6913456316758869	0.1155611354729651	0.9130770866891509	0.9956425679323188	0.4086084652880125	-0.05264174648491449	0.24221879162646173	-0.6787878663434784	0.5735043733736495	-0.21733138924289605	0.8366941944350795	0.9528490542129893	0.40940441758075097
psvid_31293_sp|Q86YB7|ECHD2_HUMAN	Q86YB7	ECHD2_HUMAN	0.2201609508397926	0.0778900550631548	0.031009845143943088	0.40931205653564207	2.826560472467014	0.029073453076335375	0.6954560183642976	0.0789987259631553	-0.1931191872854483	0.1238014450487984	-0.524669828565083	0.13843145399418638	-1.559910606934573	0.18724893934346662	0.7176098719675167	0.17901900280839286	-0.2732773510978703	0.15628896139394063	-0.6772911193791332	0.13073641718339257	-1.7485390437079542	0.1418773657256402	0.5556992839403372	0.23569598773930633
psvid_50176_sp|Q9UJS0|S2513_HUMAN	Q9UJS0	S2513_HUMAN	-0.2955850290383779	0.10473155613088286	-0.5499190339038387	-0.04125102417291715	-2.822311058464421	0.029239370924336074	0.6954560183642976	0.1627351217485926	-0.07990011784529161	0.08137562303301449	-0.2978308535527068	0.13803061786212356	-0.9818679706191096	0.3769412343190395	0.8028358756924997	0.08043808627588495	-0.16082480492391804	0.09115802247044423	-0.3964722610134182	0.07482265116558212	-1.7642419236997113	0.13905708495827324	0.5556992839403372	0.05303753491737691
psvid_10853_sp|P06753|TPM3_HUMAN	P06753	TPM3_HUMAN	0.3679807364070715	0.13044051727313236	0.05121413443527667	0.6847473383788664	2.8210616156676864	0.029288347901432317	0.6954560183642976	0.22682488541689577	0.544644257997843	0.13139629811965864	0.1927539639372915	0.8965345520583945	4.145050247167937	0.011696551649746508	0.6219650821978125	0.1942751316426839	0.46217266918125877	0.14092958293518665	0.0978635627918743	0.8264817755706433	3.2794581489240016	0.022571456881738377	0.4789514222886797	0.20152854265057077
psvid_37300_sp|Q5W111|SPRY7_HUMAN	Q5W111	SPRY7_HUMAN	-0.21532161175310627	0.07643687615512428	-0.40094376375897584	-0.0296994597472367	-2.8169860227689494	0.02944871867330792	0.6954560183642976	0.07290204327319028	-0.21053030600657907	0.41201345114459054	-1.3139368445084516	0.8928762324952935	-0.5109792057072824	0.6339084639226464	0.9190364020538448	0.6969991041523506	-0.29087468307071984	0.3909790098457026	-1.3015724423864554	0.7198230762450157	-0.7439649591048678	0.4909529343708264	0.7916529533861496	0.6898226624467354
psvid_33833_sp|Q8TEB1|DCA11_HUMAN	Q8TEB1	DCA11_HUMAN	0.22750864315523867	0.0809974564216478	0.03081140846611577	0.4242058778443616	2.8088368845917677	0.02977220475388666	0.6954560183642976	0.09099243564250543	-0.16879005566510674	0.33854994055992615	-1.0754551584317338	0.7378750471015202	-0.4985676718357878	0.641949974524845	0.9190364020538448	0.5690268713282839	-0.2499999999999999	0.2983240468808758	-1.0211806468881661	0.5211806468881663	-0.8380149123541077	0.44090549844742266	0.7710550916536703	0.5165803561774195
psvid_65281_sp|P22314|UBA1_HUMAN	P22314	UBA1_HUMAN	-0.3054578502126093	0.10908246337836128	-0.5703577600061553	-0.04055794041906319	-2.800247086033474	0.030117302730775064	0.6954560183642976	0.174138708933066	0.06840779808471797	0.1548225754754375	-0.34622002926586565	0.4830356254353016	0.44184640304973366	0.6794243876719723	0.9374966464486023	0.23967560933473747	-0.014145882091591844	0.18883242676709036	-0.5022859249418965	0.4739941607587128	-0.07491235659985271	0.9432413412460768	0.9963964473527942	0.30381980704573947
psvid_57822_sp|P61224|RAP1B_HUMAN	P61224	RAP1B_HUMAN	0.24400859725727564	0.08717528418979634	0.03230889592210476	0.45570829859244655	2.799057089690982	0.03016544761714635	0.6954560183642976	0.11211551511273614	0.02045449729014681	0.08334746665632964	-0.20275700083127413	0.24366599541156775	0.24541234557839364	0.8171471503541268	0.9751168687974395	0.08616656284902997	-0.05998769818018812	0.11770904100342623	-0.3642706929126087	0.24429529655223248	-0.5096269383287391	0.6323895614224604	0.8550031992851073	0.14477760965442996
psvid_87075_sp|P46977|STT3A_HUMAN	P46977	STT3A_HUMAN	-0.2427668517876711	0.08687982891208977	-0.45374905854132497	-0.031784645034017206	-2.794283262612282	0.030359416015955275	0.6954560183642976	0.11116442516863166	0.0004237607996957493	0.12786488305534402	-0.3420091078750974	0.3428566294744889	0.0033141296466233975	0.9975003767264162	1.0	0.18722345093780646	-0.08374140449752732	0.13149476411673489	-0.42366109355445103	0.2561782845593964	-0.6368421211295199	0.552736633053289	0.8225844629831162	0.17945129272710633
psvid_29986_sp|Q10471|GALT2_HUMAN	Q10471	GALT2_HUMAN	-0.2530969699218302	0.09132032891756098	-0.47486265198817035	-0.03133128785549	-2.7715293289220666	0.03130244099835918	0.6954560183642976	0.1250006329924252	-0.10959740070098034	0.12655474239265838	-0.4485216029243542	0.22932680152239354	-0.8660078526408367	0.43109151471596396	0.8276831523344766	0.1845892822445511	-0.19087359756467703	0.16167528855161395	-0.6088112560091237	0.22706406087976966	-1.180598465446633	0.2917898396482309	0.6659413830042331	0.24729965558618194
psvid_28301_sp|Q5J8M3|EMC4_HUMAN	Q5J8M3	EMC4_HUMAN	-0.29962657720042696	0.10889094157940614	-0.5640613883365405	-0.0351917660643134	-2.75162077629691	0.032153213764230706	0.6954560183642976	0.17364302172015722	-0.8943855510114092	0.4350543412372277	-2.0594975234268866	0.27072642140406833	-2.0558019222792123	0.10249622209701637	0.6917486752637665	0.7369908729695118	-0.9767226489021295	0.4453332704999995	-2.1279285379873922	0.17448324018313355	-2.193239790518033	0.08078031282358847	0.5204027816531388	0.7903224734374066
psvid_90957_sp|Q99623|PHB2_HUMAN	Q99623	PHB2_HUMAN	-0.21516686629745418	0.07822451500751007	-0.405130186957518	-0.025203545637390357	-2.7506321551088777	0.03219609951783602	0.6954560183642976	0.08035181621221855	0.1073519358735382	0.08336951321424699	-0.11591860477693097	0.33062247652400734	1.28766418004217	0.26131952602208386	0.7644544487035423	0.08622920884608974	0.025675582048570567	0.09012285068729019	-0.20729590992164465	0.2586470740187858	0.2848953606412223	0.7873522061528829	0.9269616784570912	0.046892326673324033
psvid_89411_sp|O76062|ERG24_HUMAN	O76062	ERG24_HUMAN	-0.4813889877166364	0.1757270702710817	-0.9081311387591094	-0.05464683667416337	-2.7394128120046144	0.032687084279431816	0.6954560183642976	0.3297052612886875	-0.13076589318180343	0.23405582199499445	-0.7575869924596396	0.4960552060960327	-0.5586953234797125	0.6035480436676706	0.902812453538994	0.3846820068913328	-0.21199922663873738	0.2188879247673932	-0.7778340401009293	0.3538355868234545	-0.968528651655973	0.37804529247460333	0.7184174735322705	0.36387820150406003
psvid_47353_sp|O75822|EIF3J_HUMAN	O75822	EIF3J_HUMAN	0.20186211297614953	0.0737947902815063	0.02265610053948447	0.3810681254128146	2.735452085521248	0.03286231620682491	0.6954560183642976	0.06062692517941879	-0.2023544739739247	0.33718456666899427	-1.1053629910767373	0.7006540431288879	-0.6001297033638289	0.5779237352061789	0.8922959468515108	0.5666397409435483	-0.28533896231138556	0.3140192355547722	-1.097092355115004	0.5264144304922329	-0.908667145206192	0.4059282877008585	0.74632555137826	0.5461738437394621
psvid_62663_sp|P35914|HMGCL_HUMAN	P35914	HMGCL_HUMAN	0.43405406375763533	0.1603247674029118	0.044715437663430446	0.8233926898518402	2.707342544691271	0.03413506935716157	0.6954560183642976	0.2955192278935366	-0.2669026480191339	0.3557577671541432	-1.2196517519869794	0.6858464559487116	-0.7502370226634854	0.4911882912323748	0.8458142756443096	0.5990803404030092	-0.34807935569468995	0.34478517895166033	-1.239364051385236	0.5432053399958561	-1.009554287551007	0.3598535899665399	0.704639420771205	0.6038488698657888
psvid_82606_sp|P61513|RL37A_HUMAN	P61513	RL37A_HUMAN	0.3373564836355918	0.12465366247503286	0.03464289501286105	0.6400700722583226	2.706350354552652	0.034180942053802135	0.6954560183642976	0.2129639778682374	0.3162032278739235	0.2937549377353939	-0.4704971046370524	1.1029035603848993	1.076418426568715	0.3370972013073131	0.7995936304778763	0.4904755578068963	0.23436972886048557	0.2527560705232352	-0.41901571562181417	0.8877551733427853	0.9272565773605845	0.3970982187541476	0.73836857001905	0.4297439216528203
psvid_45889_sp|Q9NZJ7|MTCH1_HUMAN	Q9NZJ7	MTCH1_HUMAN	0.26448014085949545	0.09772725177286574	0.027155649119618736	0.5018046325993721	2.7063089983763273	0.034182855529451266	0.6954560183642976	0.14362036474831796	-0.6234756347559207	0.2494904522557947	-1.2916319669049505	0.0446806973931092	-2.4989959700609736	0.061121031713024555	0.6917486752637665	0.4122013965366875	-0.7029502067721991	0.2782868824499112	-1.4223339114117033	0.01643349786730508	-2.525991166323562	0.053679499910290425	0.5036298607729148	0.4785885614938443
psvid_44747_sp|Q969X5|ERGI1_HUMAN	Q969X5	ERGI1_HUMAN	-0.20260937539774915	0.07496551656462716	-0.3846584230683725	-0.020560327727125766	-2.70270098416625	0.03435023132572228	0.6954560183642976	0.06629328826425372	-0.24932889613912446	0.12643010572915425	-0.5879193109362251	0.08926151865797616	-1.972069031352793	0.1133227593230701	0.7039747170069506	0.1843381521955367	-0.33036940755088473	0.1195892785847832	-0.6395128982756828	-0.02122591682608671	-2.762533660713308	0.040514011244679925	0.4861678145147409	0.14973520051676958
psvid_90147_sp|P62070|RRAS2_HUMAN	P62070	RRAS2_HUMAN	-0.231354676874985	0.08577446372367006	-0.43965257370720207	-0.023056780042767955	-2.6972442243453054	0.03460502885965622	0.6954560183642976	0.10756132776525859	-0.3520089507275719	0.3033497641373138	-1.1644050321473702	0.4603871306922265	-1.1604062120458156	0.3048530820997172	0.7858402699700607	0.5073462892319878	-0.4358479658314097	0.30407044096546737	-1.2218832915621407	0.35018735989932126	-1.4333782805310828	0.2122414052163586	0.6186927031367531	0.5274305832428478
psvid_18626_sp|P63167|DYL1_HUMAN	P63167	DYL1_HUMAN	-0.2897674354238928	0.10795534837487071	-0.551930217236418	-0.027604653611367658	-2.6841415435730593	0.03522508681995876	0.6954560183642976	0.17121365444990988	0.3159516571608587	0.31989275107203363	-0.5407479291552277	1.1726512434769452	0.9876799524279077	0.37438084102735614	0.801546448152564	0.5363722697851262	0.23527657773660815	0.3262425906407373	-0.6080747200327552	1.0786278755059715	0.7211706395370612	0.5036782641356404	0.799644097950097	0.5691363789299125
psvid_40213_sp|Q7L576|CYFP1_HUMAN	Q7L576	CYFP1_HUMAN	-0.43302515658815377	0.1614551150577362	-0.8251087609540697	-0.040941552222237776	-2.682015719559609	0.03532679559476793	0.6954560183642976	0.29804964762509906	-0.40348245906780056	0.23755325816783138	-1.0396699854134437	0.23270506727784246	-1.6984926335244799	0.15799612737534927	0.7176098719675167	0.39093065935140486	-0.4843697288604858	0.24487786688813667	-1.1173896740169535	0.14865021629598185	-1.9780053420742678	0.10590991367195739	0.5319320213874119	0.4145485346825459
psvid_62822_sp|P22310|UD14_HUMAN	P22310	UD14_HUMAN	-0.22919549457305344	0.08594782342196165	-0.43791438454217824	-0.02047660460392864	-2.666681777941205	0.03606974392756833	0.6954560183642976	0.10813127194227971	0.0	0.06648275985679548	-0.17804640047514889	0.17804640047514889	0.0	1.0	1.0	3.3232593448441795e-15	-0.06371253061180093	0.08670982855263767	-0.287861211799029	0.16043615057542712	-0.7347786482258339	0.49605361141486654	0.796015579961234	0.014962658466431501
psvid_32162_sp|P29692|EF1D_HUMAN	P29692	EF1D_HUMAN	0.3066982376520775	0.11535715281703578	0.026560638730426134	0.5868358365737288	2.6586841835332184	0.036463803899271625	0.6954560183642976	0.19010459182102313	-0.040340581070236414	0.19474649713115877	-0.5618880152326369	0.48120685309216404	-0.2071440650512325	0.8451210666597044	0.9778892202407429	0.3137707865481877	-0.1213567067925605	0.16959351082355525	-0.559763314481043	0.31704990089592194	-0.7155739992836151	0.5068378794768181	0.8011594268696475	0.2640849159325921
psvid_17903_sp|P46782|RS5_HUMAN	P46782	RS5_HUMAN	0.20070859205018987	0.07593141756754866	0.016313914471522473	0.38510326962885727	2.643287831043577	0.037235335676311675	0.6954560183642976	0.07068715837465592	0.49999963932651026	0.2472682795958328	-0.16220552827711365	1.1622048069301343	2.022093736179077	0.10671488709861744	0.6917486752637665	0.40824799597519146	-0.029414833310045685	0.11228678968893824	-0.3196810723701795	0.26085140575008814	-0.2619616554318806	0.8039877442723388	0.9391309833380596	0.129921328639093
psvid_61724_sp|O43464|HTRA2_HUMAN	O43464	HTRA2_HUMAN	-0.2739229311039635	0.1040071330463059	-0.5264977200165246	-0.021348142191402297	-2.6336937004311802	0.03772484920049481	0.6954560183642976	0.16080511112947746	-0.26603556289378716	0.19632704531888942	-0.7918158375130088	0.25974471172543445	-1.3550632438932284	0.24069495875391209	0.7413118739788219	0.3166517236208046	-0.34807935569468995	0.16818346704961307	-0.7828409388499553	0.08668222746057547	-2.069640742939428	0.09432664414562913	0.5204027816531388	0.26111732832823226
psvid_90404_sp|P30049|ATPD_HUMAN	P30049	ATPD_HUMAN	0.1967742215696715	0.07482099809572273	0.015076127922184684	0.3784723152171583	2.629933128102984	0.03791857813699866	0.6954560183642976	0.06561562383832852	0.5424809497992968	0.3155159658974288	-0.30249723915497817	1.387459138753572	1.7193454798913477	0.15401754209447158	0.71167553563214	0.5286999152376625	0.30649969714999736	0.22095291540169645	-0.26467320698852503	0.8776726012885198	1.3871719981280866	0.22507251927322552	0.6245667201490522	0.36793962367621785
psvid_95165_sp|Q8IVH4|MMAA_HUMAN	Q8IVH4	MMAA_HUMAN	0.36192356836587436	0.13768824011565173	0.0275563267703427	0.696290809961406	2.628572840076069	0.03798891380936445	0.6954560183642976	0.24387372467645052	-0.2669215033590393	0.16702935242522396	-0.7142401020012173	0.18039709528313874	-1.5980514770811631	0.17868818401227152	0.7176098719675167	0.26265643095855434	-0.34807935569468995	0.18273656157560705	-0.8204613216790411	0.12430261028966122	-1.9048150665277375	0.1162268901266005	0.5319320213874119	0.2913663633003606
psvid_84511_sp|Q14165|MLEC_HUMAN	Q14165	MLEC_HUMAN	-0.27370009541241735	0.10441594990248645	-0.5272676703784862	-0.020132520446348445	-2.6212479575009806	0.03837004037686672	0.6954560183642976	0.16189546539704483	-0.053414972718611065	0.13878182506734504	-0.42508432666596974	0.3182543812287476	-0.38488449544953746	0.7181838759124601	0.9513860308426689	0.20882044050179163	-0.13455227712219586	0.1410145290520495	-0.4990809729212772	0.22997641867688545	-0.9541731481621417	0.384586427805677	0.7258017739946032	0.20172289872218152
psvid_72280_sp|Q9BUV8|RCAF1_HUMAN	Q9BUV8	RCAF1_HUMAN	-0.5867656692830492	0.2241821309699169	-1.1311778913032966	-0.04235344726280177	-2.6173614584910316	0.03857390388094635	0.6954560183642976	0.43442443778583345	0.08131319656567726	0.07779940154221078	-0.1270401183921932	0.2896665115235477	1.0451648078752898	0.3498444665709925	0.7995936304778763	0.06926514635511571	0.0	0.08631442272419226	-0.22312653990913778	0.22312653990913778	0.0	1.0	1.0	5.438959822042073e-16
psvid_66580_sp|Q9Y281|COF2_HUMAN	Q9Y281	COF2_HUMAN	0.5459562282481727	0.20980072892198814	0.0364683376668572	1.055444118829488	2.602260874180184	0.039376939028430695	0.6954560183642976	0.40367251300252155	-0.0018193141366267263	0.2990496613626359	-0.8026993600856692	0.7990607318124158	-0.006083652221296368	0.9954115380595868	1.0	0.4997888450987709	-0.08335593343129788	0.26536351857028345	-0.7693321799028653	0.6026203130402695	-0.3141197926542433	0.7663404766697163	0.9182825331865887	0.4539336422237128
psvid_62867_sp|Q7Z2W4|ZCCHV_HUMAN	Q7Z2W4	ZCCHV_HUMAN	-0.3161753876210769	0.1216525342324266	-0.6116009248364265	-0.020749850405727244	-2.599003708521183	0.03955245950816349	0.6954560183642976	0.20567249963239265	-1.0815570826949452	0.30737352648803634	-1.9047291367797885	-0.25838502861010193	-3.5187060351374853	0.020868454432523876	0.6392260310717692	0.5144131648610302	-1.1638379571531385	0.30430092812130505	-1.9504691022145495	-0.3772068120917276	-3.8246283517386837	0.012751655013154698	0.4449513664164618	0.5278654024207962
psvid_74795_sp|P51151|RAB9A_HUMAN	P51151	RAB9A_HUMAN	0.2506806911335895	0.09713031403499886	0.01480582519071022	0.48655555707646875	2.580869768868059	0.04054488938952849	0.6954560183642976	0.14193829604201588	-0.16940511385695523	0.13484159880085933	-0.5305222117710724	0.191711984057162	-1.2563267965039555	0.27146841508439373	0.7769776627197307	0.2010921673049327	-0.25	0.1446312702343689	-0.623878129187942	0.12387812918794211	-1.7285335294012527	0.1455546044320241	0.5566794250097903	0.20993540794634308
psvid_69242_sp|P61009|SPCS3_HUMAN	P61009	SPCS3_HUMAN	-0.21576331892867984	0.08364753015758584	-0.41889609120885696	-0.012630546648502744	-2.579434425884392	0.04062455817076137	0.6954560183642976	0.10040613941776104	-0.007890251997206388	0.1389128595741984	-0.37991052733130554	0.36413002333689276	-0.05680001132646699	0.9571877457821532	1.0	0.20907628941730708	-0.08894788668841147	0.12843696697558973	-0.4209630370330981	0.24306726365627518	-0.6925411646112493	0.5199863876132035	0.8090869788288935	0.17205172425922635
psvid_68385_sp|Q00688|FKBP3_HUMAN	Q00688	FKBP3_HUMAN	0.23653770267084973	0.09182477860613054	0.01354699622516492	0.45952840911653453	2.5759681238704086	0.04081763788200553	0.6954560183642976	0.12651746227292238	-0.07946007575534075	0.1683042596847494	-0.5301929828436045	0.37127283133292294	-0.47212159635280393	0.6592768819821863	0.9275617443470789	0.26503695918019626	-0.15935748015382334	0.14735321408752153	-0.5402719526852362	0.22155699237758958	-1.0814659262143531	0.32973398331339854	0.6842205679595597	0.21604090418517805
psvid_54187_sp|Q96A26|F162A_HUMAN	Q96A26	F162A_HUMAN	0.22669628924753926	0.0880578104864419	0.012853428240946652	0.4405391502541319	2.574402974537316	0.040905137025669114	0.6954560183642976	0.11492823826046993	-0.019234638862705378	0.1789381745697278	-0.4984460608668324	0.45997678314142165	-0.10749321048432911	0.9191159805330528	0.9969247407898192	0.28477092257085246	-0.10082705167418449	0.1965796651364437	-0.6089940429376033	0.4073399395892343	-0.5129068238273861	0.6302552470477232	0.8528206313187013	0.3194956829113072
psvid_73601_sp|Q9Y6I9|TX264_HUMAN	Q9Y6I9	TX264_HUMAN	-0.22173484927259057	0.08647744194572045	-0.4317398845562199	-0.011729813988961224	-2.5640773395189873	0.0414873723935782	0.6954560183642976	0.10986114977173897	-0.11468271014986797	0.147082428534858	-0.5085817755644644	0.2792163552647285	-0.779717273451795	0.47531570493037456	0.8354959872302404	0.22489588737925997	-0.1944018946658881	0.1591994286567461	-0.6059393475107806	0.21713555817900443	-1.2211218112160622	0.27742760751665646	0.6642062428136009	0.24198633199397981
psvid_34034_sp|Q5SWX8|ODR4_HUMAN	Q5SWX8	ODR4_HUMAN	-0.18941853868856295	0.0743622238378098	-0.3700025278707407	-0.008834549506385153	-2.5472414475083553	0.04245552878462595	0.6954560183642976	0.06342542318131315	-0.1646791294871135	0.0770317389855146	-0.37097657980738896	0.041618320833162	-2.137808800059421	0.09296601548580706	0.6917486752637665	0.06669645630526447	-0.24351771363162156	0.10793737115017984	-0.5225405164439009	0.035505089180657756	-2.2561019509433904	0.07470091399753624	0.5124776378946586	0.11723943466799489
psvid_75053_sp|P14550|AK1A1_HUMAN	P14550	AK1A1_HUMAN	-0.17986503029605938	0.07104983549813207	-0.3524050924783645	-0.007324968113754271	-2.531533381253052	0.043380315606589066	0.6954560183642976	0.045097515635595956	-0.24407542064406185	0.0969446759269323	-0.5037013842953862	0.015550543007262552	-2.5176774104441044	0.05984003406030069	0.6917486752637665	0.12094578724114648	-0.32606749246668065	0.1019033048426098	-0.5894919712179563	-0.06264301371540504	-3.1997734810494483	0.02463317419731328	0.480933400995164	0.0979876832481236
psvid_41934_sp|Q92896|GSLG1_HUMAN	Q92896	GSLG1_HUMAN	-0.2340577801863235	0.09272781617800382	-0.4592414566468097	-0.008874103725837329	-2.524137738098106	0.043823043981736844	0.6954560183642976	0.1292086479466232	-0.12787992930192527	0.22058581287002735	-0.7186272156960343	0.46286735709218374	-0.5797287125499505	0.5904526962762716	0.8957839240454074	0.36053555515575525	-0.2081114757551087	0.21648693879405126	-0.7677396359640661	0.35151668445384876	-0.9613119244717561	0.38132218919178495	0.7228929697837071	0.35914704852907725
psvid_35482_sp|Q08380|LG3BP_HUMAN	Q08380	LG3BP_HUMAN	0.5437548974412305	0.2164078259039646	0.018222086894622458	1.0692877079878387	2.512639712403621	0.04452082110421456	0.6954560183642976	0.41782777408318317	0.13834549043072997	0.1222971770740607	-0.18917659519283692	0.46586757605429685	1.1312239067214998	0.3157293709012146	0.7978369310908966	0.17595465843913333	0.055598105334111914	0.1322261362798414	-0.2862122126002274	0.3974084232684512	0.42047742525309006	0.6919084736343063	0.8790364452034973	0.18120138639834596
psvid_66275_sp|Q15493|RGN_HUMAN	Q15493	RGN_HUMAN	0.20491470711230075	0.08165023163428682	0.006632248826386189	0.4031971653982153	2.5096647371451217	0.04470325862016251	0.6954560183642976	0.0933705383285115	-0.6680100372149815	0.40008339934807546	-1.7394668975683096	0.40344682313834657	-1.6696769681108612	0.16366873105558655	0.7176098719675167	0.6762693564121803	-0.75	0.38407047300611397	-1.7428388908647718	0.24283889086477184	-1.9527666215258908	0.10935539457863579	0.5319320213874119	0.67700320038633
psvid_30892_sp|Q9NP58|ABCB6_HUMAN	Q9NP58	ABCB6_HUMAN	-0.2160579434523937	0.08625466788724406	-0.4255219859295988	-0.006593900975188666	-2.5048840688231997	0.04499807656655329	0.6954560183642976	0.10913555713057284	0.02161060697257211	0.2978686643549893	-0.7761066300522271	0.8193278439973714	0.07255079019261104	0.9453385534089992	1.0	0.49771226048747824	-0.05925979932521208	0.29906859549325954	-0.8323651367857311	0.7138455381353069	-0.198147850420315	0.8508735854503884	0.959060261263668	0.5179872506793374
psvid_43533_sp|Q5T2W1|NHRF3_HUMAN	Q5T2W1	NHRF3_HUMAN	-0.19703912865816697	0.07880706225968448	-0.3884171287247291	-0.005661128591604808	-2.500272475693676	0.04528440459875952	0.6954560183642976	0.08266903874925655	0.04284172890848037	0.12254699902327487	-0.2853494008238612	0.3710328586408219	0.34959427199309556	0.7427167404483941	0.9568385344346946	0.17646464647544405	-0.03873014420683596	0.15337323078428	-0.43520662194374127	0.35774633353006935	-0.2525221905334318	0.8108700140380353	0.9430578897568076	0.2293424708273233
psvid_109803_sp|Q9BZV2|S19A3_HUMAN	Q9BZV2	S19A3_HUMAN	-0.30196138232368863	0.1215377381919222	-0.597108144566119	-0.006814620081258216	-2.4845071729643062	0.04627779261350986	0.6954560183642976	0.20539204937476238	-0.021926419338976544	0.47967535923807325	-1.3065372160767317	1.2626843773987786	-0.045710956205473934	0.9655379706315085	1.0	0.8143012811651623	-0.10375937481971098	0.48483241736012506	-1.3570722778906275	1.1495535282512055	-0.21401080271132186	0.8391437143583691	0.9530441077200315	0.8630413370980897
psvid_75382_sp|Q15166|PON3_HUMAN	Q15166	PON3_HUMAN	-0.20531578373915504	0.0827690081036961	-0.4063151203998978	-0.004316447078412278	-2.480587703575326	0.04652829565421444	0.6954560183642976	0.09735329480027351	-0.0561659448166707	0.08500754360410746	-0.28382326807682345	0.17149137844348208	-0.6607171838565727	0.5417425662828069	0.870139239925974	0.0908068571787175	-0.1437202719656916	0.09047213661500535	-0.3775946832630634	0.0901541393316802	-1.5885583931468104	0.17410714549088194	0.577965496292724	0.049043974992561
psvid_73822_sp|Q13347|EIF3I_HUMAN	Q13347	EIF3I_HUMAN	-0.19309682192857913	0.0780024548664154	-0.3825208834857321	-0.0036727603714261647	-2.4755223698955477	0.04685414284594696	0.6954560183642976	0.07945537241040908	-0.22942224440662562	0.07679823766938486	-0.43509435864078405	-0.023750130172467215	-2.987337357847775	0.035774801082097615	0.6392260310717692	0.06590048740290268	-0.3117412749455395	0.09518023329082483	-0.5577863210879136	-0.06569622880316539	-3.27527328067172	0.02267473624664284	0.4789514222886797	0.07256461328520945
psvid_70595_sp|Q5BJF2|SGMR2_HUMAN	Q5BJF2	SGMR2_HUMAN	-0.3470215161160466	0.14114897025181491	-0.6897929234454381	-0.00425010878665516	-2.4585479830065182	0.04796364153357512	0.6954560183642976	0.25191116819569565	-0.5382164273851262	0.3917807515821311	-1.5874381014687564	0.511005246698504	-1.3737694493964874	0.23525264349160402	0.739050153505907	0.6618323389255616	-0.6184827970831028	0.38307526029446315	-1.6087490197677978	0.37178342560159217	-1.6145203337007097	0.16841913846793088	0.5742338475183212	0.6751554912555974
psvid_23937_sp|Q9NZ01|TECR_HUMAN	Q9NZ01	TECR_HUMAN	-0.24328007100858784	0.0994381250351002	-0.48475931098936287	-0.001800831027812838	-2.4465472465687936	0.04876463353526181	0.6954560183642976	0.14839062480164594	-0.015031471959046971	0.14767598033555818	-0.41052011882059064	0.3804571749024967	-0.10178684390576967	0.9233911319065666	0.9970139773360194	0.2260359094987581	-0.09611229486135575	0.16102551392699402	-0.5123702576172212	0.3201456678945097	-0.5968761876141646	0.5770502175961644	0.8354268899587258	0.2459084218754664
psvid_104041_sp|P07305|H10_HUMAN	P07305	H10_HUMAN	0.33636258250247764	0.13755644918647483	0.0023153868993936455	0.6704097781055616	2.4452694475014867	0.04885074170160126	0.6954560183642976	0.24356641521064037	-0.16548209280718984	0.251287472872259	-0.8384509967121198	0.5074868110977401	-0.6585369772543815	0.5430174054992519	0.870139239925974	0.41539645045484225	-0.25	0.21365473874435506	-0.8023067997980967	0.3023067997980967	-1.1701121232753617	0.29561300416285463	0.6659413830042331	0.3535533905932738
psvid_32310_sp|P50454|SERPH_HUMAN	P50454	SERPH_HUMAN	-0.18246685236915727	0.0749460217248758	-0.36446855804610323	-0.00046514669221131566	-2.434643603085253	0.04957298687292883	0.6954560183642976	0.06620220336369358	0.04864590648669731	0.18541689283708146	-0.44791606579060717	0.5452078787640018	0.2623596250717056	0.8048571422031453	0.9727640365131593	0.2966994174768799	-0.033789895820409255	0.15769450467574328	-0.4414370546668072	0.3738572630259887	-0.21427440283914248	0.8389491863544865	0.9530441077200315	0.23873996142985962
psvid_61444_sp|Q9Y3B3|TMED7_HUMAN	Q9Y3B3	TMED7_HUMAN	-0.244426940797406	0.10044121005980408	-0.4883421097472368	-0.0005117718475752542	-2.4335324181366476	0.0496491572541409	0.6954560183642976	0.15115461172756114	-0.2025192613194231	0.0704225014365078	-0.3911166197960298	-0.013921902842816414	-2.8757748899620155	0.04029506068985777	0.6392260310717692	0.03981012956645153	-0.2835063381289993	0.08789788799892734	-0.5107262046997412	-0.056286471558257334	-3.2254055766670873	0.023947571114433984	0.4789514222886797	0.030045361435222743
psvid_37883_sp|Q93100|KPBB_HUMAN	Q93100	KPBB_HUMAN	0.23744588725343618	0.09768823936482422	0.00021613469574296995	0.47467563981112937	2.4306496748976745	0.04984733694917025	0.6954560183642976	0.14351072341988444	-0.14723101755244627	0.31102069472487565	-0.9801704937162657	0.6857084586113732	-0.4733801320927685	0.6584464768728279	0.9275617443470789	0.5208147064476079	-0.2287777756033721	0.3319924965323512	-1.0869928303893177	0.6294372791825736	-0.6891052598867358	0.521967746733877	0.8099115043002952	0.5799151621193122
psvid_77584_sp|P07741|APT_HUMAN	P07741	APT_HUMAN	0.2097919876101093	0.0863302125421539	0.00014448968414357277	0.419439485536075	2.430110866548263	0.049884470009971024	0.6954560183642976	0.10938194142837189	0.6257322448480664	0.46808503987509104	-0.6278387056591554	1.8793031953552883	1.3367918039317037	0.24612738618230656	0.7446968816629131	0.7942352098650847	0.542481250360578	0.4791508715971149	-0.696144609601834	1.78110711032299	1.132172103856076	0.3098184281504709	0.6801903911201771	0.852594655788142
psvid_72102_sp|O15270|SPTC2_HUMAN	O15270	SPTC2_HUMAN	0.19281793776118317	0.07938624152724981	3.343722717019659e-05	0.38560243829519614	2.428858377115602	0.049970899624679765	0.6954560183642976	0.08492655695465272	0.08075946826887792	0.07764498745083807	-0.12718031281628972	0.28869924935404556	1.040111807861542	0.35194432210982846	0.7995936304778763	0.06875414565790597	0.0	0.08631442272419226	-0.22312653990913778	0.22312653990913778	0.0	1.0	1.0	5.438959822042073e-16
psvid_34336_sp|Q9NRK6|ABCBA_HUMAN	Q9NRK6	ABCBA_HUMAN	-0.28750202530598035	0.11988301645609484	-0.5786303997619735	0.003626349150012864	-2.398188115422281	0.05213688798812919	0.6954560183642976	0.20133614171561912	-0.0098097011606888	0.13128940406562506	-0.36141372398951244	0.34179432166813484	-0.07471814828091852	0.9437092836947313	1.0	0.1940626704462791	-0.090642519846177	0.16038367295456268	-0.5052412957497114	0.32395625605735745	-0.5651605190003123	0.5968150861291104	0.8401517092289622	0.2445319511166787
psvid_42268_sp|Q9Y277|VDAC3_HUMAN	Q9Y277	VDAC3_HUMAN	-0.2386926735740671	0.0995424699461853	-0.4804253086165028	0.0030399614683686016	-2.397897839013933	0.05215784968044352	0.6954560183642976	0.14867923798303945	-0.1325011834962435	0.08521386819263584	-0.3607110612892725	0.09570869429678547	-1.5549251114467566	0.18839804684637462	0.7176098719675167	0.09137330953583651	-0.2140104668085805	0.09224607222603898	-0.4524705788778419	0.024449645260680913	-2.319995438766987	0.06902235908338634	0.5122021217047674	0.058872729490305614
psvid_151859_sp|Q9UHA4|LTOR3_HUMAN	Q9UHA4	LTOR3_HUMAN	0.2904116872895335	0.12112394301473213	-0.0037301993595538208	0.5845535739386207	2.397640632077269	0.05217643067614505	0.6954560183642976	0.20438015100969475	0.26501811946762244	0.23935617652208083	-0.375997773269791	0.9060340122050359	1.1072123699434775	0.3249382948898349	0.7992702407549543	0.3941487457300681	0.18424139854155153	0.21387524115224038	-0.36863540957914376	0.7371182066622468	0.8614433234485757	0.429057807220963	0.7656744329079208	0.35398939881815533
psvid_82947_sp|Q9Y2V2|CHSP1_HUMAN	Q9Y2V2	CHSP1_HUMAN	-0.3784666920973585	0.15785285334602084	-0.7618024301891486	0.004869045994431609	-2.3975917069281087	0.05217996588008678	0.6954560183642976	0.28997200830882197	0.08153767222765262	0.3396016421469152	-0.8279439754950012	0.9910193199503065	0.2400979916121212	0.8210140253251272	0.9763810601247846	0.5708653340688271	0.0	0.33062359325588375	-0.8546763802294993	0.8546763802294993	0.0	1.0	1.0	0.5773502691896257
psvid_54956_sp|Q9BY44|EIF2A_HUMAN	Q9BY44	EIF2A_HUMAN	0.358334691906502	0.15045972633237265	-0.007047301666202266	0.7237166854792063	2.381598721739821	0.053349067372414176	0.6954560183642976	0.27326015065156595	-0.3534268968236689	0.2048945204281004	-0.9021515875237089	0.19529779387637114	-1.7249211744912916	0.1529713556779619	0.71167553563214	0.33221779628207804	-0.4342413985415514	0.21823682983814413	-0.9983931032702243	0.12991030618712152	-1.989771382143003	0.10434260867767145	0.5319320213874119	0.3625961753235177
psvid_106450_sp|O15431|COPT1_HUMAN	O15431	COPT1_HUMAN	-0.16637593287625307	0.06988439194135845	-0.3360857885936752	0.0033339228411690403	-2.380730922233148	0.05341327985447426	0.6954560183642976	0.03681737681079324	-0.2510088969977975	0.3951142274890933	-1.309157898821487	0.8071401048258919	-0.6352818489805617	0.5567422860693383	0.8779397588016488	0.6676297945142718	-0.33048202372184043	0.40866351921576316	-1.3868950095454442	0.7259309621017633	-0.8086898100325783	0.45608386717845734	0.7775234326119231	0.7225865803626882
psvid_27616_sp|O43674|NDUB5_HUMAN	O43674	NDUB5_HUMAN	-0.20037828889035492	0.08422039034575257	-0.40490221615062555	0.004145638369915716	-2.3792134905541964	0.05352575514239752	0.6954560183642976	0.10236455083155342	-0.35296090683602044	0.2947732588663052	-1.1423883886452066	0.43646657497316566	-1.1973979871630973	0.2915549606920099	0.7858402699700607	0.4922674479344137	-0.4342413985415515	0.25847534332959166	-1.1024114121816204	0.23392861509851737	-1.6800109168936626	0.1548784422185402	0.5664090740980359	0.4407356813765814
psvid_78389_sp|Q9UBR1|BUP1_HUMAN	Q9UBR1	BUP1_HUMAN	-0.16271253549238907	0.06862260827922458	-0.3293582288511113	0.0039331578663331646	-2.371121406961299	0.05412973633545274	0.6954560183642976	0.02517600850102595	0.12676087720470708	0.11278044928370207	-0.17527461413449247	0.4287963685439066	1.1239614490791474	0.3184897566631966	0.7986593286355389	0.156161832224238	0.04816126948559907	0.12305880998382608	-0.2699511109304182	0.3662736499016163	0.3913679117482854	0.7119359725686163	0.8926414334958186	0.15866817422236115
psvid_88642_sp|P62910|RL32_HUMAN	P62910	RL32_HUMAN	0.17835760099821307	0.07539463479726392	-0.004733533343316887	0.36144873533974303	2.365653756103686	0.054541846391528884	0.6954560183642976	0.06827328865485632	0.08766946396132758	0.10154986786700339	-0.18428958950445368	0.35962851742710883	0.863314407027545	0.43242144620985135	0.8276831523344766	0.13158198654826742	-0.039833397543648896	0.12542000389329333	-0.3640495669956819	0.2843827719083841	-0.31760003434172224	0.7638529935300385	0.917742790761365	0.1646072089540303
psvid_160303_sp|Q6ZV29|PLPL7_HUMAN	Q6ZV29	PLPL7_HUMAN	0.2282815942831915	0.09665957505359844	-0.006450111615009024	0.46301330018139203	2.3617069923658125	0.05484135127916892	0.6954560183642976	0.14060502332036753	-0.136436841634056	0.3897157174364649	-1.1801281812778088	0.9072544980096968	-0.35009324882130066	0.7423672589329893	0.9568385344346946	0.6582401780739615	-0.2192858130536166	0.37432332294003573	-1.186927896715395	0.7483562706081617	-0.5858192626932435	0.5838941400418659	0.8361268016786402	0.6588953699273725
psvid_881288_sp|O15533|TPSN_HUMAN	O15533	TPSN_HUMAN	-0.2315464794378439	0.0984071130471715	-0.4705219715737333	0.007429012698045551	-2.3529445409789838	0.05551243051882821	0.6954560183642976	0.14552473295816618	-0.35836821335884483	0.0872270137215824	-0.5919694635292186	-0.12476696318847105	-4.10845445772924	0.012079850597634523	0.6219650821978125	0.09679419326642816	-0.4398333517986651	0.11116000349828538	-0.7271867995082602	-0.15247990408907003	-3.9567590676213813	0.01118077853831781	0.42642969308933043	0.12671083332732366
psvid_53277_sp|Q96HD1|CREL1_HUMAN	Q96HD1	CREL1_HUMAN	-0.21885238078217029	0.0932546837242742	-0.4453155219811458	0.007610760416805251	-2.3468245458775066	0.05598619367507692	0.6954560183642976	0.13076510372706937	0.08548036657775393	0.08343567070099654	-0.1379673493645595	0.30892808252006737	1.0245062556527513	0.35849837906596155	0.7995936304778763	0.08641702404861584	0.0029931604165189807	0.10187371026027124	-0.2603548150511935	0.2663411358842315	0.029381087710184783	0.9777177062499739	1.0	0.09788693053748555
psvid_100287_sp|A0A0U1RRL7|MMPOS_HUMAN	A0A0U1RRL7	MMPOS_HUMAN	-0.20733457441229586	0.08868336054619953	-0.42269654444218185	0.008027395617590166	-2.337919685669614	0.0566830545991375	0.6954560183642976	0.11689762348163778	0.08251590836562617	0.18932864418912468	-0.4245220617385631	0.5895538784698154	0.4358342538131692	0.6834637991612936	0.9378647320484023	0.30387145826530537	0.0	0.1581027998070225	-0.4087026195333701	0.4087026195333701	0.0	1.0	1.0	0.23962201193242966
psvid_55030_sp|O76094|SRP72_HUMAN	O76094	SRP72_HUMAN	0.1991587690296468	0.08522041411970378	-0.0077936531445334245	0.406111191203827	2.336984290523406	0.056756776012771994	0.6954560183642976	0.10572708315878675	0.09618877018445149	0.2944105101966796	-0.6922672402982868	0.8846447806671898	0.32671649568554134	0.7588170716869415	0.9654460803464577	0.4916291749830216	0.014723422263392072	0.30212044814415606	-0.7662710871433146	0.7957179316700987	0.04873361718425237	0.9630521629288971	1.0	0.5237507149732544
psvid_56215_sp|P50225|ST1A1_HUMAN	P50225	ST1A1_HUMAN	-0.4317672413904283	0.18510871496486525	-0.8812921272202361	0.017757644439379494	-2.332506286764404	0.057111082632282095	0.6954560183642976	0.35026379756630677	-0.03861434657639151	0.17349725446141437	-0.5032545287185644	0.4260258355657814	-0.2225645973261168	0.8338135773906088	0.9778892202407429	0.27469989515707444	-0.11785471897885036	0.1989835043715668	-0.6322357393014071	0.39652630134370637	-0.5922838646904989	0.5798866283818344	0.8354268899587258	0.3243287331045994
psvid_43856_sp|Q8N128|F177A_HUMAN	Q8N128	F177A_HUMAN	0.5854460514075415	0.2510449441800834	-0.024200824981407854	1.1950929277964908	2.332036812450524	0.05714836087523938	0.6954560183642976	0.49136641482696225	-0.418744487619672	0.22781768381907805	-1.028859330263744	0.19137035502440014	-1.8380684089134138	0.13326361195913444	0.7067636245123187	0.3735160830170607	-0.5000000000000001	0.19655899387176287	-1.0081135551444227	0.008113555144422469	-2.543765564480887	0.05254166207654677	0.5036298607729148	0.31945406180886327
psvid_10179_sp|P46778|RL21_HUMAN	P46778	RL21_HUMAN	0.17551828066903763	0.07535220000439298	-0.007469803443743539	0.3585063647818188	2.32930532431442	0.05736575392169272	0.6954560183642976	0.0680795577800476	0.043530857409415535	0.16457816489230426	-0.39722325567190464	0.4842849704907357	0.2644995916554363	0.8033098616728632	0.9727640365131593	0.2580698323859369	-0.03739408901262742	0.1973804298101223	-0.5476310918138665	0.47284291378861165	-0.1894518572515021	0.8573227735469082	0.9614570829524488	0.32110720301942447
psvid_55825_sp|P05186|PPBT_HUMAN	P05186	PPBT_HUMAN	0.2616273207745605	0.11278015852572754	-0.012252209396495906	0.5355068509456169	2.3197991933561415	0.05812903638672135	0.6954560183642976	0.18360831630017171	0.8452538966933685	0.5949915118518118	-0.7481832173294152	2.438691010716152	1.4206150505620774	0.22214058251332197	0.7302695962541623	1.0135197686027562	0.7615859634811866	0.5481369735404883	-0.6553719728901626	2.178543899852536	1.3894081228675441	0.22443497059684747	0.6245667201490522	0.9791979304425223
psvid_89265_sp|Q8WUY1|THEM6_HUMAN	Q8WUY1	THEM6_HUMAN	-0.18587718533138453	0.08029658475874091	-0.3808723972156418	0.009118026552872777	-2.3148828295732757	0.05852791289498667	0.6954560183642976	0.08839006281825068	0.10769270530126107	0.10119070606814969	-0.1633044827784889	0.37868989338101106	1.0642549052749215	0.34200921361724085	0.7995936304778763	0.1307664345381368	0.026316366674354663	0.10269102273078319	-0.2391443971062988	0.29177713045500814	0.25626745137543494	0.8081369892268326	0.941964934137886	0.10064281360528075
psvid_75227_sp|P63241|IF5A1_HUMAN	P63241	IF5A1_HUMAN	0.16973805434698797	0.07333252401639606	-0.00834537350425607	0.347821482198232	2.314635376644571	0.058548064173581306	0.6954560183642976	0.05826466831498491	0.48357381497298757	0.18551715182739617	-0.013256659279554661	0.9804042892255298	2.6066259114569696	0.05413922125685997	0.6917486752637665	0.29688351075340713	0.06608068420327906	0.12461944891342466	-0.2560660157785601	0.3882273841851182	0.5302598011742652	0.6190317396289505	0.8495498351393129	0.16260533263286708
psvid_27450_sp|Q8IYB3|SRRM1_HUMAN	Q8IYB3	SRRM1_HUMAN	0.28011463661416247	0.12109713189898888	-0.013962140924606958	0.5741914141529318	2.3131401398326705	0.058669981536577015	0.6954560183642976	0.20431453337299627	0.16006933769065457	0.09844489913087096	-0.10357434938168797	0.4237130247629971	1.6259789903168183	0.1726717814868171	0.7176098719675167	0.12445556504261678	0.08048202372184055	0.10681268539488746	-0.1956334174567364	0.3565974649004175	0.753487504075923	0.485705222844125	0.7877497068248037	0.11381876947466012
psvid_70171_sp|O00400|ACATN_HUMAN	O00400	ACATN_HUMAN	-0.2518820792035017	0.10902275195159475	-0.5166369835481954	0.01287282514119209	-2.310362513279204	0.05889715994401836	0.6954560183642976	0.17398422489128948	-0.15570542412912403	0.10440027131306796	-0.4352980968153908	0.12388724855714273	-1.4914273897067365	0.20366559704539694	0.7245364361573173	0.13798092011162466	-0.2411515233662015	0.10757543308050667	-0.5192387005136296	0.03693565378122665	-2.241696979139558	0.07604935780228438	0.5145730914035103	0.116145726173319
psvid_30425_sp|Q13445|TMED1_HUMAN	Q13445	TMED1_HUMAN	-0.33224459723406774	0.1440316200970416	-0.682016338625574	0.017527144157438446	-2.3067476225721633	0.05919418238477688	0.6954560183642976	0.2585613308065303	-0.1701713736027921	0.17834080301286656	-0.6477829845329733	0.3074402373273891	-0.9541920341724318	0.3893363518965004	0.8101536433552932	0.28366768830729383	-0.25	0.176190919928596	-0.705461197402609	0.20546119740260904	-1.418915345361249	0.21618084691072376	0.6210915066177928	0.27785990493264373
psvid_66518_sp|Q02543|RL18A_HUMAN	Q02543	RL18A_HUMAN	-0.18463244409542323	0.08007879877747184	-0.379098776405405	0.00983388821455855	-2.3056345364082174	0.05928595266269799	0.6954560183642976	0.08757038092846062	0.46128647011636037	0.1842503385551762	-0.032151372066172246	0.954724312298893	2.5035854681928957	0.06080351004766255	0.6917486752637665	0.2945563302938181	0.26489560887408503	0.13503596364752865	-0.08417823511426492	0.613969452862435	1.9616671123665728	0.10812717656390551	0.5319320213874119	0.18786003121706002
psvid_62566_sp|O43493|TGON2_HUMAN	O43493	TGON2_HUMAN	-0.31023267476805305	0.13461203446295222	-0.6371295441821279	0.016664194646021757	-2.3046429392866425	0.05936783064423034	0.6954560183642976	0.2366756190395812	0.21478802076321912	0.18060985031648075	-0.26890028893498197	0.6984763304614202	1.1892375769474828	0.29444214122111984	0.7858402699700607	0.2878550846137841	0.1326286791746949	0.1835725470432736	-0.34191434563305595	0.6071717039824458	0.722486457321041	0.5029374215390241	0.7992416388798445	0.2930809858592339
psvid_51657_sp|P07910|HNRPC_HUMAN	P07910	HNRPC_HUMAN	-0.3405980533540989	0.14831011489065218	-0.7007598505783965	0.019563743870198713	-2.2965261243659545	0.06004246727225002	0.6954560183642976	0.26836358260394944	-0.05903878652639616	0.20892504724802824	-0.6185575657067047	0.5004799926539124	-0.2825835738895751	0.7902773936479908	0.967927502302244	0.3395136557857228	-0.14100916546665265	0.17607371930174007	-0.5961673941472312	0.3141490632139259	-0.8008529951309952	0.46020572027322926	0.7776897008297246	0.27761668413665086
psvid_60018_sp|Q9P003|CNIH4_HUMAN	Q9P003	CNIH4_HUMAN	-0.4168082921740881	0.18202010240281152	-0.8588326764224699	0.02521609207429365	-2.289902525445728	0.06059886945251858	0.6954560183642976	0.3435145724759233	-0.2068406504583855	0.4196977210908803	-1.3308263076244544	0.9171450067076834	-0.4928324364515592	0.6456855148007971	0.9190364020538448	0.7103427605146517	-0.2880007733612624	0.4066201309145151	-1.339131511479808	0.7631299647572831	-0.7082796730047033	0.5109766772403267	0.8019169954051512	0.7188043730999517
psvid_37927_sp|P14618|KPYM_HUMAN	P14618	KPYM_HUMAN	0.3753286436467196	0.16429795700068447	-0.02365862379134609	0.7743159110847853	2.2844388968583216	0.06106184267194324	0.6954560183642976	0.3043973296575882	-0.04737784058245609	0.31822753945063165	-0.899617850673689	0.8048621695087769	-0.14888039125792274	0.8882154818544845	0.9863764651210738	0.5334537803446128	-0.1286432932074395	0.28325701858736896	-0.860875016106556	0.603588429691677	-0.4541574780706104	0.6690901633475217	0.8667518703711972	0.4880370250719751
psvid_82107_sp|O00560|SDCB1_HUMAN	O00560	SDCB1_HUMAN	-0.5012302572547611	0.2196638939912374	-1.0346702246062942	0.03220971009677209	-2.281805389805007	0.061286303392286356	0.6954560183642976	0.4247862714254244	0.08017554344711986	0.32768378613035676	-0.7973890874474121	0.9577401743416518	0.2446735140420558	0.8176843828497439	0.9751168687974395	0.550018090716198	0.0	0.33062359325588375	-0.8546763802294993	0.8546763802294993	0.0	1.0	1.0	0.5773502691896257
psvid_102576_sp|P08708|RS17_HUMAN	P08708	RS17_HUMAN	0.1855439746406331	0.08145868271673756	-0.012273319132046656	0.38336126841331286	2.277767924210599	0.06163208412475536	0.6954560183642976	0.09267707090420821	0.12417101018082466	0.0839023438487737	-0.10052649554667678	0.3488685159083261	1.4799468582740853	0.2065545455233457	0.7258795267620202	0.08773461067014286	0.04682008340638455	0.10620633806219022	-0.22772792352357119	0.3213680903363403	0.4408407658210432	0.6780656376886279	0.8721785457328235	0.11194657889116091
psvid_25052_sp|O14966|RAB7L_HUMAN	O14966	RAB7L_HUMAN	-0.21200371686539654	0.0933237297945596	-0.4386345321086111	0.014627098377818004	-2.271702141910701	0.06215536865325031	0.6954560183642976	0.13096835528186712	0.8713363293968026	0.2989962184253893	0.07059940811087684	1.6720732506827285	2.9142051828800417	0.03866801863757917	0.6392260310717692	0.4996948839320128	0.7880007733612625	0.2641469542298758	0.10516939866528918	1.470832148057236	2.983190836550397	0.031399378890714175	0.48232346954803157	0.4516057129187235
psvid_56539_sp|Q02818|NUCB1_HUMAN	Q02818	NUCB1_HUMAN	-0.1717351226139625	0.07573554901927827	-0.3556541457275465	0.012183900499621453	-2.2675629191022013	0.06251508378426256	0.6954560183642976	0.0698140494918699	-0.17955617908352162	0.10261998430465569	-0.454381094018106	0.09526873585106277	-1.7497194167410866	0.148406688370577	0.7067636245123187	0.13399925321434364	-0.2614548980532161	0.11476428790899326	-0.5581255778548273	0.03521578174839518	-2.278190391949687	0.07268287430345727	0.5124776378946586	0.13682230184805375
psvid_38730_sp|P11940|PABP1_HUMAN	P11940	PABP1_HUMAN	-0.19124023927722433	0.08487275730785118	-0.39734839872349537	0.014867920169046728	-2.253258234365547	0.06377484406506705	0.6954560183642976	0.1045658869040336	-0.01077480291075572	0.16748896962337928	-0.45932429491392385	0.4377746890924124	-0.06433141797328067	0.9515200826518623	1.0	0.263515025658296	-0.09064251984617688	0.16016825462943224	-0.5046844300023383	0.32339939030998455	-0.5659206317499609	0.5963366151501093	0.8401517092289622	0.2440694702264541
psvid_418778_sp|P28332|ADH6_HUMAN	P28332	ADH6_HUMAN	-0.2211756540763803	0.09830637568791085	-0.45990651186358966	0.01755520371082908	-2.2498607290592973	0.0640778783568971	0.6954560183642976	0.14524330269323885	-0.1330336343792995	0.09170581265991093	-0.3786294833169175	0.11256221455831852	-1.4506565126100777	0.21410973546300777	0.7258795267620202	0.10827695449137094	-0.2141368024797199	0.1110277535870296	-0.501148378412033	0.07287477345259313	-1.9286781508361133	0.11275289771861356	0.5319320213874119	0.12633082687876207
psvid_84043_sp|Q16563|SYPL1_HUMAN	Q16563	SYPL1_HUMAN	0.19968223969499288	0.08885480811415204	-0.01609607998339177	0.41546055937337756	2.247286825924608	0.06430844063482496	0.6954560183642976	0.11743401868778927	-0.6017259285975705	0.17136366002243544	-1.0606521660907509	-0.14279969110439011	-3.511397507025648	0.021017296861370306	0.6392260310717692	0.2707360985652975	-0.6842413985415514	0.2039433243390934	-1.2114437693753974	-0.1570390277077054	-3.355056610746787	0.020794702804240308	0.4712630152609682	0.334258662583424
psvid_33161_sp|Q8TCJ2|STT3B_HUMAN	Q8TCJ2	STT3B_HUMAN	-0.16108798723527507	0.07171486357844041	-0.33524302833378605	0.01306705386323595	-2.2462287341463036	0.06440346898324001	0.6954560183642976	0.04925288678449994	-0.27215245747165095	0.10688319570053637	-0.558394609674005	0.014089694730703095	-2.5462604826502697	0.057937813167373106	0.6917486752637665	0.1434579392014471	-0.3506835614305923	0.09867389186937102	-0.60575986707343	-0.09560725578775464	-3.553965033575884	0.01683267049502964	0.4566206351594144	0.08649794643928771
psvid_34903_sp|O14735|CDIPT_HUMAN	O14735	CDIPT_HUMAN	-0.3159078755527993	0.14100652549036485	-0.6583333647273375	0.026517613621738878	-2.2403777020545457	0.06493157417394137	0.6954560183642976	0.25158153224036484	-0.41880684271508084	0.20427010654979866	-0.9658593007388928	0.12824561530873113	-2.0502600688318564	0.10317728568420495	0.6917486752637665	0.33108602821907623	-0.4999999999999999	0.17198338523244155	-0.9445845370639254	-0.05541546293607441	-2.907257577958664	0.03424826132965019	0.48232346954803157	0.2690951400276954
psvid_108755_sp|Q9BUN8|DERL1_HUMAN	Q9BUN8	DERL1_HUMAN	-0.20666028310825624	0.09224677290258337	-0.43067577619334807	0.017355209976835567	-2.240298241397545	0.06493877678557265	0.6954560183642976	0.1277788423413708	-0.08578021637013933	0.2366643372306317	-0.7195871379768047	0.5480267052365261	-0.3624551859984957	0.7337324779209394	0.9557754279510252	0.38934323502930734	-0.16746284957691704	0.24266101708231808	-0.7947521414884328	0.4598264423345987	-0.6901102269760474	0.5213876856082091	0.8099115043002952	0.4102604869898383
psvid_52645_sp|Q6IB77|GLYAT_HUMAN	Q6IB77	GLYAT_HUMAN	-0.1817800055512686	0.08133001620548314	-0.3792848407841506	0.015724829681613373	-2.2350912250158053	0.06541255780896682	0.6954560183642976	0.09220925201694992	-0.27558936950377744	0.09059344899281713	-0.5182062153528956	-0.032972523654659275	-3.042045231390054	0.03377218152828774	0.6392260310717692	0.1054896061774363	-0.3576297316805144	0.10125417224336122	-0.6193761744067403	-0.09588328895428838	-3.531999953749684	0.017224900018477003	0.4566206351594144	0.09576029184537538
psvid_84351_sp|O14745|NHRF1_HUMAN	O14745	NHRF1_HUMAN	-0.1958849261045854	0.08770347539882525	-0.40886730661010273	0.01709745440093191	-2.2334910357179436	0.065558870969935	0.6954560183642976	0.11380388449157297	0.013458830574143654	0.12986748325486594	-0.33433716920236245	0.36125483035064976	0.10363510739428587	0.9220060908365172	0.9970139773360194	0.19123072661451432	-0.06875176187496745	0.15322826233041362	-0.46485348984831887	0.32734996609838396	-0.44868851757069894	0.6727687567254588	0.8687814337240958	0.22902514799380055
psvid_91085_sp|Q9BXK5|B2L13_HUMAN	Q9BXK5	B2L13_HUMAN	-0.22274717435749203	0.10063177311333824	-0.46712511371172855	0.02163076499674449	-2.2134875245278574	0.067416554490846	0.6954560183642976	0.15167710874996823	-0.4305183848323284	0.19898680090203116	-0.9634217077236452	0.1023849380589884	-2.1635524712228986	0.09017597456988463	0.6917486752637665	0.32149304429739184	-0.5094919625497553	0.21303989169517615	-1.0602093559621428	0.041225430862632195	-2.3915331466594605	0.06321229975901953	0.5036298607729148	0.35233716432127443
psvid_31026_sp|Q9Y4P3|TBL2_HUMAN	Q9Y4P3	TBL2_HUMAN	-0.2204647418243022	0.09987674190645215	-0.4630091353234026	0.022079651674798167	-2.207368178177025	0.06799558495182792	0.6954560183642976	0.14960209332431876	-0.12939414924330883	0.10271847942059037	-0.40448284234977305	0.1456945438631554	-1.2596968916711904	0.2703595029238101	0.7751566167745604	0.13422081407559933	-0.21069006454720118	0.12429823556721938	-0.5320064140470537	0.11062628495265142	-1.6950366478312708	0.1519286443029098	0.565950376190691	0.16179878418890298
psvid_4705_sp|Q7L1Q6|5MP2_HUMAN	Q7L1Q6	5MP2_HUMAN	0.30026839658886484	0.13659477437580111	-0.03144343214856099	0.6319802253262907	2.198242194556894	0.06886861242835125	0.6954560183642976	0.2413211370447235	0.08007327660232555	0.33305954696482615	-0.8118880921601023	0.9720346453647534	0.24041729874442527	0.8207815183335818	0.9763810601247846	0.5594254306576911	0.0	0.35617169476818467	-0.9207193347181398	0.9207193347181398	0.0	1.0	1.0	0.6251016252865439
psvid_23834_sp|P05787|K2C8_HUMAN	P05787	K2C8_HUMAN	0.1944153949598535	0.08849603643479811	-0.02049167023312698	0.40932246015283397	2.196882513524709	0.06899966585119773	0.6954560183642976	0.11630992162551018	0.5736561635044524	0.3921573841419448	-0.4765741641266692	1.623886491135574	1.462821272024837	0.2109394367045475	0.7258795267620202	0.6624874366594881	0.4910822464262621	0.4045484597315376	-0.5546931315068335	1.5368576243593577	1.2139021534086403	0.279938925941684	0.6643263115070572	0.7149688999118016
psvid_81051_sp|P83111|LACTB_HUMAN	P83111	LACTB_HUMAN	-0.224051017664336	0.10217895566417765	-0.4721861926498391	0.024084157321167088	-2.1927315287964406	0.06940134479029773	0.6954560183642976	0.1558900488523217	-0.2653057794136795	0.08541365377487384	-0.49405069973293525	-0.03656085909442372	-3.1061284430350007	0.031588081008432904	0.6392260310717692	0.09191977968533825	-0.34680634956130363	0.0996925154952987	-0.6045158416166739	-0.08909685750593332	-3.4787601440115967	0.01821970038995798	0.45969705599278593	0.09023923687850606
psvid_64636_sp|P07099|HYEP_HUMAN	P07099	HYEP_HUMAN	-0.2442194643519704	0.11183026835771467	-0.5157922459217636	0.027353317217822803	-2.1838404569573115	0.07026979420582831	0.6954560183642976	0.1811931922686382	-0.249999972448536	0.13907691146988083	-0.6224595925026843	0.12245964760561229	-1.7975663235998538	0.13999480509857395	0.7067636245123187	0.20939650476819066	-0.30106723747689834	0.13931077638271533	-0.6611916584633655	0.05905718350956879	-2.1611195149024565	0.08408901544161373	0.5204027816531388	0.1978110445894887
psvid_58898_sp|Q9H936|GHC1_HUMAN	Q9H936	GHC1_HUMAN	-0.2589399734116533	0.11885906286932524	-0.5475817409065696	0.02970179408326301	-2.1785463149438957	0.07079218868980944	0.6954560183642976	0.1988133597206516	0.0018430716150046322	0.2440613373284271	-0.6517736359356205	0.6554597791656298	0.007551673834043029	0.9943043381035108	1.0	0.4025377172696395	-0.0782687720833477	0.2307191727720173	-0.6746878766380497	0.5181503324713543	-0.3392382659099084	0.7484610590388536	0.9067810180260121	0.38705895782565897
psvid_40045_sp|P54819|KAD2_HUMAN	P54819	KAD2_HUMAN	-0.15677318543906882	0.07227553472087339	-0.3322897811858204	0.018743410307682784	-2.1691044700606312	0.07173374400612391	0.6954560183642976	0.05252830649201459	-0.02033247704199681	0.0813225221256778	-0.23812100407104742	0.1974560499870538	-0.25002270601709214	0.8137974575950184	0.9751168687974395	0.0802801366033858	-0.10166272684226518	0.11320878152608614	-0.3943123549346658	0.19098690125013545	-0.898010962328391	0.41105990293409855	0.7525604513121253	0.13251378012830184
psvid_74423_sp|P51153|RAB13_HUMAN	P51153	RAB13_HUMAN	-0.19316813034176405	0.08908900377739694	-0.40951517947625227	0.023178918792724157	-2.1682600787009068	0.07181856982240095	0.6954560183642976	0.1181644544466172	0.28261593354478043	0.1299081689101433	-0.06528902582499035	0.6305208929145512	2.17550548141637	0.08891163457732085	0.6917486752637665	0.19131190851636512	0.20183873051440104	0.16505033240321093	-0.22482356319818347	0.6285010242269855	1.2228919964930312	0.27681496986096243	0.6642062428136009	0.2544909581138908
psvid_84413_sp|Q9BW72|HIG2A_HUMAN	Q9BW72	HIG2A_HUMAN	0.43608671752473693	0.20259351566575795	-0.05589890841834744	0.9280723434678213	2.152520608034661	0.07341863458476361	0.6954560183642976	0.3881724825566936	0.490704157482325	0.1743426934930599	0.023799818786935656	0.9576084961777143	2.8145954823272166	0.0430489456347481	0.6521098268599003	0.27626821485278896	0.4093574801538231	0.1785287262344316	-0.05214704831137851	0.8708620086190247	2.292950209123674	0.07136713078297226	0.5124776378946586	0.2827009428869092
psvid_29323_sp|P00387|NB5R3_HUMAN	P00387	NB5R3_HUMAN	-0.15748163865453169	0.07357424066562156	-0.33615206020386756	0.021188782894804192	-2.1404453138735127	0.07467085379260323	0.6954560183642976	0.05950972817356416	0.3962403847312763	0.2119622241646347	-0.17141220867053553	0.9638929781330882	1.8693915214982346	0.12829133511016863	0.7057067124099028	0.3450008776030449	0.23063150810730093	0.09507991072073596	-0.01515419982446789	0.4764172160390697	2.4256597041271997	0.06062947907650948	0.5036298607729148	0.07213294240147898
psvid_62919_sp|P07306|ASGR1_HUMAN	P07306	ASGR1_HUMAN	-0.17550301124680434	0.08199897419165046	-0.37463236892539553	0.02362634643178682	-2.140307399902509	0.0746852808058177	0.6954560183642976	0.09462415861280343	-0.26835965583679355	0.21238603709505205	-0.8371472557710986	0.3004279440975115	-1.2635466036625131	0.26909796115511186	0.7748608899285665	0.3457658830124551	-0.06473785907068419	0.09559516707407395	-0.3118555271043455	0.1823798089629771	-0.6772084934013524	0.5288679514482104	0.8138211960662557	0.07432808477291795
psvid_50763_sp|O75027|ABCB7_HUMAN	O75027	ABCB7_HUMAN	-0.5027005726292977	0.23494775693223688	-1.073256441006319	0.06785529574772364	-2.139627035359548	0.07475649454157324	0.6954560183642976	0.4573136216688503	-0.3936011609168304	0.2566375787333452	-1.0808980965216963	0.29369577468803554	-1.5336848284630789	0.19337350065000722	0.7191214083129519	0.4248987655053189	-0.4751160816122715	0.24421888536993827	-1.1064325308594922	0.15620036763494916	-1.9454518469878952	0.11037567562278168	0.5319320213874119	0.4132744508252937
psvid_56434_sp|O14662|STX16_HUMAN	O14662	STX16_HUMAN	-0.21196006408537205	0.09907485027036404	-0.45255711412077426	0.028636985950030197	-2.139393231551267	0.07478098276752428	0.6954560183642976	0.1473837944999161	-0.10061995974583704	0.2695949909808183	-0.8226179308538099	0.6213780113621358	-0.37322636959896693	0.7262462682135721	0.9547442772746325	0.4478551506173418	-0.18424139854155153	0.23449830712318834	-0.7904297298953828	0.4219469328122798	-0.7856832776398872	0.46826287994783683	0.778964373318746	0.39442099481521636
psvid_57819_sp|P62834|RAP1A_HUMAN	P62834	RAP1A_HUMAN	-0.33575451956501823	0.15712647542823807	-0.7173262945142703	0.04581725538423387	-2.136842429959311	0.07504868169991945	0.6954560183642976	0.2883382924779392	0.03323786875089674	0.07459522347437816	-0.1665343889120019	0.23301012641379537	0.4455763680674973	0.6769246376323218	0.9374966464486023	0.05799034017211191	-0.04758471819777643	0.09925907361360835	-0.30417374412175285	0.2090043077262	-0.47939917697612483	0.6522497164723293	0.8642910222805852	0.08866186992231173
psvid_72498_sp|P40222|TXLNA_HUMAN	P40222	TXLNA_HUMAN	0.2320683048177825	0.10860728434449485	-0.03167766254259363	0.49581427217815865	2.1367655606016056	0.07505676406016154	0.6954560183642976	0.17290787280783249	-0.10341562566537199	0.40283902006259276	-1.1822522691436994	0.9754210178129554	-0.25671700236313594	0.8089419951757809	0.9727640365131593	0.6810590463041428	-0.18424139854155153	0.38631628635107895	-1.1828858146607182	0.8144030175776151	-0.476918538127889	0.653894537645796	0.8642910222805852	0.6811718385882253
psvid_24128_sp|P0C0L5|CO4B_HUMAN	P0C0L5	CO4B_HUMAN	-0.23112612937304444	0.10825728827814231	-0.49402215327290944	0.03176989452682055	-2.1349706153660417	0.07524574453696273	0.6954560183642976	0.17199912678082008	-0.06029189429192661	0.10534646320754186	-0.3424185481386133	0.22183475955476006	-0.572320061406772	0.5950448486812532	0.8961189640378836	0.14007810511363467	-0.14122204206690014	0.09990447087921665	-0.3994794480158714	0.11703536388207109	-1.4135707924186491	0.2176541732732198	0.6210915066177928	0.09100308374048136
psvid_54296_sp|P19440|GGT1_HUMAN	P19440	GGT1_HUMAN	0.2019069656370256	0.09467724159018381	-0.02801076797474203	0.4318246992487932	2.1325818353579855	0.07549799949686196	0.6954560183642976	0.13492033791904257	0.0120792151487783	0.1436650218169406	-0.37266774878273584	0.39682617908029244	0.08407902630725074	0.9366762550119113	1.0	0.2183085825712938	-0.06717151840259539	0.14701606994745087	-0.4472144586564307	0.31287142185123995	-0.45689915685139076	0.6672499854861678	0.8667518703711972	0.21528795256265879
psvid_108581_sp|Q9P2X0|DPM3_HUMAN	Q9P2X0	DPM3_HUMAN	-0.2873593467848625	0.13501130618974763	-0.6152258225053548	0.0405071289356298	-2.1284095006162067	0.07594066725129874	0.6954560183642976	0.23761291377583682	-0.3873412858696703	0.24969985249414156	-1.0560584093994523	0.28137583766011154	-1.551227531777409	0.1892548726815592	0.7176098719675167	0.4125737942729279	-0.4686172794790353	0.22932421854685156	-1.0614303666409381	0.12419580768286742	-2.0434705171939593	0.09749217454668681	0.5242202172346438	0.3843365755176282
psvid_52330_sp|Q15029|U5S1_HUMAN	Q15029	U5S1_HUMAN	0.2001281323028543	0.09411292364107937	-0.02841919061976214	0.4286754552254708	2.1264681253138793	0.07614754003303673	0.6954560183642976	0.1332799872893431	0.0820344056726805	0.12415235080685594	-0.25045599062408536	0.41452480196944635	0.6607559594284412	0.5417199114506756	0.870139239925974	0.17973163900379924	0.0008187830082154735	0.1391727051976643	-0.3589487179548156	0.36058628397124654	0.00588321544122155	0.9955374924222216	1.0	0.19749274286068508
psvid_72001_sp|Q14139|UBE4A_HUMAN	Q14139	UBE4A_HUMAN	0.18942852496669005	0.08910412291142775	-0.026955240035013456	0.4058122899683936	2.1259232320258388	0.0762057069373122	0.6954560183642976	0.11821152044673877	-0.3659733950695534	0.2535287768820094	-1.0449446988773476	0.31299790873824085	-1.4435181661444094	0.21599183723209472	0.7273647085433991	0.41937902323556076	-0.44727580437534564	0.23236679788524067	-1.0479540915669476	0.15340248281625646	-1.924869682097364	0.11330002397880061	0.5319320213874119	0.3902710063576597
psvid_79087_sp|P30153|2AAA_HUMAN	P30153	2AAA_HUMAN	0.26879025252239774	0.12657197257999986	-0.03858183168270002	0.5761623367274955	2.123615892550847	0.07645251553749383	0.6954560183642976	0.21758620990680394	0.3117179061477251	0.28273409093303026	-0.4454676753574931	1.0689034876529433	1.1025126298673338	0.32676849683295134	0.7992702407549543	0.47106045179116607	0.23222922548462932	0.3084995686999075	-0.5652555882344428	1.0297140392037014	0.7527700167079648	0.48609920933335443	0.7877497068248037	0.5357812588166889
psvid_90373_sp|P51857|AK1D1_HUMAN	P51857	AK1D1_HUMAN	-0.16755319136715396	0.07927999257386628	-0.36007967299239574	0.024973290258087838	-2.113436012384112	0.07755117861198227	0.6954560183642976	0.0845157098970393	-0.14394688894882046	0.1058977313991258	-0.42754988519494097	0.13965610729730005	-1.359300969406874	0.23945153791757698	0.7409443814808042	0.14129419501933885	-0.22429729860405634	0.14124393340123287	-0.5894190146314829	0.14082441742337026	-1.588013681032891	0.17422849887538486	0.577965496292724	0.20224742426005746
psvid_46153_sp|Q9UI10|EI2BD_HUMAN	Q9UI10	EI2BD_HUMAN	0.2603721895711031	0.12422867019744614	-0.041309332003369115	0.5620537111455752	2.095910623186046	0.0794803710882096	0.6954560183642976	0.21193600618478253	-0.300992128354026	0.3732140163834035	-1.3004905301512877	0.6985062734432358	-0.8064866675447049	0.4612391914190834	0.8337187464473949	0.6295138817500802	-0.38312377020675514	0.36634732893973615	-1.330147562191955	0.5639000217784447	-1.0457938135254665	0.3443963853691358	0.6990333245481015	0.6440582889806351
psvid_59741_sp|Q12907|LMAN2_HUMAN	Q12907	LMAN2_HUMAN	-0.22748237991846043	0.108791839596392	-0.4916765281143748	0.03671176827745393	-2.0909875296014824	0.08003102724962494	0.6954560183642976	0.17338631751198805	-0.03576283415016723	0.07273588531749879	-0.23055562846329591	0.15902996016296145	-0.49168074319930516	0.646437134577089	0.9190364020538448	0.05057628508406681	-0.05762419102777372	0.09427500226590142	-0.3013291755670601	0.1860807935115127	-0.6112351062612063	0.5682378943230162	0.8298398456720806	0.06858864779764431
psvid_47165_sp|Q9Y639|NPTN_HUMAN	Q9Y639	NPTN_HUMAN	-0.19210288772852202	0.09222194606342077	-0.41605809039432046	0.031852314937276416	-2.083049598589184	0.08092706584518555	0.6954560183642976	0.12770481812955187	-0.03736473174497901	0.13561227686163405	-0.4005457700692367	0.3258163065792787	-0.27552617365979665	0.7953541323015306	0.9690793291043909	0.202609236024792	-0.11588400424250844	0.1439255173247079	-0.4879377314383681	0.2561697229533512	-0.8051664944240883	0.4579335706742274	0.7776897008297246	0.20834214707088605
psvid_91932_sp|Q9NPJ3|ACO13_HUMAN	Q9NPJ3	ACO13_HUMAN	-0.3229237403310252	0.15516270493148868	-0.6997266219922722	0.0538791413302217	-2.0811943209781667	0.08113795397226307	0.6954560183642976	0.2839128801966242	-0.41942447893544266	0.2149574035200848	-0.9950984135716446	0.15624945570075932	-1.9511981074718054	0.11620778560128103	0.7048513307479977	0.3504038237752775	-0.5	0.24162174983602222	-1.1246027408417385	0.12460274084173839	-2.069350132342504	0.0943611946682532	0.5204027816531388	0.408248290463863
psvid_88302_sp|O95563|MPC2_HUMAN	O95563	MPC2_HUMAN	0.14524207975583803	0.06981225087478649	-0.024292585913289727	0.3147767454249658	2.080466937190445	0.08122078718759142	0.6954560183642976	0.03624780191885457	-0.08071554166863848	0.14591433380912464	-0.4714863515508411	0.31005526821356416	-0.5531707513685746	0.6070172037505568	0.90322440158065	0.22264888411052494	-0.16208114042964605	0.17298698313299096	-0.6092600217519488	0.28509774089265677	-0.9369557032221286	0.39255247055727044	0.733241516758455	0.2711920719387227
psvid_51310_sp|P20851|C4BPB_HUMAN	P20851	C4BPB_HUMAN	-0.15259194740189486	0.07358834711824505	-0.3312966255852646	0.02611273078147494	-2.0735884603672816	0.08200834729033393	0.6954560183642976	0.05958171075997715	0.25183462081658314	0.2988480572330941	-0.5485055123842046	1.052174754017371	0.8426844837079144	0.4427155968423996	0.8302945969368365	0.4994343884687956	0.1739984532774751	0.2550842642736738	-0.48540547339329265	0.8334023799482428	0.6821214698324014	0.5260109211879872	0.8122955845087562	0.43422226149451854
psvid_60270_sp|Q15287|RNPS1_HUMAN	Q15287	RNPS1_HUMAN	0.22848261099187894	0.11037582360634177	-0.03955814286689713	0.496523364850655	2.0700421842990555	0.08241740162568896	0.6954560183642976	0.17747221984191977	-0.0011200121560110965	0.2241419316780887	-0.601390882631183	0.5991508583191608	-0.004996888121851521	0.9962311968879971	1.0	0.36692350119351325	-0.08048202372184043	0.21509097785647976	-0.6365015641426087	0.47553751669892785	-0.37417666014584006	0.7238905319178289	0.896040644379517	0.3563917620185807
psvid_86080_sp|Q8N5K1|CISD2_HUMAN	Q8N5K1	CISD2_HUMAN	0.15786501555471855	0.0762706823269725	-0.02735354517972044	0.34308357628915753	2.0697994398155646	0.08244547707685905	0.6954560183642976	0.07217968029789798	-0.15490623048241092	0.09307724498814582	-0.404174890086485	0.09436242912166315	-1.664276059117774	0.16475498312027134	0.7176098719675167	0.11166253101662621	-0.3161710357632219	0.1288352371473731	-0.649215731838209	0.016873660311765182	-2.45407268045432	0.058566611027858734	0.5036298607729148	0.17302340695232335
psvid_76331_sp|CRP_HUMAN|		CRP_HUMAN	-0.2893064710213684	0.13994039519022888	-0.6291429297359454	0.050529987693208545	-2.067354966577719	0.08272874151817657	0.6954560183642976	0.2491111961802619	0.1294736166573509	0.09314157616776106	-0.11996732723506326	0.3789145605497651	1.3900732839666654	0.23060624823300074	0.7365587977323307	0.11182003833585893	0.04854888237644883	0.11828682736618264	-0.2572277152540699	0.35432548000696756	0.41043354917412056	0.69878748730661	0.8825301385299179	0.14631051268500875
psvid_40300_sp|P62266|RS23_HUMAN	P62266	RS23_HUMAN	0.18082990585430547	0.0875164516268523	-0.031698299169741095	0.39335811087835204	2.06623900412825	0.0828583861938271	0.6954560183642976	0.11320777656096097	0.6091716756429939	0.11628447028992586	0.29775212250053446	0.9205912287854534	5.2386331048692805	0.004835761509479549	0.5727769937574851	0.1635388533111862	0.6001344823959323	0.17536155777429077	0.14681722226337868	1.0534517425284857	3.4222693389184533	0.019347634590517523	0.46661942247718735	0.27613766363600595
psvid_65098_sp|P55157|MTP_HUMAN	P55157	MTP_HUMAN	-0.16798289962617385	0.08134153631662999	-0.36551571072528677	0.02954991147293906	-2.0651552359705105	0.0829844876435344	0.6954560183642976	0.09225120450872037	-0.24999981966325446	0.21670530891110198	-0.8303547913669919	0.33035515204048294	-1.1536395712659293	0.30734445401444455	0.7858402699700607	0.35355313555860246	-0.12641984352221614	0.09061022135937603	-0.36065120989445554	0.10781152285002327	-1.3952051062850057	0.22279012381721683	0.6245667201490522	0.04987120518220424
psvid_80162_sp|P14406|CX7A2_HUMAN	P14406	CX7A2_HUMAN	0.35056874428639606	0.1698438542927	-0.06188638633407195	0.7630238749068641	2.0640649362693115	0.08311154511111035	0.6954560183642976	0.31671768895844243	0.12664269822206276	0.18651562590621437	-0.37286177326050196	0.6261471697046275	0.6789924308311974	0.5311371812771626	0.8667313206910913	0.29871609061091436	0.04547441077709724	0.16587759055792975	-0.38332638127502716	0.47427520282922164	0.27414438939065805	0.7951352809341916	0.9341130807536348	0.25624502236234614
psvid_51167_sp|P35232|PHB1_HUMAN	P35232	PHB1_HUMAN	-0.14301773576388133	0.06961477453286329	-0.3120728425420408	0.026037371014278138	-2.0544164184050677	0.08424454419731515	0.6954560183642976	0.03464396958034209	-0.04733832007798755	0.10039258650682796	-0.31619807711022646	0.22152143695425136	-0.4715320296560737	0.6596660872908074	0.9275617443470789	0.1289461942221267	-0.14659233048385012	0.1417471484498382	-0.5130148793162912	0.21983021834859096	-1.034181865998712	0.3492871870855658	0.6990333245481015	0.20339623677103436
psvid_89237_sp|Q969Z3|MARC2_HUMAN	Q969Z3	MARC2_HUMAN	-0.15506813430168354	0.07557388382155007	-0.3385945636383337	0.028458295034966608	-2.051874622030018	0.08454561171588595	0.6954560183642976	0.06908682193036048	0.19673068535198945	0.08781530951832275	-0.03844607024640659	0.43190744095038547	2.2402777651309354	0.08238842315476731	0.6917486752637665	0.09834477306574278	0.1149939037800396	0.10155480446009324	-0.1475296863126117	0.3775174938726909	1.132333466559205	0.3097567613649676	0.6801903911201771	0.09679646280381157
psvid_74347_sp|Q96NT0|VMA22_HUMAN	Q96NT0	VMA22_HUMAN	0.3518163160083754	0.171474510719706	-0.06459876130783115	0.7682313933245819	2.0517120272380187	0.08456490751581365	0.6954560183642976	0.32032551835699485	-0.6676718225679816	0.41382530006321455	-1.7759306442611758	0.4405869991252125	-1.6134147005173205	0.17535264141232312	0.7176098719675167	0.7001459469614919	-0.75	0.374284448560462	-1.7175415916984234	0.21754159169842335	-2.003823570240709	0.10250253191325664	0.5319320213874119	0.6588230991627176
psvid_108796_sp|Q15125|EBP_HUMAN	Q15125	EBP_HUMAN	-0.21716225633242736	0.10599395013377387	-0.47456190573077534	0.04023739306592061	-2.0488174660756497	0.08490916307452237	0.6954560183642976	0.1660759820264279	0.16267807738694717	0.24357129647100678	-0.48962625969444085	0.8149824144683352	0.6678868969534404	0.5375646529827247	0.8696729157482714	0.40166462724556734	0.08048202372184066	0.22656075862943853	-0.5051873992633319	0.6661514467070132	0.3552337315990215	0.7371676620120093	0.9041069760544732	0.37893529573832624
psvid_74158_sp|P53007|TXTP_HUMAN	P53007	TXTP_HUMAN	-0.2214451899535499	0.10829955554986462	-0.4844438572675778	0.04155347736047804	-2.044746987457297	0.08539567012653426	0.6954560183642976	0.17210897018822038	0.2806698111441621	0.0904592784961712	0.0384122851251657	0.5229273371631585	3.1027199841754407	0.03170007453831383	0.6392260310717692	0.10515074654662743	0.19934270837124513	0.09567689652660885	-0.04798623385480752	0.44667165059729774	2.083498896892058	0.09269446899087656	0.5204027816531388	0.07467141560155938
psvid_98194_sp|P35542|SAA4_HUMAN	P35542	SAA4_HUMAN	-0.2188925113328759	0.1073724008591987	-0.4796396417241432	0.041854619058391385	-2.0386291969005845	0.08613217491213208	0.6954560183642976	0.1696931540419173	-0.07909290641472344	0.1592938596390859	-0.5056952073364093	0.3475093945069624	-0.4965220040114869	0.643280966292077	0.9190364020538448	0.24813561109847895	-0.1609640474436811	0.16322775395091152	-0.5829148965223372	0.26098680163497506	-0.9861316078152297	0.3701489737711723	0.7139531088687285	0.2506146938530505
psvid_68828_sp|Q96AC1|FERM2_HUMAN	Q96AC1	FERM2_HUMAN	0.2875200033852474	0.1414137459345066	-0.05589439505644833	0.6309344018269432	2.033182852807021	0.08679323982073629	0.6954560183642976	0.25252363234438935	0.05060030292122297	0.41815921203268047	-1.0692650980987273	1.1704657039411732	0.12100726580972321	0.9090044855312722	0.9933197920610235	0.7076716701397979	-0.03138272052096458	0.42572924286462505	-1.1319113448281106	1.0691459037861812	-0.07371520995315742	0.9441463897477087	0.9963964473527942	0.7541411518389003
psvid_52886_sp|O95197|RTN3_HUMAN	O95197	RTN3_HUMAN	-0.2071701124404104	0.10254538651896143	-0.4561951417377024	0.04185491685688164	-2.02027725939775	0.0883801942189451	0.6954560183642976	0.15688048946849095	0.5268831059481509	0.09347902386686846	0.27653844884792	0.7772277630483818	5.636377918307433	0.0036293536412057366	0.5727769937574851	0.11264440005122843	0.4444018946658881	0.09426199508609855	0.2007305342525796	0.6880732550791966	4.714539452087483	0.005522817574075671	0.39647783251920843	0.06853012160080989
psvid_73637_sp|P37059|DHB2_HUMAN	P37059	DHB2_HUMAN	-0.20549499950127004	0.10186307266090329	-0.4528630724569771	0.041873073454437	-2.017365018875406	0.08874232703930121	0.6954560183642976	0.15503402809453498	0.036371745163743974	0.09424232315908226	-0.21601709138626657	0.2887605817137545	0.38593854591580895	0.7174570241737276	0.9513860308426689	0.11449797294830763	-0.002492456880300864	0.12039821369880653	-0.3137270800868601	0.3087421663262584	-0.02070177624508702	0.9842986316442446	1.0	0.1518417498322918
psvid_61435_sp|P53992|SC24C_HUMAN	P53992	SC24C_HUMAN	0.14023764972999597	0.06970996760004194	-0.029048627431812912	0.30952392689180486	2.011730238272433	0.08944725152593014	0.6954560183642976	0.0354255918564167	-0.18751816952803635	0.09040805428789501	-0.4296385128259723	0.05460217376989959	-2.074131237587575	0.10027795659394997	0.6917486752637665	0.10502121966520835	-0.26600007235583367	0.11707688645957989	-0.5686489200754545	0.03664877536378719	-2.2720118411046797	0.07324138478512303	0.5124776378946586	0.1430903986307081
psvid_54083_sp|P08684|CP3A4_HUMAN	P08684	CP3A4_HUMAN	-0.2366697383148093	0.11785555021987931	-0.5228745383808471	0.04953506175122846	-2.0081340070388047	0.08990009219488347	0.6954560183642976	0.19633088394176754	-0.2064926299837777	0.08856226116261276	-0.4436697846612928	0.03068452469373742	-2.33160973165114	0.07406561402315515	0.6917486752637665	0.10029359435238087	-0.33281419533108014	0.12401333763782893	-0.6533940712821807	-0.012234319379979541	-2.6836967835107983	0.04445669317895731	0.5036298607729148	0.16108179631693464
psvid_23148_sp|P37268|FDFT_HUMAN	P37268	FDFT_HUMAN	-0.1967828602978603	0.09820695796270928	-0.43527228838480314	0.04170656778908252	-2.003756804813991	0.0904543865553786	0.6954560183642976	0.1449653068438878	-0.07069060976406849	0.13489868093412716	-0.43196057841312013	0.29057935888498315	-0.524027435068751	0.6255179088476323	0.9175798412959852	0.20120462747447695	-0.15325211220471524	0.1397953755018285	-0.5146292430081296	0.2081250185986992	-1.0962602421902772	0.3238118772358379	0.6810157109210588	0.19892666391662586
psvid_46391_sp|P62750|RL23A_HUMAN	P62750	RL23A_HUMAN	0.14201000656452312	0.07088116336640828	-0.03012044594181293	0.3141404590708592	2.0034942969322644	0.09048773751246919	0.6954560183642976	0.043987811581571716	0.09600566196551563	0.10341018571256515	-0.1809354785384002	0.37294680246943146	0.9283965723876482	0.4011929344964199	0.8101536433552932	0.1357725092162384	0.20781487867888226	0.08666306459829431	-0.016212915650787307	0.43184267300855184	2.3979636497065724	0.0627166174902289	0.5036298607729148	0.014048123163235813
psvid_79904_sp|P49773|HINT1_HUMAN	P49773	HINT1_HUMAN	-0.2705052406530033	0.13587502847541427	-0.6004692116855161	0.059458730379509606	-1.9908385204272432	0.09211036765846115	0.6954560183642976	0.23963736719599257	0.5454484567833426	0.25614938501408946	-0.1405410551430345	1.2314379687097197	2.1294154454180725	0.09389584301658162	0.6917486752637665	0.4240322904791253	0.46562411906251633	0.255988281077807	-0.1961167303977428	1.1273649685227753	1.8189274802036386	0.12967336564395265	0.5456215805014657	0.4359597280159604
psvid_93521_sp|P50151|GBG10_HUMAN	P50151	GBG10_HUMAN	0.3161716209104348	0.15916282876875873	-0.0703453102032931	0.7026885520241628	1.9864664592622179	0.09267768633595401	0.6954560183642976	0.29291407805826547	-0.418489771770695	0.2810748600035133	-1.1712317938449588	0.33425225030356887	-1.4888907950197472	0.20430043980634463	0.7245364361573173	0.4681337213869548	-0.5	0.24162174983602222	-1.1246027408417385	0.12460274084173839	-2.069350132342504	0.0943611946682532	0.5204027816531388	0.408248290463863
psvid_65748_sp|O14657|TOR1B_HUMAN	O14657	TOR1B_HUMAN	-0.3036918783791851	0.15377683302559597	-0.6771292571769423	0.06974550041857208	-1.9748870646115853	0.09419722304083333	0.6954560183642976	0.2807819344435893	-0.06640358121974055	0.22794634696802787	-0.6768629945554275	0.5440558321159464	-0.2913123289887792	0.7840152515922191	0.9665779766182299	0.37374666225536896	-0.14624062518028935	0.2567737743548404	-0.8100120089532946	0.5175307585927159	-0.5695310027191357	0.5940671594327968	0.8401517092289622	0.437468760121408
psvid_25280_sp|P00352|AL1A1_HUMAN	P00352	AL1A1_HUMAN	-0.160209499700402	0.0812831658726143	-0.3576005618430329	0.03718156244222895	-1.9710046721295256	0.09471227080707158	0.6954560183642976	0.09203850269635279	0.02980877316510888	0.16198176429854236	-0.4039919616132257	0.46360950794344347	0.184025487647915	0.8621547598621447	0.979782114487937	0.25319694553197225	-0.026963002725370222	0.14184163896945728	-0.3936298136640898	0.33970380821334933	-0.19009229533209326	0.8568473667894274	0.9614570829524488	0.2036116844956981
psvid_46048_sp|Q6P1M0|S27A4_HUMAN	Q6P1M0	S27A4_HUMAN	-0.14996297005077697	0.07612366705417571	-0.3348245134306751	0.03489857332912119	-1.9699914081129497	0.09484715652010887	0.6954560183642976	0.07153592599320731	-0.2597797074578958	0.3478825298236792	-1.1914382661084755	0.671878851192684	-0.7467454821303116	0.49309383396907974	0.8458142756443096	0.5853332663048173	-0.34196609476355544	0.34737554262764364	-1.2399469933120564	0.5560148037849455	-0.9844276663141865	0.3709073468025346	0.7139531088687285	0.6086876994482089
psvid_58442_sp|P20813|CP2B6_HUMAN	P20813	CP2B6_HUMAN	-0.15871804922088995	0.08065725320128204	-0.3545891217607976	0.03715302331901771	-1.9678087576923229	0.09513836487147716	0.6954560183642976	0.08973584615639137	0.0	0.15479430148603557	-0.414552107238318	0.414552107238318	0.0	1.0	1.0	0.23962194252075214	-0.05782902698549153	0.14164246539149178	-0.4239809655553745	0.30832291158439146	-0.4082746429586308	0.7002704541718244	0.8825301385299179	0.2031574501949791
psvid_102240_sp|P02655|APOC2_HUMAN	P02655	APOC2_HUMAN	0.2374048144334875	0.12081962018659295	-0.055998043344913595	0.5308076722118886	1.9649524975069546	0.09552079867863923	0.6954560183642976	0.2036349642828667	-0.14227538518314287	0.07853354501026617	-0.352594797851174	0.06804402748488822	-1.8116511251917145	0.13761449511020465	0.7067636245123187	0.07165817496040805	-0.22315194831381047	0.09864694902944231	-0.4781586055426417	0.03185470891502079	-2.2621272174085	0.07414452776255599	0.5124776378946586	0.08639732264275321
psvid_78220_sp|Q9C0E8|LNP_HUMAN	Q9C0E8	LNP_HUMAN	0.16020077689034284	0.08161897818634857	-0.038005784360583966	0.3584073381412697	1.9627883177436998	0.09581159197600334	0.6954560183642976	0.09325763212927017	-0.18419322592311982	0.11889640823241106	-0.5026077676900839	0.13422131584384422	-1.549190834790154	0.18972849726463492	0.7176098719675167	0.16896716356527056	-0.26472342226339163	0.13779512573726885	-0.6209298203568581	0.09148297583007481	-1.9211377822473517	0.11383882580965635	0.5319320213874119	0.19430597477563516
psvid_63227_sp|P62917|RL8_HUMAN	P62917	RL8_HUMAN	0.17600988395380135	0.08980284774962635	-0.04207069042382644	0.39409045833142914	1.9599588249642528	0.09619311767681883	0.6954560183642976	0.12037513578963237	0.2482858768782754	0.1393649879206019	-0.12494523604444546	0.6215169898009962	1.7815513105754166	0.14275365742344726	0.7067636245123187	0.20995853514105356	0.16726703342561589	0.13964486812058982	-0.1937210292458842	0.528255096097116	1.197802938817437	0.285612773664923	0.6659413830042331	0.19858043020816404
psvid_39972_sp|P17858|PFKAL_HUMAN	P17858	PFKAL_HUMAN	-0.22273994408108688	0.11387526213857341	-0.49927886458192755	0.053798976419753786	-1.9559993970423302	0.09672955515442762	0.6954560183642976	0.18637862195632277	-0.39072348709739035	0.2620781077468698	-1.0925906151796019	0.3111436409848213	-1.4908665605704605	0.20380578925410903	0.7245364361573173	0.43454707675297666	-0.4747305404101696	0.24771632972871913	-1.115088035564551	0.16562695474421185	-1.9164281213517893	0.11452259350425657	0.5319320213874119	0.4200309543599717
psvid_103710_sp|P08571|CD14_HUMAN	P08571	CD14_HUMAN	-0.20106121464157756	0.10289642642353372	-0.4509387222949238	0.048816293011768735	-1.954015524445777	0.09699946118960606	0.6954560183642976	0.15782679480818038	0.09407392318788199	0.17218889960246447	-0.3670623750348812	0.5552102214106451	0.546341392535013	0.6113225393292107	0.9049999163602519	0.2722702479141715	0.013760340889490186	0.19489673079813388	-0.49005619185321025	0.5175768736321906	0.07060324117874808	0.9464994982443233	0.9970116237574381	0.31610367556936897
psvid_74728_sp|P40925|MDHC_HUMAN	P40925	MDHC_HUMAN	-0.1458618544456325	0.07489724157515201	-0.32774510059332557	0.03602139170206059	-1.947493010130079	0.09789216661298658	0.6954560183642976	0.06597384319612531	0.0671366063631087	0.23074650592360704	-0.5508218672383226	0.68509507996454	0.2909539457353063	0.7842719878338792	0.9665779766182299	0.37876191141634996	-0.015257358349390016	0.20558642241172043	-0.5467072092231376	0.5161924925243576	-0.07421384238514867	0.9437694095224718	0.9963964473527942	0.337536440957399
psvid_61417_sp|O43399|TPD54_HUMAN	O43399	TPD54_HUMAN	0.20992664231757896	0.10816266993520088	-0.05273960688034279	0.4725928915155007	1.9408419045438117	0.09881092255058664	0.6954560183642976	0.17175313542785722	-0.1590616980600248	0.11987329659111359	-0.4800924286902026	0.161969032570153	-1.3269151894819609	0.24911250991543862	0.745519190257882	0.17098324419964595	-0.23983950387566355	0.11091379341762679	-0.5265564878095158	0.0468774800581887	-2.162395645170923	0.08395484105403178	0.5204027816531388	0.12600281919864162
psvid_87928_sp|Q7Z5P4|DHB13_HUMAN	Q7Z5P4	DHB13_HUMAN	-0.1502110584112284	0.07778936650022135	-0.339117648257213	0.038695531434756236	-1.9309973222471348	0.10018662911350534	0.6954560183642976	0.07858796935138929	-0.023277330058575796	0.14123097879211355	-0.4015057228581816	0.35495106274103	-0.16481745193339706	0.8763749044538599	0.9814843470253816	0.21359087242094396	-0.11928555040746147	0.13333960980716594	-0.463974245878151	0.22540314506322806	-0.894599516077561	0.4127135046605993	0.7528922665666106	0.18385210076787803
psvid_59788_sp|Q13243|SRSF5_HUMAN	Q13243	SRSF5_HUMAN	0.1839250617367183	0.09542366811694475	-0.04780532180504443	0.41565544527848103	1.9274574680079608	0.10068595133519297	0.6954560183642976	0.13707462293831152	-0.35075773389768505	0.3448903354160411	-1.2744029452541787	0.5728874774588085	-1.0170123598116083	0.3616828374037376	0.7995936304778763	0.5801070189926621	-0.4342413985415514	0.35552049893311544	-1.353277363680235	0.48479456659713216	-1.2214243618713132	0.27732281207405673	0.6642062428136009	0.6238873624933149
psvid_35253_sp|P22087|FBRL_HUMAN	P22087	FBRL_HUMAN	0.23039651448665577	0.11994513626994123	-0.06088271403491918	0.5216757430082307	1.9208491619713481	0.1016247446941383	0.6954560183642976	0.20148886548826928	0.2750608410240658	0.17269571000363426	-0.1874327379109605	0.7375544199590921	1.5927485460888249	0.1798543708012965	0.7176098719675167	0.2732117866449808	0.1944018946658881	0.16873276562742573	-0.24177964922335554	0.6305834385551317	1.1521288941303889	0.30227295951694255	0.6743170095161402	0.2622744286451137
psvid_76199_sp|P22307|SCP2_HUMAN	P22307	SCP2_HUMAN	0.147001900124474	0.07657115332426415	-0.03894633555140864	0.33295013580035665	1.9198078354905947	0.10177347116352427	0.6954560183642976	0.07348162745596122	-0.04847042561773929	0.10057121647060036	-0.31780856865764673	0.22086771742216815	-0.481951271136394	0.6528064882432598	0.9221383640990061	0.12935455666174914	-0.13109805846505096	0.10300813763622574	-0.3973785780799189	0.13518246114981697	-1.2726961332708009	0.26007378292798394	0.6541369364189723	0.10169776794132217
psvid_42957_sp|Q8N5M9|JAGN1_HUMAN	Q8N5M9	JAGN1_HUMAN	-0.27479813047435186	0.1431633541427368	-0.6224613425399812	0.07286508159127753	-1.9194725641896635	0.10182140206453225	0.6954560183642976	0.25656233970676356	-0.05866358859950305	0.13270383068502514	-0.41405556440836044	0.29672838720935435	-0.44206401802177137	0.6792784129942901	0.9374966464486023	0.1968692117353302	-0.13895403876541002	0.14467849839297628	-0.5129542547991395	0.2350461772683194	-0.9604332385865835	0.38172275111749415	0.7228929697837071	0.21004187268552765
psvid_89321_sp|Q96HV5|TM41A_HUMAN	Q96HV5	TM41A_HUMAN	0.5281378130584722	0.2753747853521674	-0.140592554225081	1.1968681803420254	1.917887334466933	0.10204833338103328	0.6954560183642976	0.5425217154724282	-0.06432731697583094	0.39343575357537613	-1.1179812250448011	0.9893265910931393	-0.16350145199375438	0.8773512516702496	0.9814843470253816	0.6647108364413769	-0.14624062518028902	0.3498323206054268	-1.0505724017420666	0.7580911513814884	-0.4180306294375605	0.6935811951788569	0.8790364452034973	0.6132747950467041
psvid_79270_sp|P84095|RHOG_HUMAN	P84095	RHOG_HUMAN	-0.13654812617269663	0.07122984011394295	-0.30952531825667373	0.036429065911280506	-1.9170073378554149	0.102174525240361	0.6954560183642976	0.0462552201042982	-0.35438171999389345	0.11216982918962087	-0.6547819195665789	-0.05398152042120802	-3.1593319037226864	0.02989769362145237	0.6392260310717692	0.15486417427825055	-0.4348848844575084	0.14444716427440588	-0.8082870917250264	-0.0614826771899904	-3.010684817815868	0.030434179178500314	0.48232346954803157	0.20952020061149954
psvid_41785_sp|O75340|PDCD6_HUMAN	O75340	PDCD6_HUMAN	0.39847825197862274	0.2082635356674149	-0.10727666134988456	0.90423316530713	1.9133366323664551	0.10270258254187803	0.6954560183642976	0.40037197912799544	-0.12223522582405	0.18923190171770177	-0.6290141114851893	0.38454365983708927	-0.6459546446159055	0.5504146193623647	0.8747425801892469	0.3036943419718005	-0.20183873051440093	0.17985712266701523	-0.6667772215813932	0.2630997605525914	-1.1222170549680266	0.3136437103825764	0.6810157109210588	0.2854430701056342
psvid_27014_sp|O60610|DIAP1_HUMAN	O60610	DIAP1_HUMAN	0.4074807465663479	0.21335971705444928	-0.1106499231203052	0.925611416253001	1.909829803825429	0.10320960003602216	0.6954560183642976	0.41130347955033925	0.1903946174907989	0.6662758837741733	-1.593948016372719	1.9747372513543169	0.2857594310817514	0.7879968016698619	0.9665779766182299	1.1363990714464602	0.10943939394473201	0.6207615356332166	-1.4952561966996034	1.7141349845890674	0.1762986068927367	0.8671015567939091	0.9646447066194703	1.1120367591661626
psvid_58342_sp|Q9Y3A5|SBDS_HUMAN	Q9Y3A5	SBDS_HUMAN	-0.23225361384469245	0.12189744366607734	-0.5282738982345412	0.06376667054515622	-1.9053198070414168	0.1038653150814148	0.6954560183642976	0.20627042821776823	-0.49945268502194384	0.42947726686224497	-1.649628785043033	0.6507234149991452	-1.1629315997816096	0.3039279713817665	0.7858402699700607	0.7273157926149425	-0.5804820237218409	0.400977224419075	-1.6170256029204735	0.4560615554767917	-1.4476683172288092	0.20841652707234437	0.6186927031367531	0.7083549391060262
psvid_70096_sp|Q9HAV0|GBB4_HUMAN	Q9HAV0	GBB4_HUMAN	-0.16602913489421578	0.08717355706879445	-0.3777246420245307	0.04566637223609912	-1.9045813945987216	0.10397306764142474	0.6954560183642976	0.11210996949897717	0.0005337603733455154	0.1844874832980404	-0.4935391752973264	0.4946066960440174	0.002893206432239216	0.9978178493999253	1.0	0.29499215411867163	-0.08190907231883005	0.20605844196793474	-0.6145791142918576	0.45076096965419754	-0.3975040844556911	0.7076914474208488	0.8886783872666094	0.33847701898953103
psvid_107946_sp|P02743|SAMP_HUMAN	P02743	SAMP_HUMAN	-0.2905510527951538	0.15269554597119217	-0.6613625939073522	0.08026048831704452	-1.9028128878753918	0.10423158802998797	0.6954560183642976	0.27833443334079255	0.27857258996077316	0.1306892652394838	-0.07142421081514538	0.6285693907366917	2.1315644360713026	0.09365681685761676	0.6917486752637665	0.19286872910653996	0.19613174815083623	0.1590810833240242	-0.21509977685753456	0.607363273159207	1.2329042778225578	0.27337281764405585	0.6642062428136009	0.24173151020713657
psvid_167787_sp|P00414|COX3_HUMAN	P00414	COX3_HUMAN	-0.27505714584439556	0.14459602100219188	-0.6261994993785989	0.07608520768980781	-1.9022456077143788	0.1043146482438778	0.6954560183642976	0.2598589176245545	-0.4617523533284844	0.33648832836494985	-1.3628962859258547	0.43939157926888583	-1.3722685585328096	0.23568489651438373	0.739050153505907	0.5654223332186242	-0.542481250360578	0.30474349527276845	-1.3302564507729588	0.24529395005180266	-1.7801241331665385	0.13626254213402036	0.554517541190555	0.5287002345329384
psvid_26922_sp|Q6UWM9|UD2A3_HUMAN	Q6UWM9	UD2A3_HUMAN	-0.19750579658535905	0.1038613115948412	-0.4497264672634889	0.054714874092770815	-1.9016301022253717	0.10440484389031468	0.6954560183642976	0.16041543893162696	-0.2637998241779269	0.15735011695376494	-0.6851966193517054	0.15759697099585152	-1.6765149545801779	0.1623039674116371	0.7176098719675167	0.24446435285280385	-0.3447397599809363	0.17377682188413338	-0.7939604088557106	0.104480888893838	-1.9838074850441987	0.10513397985097275	0.5319320213874119	0.2728395344705695
psvid_24249_sp|P24557|THAS_HUMAN	P24557	THAS_HUMAN	0.13603911249748446	0.07168104908620374	-0.03803381223084393	0.3101120372258128	1.8978393066469161	0.10496205349906133	0.6954560183642976	0.049049196798198226	0.0001983816115775916	0.18177610513843315	-0.4866132562025544	0.4870100194257096	0.0010913514261212296	0.9991768659715691	1.0	0.2900041126827731	-0.08495957318628244	0.1779799028104175	-0.545045369210758	0.37512622283819314	-0.4773548689751818	0.6536050599940099	0.8642910222805852	0.28156623158843125
psvid_50514_sp|Q8N6M3|FITM2_HUMAN	Q8N6M3	FITM2_HUMAN	-0.44585136468150655	0.2356230501844586	-1.018047140299871	0.1263444109368579	-1.8922230415592607	0.1057930195487788	0.6954560183642976	0.4587460944061914	0.22219055999261972	0.3047992213284795	-0.5940872892130792	1.0384684091983187	0.7289735158252484	0.5028769490027042	0.8528626642858685	0.5098924849392307	0.1417601481809735	0.3154280699279902	-0.6736351428023462	0.9571554391642931	0.4494214741679021	0.6722751387887489	0.8687814337240958	0.5488240124956353
psvid_79845_sp|P07858|CATB_HUMAN	P07858	CATB_HUMAN	-0.1942182473555869	0.10274802900742162	-0.44373538120617684	0.05529888649500306	-1.8902381800585029	0.10608825194823018	0.6954560183642976	0.1574270565626384	-0.15508981939861188	0.08598610096695501	-0.3853678012548992	0.07518816245767546	-1.8036614947596457	0.1389594891305671	0.7067636245123187	0.093474842018971	-0.23558653334763258	0.10072382629824099	-0.4959620087203765	0.024788942025111338	-2.338935503205231	0.0674298657434864	0.512092475541875	0.09391218755041927
psvid_8991_sp|Q6IAA8|LTOR1_HUMAN	Q6IAA8	LTOR1_HUMAN	-0.15336254425415685	0.08120653658600023	-0.35056751698806954	0.04384242847975581	-1.888549256028684	0.10634010928128873	0.6954560183642976	0.0917587499428632	-0.048339173632716115	0.1661086466933935	-0.4931920451931311	0.39651369792769886	-0.2910093760618102	0.7842322769129119	0.9665779766182299	0.26093515036481	-0.12900378675091606	0.17059795380805096	-0.5700069232765625	0.31199934977473043	-0.7561860143766158	0.48422547478672956	0.7877497068248037	0.2661936030690394
psvid_87073_sp|Q6NT55|CP4FN_HUMAN	Q6NT55	CP4FN_HUMAN	0.2532115187677997	0.13410084517857498	-0.07244395958189054	0.5788669971174899	1.8882171729090247	0.1063897001933297	0.6954560183642976	0.23547423148893132	-0.1835371223036355	0.31251326448734307	-1.0204738253310477	0.6533995807237767	-0.5872938628851987	0.5857866852725788	0.8948438526472344	0.5234334341794729	-0.26613506304867784	0.3211186159567625	-1.096240663219268	0.5639705371219124	-0.828774944285734	0.4456461839799785	0.7711769837645075	0.5595189320330503
psvid_93803_sp|P39019|RS19_HUMAN	P39019	RS19_HUMAN	0.16503381727821242	0.08741276664306422	-0.04724259527615787	0.3773102298325827	1.887982998548726	0.10642468389693195	0.6954560183642976	0.11287649242948718	0.22525970035809895	0.1274218492356253	-0.11598668663242623	0.5665060873486241	1.767826332056713	0.14516310498625948	0.7067636245123187	0.18633382541967092	0.13849370205936795	0.1328188842333058	-0.20484889513631044	0.48183629925504634	1.0427259862844047	0.3456828539816182	0.6990333245481015	0.18261449500050306
psvid_31516_sp|Q96HY6|DDRGK_HUMAN	Q96HY6	DDRGK_HUMAN	0.17531798574143753	0.09288314172780864	-0.05024288905925492	0.40087886054212996	1.887511366219737	0.10649517646489151	0.6954560183642976	0.12966852898883513	0.1361974148272509	0.1457052353074872	-0.25401341175038544	0.5264082414048872	0.9347461986511906	0.39824710310551126	0.8101536433552932	0.22224615842830814	0.05424545637577194	0.12744771706105026	-0.2752124398789243	0.3837033526304682	0.4256290942409519	0.6883931422780225	0.8778886106811484	0.1696273514166125
psvid_151646_sp|Q5XKP0|MIC13_HUMAN	Q5XKP0	MIC13_HUMAN	-0.7014724348781805	0.3721534872221724	-1.6052238000500738	0.20227893029371302	-1.8849008781675274	0.10688619115139059	0.6954560183642976	0.7437137598240419	-0.47436276396765287	0.31388496054206816	-1.3149729839431554	0.3662474560078498	-1.5112631173804736	0.19876827842849634	0.7245364361573173	0.5258395649012328	-0.5572046726239699	0.3136434312341186	-1.367986594900371	0.2535772496524311	-1.776554574828782	0.13688559982090295	0.5556742170947545	0.5454667518276449
psvid_106406_sp|O60725|ICMT_HUMAN	O60725	ICMT_HUMAN	-0.25911714128203833	0.13752991979022397	-0.5930999119128941	0.07486562934881746	-1.884078327663339	0.1070096922810349	0.6954560183642976	0.24350454281077957	0.4785750397687685	0.22685007125586404	-0.12894845536948596	1.086098534907023	2.1096534690041335	0.096125201866465	0.6917486752637665	0.3717816194614429	0.396240625180289	0.20933874222797222	-0.144909135752616	0.937390386113194	1.892820320611168	0.11801481135498415	0.5319320213874119	0.3450011099201671
psvid_48133_sp|BID_HUMAN|		BID_HUMAN	0.3755934508060834	0.19944996756767713	-0.1087582660573636	0.8599451676695304	1.8831462114860333	0.10714981495935218	0.6954560183642976	0.38139073540057017	0.4017198123847825	0.19544559673147946	-0.12169986907419272	0.9251394938437577	2.0554047730054563	0.10254486809083081	0.6917486752637665	0.31504544281297286	0.32319543730696165	0.2258152657963389	-0.26054685425420654	0.9069377288681298	1.4312382122050562	0.2128199686176225	0.6186927031367531	0.37747630561574047
psvid_29758_sp|Q14749|GNMT_HUMAN	Q14749	GNMT_HUMAN	-0.17834484195471934	0.09482487176878737	-0.4086210861811514	0.05193140227171272	-1.8807812615827175	0.10750614810431981	0.6954560183642976	0.1353477896983034	0.05473244752633999	0.15831247875722532	-0.3692416331787547	0.47870652823143467	0.3457241523599227	0.7454298230087312	0.9595799919421658	0.24628322696566338	-0.02886930435498425	0.16221958294540845	-0.4482139874998959	0.3904753787899274	-0.17796436059572165	0.8658616102845592	0.9646447066194703	0.24846332954362554
psvid_30569_sp|Q7Z7H5|TMED4_HUMAN	Q7Z7H5	TMED4_HUMAN	-0.2861422071807205	0.15246775218919245	-0.6564005654032552	0.0841161510418143	-1.876739199418744	0.10811789516771858	0.6954560183642976	0.27781828699308636	0.18411535190130568	0.18025269372443622	-0.29861646252268487	0.6668471663252962	1.0214291287251138	0.3598030496485322	0.7995936304778763	0.28719652823814784	0.10375937481971098	0.15968292794721026	-0.30902794473719686	0.5165466943766188	0.6497837693332683	0.5450080499776447	0.8166899153832377	0.24302658865249255
psvid_86141_sp|P61106|RAB14_HUMAN	P61106	RAB14_HUMAN	-0.1403796464990723	0.07486571493914657	-0.322186332191718	0.04142703919357338	-1.8750859003106792	0.10836910613539939	0.6954560183642976	0.06582591185527006	-0.28361904464233456	0.20956295241029957	-0.8448461872875711	0.277608098002902	-1.3533835125926357	0.2411895348841571	0.7413118739788219	0.34066688127415184	-0.18541526205893843	0.09603821232822735	-0.4336782213598343	0.06284769724195743	-1.930640497818196	0.1124720585533846	0.5319320213874119	0.07617413629857973
psvid_42040_sp|P02675|FIBB_HUMAN	P02675	FIBB_HUMAN	-0.131728935179507	0.07036139289075113	-0.3025971577375025	0.03913928737848851	-1.8721763422739535	0.10881260323188975	0.6954560183642976	0.04039515983716625	1.3322676295501878e-15	0.06648275985679548	-0.17804640047514755	0.17804640047515022	2.0039294885168806e-14	0.9999999999999849	1.0	7.674738709330906e-15	-0.024888238970478982	0.09499712041241277	-0.27045993035146587	0.22068345241050794	-0.26198940412542193	0.8039675422500092	0.9391309833380596	0.07177510020205796
psvid_89287_sp|P61803|DAD1_HUMAN	P61803	DAD1_HUMAN	-0.22144755621423062	0.11844798354620326	-0.5090910433967992	0.06619593096833803	-1.869576413074606	0.10921042319787243	0.6954560183642976	0.19779766254113204	0.282625323991442	0.111412423142377	-0.01574647873519852	0.5809971267180826	2.536748739682893	0.058563202608156804	0.6917486752637665	0.1532492402117629	0.20183873051440115	0.1281810672295085	-0.12951490784764524	0.5331923688764475	1.5746376190877582	0.17723479770044032	0.5790140801368967	0.17142608235607687
psvid_33217_sp|P06213|INSR_HUMAN	P06213	INSR_HUMAN	-0.19792263294032164	0.10595483813429599	-0.45522730130493916	0.059382035424295876	-1.8679905177096114	0.10945378992805128	0.6954560183642976	0.16597288842567423	-0.7337710156191561	0.3072695626089364	-1.5566646457262185	0.08912261448790626	-2.388036775881477	0.06938969504299733	0.6917486752637665	0.5142306325407786	-0.8168700777162465	0.27717576383048526	-1.533381492358825	-0.10035866307366814	-2.947119424971899	0.03271819393288934	0.48232346954803157	0.47647385055552544
psvid_45490_sp|P42167|LAP2B_HUMAN	P42167	LAP2B_HUMAN	0.20980780964681944	0.11241801816355824	-0.0631922854042351	0.482807904697874	1.8663183453525012	0.10971097724603952	0.6954560183642976	0.18268892388996472	-0.2480006204656613	0.27390252419092714	-0.9815345263729572	0.48553328544163465	-0.9054338626422785	0.41199558584555884	0.8101536433552932	0.4554703492336253	-0.33048202372184043	0.2693796037036248	-1.0268400250786414	0.3658759776349604	-1.226826452998429	0.2754576821911856	0.6642062428136009	0.46160967291628047
psvid_44044_sp|Q7Z434|MAVS_HUMAN	Q7Z434	MAVS_HUMAN	0.22283771573243705	0.11956027300142637	-0.0675068965185206	0.5131823279833947	1.863810696800421	0.11009778443108129	0.6954560183642976	0.2005420724094662	0.018677216940724328	0.29297245264775446	-0.7659275549530362	0.8032819888344849	0.0637507614518975	0.9519569335289261	1.0	0.4890984292107346	-0.06575860145844847	0.29182465252314327	-0.8201380310207486	0.6886208281038516	-0.22533600533708667	0.8307980917270675	0.9520942959775506	0.504285222257151
psvid_51004_sp|Q16891|MIC60_HUMAN	Q16891	MIC60_HUMAN	-0.1806825145756612	0.09729336466615882	-0.4169533387335309	0.05558830958220848	-1.8570897943105809	0.11114114764005023	0.6954560183642976	0.14239869151201698	-0.10497091287009708	0.07149924597580902	-0.29645188342699047	0.08651005768679632	-1.468140138227651	0.20956783409831656	0.7258795267620202	0.04509835368222965	-0.18646309512531856	0.08865511996345615	-0.4156404392858001	0.04271424903516294	-2.103241134885149	0.09042066616939702	0.5204027816531388	0.03660897674537281
psvid_85002_sp|P43155|CACP_HUMAN	P43155	CACP_HUMAN	0.1460694354256269	0.07866359005725848	-0.044960151410215504	0.33709902226146926	1.8568874789378966	0.11117270631922327	0.6954560183642976	0.0821028293357297	-0.033691589558547896	0.1492276036023708	-0.43333561351551525	0.36595243439841946	-0.22577317296015756	0.8314666154266661	0.9778892202407429	0.22901062352404408	-0.11657950105563464	0.17798177370804005	-0.5766701334319025	0.34351113132063327	-0.6550080866531354	0.5419084400813545	0.8166555724192858	0.28157010155486945
psvid_53550_sp|Q9NUQ7|UFSP2_HUMAN	Q9NUQ7	UFSP2_HUMAN	-0.186630099307866	0.1007364644390125	-0.4312622749698314	0.05800207635409935	-1.8526568343169807	0.11183466436415647	0.6954560183642976	0.15196381299698147	-0.013470676769036238	0.0874337270303389	-0.24762552249762212	0.22068416895954965	-0.1540672830332625	0.8843578942480464	0.9859598549060477	0.0973406547336987	-0.09300008732876686	0.12350328911475955	-0.41226146564591015	0.22626129098837644	-0.7530170896286896	0.48596351077860334	0.7877497068248037	0.1597943000245483
psvid_74311_sp|O60701|UGDH_HUMAN	O60701	UGDH_HUMAN	-0.1339586093063767	0.07230774650463839	-0.309553429346469	0.04163621073371562	-1.8526176762787585	0.11184080945372996	0.6954560183642976	0.052711052297518414	-0.03402277592189673	0.08147285815426109	-0.25221391542986127	0.1841683635860678	-0.41759644491025283	0.6957931020029412	0.9422796757100113	0.0807267789815082	-0.11539444306939028	0.10478202866969266	-0.3862605482211975	0.15547166208241692	-1.1012808640415948	0.321823118959502	0.6810157109210588	0.10746458133767657
psvid_59530_sp|O75452|RDH16_HUMAN	O75452	RDH16_HUMAN	-0.17686923713650327	0.0956453351662987	-0.4091379251825784	0.05539945090957185	-1.8492196909444716	0.11237532751446376	0.6954560183642976	0.13771111055230448	-0.7499994589897652	0.2167053089111027	-1.3303544306935047	-0.16964448728602577	-3.4609187137977844	0.02207979318164638	0.6392260310717692	0.3535531355586037	-0.22402923035182054	0.11120804785674276	-0.5115068748193434	0.06344841411570229	-2.0145055566519163	0.10112654005498886	0.5298642993296541	0.12684871365355696
psvid_55837_sp|Q9BRK5|CAB45_HUMAN	Q9BRK5	CAB45_HUMAN	-0.13102849353881663	0.07090740572711314	-0.30322267396958885	0.0411656868919556	-1.847881645015744	0.1125864987917119	0.6954560183642976	0.04416211861310714	-0.07521752825760775	0.14947510356076316	-0.47552437783740464	0.32508932132218915	-0.5032110797436649	0.6389346445519485	0.9190364020538448	0.22948440596887584	-0.15733915501990192	0.1753069245774578	-0.6105151859605223	0.2958368759207185	-0.8975067893018853	0.41130395714395784	0.7525604513121253	0.2760241221741195
psvid_32010_sp|P54855|UDB15_HUMAN	P54855	UDB15_HUMAN	-0.26602918322827307	0.1440463236788779	-0.6158366313445951	0.0837782648880489	-1.8468307724488078	0.11275262247915549	0.6954560183642976	0.2585951531687808	-0.007981770843421554	0.0815959445907768	-0.22650254613991447	0.21053900445307136	-0.09782068071461204	0.9263643417864714	0.9977355245706029	0.08109124202984398	-0.12933126440188603	0.102784511561837	-0.3950337008802744	0.13637117207650234	-1.2582758086472787	0.26482350933711374	0.6600464366456938	0.10095463241021324
psvid_110282_sp|P00403|COX2_HUMAN	P00403	COX2_HUMAN	-0.15483890628998775	0.0839462354633055	-0.35869706564054604	0.049019253060570506	-1.8445008931659692	0.11312179597140135	0.6954560183642976	0.10143036082332284	-0.13026141663490431	0.18780310563997307	-0.6332138667028077	0.37269103343299903	-0.6936062968235533	0.5227609412359421	0.8667313206910913	0.30107700266297777	-0.21047803602349324	0.1736995460154892	-0.6594989234140931	0.23854285136710657	-1.2117362471674187	0.2806963094799451	0.6643263115070572	0.27267845968238436
psvid_40056_sp|P56537|IF6_HUMAN	P56537	IF6_HUMAN	0.19335785054325605	0.10490137606071379	-0.06138855135377269	0.4481042524402848	1.843234643855828	0.11332293485675864	0.6954560183642976	0.1631861753816278	0.3006677401197022	0.19663624129422724	-0.22594058722429922	0.8272760674637036	1.5290555705334725	0.19447522142808377	0.7215822695521661	0.3172149554568471	0.22055315547321575	0.2254541895715662	-0.36225573832968416	0.8033620492761157	0.9782615079912067	0.37366241895852026	0.7156202560569989	0.3767693543234962
psvid_46379_sp|P02760|AMBP_HUMAN	P02760	AMBP_HUMAN	-0.1494501375287518	0.08114724800704982	-0.34651113167317044	0.04761085661566683	-1.8417154148686352	0.11356472371756933	0.6954560183642976	0.09154189855011761	-0.01344217999749775	0.12441595518421443	-0.3466385309002286	0.3197541709052331	-0.10804225211786389	0.9187048106768229	0.9969247407898192	0.18026644650105006	-0.09491089818591236	0.11759560389268142	-0.39890065304927125	0.20907885667744652	-0.8070956315044627	0.4569201017846631	0.7776897008297246	0.14447563193386245
psvid_50981_sp|Q15041|AR6P1_HUMAN	Q15041	AR6P1_HUMAN	0.1978768525284007	0.10747861542399126	-0.06312821326110485	0.45888191831790626	1.8410811466801875	0.11366581932469427	0.6954560183642976	0.1699705914709068	0.13500465559366193	0.2297764999822387	-0.4803560608347497	0.7503653720220735	0.5875477065935705	0.5856305275118628	0.8948438526472344	0.37702520844906096	0.07144226741801707	0.2343818404560743	-0.534444992531665	0.6773295273676991	0.30481144477319744	0.773009261977512	0.9198277689242694	0.39419439177776056
psvid_30038_sp|Q8WWQ8|STAB2_HUMAN	Q8WWQ8	STAB2_HUMAN	0.34902869104255174	0.1896284982964012	-0.11147220467674074	0.8095295867618442	1.8405919689191341	0.1137438496123536	0.6954560183642976	0.3601095864031108	-0.14484570875974967	0.10300553219941941	-0.42070315325570173	0.1310117357362024	-1.406193489484889	0.22609964654240491	0.7312711241235058	0.1348656573636414	-0.22813428968741511	0.10186234226963659	-0.4914528784045015	0.035184299029671295	-2.2396332599885445	0.07624467147015426	0.5145730914035103	0.09784820920670705
psvid_27287_sp|O75643|U520_HUMAN	O75643	U520_HUMAN	0.1320029664346647	0.07199576579926788	-0.042834228060950136	0.30684016093027955	1.8334823578750936	0.11488389864844319	0.6954560183642976	0.050917063213270504	0.013779083829319916	0.26899996815557303	-0.7066253663047393	0.7341835339633791	0.05122336602415856	0.9613863161027236	1.0	0.4468026114072045	-0.06714848279392327	0.29270057813373135	-0.8237922181876234	0.6894952525997768	-0.2294101474690082	0.8278019626852448	0.9520942959775506	0.5059437324891991
psvid_63611_sp|O14681|EI24_HUMAN	O14681	EI24_HUMAN	0.1892695511372411	0.10335775580503596	-0.06172826593853892	0.4402673682130211	1.8312080178507435	0.11525096534729688	0.6954560183642976	0.15906671375116235	0.0699673280558466	0.23033263344638003	-0.5468827603794947	0.6868174164911879	0.3037664572707391	0.7751137229360924	0.9665779766182299	0.37802099363981434	-0.010160496124336449	0.20198616109783535	-0.5323035147864756	0.5119825225378027	-0.050302931988568486	0.9618635608758369	1.0	0.33034682145306327
psvid_73804_sp|P07148|FABPL_HUMAN	P07148	FABPL_HUMAN	0.13266382417399303	0.07246990345486601	-0.04332478383308622	0.3086524321810723	1.8306057804618932	0.11534835641428381	0.6954560183642976	0.05362276591420802	-0.7880006050468795	0.2542432008222438	-1.4688851960173306	-0.10711601407642846	-3.09939696518302	0.03180970093783829	0.6392260310717692	0.4206479332180886	-1.016699966373786	0.2772526026570802	-1.7334100127278176	-0.2999899200197542	-3.6670529208026625	0.01496818322932261	0.4566206351594144	0.4766201214523413
psvid_47209_sp|O15143|ARC1B_HUMAN	O15143	ARC1B_HUMAN	0.20781217660177376	0.11393179027902758	-0.0688640189370826	0.4844883721406301	1.8240051884801072	0.11642109287744029	0.6954560183642976	0.1865212261891889	-0.6088049195974032	0.4576265004034387	-1.8343670252376858	0.6167571860428793	-1.330353288239836	0.2480694742092724	0.745519190257882	0.7761197993068191	-0.6887218755408671	0.4188999294234381	-1.7715964273304208	0.39415267624868666	-1.6441202950041174	0.16215873633546737	0.5735005224757174	0.7415206330909971
psvid_18957_sp|P62328|TYB4_HUMAN	P62328	TYB4_HUMAN	-0.24551663357013176	0.13462715331240854	-0.5724502181603506	0.08141695102008706	-1.8236784150103735	0.11647445454018393	0.6954560183642976	0.2367111276501312	-0.44508270065492583	0.24557541670996036	-1.1027542396309657	0.21258883832111408	-1.812407392473636	0.13748789091799124	0.7067636245123187	0.40523442012049277	-0.5666966351737255	0.22293563521694018	-1.1429949563401558	0.009601685992704834	-2.541974209830874	0.0526551295577632	0.5036298607729148	0.37183280498531135
psvid_86249_sp|P03915|NU5M_HUMAN	P03915	NU5M_HUMAN	-0.163344461044594	0.08961518903396751	-0.38096931801989675	0.05428039593070877	-1.8227318695124364	0.11662915981622417	0.6954560183642976	0.11979623203311426	0.250847199056198	0.2533019825892713	-0.42751673063600126	0.9292111287483973	0.9903088656946926	0.37322754473975295	0.801546448152564	0.4189761519228076	0.16951797627815945	0.2404270364195139	-0.45199637837741025	0.7910323309337292	0.7050703564900772	0.5128050642612858	0.8019169954051512	0.40593355801822956
psvid_86841_sp|P60891|PRPS1_HUMAN	P60891	PRPS1_HUMAN	0.2170194045494771	0.11906521982091602	-0.0721230021516725	0.5061618112506268	1.8226935193660443	0.11663543209473237	0.6954560183642976	0.19932210295759845	-0.05417454471353089	0.08176391790443471	-0.27314516661592725	0.16479607718886546	-0.6625727595007109	0.5406591630556059	0.870139239925974	0.08158687002931284	-0.13463326794348474	0.10561158042249111	-0.4076438004857053	0.13837726459873584	-1.2747964513445833	0.2593885341462324	0.6541369364189723	0.11008986087794408
psvid_80597_sp|P02746|C1QB_HUMAN	P02746	C1QB_HUMAN	-0.26676530259605435	0.14652720054547702	-0.6225974043351269	0.08906679914301818	-1.8205855404523308	0.11698070846210104	0.6954560183642976	0.2642882575444179	-0.26583782096756314	0.33229692077378	-1.1557568129015272	0.6240811709664009	-0.8000008557062115	0.46462025570577486	0.8337187464473949	0.5580912599891805	-0.34807935569468995	0.3355609388761465	-1.215518989269519	0.5193602778801393	-1.037305941688177	0.34796563638401723	0.6990333245481015	0.5865977189557267
psvid_40573_sp|P02679|FIBG_HUMAN	P02679	FIBG_HUMAN	-0.13829439526643394	0.07605236011611269	-0.32298277422672206	0.04639398369385414	-1.8184103038392685	0.11733805389529049	0.6954560183642976	0.07122204108543262	0.0	0.06648275985679548	-0.17804640047514889	0.17804640047514889	0.0	1.0	1.0	4.351167857633658e-15	-0.19045519244011566	0.1060116825055794	-0.4645000062831009	0.08358962140286957	-1.7965490966534938	0.13343265199345222	0.5528363832820967	0.11134116600869476
psvid_17725_sp|P60842|IF4A1_HUMAN	P60842	IF4A1_HUMAN	-0.17947471910183221	0.09871836080614489	-0.4192060568679172	0.06025661866425275	-1.8180480068370473	0.11739767569854276	0.6954560183642976	0.14639265711297583	-0.03507540207789095	0.1392286751248527	-0.4079414579140209	0.337790653758239	-0.2519265664665503	0.8124155505325892	0.9751168687974395	0.2096926349017812	-0.11576395800555983	0.15707791122943068	-0.5218171959536394	0.29028927994251974	-0.736984322617284	0.4948254936560543	0.7948225363329373	0.23740606260452807
psvid_37797_sp|Q96DZ1|ERLEC_HUMAN	Q96DZ1	ERLEC_HUMAN	0.25098953304862626	0.13810383411072402	-0.08438695245647437	0.5863660185537269	1.8173972841868873	0.1175048372931484	0.6954560183642976	0.24484219722712222	-0.14283426490641205	0.15411467422340988	-0.5555662733997933	0.2698977435869692	-0.9268050925465711	0.40193408258408303	0.8101536433552932	0.23833127244905422	-0.22206872936029298	0.1466095241173085	-0.60106073094674	0.156923272226154	-1.5146951106846673	0.1913444918284973	0.5943275882551811	0.21437879500012588
psvid_97390_sp|P08865|RSSA_HUMAN	P08865	RSSA_HUMAN	-0.19730674610313237	0.108710173410589	-0.4613025730970643	0.06668908089079956	-1.8149795912653153	0.11790382707263514	0.6954560183642976	0.1731746673314025	0.007617461162330308	0.06677913733164281	-0.17122266301941777	0.18645758534407839	0.11406947538869791	0.9141930992218351	0.9960408936531061	0.010772716886617842	-0.05483519419919736	0.10619593438293033	-0.3293563071654061	0.21968591876701138	-0.5163586960068354	0.6280134425193964	0.8526010312349421	0.11191427644321338
psvid_69822_sp|Q9BXJ8|TACAN_HUMAN	Q9BXJ8	TACAN_HUMAN	-0.2470559407951507	0.13648092439221132	-0.5784912919994434	0.08437941040914199	-1.8101866022329614	0.11869874465005018	0.6954560183642976	0.24105498918400192	0.24310825671880165	0.17486219172335368	-0.22518734175816496	0.7114038551957682	1.3902848541634365	0.23054654078248857	0.7365587977323307	0.27723125962454953	0.16237568822896697	0.14589659790477386	-0.21477336806522362	0.5395247445231576	1.1129504769874685	0.3172414254982012	0.6810157109210588	0.21278123781640151
psvid_24311_sp|O43264|ZW10_HUMAN	O43264	ZW10_HUMAN	0.15679876533870019	0.0866956927707471	-0.053736278363068685	0.3673338090404691	1.8086107893886894	0.11896123996837744	0.6954560183642976	0.11056918978599775	0.08117428539544758	0.2807898151366704	-0.6708043626458398	0.8331529334367349	0.28909269859356246	0.7856058533782048	0.9665779766182299	0.46763082597515415	0.0	0.2834069357474836	-0.7326192652837337	0.7326192652837337	0.0	1.0	1.0	0.488321756219669
psvid_32785_sp|P55084|ECHB_HUMAN	P55084	ECHB_HUMAN	0.1313490256806764	0.07288773869534457	-0.04565426895964669	0.3083523203209995	1.8020729965253517	0.12005638265205651	0.6954560183642976	0.055912482847240645	0.4999996393265098	0.2472682795958328	-0.1622055282771141	1.1622048069301338	2.0220937361790754	0.10671488709861764	0.6917486752637665	0.40824799597519146	0.16785199829191289	0.14142304303001133	-0.1977327239223412	0.533436720506167	1.1868787058718082	0.28952129874806753	0.6659413830042331	0.20265659954656248
psvid_79765_sp|P09382|LEG1_HUMAN	P09382	LEG1_HUMAN	0.13028935008186693	0.07234017538712723	-0.04538422146217888	0.30596292162591276	1.8010648907695574	0.12022612682551867	0.6954560183642976	0.05289447382102105	0.007942848346408127	0.1373296213238264	-0.35983738231775697	0.3757230790105732	0.05783783767726781	0.9564065574625094	1.0	0.20598008979094728	-0.07386397088154262	0.13376387116472555	-0.41964940042913046	0.2719214586660452	-0.5521967197748165	0.6050110972074787	0.8417286589624757	0.18485786371317342
psvid_62262_sp|P51690|ARSL_HUMAN	P51690	ARSL_HUMAN	-0.1697193190459707	0.09427041726594287	-0.3986491053428758	0.059210467250934345	-1.8003454738847888	0.12034740548854468	0.6954560183642976	0.1337388221193255	-0.16489458037885418	0.11827949795237452	-0.48165698473435675	0.1518678239766484	-1.3941095729477082	0.2294697425956094	0.7365587977323307	0.16769012544430525	-0.2469527418648627	0.11683720127066323	-0.5489819929379146	0.055076509208189184	-2.113648214602264	0.0892458797439049	0.5204027816531388	0.1424478577651929
psvid_50518_sp|Q6ZNB7|ALKMO_HUMAN	Q6ZNB7	ALKMO_HUMAN	-0.1961250727860646	0.10901921032943772	-0.4608713765238335	0.06862123095170425	-1.7989955365977026	0.1205753001850578	0.6954560183642976	0.17397506043641903	-0.3931681874586124	0.15887652426889518	-0.8186528292967482	0.03231645437952346	-2.4746776735446674	0.06283469141454397	0.6917486752637665	0.24734817593411038	-0.47672264890212945	0.18651511902058837	-0.9588723503579974	0.005427052553738598	-2.5559464101647795	0.05177718370683647	0.5036298607729148	0.2990988937967682
psvid_47970_sp|P08238|HS90B_HUMAN	P08238	HS90B_HUMAN	-0.15449809949135762	0.08624348710517875	-0.36393499014168973	0.05493879115897449	-1.7914175861527788	0.12186246421413999	0.6954560183642976	0.10909906277078159	0.10541420655482714	0.09845659761479546	-0.15826081003750314	0.3690892231471574	1.0706667618888563	0.3394121436412174	0.7995936304778763	0.1244827535994409	0.025436157304872475	0.1119817015634002	-0.2640414156706119	0.31491373028035685	0.22714565817229876	0.8294668628643809	0.9520942959775506	0.12905676290179907
psvid_100570_sp|Q96HS1|PGAM5_HUMAN	Q96HS1	PGAM5_HUMAN	-0.16540288364080613	0.09253545699152879	-0.39011942790087206	0.0593136606192598	-1.7874541177869585	0.1225410295899607	0.6954560183642976	0.12863791403423755	-0.21940217461595735	0.1582758560901558	-0.643278176750584	0.20447382751866927	-1.3862011556012894	0.2317016544416278	0.7365587977323307	0.24621405337039148	-0.3026417464849146	0.1719481427116194	-0.7471351800984486	0.1418516871286194	-1.7600756932425043	0.13979975590071841	0.5556992839403372	0.26902142940673046
psvid_66643_sp|CATG_HUMAN|		CATG_HUMAN	-0.18575793386326733	0.104058922169766	-0.4384584894087774	0.06694262168224274	-1.785122601598873	0.12294192095799106	0.6954560183642976	0.16094340915982316	0.4631822447993552	0.15274995575811384	0.0541050666850274	0.8722594229136831	3.0322905332478416	0.03411963998459434	0.6392260310717692	0.23573560172312039	0.38151720291689684	0.16696716769621783	-0.0501001934657363	0.81313459929953	2.2849833783551627	0.07207410715490112	0.5124776378946586	0.25855034943780547
psvid_59525_sp|P50897|PPT1_HUMAN	P50897	PPT1_HUMAN	0.14780429380477678	0.08291546654041207	-0.05355070796906483	0.34915929557861836	1.7825901483981714	0.123378814536778	0.6954560183642976	0.09786658730470967	0.2406361066702538	0.12880912849415593	-0.10432553039363257	0.5855977437341402	1.8681603507718125	0.12848303704588251	0.7057067124099028	0.18911573642557472	0.159357480153823	0.14735375294674477	-0.2215583853521379	0.5402733456597839	1.0814619713921811	0.32973557879390775	0.6842205679595597	0.2160421069092784
psvid_41146_sp|P19971|TYPH_HUMAN	P19971	TYPH_HUMAN	0.3428790248132385	0.19247535479859137	-0.12453528308312944	0.8102933327096065	1.7814178089035422	0.12358157739164013	0.6954560183642976	0.36629348107315157	-0.06001314902185273	0.2161152723684853	-0.6387879534342805	0.5187616553905751	-0.2776904582639948	0.793795975232048	0.9686200888248205	0.35249032787752926	-0.14176014818097338	0.2392036966762359	-0.7601121163496036	0.4765918199876569	-0.5926336011974216	0.5796703107160168	0.8354268899587258	0.4035615982707736
psvid_65892_sp|P35754|GLRX1_HUMAN	P35754	GLRX1_HUMAN	-0.19671152193628139	0.11053038097795151	-0.4651276086627737	0.07170456479021092	-1.779705454697756	0.123878323896436	0.6954560183642976	0.1778689953109612	-0.5211650557522516	0.4033610038003486	-1.6013996154093624	0.5590695039048592	-1.2920561255103689	0.25992600955378214	0.7644544487035423	0.681966229877376	-0.6037593748197109	0.41213006465523494	-1.6691335314990674	0.46161478185964555	-1.4649728971478515	0.20387326855858748	0.6129476103214817	0.729000966452469
psvid_7084_sp|P07437|TBB5_HUMAN	P07437	TBB5_HUMAN	-0.1973621014452398	0.11090494635249004	-0.4666877966537379	0.07196359376325828	-1.779560857619121	0.12390341402980003	0.6954560183642976	0.178829205647536	0.10375934476357296	0.1083879687214699	-0.18651271565087146	0.3940314051780174	0.9572957772666507	0.3879295455819651	0.8083919374262081	0.14673787258759066	0.0010770260671391085	0.11198359028585944	-0.2884054293381163	0.2905594814723945	0.009617713313082697	0.9927049042250231	1.0	0.12906212576302756
psvid_61403_sp|Q14118|DAG1_HUMAN	Q14118	DAG1_HUMAN	0.1698645724373895	0.0955838930747073	-0.062254907349025806	0.40198405222380484	1.7771254860337742	0.12432674006116265	0.6954560183642976	0.1375348349965599	-0.016531608250954566	0.20531297834436305	-0.5663769643069663	0.5333137478050571	-0.08051906111471811	0.9393501751711312	1.0	0.33297603590827696	-0.09726057268647492	0.20420412790896855	-0.6251371321009263	0.4306159867279764	-0.47629092360871556	0.6543110413311373	0.8642910222805852	0.33477931433247615
psvid_38847_sp|O60313|OPA1_HUMAN	O60313	OPA1_HUMAN	-0.12233660776031385	0.06885749999786407	-0.2895527209019395	0.044879505381311774	-1.7766635118049403	0.1244072014395278	0.6954560183642976	0.02769808023452517	-0.26937158267808803	0.1100958856918771	-0.5642175878196531	0.025474422463477142	-2.446699810672056	0.06487286912017359	0.6917486752637665	0.1504275394110862	-0.348100325708953	0.11488268635312772	-0.6450770706423994	-0.05112358077550666	-3.030050364934523	0.02977433679875119	0.48232346954803157	0.13714706907060886
psvid_50327_sp|P17568|NDUB7_HUMAN	P17568	NDUB7_HUMAN	0.3349613912246632	0.18893612578478117	-0.12385812134475027	0.7937809037940766	1.772881654227528	0.12506779566314635	0.6954560183642976	0.3586036141065001	-0.5224210942084531	0.22769941032548907	-1.132219190528358	0.08737700211145183	-2.2943453980037485	0.07734407169957291	0.6917486752637665	0.37330411254909607	-0.603759374819711	0.20933874222797225	-1.144909135752616	-0.06260961388680586	-2.884126313141837	0.03517274421192442	0.48232346954803157	0.34500110992016714
psvid_71919_sp|P26599|PTBP1_HUMAN	P26599	PTBP1_HUMAN	0.12055225275074921	0.06805279045135809	-0.04470967380874863	0.28581417931024705	1.7714520146960913	0.12531840761148053	0.6954560183642976	0.01767000586476826	0.12230073458373392	0.10601599447612046	-0.16161898009004166	0.4062204492575095	1.1536064457828719	0.3073566954834167	0.7858402699700607	0.14155454246722488	0.04224606784165186	0.1234228635236266	-0.27680740682157967	0.3612995425048834	0.34228721191163075	0.7463027263647276	0.9067810180260121	0.15959082357623638
psvid_50388_sp|P01011|AACT_HUMAN	P01011	AACT_HUMAN	-0.19553670085870145	0.11067464773002672	-0.46430313032982334	0.07322972861242044	-1.7667704832969722	0.12614249954594292	0.6954560183642976	0.1782390553730459	0.001521105549322943	0.09238382505718871	-0.24589051738854512	0.248932728487191	0.016465063536623723	0.987582179485302	1.0	0.1099574719323301	-0.0793198497780443	0.0967887483351869	-0.3295229773268959	0.1708832777708073	-0.819515193061011	0.4504356332367794	0.7746571900148868	0.07922180047413371
psvid_73958_sp|P09669|COX6C_HUMAN	P09669	COX6C_HUMAN	0.13445118080335572	0.07613802150676685	-0.050445221462918494	0.31934758306962996	1.765887504594616	0.1262985217038986	0.6954560183642976	0.07159898171102119	0.054607556726105955	0.07283009514244508	-0.14043753939063636	0.24965265284284827	0.7497938402977713	0.4914298619962326	0.8458142756443096	0.05097309099684575	0.1526243982070733	0.12229917499845408	-0.163524292705724	0.4687730891198706	1.2479593440348435	0.2682699990708241	0.6615981931972204	0.1567343926757261
psvid_80880_sp|P30039|PBLD_HUMAN	P30039	PBLD_HUMAN	-0.13161980878851676	0.07480567616436126	-0.3132806940882104	0.050041076511176896	-1.7594895940693702	0.12743466117040458	0.6954560183642976	0.06554344382234316	-0.13769507156547878	0.2759559260716008	-0.8767281597325117	0.6013380166015542	-0.49897486720307566	0.6416852251456805	0.9190364020538448	0.4590978546392201	-0.21861727947903542	0.24002842839903576	-0.8391012150507224	0.4018666560926516	-0.9107974456908691	0.40490852829159324	0.745286180020441	0.4051608859292044
psvid_60951_sp|Q9BPW8|NIPS1_HUMAN	Q9BPW8	NIPS1_HUMAN	-0.17585459091169664	0.09998326537114936	-0.41865766995304876	0.06694848812965545	-1.7588402445039597	0.12755052730925662	0.6954560183642976	0.14989563543212342	0.14982454693678182	0.13391129896228732	-0.20880113007397422	0.5084502239475379	1.1188342439944226	0.32045153887969813	0.7989546524742849	0.19925716633192586	0.07096868727891392	0.13321518398330656	-0.2733983620209867	0.41533573657881456	0.5327372237672782	0.6174388894902074	0.8495498351393129	0.18355669773444067
psvid_95880_sp|O43708|MAAI_HUMAN	O43708	MAAI_HUMAN	0.19577889895962297	0.11139710074726554	-0.07474196227962676	0.4662997601988727	1.7574864843547442	0.12779241419490175	0.6954560183642976	0.18008796685693199	-0.41905396159104846	0.2656016832080976	-1.130357519945191	0.29224959676309414	-1.5777534107821212	0.18319379518262158	0.7176098719675167	0.44078843053656236	-0.4999999999999999	0.24162174983602222	-1.1246027408417383	0.1246027408417385	-2.0693501323425036	0.09436119466825332	0.5204027816531388	0.408248290463863
psvid_89039_sp|P51571|SSRD_HUMAN	P51571	SSRD_HUMAN	-0.15553623971510078	0.08851494932969363	-0.3704892336852338	0.059416754255032234	-1.7571748150221658	0.12784816577917438	0.6954560183642976	0.11636933624485125	0.002080518372785889	0.1218965832502291	-0.3243687434309001	0.3285297801764719	0.017067897370962436	0.9871275801863049	1.0	0.17513596957544797	-0.07834152034598452	0.1414053144003091	-0.44388041328075156	0.28719737258878253	-0.5540210470746867	0.6038536598291634	0.8417286589624757	0.2026161123003746
psvid_84701_sp|P15907|SIAT1_HUMAN	P15907	SIAT1_HUMAN	-0.20982363197592324	0.11952972882770548	-0.5000940696197735	0.08044680566792711	-1.7554095875041322	0.12816437760374566	0.6954560183642976	0.20046687056411683	-0.18700629307137095	0.07620953974887255	-0.39110182495635804	0.017089238813616098	-2.4538436223023843	0.06434552926920661	0.6917486752637665	0.06386081643001208	-0.2691553204007284	0.09597297211835125	-0.5172496309192636	-0.021061009882193227	-2.804490831739726	0.03857510451973832	0.48232346954803157	0.07590458532576762
psvid_357377_sp|Q8NBQ5|DHB11_HUMAN	Q8NBQ5	DHB11_HUMAN	-0.224334371399034	0.1278820437977728	-0.5348878812582943	0.08621913846022633	-1.7542288560369492	0.12837631104325042	0.6954560183642976	0.2207268097432319	0.07222405229232587	0.16957617853809676	-0.3819151600399255	0.5263632646245773	0.4259091867440574	0.6901594261713264	0.9414690406320979	0.26740858714435134	-0.10826885322547475	0.16604917860114515	-0.5375132078383402	0.3209755013873907	-0.6520288395135011	0.5436746064353604	0.8166555724192858	0.2566084378995075
psvid_42928_sp|Q9NVH1|DJC11_HUMAN	Q9NVH1	DJC11_HUMAN	-0.13905969647829863	0.07933827015185423	-0.33172770154070785	0.05360830858411056	-1.7527442457736602	0.12864327254411986	0.6954560183642976	0.08474123814019414	-0.32934485743614283	0.267913606567772	-1.0468399402283666	0.388150225356081	-1.2292950016811894	0.28051774605010366	0.7858402699700607	0.4448805488069903	-0.41096404744368087	0.25946636037770066	-1.0816958832909387	0.25976778840357695	-1.5838818058936337	0.17515173881553894	0.577965496292724	0.44263713377234265
psvid_34697_sp|P26440|IVD_HUMAN	P26440	IVD_HUMAN	-0.14257812850103058	0.08149799560374973	-0.3404908911501981	0.05533463414813694	-1.7494679156804998	0.12923433146849228	0.6954560183642976	0.09281968535747324	-1.0210820752552014	0.3256859140032653	-1.8932962372220823	-0.1488679132883205	-3.1351742011322115	0.030651972693184048	0.6392260310717692	0.5465202327445903	-1.1020647416619456	0.28401616138444186	-1.8362588817361045	-0.3678706015877866	-3.880288840923387	0.012060786019543489	0.42999324069676786	0.48947867384443156
psvid_73787_sp|Q99497|PARK7_HUMAN	Q99497	PARK7_HUMAN	0.13389610300239774	0.07657106416085363	-0.0520519161457437	0.31984412215053915	1.748651458220834	0.12938203305927767	0.6954560183642976	0.07348124377810547	0.06498857332977437	0.11637200753816634	-0.2466654118968869	0.37664255855643564	0.558455376895171	0.6036984643900334	0.902812453538994	0.16372171118758264	-0.01573982096947335	0.10638805111899063	-0.29075756406101755	0.25927792212207085	-0.14794726291084148	0.888269190838928	0.9724709432415499	0.11250979293388233
psvid_97981_sp|P60033|CD81_HUMAN	P60033	CD81_HUMAN	0.2757667632353602	0.1577951890328109	-0.1074289406942508	0.6589624671649712	1.7476246577962466	0.1295680197630186	0.6954560183642976	0.2898423757784999	0.0663151340529975	0.15205081884642857	-0.3408896968417955	0.4735199649477905	0.43613796069047034	0.6832594461471356	0.9378647320484023	0.23440376499344978	-0.01584051524935748	0.16409623720485472	-0.4400364313435295	0.40835540084481453	-0.09653186154160544	0.9269151968363596	0.99241806421963	0.2524638389138955
psvid_56830_sp|O95497|VNN1_HUMAN	O95497	VNN1_HUMAN	0.12749294890415275	0.07310039063162438	-0.050026757604708344	0.3050126554130138	1.7440802682796785	0.13021202127562723	0.6954560183642976	0.05704737736495355	-0.14782681180654222	0.24476458491788478	-0.8033268753161479	0.5076732517030634	-0.6039550691377028	0.5755936016584874	0.8922244865027593	0.4037904256134519	-0.22813428968741523	0.27262667381164435	-0.932886108614657	0.4766175292398266	-0.8368010602111202	0.44152608457922704	0.7710550916536703	0.4678062712270941
psvid_43886_sp|Q86VR2|RETR3_HUMAN	Q86VR2	RETR3_HUMAN	-0.1730858509638864	0.09927039421716605	-0.41415776719009745	0.06798606526232467	-1.7435797684578553	0.13030321027049344	0.6954560183642976	0.14792614602041582	0.055958810034267614	0.15092516547128262	-0.3482314268205195	0.4601490468890547	0.3707718978444003	0.7279490676465057	0.9547442772746325	0.23225637222527898	-0.021727016305791436	0.13787487752785912	-0.37813957624943706	0.3346855436378542	-0.1575850270576034	0.8810605072401995	0.9687449624358292	0.19449101857498585
psvid_66466_sp|B2MG_HUMAN|		B2MG_HUMAN	0.16175307202497002	0.09278490301784956	-0.06356923623990693	0.387075380289847	1.74331240065911	0.13035194898791017	0.6954560183642976	0.12937776863787598	0.07194348331988687	0.24554819204231568	-0.58565514571546	0.7295421123552337	0.2929912972337778	0.7828129135115501	0.9665779766182299	0.40518594238091477	-0.007436835848513068	0.2633562090123623	-0.6882240997369883	0.6733504280399621	-0.0282386957057237	0.9785838010325117	1.0	0.45009191398097836
psvid_89061_sp|O15229|KMO_HUMAN	O15229	KMO_HUMAN	-0.2135222554626539	0.12258804123094845	-0.5112196126557034	0.08417510173039555	-1.7417869909544512	0.1306303560952901	0.6954560183642976	0.20795362760886538	-0.3852185426494401	0.10263778370214613	-0.6600911258616444	-0.11034595943723574	-3.7531845364796714	0.0166868680589657	0.6219650821978125	0.13403930362194963	-0.4661157743046991	0.12733687923075673	-0.7952871499434438	-0.13694439866595431	-3.6604931510848138	0.015069635754014946	0.4566206351594144	0.16935473505598278
psvid_58560_sp|Q6YN16|HSDL2_HUMAN	Q6YN16	HSDL2_HUMAN	-0.14219311661770284	0.08163987423444004	-0.3404504226087376	0.056064189373331935	-1.741711607852015	0.13064412945231146	0.6954560183642976	0.0933331315319449	0.06647261786440106	0.15820405173693852	-0.3572110861969157	0.49015632192571784	0.4201701355596862	0.6940463842220771	0.9414690406320979	0.24607841797693566	-0.013785388548115174	0.1425458121146828	-0.38227251771908616	0.3547017406228558	-0.09670847809281394	0.9267819794846309	0.99241806421963	0.20521462914811983
psvid_94709_sp|O15239|NDUA1_HUMAN	O15239	NDUA1_HUMAN	-0.22272063322921376	0.12790807741128007	-0.5333373640834544	0.08789609762502687	-1.7412554213685043	0.1307275100402101	0.6954560183642976	0.22078909204151825	-0.46142705910916426	0.28473305408232213	-1.2239660313908862	0.3011119131725577	-1.6205602141848845	0.17382284903925788	0.7176098719675167	0.4745851053086832	-0.542481250360578	0.3047434952727685	-1.3302564507729588	0.24529395005180277	-1.780124133166538	0.13626254213402036	0.554517541190555	0.5287002345329385
psvid_55751_sp|Q02985|FHR3_HUMAN	Q02985	FHR3_HUMAN	-0.1711922512329096	0.0983389611759314	-0.4100022408307683	0.06761773836494911	-1.7408385159432531	0.13080375611715783	0.6954560183642976	0.14533436494970006	0.3235248637226693	0.2267774463920144	-0.2838041359460637	0.9308538633914023	1.426618338242571	0.22051253694197753	0.7302695962541623	0.3716514101092608	0.24189463057690586	0.1904259563471411	-0.25036475560233157	0.7341540167561433	1.2702818209085889	0.2608635260943688	0.6541531847014752	0.307057300870382
psvid_56029_sp|O00330|ODPX_HUMAN	O00330	ODPX_HUMAN	0.2433830153413643	0.13994691594066688	-0.09646927860602017	0.5832353092887488	1.7391095309635198	0.13112042387398024	0.6954560183642976	0.24912632263388623	0.0027772525690417105	0.1943470075839646	-0.5177003151188234	0.5232548202569068	0.0142901740735156	0.9892223164918585	1.0	0.31304213352815885	-0.08048202372184077	0.16456591245974808	-0.5058920707943333	0.3449280233506518	-0.48905646691277105	0.6458677963496062	0.8611859526823188	0.25346229217671085
psvid_78814_sp|Q9H6K4|OPA3_HUMAN	Q9H6K4	OPA3_HUMAN	-0.285328858168862	0.16428629232243022	-0.684287798668558	0.1136300823308341	-1.736778243244252	0.1315485829305257	0.6954560183642976	0.30437133045796105	-0.6191026744782446	0.2425771509798246	-1.2687446066499257	0.030539257693436572	-2.5521887448077747	0.05755182220329824	0.6917486752637665	0.39989295479722947	-0.7018387305144009	0.2270729705762507	-1.288832243678077	-0.11484521735072473	-3.090807015618465	0.027806342171927678	0.48232346954803157	0.3799372633278791
psvid_25506_sp|P08603|CFAH_HUMAN	P08603	CFAH_HUMAN	-0.12258345016069061	0.0705842643582482	-0.29399290207679796	0.048826001755416765	-1.7366965750117078	0.13156360650009719	0.6954560183642976	0.041970067263445	-0.1898682341388569	0.11645616426740533	-0.5017475981366317	0.12201112985891799	-1.6303837184855547	0.17174183342277788	0.7176098719675167	0.1638974446221228	-0.2708393730807248	0.1120937453568425	-0.5606065841393943	0.018927837977944728	-2.416186311007156	0.061334756608191425	0.5036298607729148	0.12937467292125573
psvid_26464_sp|Q13813|SPTN1_HUMAN	Q13813	SPTN1_HUMAN	0.16596829760773968	0.09603794714912618	-0.06725382397488955	0.3991904191903689	1.7281533241232945	0.13314443501424406	0.6954560183642976	0.1388348695892861	0.2842001400879939	0.20074058207073453	-0.2533999556957439	0.8218002358717317	1.4157582744671473	0.22346628095565277	0.7302695962541623	0.324680830708569	0.20302234393761331	0.22660762738381243	-0.3827682368177585	0.7888129246929851	0.8959201695084518	0.4120727349257857	0.7525604513121253	0.379026994378985
psvid_47390_sp|Q13200|PSMD2_HUMAN	Q13200	PSMD2_HUMAN	0.14434545844607705	0.08353151968371611	-0.0585055896860433	0.3471965065781974	1.728035823993469	0.13316630486301728	0.6954560183642976	0.10000651992727845	-0.024562708635668784	0.12121906989841981	-0.3491975329246768	0.30007211565333924	-0.20263073010089958	0.8484390355919489	0.9778892202407429	0.1737487406013916	-0.10443308183922739	0.15231437488438612	-0.49817237098413303	0.28930620730567824	-0.6856416665761002	0.5239702908655937	0.8114365222092291	0.22702149387811976
psvid_64365_sp|O95864|FADS2_HUMAN	O95864	FADS2_HUMAN	-0.1335143194541395	0.0774156210314511	-0.32151329190777045	0.05448465299949143	-1.7246431362980035	0.13379927565008087	0.6954560183642976	0.07704888678410389	-0.4005791090487385	0.24705241782740864	-1.06220618075275	0.2610479626552731	-1.6214336721391003	0.17363678138058966	0.7176098719675167	0.4078638164908281	-0.48240266802715037	0.26117990676211683	-1.1575640958668185	0.19275875981251778	-1.847012942180593	0.12510845459386027	0.5343173581612782	0.445922769353992
psvid_34462_sp|P19338|NUCL_HUMAN	P19338	NUCL_HUMAN	0.16854353277566947	0.09788075193990249	-0.06915372447703114	0.4062407900283701	1.7219272373301036	0.13430807714254717	0.6954560183642976	0.14405137840159538	0.11478679420878768	0.18134787604027677	-0.3708780102056826	0.6004515986232579	0.6329646462652472	0.5581225109702924	0.8792708145929679	0.2892152755924475	0.032952229147261036	0.1510539358334119	-0.35752877018542056	0.42343322847994264	0.2181487623308407	0.8360915591624716	0.9528490542129893	0.2242486659021984
psvid_35498_sp|P57088|TMM33_HUMAN	P57088	TMM33_HUMAN	-0.45353449608345997	0.26348522810896174	-1.0933918204995638	0.1863228283326439	-1.7212900295720002	0.13442772378363338	0.6954560183642976	0.517564671661577	-0.29554734894481527	0.23727415886000414	-0.9309874239626136	0.33989272607298304	-1.2455943384850152	0.27502824232495876	0.7830665232863409	0.3904323018105866	-0.37654634683426	0.2419484774534992	-1.001993692789252	0.24890099912073205	-1.5563079825812485	0.18143750582467413	0.5801574353206355	0.40888102579937674
psvid_94834_sp|P09417|DHPR_HUMAN	P09417	DHPR_HUMAN	-0.18835092766048245	0.10945322857580557	-0.45415121744468673	0.07744936212372183	-1.720834826996753	0.13451325899921496	0.6954560183642976	0.1750967756076522	0.272591023052275	0.2893317837375608	-0.5022637325037461	1.0474457786082962	0.9421399181623594	0.39483936696160854	0.8101536433552932	0.482688408541297	0.1916782343900646	0.31233325691014113	-0.61571683022848	0.9990732990086092	0.6136978056269262	0.5667351160402632	0.8298398456720806	0.5430010580740805
psvid_62835_sp|P20073|ANXA7_HUMAN	P20073	ANXA7_HUMAN	-0.17814534872578847	0.10357167418339734	-0.42966265314514407	0.07337195569356714	-1.7200199777628522	0.134666505452526	0.6954560183642976	0.1596402640973932	-0.011538461430792513	0.14557419734451477	-0.40139835736591206	0.37832143450432704	-0.07926172111040859	0.9402948004915078	1.0	0.22199370066036703	-0.09491089818591247	0.13194090405070197	-0.43598387839209696	0.246162082020272	-0.7193440038082528	0.5047079806307251	0.7997305200332263	0.1805197216198977
psvid_48121_sp|Q8IUE6|H2A2B_HUMAN	Q8IUE6	H2A2B_HUMAN	-0.2695516569648868	0.15680062552971832	-0.6503321259053563	0.1112288119755826	-1.7190725869508656	0.13484489101233385	0.6954560183642976	0.2876048610111108	-0.5193062275822209	0.17074965169490108	-0.976588099335851	-0.06202435582859078	-3.0413311091850876	0.03379748000277746	0.6392260310717692	0.2695937870548136	-0.603759374819711	0.19302914349790826	-1.1027481130974106	-0.1047706365420113	-3.127814608089237	0.026679604351526255	0.48232346954803157	0.312331108889869
psvid_68804_sp|Q96BI1|S67A1_HUMAN	Q96BI1	S67A1_HUMAN	-0.1716330200671603	0.10036543372232518	-0.41536417094166556	0.07209813080734498	-1.7100809880621524	0.1365493468972995	0.6954560183642976	0.1509466171775741	-0.46036719305526486	0.2851369121209216	-1.2239877309974752	0.30325334488694533	-1.614547866254619	0.1751091315634589	0.7176098719675167	0.47529703005387763	-0.5424812503605779	0.30474349527276856	-1.3302564507729588	0.2452939500518031	-1.7801241331665374	0.13626254213402053	0.554517541190555	0.5287002345329385
psvid_44381_sp|P06133|UD2B4_HUMAN	P06133	UD2B4_HUMAN	-0.1958039334875501	0.1148026998848722	-0.47459507829397435	0.08298721131887415	-1.7055690648731128	0.13741245645464625	0.6954560183642976	0.1887134983750547	-0.14624056506802185	0.1377562109071425	-0.5151632383737563	0.22268210823771267	-1.0615896307325006	0.3430938646955755	0.7995936304778763	0.2068153904882997	-0.13959817304713606	0.11626905143463023	-0.4401587320631367	0.16096238596886459	-1.200647733207165	0.28460273362858207	0.6659413830042331	0.14091840472455533
psvid_89916_sp|Q9NP72|RAB18_HUMAN	Q9NP72	RAB18_HUMAN	-0.18369920300432963	0.1077776348084873	-0.44543041858479454	0.07803201257613529	-1.7044278558417914	0.13763159755089663	0.6954560183642976	0.17075068848303676	-0.008685498527813973	0.20040672830014505	-0.5453915059453867	0.5280205088897587	-0.04333935592624355	0.9673245378598624	1.0	0.32407426382370075	-0.08982559138769886	0.22119394938687112	-0.6616215788698286	0.48197039609443093	-0.40609425183955966	0.7017697244643496	0.8825938252465747	0.3684132396394131
psvid_72059_sp|P54136|SYRC_HUMAN	P54136	SYRC_HUMAN	0.19384285824169467	0.11373918902739652	-0.08236561725671643	0.47005133374010577	1.704275016371037	0.13766097220814733	0.6954560183642976	0.1860351912487429	-0.22101557361188462	0.17725202333845616	-0.695711341361716	0.25368019413794674	-1.2469001450542745	0.2745928074444109	0.7830665232863409	0.28165537499693294	-0.30293629428423463	0.20258459888952665	-0.8266263006872016	0.2207537121187323	-1.495356981452631	0.19612598371909154	0.5989694847286967	0.33154382308076563
psvid_82774_sp|P06454|PTMA_HUMAN	P06454	PTMA_HUMAN	-0.29323307738022564	0.17208618754649452	-0.7111335734449715	0.12466741868452025	-1.7039896203232434	0.13771583949329752	0.6954560183642976	0.3216772216818824	-0.6215703567831046	0.48974861911621015	-1.933158187359651	0.6900174737934419	-1.2691620405276018	0.26726767979231864	0.7748608899285665	0.8317331594858681	-0.7018387305144009	0.47806199314795866	-1.9376497922881233	0.5339723312593214	-1.4680914621405263	0.20306469622207243	0.6121803341988948	0.8505920606910083
psvid_78413_sp|Q9UFG5|CS025_HUMAN	Q9UFG5	CS025_HUMAN	0.1721519334527466	0.10105935241870105	-0.07326435538418655	0.4175682222896797	1.7034735463126702	0.13781510812019535	0.6954560183642976	0.15284654135825237	0.3300104504776229	0.2424922772902729	-0.3194041828431641	0.9794250837984099	1.360911176905594	0.23898069616041084	0.7409443814808042	0.3997416736879989	0.25	0.2136547387443551	-0.3023067997980967	0.8023067997980967	1.1701121232753615	0.2956130041628547	0.6659413830042331	0.3535533905932738
psvid_31493_sp|Q4KWH8|PLCH1_HUMAN	Q4KWH8	PLCH1_HUMAN	0.36366888714724155	0.2136982703973143	-0.15528393806476093	0.882621712359244	1.7017867597669245	0.1381400492324418	0.6954560183642976	0.41202863590742494	-0.17064866308858306	0.5241514830994586	-1.5743702455046666	1.2330729193275005	-0.32557126821331955	0.7596269053043905	0.9657272284489925	0.8912192981303708	-0.25	0.5331295227956815	-1.628163022939031	1.128163022939031	-0.46892919883525364	0.6592071645823581	0.8651228052658235	0.9516969278171752
psvid_91777_sp|P19404|NDUV2_HUMAN	P19404	NDUV2_HUMAN	0.18403523113886866	0.1081963104202971	-0.07871271186382617	0.4467831741415635	1.700938141272741	0.13830380571538392	0.6954560183642976	0.17184061057560512	0.12740197257101293	0.11735334608095546	-0.18688011948465916	0.441684064626685	1.0856270982092449	0.33341976322966566	0.7995936304778763	0.16576713483364647	0.04640287152196754	0.10378501184873101	-0.22188590174866346	0.31469164479259853	0.44710571107898284	0.6738353559128352	0.8687814337240958	0.10425044750132405
psvid_48681_sp|Q969V3|NCLN_HUMAN	Q969V3	NCLN_HUMAN	-0.16270614675857864	0.09565828460035213	-0.39500628169177376	0.06959398817461648	-1.7009101452983793	0.1383092112408241	0.6954560183642976	0.13774824775634043	-0.24870994202421404	0.15142770142131934	-0.6542460122530387	0.15682612820461056	-1.6424335817673479	0.16922377857738363	0.7176098719675167	0.23321552341493607	-0.3311087376244848	0.1316725861880498	-0.6714881044761469	0.009270629227177307	-2.5146368519838123	0.05442047204354344	0.5036298607729148	0.17987747282783423
psvid_96753_sp|Q9NYQ3|HAOX2_HUMAN	Q9NYQ3	HAOX2_HUMAN	-0.12657176420238248	0.07468542188748822	-0.30794061954502006	0.05479709114025508	-1.6947318633756903	0.1395071241496558	0.6954560183642976	0.06497467232373778	0.025135250594386704	0.18992485141952936	-0.4834994124199564	0.5337699136087298	0.13234313680659343	0.9005382396936799	0.9921682594839206	0.30496271545312315	-0.055598105334111914	0.21901529952481857	-0.6217621880887244	0.5105659774205006	-0.2538548925793725	0.8098971485995776	0.9430578897568076	0.36412892403512365
psvid_43087_sp|O00519|FAAH1_HUMAN	O00519	FAAH1_HUMAN	-0.22968478135610582	0.13553816879567254	-0.558830709817769	0.09946114710555726	-1.6946132841912733	0.13953021310677635	0.6954560183642976	0.23884831850853117	-0.16797304832394033	0.1953953112665518	-0.6912580610951855	0.35531196444730484	-0.8596575180598733	0.4342322938386522	0.8276831523344766	0.31495377818532644	-0.25	0.21365473874435506	-0.8023067997980967	0.3023067997980967	-1.1701121232753617	0.29561300416285463	0.6659413830042331	0.3535533905932738
psvid_81600_sp|Q9BY50|SC11C_HUMAN	Q9BY50	SC11C_HUMAN	-0.23477196383880816	0.13856473585429066	-0.5712677202744799	0.1017237925968636	-1.6943124987131308	0.13958879658890003	0.6954560183642976	0.24591518332704268	-0.20731016715276107	0.24802178840179212	-0.8715332944637793	0.4569129601582571	-0.8358546581275402	0.44616566090913895	0.8333846057983916	0.40958884718297434	-0.2880007733612624	0.2616913612936057	-0.9644843334278541	0.3884827867053293	-1.1005360358003515	0.3221174893998423	0.6810157109210588	0.4469029420506573
psvid_53529_sp|P16219|ACADS_HUMAN	P16219	ACADS_HUMAN	-0.13515285938200972	0.07979696319743922	-0.3289347716906912	0.05862905292667178	-1.6937093088067159	0.13970635029817915	0.6954560183642976	0.08650146717346897	-0.3447161724940213	0.26782412852009174	-1.0619716255785536	0.3725392805905109	-1.287099016801846	0.26149935714798	0.7644544487035423	0.4447222156319233	-0.42510992953527305	0.2682719408309981	-1.1186045741510486	0.26838471508050254	-1.584623155960531	0.1749857344574906	0.577965496292724	0.45949390753460895
psvid_74152_sp|Q9NR77|PXMP2_HUMAN	Q9NR77	PXMP2_HUMAN	-0.13947589299873542	0.08243997207435415	-0.33967618633214536	0.06072440033467452	-1.691847892342073	0.1400697172319401	0.6954560183642976	0.09619349268087249	0.45130570850270635	0.09392913123914357	0.19975562615187614	0.7028557908535366	4.804746967729128	0.006745295581610499	0.582225513360064	0.11373926068524974	0.3693939376957084	0.12870409582776188	0.036688247640346394	0.7020996277510704	2.8701024261889025	0.035746794291457475	0.48232346954803157	0.17270372572619552
psvid_62167_sp|Q6UWW8|EST3_HUMAN	Q6UWW8	EST3_HUMAN	0.22218749053195008	0.13156419341979045	-0.09730788837307575	0.541682869436976	1.6888142948058973	0.1406638567106023	0.6954560183642976	0.22948916123496352	-0.6684867974275375	0.3250179676730076	-1.5389121431649309	0.20193854830985591	-2.0567687448593155	0.10237790193491973	0.6917486752637665	0.545350590589819	-0.75	0.3010457810991311	-1.5282164483163023	0.02821644831630221	-2.4913154313663446	0.05597776966012468	0.5036298607729148	0.5217217908134211
psvid_59023_sp|Q8TEB9|RHBL4_HUMAN	Q8TEB9	RHBL4_HUMAN	0.17537595947893792	0.10386735989913795	-0.0768593991262243	0.42761131808410013	1.6884607411725832	0.14073325894923575	0.6954560183642976	0.16043160948146937	0.2948287546046737	0.12101888627819066	-0.029269961179021642	0.6189274703883691	2.436221020303722	0.06565511787906797	0.6917486752637665	0.17333822304221044	0.2119992266387376	0.1303481275848602	-0.12495635707152652	0.5489548103490017	1.6264079167590675	0.16587653956622	0.5739383514249976	0.1766925666328903
psvid_85852_sp|P62820|RAB1A_HUMAN	P62820	RAB1A_HUMAN	0.14695474180250656	0.08706375725247247	-0.06447412337145506	0.3583836069764682	1.6878980007301867	0.14084379234493827	0.6954560183642976	0.11175707460371986	0.07474006799896671	0.09511052344276755	-0.1799738816440417	0.3294540176419751	0.7858233273623113	0.47207663593754823	0.8337187464473949	0.11658831278514838	-0.020885173885675457	0.11619866226525553	-0.32126377383488325	0.27949342606353234	-0.17973678421528883	0.864542744044094	0.9645539891347584	0.14072828318741085
psvid_89405_sp|Q9Y679|AUP1_HUMAN	Q9Y679	AUP1_HUMAN	0.12889963109201474	0.07660636408189818	-0.05713411169685512	0.3149333738808846	1.682623012289305	0.14188397446088635	0.6954560183642976	0.07363302095879809	0.5169878938453611	0.24522975835708952	-0.13975794310423773	1.17373373079496	2.1081776425051686	0.09629397850698117	0.6917486752637665	0.40461889024713327	0.4365051881124973	0.2466344819736015	-0.20105568350332215	1.0740660597283167	1.7698465543809019	0.1380643277545287	0.5556992839403372	0.41794243428836
psvid_90489_sp|P30048|PRDX3_HUMAN	P30048	PRDX3_HUMAN	0.18046162392316756	0.10730398612187908	-0.08011936557630805	0.44104261342264317	1.6817793117041695	0.1420510288712746	0.6954560183642976	0.1695143566247846	-0.2415695669113611	0.3130360793086498	-1.0799064118289299	0.5967672780062078	-0.7716988004861141	0.47959456779401044	0.8379165572257598	0.5243505770711248	-0.3227621955008477	0.30120557947032883	-1.1013917295625344	0.45586733856083905	-1.0715677845955784	0.33374795775851634	0.687621420507496	0.5220235240002459
psvid_44364_sp|P56556|NDUA6_HUMAN	P56556	NDUA6_HUMAN	-0.2661965696981543	0.158283479293075	-0.6505780558505996	0.11818491645429097	-1.6817710280759575	0.1420526699834768	0.6954560183642976	0.29093974498605435	-0.1200292813416941	0.11679375996843981	-0.43281275490884524	0.19275419222545703	-1.0277028616437094	0.3571473598356387	0.7995936304778763	0.16460178627075112	-0.20183873051440127	0.12818106722950842	-0.5331923688764475	0.1295149078476449	-1.5746376190877602	0.17723479770043976	0.5790140801368967	0.17142608235607676
psvid_96490_sp|P22760|AAAD_HUMAN	P22760	AAAD_HUMAN	-0.1510362657022748	0.09021088048950408	-0.3701077219562269	0.06803519055167725	-1.674257748984588	0.14354869206407744	0.6954560183642976	0.12162848339754667	-0.1836759849649643	0.09736840873452579	-0.44443674057314725	0.07708477064321867	-1.88640224639755	0.12567332898632075	0.7048513307479977	0.12194185304105044	-0.2694845903335774	0.13006155932681326	-0.605699382622805	0.06673020195565021	-2.071977236997657	0.09404934464847077	0.5204027816531388	0.17600016802452045
psvid_419634_sp|P02765|FETUA_HUMAN	P02765	FETUA_HUMAN	-0.14416865379001287	0.08618289004526662	-0.3534583882870337	0.06512108070700798	-1.6728222239273927	0.1438362465129651	0.6954560183642976	0.10890114211825948	-0.7255201375864369	0.471391493484898	-1.987946047858149	0.5369057726852753	-1.5391031607779329	0.19209191084984137	0.7176098719675167	0.7999606122084407	-0.8072046726239699	0.4286737991144353	-1.915345103010007	0.30093575776206727	-1.8830277807776281	0.11949556480356269	0.5319320213874119	0.7595799664012512
psvid_96947_sp|Q9Y224|RTRAF_HUMAN	Q9Y224	RTRAF_HUMAN	-0.4053432942363182	0.2424661913905397	-0.9941572083900009	0.18347061991736446	-1.6717518096509907	0.14405102433655204	0.6954560183642976	0.473242049802657	-0.09198047485562855	0.10551933904559112	-0.3745701046792466	0.19060915496798952	-0.8716930534969243	0.4282950206399411	0.8263574515876512	0.1404599157562672	-0.17510992953527316	0.10336628218685395	-0.44231626840313354	0.09209640933258723	-1.6940720497108437	0.15211630351584027	0.565950376190691	0.10288005555483976
psvid_66965_sp|O96011|PX11B_HUMAN	O96011	PX11B_HUMAN	0.5384820402716093	0.322284045861383	-0.2441645193358345	1.321128599879053	1.670830583103747	0.1442361141971746	0.6954560183642976	0.6403921600300178	-0.031424580535447166	0.2408724747854799	-0.6765012470497984	0.6136520859789041	-0.13046148408378241	0.9019425217651972	0.9921682594839206	0.3968536643641955	-0.11231330365418934	0.21823682983814413	-0.6764650083828623	0.4518384010744836	-0.5146395488675618	0.62912936719024	0.8527042662743749	0.3625961753235177
psvid_4635_sp|P62263|RS14_HUMAN	P62263	RS14_HUMAN	0.12272901165933181	0.07351844687502133	-0.05580591817447714	0.30126394149314073	1.6693634982246923	0.14453134738969262	0.6954560183642976	0.059224301534998455	0.15338425772711073	0.13065030026283705	-0.1965081915770655	0.5032767070312869	1.1740061631587406	0.2999011128353068	0.7858402699700607	0.19279114470082967	0.08804007407669401	0.1370290210645419	-0.26618591009012194	0.44226605824350995	0.6424921771514834	0.5493537098193292	0.8194048192474496	0.1925248703463315
psvid_81317_sp|O95167|NDUA3_HUMAN	O95167	NDUA3_HUMAN	0.28646461091545206	0.1717014904767736	-0.13050167248200706	0.7034308943129112	1.6683874445120364	0.1447280875773984	0.6954560183642976	0.32082720819242805	-0.3818660052123306	0.3326358026016244	-1.272692551071013	0.5089605406463518	-1.1480003121301585	0.30943479093587356	0.7880016415137152	0.558684129968679	-0.4619992266387375	0.3089244499207564	-1.2605823768082924	0.33658392353081756	-1.495508778140568	0.19608800316001954	0.5989694847286967	0.5365817871311933
psvid_44080_sp|P13987|CD59_HUMAN	P13987	CD59_HUMAN	0.12704772969379174	0.0761902138113403	-0.057975418305437426	0.3120708776930209	1.6675071946691626	0.14490573717516908	0.6954560183642976	0.07182788347399821	0.06682024483374649	0.33424605811899744	-0.8283187001992642	0.9619591898667572	0.19991333692844124	0.8504385064366397	0.9778892202407429	0.5615009119834092	-0.014723422263392072	0.32320262738832106	-0.8502162826991712	0.820769438172387	-0.045554772813471575	0.9654601572598553	1.0	0.563431926881774
psvid_60766_sp|P56937|DHB7_HUMAN	P56937	DHB7_HUMAN	0.1923992542077153	0.11539235996252926	-0.08782384305506685	0.47262235147049747	1.6673482912576887	0.14493782890339713	0.6954560183642976	0.19019280653139525	-0.09472940100568428	0.0964254911873251	-0.35296494442975274	0.16350614241838418	-0.9824103547645316	0.37670167038619995	0.8028358756924997	0.11972005320126361	-0.1772378044991525	0.09867298200639306	-0.43231175810658684	0.07783614910828185	-1.7962141296963052	0.13348976084128678	0.5528363832820967	0.0864945498232147
psvid_73521_sp|P33908|MA1A1_HUMAN	P33908	MA1A1_HUMAN	-0.19663100379653642	0.11805306522240612	-0.48331545663838965	0.09005344904531681	-1.665615402921503	0.1452882413926353	0.6954560183642976	0.19682029870216344	-0.3336893577271338	0.1345440542354245	-0.6940096063682857	0.0266308909140181	-2.4801494174038035	0.0624444822664608	0.6917486752637665	0.20050571272701276	-0.41242631636785276	0.1312757731708925	-0.751779904297351	-0.0730727284383545	-3.1416788216586116	0.02627082745221421	0.48232346954803157	0.17892584440057244
psvid_45506_sp|P36776|LONM_HUMAN	P36776	LONM_HUMAN	0.2643024592788574	0.15869297370883628	-0.12107345833797334	0.6496783768956882	1.6654956618545023	0.14531248457313467	0.6954560183642976	0.2918594505220699	-0.02980706348915474	0.07569615402877299	-0.23252770540693884	0.17291357842862937	-0.3937724957310873	0.7120659336370145	0.9513860308426689	0.0620407552229215	-0.11250823015876188	0.0928536074502805	-0.352538847227994	0.12752238691047027	-1.2116732267941843	0.2807183743136528	0.6643263115070572	0.0619192664636191
psvid_23188_sp|Q86Y82|STX12_HUMAN	Q86Y82	STX12_HUMAN	0.11800735235815463	0.0708796345367797	-0.05411938748146897	0.2901340921977782	1.664897867058276	0.1454335741545478	0.6954560183642976	0.04397763748454958	0.021791676083484646	0.3768360109573017	-0.9874067306144787	1.030990082781448	0.05782800860280257	0.956413955694405	1.0	0.6358224579521091	-0.06127812445913283	0.3290774137237275	-0.9119575632945995	0.7894013143763339	-0.18621188177496148	0.8597289077044226	0.9624269000923229	0.5744522816653691
psvid_52166_sp|O60568|PLOD3_HUMAN	O60568	PLOD3_HUMAN	-0.13572449263472475	0.08152508975319941	-0.3337030517237861	0.06225406645433665	-1.6648186839855432	0.14544962076738052	0.6954560183642976	0.09291788674525099	-0.32328226716450414	0.20307446016383235	-0.8671326840016842	0.2205681496726759	-1.5919395619896906	0.18003295286177717	0.7176098719675167	0.3289177371660812	-0.4048799306893811	0.19760106893565133	-0.9156872952342789	0.10592743385551673	-2.048976419359503	0.09681700492877486	0.5225676808469604	0.321550961567811
psvid_39246_sp|P49755|TMEDA_HUMAN	P49755	TMEDA_HUMAN	-0.22982886062254604	0.13805139220622442	-0.5650779942569508	0.10542027301185874	-1.6648065401558738	0.14545208188960615	0.6954560183642976	0.2447200407302168	-0.033440239147072504	0.07197989949139721	-0.2262084400853541	0.1593279617912091	-0.4645774637552691	0.6642666889372432	0.9303137231913567	0.047291639730790896	-0.06878724700718597	0.09249373146721292	-0.30788756899520264	0.17031307498083073	-0.7436963123449031	0.4911015670043672	0.7916529533861496	0.06013085065774634
psvid_43189_sp|Q8WWP7|GIMA1_HUMAN	Q8WWP7	GIMA1_HUMAN	-0.19930216942263712	0.12017252515440698	-0.4911335975656499	0.09252925872037565	-1.6584670178691696	0.14674234095332828	0.6995855789635418	0.20204759718899634	-0.9205666935467951	0.4478467222360395	-2.119937733956008	0.27880434686241773	-2.0555396474725263	0.10252834480653024	0.6917486752637665	0.7591720126114616	-0.9999999999999999	0.45953644171562014	-2.187921704925276	0.18792170492527627	-2.1761059825127878	0.08252762265574665	0.5204027816531388	0.816496580927726
psvid_27914_sp|P49368|TCPG_HUMAN	P49368	TCPG_HUMAN	0.11328841165307946	0.06849216290040601	-0.05304050329771329	0.2796173266038722	1.6540346640507086	0.14765094506806384	0.7005467842497657	0.02366372787021391	0.03035018410229462	0.08949330865099786	-0.2093203937474153	0.27002076195200453	0.3391335571316617	0.7500600157244336	0.9602641887494701	0.10269330399420164	-0.05162010409388085	0.09348593298340979	-0.2932853101906522	0.19004510200289046	-0.5521697483945682	0.6050282190191774	0.8417286589624757	0.064958251388438
psvid_104949_sp|P18827|SDC1_HUMAN	P18827	SDC1_HUMAN	-0.20940412482009307	0.12665686684696922	-0.5169823694194988	0.09817411977931273	-1.6533183713844877	0.14779828496976763	0.7005467842497657	0.2177901109658555	-0.6682598839783926	0.23392237699316873	-1.2947236063620138	-0.04179616159477162	-2.8567591205603557	0.04112893298082613	0.6392260310717692	0.3844434290707182	-0.75	0.21365473874435506	-1.3023067997980968	-0.19769320020190329	-3.5103363698260854	0.017622010010817844	0.4566206351594144	0.3535533905932738
psvid_56110_sp|Q9H0U3|MAGT1_HUMAN	Q9H0U3	MAGT1_HUMAN	-0.19449791011415307	0.11931353493358263	-0.48424333446734813	0.09524751423904199	-1.630141209230141	0.1526423225788661	0.721421928038445	0.19993432863023053	-0.45396058244541626	0.09121799876108784	-0.6982500248954835	-0.20967113999534903	-4.976655798318925	0.005896674327795275	0.5727769937574851	0.10705934937257043	-0.537062739645986	0.12860930357691244	-0.869523387606705	-0.20460209168526705	-4.175924483758716	0.009041862101085697	0.40077442826433896	0.17247248631214038
psvid_62815_sp|P19224|UD16_HUMAN	P19224	UD16_HUMAN	-0.2798316694516947	0.17297505348575004	-0.6998907206116866	0.14022738170829718	-1.6177573806892775	0.15529222392334813	0.7237858396747322	0.3236399130255125	0.10375934476357251	0.1083879687214699	-0.1865127156508719	0.39403140517801694	0.9572957772666467	0.38792954558196696	0.8083919374262081	0.14673787258759066	-0.08807522738289064	0.08794941849663608	-0.3154283025332727	0.13927784776749144	-1.0014304686535178	0.36339713158064313	0.7086460116435848	0.030534843518690187
psvid_27860_sp|Q9H1X3|DJC25_HUMAN	Q9H1X3	DJC25_HUMAN	-0.23210172567033638	0.14349365156378702	-0.580567044273822	0.1163635929331493	-1.6175051867514887	0.15534664065771225	0.7237858396747322	0.2573231810802875	-0.23246098482907396	0.17092229224421523	-0.6902052024366916	0.22528323277854367	-1.360039008234992	0.23923561691516373	0.7409443814808042	0.2699150442603354	-0.3128846917489908	0.16927359634887723	-0.750464306594923	0.12469492309694147	-1.848396315182714	0.12488791858344993	0.5343173581612782	0.2634123876666233
psvid_77737_sp|P62424|RL7A_HUMAN	P62424	RL7A_HUMAN	0.130455448915046	0.08068048636111727	-0.06547204389402281	0.32638294172411486	1.6169392972067782	0.15546881053335465	0.7237858396747322	0.08982205116436505	0.24999981966325535	0.40050528134154423	-0.8225868760116537	1.3225865153381644	0.6242110436742523	0.5633570661340731	0.8834116044934516	0.6770027120321157	-0.10592614387622579	0.09465957187216095	-0.35062525758756374	0.13877296983511217	-1.1190220046555936	0.3148801397063463	0.6810157109210588	0.07030057514291557
psvid_5947_sp|Q96K17|BT3L4_HUMAN	Q96K17	BT3L4_HUMAN	0.17964729969018745	0.11126333399011043	-0.09054871738249026	0.44984331676286515	1.6146136669440023	0.15597185032812638	0.7237858396747322	0.1797461592986531	-0.2359379963343442	0.46679620144706835	-1.4860573295591641	1.0141813368904757	-0.5054411231345421	0.6374894009597638	0.9190364020538448	0.7920032532251159	-0.3157586014584485	0.43523557139044877	-1.4408614988043467	0.8093442958874498	-0.7254889586567873	0.5012497967171887	0.7992416388798445	0.7716944191858331
psvid_45766_sp|Q00839|HNRPU_HUMAN	Q00839	HNRPU_HUMAN	0.12143609295685831	0.07542198279022228	-0.061721454267579995	0.30459364018129664	1.6100888423288882	0.15695501625776587	0.7237858396747322	0.06839790942007282	-0.06456852834815718	0.11234111460911074	-0.36542744462363497	0.2362903879273206	-0.5747542079569214	0.5935336102624577	0.8961189640378836	0.15522856358457598	-0.14624062518028913	0.10906604875438458	-0.42818110872946985	0.1356998583688916	-1.340844624431396	0.23867129518958283	0.6392719708353436	0.12060922789298811
psvid_92333_sp|O95721|SNP29_HUMAN	O95721	SNP29_HUMAN	0.16023908361933792	0.0996868044001092	-0.08184405857741386	0.4023222258160897	1.6074252212578939	0.15753652360338788	0.7237858396747322	0.14907803650983942	0.047188340766152415	0.1608503640293227	-0.3835824093084021	0.4779590908407069	0.2933679451141937	0.7825432870725938	0.9665779766182299	0.2510686447698146	-0.03399033973538246	0.18437744693580996	-0.5106140658017022	0.44263338633093724	-0.18435193837571695	0.8611109614254986	0.9626598341771081	0.29472975796162415
psvid_40646_sp|Q6UXV4|MIC27_HUMAN	Q6UXV4	MIC27_HUMAN	-0.14790274964924333	0.09217601540366842	-0.3717464125931806	0.07594091329469393	-1.6045687047929944	0.15816241451143975	0.7237858396747322	0.12756780969332512	0.12650378482906044	0.1605018980903458	-0.30333374426825616	0.5563413139263771	0.7881762542013804	0.4708329344734719	0.8337187464473949	0.25041252008494685	0.04564785331961807	0.14581665147467288	-0.33129453797278574	0.4225902446120219	0.31304966105017656	0.7671059940492537	0.9182874673290337	0.21260182952399187
psvid_70358_sp|P78371|TCPB_HUMAN	P78371	TCPB_HUMAN	0.11842993905343224	0.07382967127458681	-0.0608607796837175	0.297720657790582	1.6040967948098863	0.15826604140605605	0.7237858396747322	0.06080203787788072	0.2704333761937616	0.17549498330215932	-0.19955689114322245	0.7404236435307456	1.5409749675188247	0.19165115318133386	0.7176098719675167	0.2784036749076579	0.19008297366489435	0.2014370704063037	-0.33064062165835206	0.7108065689881408	0.9436345220941317	0.38944668352955225	0.7291010970187966	0.3292478274003817
psvid_51224_sp|P68366|TBA4A_HUMAN	P68366	TBA4A_HUMAN	0.13604608511987593	0.08489921821364145	-0.0701263329738423	0.34221850321359415	1.6024421423708268	0.15862989606853273	0.7237858396747322	0.10465455336133662	-0.49999963932651026	0.2472682795958328	-1.1622048069301343	0.16220552827711365	-2.022093736179077	0.10671488709861744	0.6917486752637665	0.40824799597519146	-0.20814726395360883	0.09117898938473856	-0.4438489204292254	0.027554392522007753	-2.2828424109342924	0.07226537975446828	0.5124776378946586	0.05315534472209365
psvid_56067_sp|Q9P2W9|STX18_HUMAN	Q9P2W9	STX18_HUMAN	-0.17004287462403944	0.10634404238871314	-0.4282927010708389	0.08820695182276	-1.5989882536389928	0.15939195593332536	0.7237858396747322	0.1669976250691795	-0.40154148973094994	0.17835222260011765	-0.8791836832724631	0.07610070381056316	-2.251396051459608	0.08132231843453534	0.6917486752637665	0.2836887837342216	-0.48240266802715037	0.20130508196198613	-1.0027850674765313	0.037979731422230656	-2.3963760046467475	0.06283860422154894	0.5036298607729148	0.32898355494900966
psvid_85217_sp|P08754|GNAI3_HUMAN	P08754	GNAI3_HUMAN	-0.1594779433589668	0.09974443552333677	-0.4017010391181105	0.08274515240017685	-1.5988655660059798	0.15941908921856174	0.7237858396747322	0.1492371355980932	-0.09345731802258861	0.11293738478756865	-0.39591309578838035	0.20899845974320314	-0.8275144514668781	0.45040706152508225	0.8337187464473949	0.15649473608452696	-0.1749225178603766	0.11212812899735576	-0.4647786121264531	0.1149335764056999	-1.560023514389522	0.1805777518690369	0.5801574353206355	0.12947213922491976
psvid_37841_sp|P60174|TPIS_HUMAN	P60174	TPIS_HUMAN	-0.11730011571128696	0.07337992307717775	-0.2954986492040475	0.06089841778147359	-1.598531461908401	0.15949300101891917	0.7237858396747322	0.058510579712553565	-0.2029798046117457	0.10096503710422065	-0.4733726323007257	0.06741302307723429	-2.0103969694204222	0.1082220696008532	0.6932976333804658	0.13025288235722843	-0.28462470727382594	0.1260156554659241	-0.6103806619691343	0.04113124742148244	-2.258645612098501	0.07446548153679519	0.5124776378946586	0.16608923935830835
psvid_42686_sp|Q99805|TM9S2_HUMAN	Q99805	TM9S2_HUMAN	-0.1946705642823261	0.1218123905360693	-0.490484302488957	0.10114317392430483	-1.5981179207273097	0.15958453115988086	0.7237858396747322	0.20606283759095118	-0.18015881005244339	0.1555085507134509	-0.5966237365578523	0.2363061164529655	-1.158513851655749	0.30554797147633617	0.7858402699700607	0.24097698234592857	-0.26099918403262423	0.13753163292259063	-0.6165244417306097	0.0945260736653612	-1.8977392944903595	0.11727817575033828	0.5319320213874119	0.193694113659326
psvid_48368_sp|O95342|ABCBB_HUMAN	O95342	ABCBB_HUMAN	0.16600447891204606	0.10409711322025124	-0.08678882120041942	0.41879777902451154	1.594707804824613	0.16034119988992468	0.7237858396747322	0.1610453627781368	-0.25354441856496734	0.16018573838869968	-0.6825352454950658	0.17544640836513115	-1.5828151813972826	0.182059595333336	0.7176098719675167	0.24981696937470127	-0.33513594326367735	0.15362936508972616	-0.7322745393293915	0.062002652802036706	-2.1814575818102453	0.08197757246639174	0.5204027816531388	0.2299027862779871
psvid_49999_sp|P11168|GTR2_HUMAN	P11168	GTR2_HUMAN	0.19490368236965505	0.12225984472915633	-0.10199667023597753	0.49180403497528763	1.5941757721141188	0.160459558247131	0.7237858396747322	0.20715423135291297	-0.0322911492711242	0.24308606708372588	-0.6832960014033882	0.6187137028611398	-0.13283833852971175	0.9001687402056885	0.9921682594839206	0.4007999703278012	-0.11391987094404732	0.2104494176997272	-0.6579407763178591	0.43010103442976444	-0.5413171116804425	0.6119409952205429	0.8454787128573634	0.34720530094463975
psvid_24488_sp|Q9UJZ1|STML2_HUMAN	Q9UJZ1	STML2_HUMAN	0.13962191920365807	0.08799805798763058	-0.07407583661320155	0.3533196750205177	1.5866477328770594	0.16214316496719108	0.7237858396747322	0.11473909097319329	-0.008752928245187253	0.11248854994909337	-0.31000668871250187	0.29250083222212736	-0.07781172616367076	0.9413843083816886	1.0	0.15554197490232605	-0.09025697864407567	0.10980756993028862	-0.3741143267105284	0.19360036942237707	-0.8219558879353704	0.44916947442018473	0.7737793466902343	0.12279126934024236
psvid_85731_sp|P56385|ATP5I_HUMAN	P56385	ATP5I_HUMAN	0.1306022109509417	0.08231444517519033	-0.06929324819340321	0.33049767009528663	1.5866256605748874	0.1621481257960847	0.7237858396747322	0.09574855775523487	-0.12216864979945363	0.13909390651361148	-0.49467378400446865	0.2503364844055614	-0.8783177700706711	0.42505463588981296	0.8230101568586697	0.20942967124538647	-0.20406729975816462	0.1356365101889135	-0.5546935826970916	0.14655898318076233	-1.5045159999615239	0.19384706046842942	0.5982227824638846	0.18927050993840233
psvid_72512_sp|Q9Y6C9|MTCH2_HUMAN	Q9Y6C9	MTCH2_HUMAN	-0.14014343285672926	0.08842285675884881	-0.35487278580378756	0.07458592009032902	-1.584923152154373	0.16253120323867354	0.7237858396747322	0.11607986199207254	0.004061309484786335	0.10973301925162376	-0.2898129089307238	0.2979355279002965	0.03701082420300067	0.9720929983763649	1.0	0.14964644674341973	-0.07774863812146893	0.10418307938060749	-0.3470664332894204	0.19156915704648253	-0.7462693422358273	0.48967932180716717	0.7915595451388882	0.1055417606948037
psvid_79974_sp|Q9UHG3|PCYOX_HUMAN	Q9UHG3	PCYOX_HUMAN	-0.1720666634993684	0.10859056542804707	-0.43577203002142734	0.09163870302269056	-1.5845452394607988	0.1626163524106847	0.7237858396747322	0.17286450513564602	0.05679855466002026	0.07771471024363623	-0.15132794990527254	0.26492505922531306	0.7308597623533093	0.5018319665193315	0.8519714545462771	0.06898522140557066	-0.02438051323940793	0.10974184604827751	-0.3080679622099773	0.2593069357311614	-0.2221624122186033	0.8331342305309616	0.9520942959775506	0.12259884238160287
psvid_90393_sp|Q9NQR4|NIT2_HUMAN	Q9NQR4	NIT2_HUMAN	0.27015375898715543	0.17050353387823775	-0.1439033620659586	0.6842108800402695	1.584446684724325	0.1626385651407899	0.7237858396747322	0.3181780016066277	-0.4867842507084257	0.16721916517456856	-0.9346111837948701	-0.03895731762198129	-2.9110553817216283	0.03879851421618336	0.6392260310717692	0.26301106714789196	-0.5693834938822275	0.14169708089536678	-0.9356766159069771	-0.2030903718574779	-4.01831491717657	0.010525966307203722	0.4210386522881489	0.20328204350330412
psvid_26160_sp|P20962|PTMS_HUMAN	P20962	PTMS_HUMAN	-0.4989660603198649	0.31540185636586093	-1.2648996550740825	0.2669675344343527	-1.5820010258312256	0.16319069828471014	0.7237858396747322	0.6260824873068911	0.22564539122698113	0.11027653062727806	-0.06968439618507771	0.52097517863904	2.046177821731049	0.103682088988443	0.6917486752637665	0.1508158371168339	0.14624062518028924	0.14325107920346222	-0.22406965011463809	0.5165509004752166	1.0208692736798228	0.35496614396571313	0.6990333245481015	0.20681547549988502
psvid_15783_sp|P61978|HNRPK_HUMAN	P61978	HNRPK_HUMAN	-0.1175372698335373	0.07448316094225493	-0.2984149471766351	0.06334040750956046	-1.5780381544851623	0.16408911757760913	0.7237858396747322	0.06400873642832543	0.021497059175984212	0.14894426506578495	-0.37738816044338236	0.4203822787953508	0.14432955284642546	0.8916030252469063	0.987992541489815	0.22846799725054676	-0.060651410556488816	0.12764719214801185	-0.39062495859390084	0.2693221374809232	-0.4751488030082257	0.6550693540821753	0.8642910222805852	0.17011747441767464
psvid_98045_sp|P14854|CX6B1_HUMAN	P14854	CX6B1_HUMAN	0.17127705062846843	0.10866991036918155	-0.09262100009871521	0.43517510135565207	1.5761221302805277	0.16452517014016532	0.7237858396747322	0.17307028292147414	0.4999996393265098	0.2472682795958328	-0.1622055282771141	1.1622048069301338	2.0220937361790754	0.10671488709861764	0.6917486752637665	0.40824799597519146	0.25444993651465087	0.1289765622755972	-0.0789600911685151	0.5878599641978168	1.972838568692365	0.10660591692337022	0.5319320213874119	0.17336761659286237
psvid_48669_sp|A2RRP1|NBAS_HUMAN	A2RRP1	NBAS_HUMAN	0.11282585003785783	0.07163179914950757	-0.06112747431306709	0.28677917438878275	1.5750805002450292	0.16476268483050954	0.7237858396747322	0.048751178423258996	-0.010212372984871099	0.12699685603422364	-0.35032059257833026	0.32989584660858806	-0.08041437641668095	0.9394288191544321	1.0	0.1854793382086154	-0.09247000841475139	0.1341986603277206	-0.43937938687455136	0.2544393700450486	-0.6890531409846752	0.521997841491105	0.8099115043002952	0.18588622573023095
psvid_79003_sp|P51970|NDUA8_HUMAN	P51970	NDUA8_HUMAN	-0.17835428376288665	0.11376778780052764	-0.4546322095852821	0.09792364205950882	-1.5677045955714668	0.16645382687534646	0.7237858396747322	0.18610738930682258	0.08127330357401386	0.07719718384616527	-0.12546722194319107	0.28801382909121875	1.052801404465366	0.34669158535858463	0.7995936304778763	0.06725617160157354	1.1102230246251565e-16	0.08631442272419226	-0.22312653990913767	0.2231265399091379	1.2862543588720342e-15	0.999999999999999	1.0	8.107922592650824e-16
psvid_418760_sp|P24462|CP3A7_HUMAN	P24462	CP3A7_HUMAN	0.18556817322550945	0.11875326560101158	-0.10281667224945323	0.47395301870047213	1.5626363812931534	0.16762532644903416	0.7237858396747322	0.19855211588456442	-0.1462405650680214	0.13775621090714282	-0.5151632383737568	0.222682108237714	-1.0615896307324948	0.3430938646955783	0.7995936304778763	0.20681539048830033	-0.13452021443564988	0.12192977035716472	-0.44971397827095694	0.18067354939965719	-1.1032598030948833	0.3210421357588562	0.6810157109210588	0.15578971546654238
psvid_53884_sp|P13674|P4HA1_HUMAN	P13674	P4HA1_HUMAN	-0.14335458165413595	0.09184031752292637	-0.36638302338311035	0.07967386007483843	-1.5609112154729856	0.16802585934931932	0.7237858396747322	0.1265640294321723	0.421850010394039	0.4358376004567583	-0.7453595958287111	1.5890596166167892	0.9679064173259483	0.3831521485844817	0.8081004239928898	0.7383494269198907	0.33917337826200944	0.44627869316170854	-0.8144764695569278	1.4928232260809466	0.7600035212505886	0.4821376713101553	0.7877497068248037	0.7920657100744325
psvid_55562_sp|Q13724|MOGS_HUMAN	Q13724	MOGS_HUMAN	-0.14074644842510597	0.09025868264019701	-0.359933989199102	0.0784410923488901	-1.5593674127304853	0.16838504812127078	0.7237858396747322	0.12177484179851168	-0.16711104032034685	0.13207033638589394	-0.5208064653252846	0.186584384684591	-1.2653185029533665	0.26851916807117937	0.7748608899285665	0.19561347927566158	-0.24829842781426015	0.12296620408206144	-0.5661714179431878	0.06957456231466758	-2.0192412189007505	0.10052273334435217	0.5293694948893074	0.1584330553528024
psvid_81488_sp|P07947|YES_HUMAN	P07947	YES_HUMAN	0.8190180209978699	0.525384060228813	-0.45684416483160395	2.0948802068273435	1.5588939273132396	0.16849535618232236	0.7237858396747322	1.0587893683034053	-0.18833658211201731	0.4155641560300559	-1.3012522057566904	0.9245790415326558	-0.4532069943452865	0.6718259508682709	0.933806897924666	0.7031656713510738	-0.2675973319728494	0.4286465700485154	-1.3756673740382337	0.840472710092535	-0.6242843187630359	0.5603040058744796	0.8256051838581729	0.7595296795729226
psvid_8208_sp|P53999|TCP4_HUMAN	P53999	TCP4_HUMAN	0.1360028643852269	0.08731435454173897	-0.07603456056328756	0.34804028933374137	1.5576232006641395	0.16879173373615639	0.7237858396747322	0.11256151862102605	-0.023366508239754946	0.12702085297807977	-0.36353899365919956	0.31680597717968967	-0.1839580485559119	0.862204583252028	0.979782114487937	0.1855276148656169	-0.10375937481971098	0.1554190590214623	-0.5055244076022721	0.29800565796285017	-0.6676103656333585	0.5344797492530909	0.8138211960662557	0.23380604565651184
psvid_77443_sp|Q9GZM5|YIPF3_HUMAN	Q9GZM5	YIPF3_HUMAN	0.17310482184184472	0.11116515911589349	-0.09685278371610717	0.4430624273997966	1.5571859314425756	0.16889383337339084	0.7237858396747322	0.17949514569014682	-0.1831427421825884	0.1856953005611107	-0.6804503136683893	0.31416482930321243	-0.9862540496673352	0.3750076400131368	0.8018416292327827	0.29721058725636257	-0.2637853885481152	0.16526618336457596	-0.6910056663915713	0.16343488929534095	-1.5961244047501635	0.17243016433659547	0.577464971389952	0.2549489510634913
psvid_74483_sp|Q8N4Q1|MIA40_HUMAN	Q8N4Q1	MIA40_HUMAN	-0.15725700388441854	0.10104365003576894	-0.40263516047081904	0.08812115270198198	-1.5563274270946306	0.16909445766221898	0.7237858396747322	0.15280366613504193	-0.0691759298004464	0.21867047464456343	-0.6547937799697227	0.5164419203688299	-0.316347828452323	0.7661622497403482	0.9665627003629799	0.35709075192615836	-0.14875404134626946	0.21794068982536527	-0.7121402112512765	0.41463212855873754	-0.6825436840888468	0.5257658820223641	0.8122955845087562	0.36201283214784197
psvid_48347_sp|O00767|SCD_HUMAN	O00767	SCD_HUMAN	-0.3067988838234603	0.19713368884626592	-0.7855256633197498	0.17192789567282912	-1.5562985992856677	0.16910119833156553	0.7237858396747322	0.3763848862306254	-0.3143990565186505	0.45994178705797106	-1.5461616937824034	0.9173635807451024	-0.6835627145985405	0.5285076252561637	0.8667313206910913	0.7801308939873369	-0.39624062518028913	0.40735624436223167	-1.4492742486033499	0.6567929982427717	-0.9727127806783827	0.3761559725504295	0.717320691840354	0.7201669840767202
psvid_71441_sp|P04080|CYTB_HUMAN	P04080	CYTB_HUMAN	0.17916235186318907	0.11520751205810138	-0.10061185387576832	0.45893655760214647	1.5551273407660606	0.1693752817644612	0.7237858396747322	0.18972949664957153	0.05298388077162919	0.20423258183014556	-0.4939680829093266	0.599935844452585	0.2594291287748317	0.8069777085806918	0.9727640365131593	0.33101800057160885	-0.027757828097185966	0.23644462178604952	-0.6389774675753421	0.5834618113809702	-0.11739674130673632	0.9111975796670102	0.9818423328869229	0.3982052495896103
psvid_92670_sp|O60831|PRAF2_HUMAN	O60831	PRAF2_HUMAN	0.12278952968177581	0.0789600659080242	-0.06896003013314564	0.3145390894966973	1.5550839309684203	0.16938544800562258	0.7237858396747322	0.08326974639516728	-0.5413986139493092	0.3291355419242093	-1.422851168480302	0.3400539405816836	-1.644910819366868	0.1687107926236781	0.7176098719675167	0.552559237440816	-0.6229632740824186	0.3074435509592799	-1.417718235974736	0.17179168780989884	-2.026268796787767	0.09963367117093212	0.5293694948893074	0.5337911854037073
psvid_28662_sp|Q9BYV7|BCDO2_HUMAN	Q9BYV7	BCDO2_HUMAN	-0.16700729197946984	0.10747201589454798	-0.4279963312263025	0.0939817472673628	-1.5539607272588813	0.1696486930783517	0.7237858396747322	0.16995335839938427	-0.5725970693779994	0.45367456009080415	-1.7875755477881121	0.6423814090321134	-1.26213175643658	0.26956096153191733	0.7748608899285665	0.7692722861361413	-0.6528586780205867	0.4544455113145432	-1.8276201062567603	0.5219027502155869	-1.4366049653172004	0.21137191954164575	0.6186927031367531	0.8071183868826659
psvid_31050_sp|Q07954|LRP1_HUMAN	Q07954	LRP1_HUMAN	-0.1265290566848325	0.08142690354390542	-0.3242691767326455	0.0712110633629805	-1.553897436571538	0.1696635379381894	0.7237858396747322	0.09256167612280945	-0.014021935538071073	0.080961691994274	-0.23084412924675707	0.20280025817061492	-0.17319222452839514	0.8701677489679776	0.9814843470253816	0.07920126856479617	-0.09548036669178583	0.09225595061604056	-0.33396601482919624	0.14300528144562458	-1.0349507652808756	0.3489615343471748	0.6990333245481015	0.05892336135272809
psvid_31847_sp|Q13586|STIM1_HUMAN	Q13586	STIM1_HUMAN	-0.10667720320819463	0.06876216161757723	-0.2736617930824161	0.06030738666602689	-1.5513939745158538	0.17025170553799618	0.7237858396747322	0.026702123463756344	-0.08453256807584975	0.12327694507797649	-0.4146785544937531	0.24561341834205364	-0.6857127098856991	0.5272737503621957	0.8667313206910913	0.17795229311138652	-0.16635228595630713	0.13767075848004748	-0.5222371892762934	0.18953261736367905	-1.208334201052698	0.2818896758344106	0.66457759244386	0.1940172739904758
psvid_75737_sp|Q15067|ACOX1_HUMAN	Q15067	ACOX1_HUMAN	0.11094353533500101	0.07168094849635899	-0.06312914511720844	0.2850162157872105	1.5477408943693922	0.17111340157236016	0.7237858396747322	0.04904858975201524	-0.05814297892856324	0.14872053106062172	-0.45642902013883535	0.3401430622817089	-0.39095462148977195	0.7140028603123256	0.9513860308426689	0.22803933916646377	-0.13963227321709426	0.17758009865722085	-0.5986845581025436	0.3194200116683551	-0.7863058657638405	0.46793016689051686	0.778964373318746	0.280738945733011
psvid_67434_sp|P49326|FMO5_HUMAN	P49326	FMO5_HUMAN	-0.11076478283890445	0.07162531327696921	-0.2847023566558101	0.06317279097800121	-1.5464474467369675	0.17141948236645987	0.7237858396747322	0.048711810941582785	8.881784197001252e-16	0.06648275985679548	-0.178046400475148	0.17804640047514977	1.3359529923445871e-14	0.9999999999999899	1.0	5.426859785202775e-15	-0.06890263648504225	0.12424873590667422	-0.3900910272077226	0.2522857542376381	-0.5545540240891982	0.6035157645327226	0.8417286589624757	0.16167432126507628
psvid_71806_sp|P53582|MAP11_HUMAN	P53582	MAP11_HUMAN	-0.1240502166158759	0.08027852146346122	-0.31900156292227616	0.07090112969052437	-1.5452478988709	0.17170380163591437	0.7237858396747322	0.08832228289592992	-0.5023926681242394	0.3982655886925382	-1.568981279255349	0.5641959430068701	-1.2614513590630285	0.26978388301781187	0.7748608899285665	0.6731092120440089	-0.5804820237218404	0.34814087305950053	-1.4804413347506409	0.3194772873069601	-1.6673768254227093	0.1574031524388413	0.5664090740980359	0.6101168887854993
psvid_51447_sp|P24539|AT5F1_HUMAN	P24539	AT5F1_HUMAN	-0.13536489348773628	0.08765681463984423	-0.34823396127128015	0.07750417429580761	-1.544259782241807	0.17193833912751907	0.7237858396747322	0.11365533462391088	-0.09483353950753504	0.1138738244486884	-0.39979718113583307	0.210130102120763	-0.832794893529435	0.44771807662379676	0.8334366012066137	0.1584761409316372	-0.195163672058279	0.1304401458025314	-0.5323571268666699	0.1420297827501119	-1.4961932989076092	0.19591681997624852	0.5989694847286967	0.17691464601567292
psvid_68821_sp|Q9UGP8|SEC63_HUMAN	Q9UGP8	SEC63_HUMAN	-0.12075935162219587	0.07834868063416783	-0.3110242007065584	0.06950549746216667	-1.5413067666838636	0.1726410523022054	0.7237858396747322	0.08084983082354712	-0.0794089300676859	0.12456676435133313	-0.4130091605539656	0.2541913004185938	-0.6374808760683367	0.5554345617673871	0.8773870729669259	0.18057220828264897	-0.15973333881471752	0.148081269427824	-0.5425298660922202	0.2230631884627851	-1.0786869901366751	0.33085671610837336	0.6851073414365306	0.2176638308437212
psvid_105690_sp|P37108|SRP14_HUMAN	P37108	SRP14_HUMAN	0.14257770975469874	0.09264547602312243	-0.08240600881223664	0.36756142832163413	1.5389603019484108	0.17320134550650362	0.7237858396747322	0.12896450705869614	0.07245225116101572	0.17928265239986826	-0.4076817113307823	0.5525862136528137	0.4041230436474118	0.7049732124937002	0.9488309432282527	0.2854068406040194	-0.007286586414878893	0.2085261658878164	-0.5463358021379718	0.531762629308214	-0.03494327143001783	0.9735013088492952	1.0	0.34338699594916205
psvid_85423_sp|O15400|STX7_HUMAN	O15400	STX7_HUMAN	0.1348450625683526	0.08764524318781296	-0.07799590467084774	0.3476860298075529	1.5385325850416804	0.1733036598789793	0.7237858396747322	0.11361847777216316	0.08322624024858616	0.10557257330737581	-0.19950595538777993	0.36595843588495225	0.7883320226198519	0.47075068641039947	0.8337187464473949	0.1405774050089569	1.1102230246251565e-16	0.10597399124900131	-0.2739473803040739	0.2739473803040741	1.0476372660311774e-15	0.9999999999999992	1.0	0.11122368760809867
psvid_27490_sp|Q9Y241|HIG1A_HUMAN	Q9Y241	HIG1A_HUMAN	0.15339027406232475	0.09983213681652978	-0.0890457987779747	0.3958263469026242	1.5364819281012028	0.173794985069267	0.7237858396747322	0.14947909889306166	0.40213402461925574	0.20753035038479123	-0.15364963952087984	0.9579176887593913	1.9377118762322774	0.11811357285430364	0.7048513307479977	0.33699089014275024	0.319420295449549	0.2267463381316816	-0.26672885862698326	0.9055694495260812	1.408712035137906	0.21900186970103042	0.6210915066177928	0.3792983628791769
psvid_96064_sp|Q9NYL5|CP39A_HUMAN	Q9NYL5	CP39A_HUMAN	-0.20149588102276628	0.13117313988579687	-0.52004161098633	0.1170498489407974	-1.5361062577155233	0.17388513465356373	0.7237858396747322	0.2285628948038465	-0.22385693109089777	0.18898273171134217	-0.7299685186008433	0.2822546564190478	-1.1845364339045723	0.29611728066658716	0.7858402699700607	0.3032381023010879	-0.3055981053341119	0.20463197504902125	-0.8345806682292912	0.2233844575610674	-1.493403488193394	0.1966153976619485	0.599348052352408	0.3356331283640646
psvid_88888_sp|Q969M3|YIPF5_HUMAN	Q969M3	YIPF5_HUMAN	-0.18484590356742014	0.12077785577990421	-0.4781473391078025	0.1084555319729622	-1.530461874602811	0.17524489451621686	0.7248579496443748	0.20353263068075275	0.0814241434769114	0.32792562366795625	-0.7967881486031987	0.9596364355570215	0.24830064380500524	0.815048093119279	0.9751168687974395	0.5504414354130643	0.0	0.33062359325588375	-0.8546763802294993	0.8546763802294993	0.0	1.0	1.0	0.5773502691896257
psvid_69811_sp|Q00325|S25A3_HUMAN	Q00325	S25A3_HUMAN	-0.1731197482788005	0.11316387185112219	-0.44793110215584586	0.10169160559824486	-1.5298146435512208	0.1754014495856953	0.7248579496443748	0.1845806821651753	-0.18052699017612817	0.11500763266822442	-0.48852706520087896	0.12747308484862263	-1.5696957322555702	0.18501400600859721	0.7176098719675167	0.16086393077123518	-0.2620443210590442	0.15182867008469927	-0.6545280421545905	0.13043940003650217	-1.7259212038995	0.14604184669928494	0.5569968106670402	0.22595430136627206
psvid_62830_sp|P35503|UD13_HUMAN	P35503	UD13_HUMAN	-0.17164128406687773	0.11228930749431622	-0.4443288133432356	0.10104624520948013	-1.5285630297040147	0.17570456629347295	0.7248579496443748	0.18236175546913555	0.10375934476357251	0.1083879687214699	-0.1865127156508719	0.39403140517801694	0.9572957772666467	0.38792954558196696	0.8083919374262081	0.14673787258759066	-0.07400035507780123	0.0866546019991416	-0.2980062732202938	0.1500055630646914	-0.853969129978051	0.43281060551731415	0.7690242611575246	0.013876241007849939
psvid_70086_sp|Q9HA82|CERS4_HUMAN	Q9HA82	CERS4_HUMAN	0.1637515201426547	0.10718734134023737	-0.0965462048321869	0.4240492451174963	1.5277132364247152	0.17591064875515927	0.7248579496443748	0.16920934090020395	-0.2404924156270094	0.13180276761646692	-0.5934712690519066	0.1124864377978878	-1.8246385867011432	0.1354571627416439	0.7067636245123187	0.1950824836650865	-0.32237665429874607	0.12941149013037906	-0.6569109894184302	0.012157680820938044	-2.4910976140832557	0.055992542312790175	0.5036298607729148	0.1744250103959937
psvid_24139_sp|P17516|AK1C4_HUMAN	P17516	AK1C4_HUMAN	-0.116889136423314	0.07661711178886318	-0.30294897934338133	0.06917070649675333	-1.5256270263153489	0.1764175314179081	0.7251246905397727	0.07367918407905658	0.04618931175935348	0.09071331847797205	-0.19674855461304944	0.28912717813175637	0.5091789445512309	0.6350712351056245	0.9190364020538448	0.10579185218762004	-0.034188469262588006	0.12817524252677015	-0.3655270505145132	0.29715011198933716	-0.2667322377443331	0.8005171682538272	0.9368148525045346	0.17141182967994542
psvid_26128_sp|O75400|PR40A_HUMAN	O75400	PR40A_HUMAN	0.20242565795112988	0.1332368732114403	-0.1211317187507795	0.5259830346530392	1.51929156750692	0.17796521753741323	0.7256910859044897	0.23344019352304513	0.8711504926392166	0.4258137027855935	-0.26921427587032154	2.011515261148755	2.04584889340177	0.10372287928908325	0.6917486752637665	0.7209585887656881	0.792481250360578	0.4004517162913113	-0.24270386745302375	1.8276663681741798	1.9789682953539451	0.10578072249419272	0.5319320213874119	0.7073814534800541
psvid_41895_sp|Q96A33|CCD47_HUMAN	Q96A33	CCD47_HUMAN	-0.1194869071379987	0.07866943126845383	-0.31053067898828624	0.07155686471228881	-1.51884798467982	0.1780740533470191	0.7256910859044897	0.08212593754643413	0.0643324907132854	0.06880807221055478	-0.11994129104776419	0.24860627247433498	0.9349555749276921	0.39815026966234934	0.8101536433552932	0.030403563385743522	-0.01654459269803432	0.09943704967313595	-0.2735936944829818	0.24050450908691318	-0.16638257824843763	0.8744916886399974	0.9687449624358292	0.08931209241990426
psvid_26148_sp|P50416|CPT1A_HUMAN	P50416	CPT1A_HUMAN	-0.13653154066398887	0.09027519004659232	-0.3557591686374266	0.08269608730944891	-1.5123927248840239	0.17966492969190562	0.7256910859044897	0.12182536055550597	0.03701669711300992	0.09247241820534098	-0.2106321856974815	0.28466557992350133	0.400299871371504	0.7075890017511142	0.9504061939982206	0.11017607051543227	-0.04416830762131574	0.10463037922603555	-0.3146423923601442	0.2263057771175127	-0.42213655295942176	0.6907753680035948	0.8789564839897613	0.10697996762226952
psvid_50923_sp|Q15008|PSMD6_HUMAN	Q15008	PSMD6_HUMAN	0.19955086754181384	0.1319567815026396	-0.12089788686017011	0.5199996219437978	1.5122441247009508	0.17970170713918762	0.7256910859044897	0.23041807375926598	0.3077316035650455	0.15066991980857058	-0.09577506402184927	0.7112382711519403	2.0424222960762517	0.1041488394068516	0.6917486752637665	0.23176891075452305	0.22672264890212956	0.14030001632618028	-0.13595900039866632	0.5894042982029255	1.615984479823775	0.1681038993228708	0.5742338475183212	0.20008589298388904
psvid_41661_sp|Q14696|MESD_HUMAN	Q14696	MESD_HUMAN	-0.1439217061790865	0.09517555507940348	-0.37504956279555135	0.08720615043737831	-1.512170914674623	0.17971982865765593	0.7256910859044897	0.13636044033556077	0.014289265979873012	0.08169183975085265	-0.20448832458889904	0.23306685654864506	0.17491668719241776	0.8688909681376592	0.9814843470253816	0.08137443864468752	-0.06608515083360444	0.08860106046383803	-0.2951227488344256	0.16295244716721666	-0.7458731361412619	0.4898981331194948	0.7915595451388882	0.03617816630902279
psvid_24520_sp|Q13438|OS9_HUMAN	Q13438	OS9_HUMAN	-0.12048051423193762	0.07976441357124123	-0.31418338181815303	0.07322235335427779	-1.5104544600497938	0.18014518690623602	0.7256910859044897	0.08637740922116773	-0.166045478430477	0.11401234472312763	-0.4713800889582289	0.1392891320972749	-1.456381577220509	0.2126119108613339	0.7258795267620202	0.1587685132867763	-0.24513613550239155	0.10551144178195979	-0.5178878052999194	0.027615534295136246	-2.323313295338787	0.0687404814525012	0.5122021217047674	0.10977519579493575
psvid_91752_sp|Q96S66|CLCC1_HUMAN	Q96S66	CLCC1_HUMAN	-0.13084636413048045	0.08663806326216611	-0.3412414581909252	0.07954872992996431	-1.5102641864758721	0.18019239667113407	0.7256910859044897	0.11038249873581105	0.18192487890980713	0.086044267281372	-0.04850887720935915	0.4123586350289734	2.1143172538723287	0.09559395158091635	0.6917486752637665	0.09363198187337	0.09889628415316798	0.09986318093081446	-0.1592543854818798	0.35704695378821577	0.9903177851072423	0.3682912626748733	0.7124524044277046	0.0908546593793244
psvid_40265_sp|Q9HDC9|APMAP_HUMAN	Q9HDC9	APMAP_HUMAN	-0.10641787034528516	0.0704757071128401	-0.27756369781044576	0.06472795711987542	-1.5099936517826962	0.1802595402692296	0.7256910859044897	0.04120985149444761	0.0	0.3433121711072731	-0.9194187551272435	0.9194187551272435	0.0	1.0	1.0	0.5773498527197525	-0.06953193780482136	0.1144643586121354	-0.3654272873184793	0.22636341170883656	-0.6074549200107924	0.5705495496057961	0.8317344545364493	0.1359976338192211
psvid_45737_sp|Q9H0V9|LMA2L_HUMAN	Q9H0V9	LMA2L_HUMAN	-0.2134633904073402	0.14173472804919202	-0.5576572737505694	0.130730492935889	-1.5060768334296535	0.18123426209714288	0.7256910859044897	0.25326565675105495	-0.6296011461500597	0.2856599355629899	-1.394622384686303	0.1354200923861837	-2.2040232730194274	0.08597254402794156	0.6917486752637665	0.47621893458349124	-0.7119992266387375	0.2486810739537239	-1.3548506276089578	-0.06914782566851718	-2.8631017846224625	0.03603726537200483	0.48232346954803157	0.42189234121703395
psvid_41166_sp|P62829|RL23_HUMAN	P62829	RL23_HUMAN	0.2557530030058226	0.17005150925575338	-0.15720640464761104	0.6687124106592562	1.503973731989501	0.18175965132893157	0.7256910859044897	0.31717748250508665	0.008138181537931555	0.19802313701526242	-0.5221843687338874	0.5384607318097505	0.04109712461177864	0.9690138565487546	1.0	0.3197399292261771	-0.07237665429874629	0.211277611920002	-0.618538477782306	0.4737851691848134	-0.3425666053351215	0.7461050773233334	0.9067810180260121	0.34884736091580304
psvid_55618_sp|Q92667|AKAP1_HUMAN	Q92667	AKAP1_HUMAN	0.1674220060961611	0.11136140883306361	-0.10301217957160236	0.43785619176392454	1.5034113509387723	0.18190038312039886	0.7256910859044897	0.17999678841475605	-0.06620667409795278	0.2235470561873002	-0.6648844181732291	0.5324710699773235	-0.2961643746383362	0.7805425641363306	0.9665779766182299	0.3658556057895746	-0.14624062518028902	0.2074890323991499	-0.6826088056899565	0.3901275553293785	-0.7048113506981113	0.5129528205646748	0.8019169954051512	0.3413249257506781
psvid_29034_sp|Q96ER9|MITOK_HUMAN	Q96ER9	MITOK_HUMAN	-0.19244349128936733	0.1284410776843028	-0.5043545798237596	0.11946759724502504	-1.4983017486226409	0.183183671689563	0.7256910859044897	0.22206316184232558	0.16291269957648646	0.1937063536718488	-0.35584914326409134	0.6816745424170643	0.8410291995505279	0.4435498375997155	0.8303901069218419	0.3118731912546384	0.08048202372184066	0.2150909778564798	-0.47553751669892774	0.636501564142609	0.374176660145841	0.7238905319178284	0.896040644379517	0.35639176201858075
psvid_47747_sp|O14936|CSKP_HUMAN	O14936	CSKP_HUMAN	-0.6962753296095476	0.4650163980834083	-1.8255384401935573	0.432987780974462	-1.4973134979310112	0.18343284161209109	0.7256910859044897	0.9349558261972081	0.5800820433093725	0.5978434162792947	-1.0209927096878795	2.1811567963066247	0.9702909282158514	0.382085334485743	0.8081004239928898	1.0184390280156423	0.5	0.5908670349017822	-1.0274170049804983	2.0274170049804985	0.846214072651918	0.4367310506433683	0.7710550916536703	1.057400469065877
psvid_55911_sp|O95479|G6PE_HUMAN	O95479	G6PE_HUMAN	-0.10810933813056511	0.07222652740217568	-0.28350692268248134	0.06728824642135109	-1.4968093028837564	0.1835600866565184	0.7256910859044897	0.05224920660562099	0.06797525843238672	0.07037327289875779	-0.12049026189601547	0.2564407787607889	0.965924357819467	0.3840408068435992	0.8081004239928898	0.0395535132478012	0.06104216950169028	0.10121599502315623	-0.2006055834484955	0.32268992245187605	0.6030881728498053	0.5732273040455569	0.833897495349263	0.09562812662893266
psvid_30657_sp|Q13442|HAP28_HUMAN	Q13442	HAP28_HUMAN	0.11729424126515298	0.07846839719119543	-0.07326133195740037	0.3078498144877063	1.4947959365010963	0.18406902251942056	0.7256910859044897	0.0813278543123684	0.5185667303621231	0.4767897354119765	-0.7583161240268408	1.795449584751087	1.0876214227096324	0.33262801096900363	0.7995936304778763	0.8093063781864807	0.43872187554086717	0.4324417812616734	-0.67915895271169	1.5566027037934242	1.014522404058348	0.3577007608994183	0.702549997455145	0.7665374121132368
psvid_152111_sp|Q7Z4R8|CF120_HUMAN	Q7Z4R8	CF120_HUMAN	-0.16130901124950636	0.10811209682685817	-0.42385244683080214	0.10123442433178942	-1.4920533037837866	0.18476440790308443	0.7256910859044897	0.17162159782477357	-0.0420141533766607	0.092138698049685	-0.28876930565297243	0.20474099889965103	-0.4559881381654094	0.6699727431611402	0.933521919103033	0.10935145669754749	-0.12135670679256039	0.1024332527947127	-0.38615112406804414	0.14343771048292336	-1.1847393642352873	0.29029229601966366	0.6659413830042331	0.09977949571102876
psvid_54725_sp|Q99442|SEC62_HUMAN	Q99442	SEC62_HUMAN	0.11471810404685545	0.07698380190060788	-0.07223222277424399	0.3016684308679549	1.4901589842882208	0.1852461279314701	0.7256910859044897	0.07524100835324225	-0.06628820415667924	0.10854174045529573	-0.35697207815650256	0.22439566984314407	-0.61071624500052	0.5714900964895769	0.8905842685160916	0.14707147504719603	-0.14624062518028924	0.11548612198551782	-0.44477727749031987	0.15229602712974138	-1.2663047530388811	0.2621692532951398	0.6554231332378495	0.13879562319607383
psvid_99891_sp|P35575|G6PC1_HUMAN	P35575	G6PC1_HUMAN	-0.20297412317379404	0.13636989552354198	-0.5341398477453165	0.12819160139772845	-1.4884085845673611	0.18569228421324305	0.7256910859044897	0.24079536702770324	-0.4648840117918738	0.22642901497592446	-1.0712798829385524	0.14151185935480481	-2.053111487683253	0.10282625492574514	0.6917486752637665	0.37102665169887034	-0.5454376092097757	0.2571608174459391	-1.2102095162208097	0.11933429780125837	-2.1209981156030455	0.08842595500724316	0.5204027816531388	0.4382121023265133
psvid_4549_sp|P68104|EF1A1_HUMAN	P68104	EF1A1_HUMAN	-0.43026750565091376	0.28929794026572014	-1.1328093799944856	0.272274368692658	-1.4872816075209976	0.1859800640913645	0.7256910859044897	0.5716604720044773	-0.05259692771013791	0.11442642565753386	-0.3590404816697693	0.2538466262494935	-0.45965717628509106	0.6675321005935334	0.9317043787007615	0.1596414198293188	-0.133726806720879	0.12286206957305933	-0.4513306046111814	0.1838769911694234	-1.0884303608556667	0.32693462491513764	0.682153670306394	0.1581684607413805
psvid_41954_sp|Q9Y694|S22A7_HUMAN	Q9Y694	S22A7_HUMAN	0.17649082616888734	0.11876728929309643	-0.11192807496134016	0.46490972729911484	1.4860221801757176	0.18630215469992142	0.7256910859044897	0.19858675078422627	-0.6048657167174682	0.1759743771694595	-1.0761398409921985	-0.13359159244273805	-3.4372374344873844	0.022599727181442868	0.6392260310717692	0.2792914080567546	-0.6842413985415514	0.18985501230074567	-1.1750248695083219	-0.19345792757478092	-3.604020722179606	0.015976400517863386	0.4566206351594144	0.30589815870791565
psvid_5656_sp|P23528|COF1_HUMAN	P23528	COF1_HUMAN	0.1031372257033949	0.06942591659317428	-0.06545925143221712	0.2717337028390069	1.4855724024180186	0.18641730767002204	0.7256910859044897	0.03304193575169429	0.32025046227154474	0.23237538496510435	-0.30207028586200146	0.942571210405091	1.3781600074364009	0.23399256124714993	0.7388061159693884	0.38167678178824077	0.23954495607634319	0.24141890182889814	-0.38453341383724005	0.8636233259899264	0.9922377836268882	0.3674417996519367	0.7124524044277046	0.4078553954039495
psvid_883231_sp|P30837|AL1B1_HUMAN	P30837	AL1B1_HUMAN	-0.2333228916452832	0.15708773074696813	-0.6148005775699981	0.14815479427943173	-1.4853030885086258	0.18648628948201956	0.7256910859044897	0.2882511030119982	-0.03162009763860052	0.21128896417005782	-0.5974696443727269	0.5342294490955258	-0.14965333264235609	0.8876403973642676	0.9863764651210738	0.3437852630152778	-0.11391987094404765	0.21974682233378728	-0.681974972002187	0.45413523011409174	-0.5184141901765823	0.6266806738254139	0.8518063855250239	0.36556832494136426
psvid_31594_sp|P00439|PH4H_HUMAN	P00439	PH4H_HUMAN	-0.1453569346486665	0.09802446466976118	-0.38340318923784733	0.09268931994051435	-1.4828638456569563	0.1871121520995683	0.7256910859044897	0.1444543547443539	0.0526393654198678	0.17684688381377564	-0.42097140474239414	0.5262501355821297	0.29765503516193376	0.7794768748095687	0.9665779766182299	0.2809060701470692	-0.027631614367222834	0.1537648116020255	-0.42512034556306083	0.36985711682861516	-0.17970050546245298	0.8645697341634726	0.9645539891347584	0.23019891266383496
psvid_77721_sp|P20290|BTF3_HUMAN	P20290	BTF3_HUMAN	0.1778059808033543	0.1200641475346866	-0.11376225909841031	0.4693742207051189	1.4809248593714128	0.1876110447661531	0.7256910859044897	0.20178135662903365	0.36788293705720276	0.12055962983760858	0.0450141484954939	0.6907517256189116	3.0514604063792645	0.03344066519720421	0.6392260310717692	0.1723953105978944	0.287097959973168	0.146596532579078	-0.09186045792144654	0.6660563778677826	1.958422582869072	0.10857322889252806	0.5319320213874119	0.21434972007374625
psvid_107074_sp|Q9UDW1|QCR9_HUMAN	Q9UDW1	QCR9_HUMAN	-0.17858459420571027	0.12059201131499339	-0.4714347181377386	0.11426552972631804	-1.480899043463475	0.18761769538018516	0.7256910859044897	0.20307706845361517	0.30068177954951736	0.17522755726524136	-0.16859229845704277	0.7699558575560774	1.7159503005247991	0.1546582085831845	0.71167553563214	0.27790828371781096	0.2186172794790353	0.18650294541462578	-0.26350095267551643	0.700735511633587	1.1721921012722574	0.2948511536656514	0.6659413830042331	0.29907405161022615
psvid_81984_sp|Q15392|DHC24_HUMAN	Q15392	DHC24_HUMAN	-0.1547751030329536	0.10485546593683882	-0.40941001507820934	0.09985980901230213	-1.47608044702395	0.18886287246464384	0.7264527450309811	0.16306428590134006	0.0025618715115163226	0.06651634882367516	-0.17557448303084466	0.1806982260538773	0.038514914856608545	0.9709595541667444	1.0	0.0036230334366449007	-0.06852097904303345	0.13517454428956893	-0.4179530600233128	0.2809111019372459	-0.5069074166527154	0.6341623276698535	0.8552847182389471	0.18818589147681195
psvid_31111_sp|Q99653|CHP1_HUMAN	Q99653	CHP1_HUMAN	0.10135809341118929	0.06885124908227433	-0.06584283977460692	0.2685590265969855	1.472131511950795	0.18988900898162506	0.7264527450309811	0.02763383776869277	-0.2810648044571544	0.11968066595757934	-0.6015796541131384	0.0394500451988295	-2.3484562206294664	0.07263408931037002	0.6917486752637665	0.17058628222975825	-0.36198803043789474	0.1152050207877423	-0.6597980239156653	-0.0641780369601242	-3.1421202649217346	0.026257928430087438	0.48232346954803157	0.13802904527125626
psvid_42721_sp|P10606|COX5B_HUMAN	P10606	COX5B_HUMAN	0.17309035055192012	0.11765680996801003	-0.11263182129724364	0.4588125224010839	1.4711460441514779	0.19014588572683258	0.7264527450309811	0.19583802897724495	0.05259286110234207	0.13850749113309724	-0.3183418035868357	0.42352752579151987	0.37971131143949133	0.7217562601167051	0.9540182724991205	0.20828456169957008	-0.046192027713974015	0.18342478163962972	-0.5203530725212481	0.42796901709330004	-0.2518308992986912	0.8113748063700339	0.9430578897568076	0.2927780783815646
psvid_62814_sp|O60656|UD19_HUMAN	O60656	UD19_HUMAN	-0.2515265405990448	0.17109342537663677	-0.6670161760992508	0.16396309490116118	-1.4701122503412767	0.1904157040819285	0.7264527450309811	0.31948293720352966	0.0	0.06648275985679548	-0.17804640047514889	0.17804640047514889	0.0	1.0	1.0	3.3232593448441795e-15	-0.04985777637354327	0.08944650263801915	-0.28108087919574365	0.1813653264486571	-0.5574033070394333	0.6017113040546179	0.8417286589624757	0.04244351299523996
psvid_22625_sp|P84085|ARF5_HUMAN	P84085	ARF5_HUMAN	-0.27014139983279595	0.18391057393703425	-0.7167566754433012	0.1764738757777093	-1.4688736707726477	0.19073943640843044	0.7264527450309811	0.3476477273481597	-0.1126505395146804	0.09705659673122734	-0.37257623645604776	0.14727515742668695	-1.1606685512231216	0.30475686222496684	0.7858402699700607	0.12120925119151939	-0.19407662144959337	0.10176708394425617	-0.45714896324908655	0.06899572034989981	-1.9070667442520075	0.11589439767528793	0.5319320213874119	0.09752330920865421
psvid_24692_sp|Q92542|NICA_HUMAN	Q92542	NICA_HUMAN	0.19703270963662778	0.13415031194768476	-0.12874289565436103	0.5228083149276166	1.4687458178514379	0.19077288272101903	0.7264527450309811	0.2355905549373278	-0.31478248647737095	0.38298310517428136	-1.340443326459878	0.7108783535051362	-0.8219226441702309	0.45326823850940134	0.8337187464473949	0.6465246758137507	-0.3962406251802889	0.33234854013560805	-1.2553760681788204	0.4628948178182425	-1.192244217527211	0.2875956618557035	0.6659413830042331	0.5805821494878897
psvid_86802_sp|Q9BRJ6|CHOLN_HUMAN	Q9BRJ6	CHOLN_HUMAN	0.24148095987009732	0.16462624068218756	-0.15830352386583674	0.6412654436060314	1.4668436749174056	0.1912711225660864	0.7264527450309811	0.30512888214586187	0.6228799637983364	0.34749733786245285	-0.30774701851070707	1.55350694610738	1.7924740593117467	0.14086594722888698	0.7067636245123187	0.5846605761686114	0.542481250360578	0.3047434952727685	-0.24529395005180277	1.3302564507729588	1.780124133166538	0.13626254213402036	0.554517541190555	0.5287002345329385
psvid_33865_sp|Q16850|CP51A_HUMAN	Q16850	CP51A_HUMAN	-0.12650325042756272	0.08626134896303009	-0.33598351747761135	0.08297701662248594	-1.4665113860180823	0.19135828405694136	0.7264527450309811	0.10915736076710407	0.0394084560633754	0.10620403901813733	-0.24501485764731168	0.3238317697740625	0.37106362834887374	0.7277465816784798	0.9547442772746325	0.14196812161876288	-0.04153746371303435	0.13728938411676989	-0.3964364977031625	0.3133615702770938	-0.30255408297050224	0.7746299005543533	0.9198277689242694	0.1931309112477044
psvid_90971_sp|Q8WWC4|MAIP1_HUMAN	Q8WWC4	MAIP1_HUMAN	0.12781187900214697	0.087349187710832	-0.08431013610930285	0.33993389411359676	1.4632291650526392	0.19222120088733813	0.7265870460974334	0.1126730643477091	-0.4192334674698386	0.28606810602995353	-1.185347820711002	0.3468808857713249	-1.4655023004414955	0.21024696415845362	0.7258795267620202	0.4769383269392167	-0.5	0.3053461134316446	-1.2893329945843477	0.2893329945843478	-1.637486046181266	0.16354143542228794	0.5735005224757174	0.5298368073441572
psvid_78925_sp|Q14624|ITIH4_HUMAN	Q14624	ITIH4_HUMAN	-0.12109796583730148	0.08277333398180946	-0.32210780762129243	0.0799118759466895	-1.4630069856061902	0.19227974268675982	0.7265870460974334	0.09736848143721243	-0.08651038881022055	0.11636244596577557	-0.3981387673450007	0.2251179897245596	-0.7434562593816988	0.4948939166152247	0.8458142756443096	0.16370174112058955	-0.1663871485689219	0.1117666607934874	-0.4553088317937054	0.12253453465586162	-1.4887010794422624	0.1977983611920821	0.601835458914684	0.12844530377290228
psvid_69506_sp|Q14554|PDIA5_HUMAN	Q14554	PDIA5_HUMAN	-0.12071544256551636	0.08292341488659556	-0.3220897463987524	0.08065886126771965	-1.4557461572295887	0.19420195015037126	0.7308054401521097	0.09789439274412143	0.013664533264466705	0.08223981428347363	-0.2065805790091108	0.23390964553804422	0.16615471938404705	0.8753830432550082	0.9814843470253816	0.08298041801211291	-0.06737045594775082	0.0955074249981381	-0.3142613068958067	0.1795203950003051	-0.7053949569791479	0.5126199294684787	0.8019169954051512	0.07395805095560104
psvid_69186_sp|O60220|TIM8A_HUMAN	O60220	TIM8A_HUMAN	0.11032541113126548	0.07580286756631045	-0.0737570908448594	0.29440791310739034	1.455425298188826	0.19428729994287794	0.7308054401521097	0.07011510185315128	0.2621373496597674	0.28600450725666005	-0.5038066807385427	1.0280813800580777	0.9165497151572011	0.4067369442173614	0.8101536433552932	0.47682623922305944	0.18128503969235388	0.2873164683463904	-0.5614405375369912	0.924010616921699	0.6309594459924781	0.5562732443198167	0.8249612147195368	0.49574160305129567
psvid_76277_sp|P50991|TCPD_HUMAN	P50991	TCPD_HUMAN	0.10511324759968588	0.07235784224928499	-0.07060322680928419	0.28082972200865597	1.4526863202685478	0.19501728445599165	0.7318726464709985	0.05299416698681932	-0.2850341524014586	0.1688570864058237	-0.7372475757616967	0.1671792709587796	-1.6880200793967275	0.1600340016194494	0.7176098719675167	0.26606816563129176	-0.36748231444372914	0.14618296247389434	-0.745371635614215	0.010407006726756762	-2.513851875928119	0.05447211126457613	0.5036298607729148	0.21342343695870208
psvid_98866_sp|P36021|MOT8_HUMAN	P36021	MOT8_HUMAN	-0.21729160836948314	0.1507462445711077	-0.5833693934859836	0.14878617674701727	-1.4414396125602034	0.19804121722486304	0.7349699640668296	0.27391145661568944	-0.292276500422048	0.2901880700228872	-1.0694244623853693	0.48487146154127325	-1.007196816874643	0.36589048828300547	0.8001457495982909	0.48419644505768616	-0.37296327408241847	0.2480360930336728	-1.0141473712990323	0.2682208231341955	-1.5036653316087585	0.19405763431145526	0.5982227824638846	0.42064801914789407
psvid_68088_sp|P63244|RACK1_HUMAN	P63244	RACK1_HUMAN	-0.11909796948926932	0.08281410865147136	-0.3202068299970843	0.08201089101854561	-1.4381362237502426	0.19893754652943824	0.7349699640668296	0.09751154968857653	0.01774161215332315	0.06807499830648114	-0.1645689362795114	0.2000521605861577	0.2606186205609357	0.8061167321588804	0.9727640365131593	0.0250904285255923	0.176215355447497	0.10623686872250737	-0.09841157456834293	0.45084228546333693	1.658702459574319	0.15916039958262151	0.5686776804259244	0.11204133821106892
psvid_43422_sp|P46779|RL28_HUMAN	P46779	RL28_HUMAN	0.1980282697054898	0.1379027651933657	-0.1368599325648826	0.5329164719758622	1.435999266786397	0.19951935895622253	0.7349699640668296	0.24437375444087703	-0.14498393979633084	0.16801148950944744	-0.5949327838283786	0.30496490423571687	-0.8629406251896735	0.4326062636521205	0.8276831523344766	0.2644905917726061	-0.2268107147700369	0.15534851524076085	-0.6283933888087956	0.17477195926872174	-1.4600121180335914	0.2051658759021517	0.6140000665684833	0.23365257733811026
psvid_55753_sp|P00740|FA9_HUMAN	P00740	FA9_HUMAN	-0.14700210748888232	0.10241021251296904	-0.3956988752042039	0.10169466022643925	-1.4354242988243604	0.19967616678222358	0.7349699640668296	0.1565154394453403	-0.24096970168264287	0.19589423727416452	-0.765590880099692	0.28365147673440627	-1.2301010230606877	0.28024390994440596	0.7858402699700607	0.31586312672856875	-0.3225887529583267	0.17370525095426756	-0.7716243878639979	0.1264468819473446	-1.8571042106450575	0.1235088673852838	0.5321110258972642	0.27269035193105085
psvid_880596_sp|Q92616|GCN1_HUMAN	Q92616	GCN1_HUMAN	0.13054458220859555	0.09095958535927877	-0.09034505678823584	0.35143422120542694	1.435193242064166	0.19973921339073827	0.7349699640668296	0.12390972735480558	-0.026245453331886104	0.13260728979108297	-0.3813788845390741	0.3288879778753019	-0.19791863157172337	0.8519070618926137	0.9778892202407429	0.19667797590575584	-0.10651825542271687	0.16885172217904232	-0.5430073071759307	0.3299707963304969	-0.6308390228307532	0.5563457948047608	0.8249612147195368	0.26252483486498834
psvid_31596_sp|P48449|LSS_HUMAN	P48449	LSS_HUMAN	-0.10177761590625423	0.07091889901196861	-0.273999707057294	0.07044447524478553	-1.4351268466403821	0.19975733354936862	0.7349699640668296	0.044238263294913205	-0.15824029031359688	0.07739750132847724	-0.3655172828299865	0.04903670220279274	-2.0445141974547796	0.10388857188580028	0.6917486752637665	0.06792927653691118	-0.2392794281327666	0.09326245727545415	-0.4803669397968332	0.0018080835313000199	-2.5656564830373907	0.05117651661189953	0.5036298607729148	0.06389839297449955
psvid_53394_sp|Q99624|S38A3_HUMAN	Q99624	S38A3_HUMAN	0.13356256609677164	0.09311430445391884	-0.0925596728627208	0.3596848050562641	1.434393639946805	0.1999575351112204	0.7349699640668296	0.13035135646034876	0.16848269942844052	0.15325197389118728	-0.24193892530271716	0.5789043241595981	1.0993835521366102	0.32799211014358687	0.7992702407549543	0.23669105286610603	0.090642519846177	0.16038367295456268	-0.32395625605735745	0.5052412957497114	0.5651605190003123	0.5968150861291104	0.8401517092289622	0.2445319511166787
psvid_68503_sp|P00736|C1R_HUMAN	P00736	C1R_HUMAN	-0.10530508818753859	0.07350252283414076	-0.2838013474884115	0.07319117111333434	-1.4326731128013206	0.20042804514766752	0.7349699640668296	0.05914262544230651	0.0007642034404837794	0.12297561935311253	-0.3285748074427373	0.3301032143237049	0.006214267872800409	0.9953130255939789	1.0	0.17733862695762653	-0.08063238240501613	0.10627464680225181	-0.3553569704014316	0.19409220559139934	-0.7587170113587962	0.48284053919760317	0.7877497068248037	0.11215851848190075
psvid_80408_sp|P63220|RS21_HUMAN	P63220	RS21_HUMAN	0.31460080455272266	0.21969613356913048	-0.21891745458844536	0.8481190636938907	1.4319815257637618	0.2006174577409374	0.7349699640668296	0.42485511556712957	0.0800313734578535	0.0936995377653586	-0.17090383833603756	0.33096658525174455	0.8541277296187653	0.4369819591182922	0.8276831523344766	0.11318145375944318	0.19877460624911025	0.17517701215197018	-0.2540655954166869	0.6516148079149073	1.1347071388377636	0.30885087465372324	0.6801903911201771	0.2757540861248376
psvid_28989_sp|TRFL_HUMAN|		TRFL_HUMAN	0.16598006946136223	0.11610652711497657	-0.1159773378674166	0.44793747679014106	1.4295498589583813	0.20128474599519322	0.7349699640668296	0.19197922269549608	0.007194299563562545	0.22885222096573637	-0.6056911202273836	0.6200797193545087	0.031436441967673416	0.9762943603352844	1.0	0.3753697519561723	-0.07703057384058298	0.25355755549109593	-0.7324878918525175	0.5784267441713515	-0.3037991658003977	0.7737358499172388	0.9198277689242694	0.43128620486103264
psvid_85558_sp|P11117|PPAL_HUMAN	P11117	PPAL_HUMAN	0.09794980298362432	0.0685974633591611	-0.06863482751631853	0.2645344334835672	1.427892493207524	0.20174071603546165	0.7349699640668296	0.02489142789128401	0.19294201973112957	0.16731565538616275	-0.2551433222254104	0.6410273616876696	1.1531617844476145	0.3075210620440648	0.7858402699700607	0.2631913154094994	0.11347131153266343	0.1942290078831422	-0.38861912840957646	0.6155617514749033	0.5842140304857727	0.5848919050536165	0.8361268016786402	0.3147558893010629
psvid_48599_sp|P00748|FA12_HUMAN	P00748	FA12_HUMAN	-0.12801728331993445	0.08969014320795304	-0.34582416179816705	0.08978959515829815	-1.4273283411212443	0.2018961393081092	0.7349699640668296	0.12002764589260036	-0.1835203534377099	0.16783648482615257	-0.6330005202669149	0.2659598133914951	-1.0934473134837333	0.33032461436775595	0.7995936304778763	0.2641639138585329	-0.2617537048793974	0.1402964498442635	-0.6244261346691936	0.10091872491039877	-1.8657186633728644	0.12216004056524411	0.5319320213874119	0.20007770923829116
psvid_33474_sp|P80303|NUCB2_HUMAN	P80303	NUCB2_HUMAN	-0.19138648863246566	0.13444941906016294	-0.5178884567563073	0.13511547949137603	-1.4234831951696625	0.2029583900237396	0.7349699640668296	0.2362936105319173	-0.009946408296554132	0.09585045436048036	-0.26664195492474807	0.2467491383316398	-0.10377006935352712	0.9219049664694455	0.9970139773360194	0.11835545371139425	-0.040806731473654656	0.10379709949268015	-0.30912675183005534	0.22751328888274602	-0.39313941982099776	0.7107093519461787	0.891785261814639	0.10428982146490107
psvid_38200_sp|Q9H488|OFUT1_HUMAN	Q9H488	OFUT1_HUMAN	-0.14574498611765563	0.10248892140329403	-0.3946328934286675	0.10314292119335622	-1.4220560049036806	0.2033539591352425	0.7349699640668296	0.15672804500891377	0.002358525023320013	0.11633786816169506	-0.30920403209313235	0.3139210821397724	0.02027306379761024	0.9847106531869427	1.0	0.16365040486803806	-0.07961847308723669	0.11147287948943363	-0.36778071885308045	0.20854377267860708	-0.7142407503233431	0.5075926125255182	0.8012048936880173	0.12760713042805388
psvid_52098_sp|Q8WUM4|PDC6I_HUMAN	Q8WUM4	PDC6I_HUMAN	0.10938871323106714	0.0770473563574821	-0.07771595159608338	0.2964933780582176	1.4197594622653702	0.20399196079347232	0.7349699640668296	0.07550916559517996	-0.6281412407854021	0.2819745278386613	-1.3832926486916683	0.127010167120864	-2.2276524252034875	0.08361765078452728	0.6917486752637665	0.46972077838963655	-0.7091253169292797	0.29513249588596874	-1.4720556655710837	0.053805031712524154	-2.4027354724207215	0.062351520270099256	0.5036298607729148	0.5105459528050835
psvid_34346_sp|LYSC_HUMAN|		LYSC_HUMAN	-0.2557594093665916	0.18023230698302864	-0.6934422447466908	0.18192342601350758	-1.419054184279375	0.2041882600248855	0.7349699640668296	0.3395996013284623	-0.12362913243505602	0.14747566787298405	-0.5185813257406935	0.27132306087058145	-0.8383018990056972	0.44492704018005425	0.832018638421082	0.2256513047048498	-0.20183873051440082	0.13705435554307102	-0.5561302054109951	0.15245274438219353	-1.472691106492931	0.20187775206837338	0.6097228607589914	0.1925838739811148
psvid_72482_sp|P31513|FMO3_HUMAN	P31513	FMO3_HUMAN	-0.11235276113656223	0.07922103785568774	-0.30473607493222143	0.080030552659097	-1.4182187481717745	0.20442100892512263	0.7349699640668296	0.08428711648882213	0.0	0.06648275985679548	-0.17804640047514889	0.17804640047514889	0.0	1.0	1.0	3.076740298213702e-15	-0.05815678506519406	0.11080181150583508	-0.34458429088262155	0.22827072075223342	-0.5248721503269952	0.6225039320654888	0.8499942796318172	0.12568000097193321
psvid_85706_sp|P04439|HLAA_HUMAN	P04439	HLAA_HUMAN	0.15220071691562165	0.10741097462715267	-0.10864008744793174	0.41304152127917504	1.416994096217301	0.20476262894008715	0.7349699640668296	0.1697939312282141	0.09423014974793498	0.09263337815231104	-0.1538497972849266	0.34231009678079655	1.0172375403712306	0.36158679669021104	0.7995936304778763	0.11057265793692386	0.014440651758729883	0.10892538951505586	-0.26713622153405187	0.29601752505151163	0.1325737903992886	0.8997931651406812	0.9751799558415072	0.12019253555118217
psvid_97118_sp|Q99735|MGST2_HUMAN	Q99735	MGST2_HUMAN	-0.12066290741077879	0.08526839689633378	-0.3277318527437443	0.08640603792218673	-1.415095296766003	0.20529333334550617	0.7349699640668296	0.1058867188609707	0.20731446289970545	0.17124341680472116	-0.25128975318308683	0.6659186789824978	1.2106419433111302	0.28692447709922747	0.7858402699700607	0.2705124534180728	0.1269486600496741	0.18995407611498058	-0.36409089518902704	0.6179882152883752	0.6683123765811224	0.5340679479377781	0.8138211960662557	0.30609934492665125
psvid_41984_sp|P20815|CP3A5_HUMAN	P20815	CP3A5_HUMAN	0.1094753684932881	0.07764026796527729	-0.07906914492690079	0.29801988191347695	1.4100333675078025	0.2067142443678777	0.7349699640668296	0.07797673733824974	-4.440892098500626e-16	0.06648275985679548	-0.17804640047514933	0.17804640047514844	-6.6797649617229355e-15	0.999999999999995	1.0	6.32210032593583e-15	-0.1965415386428	0.15642308779440808	-0.6009020295076386	0.20781895222203856	-1.2564739733377523	0.26542253414049677	0.6605355933086718	0.23598697647302644
psvid_91489_sp|P40616|ARL1_HUMAN	P40616	ARL1_HUMAN	-0.15383996179795734	0.10924443846466897	-0.4191332179133855	0.11145329431747081	-1.408217790855423	0.20722606404375973	0.7349699640668296	0.17455750346370127	-0.42158035841075625	0.18390505462951576	-0.914093501314285	0.07093278449277246	-2.2923804854632577	0.07752132759717674	0.6917486752637665	0.29392161839277275	-0.5044804769993156	0.20978398048384755	-1.0467811982043653	0.037820244205734044	-2.4047616783501655	0.06219719209938989	0.5036298607729148	0.345884992761941
psvid_70176_sp|O96000|NDUBA_HUMAN	O96000	NDUBA_HUMAN	-0.20208968083831902	0.14356745543769003	-0.5507342275132455	0.14655486583660748	-1.4076287708952835	0.2073923590926527	0.7349699640668296	0.2574931204418973	0.12464240613478994	0.23334713925989395	-0.5002807814087061	0.749565593678286	0.5341501358453233	0.6190540033298442	0.9121730147897075	0.38341486098273436	0.04248125036057826	0.21399346224157823	-0.5107011644220828	0.5956636651432393	0.19851658043936396	0.8506004142331611	0.959060261263668	0.3542231260714389
psvid_84835_sp|P12074|CX6A1_HUMAN	P12074	CX6A1_HUMAN	-0.11292535520635649	0.08024962041604711	-0.3078065171346649	0.08195580672195191	-1.4071761912505618	0.2075202160850782	0.7349699640668296	0.08821375931025331	0.24999981966325535	0.21670530891110232	-0.33035515204048294	0.8303547913669936	1.1536395712659315	0.3073444540144438	0.7858402699700607	0.353553135558603	-0.1341913795513121	0.10745930252070386	-0.4119783541466209	0.14359559504399666	-1.248764661630461	0.26799949759213737	0.6615981931972204	0.1157933969970846
psvid_51814_sp|P02790|HEMO_HUMAN	P02790	HEMO_HUMAN	-0.12221137398597737	0.08693508389404442	-0.3333277639922102	0.08890501602025547	-1.4057773744709021	0.2079158451407819	0.7349699640668296	0.11134266607387454	0.014421281593801627	0.11187627414328426	-0.2851927529722846	0.31403531615988783	0.12890384225105436	0.903105312752452	0.9921682594839206	0.15423896871759996	-0.06566217751449233	0.10897408786283957	-0.34736493815607783	0.21604058312709318	-0.6025485397697308	0.5735587650938834	0.833897495349263	0.12033690312513565
psvid_56180_sp|O15245|S22A1_HUMAN	O15245	S22A1_HUMAN	-0.11916302351154595	0.08487554471680926	-0.3252779520053677	0.08695190498227579	-1.4039735934436506	0.20842702292689747	0.7349699640668296	0.10457522932575906	-0.5549250252408595	0.08721520684646755	-0.7884946556105574	-0.32135539487116166	-6.362709501082097	0.0022354848410259393	0.5727769937574851	0.09676292694907467	-0.6360801290559523	0.12074295541083387	-0.9482059245943106	-0.323954333517594	-5.268051679633468	0.003460595765815319	0.39647783251920843	0.15273492376059503
psvid_61910_sp|P51809|VAMP7_HUMAN	P51809	VAMP7_HUMAN	-0.2288308876833618	0.16352693496038814	-0.6259457765318929	0.16828400116516928	-1.3993467665665753	0.20974345553578017	0.7349699640668296	0.30267800103250153	-0.9635122044915256	0.4554702865534241	-2.183299788805126	0.2562753798220747	-2.115422746415558	0.09546849238769431	0.6917486752637665	0.7723838953083916	-1.042481250360578	0.4330664515251472	-2.1619768784353903	0.07701437771423403	-2.407208516589615	0.06201137909776576	0.5036298607729148	0.7676905987705336
psvid_54150_sp|P62258|1433E_HUMAN	P62258	1433E_HUMAN	-0.1576487820618624	0.11278024239098108	-0.43152851589441865	0.11623095177069387	-1.3978404259438744	0.2101736682933791	0.7349699640668296	0.18360852902348365	-0.07493134403148849	0.11025828240019366	-0.3702122611626741	0.2203495730996971	-0.6795983249541069	0.5307880519361828	0.8667313206910913	0.15077662893968516	-0.1561570210692096	0.1275128474579765	-0.4857832822350111	0.17346924009659193	-1.2246375497235535	0.2762120540196041	0.6642062428136009	0.16978745219278554
psvid_38492_sp|Q9P2R3|ANFY1_HUMAN	Q9P2R3	ANFY1_HUMAN	0.15152187598406108	0.10852301058341919	-0.11201943784158991	0.4150631898097121	1.3962188771715804	0.2106376794092701	0.7349699640668296	0.17268922986444787	-0.78855270106805	0.11865603199705912	-1.106323495139275	-0.4707819069968249	-6.645702606063838	0.001873860837561625	0.5727769937574851	0.16846993335550406	-0.868482797083103	0.10475657549958513	-1.1392831046822351	-0.597682489483971	-8.290484801944892	0.0004554119322905704	0.31412035622477386	0.10738334651482431
psvid_32119_sp|O75533|SF3B1_HUMAN	O75533	SF3B1_HUMAN	-0.21717506725651692	0.1557886795113845	-0.5954980888615446	0.1611479543485108	-1.3940362543521432	0.21126371056848456	0.7349699640668296	0.28532492415366983	-0.05105636412337233	0.24805511064485408	-0.715368731192874	0.6132560029461294	-0.20582669710228566	0.846089141106879	0.9778892202407429	0.4096481360279105	-0.13312377020675514	0.2235779502939111	-0.7110825038063885	0.4448349633928782	-0.5954244147589389	0.5779459530115523	0.8354268899587258	0.3730927088984674
psvid_81212_sp|P08559|ODPA_HUMAN	P08559	ODPA_HUMAN	0.09899376647941782	0.07105617695822375	-0.07356169554035172	0.2715492284991874	1.3931760856993403	0.21151089163616746	0.7349699640668296	0.045138755130491245	0.18010792051795876	0.10832050162112462	-0.10998345734971948	0.470199298385637	1.662731595796397	0.16506696689004496	0.7176098719675167	0.14659141502171907	0.10088546511025331	0.14455487277804308	-0.27279517332759357	0.4745661035481002	0.6979042848673667	0.5169039969962311	0.8058199192716912	0.20976314717627517
psvid_35392_sp|O15027|SC16A_HUMAN	O15027	SC16A_HUMAN	-0.30559914316816794	0.21949358631799717	-0.8386255290339036	0.22742724269756776	-1.3922919038072623	0.21176524640242916	0.7349699640668296	0.4244225802637025	0.21780327160313906	0.27242298047824354	-0.5117682922931396	0.9473748354994177	0.7995040331060963	0.4648800273884992	0.8337187464473949	0.452855558830557	0.13441419648569997	0.24654070697464303	-0.5029042626758945	0.7717326556472944	0.5452008235683554	0.609461852669199	0.8441870256566607	0.4177613405623765
psvid_48806_sp|Q9Y619|ORNT1_HUMAN	Q9Y619	ORNT1_HUMAN	-0.16548963509282366	0.11890903649392319	-0.45425276039575113	0.12327349021010381	-1.3917330420996301	0.21192615844731358	0.7349699640668296	0.1989367204475162	-0.119393081154473	0.18749783311191945	-0.6215279858181095	0.3827418235091635	-0.6367704584788775	0.5558568102516073	0.8773870729669259	0.3005174217673784	-0.2003493666903009	0.1868893727855168	-0.6834665304193429	0.2827677970387411	-1.0720211839986826	0.33356318067996865	0.687621420507496	0.29986240328048064
psvid_96398_sp|O95881|TXD12_HUMAN	O95881	TXD12_HUMAN	0.15621895094946936	0.11246423309996997	-0.11689337417145551	0.42933127607039423	1.3890545166533579	0.21269892012011785	0.7349699640668296	0.1828063456373484	0.06332783997830571	0.18808745190920556	-0.4403861132196486	0.56704179317626	0.33669359298288337	0.7517773545926466	0.9609624797598912	0.30159810737774123	-0.01777077451537068	0.1801957064587278	-0.48358451942210123	0.4480429703913599	-0.09861930045176141	0.9253408708135472	0.99241806421963	0.2861410127688122
psvid_69241_sp|Q9BWD1|THIC_HUMAN	Q9BWD1	THIC_HUMAN	-0.14605423496868397	0.10518305749986533	-0.4014846825455663	0.10937621260819835	-1.3885718711767907	0.21283843562890764	0.7349699640668296	0.1639332063183647	0.026670113937504514	0.14678957850039973	-0.3664446745513652	0.41978490242637423	0.18168942379946876	0.8638810594814371	0.979782114487937	0.22433298232558016	-0.055598105334111914	0.16615892107007998	-0.4851261490061368	0.373929938337913	-0.33460800645583505	0.7517438131735428	0.9071058614035531	0.2568407944471886
psvid_44614_sp|P35606|COPB2_HUMAN	P35606	COPB2_HUMAN	-0.10942731480680212	0.07881040974815334	-0.30081344403882293	0.08195881442521868	-1.3884880836997067	0.21286266402354873	0.7349699640668296	0.08268221551159895	-0.08864068254798507	0.08880534470355253	-0.32646883531240734	0.14918747021643716	-0.9981458080466088	0.36980734796076636	0.801546448152564	0.10092319468840191	-0.1688725041510819	0.10930906730453178	-0.45144120123070985	0.11369619292854605	-1.5449084720539072	0.18410042237499455	0.5839936028916655	0.12132703719670096
psvid_44398_sp|Q14974|IMB1_HUMAN	Q14974	IMB1_HUMAN	0.11736233095808579	0.08457626603780603	-0.08802581806435472	0.3227504799805263	1.3876508913933872	0.21310488776462597	0.7349699640668296	0.10356910847264636	-0.2974094235441527	0.13669234626099638	-0.6634829782024801	0.0686641311141748	-2.175757690019365	0.08888516598217247	0.6917486752637665	0.2047307647881147	-0.3786432932074395	0.1338980667206967	-0.7247756241085903	-0.03251096230628869	-2.82784735045702	0.03754064371176569	0.48232346954803157	0.18517551552053196
psvid_97758_sp|P10620|MGST1_HUMAN	P10620	MGST1_HUMAN	-0.18853220102884904	0.136133680921044	-0.519124293277121	0.1420598912194228	-1.3849048946101412	0.21390113527246643	0.7349699640668296	0.2402427908223205	-0.06847662294291745	0.1403063619765136	-0.44422881445077533	0.3072755685649404	-0.488050733967288	0.6488093934095597	0.9190364020538448	0.21179276215027046	-0.08816486165920345	0.15900367352379166	-0.49919627896441393	0.322866555646007	-0.5544831745413189	0.6035606750162474	0.8417286589624757	0.24156478824382138
psvid_70365_sp|P10253|LYAG_HUMAN	P10253	LYAG_HUMAN	-0.10917823200080345	0.07902964031635012	-0.3010967488957053	0.0827402848940984	-1.3814846121502087	0.21489666570849753	0.7349699640668296	0.0835418565921595	-0.03343408941508974	0.32874167668203785	-0.913831839831573	0.8469636610013935	-0.1017032271433826	0.9234537997398862	0.9970139773360194	0.5518698649165693	-0.11485790465932444	0.323857842804069	-0.9520445254655819	0.7223287161469331	-0.35465531316100446	0.7375747554305561	0.9041069760544732	0.5646617744368332
psvid_69585_sp|Q9BTZ2|DHRS4_HUMAN	Q9BTZ2	DHRS4_HUMAN	0.14174043052255314	0.1026543753549794	-0.10754927131636938	0.39103013236147566	1.3807539136292433	0.21510988990494354	0.7349699640668296	0.1571745561705003	-0.368700209879393	0.17269995090191964	-0.8312051462953078	0.09380472653652189	-2.1349178616083484	0.09328514372254304	0.6917486752637665	0.27321966323705577	-0.45183873051440093	0.1589243744657028	-0.8626651563026553	-0.04101230472614659	-2.8431052947885695	0.03688157027045979	0.48232346954803157	0.24139396210923292
psvid_49740_sp|P13929|ENOB_HUMAN	P13929	ENOB_HUMAN	0.476739603603586	0.3457882785354262	-0.362985508525396	1.3164647157325682	1.3787037710555126	0.21570916022300723	0.7349699640668296	0.6891625366552127	0.16988424518129053	0.3071910574788213	-0.6527991416105736	0.9925676319731547	0.553024709037967	0.6071090767444024	0.90322440158065	0.514092796855666	0.08903595255631913	0.2634118488444669	-0.5918951427200841	0.7699670478327224	0.338010430992005	0.7493309799790056	0.9069393410816008	0.45019844844437606
psvid_25761_sp|O95793|STAU1_HUMAN	O95793	STAU1_HUMAN	0.1509408281226019	0.1096225559710437	-0.1152706626038526	0.4171523188490564	1.3769139643347874	0.21623356486168036	0.7349699640668296	0.1755336582130978	-0.19259905717527248	0.1706385920256065	-0.6495835018305323	0.26438538747998724	-1.1286957709213314	0.31668784768391495	0.7979740273462422	0.269387091618959	-0.2746009260152491	0.16297685399311174	-0.6959031877816075	0.14670133575110933	-1.684907514700555	0.153910894988444	0.565950376190691	0.25007977812949345
psvid_34817_sp|P67812|SC11A_HUMAN	P67812	SC11A_HUMAN	-0.15313856297192885	0.11128081023588177	-0.42337702000961086	0.11709989406575316	-1.3761452908845764	0.21645913548774	0.7349699640668296	0.17979082904618385	0.03943472378854551	0.07819155124051443	-0.16996880091363722	0.24883824849072825	0.5043348438918382	0.6382061212966283	0.9190364020538448	0.07055071174302477	-0.042481250360577816	0.09248314873776331	-0.2815542155323133	0.19659171481115767	-0.4593404413709327	0.6656136663595392	0.8667518703711972	0.060077560406496394
psvid_67826_sp|Q96TC7|RMD3_HUMAN	Q96TC7	RMD3_HUMAN	0.1124440867779084	0.08172380544745271	-0.08601704089139925	0.3109052144472161	1.375903705930684	0.2165300735107538	0.7349699640668296	0.09363596365400169	0.30567890627203953	0.17913404892423027	-0.17405708366277628	0.7854148962068553	1.7064254847571436	0.15647025031653458	0.71479445827052	0.28513253739463856	0.2293844599520064	0.17602296405549553	-0.22564256420771278	0.6844114841117256	1.3031507632134143	0.2502987847579882	0.6462660267216375	0.27751133834207925
psvid_29297_sp|P09871|C1S_HUMAN	P09871	C1S_HUMAN	-0.10673180395120063	0.07763107622726233	-0.29525399581304185	0.08179038791064058	-1.3748592591805235	0.21683700206519835	0.7349699640668296	0.07793893732681721	-0.2412528921193391	0.1558689848664703	-0.6586830914818261	0.17617730724314795	-1.547792797431865	0.19005429225124357	0.7176098719675167	0.24166025131507046	-0.3230756962517711	0.14704086613222953	-0.7031827357226086	0.05703134321906628	-2.197183033193226	0.08038379922008108	0.5204027816531388	0.2153433612887761
psvid_88758_sp|Q96LJ7|DHRS1_HUMAN	Q96LJ7	DHRS1_HUMAN	-0.23097260937724595	0.1680651645684394	-0.6391083037389907	0.17716308498449884	-1.374303889627225	0.2170003667162385	0.7349699640668296	0.3127749129224921	-0.1060210751478019	0.09271989564767895	-0.35433272328124293	0.14229057298563913	-1.1434555055008404	0.31112876824379465	0.7898625076158254	0.11078552473447892	-0.29388119429573045	0.1043110260651584	-0.5635297372126173	-0.02423265137884356	-2.8173550331309762	0.038001477170700175	0.48232346954803157	0.10595451117008992
psvid_72883_sp|Q14520|HABP2_HUMAN	Q14520	HABP2_HUMAN	0.11646850003224252	0.08495729577662657	-0.08984495577477361	0.3227819558392586	1.3709063944133366	0.21800217526134782	0.7349699640668296	0.10484899620547537	-0.0341414985630899	0.0951576711007517	-0.2889817135839646	0.22069871645778477	-0.35878871527804973	0.7362887586282832	0.9568253281698769	0.11670130024017203	-0.11280277795808236	0.13154763405457692	-0.45285913810569506	0.22725358218953035	-0.8575051825811049	0.4310320118156749	0.7679470681103213	0.1795780497679692
psvid_40342_sp|Q08722|CD47_HUMAN	Q08722	CD47_HUMAN	-0.12468714242402612	0.09103101957939691	-0.3457502549369426	0.09637597008889037	-1.369721475164567	0.21835254795869283	0.7349699640668296	0.12412616535093776	1.2276211217864592	0.13802601553994034	0.857975889071268	1.5972663545016506	8.894128523410318	0.0005598168389531683	0.5727769937574851	0.20734328630354995	1.146240625180289	0.14325107920346222	0.7759303498853617	1.5165509004752162	8.001619475077474	0.0005364645593156038	0.31412035622477386	0.20681547549988508
psvid_37486_sp|P04070|PROC_HUMAN	P04070	PROC_HUMAN	-0.33216636260592747	0.24261416298955696	-0.9213396164923013	0.2570068912804464	-1.3691136515398945	0.21853247416205424	0.7349699640668296	0.47355511000808564	-0.4232604130853872	0.13246217943168415	-0.7780052265935166	-0.06851559957725784	-3.195330281453499	0.028813079179613465	0.6392260310717692	0.19639044185461985	-0.5066180528402976	0.11529563808504663	-0.8046622959760661	-0.2085738097045291	-4.394078225809341	0.007369799289683844	0.39647783251920843	0.1382764233864174
psvid_81790_sp|Q8N8J7|F241A_HUMAN	Q8N8J7	F241A_HUMAN	0.22975773859556003	0.1679542295018944	-0.17810855692598088	0.6376240341171009	1.3679782835892713	0.21886892029876093	0.7349699640668296	0.31252874300280514	-1.248250367505236	0.31523411921261424	-2.0924737474259336	-0.4040269875845388	-3.9597565473657865	0.01379794864039216	0.6219650821978125	0.5282056803950694	-1.3304820237218404	0.2723990535344429	-2.0346454343244686	-0.6263186131192121	-4.8843122120231985	0.004765967970806878	0.39647783251920843	0.4673721600679338
psvid_88152_sp|Q15366|PCBP2_HUMAN	Q15366	PCBP2_HUMAN	0.17850208683021052	0.13061564708139123	-0.13868980687934995	0.495693980539771	1.3666210045951046	0.21927173794883695	0.7349699640668296	0.22724066985052857	-0.02023768354034594	0.11877153412627574	-0.33831780198977873	0.29784243490908685	-0.17039169940189205	0.8722422277029085	0.9814843470253816	0.16870891256412635	-0.10375937481971098	0.11844850345799597	-0.40995391218514066	0.2024351625457187	-0.8759872163054045	0.42182747002815385	0.7610528612169112	0.14673791509338868
psvid_85800_sp|P22234|PUR6_HUMAN	P22234	PUR6_HUMAN	0.2789956927877517	0.20434604618185936	-0.21724584342035325	0.7752372289958567	1.3653099631761767	0.21966146665898567	0.7349699640668296	0.3919475683061974	-0.4732598181635863	0.4092761745573325	-1.569335700650035	0.6228160643228624	-1.156333663144349	0.30635033173068926	0.7858402699700607	0.6922442631907495	-0.5572046726239699	0.42603151971759107	-1.6585146957537953	0.5441053505058555	-1.307895418144956	0.24880679130359204	0.6462660267216375	0.7546995533832355
psvid_82712_sp|P12235|ADT1_HUMAN	P12235	ADT1_HUMAN	-0.19010778271283169	0.139355084429276	-0.5285228510134443	0.148307285587781	-1.3641969612476763	0.2199928140165222	0.7349699640668296	0.24775255159018506	0.41315515444700956	0.1953492538019377	-0.11000651257554506	0.9363168214695642	2.114956399403003	0.09552139499852558	0.6917486752637665	0.31486981800678276	0.22829892661072138	0.15607062288105997	-0.17515042711072182	0.6317482803321646	1.462792435862231	0.20444045295478688	0.6129476103214817	0.23522206524239245
psvid_86236_sp|P61457|PHS_HUMAN	P61457	PHS_HUMAN	0.2942166544067213	0.21567996346919344	-0.22954858794109934	0.8179818967545419	1.3641353126839972	0.22001118030243325	0.7349699640668296	0.4162707450580666	-0.16560401729266427	0.6063327040930521	-1.7894137942433863	1.4582057596580578	-0.2731240063000948	0.7970848632424383	0.9697471629952513	1.0330805060222619	-0.25	0.5491228927423548	-1.669506580424098	1.169506580424098	-0.4552714944217387	0.6683421304895807	0.8667518703711972	0.9810039294335609
psvid_16258_sp|P11142|HSP7C_HUMAN	P11142	HSP7C_HUMAN	0.11335587822083593	0.08310371174806493	-0.08845626521429495	0.3151680216559668	1.3640290648446929	0.22004283680293493	0.7349699640668296	0.09852372274838984	0.011429563390754183	0.06813533078383911	-0.17104256047078512	0.19390168725229348	0.1677479695081357	0.8742016687116161	0.9814843470253816	0.025567097116014022	-0.07404497149678457	0.1016690371492006	-0.3368638580631954	0.18877391506962626	-0.7282942139810239	0.49967664549982316	0.7979257045956281	0.09718808329234623
psvid_86741_sp|O75915|PRAF3_HUMAN	O75915	PRAF3_HUMAN	0.09886067609152072	0.07260190223563297	-0.07744848266253554	0.275169834845577	1.3616816233087616	0.22074330215800733	0.7358110071933577	0.05435510285992791	0.07254577028171649	0.18021298948347786	-0.4100797128587735	0.5551712534222064	0.4025557230344241	0.7060449870667191	0.9491096547454257	0.2871233054407574	-0.008733447527346838	0.20101496137116998	-0.528365872620854	0.5108989775661603	-0.04344675375292443	0.9670572279716649	1.0	0.3284025267662805
psvid_58581_sp|Q9UNU6|CP8B1_HUMAN	Q9UNU6	CP8B1_HUMAN	-0.16561371217181442	0.12201484690341778	-0.4619191029483155	0.13069167860468667	-1.3573242631932145	0.22204883356780145	0.7359165225886584	0.2065568711481075	0.06468309483735357	0.07638162548093602	-0.13987329705454396	0.26923948672925113	0.8468410357867774	0.44062616720709596	0.8295752455531222	0.06446208622298649	0.010153498465671928	0.10539783807254831	-0.26230450079798895	0.2826114977293328	0.09633497850954958	0.9270637038929714	0.99241806421963	0.10941748699070526
psvid_47424_sp|P02749|APOH_HUMAN	P02749	APOH_HUMAN	-0.10914272960917337	0.08042099869856471	-0.3044400729306542	0.08615461371230745	-1.3571421814626292	0.2221035387057576	0.7359165225886584	0.08885591572074804	-0.08535277970889199	0.12303617575570515	-0.41485396571135547	0.24414840629357148	-0.6937210067254078	0.5226955615795924	0.8667313206910913	0.1774620030249955	-0.16676894688194244	0.12048216169443968	-0.47822057931137263	0.14468268554748775	-1.3841795709550164	0.22592837944794428	0.6248272214074682	0.1520594941114053
psvid_59325_sp|Q13505|MTX1_HUMAN	Q13505	MTX1_HUMAN	-0.12695169126882266	0.09367039537642374	-0.35442436210018813	0.10052097956254277	-1.355302182281336	0.22265703259109923	0.7359165225886584	0.13198636161929794	0.019847586719351717	0.1411971122831281	-0.35829010873203165	0.3979852821707351	0.14056652008260187	0.8944062001593746	0.989426896020666	0.21352507151911865	-0.06074711590800874	0.16462152214614437	-0.48630091644046114	0.36480668462444366	-0.36901077766781853	0.7275006139176675	0.8969234911068592	0.2535804375220474
psvid_100762_sp|P62841|RS15_HUMAN	P62841	RS15_HUMAN	0.11035122444507817	0.08144690806714522	-0.0874374753307458	0.30813992422090214	1.354885373353941	0.2227825856238744	0.7359165225886584	0.09263432695865634	0.02179956822588336	0.07363841860763799	-0.17541028584776688	0.2190094222995336	0.2960352576558759	0.780634897939432	0.9665779766182299	0.0542783147385378	-0.012538631762039287	0.11171754445626038	-0.3013333471171135	0.27625608359303494	-0.11223511779699391	0.9150818714241257	0.9843228923459557	0.1283054002518652
psvid_45183_sp|O95202|LETM1_HUMAN	O95202	LETM1_HUMAN	0.14671655556410013	0.10840709016322671	-0.11654325280319222	0.4099763639313925	1.3533852383934621	0.22323498895758234	0.7359165225886584	0.1723883065510682	-0.07523624227236247	0.10051136356278931	-0.3444140942109877	0.19394160966626273	-0.7485346890688882	0.4921166794303484	0.8458142756443096	0.1292177910437261	-0.16000096606977965	0.11619015886883943	-0.46035758436910884	0.14035565222954954	-1.3770612556816948	0.2279766508207701	0.6252216467363456	0.14070530587601307
psvid_93173_sp|Q08257|QOR_HUMAN	Q08257	QOR_HUMAN	0.12768326900397575	0.09442990775859535	-0.1016338299352009	0.3570003679431524	1.352148615144163	0.22360854333049607	0.7359165225886584	0.134202653643468	-0.3356909543165001	0.16306984862224344	-0.7724056700677322	0.10102376143473196	-2.058571570113731	0.1021576644260677	0.6917486752637665	0.25524092390445613	-0.41739424491561605	0.1753710448663699	-0.8707360295941564	0.03594753976292425	-2.38006362586061	0.06410699431499184	0.5054589936374356	0.27615737903584603
psvid_62257_sp|Q07955|SRSF1_HUMAN	Q07955	SRSF1_HUMAN	0.10346883545080932	0.0765793696408444	-0.08249935303374245	0.2894370239353611	1.351131981577753	0.22391606388520763	0.7359165225886584	0.07351697629853587	0.10798400276516684	0.19770901799545862	-0.4214973104563654	0.6374653159866991	0.5461764155221652	0.6114267727604629	0.9049999163602519	0.3191682447004742	0.027788049200745735	0.17276085355628432	-0.41880627732261116	0.47438237572410263	0.1608469084791398	0.8786236718982278	0.9687449624358292	0.27071994852638775
psvid_25878_sp|O94979|SC31A_HUMAN	O94979	SC31A_HUMAN	-0.17471959405901583	0.12967539127205613	-0.4896281356021351	0.14018894748410343	-1.347361225172307	0.2250599902494232	0.7368676225984427	0.22500595215015573	0.2925206001538392	0.3950040106343577	-0.7653332316994752	1.3503744320071536	0.7405509622144468	0.49648788628092905	0.8464034651774675	0.6674381325013984	0.2132896529176822	0.41439121279087276	-0.8579296701174639	1.2845089759528283	0.5147060225558433	0.6290861971213539	0.8527042662743749	0.7331835858086547
psvid_54848_sp|Q14697|GANAB_HUMAN	Q14697	GANAB_HUMAN	-0.10317207323871358	0.07675498063486387	-0.28956672199042266	0.0832225755129955	-1.34417431136515	0.22603087651904707	0.7368676225984427	0.07426937767759517	0.0	0.06648275985679548	-0.17804640047514889	0.17804640047514889	0.0	1.0	1.0	6.32210032593583e-15	0.002738911657106602	0.10017369652213859	-0.256214454297899	0.2616922776121122	0.027341625119137906	0.9792639311072936	1.0	0.09196647954950705
psvid_100491_sp|Q71UM5|RS27L_HUMAN	Q71UM5	RS27L_HUMAN	0.13981505011458228	0.10414039997246549	-0.11308336915637746	0.392713469385542	1.342563022146536	0.2265231777296818	0.7368676225984427	0.1611608869250308	0.033104660086430204	0.11425824180936293	-0.2728884834382344	0.3390978036110948	0.28973542356501963	0.7851451456093108	0.9665779766182299	0.1592870740055913	-0.048161269485598956	0.11246378101584853	-0.33888503883002385	0.24256249985882594	-0.428238042955465	0.6866162845599123	0.8778886106811484	0.13042133430567607
psvid_25004_sp|Q96A57|TM230_HUMAN	Q96A57	TM230_HUMAN	0.16650222648016477	0.12421391858041216	-0.13514347171903163	0.46814792467936117	1.3404474183171067	0.22717101989552796	0.7368676225984427	0.21190029861613627	-0.0654414256914726	0.255071514341236	-0.7485443096575685	0.6176614582746233	-0.2565610897809809	0.8090549669536277	0.9727640365131593	0.42211879850241596	-0.1462406251802889	0.2753976536136709	-0.8581555475133188	0.565674297152741	-0.5310162351108333	0.6185451399593154	0.8495498351393129	0.4730878035852963
psvid_83022_sp|P19022|CADH2_HUMAN	P19022	CADH2_HUMAN	0.11291133172157064	0.08426319862421644	-0.09171655275374896	0.31753921619689024	1.3399839261397442	0.22731317195954096	0.7368676225984427	0.10250992601300078	0.08196108280419523	0.07741263150924875	-0.1253564296038281	0.28927859521221855	1.0587559317681	0.34425035058687053	0.7995936304778763	0.06797991656917977	0.0	0.08631442272419226	-0.22312653990913778	0.22312653990913778	0.0	1.0	1.0	8.107922592650824e-16
psvid_38263_sp|O75521|ECI2_HUMAN	O75521	ECI2_HUMAN	-0.11609782806073188	0.08673321982183395	-0.32672400384862943	0.09452834772716567	-1.3385624135621652	0.22774964288910327	0.7368676225984427	0.11069065616724473	-0.4426355725979034	0.10641505139630097	-0.7276239951348286	-0.1576471500609783	-4.159520357223542	0.011548970371739875	0.6219650821978125	0.1424316541789716	-0.5232773510978707	0.11231133008450164	-0.8136070281487509	-0.2329476740469904	-4.659167963767888	0.005799435730450496	0.39647783251920843	0.1299907237280823
psvid_92432_sp|P52895|AK1C2_HUMAN	P52895	AK1C2_HUMAN	-0.09187521152569378	0.06866175355510584	-0.2586159667278016	0.07486554367641407	-1.3380842575183798	0.22789662744598943	0.7368676225984427	0.025612950583858606	0.1675997893588641	0.09221404969224604	-0.07935716092879347	0.4145567396465217	1.8175081770967596	0.13663716453950903	0.7067636245123187	0.10953793012002684	0.06698061031926539	0.1210105461459862	-0.2458369189173773	0.3797981395559081	0.5535105199712138	0.6041774284022602	0.8417286589624757	0.1534263741667665
psvid_59678_sp|O95140|MFN2_HUMAN	O95140	MFN2_HUMAN	-0.16733489117862899	0.125196312082444	-0.4713662702839061	0.13669648792664812	-1.3365800349489207	0.22835957641134513	0.7368676225984427	0.2142744303379391	-0.5345227476124932	0.18678893952203557	-1.0347591758550154	-0.03428631936997095	-2.8616402501146774	0.0409130263148492	0.6392260310717692	0.2992174751559172	-0.6148579046593246	0.20747187515841026	-1.151181732954845	-0.07853407636380394	-2.963572311619897	0.03210910557697742	0.48232346954803157	0.3412907950012394
psvid_58073_sp|Q99685|MGLL_HUMAN	Q99685	MGLL_HUMAN	-0.16006010546552485	0.11977220362494297	-0.4509193779222876	0.1307991669912379	-1.336371049552868	0.22842396148699584	0.7368676225984427	0.20106361317185145	0.07552364831869562	0.14540272186516473	-0.3138770219174038	0.46492431855479505	0.5194101413640002	0.6284795242847728	0.9175798412959852	0.22166324546122876	-0.005260603890471449	0.13647875325237396	-0.35806412181031116	0.34754291402936827	-0.038545222352256096	0.9707713765241506	1.0	0.19124152267960112
psvid_39450_sp|O14975|S27A2_HUMAN	O14975	S27A2_HUMAN	-0.128427241609832	0.09616770106465383	-0.3619644624252262	0.1051099792055622	-1.3354508861919239	0.22870764206178945	0.7368676225984427	0.13920527035762634	0.4999996393265107	0.2472682795958328	-0.1622055282771132	1.1622048069301347	2.022093736179079	0.10671488709861726	0.6917486752637665	0.40824799597519146	0.013369081278975514	0.09302170696613708	-0.22709608035592363	0.2538342429138747	0.14372001670365275	0.8914349466216703	0.9725627241670376	0.06273949120437906
psvid_40168_sp|P51572|BAP31_HUMAN	P51572	BAP31_HUMAN	0.10598392488016639	0.07948397805018546	-0.08703792266002286	0.29900577242035564	1.3333998559212663	0.2293410940444311	0.7368676225984427	0.0853032231120256	-0.24999981966325402	0.21670530891110198	-0.8303547913669914	0.3303551520404834	-1.1536395712659273	0.30734445401444516	0.7858402699700607	0.35355313555860246	-0.022632761040822347	0.09902726202914429	-0.2786225439284687	0.233357021846824	-0.22855081092882681	0.8284336442550491	0.9520942959775506	0.08780951374657431
psvid_93468_sp|O00303|EIF3F_HUMAN	O00303	EIF3F_HUMAN	0.11036803750449575	0.08282331034302724	-0.09076316873321572	0.3114992437422072	1.3325721593037902	0.22959716777305136	0.7368676225984427	0.09754381686634742	0.15512942985259492	0.09682728318788791	-0.10418214620901761	0.41444100591420746	1.6021251939040255	0.17779751718355027	0.7176098719675167	0.12066915188195208	0.07404567051270106	0.13137348488129694	-0.26556050644147056	0.41365184746687267	0.5636272081813566	0.5977809718957293	0.8401818194175916	0.17916037670156582
psvid_46364_sp|Q9NVI7|ATD3A_HUMAN	Q9NVI7	ATD3A_HUMAN	0.20137567370179443	0.15159359711862966	-0.16675985384598324	0.5695112012495721	1.3283916836158178	0.23089442920793074	0.7383871312968721	0.27583582931099315	-0.2328462761219381	0.08999040952690107	-0.4738481317618338	0.008155579517957645	-2.5874565672726795	0.05531430069222278	0.6917486752637665	0.10396189770049165	-0.31704207647030214	0.10924680156420519	-0.5994498139008301	-0.0346343390397742	-2.9020719319089086	0.03445312865027209	0.48232346954803157	0.12114337475256721
psvid_53995_sp|Q8NBU5|ATAD1_HUMAN	Q8NBU5	ATAD1_HUMAN	-0.31797938944194737	0.23952393649093487	-0.8996482224033259	0.26368944351943113	-1.3275474430672685	0.2311572007608416	0.7383871312968721	0.4670138125583706	-0.6850152290493798	0.4842205003072365	-1.9817982943385521	0.6117678362397925	-1.4146762241886488	0.22376268478230918	0.7302695962541623	0.8221675548110944	-0.7675973319728495	0.4896306903379622	-2.0333139795547543	0.4981193156090551	-1.5677067371798608	0.1788125692748811	0.5801574353206355	0.8718608144331097
psvid_83662_sp|P62873|GBB1_HUMAN	P62873	GBB1_HUMAN	-0.11501045912902441	0.08670281975671565	-0.3255628102685032	0.0955418920104544	-1.3264904123272896	0.23148657931791797	0.7383871312968721	0.11059226440791672	-0.11023348108926756	0.14215348269726258	-0.49093241662942516	0.27046545445089004	-0.7754539600273213	0.47758714148993636	0.8376929540572146	0.21538153679934033	-0.19007071525588115	0.17170381718095423	-0.6339325567374376	0.2537911262256753	-1.106968490138868	0.31958293524378123	0.6810157109210588	0.2685102762222825
psvid_6979_sp|P63208|SKP1_HUMAN	P63208	SKP1_HUMAN	0.22815079034618613	0.17215593412944652	-0.18991908091380366	0.6462206616061759	1.3252566140103905	0.23187156866944458	0.7383871312968721	0.32183129427989854	0.055808710777734305	0.33151112497459184	-0.8320058541761329	0.9436232757316015	0.16834641908928902	0.8737580252594404	0.9814843470253816	0.5567164218549846	-0.023277351097870436	0.35107420009070056	-0.9308194401866597	0.8842647379909189	-0.06630322334098232	0.9497519649624744	0.9970116237574381	0.6155927338466709
psvid_79480_sp|P0CG08|GPHRB_HUMAN	P0CG08	GPHRB_HUMAN	-0.16807994602522403	0.12725813435729544	-0.47711833100205	0.14095843895160193	-1.3207795861073643	0.23327335315961026	0.741217464309857	0.2192327070300693	0.1866005778615456	0.1677979160990771	-0.26277629868546465	0.6359774544085559	1.1120553949631078	0.32306183395499	0.7992242056123071	0.264091909831343	0.10536594210956918	0.1997391012355303	-0.41096832899659164	0.62170021321573	0.5275178543299979	0.6207974439661353	0.8499942796318172	0.3258450815540454
psvid_70578_sp|P04843|RPN1_HUMAN	P04843	RPN1_HUMAN	-0.11204755659522725	0.08491440690060452	-0.3182568594610875	0.09416174627063298	-1.319535290712012	0.23366428600499758	0.741217464309857	0.10470542688921256	-0.021901347902997692	0.06813890344395904	-0.20438303964763696	0.16058034384164158	-0.32142207749219937	0.7625639774024991	0.9665627003629799	0.025595058323823337	-0.14365059880718944	0.10045283332097753	-0.40332554553769606	0.11602434792331717	-1.4300303342184668	0.2131471812635765	0.6186927031367531	0.09295749339107715
psvid_59824_sp|P43686|PRS6B_HUMAN	P43686	PRS6B_HUMAN	0.22193697698843007	0.16867146135917482	-0.1876710710422711	0.6315450250191312	1.3157944752481263	0.23484308511813853	0.7435186478643768	0.3141197627863001	-0.16845458638093325	0.1909881263208068	-0.6799367886565194	0.3430276158946529	-0.8820160165243807	0.42325422948156743	0.8214638299997286	0.30690767780869965	-0.2505047919091634	0.1949417951910795	-0.7544378180692293	0.25342823425090244	-1.28502352029549	0.25607548744942543	0.6535018597545583	0.31619459647795767
psvid_107322_sp|O15127|SCAM2_HUMAN	O15127	SCAM2_HUMAN	-0.2518826506879712	0.19245274810431406	-0.719242059647431	0.2154767582714886	-1.308802566702995	0.23706052808371691	0.7442245955015141	0.36624442651863165	-0.19602867389518286	0.2587387539466648	-0.8889527327468121	0.49689538495644636	-0.7576316686428478	0.48717049914012117	0.8445661930124723	0.4286267110401613	-0.27936439538704405	0.22118265368885215	-0.8511311829981061	0.292402392224018	-1.2630483933882033	0.26324281381889486	0.657105349563147	0.36839104640706777
psvid_38518_sp|Q13409|DC1I2_HUMAN	Q13409	DC1I2_HUMAN	0.15465409601722868	0.1183033932317074	-0.13263826266969792	0.4419464547041553	1.3072667807112286	0.23755007353860827	0.7442245955015141	0.19744000602155268	-0.210065080043647	0.2830607682504336	-0.968125530772192	0.547995370684898	-0.7421200802288334	0.4956265359110863	0.8458142756443096	0.4716365614470432	-0.2924812503605779	0.2831973958039943	-1.0245588457693602	0.4395963450482042	-1.0327822737572387	0.34988061515092117	0.6990333245481015	0.48792378182448526
psvid_91714_sp|Q00765|REEP5_HUMAN	Q00765	REEP5_HUMAN	0.0937171086250812	0.07182021056311441	-0.08069376100785122	0.2681279782580136	1.3048849048238889	0.23831108947738114	0.7442245955015141	0.049882745474923725	0.20549467965179957	0.1091255930486346	-0.08675280050510842	0.49774215980870756	1.8831025235319054	0.12617672064529104	0.7048513307479977	0.14833555618260452	0.12441849181285769	0.10977102908594126	-0.15934439658037636	0.40818138020609174	1.1334365073269808	0.3093355084040786	0.6801903911201771	0.12268430776775216
psvid_75021_sp|Q9UL25|RAB21_HUMAN	Q9UL25	RAB21_HUMAN	0.19113415306964487	0.14656521346855297	-0.16479026066515956	0.5470585668044493	1.3040894803503602	0.2385657102396316	0.7442245955015141	0.26437528358868795	-0.43481138550180365	0.14589667807990062	-0.8255349118620394	-0.04408785914156782	-2.9802692646893463	0.036043334332098755	0.6392260310717692	0.2226148848645295	-0.5153501361660358	0.17512210209708762	-0.9680483929497903	-0.06265187938228128	-2.942804648840532	0.03288006282649808	0.48232346954803157	0.27563993075424564
psvid_35056_sp|P01857|IGHG1_HUMAN	P01857	IGHG1_HUMAN	0.10006370373583451	0.07684913961515248	-0.08655960418447245	0.28668701165614147	1.3020796880347216	0.23921013153761736	0.7442245955015141	0.07467037985300938	-0.04781439449381031	0.21851463220793393	-0.6330148855621267	0.5373860965745061	-0.21881552741196358	0.836558467460445	0.9778892202407429	0.3568103297492661	-0.12785550892579645	0.2404072198974928	-0.7493186370093512	0.4936076191577583	-0.5318289067204918	0.6180226115263813	0.8495498351393129	0.40589514964519924
psvid_42335_sp|Q13576|IQGA2_HUMAN	Q13576	IQGA2_HUMAN	0.09557394661773344	0.0734550969791683	-0.08280714197361388	0.27395503520908077	1.3011206920717564	0.23951816715597576	0.7442245955015141	0.0588988075546443	-9.382993071627155e-05	0.07309435434543218	-0.1958466343313149	0.19565897446988237	-0.0012836823248050919	0.9990318036159062	1.0	0.052072672312001085	-0.08065581727805049	0.10043926371660987	-0.3402956859905975	0.17898405143449653	-0.8030307500622613	0.4590575342747483	0.7776897008297246	0.09290949847371224
psvid_24131_sp|P0C0L4|CO4A_HUMAN	P0C0L4	CO4A_HUMAN	-0.12573651064794156	0.09677515331066565	-0.3607488910828456	0.10927586978696247	-1.29926439118422	0.2401154197405976	0.7442245955015141	0.14093294216887386	-0.04328886155243916	0.10263457634212036	-0.31815285518579867	0.23157513208092034	-0.4217765892864487	0.6929572409451301	0.9414690406320979	0.1340320871151055	-0.12360646434863876	0.10010728599286793	-0.3823881561947061	0.1351752274974286	-1.2347399404819046	0.2727459501992163	0.6642062428136009	0.09172953626830091
psvid_415045_sp|Q96HR9|REEP6_HUMAN	Q96HR9	REEP6_HUMAN	0.09466602131334145	0.07289439499643979	-0.08235343773604498	0.2716854803627279	1.2986735306324306	0.24030580128702914	0.7442245955015141	0.05594830503835389	0.15288236907947628	0.19098970338571214	-0.35860405670804474	0.6643687948669973	0.8004744044799293	0.46437275605656725	0.8337187464473949	0.30691056148987766	0.0716674011780114	0.20755377832603394	-0.46486815037096674	0.6082029527269895	0.3452955747470582	0.7441757161238847	0.9067810180260121	0.34145371894047155
psvid_27130_sp|Q9Y2X3|NOP58_HUMAN	Q9Y2X3	NOP58_HUMAN	0.30444661872271794	0.23466750510582957	-0.2654286756991914	0.8743219131446273	1.297353114933487	0.2407317355209826	0.7442245955015141	0.45671902604959397	-0.06580088986749111	0.12982532951467882	-0.41348399839635575	0.28188221866137353	-0.5068416934774757	0.6365826860263792	0.9190364020538448	0.19114660584957402	-0.14624062518028902	0.14325107920346222	-0.5165509004752163	0.2240696501146383	-1.0208692736798213	0.35496614396571396	0.6990333245481015	0.20681547549988508
psvid_63983_sp|Q9P0Z9|SOX_HUMAN	Q9P0Z9	SOX_HUMAN	-0.1486629653278735	0.11466604712192466	-0.4271222574839567	0.12979632682820974	-1.296486353713753	0.24101169429470562	0.7442245955015141	0.18837010091649106	0.2659735715710263	0.13107643691535076	-0.08506010738808639	0.6170072505301389	2.0291486237361807	0.10581674027109333	0.6917486752637665	0.19363920174209748	0.18424139854155164	0.15229603367745861	-0.20945047778507486	0.5779332748681781	1.2097583508428642	0.28138955968904744	0.66457759244386	0.22698122387365505
psvid_86334_sp|P61088|UBE2N_HUMAN	P61088	UBE2N_HUMAN	0.18638816447394557	0.14411446470056172	-0.16358475983294124	0.5363610887808323	1.293334190021934	0.2420322503748647	0.7442245955015141	0.2587518839569801	0.25093144910732557	0.2874217912005739	-0.5188081864254379	1.020671084640089	0.8730425346636854	0.4276333488086657	0.8260526408082589	0.4793237522142112	0.16951797627815945	0.2710685330758857	-0.5312059810230801	0.870241933579399	0.6253694383283613	0.5596474785195725	0.8256051838581729	0.4648338141702751
psvid_79495_sp|Q8N766|EMC1_HUMAN	Q8N766	EMC1_HUMAN	-0.09892733221674188	0.07669732267299967	-0.285181962230116	0.08732729779663223	-1.2898407502243623	0.24316775295415635	0.7442245955015141	0.07402299700438693	0.13195728398891626	0.24865877488124033	-0.533971746477467	0.7978863144552996	0.5306761607425243	0.6212678253505708	0.9146133155968905	0.4107221035756422	0.05197321291033341	0.2351580310799482	-0.5559205335887438	0.6598669594094106	0.22101398226396843	0.8339800956552402	0.9520942959775506	0.39570425282555705
psvid_58309_sp|Q9H061|T126A_HUMAN	Q9H061	T126A_HUMAN	-0.12579859496281998	0.097532872208242	-0.3626510481408617	0.11105385821522176	-1.289807140040211	0.24317870033806419	0.7442245955015141	0.1430736783663393	-0.14581541668375975	0.2454120752054996	-0.803049513426955	0.5114186800594355	-0.5941656153702256	0.581568735217126	0.8922959468515108	0.40494355887950534	-0.22877777560337165	0.2262747194543164	-0.8137077748698986	0.35615222366315535	-1.011062022991749	0.359199104960459	0.704639420771205	0.3783755906660802
psvid_23108_sp|Q9NYU2|UGGG1_HUMAN	Q9NYU2	UGGG1_HUMAN	-0.11228942818476018	0.087094768251676	-0.32379360162218784	0.09921474525266749	-1.2892786838846586	0.24335088423854287	0.7442245955015141	0.11185681118778053	-0.019294110905872852	0.0692321109977502	-0.20470350406278834	0.16611528225104263	-0.27868731182413087	0.7930786787685743	0.9686200888248205	0.03311147122353616	-0.10018225595969232	0.09174118118178004	-0.33733720270222056	0.1369726907828359	-1.092009658794198	0.3255039043126693	0.6810645288470252	0.05623177719625503
psvid_81971_sp|Q86TM6|SYVN1_HUMAN	Q86TM6	SYVN1_HUMAN	-0.2946903449897693	0.22857109821841912	-0.8497608982596729	0.2603802082801343	-1.2892721227080408	0.24335302270514622	0.7442245955015141	0.44376830827702496	-0.13583498247647974	0.2599765103325245	-0.8320738566222114	0.560403891669252	-0.5224894445376592	0.626503487792388	0.9175798412959852	0.4308217572608732	-0.21647970363805336	0.2739085087155391	-0.9245451215886555	0.4915857143125488	-0.790335811958558	0.46578076189490925	0.778964373318746	0.4702502009530514
psvid_65944_sp|Q53GQ0|DHB12_HUMAN	Q53GQ0	DHB12_HUMAN	-0.13158561503967459	0.10214480855508482	-0.37963786591585474	0.11646663583650557	-1.288226165392565	0.24369414061244177	0.7442245955015141	0.1557976118245322	0.0033913216480856434	0.10104756661800976	-0.2672225269927135	0.27400517028888477	0.03356163598581113	0.9746925054301516	1.0	0.13044079524286417	-0.05973904083043924	0.12676633702525938	-0.3874355400329303	0.2679574583720518	-0.47125319096769097	0.657659410786082	0.8651228052658235	0.16794821711243452
psvid_109627_sp|O15258|RER1_HUMAN	O15258	RER1_HUMAN	-0.2978718375977003	0.23129422271743516	-0.8595553276477705	0.2638116524523699	-1.2878481533090471	0.2438175252629129	0.7442245955015141	0.4495570113493353	-0.08743691093960715	0.14384743814965936	-0.47267240109203046	0.29779857921281616	-0.6078447559742948	0.5732305350439013	0.8905842685160916	0.21866125234649678	-0.16749965114423881	0.14267734643302496	-0.5363268022536611	0.20132749996518357	-1.1739750936765974	0.29419947156669923	0.6659413830042331	0.20551353667979255
psvid_25954_sp|P05156|CFAI_HUMAN	P05156	CFAI_HUMAN	-0.1480871002875075	0.11499013461261531	-0.42733341855567425	0.13115921798065927	-1.287824392817618	0.24382528262042677	0.7442245955015141	0.18918415600649705	-0.2233963309721405	0.2168990659049736	-0.8042702001374158	0.35747753819313477	-1.0299552468797328	0.3561980418383592	0.7995936304778763	0.35390207607584245	-0.3023712343892647	0.19003990190307826	-0.7936326530260958	0.18889018424756632	-1.591093403865659	0.1735434816931678	0.577965496292724	0.30627362429714294
psvid_64624_sp|Q99943|PLCA_HUMAN	Q99943	PLCA_HUMAN	0.18534188517061434	0.14396810540855912	-0.16427561478988184	0.5349593851311105	1.2873815672203428	0.24396989672112304	0.7442245955015141	0.25841521804047934	-0.44903202777445994	0.3236334705986058	-1.315749574360666	0.4176855188117461	-1.3874709156129983	0.2313418915539097	0.7365587977323307	0.5429258599303397	-0.5293643953870442	0.30381093043391555	-1.3147288750975201	0.2560000843234318	-1.7424139237880074	0.1429931267445736	0.5556992839403372	0.5269409762414119
psvid_160990_sp|P16662|UD2B7_HUMAN	P16662	UD2B7_HUMAN	-0.15621557159425237	0.1213933013932329	-0.45101157814453313	0.1385804349560284	-1.2868549565862673	0.2441419709633016	0.7442245955015141	0.20503901792590332	0.0	0.06648275985679548	-0.17804640047514889	0.17804640047514889	0.0	1.0	1.0	4.351167857633658e-15	-0.16595021785106345	0.09965558533181468	-0.4235642438263002	0.0916638081241733	-1.665237500723248	0.15783472369683074	0.5664090740980359	0.09010565210004853
psvid_100492_sp|P42677|RS27_HUMAN	P42677	RS27_HUMAN	0.13414653051660608	0.10448819809336016	-0.11959649464239447	0.3878895556756066	1.2838438499699862	0.2451279285142352	0.745843789913443	0.16208783841997054	0.10112759283366657	0.11567529061022042	-0.2086605260926474	0.41091571175998054	0.87423677347331	0.42704847443019683	0.8258956345112297	0.16226446474794973	0.033137682694719284	0.11590230425779861	-0.2664748189050907	0.3327501842945293	0.2859104735399562	0.7866187651392762	0.9267634876640898	0.13992625612105997
psvid_89229_sp|P02656|APOC3_HUMAN	P02656	APOC3_HUMAN	-0.1502845380445903	0.11759770029676392	-0.435863165770381	0.13529408968120038	-1.2779547360649013	0.24706639288701218	0.7486935274905934	0.19569136451644056	0.2499998196632549	0.21670530891110235	-0.3303551520404835	0.8303547913669933	1.1536395712659295	0.3073444540144443	0.7858402699700607	0.353553135558603	0.10559874993248486	0.14490167209386204	-0.2689783798325276	0.4801758796974973	0.7287614311592059	0.49941497482059827	0.7979257045956281	0.21054470584056859
psvid_80919_sp|Q8IZV5|RDH10_HUMAN	Q8IZV5	RDH10_HUMAN	-0.08859524835630417	0.06937557650359143	-0.2570694777467104	0.07987898103410207	-1.2770380128187877	0.24736935090356973	0.7486935274905934	0.032602390405127024	-0.05656398385847661	0.18365288566486498	-0.5484017971492707	0.4352738294323175	-0.30799398361589686	0.772101227466141	0.9665779766182299	0.2934579602313204	-0.13880378933177617	0.15925402390190066	-0.5504823732618611	0.2728747945983088	-0.8715873290415463	0.4240047712843823	0.7616296001165247	0.2421038601653666
psvid_84967_sp|Q86UL3|GPAT4_HUMAN	Q86UL3	GPAT4_HUMAN	-0.11715102899032903	0.09176517444367953	-0.3399969904718134	0.10569493249115536	-1.276639310071055	0.24750121568229957	0.7486935274905934	0.1263387540135332	-0.6856205380226794	0.2274489442584072	-1.294747865232199	-0.07649321081315974	-3.014393143296979	0.03476786423002525	0.6392260310717692	0.3728551918587051	-0.7647234222633921	0.23644462178604952	-1.3759430617415482	-0.1535037827852359	-3.2342601683508096	0.023715770575063785	0.4789514222886797	0.3982052495896103
psvid_48363_sp|Q9BWH2|FUND2_HUMAN	Q9BWH2	FUND2_HUMAN	-0.247325963913414	0.193959912597665	-0.7183454271654495	0.22369349933862154	-1.2751395925118159	0.24799777706622997	0.7486935274905934	0.3695130888194536	0.250697859921869	0.09300513209124213	0.0016223246969451488	0.49977339514679286	2.6955271637690204	0.04904460732469757	0.6837666104479102	0.11148583621134343	0.16951797627815945	0.11786783942879196	-0.13517551929614352	0.47421147185246243	1.4382038145407012	0.21094234580696067	0.6186927031367531	0.145199774640667
psvid_75993_sp|Q02978|M2OM_HUMAN	Q02978	M2OM_HUMAN	-0.1356629726053118	0.1065934741722774	-0.3945185284692828	0.12319258325865923	-1.2727136783819617	0.24880285664320412	0.7486935274905934	0.167653022999702	-0.20312094913353196	0.12709436258055376	-0.5434902994266527	0.1372484011595888	-1.5981900771152753	0.17865780677260748	0.7176098719675167	0.1856754788704136	-0.2853709638872213	0.15267591072729672	-0.6800448389232884	0.10930291114884583	-1.8691289446240074	0.12163027190403093	0.5319320213874119	0.2278148162827582
psvid_45990_sp|Q86X29|LSR_HUMAN	Q86X29	LSR_HUMAN	-0.09029727346713212	0.07103444293915186	-0.26279995578690873	0.08220540885264452	-1.2711759215804763	0.24931437312070254	0.7486935274905934	0.04499727358593672	-0.5063038107942677	0.27508688536242726	-1.2430095351384387	0.23040191354990336	-1.8405232591412415	0.1328666990789416	0.7067636245123187	0.45756282711826995	-0.589035952556319	0.25946636037770066	-1.2597677884035767	0.0816958832909388	-2.2701823531145604	0.07340764607208403	0.5124776378946586	0.44263713377234265
psvid_1633336_sp|P00450|CERU_HUMAN	P00450	CERU_HUMAN	-0.1023950577533368	0.0805848393212823	-0.2980902777346788	0.09330016222800516	-1.2706491520706484	0.24948980865643006	0.7486935274905934	0.08946678647888999	-0.061905765252047384	0.08943807938692494	-0.3014284345057505	0.17761690400165572	-0.6921634014996242	0.5235838201625825	0.8667313206910913	0.10255182817114182	-0.14377111927341635	0.10083173827389245	-0.40442555180050294	0.11688331325367024	-1.4258518372745523	0.21428284139055934	0.619795167337773	0.09429037436747106
psvid_80494_sp|Q9BVT8|TMUB1_HUMAN	Q9BVT8	TMUB1_HUMAN	0.11737620057930531	0.09242450394682146	-0.10707090118171891	0.34182330234032954	1.2699684127798012	0.2497166826447284	0.7486935274905934	0.12830810099464438	-0.5302599043701752	0.46105798294157585	-1.7650118077192873	0.7044919989789369	-1.1500937495693866	0.3086573104612393	0.7872441510986508	0.7820644817908274	-0.6118647442428056	0.4487117005897848	-1.7718040221693223	0.5480745336837112	-1.3636032745269915	0.2318970681368531	0.6337080798263095	0.7965512022934967
psvid_81098_sp|Q9Y262|EIF3L_HUMAN	Q9Y262	EIF3L_HUMAN	0.10064995658691789	0.07948491332980526	-0.09237416222107411	0.29367407539490986	1.2662774905382725	0.2509499281301015	0.748731355511612	0.08530682177999617	0.15462207261615246	0.09435740785546397	-0.09807497039196356	0.4073191156242685	1.6386850394724863	0.1700030526915162	0.7176098719675167	0.11477613823668807	0.07193027582565237	0.10906161222612722	-0.2099987391048661	0.35385929075617084	0.6595379836904747	0.5392303175732038	0.8165629924469568	0.1205960988043434
psvid_64635_sp|Q96KA5|CLP1L_HUMAN	Q96KA5	CLP1L_HUMAN	-0.10668567807386076	0.08426331686446766	-0.31131384968820264	0.09794249354048112	-1.2660987253262068	0.2510097940335672	0.748731355511612	0.10251032736883316	-0.14187708439479385	0.20521290829284355	-0.6914544444694897	0.40770027567990197	-0.6913653023830839	0.5240393646046199	0.8667313206910913	0.33279472695134094	-0.22327119902087245	0.23432613561685103	-0.8290144595363951	0.3824720614946502	-0.9528224345659222	0.38520659543226493	0.7261365706999018	0.3940860035727727
psvid_52770_sp|Q9NR28|DBLOH_HUMAN	Q9NR28	DBLOH_HUMAN	0.24947817578430165	0.1970862266918557	-0.2291333448515579	0.7280896964201612	1.2658326255053873	0.251098930202065	0.748731355511612	0.3762822322430447	-0.23412306593412113	0.25882890999610414	-0.9272885702389523	0.45904243837071	-0.904547586811864	0.41241722908294304	0.8101536433552932	0.4287866193689542	-0.3157586014584485	0.21913245323139782	-0.8822255316441339	0.2507083287272369	-1.4409485989052297	0.2102068339868772	0.6186927031367531	0.36435950393453437
psvid_31164_sp|Q9HCL2|GPAT1_HUMAN	Q9HCL2	GPAT1_HUMAN	0.116533029047444	0.09235083713785575	-0.10773517749572922	0.34080123559061726	1.2618513557542586	0.25243585826353	0.7513517378442635	0.128088873139839	-1.1662158865501735	0.43227991780614566	-2.323897720590498	-0.008534052509849177	-2.6978257340031204	0.048920257538814974	0.6837666104479102	0.7321781952952432	-1.25	0.42395619416954594	-2.3459452162516055	-0.15405478374839476	-2.94841782521547	0.03266965930132532	0.48232346954803157	0.7508654231715148
psvid_49057_sp|P03886|NU1M_HUMAN	P03886	NU1M_HUMAN	-0.30248134018093964	0.2408135343446432	-0.8872818805179792	0.2823192001560999	-1.2560811459543624	0.2543845651050317	0.7530904576122692	0.4697444622543243	-0.16938224397416723	0.20563706641822938	-0.7200955350424003	0.38133104709406584	-0.8236950999372542	0.4523598025649839	0.8337187464473949	0.33356315432007017	-0.25	0.21365473874435506	-0.8023067997980967	0.3023067997980967	-1.1701121232753617	0.29561300416285463	0.6659413830042331	0.3535533905932738
psvid_68699_sp|P39656|OST48_HUMAN	P39656	OST48_HUMAN	-0.11510348270689086	0.09192386134871841	-0.3383348053686083	0.10812783995482661	-1.252161093083756	0.2557159195291614	0.7530904576122692	0.1268142359497356	0.13417162285036177	0.1564168711989394	-0.2847258620095351	0.5530691077102586	0.8577822956176835	0.4351632052955025	0.8276831523344766	0.24269819838829798	0.05411882309546123	0.13322621982986807	-0.29027675434817857	0.39851440053910103	0.40621750856979805	0.701684929943775	0.8825938252465747	0.18358290632174035
psvid_67539_sp|P23378|GCSP_HUMAN	P23378	GCSP_HUMAN	0.1799080047528694	0.1437875391240167	-0.16927100132872408	0.5290870108344629	1.251207203690292	0.2560408035012086	0.7530904576122692	0.25799973388710096	-0.07022572972026886	0.09080215572973091	-0.3134015096952033	0.1729500502546656	-0.7733927587500568	0.47868823483162004	0.8378321292677234	0.10601555267894999	-0.15151827043751576	0.10722687970288859	-0.42870442193167535	0.12566788105664384	-1.4130623856383093	0.21779482200962805	0.6210915066177928	0.11508616018981206
psvid_8322_sp|P59998|ARPC4_HUMAN	P59998	ARPC4_HUMAN	0.13845111985150105	0.11075884948157763	-0.13051978828373872	0.4074220279867408	1.2500230952157863	0.25644459790846025	0.7530904576122692	0.1784549100396285	0.5189827691646038	0.23606353503646324	-0.11321515383400615	1.151180692163214	2.1984876617408946	0.08653465000159119	0.6917486752637665	0.388270040721475	0.43872187554086706	0.2505939554096967	-0.20907440725856274	1.0865181583402967	1.7507280844966893	0.1414807514308844	0.5556992839403372	0.4255801616607517
psvid_37424_sp|P49257|LMAN1_HUMAN	P49257	LMAN1_HUMAN	-0.09551933582092609	0.07643507380634962	-0.2811371109360193	0.09009843929416711	-1.2496793823072243	0.25656191176362114	0.7530904576122692	0.0728942393506644	-0.286351756390792	0.20913338522754124	-0.846428482133705	0.273724969352121	-1.369230245468631	0.23656226931967855	0.7394829141094656	0.33989033932914287	-0.27773663380455904	0.10183079539390898	-0.5409736724746905	-0.014499595134427556	-2.7274326271360136	0.0422194288404273	0.49208958167274586	0.09774069743600493
psvid_42503_sp|P19823|ITIH2_HUMAN	P19823	ITIH2_HUMAN	0.09095885350333699	0.0728513164406691	-0.08595599197953957	0.26787369898621355	1.2485546994530272	0.2569461080231729	0.7530904576122692	0.05571611967127141	-0.16900359040947954	0.08329027211723267	-0.3920619167637388	0.05405473594477972	-2.029091586729405	0.10582396891281985	0.6917486752637665	0.0860039074174853	-0.25013798651965324	0.1025317549865724	-0.5151870362487809	0.01491106320947444	-2.4396147959469867	0.059606575141456654	0.5036298607729148	0.10011001977436507
psvid_73124_sp|P20340|RAB6A_HUMAN	P20340	RAB6A_HUMAN	-0.13124101540763355	0.1051804989152712	-0.38666524962255844	0.12418321880729133	-1.247769470207168	0.2572146424820779	0.7530904576122692	0.16392642717068007	0.1998801494769582	0.19701437001018243	-0.3277408382460215	0.7275011371999379	1.014546042842599	0.3627361659717023	0.7995936304778763	0.3179035999780318	0.11869707668097318	0.17098386695126583	-0.323303662118237	0.5606978154801834	0.6942004459099318	0.519031389818763	0.8083679765458417	0.2670026332519354
psvid_36835_sp|Q9H0W9|BKGD_HUMAN	Q9H0W9	BKGD_HUMAN	-0.13075475455121133	0.10481255243889186	-0.3852854538625132	0.12377594476009057	-1.247510450882726	0.257303276072233	0.7530904576122692	0.1629503181942638	-0.4168569734616252	0.2936867556878032	-1.203374708737217	0.3696607618139667	-1.4193931642758695	0.22247338284932297	0.7302695962541623	0.49035556923776835	-0.49815511740860063	0.27906403836196486	-1.2195478039094625	0.22323756909226133	-1.7850924839067221	0.13540013550149335	0.554517541190555	0.48006713085784425
psvid_57941_sp|Q9BSE5|GDAH_HUMAN	Q9BSE5	GDAH_HUMAN	-0.09086003332030934	0.0728851810871872	-0.2678571169698903	0.0861370503292716	-1.2466187497238999	0.2576086098444018	0.7530904576122692	0.055898713342287146	0.057773787802825716	0.11121709170560236	-0.240074900972284	0.35562247657793544	0.5194686078984698	0.6284419713043824	0.9175798412959852	0.15283177739844292	-0.023348314946642246	0.10818495792373879	-0.3030111403457377	0.2563145104524532	-0.2158184963486405	0.8378099610823967	0.9528490542129893	0.11798384818982578
psvid_546200_sp|O75477|ERLN1_HUMAN	O75477	ERLN1_HUMAN	-0.18334552395471615	0.14716075570446874	-0.5407161745976947	0.17402512668826237	-1.245885990983319	0.2578597550084165	0.7530904576122692	0.26573791706081	-0.09464099105406643	0.201640495776427	-0.6346511311317223	0.4453691490235895	-0.4693550801372833	0.6611043052488386	0.928262894356246	0.32631523449536964	-0.17562334422726633	0.17921630706771896	-0.638905299076115	0.28765861062158243	-0.9799518085198855	0.3729055144368669	0.715280752837967	0.28412104041109476
psvid_32941_sp|Q12905|ILF2_HUMAN	Q12905	ILF2_HUMAN	0.12999215025021993	0.10447111487747296	-0.12370938939215997	0.38369368989259983	1.244287958472338	0.25840820244570956	0.7530904576122692	0.16204236007778458	-0.2754442241085573	0.22168841258824257	-0.8691443649180967	0.3182559167009821	-1.2424836322869033	0.27606813208762593	0.7846130218811362	0.36251725919468675	-0.3555046361163624	0.248898733922045	-0.9989186975791797	0.2879094253464549	-1.4283103433852995	0.21361395423303597	0.6189520935374188	0.4223121592865461
psvid_74582_sp|O75251|NDUS7_HUMAN	O75251	NDUS7_HUMAN	-0.22701719339653614	0.18249965453253908	-0.6702061398666703	0.21617175307359804	-1.243932181559608	0.2585304436803095	0.7530904576122692	0.3445636602747813	-0.3441697008613134	0.10219488942008641	-0.6178561760827903	-0.07048322563983644	-3.367778005478881	0.02420887913377562	0.6392260310717692	0.13304124430031122	-0.4237863546178948	0.09749635857277074	-0.6758186854323568	-0.17175402380343285	-4.346689054048958	0.007700140280817228	0.39647783251920843	0.08201206155875909
psvid_74809_sp|O15228|GNPAT_HUMAN	O15228	GNPAT_HUMAN	-0.32849796006251886	0.2646483870196914	-0.9711799428241087	0.314184022699071	-1.2412619013547084	0.25944952995807624	0.7544277112256118	0.5200095454851271	-0.31494150928677467	0.3865206668333624	-1.3500762357507543	0.720193217177205	-0.8148115645845994	0.4569270423558994	0.8337187464473949	0.6526812072368687	-0.396240625180289	0.38168637628923946	-1.3829165222549646	0.5904352718943866	-1.0381314340651773	0.3476171408164737	0.6990333245481015	0.6725764634444775
psvid_40810_sp|Q9Y383|LC7L2_HUMAN	Q9Y383	LC7L2_HUMAN	0.1870367416773684	0.15095680617788523	-0.17955237907378752	0.5536258624285243	1.2390083389613258	0.2602273935460151	0.7545857606815377	0.27438990195129936	-0.1965815301830296	0.19858595785345504	-0.7284113618097209	0.3352483014436617	-0.9899064984649892	0.3734038669063849	0.801546448152564	0.32076395379918	-0.2777578280971861	0.21763371273074136	-0.840350448850232	0.28483479265585987	-1.2762628758754435	0.2589110817667904	0.6541369364189723	0.3614079861670966
psvid_49809_sp|P09960|LKHA4_HUMAN	P09960	LKHA4_HUMAN	-0.23285755672998043	0.18802950087922746	-0.6894753876701045	0.22376027421014372	-1.2384096944422902	0.2604343682132413	0.7545857606815377	0.3566304009829883	-0.5645889800731716	0.319672744237921	-1.42069936965648	0.29152140951013694	-1.7661467555487562	0.14546085164930672	0.7067636245123187	0.5359867201400215	-0.646240625180289	0.2766121473912639	-1.3612950667939079	0.06881381643332973	-2.3362698683879235	0.06765157272068521	0.512092475541875	0.47540081321207306
psvid_25500_sp|P01009|A1AT_HUMAN	P01009	A1AT_HUMAN	-0.08843582773285519	0.0714871039553898	-0.26203776889456476	0.08516611342885438	-1.2370878499714006	0.2608918873943422	0.7545857606815377	0.04786608496102514	1.3322676295501878e-15	0.06648275985679548	-0.17804640047514755	0.17804640047515022	2.0039294885168806e-14	0.9999999999999849	1.0	7.674738709330906e-15	-0.03444347027772299	0.10087911400511254	-0.2952203711322243	0.22633343057677835	-0.34143311643257884	0.7469070700004997	0.9067810180260121	0.09445605583194326
psvid_29493_sp|P98194|AT2C1_HUMAN	P98194	AT2C1_HUMAN	-0.11172759942324362	0.09041039799039642	-0.33128357139449566	0.10782837254800842	-1.2357826301695027	0.2613443366262887	0.7545857606815377	0.1222387074083331	0.18526323976750225	0.1740927026442854	-0.28097160249194036	0.6514980820269449	1.0641643041526045	0.34204603508323006	0.7995936304778763	0.27580460856603467	0.10375937481971098	0.1776973936444982	-0.35559612271356567	0.5631148723529876	0.5839105047724684	0.5850806861821961	0.8361268016786402	0.28098171529211646
psvid_82724_sp|O15260|SURF4_HUMAN	O15260	SURF4_HUMAN	-0.22418206874791213	0.18202114801874647	-0.6662089922089067	0.21784485471308246	-1.2316264960861771	0.26278957993996716	0.7574226968569509	0.34351686038595547	0.25338045948821186	0.14478715292519753	-0.13437166555750224	0.641132584533926	1.7500203185783874	0.14835217575962548	0.7067636245123187	0.22047611326390754	0.17169235368646296	0.13210927890809238	-0.16981588285523874	0.5132005902281647	1.2996237289729535	0.2514132469807346	0.6462660267216375	0.18092224639495247
psvid_40926_sp|Q9UBS3|DNJB9_HUMAN	Q9UBS3	DNJB9_HUMAN	0.24302387506041256	0.19786965095336506	-0.2374901421800944	0.7235378923009195	1.2282018687023897	0.263985649287598	0.7574226968569509	0.3779762507635991	0.2271637163947986	0.4321363313244329	-0.9301335810185729	1.38446101380817	0.5256760423234398	0.6244624625195041	0.9175798412959852	0.7319291015177266	0.14624062518028902	0.42657704414616493	-0.9564796023434479	1.248960852704026	0.3428234762913783	0.7459233807907166	0.9067810180260121	0.7557072677167809
psvid_39326_sp|P01024|CO3_HUMAN	P01024	CO3_HUMAN	-0.08894829850595087	0.07255086512263059	-0.2651335168372138	0.08723691982531206	-1.2260129270078886	0.2647526144878483	0.7574226968569509	0.054072964288405606	-0.05465262881977839	0.08033075099122315	-0.26978510966534985	0.16047985202579304	-0.6803450502504287	0.5303579921923973	0.8667313206910913	0.07729048889627453	-0.15548035826078554	0.10001192192981351	-0.41401552985276974	0.10305481333119865	-1.5546182421121628	0.18182983033829675	0.5801574353206355	0.09138849267372792
psvid_62834_sp|P11226|MBL2_HUMAN	P11226	MBL2_HUMAN	-0.14318357216061983	0.11726632078579059	-0.42795746556115255	0.1415903212399129	-1.2210118915743255	0.26651211777382244	0.7574226968569509	0.19486846400414887	0.09175290932398106	0.1530562155974042	-0.31814445829681737	0.5016502769447795	0.5994719584948183	0.5783249979257552	0.8922959468515108	0.23631856844589552	0.050253782543452585	0.14346350828674137	-0.3206056311785439	0.4211131962654491	0.35028965305246856	0.740650478944367	0.9067810180260121	0.2072967725163449
psvid_18911_sp|Q9Y5J7|TIM9_HUMAN	Q9Y5J7	TIM9_HUMAN	-0.11066973829491378	0.09066754684440821	-0.3308501801041357	0.10951070351430811	-1.2206102640543557	0.2666538586185908	0.7574226968569509	0.1230227031208458	-0.19637262991445814	0.17816695162643736	-0.6735186522674201	0.2807733924385039	-1.1021832507197666	0.3268971082582995	0.7992702407549543	0.2833465053322174	-0.2777578280971861	0.17855286926948963	-0.7393247673589312	0.18380911116455895	-1.5556055146779328	0.18160050408997122	0.5801574353206355	0.28275083492421316
psvid_64822_sp|P05388|RLA0_HUMAN	P05388	RLA0_HUMAN	-0.18165743371974763	0.14891946807291284	-0.5432990068678192	0.17998413942832397	-1.219836708191879	0.26692704236325543	0.7574226968569509	0.2697534620309594	0.2928418787509153	0.20820748445503823	-0.26475520715610024	0.8504389646579308	1.406490643299394	0.22601738180545702	0.7312711241235058	0.33821594825767426	0.18628221307596138	0.1192083545131079	-0.1218765723423712	0.49444099849429396	1.5626607198531388	0.17996994543253672	0.5801574353206355	0.14873788922796433
psvid_53867_sp|A0FGR8|ESYT2_HUMAN	A0FGR8	ESYT2_HUMAN	-0.09850971374979345	0.08076428880645833	-0.2946407155329338	0.09762128803334691	-1.2197187049570861	0.2669687368136306	0.7574226968569509	0.09013251468288455	-0.16376333799303433	0.18448737854293804	-0.6578359931207662	0.3303093171346976	-0.8876668923718251	0.4205150373308625	0.8185306461315266	0.2949919616185746	-0.24410788221539903	0.18553567712986274	-0.7237256837497674	0.2355099193189693	-1.3156924101693908	0.24637285271744605	0.6439811012666573	0.2970987642385256
psvid_42492_sp|O43633|CHM2A_HUMAN	O43633	CHM2A_HUMAN	-0.2006668827018352	0.164617543438581	-0.6004302457280284	0.19909648032435806	-1.2189884413911463	0.2672268881463364	0.7574226968569509	0.305109504881915	-0.04233625468074953	0.11386070808219151	-0.34726476958074814	0.2625922602192491	-0.37182497275696436	0.7272182662866411	0.9547442772746325	0.158448446924074	-0.12135670679256039	0.12826209669863353	-0.45291980985941416	0.21020639627429338	-0.9461618819291708	0.3882765959923827	0.7285739329834183	0.17162430063097417
psvid_24559_sp|Q9UK55|ZPI_HUMAN	Q9UK55	ZPI_HUMAN	-0.21118423209169812	0.17338526732006135	-0.6322394617788307	0.20987099759543443	-1.2180056319425432	0.26757465550198856	0.7574226968569509	0.32454508733289966	-0.50232221716103	0.4941068880643196	-1.8255818570936406	0.8209374227715807	-1.0166266232978338	0.3618474068839435	0.7995936304778763	0.8392730768279176	-0.583355933431298	0.4541243228586689	-1.7572870755280743	0.5905752086654782	-1.2845731973991803	0.2562205462330372	0.6535018597545583	0.806526583104955
psvid_37390_sp|Q6UX53|TMT1B_HUMAN	Q6UX53	TMT1B_HUMAN	-0.09276697468154982	0.07620847881322336	-0.27783447809045125	0.09230052872735159	-1.217278918647741	0.2678320541569993	0.7574226968569509	0.07190785381739596	0.08431384131470843	0.07070641246121946	-0.10504385467066002	0.2736715373000769	1.1924497139626802	0.2933025643940332	0.7858402699700607	0.04126232229100651	0.024571107176802442	0.09152612361204676	-0.2120279063867577	0.2611701207403626	0.26846004405203905	0.7992614845891102	0.9362777390901005	0.05507301762629675
psvid_419470_sp|Q709F0|ACD11_HUMAN	Q709F0	ACD11_HUMAN	-0.09636032764088043	0.07916637504229129	-0.28861089622810454	0.09589024094634366	-1.2171875697150967	0.26786442465047255	0.7574226968569509	0.08407476190393152	-0.15002789316075527	0.10369192023110142	-0.4277235423075588	0.1276677559860483	-1.4468619428243148	0.21510820122337912	0.7258795267620202	0.13640241525566343	-0.23351758007482548	0.12214409151226481	-0.5492653734252185	0.08223021327556757	-1.9118205161104938	0.11519566919923811	0.5319320213874119	0.1563381455362287
psvid_58607_sp|P29401|TKT_HUMAN	P29401	TKT_HUMAN	0.18423666811171113	0.15146309928067977	-0.18358195363443214	0.5520552898578543	1.216379890459642	0.26815078143256216	0.7574226968569509	0.27553963785836205	0.03705647049368599	0.21187645753871504	-0.5303664326988328	0.6044793736862047	0.17489659268498417	0.8689058432858845	0.9814843470253816	0.34484604390294155	-0.04337070521387543	0.22667236300713023	-0.6293286303733906	0.5425872199456397	-0.19133653806975645	0.8559239446950908	0.9614570829524488	0.3791536442269582
psvid_70197_sp|Q16658|FSCN1_HUMAN	Q16658	FSCN1_HUMAN	-0.11341995597332577	0.09328277914160392	-0.3399513251283426	0.11311141318169107	-1.215872393779708	0.26833084565481	0.7574226968569509	0.13084782840860232	-0.18619734663496557	0.23764599154131003	-0.8226332207235025	0.4502385274535714	-0.7835072050966989	0.4733033026425676	0.8337187464473949	0.39109623231617463	-0.26677854896463427	0.21805249222527798	-0.8304537329400449	0.29689663501077634	-1.2234602147496467	0.27661857629049263	0.6642062428136009	0.3622330802890449
psvid_49087_sp|Q86VU5|CMTD1_HUMAN	Q86VU5	CMTD1_HUMAN	-0.10306337757742767	0.08486747992215883	-0.3091587212240683	0.10303196606921297	-1.2144036522818666	0.26885255521843054	0.7575913927117287	0.1045481975035384	-0.24132355581531773	0.13607499251318472	-0.6057437854183305	0.12309667378769507	-1.7734599970081582	0.14416902032352932	0.7067636245123187	0.2035187719245584	-0.32002697979818406	0.1503421495162727	-0.7086679805178248	0.06861402092145663	-2.1286577372205593	0.0875799790621473	0.5204027816531388	0.22267787427542235
psvid_70450_sp|Q8IX05|CD302_HUMAN	Q8IX05	CD302_HUMAN	-0.08363393410805209	0.06917810596175826	-0.2516286186926443	0.08436075047654015	-1.2089653647685155	0.27079189427273237	0.7588918763690626	0.030820980641537477	0.037757084423097886	0.20491208048299497	-0.5110146335750395	0.5865288024212353	0.18425992422750903	0.8619815661011535	0.979782114487937	0.3322496184994608	-0.04248125036057826	0.18243704628929627	-0.5140889562922617	0.4291264555711052	-0.23285429809696864	0.8252717279001529	0.951671010291804	0.29075150516342774
psvid_30111_sp|P78329|CP4F2_HUMAN	P78329	CP4F2_HUMAN	-0.11091129167670832	0.09176210378886149	-0.33374979626586454	0.1119272129124479	-1.2086829649406017	0.27089292833586925	0.7588918763690626	0.12632954371668986	0.2499998196632558	0.21670530891110235	-0.3303551520404826	0.8303547913669942	1.1536395712659335	0.3073444540144432	0.7858402699700607	0.353553135558603	0.09642742253086878	0.10882384266780176	-0.18488694774154418	0.37774179280328174	0.8860872779986773	0.41686238688901395	0.756942983046034	0.11989114619224614
psvid_49839_sp|P08246|ELNE_HUMAN	P08246	ELNE_HUMAN	0.1636058018716513	0.13544264255033672	-0.16530814710413783	0.49251975084744043	1.2079342132655737	0.2711609658194699	0.7588918763690626	0.23862444360885138	-0.3956783565154991	0.3551626623131624	-1.3468337198644202	0.555477006833422	-1.1140764458134742	0.3222816223915421	0.7992242056123071	0.5980419150553975	-0.47672264890212956	0.3314461003966779	-1.3335252458933673	0.38007994808910817	-1.438311231695239	0.21091351528009178	0.6186927031367531	0.5788914806126035
psvid_64865_sp|P09622|DLDH_HUMAN	P09622	DLDH_HUMAN	0.4275439394048055	0.3539496982496109	-0.43200066780264634	1.2870885466122575	1.207922881469148	0.27116502411723825	0.7588918763690626	0.7060649567439972	0.23541388214054493	0.21397739367694457	-0.3376355040356175	0.8084632683167073	1.1001810896713902	0.3276798510639665	0.7992702407549543	0.3486368970083266	0.15338291322948183	0.22835918353037754	-0.43693551640797623	0.7437013428669399	0.6716739430322847	0.5320989997729324	0.8138211960662557	0.3824516235183497
psvid_76249_sp|Q8WVC6|DCAKD_HUMAN	Q8WVC6	DCAKD_HUMAN	-0.09720467546415179	0.08082875520300839	-0.2934922298415583	0.09908287891325471	-1.2026001788597864	0.2730770421737453	0.7619954324020248	0.09037083636066115	-0.05057477894132534	0.2516074077428789	-0.724400495232249	0.6232509373495984	-0.20100671675377862	0.8496338325685708	0.9778892202407429	0.4159651045388247	-0.1326286791746949	0.23463770860361183	-0.7391773694234064	0.4739200110740166	-0.5652487827468211	0.5967595144954823	0.8401517092289622	0.39469219772050645
psvid_90184_sp|Q14232|EI2BA_HUMAN	Q14232	EI2BA_HUMAN	-0.19419226633961362	0.1615240319349162	-0.5864432310124281	0.19805869833320083	-1.2022499934737922	0.27320324039779914	0.7619954324020248	0.29820380415522607	0.08133473520111689	0.0766665412872832	-0.1239846850889377	0.28665415549117146	1.060889585410422	0.3433792505131734	0.7995936304778763	0.06544836545919541	0.0	0.08631442272419226	-0.22312653990913778	0.22312653990913778	0.0	1.0	1.0	5.513983501552499e-16
psvid_71810_sp|O14653|GOSR2_HUMAN	O14653	GOSR2_HUMAN	0.09751539302583989	0.08128934836102594	-0.09989068290151704	0.2949214689531968	1.1996084972012582	0.27415678406064864	0.7633567501858468	0.09206104770803268	-0.060535422043144216	0.17271760865889924	-0.5230876474115251	0.40201680332523676	-0.35048784263042854	0.7420909384888962	0.9568385344346946	0.2732524585095048	-0.14073404859778949	0.20558737754747192	-0.6721863685390307	0.3907182713434517	-0.6845461539354125	0.5246047721970616	0.8116526664180953	0.3375383446907942
psvid_105020_sp|P08637|FCG3A_HUMAN	P08637	FCG3A_HUMAN	0.19339909569470137	0.1614760101776414	-0.19873525115728058	0.5855334425466834	1.1976955306360435	0.2748491188954902	0.7639873813366168	0.29809638828851975	-0.5226836521618496	0.30021523240999237	-1.326685195021172	0.2813178906974728	-1.7410297537735884	0.14998993893170873	0.7067636245123187	0.5018378877016254	-0.603759374819711	0.3215711912623555	-1.4350349018553392	0.22751615221591737	-1.8775294280858972	0.12033538847746629	0.5319320213874119	0.5603688660931588
psvid_90968_sp|P62906|RL10A_HUMAN	P62906	RL10A_HUMAN	0.09142936272377078	0.07646112058930982	-0.0942516653674918	0.27711039081503336	1.195762787925367	0.27555013187806	0.7643449394059375	0.07300695511982569	-0.29774907487426105	0.20759637518231877	-0.8537095589533883	0.2582114092048662	-1.4342691418034967	0.2184545890989964	0.7302695962541623	0.33711036099076386	-0.19446002566129583	0.13751146572973977	-0.5499331502879072	0.16101309896531552	-1.4141368112785648	0.21749768807365477	0.6210915066177928	0.1936472517688253
psvid_99075_sp|P27169|PON1_HUMAN	P27169	PON1_HUMAN	-0.09507220762604618	0.07970629791904332	-0.2886339450017032	0.09848952974961084	-1.192781625896235	0.27663441197524496	0.7643449394059375	0.08615559232227428	-0.17150980449900244	0.11075867613609398	-0.46813081797530476	0.12511120897729988	-1.5484999503629036	0.18988942912932258	0.7176098719675167	0.1518504427736697	-0.25228954937861503	0.10177597830980378	-0.5153848835002102	0.010805784742980162	-2.4788712775685764	0.05682861983897731	0.5036298607729148	0.09755367836438901
psvid_44100_sp|Q6NUM9|RETST_HUMAN	Q6NUM9	RETST_HUMAN	-0.12427807851364925	0.10436230397524512	-0.3777153777154303	0.1291592206881318	-1.1908330285917046	0.27734510833732484	0.7643449394059375	0.1617525622438149	-0.04010357072049553	0.11722769881681032	-0.3540491688767149	0.27384202743572383	-0.34209978635821114	0.7479745598267987	0.9598237040390771	0.1655057024194531	-0.120924725164814	0.1393849320821919	-0.48124084186234	0.239391391532712	-0.8675595228149025	0.426005592779546	0.7635510078234486	0.1979819178984995
psvid_65454_sp|P46976|GLYG_HUMAN	P46976	GLYG_HUMAN	0.13858328043515478	0.11659213826160514	-0.14455340305729536	0.4217199639276049	1.1886159950528288	0.27815560689914315	0.7643449394059375	0.19319072127201906	0.00980526370177115	0.18084674292790975	-0.4745174642554635	0.4941279916590058	0.05421863586274144	0.9591310306008586	1.0	0.288291775144805	-0.07225740359168464	0.20943545567878796	-0.6136571730047732	0.4691423658214039	-0.34501036778847094	0.7443772556501187	0.9067810180260121	0.34519313720470285
psvid_85740_sp|Q9UL46|PSME2_HUMAN	Q9UL46	PSME2_HUMAN	0.09185099035718203	0.07734381872613333	-0.09597361470857949	0.2796755954229435	1.187567304924743	0.27853968929224054	0.7643449394059375	0.07675053158984449	-0.3628144311991228	0.14488064155820035	-0.7508169266360083	0.025188064237762597	-2.5042298770700553	0.06075907479505642	0.6917486752637665	0.2206564935907245	-0.4453399283811649	0.1564613744474088	-0.849799391910584	-0.040880464851745735	-2.8463250431872984	0.036744146110930485	0.48232346954803157	0.236070019742818
psvid_31713_sp|Q14204|DYHC1_HUMAN	Q14204	DYHC1_HUMAN	-0.08997982397707371	0.07578804498833869	-0.2740263302537431	0.09406668229959572	-1.187256169372342	0.27865372966427937	0.7643449394059375	0.07004890258724406	-0.0940506414050799	0.0700028227149635	-0.281524065106898	0.09342278229673814	-1.3435264144709418	0.24411153918586448	0.7446968816629131	0.0375723407283905	-0.17687034988834505	0.10293676446788715	-0.44296636675626616	0.08922566697957607	-1.718242756148827	0.14748356746578398	0.5598913209349207	0.10146100271034476
psvid_65846_sp|Q9Y315|DEOC_HUMAN	Q9Y315	DEOC_HUMAN	0.13884378298673816	0.11705922987649851	-0.1454272031499546	0.42311476912343093	1.1860985514189961	0.27907838098242704	0.7643449394059375	0.1943536196349094	-0.14104125785263788	0.21738044994056552	-0.7232043137930706	0.44112179808779484	-0.6488221819910681	0.5487228079599106	0.8747425801892469	0.35476886970013566	-0.22113069564501564	0.24018764334182025	-0.8420262087742431	0.3997648174842118	-0.9206580845223419	0.40021481542372783	0.7408039472854556	0.40546953508880607
psvid_62004_sp|Q9BSR8|YIPF4_HUMAN	Q9BSR8	YIPF4_HUMAN	0.10696799487894104	0.09024529813370734	-0.11218704246185471	0.3261230322197368	1.1853026926727792	0.2793706477490652	0.7643449394059375	0.12173387166305484	0.5806344001952168	0.23356152350503884	-0.04486292631677036	1.206131726707204	2.4860019385114613	0.06203010930249361	0.6917486752637665	0.38379822213834824	0.5	0.24162174983602222	-0.12460274084173839	1.1246027408417385	2.069350132342504	0.0943611946682532	0.5204027816531388	0.408248290463863
psvid_70898_sp|Q9NZN3|EHD3_HUMAN	Q9NZN3	EHD3_HUMAN	0.10368066415484467	0.08749202156794283	-0.1087882140058277	0.31614954231551706	1.1850299295499804	0.2794708758490682	0.7643449394059375	0.11312977204584788	0.04935460489836396	0.08884333782914054	-0.18857529663924877	0.2872845064359767	0.5555239830507099	0.6055379964944528	0.902812453538994	0.101021399799011	-0.0321744065936489	0.09988130645569622	-0.2903719314994992	0.2260231183122014	-0.3221264091886935	0.7606226455980095	0.9150698289617478	0.09091983721337679
psvid_54328_sp|P02647|APOA1_HUMAN	P02647	APOA1_HUMAN	-0.11621800486270395	0.09826049475206476	-0.3548374436794348	0.12240143395402694	-1.1827541185900843	0.2803083296226244	0.7643449394059375	0.1451150397971677	0.13681741874238362	0.16697584265466894	-0.31035787625147876	0.583992713736246	0.8193845083647372	0.45457156154485584	0.8337187464473949	0.2625564424119264	0.054779322325896995	0.170387367268654	-0.3856794388288196	0.4952380834806136	0.3214987308274156	0.7610702723803805	0.9150698289617478	0.26575186313667376
psvid_29983_sp|Q96JJ7|TMX3_HUMAN	Q96JJ7	TMX3_HUMAN	-0.25635416904574804	0.21705348657737716	-0.7834549259775692	0.2707465878860731	-1.181064506671081	0.28093145668522557	0.7643449394059375	0.4192084862874414	-0.3537031001711881	0.3776964385570792	-1.3652058040634896	0.6577996037211133	-0.9364745442727677	0.3974483497196981	0.8101536433552932	0.6373208114420806	-0.4342413985415514	0.35552049893311544	-1.353277363680235	0.48479456659713216	-1.2214243618713132	0.27732281207405673	0.6642062428136009	0.6238873624933148
psvid_32694_sp|Q8NBJ7|SUMF2_HUMAN	Q8NBJ7	SUMF2_HUMAN	-0.10731564466122734	0.09087272459995231	-0.3279943477605959	0.11336305843814118	-1.1809445037954067	0.28097575847918627	0.7643449394059375	0.12364626777879424	0.018202084962005927	0.0701732588850793	-0.16972778108163508	0.20613195100564694	0.25938776752288145	0.8070076524139632	0.9727640365131593	0.038495200282481816	-0.06321467691402383	0.10087588027273156	-0.3239832184295597	0.19755386460151203	-0.6266579953811993	0.5588685107632292	0.8256051838581729	0.09444475365684682
psvid_25069_sp|O14880|MGST3_HUMAN	O14880	MGST3_HUMAN	-0.16114837289206552	0.13647623152478724	-0.49257232776262305	0.17027558197849202	-1.1807797672285318	0.2810365844279148	0.7643449394059375	0.24104401709573592	-0.2970884234242841	0.28678803488347826	-1.0651308064470688	0.4709539595985006	-1.0359163817451131	0.3536960799460061	0.7995936304778763	0.47820704459842356	-0.13941047368041093	0.2232714821822963	-0.7165769738713172	0.4377560265104954	-0.62439892599712	0.5602346418869775	0.8256051838581729	0.37249164977305893
psvid_73729_sp|Q8IXQ6|PARP9_HUMAN	Q8IXQ6	PARP9_HUMAN	-0.11776128408071074	0.10027049268385892	-0.36126187660746234	0.12573930844604086	-1.174436077141839	0.28338741906579057	0.7646965632658975	0.15068583532073043	0.0446671459350072	0.07310918131928301	-0.15112536634369045	0.24045965821370485	0.610964931202505	0.5713395274560553	0.8905842685160916	0.05213379677040379	-0.034375880937484116	0.09040133127452286	-0.26806725734763404	0.19931549547266578	-0.38025856978913775	0.7196507633413763	0.896040644379517	0.04861483704031231
psvid_32489_sp|Q8IY17|PLPL6_HUMAN	Q8IY17	PLPL6_HUMAN	0.08483802773940674	0.0723152458293379	-0.09077500393961349	0.26045105941842694	1.1731693195045243	0.28385885004977857	0.7646965632658975	0.052753518719368585	-0.0794969727545265	0.11640908601079013	-0.3912502572371152	0.23225631172806221	-0.6829103764903524	0.5288823980166	0.8667313206910913	0.1637991448654012	-0.1600028206195172	0.14164467659163682	-0.5261604752380261	0.2061548339989917	-1.1296070171476131	0.31080015315132836	0.6810157109210588	0.20316249511466059
psvid_13976_sp|P62745|RHOB_HUMAN	P62745	RHOB_HUMAN	0.20003327303166696	0.17053049622675234	-0.21408932439104983	0.6141558704543837	1.173005869669699	0.28391972734453846	0.7646965632658975	0.31823766491512573	-0.19014704076185307	0.22250234723543486	-0.7860269667437703	0.4057328852200641	-0.8545844262966543	0.43675434938649643	0.8276831523344766	0.36397951943157025	-0.2675973319728494	0.18867087709279587	-0.7553197618830321	0.2201250979373333	-1.418328764334065	0.21634208371680635	0.6210915066177928	0.30349119522992
psvid_78704_sp|Q9NVV5|AIG1_HUMAN	Q9NVV5	AIG1_HUMAN	-0.31447336536151926	0.2699502325210662	-0.9700305468631855	0.34108381614014693	-1.164930892722897	0.2869411048279394	0.7646965632658975	0.5311443185225184	-0.5545838381383672	0.235742481226486	-1.1859219521376456	0.0767542758609111	-2.3524985197960957	0.07229516427663761	0.6917486752637665	0.38769645591380403	-0.6360801290559526	0.2149797056904934	-1.1918120260840972	-0.08034823202780783	-2.958791514821953	0.03228477143542529	0.48232346954803157	0.3561719911447588
psvid_88144_sp|P62330|ARF6_HUMAN	P62330	ARF6_HUMAN	-0.19648426196702573	0.16876220408046638	-0.6063126729959586	0.21334414906190713	-1.1642669816835371	0.2871907257970398	0.7646965632658975	0.31432096309673424	-0.45285385890728547	0.16401828730842372	-0.8921085729153515	-0.013599144899219373	-2.760996144629463	0.045638562254872124	0.6682789473034847	0.25702035767299203	-0.5335105954848439	0.164996852629923	-0.9600346416555664	-0.10698654931412144	-3.2334592265312647	0.023736633222028264	0.4789514222886797	0.25437744982372124
psvid_57619_sp|Q53EU6|GPAT3_HUMAN	Q53EU6	GPAT3_HUMAN	0.13221236834353345	0.11358019985867993	-0.14361001194629136	0.40803474863335826	1.1640441600563853	0.28727454473416353	0.7646965632658975	0.18563364031941018	0.08085460058008964	0.5483518260873821	-1.3876775277360882	1.5493867288962675	0.147450225810327	0.8892797674803113	0.9867515687873549	0.9330250896898106	0.0	0.5594957748829521	-1.4463209322771176	1.4463209322771176	0.0	1.0	1.0	1.0
psvid_77018_sp|P10768|ESTD_HUMAN	P10768	ESTD_HUMAN	-0.11720297473385077	0.10078809934030872	-0.3619605425099282	0.12755459304222666	-1.1628652142562745	0.28771837435119135	0.7646965632658975	0.15210512922501168	-0.002810293077824433	0.1344321487584453	-0.36283084947676925	0.3572102633211204	-0.020904918234061064	0.9842342110740796	1.0	0.20028504093836622	-0.08048202372184043	0.16456591245974808	-0.5058920707943331	0.34492802335065215	-0.48905646691276905	0.6458677963496074	0.8611859526823188	0.2534622921767108
psvid_32684_sp|Q9NY15|STAB1_HUMAN	Q9NY15	STAB1_HUMAN	0.09015800609455482	0.07758668617763427	-0.09825638732033148	0.2785723995094411	1.1620293446756906	0.28803340005765465	0.7646965632658975	0.07775619263119288	-0.14705804150501445	0.1971880679273525	-0.6751442068016806	0.38102812379165174	-0.7457755585859951	0.49362414121062054	0.8458142756443096	0.31821988002755364	-0.2284301057878383	0.22057204938156585	-0.7986184546856653	0.3417582431099887	-1.0356258031255758	0.34867584584763245	0.6990333245481015	0.3671910571126191
psvid_27999_sp|O75131|CPNE3_HUMAN	O75131	CPNE3_HUMAN	-0.1175238229780673	0.10114838035590096	-0.3631563105677877	0.1281086646116531	-1.1618952529397668	0.2880839642283899	0.7646965632658975	0.1530895300955484	0.0938734449615648	0.12088426344391134	-0.2298647395939321	0.4176116295170617	0.7765563712527462	0.4769990127694002	0.8375571530426299	0.17306198631833908	0.014145882091591733	0.11447247890491324	-0.2817704587323639	0.31006222291554736	0.12357452399840169	0.9065523180975708	0.9787414565793754	0.13601999824707778
psvid_37557_sp|Q9Y673|ALG5_HUMAN	Q9Y673	ALG5_HUMAN	-0.1098870387517783	0.09465624101809057	-0.33975377379346583	0.1199796962899092	-1.160906429094061	0.28845706827218376	0.7646965632658975	0.13485947653044578	-0.1607257491685159	0.14381130218683877	-0.5458644641852233	0.22441296584819148	-1.117615560977968	0.3209194188494921	0.7989546524742849	0.21859139950766485	-0.24242651942160043	0.1759293782620882	-0.6972116202316803	0.21235858138847935	-1.377976332414755	0.2277123621878822	0.6252216467363456	0.2773170697567973
psvid_881771_sp|P02763|A1AG1_HUMAN	P02763	A1AG1_HUMAN	-0.15207447084087988	0.13099841867555792	-0.47019590132130135	0.16604695963954158	-1.1608878364976354	0.2884640875646526	0.7646965632658975	0.22814872168695194	-0.12703668383898936	0.16179681406752613	-0.5603421064044973	0.30626873872651866	-0.7851618375252458	0.47242672993272083	0.8337187464473949	0.2528492395660237	-0.2661955128535993	0.1652074749537766	-0.6932640268996297	0.16087300119243114	-1.6112800763287385	0.1691188709459446	0.5742338475183212	0.2548244057128301
psvid_68139_sp|O14579|COPE_HUMAN	O14579	COPE_HUMAN	0.0947353270758402	0.08171606892109848	-0.103707012925222	0.2931776670769024	1.1593231089874447	0.2890553396556747	0.7646965632658975	0.0936080774896427	-0.20925816514860118	0.22333851045974598	-0.8073774062946146	0.38886107599741226	-0.9369551391644899	0.39722647812321676	0.8101536433552932	0.3654811681307889	-0.28910518427314114	0.20536996512343217	-0.819995483634528	0.24178511508824574	-1.4077286525290207	0.21927559898274512	0.6210915066177928	0.33710495919842265
psvid_57934_sp|Q9BXS5|AP1M1_HUMAN	Q9BXS5	AP1M1_HUMAN	0.10280330370843771	0.08867772322843294	-0.11254497644938641	0.31815158386626186	1.1592911947414055	0.28906740951519766	0.7646965632658975	0.11687996226003441	-0.2241143569210542	0.18404317586430324	-0.71699740006242	0.2687686862203116	-1.2177270679478809	0.2844752052211434	0.7858402699700607	0.29417553867877855	-0.3055981053341119	0.17611130910192063	-0.7608535052843978	0.14965729461617394	-1.7352554296059066	0.14430840141820742	0.5556992839403372	0.2776946980048706
psvid_32727_sp|O60506|HNRPQ_HUMAN	O60506	HNRPQ_HUMAN	0.12972976034614803	0.1119360442424073	-0.14209989131481848	0.40155941200711454	1.1589632385543915	0.28919146612588104	0.7646965632658975	0.1814627050629165	0.10953112632630946	0.08774973303771023	-0.12547000996335095	0.34453226261596986	1.248221761304262	0.2741527549113061	0.7830665232863409	0.09817263201960982	0.02179296204994785	0.09876428910400128	-0.23351702437929622	0.2771029484791919	0.22065629437173706	0.8342435995852074	0.9520942959775506	0.08683490220518658
psvid_68578_sp|Q16795|NDUA9_HUMAN	Q16795	NDUA9_HUMAN	-0.09451971978669871	0.08163661684050169	-0.2927691154011825	0.10372967582778508	-1.1578103484049014	0.2896279293874702	0.7646965632658975	0.09332136500631777	-0.03325751290622447	0.14193906530611097	-0.41338222071010805	0.3468671948976591	-0.23430838321007755	0.8252335108218855	0.9764997395041832	0.2149656259847762	-0.11598677493994769	0.1390739773472317	-0.4754990601121012	0.2435255102322058	-0.8339933692293761	0.44296407208383154	0.7710550916536703	0.19726502008021576
psvid_418934_sp|Q9HCE6|ARGAL_HUMAN	Q9HCE6	ARGAL_HUMAN	0.1556561223316768	0.13455295315712815	-0.17109727184267043	0.48240951650602404	1.1568391378961769	0.28999604398788426	0.7646965632658975	0.23653684595679728	-0.1147628737192572	0.389920498154328	-1.1590026332809071	0.9294768858423927	-0.29432377693012385	0.7818592081352664	0.9665779766182299	0.6585964228334295	-0.19533992838116498	0.38966653979377647	-1.2026448954823665	0.8119650387200366	-0.5013002360545119	0.6378262835424117	0.8573879043294115	0.687388159275415
psvid_62708_sp|P47985|UCRI_HUMAN	P47985	UCRI_HUMAN	0.11414819146388488	0.09873015133976153	-0.125611778872411	0.3539081618001808	1.1561634405994683	0.29025238435007394	0.7646965632658975	0.14642548796097826	-0.18535519930904343	0.09296801565636835	-0.4343313336119541	0.06362093499386723	-1.9937523459052824	0.11040628908478188	0.693740667046139	0.11139483579160145	-0.267777533705412	0.09235712462598834	-0.5065247210625252	-0.02903034634829882	-2.8993706201856155	0.03456039085731952	0.48232346954803157	0.05943975691625179
psvid_50850_sp|P32754|HPPD_HUMAN	P32754	HPPD_HUMAN	-0.08438799593415958	0.07299874485229187	-0.26166086205326267	0.09288487018494351	-1.1560198206820282	0.290306894326443	0.7646965632658975	0.05650733904399134	0.004221383883121099	0.139938828835165	-0.37054652308219677	0.37898929084843896	0.030165922626760718	0.977252071525597	1.0	0.2110770683071554	-0.07542871849946309	0.12329792793497374	-0.39415922922772517	0.243301792228799	-0.6117598224298103	0.5679174917174091	0.8298398456720806	0.15927448502200806
psvid_68747_sp|P09525|ANXA4_HUMAN	P09525	ANXA4_HUMAN	-0.08865085516725646	0.07669385636151381	-0.27489706746093956	0.09759535712642667	-1.1559055623618746	0.29035026648118367	0.7646965632658975	0.0740081647357162	-0.20567971711404098	0.16034167585025771	-0.6350881576298186	0.22372872340173666	-1.2827589335296972	0.26288423488942114	0.7671354897129016	0.25011073957495006	-0.28728681032739267	0.18455121679557362	-0.7643597390452026	0.1897861183904173	-1.5566779526878909	0.1813517169426401	0.5801574353206355	0.2950854452685681
psvid_62824_sp|P22309|UD11_HUMAN	P22309	UD11_HUMAN	-0.15870674821160158	0.13734496842519028	-0.49224037607105076	0.1748268796478476	-1.1555337631319689	0.290491438362594	0.7646965632658975	0.2430730900774389	0.0	0.06648275985679548	-0.17804640047514889	0.17804640047514889	0.0	1.0	1.0	3.3232593448441795e-15	-0.03608190341642259	0.08834359496524044	-0.2644539418961932	0.19229013506334805	-0.4084269315802615	0.7001657961360129	0.8825301385299179	0.0340555156066098
psvid_44365_sp|O75880|SCO1_HUMAN	O75880	SCO1_HUMAN	-0.10204840591675524	0.08864798213867457	-0.31732446170642564	0.11322764987291517	-1.151164453547493	0.29215480802969523	0.7674977333624423	0.11678676042447327	0.05706185151629972	0.1676047177745528	-0.3917976237324871	0.5059213267650866	0.3404549243837774	0.7491306958353773	0.9598237040390771	0.2637311810899136	-0.02279760684733212	0.18563167485879617	-0.5026635666896636	0.45706835299499937	-0.12281097428374495	0.9071262280491772	0.9787414565793754	0.2972949303639738
psvid_59628_sp|O75352|MPU1_HUMAN	O75352	MPU1_HUMAN	-0.15443102915696905	0.1342858111027951	-0.4805356856341355	0.17167362732019742	-1.1500174730951498	0.29259278539644124	0.7674977333624423	0.23590911322837366	0.18602445400859624	0.15940010389466022	-0.2408623779301069	0.6129112859472994	1.1670284363900463	0.30243261687446155	0.7858402699700607	0.24833600485140872	0.10375937481971109	0.15680168519796997	-0.3015798068132425	0.5090985564526647	0.6617235949263536	0.5379413189260892	0.8165629924469568	0.236807759906406
psvid_85440_sp|O43760|SNG2_HUMAN	O43760	SNG2_HUMAN	0.11503730466080686	0.10011442582456015	-0.1280842893022012	0.3581588986238149	1.1490582272568537	0.2929595006615176	0.7674977333624423	0.1502567092565159	0.472984204546532	0.267732280450695	-0.2440252717136039	1.1899936808066678	1.7666312173874592	0.1453749036203274	0.7067636245123187	0.44455968504366455	0.3905606060552681	0.2306531795891645	-0.20568790324915243	0.9868091153596886	1.6932808242701356	0.15227040767165792	0.565950376190691	0.3869302268000309
psvid_8817_sp|P46781|RS9_HUMAN	P46781	RS9_HUMAN	0.08036563104890249	0.07034056458429677	-0.09045201127529529	0.25118327337310026	1.1425218367787138	0.29546865068084066	0.7704430536581376	0.040245089452397034	-0.20555088362553908	0.25905129570178564	-0.899311955480499	0.48821018822942086	-0.7934756051641791	0.4680408982965484	0.8337187464473949	0.429181044490579	-0.026550518655350297	0.16926511230122454	-0.46410820186879953	0.41100716455809894	-0.15685759631376925	0.8816041505183484	0.9687449624358292	0.26339454632823317
psvid_48242_sp|P05198|IF2A_HUMAN	P05198	IF2A_HUMAN	0.08190227763082536	0.07168636286367279	-0.09218355127227706	0.2559881065339278	1.1425084822141187	0.2954737955954344	0.7704430536581376	0.04908125526646638	-0.10950783987653123	0.1084256303500547	-0.39988076128742045	0.18086508153435799	-1.009981122756516	0.3646927046325924	0.7995936304778763	0.14681960452162354	-0.19027277900466766	0.0983980586680003	-0.44463604381526145	0.06409048580592613	-1.9337046033261387	0.11203499562457263	0.5319320213874119	0.08546350062996581
psvid_80339_sp|Q9UKV5|AMFR_HUMAN	Q9UKV5	AMFR_HUMAN	-0.09204338567375991	0.08056607330733209	-0.28769303356909803	0.10360626222157818	-1.1424583809942652	0.2954930980188833	0.7704430536581376	0.08939696722191905	-0.1484837654673825	0.0820259385839823	-0.36815610070033233	0.07118856976556734	-1.810205016006703	0.13785692332763985	0.7067636245123187	0.08235605219605009	-0.2322209683959917	0.10949483019443976	-0.5152698706320757	0.05082793384009232	-2.120839568257389	0.0884435573121525	0.5204027816531388	0.12187394757399005
psvid_55352_sp|P49748|ACADV_HUMAN	P49748	ACADV_HUMAN	-0.10522077873487845	0.09224170712818251	-0.32922396990506786	0.11878241243531096	-1.1407071921236207	0.2961684421581547	0.7709781668878948	0.12776373998973592	-0.15341088966944927	0.09677891348834967	-0.4125929276235374	0.10577114828463885	-1.5851685469471302	0.18153468800075498	0.7176098719675167	0.12055508199398497	-0.233906077326552	0.0933041580794508	-0.47510138738413776	0.007289232731033768	-2.506920185994017	0.05493044393568023	0.5036298607729148	0.06409730016589209
psvid_26541_sp|Q9HBR0|S38AA_HUMAN	Q9HBR0	S38AA_HUMAN	-0.17155363277709057	0.15170871070714517	-0.5399687064431843	0.19686144088900315	-1.1308093779021928	0.3000099231913333	0.7787396028355948	0.27609705073941315	-0.5025787833986843	0.2010772212135451	-1.0410804270087395	0.0359228602113707	-2.499431712679891	0.06109080564358708	0.6917486752637665	0.32529233240985983	-0.583355933431298	0.17810153748590019	-1.043756160386513	-0.12295570647608278	-3.275412114156963	0.02267130135742295	0.4789514222886797	0.28181780786203753
psvid_86725_sp|P36871|PGM1_HUMAN	P36871	PGM1_HUMAN	-0.07961194711700248	0.07051759440589497	-0.25085949524200224	0.09163560100799731	-1.1289657253303476	0.3007300622489761	0.7787396028355948	0.04150469505111127	0.06000196262903712	0.07755205909000323	-0.14768894852076175	0.267692873778836	0.7736991555491994	0.47852443761652724	0.8378321292677234	0.0684452734989235	-0.02189535270094911	0.11385680170522677	-0.316220141163998	0.27242943576209977	-0.19230605789925304	0.855204591796259	0.9614570829524488	0.13431833141637775
psvid_50160_sp|P08133|ANXA6_HUMAN	P08133	ANXA6_HUMAN	-0.08635294627340784	0.07653247949101277	-0.2722072649747157	0.09950137242790003	-1.1283176351753805	0.3009835524517191	0.7787396028355948	0.07331506419789763	0.25080310141752804	0.2164959656071056	-0.32899123138041764	0.8305974342154737	1.1584654740064886	0.3055657549178727	0.7858402699700607	0.35317608893420877	0.034638738922413426	0.10335455932703301	-0.23253729584252725	0.3018147736873541	0.33514475943736577	0.7513629585816141	0.9071058614035531	0.10284150723072753
psvid_95598_sp|P52565|GDIR1_HUMAN	P52565	GDIR1_HUMAN	-0.18669512397694898	0.16573777077685364	-0.5891788887218621	0.21578864076796406	-1.1264488661930414	0.3017154923162273	0.7787396028355948	0.30760365743802587	-0.5648890891510003	0.3128609042064218	-1.4027568004695468	0.2729786221675462	-1.8055598560128605	0.1386386737160712	0.7067636245123187	0.5240432859048756	-0.646240625180289	0.2766121473912639	-1.3612950667939079	0.06881381643332973	-2.3362698683879235	0.06765157272068521	0.512092475541875	0.47540081321207306
psvid_26587_sp|P53618|COPB_HUMAN	P53618	COPB_HUMAN	0.27702194104019107	0.24607906147646333	-0.32056560115796817	0.8746094832383503	1.125743650752209	0.3019920900366966	0.7787396028355948	0.4808812065325411	-0.2942438536730867	0.13426261693214267	-0.6538103896387014	0.06532268229252802	-2.1915545845631756	0.0872443297992418	0.6917486752637665	0.19995061960567603	-0.37437491486770424	0.13305422330517822	-0.7183258738082108	-0.03042395592719771	-2.8137018545365806	0.038163404519926974	0.48232346954803157	0.18317425979212643
psvid_70626_sp|Q14847|LASP1_HUMAN	Q14847	LASP1_HUMAN	-0.11084303693293851	0.09848722416445552	-0.35001307388460084	0.12832700001872382	-1.1254559956715915	0.3021049741582565	0.7787396028355948	0.14574835695780816	-0.08596726432874746	0.21767397667948366	-0.6689164094661412	0.49698188080864625	-0.3949358836556327	0.7112669954896472	0.9513860308426689	0.35529730490673395	-0.16951797627815934	0.24042703641951396	-0.7910323309337292	0.45199637837741047	-0.7050703564900767	0.512805064261286	0.8019169954051512	0.4059335580182296
psvid_40529_sp|O76024|WFS1_HUMAN	O76024	WFS1_HUMAN	0.08876981299138631	0.07894777571866862	-0.10294990087075037	0.280489526853523	1.1244118302676271	0.30251503087857257	0.7787396028355948	0.08322161113357522	-0.1759528346834731	0.17219576095760022	-0.6371075081900983	0.28520183882315214	-1.021818619140096	0.35963768454969586	0.7995936304778763	0.2722829979866659	-0.26016049612433656	0.20390663715568477	-0.7872680289921206	0.26694703674344744	-1.275880470363019	0.259035511159892	0.6541369364189723	0.3341854109691318
psvid_29481_sp|Q14498|RBM39_HUMAN	Q14498	RBM39_HUMAN	0.24708500044887938	0.21996177258763086	-0.28707834636137	0.7812483472591287	1.1233088256298847	0.30294869915189604	0.7787396028355948	0.4254223190120864	-0.7481530471527651	0.4605489607186925	-1.9815417463457705	0.48523565204024033	-1.6244810236576428	0.17298920547176527	0.7176098719675167	0.7811827142035427	-0.8304820237218404	0.4387016181172253	-1.9645448027294656	0.30358075528578476	-1.8930452713760624	0.11798101984487175	0.5319320213874119	0.7780904522104912
psvid_57427_sp|Q9BZQ6|EDEM3_HUMAN	Q9BZQ6	EDEM3_HUMAN	0.11627643961625811	0.10389566748036073	-0.13602766217163165	0.36858054140414787	1.119165432362593	0.3045823936623419	0.7796010237799392	0.16050728256609584	-0.2751652738003654	0.42678096984509856	-1.4181204645278442	0.8677899169271135	-0.6447458842886961	0.5511288266508648	0.8747425801892469	0.722637171386985	-0.35548922830465823	0.42559723408436473	-1.4556766041686415	0.7446981475593251	-0.8352714722628831	0.44230903785043313	0.7710550916536703	0.7538972842813431
psvid_97340_sp|Q9NQE9|HINT3_HUMAN	Q9NQE9	HINT3_HUMAN	0.08466129480933926	0.07566001925164982	-0.09907430900831163	0.2683968986269901	1.118970040540839	0.3046596155078663	0.7796010237799392	0.06947504382431749	-0.046932935569932166	0.24141350462200276	-0.6934585253111476	0.5995926541712833	-0.19440890700550575	0.8544927230022514	0.9786089844439192	0.39781846410721605	-0.1286432932074394	0.22895344820791452	-0.7204979229039854	0.4632113364891066	-0.5618753253745161	0.5988856993287589	0.8401818194175916	0.38361252524454065
psvid_68276_sp|P14866|HNRPL_HUMAN	P14866	HNRPL_HUMAN	0.07879574268910705	0.07047522362376434	-0.09234891065320566	0.24994039603141976	1.1180630388597592	0.30501829013805243	0.7796010237799392	0.041206436937811494	0.07594710758726064	0.18049720739889968	-0.4074395349410226	0.5593337501155439	0.4207661086934003	0.6936422250874857	0.9414690406320979	0.28764740590854526	-0.005680019125020808	0.15509896484096844	-0.4066175945176755	0.39525755626763387	-0.03662190222123562	0.9722290141392587	1.0	0.2331094290794071
psvid_43288_sp|O00442|RTCA_HUMAN	O00442	RTCA_HUMAN	0.1960717671996317	0.17543357419860253	-0.22995764706814253	0.622101181467406	1.1176410678247104	0.3051852788211713	0.7796010237799392	0.3290592044534382	0.8308220803774589	0.40016748280301917	-0.24085996251228137	1.902504123267199	2.076185887363636	0.1000325448911	0.6917486752637665	0.6764155200633037	0.75	0.38407047300611397	-0.24283889086477184	1.7428388908647718	1.9527666215258908	0.10935539457863579	0.5319320213874119	0.67700320038633
psvid_28209_sp|Q9Y3Z3|SAMH1_HUMAN	Q9Y3Z3	SAMH1_HUMAN	0.11776943766866843	0.1058029086639002	-0.13916627952124722	0.3747051548585841	1.1131020796675999	0.3069863323470554	0.782728664044805	0.16557217718832803	-0.27724531442828315	0.2936717495972031	-1.063722862136116	0.5092322332795497	-0.9440653205783319	0.39395592267096086	0.8101536433552932	0.49032916092100376	-0.35721082470096877	0.3095961297129181	-1.157530296370707	0.4431086469687696	-1.1537961570521011	0.3016499696974837	0.6739863083159037	0.5378471242003985
psvid_79320_sp|Q8NHH9|ATLA2_HUMAN	Q8NHH9	ATLA2_HUMAN	0.12472292747774727	0.11260633852816342	-0.14873449174853393	0.39818034670402846	1.1076013047573998	0.3091808538827534	0.782728664044805	0.18316723360898574	-0.1922274386646463	0.09159152325248701	-0.437517210994613	0.05306233366532037	-2.098747043814742	0.09738007630818028	0.6917486752637665	0.10799233372049938	-0.2741127278702169	0.09146111603678235	-0.5105436940220138	-0.037681761718419915	-2.997041144347929	0.030908923731142963	0.48232346954803157	0.05471846262689924
psvid_32869_sp|P13796|PLSL_HUMAN	P13796	PLSL_HUMAN	-0.13603187711440512	0.12284979155061253	-0.4343648785156986	0.16230112428688837	-1.1073024658602024	0.3093004469858584	0.782728664044805	0.20859051178544513	0.05330938529127316	0.07631120299971511	-0.15105840929628683	0.25767717987883315	0.6985787564045108	0.5199321405209599	0.8667313206910913	0.0642165458932468	-0.026939045088971048	0.11258068141192791	-0.31796500704580033	0.26408691686785823	-0.23928656987251865	0.8205527703525201	0.951671010291804	0.13075096275346415
psvid_54014_sp|Q9UJM8|HAOX1_HUMAN	Q9UJM8	HAOX1_HUMAN	-0.0922676234570261	0.08344538667628519	-0.2949095029914448	0.11037425607739257	-1.1057246797233449	0.309932501536522	0.782728664044805	0.09970914342163407	0.019653782460184566	0.12462770904173653	-0.31410966301262355	0.3534172279329927	0.15769994178102653	0.8816584501563318	0.9836189511948192	0.1806957302409435	-0.06170274348241622	0.12365031545734713	-0.3813441912950353	0.25793870433020283	-0.4990099964904694	0.6393262198665813	0.8573879043294115	0.16016594952758825
psvid_44689_sp|Q6UXH1|CREL2_HUMAN	Q6UXH1	CREL2_HUMAN	-0.13132748223528967	0.11880787915087519	-0.4198449532852927	0.15718998881471336	-1.1053768754555051	0.31007197444632323	0.782728664044805	0.19868698626528905	-0.005363469783388641	0.11768862879895335	-0.32054347704609537	0.3098165374793181	-0.045573390038820306	0.9656415952177684	1.0	0.16646410699878472	-0.0871251242207629	0.1135300751860826	-0.38060531040979617	0.20635506196827036	-0.7674188894701215	0.4781008083482909	0.7872342627421657	0.13341025474492732
psvid_43837_sp|Q9HCG7|GBA2_HUMAN	Q9HCG7	GBA2_HUMAN	-0.1895281880600299	0.1717573367349709	-0.6066300905872795	0.22757371446721963	-1.1034648747056448	0.31083963480206783	0.782728664044805	0.3209506257105502	-0.47187055308957904	0.3065797663161736	-1.2929168509370892	0.34917574475793123	-1.539144473751546	0.1920821718696207	0.7176098719675167	0.5130194607152758	-0.5516127193668564	0.32696076202840096	-1.396820521434501	0.29359508270078827	-1.687091490565285	0.15348130951747563	0.565950376190691	0.5704834297942442
psvid_65419_sp|Q9HD89|RETN_HUMAN	Q9HD89	RETN_HUMAN	-0.10173192181464774	0.09222672022603444	-0.3256987182344423	0.12223487460514684	-1.1030634241933077	0.31100101536362273	0.782728664044805	0.12771905465473177	-0.06462718184044958	0.14753280350905632	-0.459732389166014	0.33047802548511485	-0.438052963837852	0.6819716458616967	0.9374966464486023	0.225761020069067	-0.14624062518028902	0.14325107920346222	-0.5165509004752163	0.2240696501146383	-1.0208692736798213	0.35496614396571396	0.6990333245481015	0.20681547549988508
psvid_37411_sp|PRDX1_HUMAN|		PRDX1_HUMAN	-0.08666643113418981	0.07863252757532935	-0.2776205846840012	0.10428772241562154	-1.1021702316660755	0.3113603220528143	0.782728664044805	0.0819798635919165	-0.08669075139264937	0.08394194546511316	-0.3114943135663246	0.13811281078102589	-1.0327465120364483	0.35502461885301034	0.7995936304778763	0.08784584596618894	-0.1673650807963043	0.11639438459495424	-0.46824963148735016	0.13351946989474156	-1.4379137050187185	0.2110202294137964	0.6186927031367531	0.14125658096927007
psvid_62779_sp|Q9NZ43|USE1_HUMAN	Q9NZ43	USE1_HUMAN	0.1061254634450135	0.09633128962747627	-0.12780902191862076	0.34005994880864776	1.1016717813642107	0.31156098422560446	0.782728664044805	0.13967156637844952	0.026137743851669892	0.15009554240958428	-0.3758306929423987	0.42810618064573847	0.17414070685953215	0.8694654410838841	0.9814843470253816	0.23067124763519087	-0.05281518902743576	0.15378978315576772	-0.4503684727766803	0.3447380947218088	-0.3434245626963483	0.7454982785085317	0.9067810180260121	0.2302534947986055
psvid_46674_sp|O95169|NDUB8_HUMAN	O95169	NDUB8_HUMAN	-0.1421374489358902	0.1290868371338207	-0.45561672372706224	0.17134182585528185	-1.1010994776217216	0.31179150973661107	0.782728664044805	0.2236040713543119	-0.018101277687395445	0.11007384979714822	-0.3128882688568244	0.2766857134820335	-0.16444666667654256	0.8766499659293507	0.9814843470253816	0.15038014810408223	-0.09898216908278501	0.14740229490874115	-0.48002351767348206	0.28205917950791204	-0.6715103665385012	0.5321946971240059	0.8138211960662557	0.21615044227549463
psvid_62407_sp|P18428|LBP_HUMAN	P18428	LBP_HUMAN	0.1700185728926069	0.15445513947441672	-0.20506603050514627	0.5451031762903601	1.1007634544965599	0.311926926532184	0.782728664044805	0.28231518483856843	0.2804222248859345	0.2665791158972775	-0.4334989800940413	0.9943434298659103	1.0519287077011361	0.34705063668975444	0.7995936304778763	0.44251877908588194	0.20090069679912448	0.2818429263816638	-0.5276755361944443	0.9294769297926933	0.7128108531170669	0.5084029281441643	0.8017123097657975	0.4853505384580432
psvid_86668_sp|P27338|AOFB_HUMAN	P27338	AOFB_HUMAN	-0.09068163757532677	0.08241967360793039	-0.2908326373581689	0.10946936220751535	-1.1002426193374468	0.3121369184666478	0.782728664044805	0.09612163769715092	0.0	0.06648275985679548	-0.17804640047514889	0.17804640047514889	0.0	1.0	1.0	4.351167857633658e-15	0.04354192344745478	0.10621133636030561	-0.23101900430069933	0.3181028511956089	0.4099555183049906	0.6991157183099704	0.8825301385299179	0.11196209594854131
psvid_72022_sp|P01042|KNG1_HUMAN	P01042	KNG1_HUMAN	-0.08174596426557024	0.07442841645344811	-0.26249069805662956	0.09899876952548908	-1.0983165860676205	0.31291447859876187	0.782935912377471	0.06374523241926756	-0.1648006877709456	0.1769982054510285	-0.6388167099547077	0.30921533441281657	-0.931086772043812	0.39994266853971244	0.8101536433552932	0.28118597219435	-0.24540634844397025	0.1494961232784347	-0.6318603345122551	0.14104763762431455	-1.6415566040258043	0.16269166983051356	0.5735005224757174	0.22080606981047057
psvid_53378_sp|Q01518|CAP1_HUMAN	Q01518	CAP1_HUMAN	0.11116234490189836	0.10127084436850554	-0.13476753884928738	0.3570922286530841	1.097673724309037	0.3131743649509884	0.782935912377471	0.15342349748652895	-0.5606097198101061	0.15156558538865425	-0.9665150548546528	-0.15470438476555942	-3.6987929573362877	0.017562065133859127	0.6359527445485537	0.23347855856667807	-0.6390732894724718	0.18109749483423082	-1.1072181965836838	-0.17092838236125973	-3.528890833401385	0.017281259136816475	0.4566206351594144	0.2879980252610081
psvid_106346_sp|O14521|DHSD_HUMAN	O14521	DHSD_HUMAN	-0.07517538514078481	0.06862218295148881	-0.24182004561781967	0.09146927533625004	-1.095496848212023	0.31405572420372896	0.7839442735070251	0.025171220692655205	-0.35693450927192805	0.30481247821451446	-1.1732478615290214	0.4593788429851653	-1.170997038450415	0.3009904437394363	0.7858402699700607	0.5099157699048327	-0.43872187554086706	0.3124940151136763	-1.246532507113169	0.3690887560314349	-1.4039368894193789	0.22033410089796457	0.6220646523628878	0.543303644152305
psvid_62514_sp|Q8TD22|SFXN5_HUMAN	Q8TD22	SFXN5_HUMAN	-0.14409838002597208	0.1318172798170501	-0.4642083633479473	0.17601160329600313	-1.0931676046263963	0.31500104033936666	0.7851089759218258	0.23008810802968568	-0.05402881215255917	0.1877834534790254	-0.5569286320870891	0.44887100778197075	-0.2877187055173312	0.7865910824544065	0.9665779766182299	0.30104098313130645	-0.13813525575719465	0.21149897286714725	-0.6848693069247112	0.40859879541032185	-0.6531249484788945	0.5430243650413323	0.8166555724192858	0.34928603401038133
psvid_66290_sp|P51689|ARSD_HUMAN	P51689	ARSD_HUMAN	-0.08092908101667451	0.07418613316015892	-0.26108544505012965	0.09922728301678066	-1.0908922944124664	0.3159267332966372	0.7862213089627997	0.06256809167297203	-0.2584112491342112	0.1277205965614003	-0.6004577064906537	0.08363520822223125	-2.0232543230408635	0.10656657357907459	0.6917486752637665	0.18693384534377908	-0.3393792129146058	0.13781387626494795	-0.6956340819383116	0.016875656109099912	-2.4625910112429272	0.05796315589959711	0.5036298607729148	0.19434948683098538
psvid_79108_sp|P04844|RPN2_HUMAN	P04844	RPN2_HUMAN	-0.10077992587919038	0.0926055297979094	-0.3256666375476033	0.12410678578922255	-1.088271144273131	0.31699590692125296	0.7876867990164468	0.12884597699826567	0.053388685809981684	0.10775305431892881	-0.2351830206446427	0.34196039226460606	0.4954725984097044	0.6439643609466159	0.9190364020538448	0.1453574019998067	-0.027527536103079786	0.1307737296043397	-0.3655833195596626	0.31052824735350304	-0.21049744613360244	0.8417376968736078	0.9546679272978678	0.17771870720237007
psvid_61314_sp|O14548|CO72L_HUMAN	O14548	CO72L_HUMAN	0.08174547521264053	0.07553244619193095	-0.10168032544357644	0.26517127586885747	1.082256425337027	0.31946058762741253	0.7911668616552248	0.06889943707803459	0.2923329025270265	0.24879390552253347	-0.37395801911727977	0.9586238241713327	1.1750002553842689	0.2995420316885919	0.7858402699700607	0.4109624843775268	0.2119992266387375	0.2245033189677382	-0.36835162526296816	0.7923500785404431	0.9443033074678171	0.38913678017644876	0.7291010970187966	0.3749067110707172
psvid_30325_sp|Q86VD7|S2542_HUMAN	Q86VD7	S2542_HUMAN	-0.1213850406625987	0.11227568898417539	-0.39403949824258944	0.15126941691739204	-1.0811337856025736	0.3199223569175935	0.7911668616552248	0.1823271263139057	0.015619072100136133	0.4343433831171303	-1.1475888949093598	1.178827039109632	0.03596019349493372	0.9728847728768589	1.0	0.7357576738026151	-0.06575860145844836	0.4030917384405268	-1.1077682914448863	0.9762510885279896	-0.16313557234602205	0.8769148045544194	0.9687449624358292	0.7122713792408093
psvid_91468_sp|P0DPI2|GAL3A_HUMAN	P0DPI2	GAL3A_HUMAN	-0.19966214411898786	0.18494708310862298	-0.6487945171395659	0.2494702289015902	-1.079563628487844	0.3205691202541087	0.7911668616552248	0.34991103667134743	0.581357409896397	0.20251158562732594	0.039014418222672154	1.1237004015701217	2.870736546235167	0.04051410808020847	0.6392260310717692	0.32789644172058613	0.5	0.18344188980576306	0.02579472983857256	0.9742052701614274	2.7256587932528586	0.04230770183893727	0.49208958167274586	0.29281315232800614
psvid_28411_sp|O43826|G6PT1_HUMAN	O43826	G6PT1_HUMAN	0.09264035773659884	0.08581979242574495	-0.11576761700107444	0.3010483324742721	1.0794754347227693	0.3206054799508013	0.7911668616552248	0.107710532129496	0.11939730838896079	0.07921172189357956	-0.09273831878670347	0.33153293556462504	1.5073186838353332	0.1997327233884557	0.7245364361573173	0.07381892236446251	0.03984565595266165	0.10815951424327082	-0.23975139642489002	0.3194427083302133	0.3683971422342132	0.727929979672701	0.8969234911068592	0.11790748549772351
psvid_63539_sp|Q68CK6|ACS2B_HUMAN	Q68CK6	ACS2B_HUMAN	-0.11561716159832702	0.10715381988627713	-0.3758334818280318	0.14459915863137773	-1.0789831078447047	0.320808514024832	0.7911668616552248	0.16912164497552704	-0.007773862580621849	0.09109697507331135	-0.2517391934560907	0.236191468294847	-0.08533612202123882	0.9357322717821168	1.0	0.10675613283755603	-0.09186258219833943	0.12046756436478104	-0.40327647989519716	0.2195513154985183	-0.7625503402739638	0.48074843192416955	0.7877497068248037	0.15202164306826418
psvid_29039_sp|P14384|CBPM_HUMAN	P14384	CBPM_HUMAN	-0.15425080927237556	0.14371044719760248	-0.503242602453559	0.19474098390880784	-1.073344438628599	0.3231414108465495	0.7957235942767886	0.2578222999966524	0.5008974354224058	0.4063244780287925	-0.5872735564828824	1.589068427327694	1.2327523014424737	0.279344917650031	0.7858402699700607	0.6871159933584421	0.41951797627815945	0.41614471732338326	-0.6562342323015528	1.4952701848578718	1.008105975672292	0.360483215870147	0.704639420771205	0.7364264643689741
psvid_24178_sp|Q92614|MY18A_HUMAN	Q92614	MY18A_HUMAN	0.3127994663031366	0.29241224808172306	-0.3973053089319103	1.0229042415381835	1.0697208080549203	0.32464793975490663	0.797858140797797	0.5781666868881262	-0.16768021906013963	0.26939779332966796	-0.8891500783381419	0.5537896402178626	-0.6224261044890805	0.5644284150261275	0.8841094562013841	0.44750634330294836	-0.2483934327101417	0.2918324886009102	-1.0027931188745647	0.5060062534542813	-0.8511507197193088	0.43423227084274973	0.770715285911374	0.5043000614881159
psvid_4553_sp|P62195|PRS8_HUMAN	P62195	PRS8_HUMAN	-0.0798581064639059	0.0748004313416005	-0.2615062550410029	0.10179004211319109	-1.067615587658952	0.3255258213484478	0.797858140797797	0.06551872114153799	0.26263172760126174	0.13693978999061593	-0.10410450209453115	0.6293679572970546	1.9178627893270401	0.12097921754938121	0.7048513307479977	0.2052160704114806	0.1842413985415513	0.16791754834239378	-0.2498327731804182	0.6183155702635208	1.0972134857869187	0.3234334649889128	0.6810157109210588	0.2605566845680488
psvid_36362_sp|Q9UP52|TFR2_HUMAN	Q9UP52	TFR2_HUMAN	0.08586939145511074	0.0806242297501807	-0.10992148570831853	0.28166026861854	1.065056890728538	0.32659541245789075	0.797858140797797	0.08961321505845195	-0.11373588319308503	0.10173936046464288	-0.3862024137100457	0.15873064732387565	-1.1179142730370442	0.3208046801536042	0.7989546524742849	0.13201139582389818	-0.19330072371215024	0.09688726083787844	-0.44375851036859487	0.0571570629442944	-1.9951098012317694	0.1036395222125184	0.5319320213874119	0.07961488310124268
psvid_92461_sp|Q9UBX3|DIC_HUMAN	Q9UBX3	DIC_HUMAN	-0.08139328397324164	0.07660110851769733	-0.2674142639546024	0.10462769600811911	-1.0625601319390459	0.32764187405353784	0.797858140797797	0.07361043928974303	-0.07386160032160838	0.09163016087484552	-0.3192548474411095	0.17153164679789273	-0.8060839314960212	0.46144858940717	0.8337187464473949	0.10808859909966737	-0.15605454237546046	0.11249196689370342	-0.4468511734410389	0.134742088690118	-1.3872505449470935	0.2250500955395275	0.6245667201490522	0.1305008559085302
psvid_13150_sp|P32969|RL9_HUMAN	P32969	RL9_HUMAN	0.16255113561507262	0.1529865547753872	-0.20896710209704572	0.534069373327191	1.06251909426765	0.32765909689617917	0.797858140797797	0.2789935435709801	-0.026174317519213286	0.06990189227505242	-0.21337744104752396	0.16102880600909739	-0.37444361901136614	0.725402483841757	0.9547442772746325	0.037016074821532394	-0.09604892207247229	0.13603537923100756	-0.44770629884752094	0.25560845470257637	-0.7060583990387344	0.5122416816348921	0.8019169954051512	0.1902049658156825
psvid_49466_sp|P02747|C1QC_HUMAN	P02747	C1QC_HUMAN	0.07536285462336245	0.07093487243469847	-0.09689802698133212	0.24762373622805703	1.0624232064805688	0.3276993423153794	0.797858140797797	0.04434389283389038	-0.3187623867169824	0.31486082555771083	-1.161986054957254	0.5244612815232893	-1.0123913832480138	0.36365853819963734	0.7995936304778763	0.5275510562048319	-0.40192064430530994	0.3312823224101515	-1.2582998680723103	0.45445857946169044	-1.2132269581463	0.2801748335040744	0.6643263115070572	0.5785846161659343
psvid_26499_sp|Q02878|RL6_HUMAN	Q02878	RL6_HUMAN	0.08341161260899188	0.07853199236605607	-0.1072983975006847	0.27412162271866847	1.0621354443701205	0.3278201442028596	0.797858140797797	0.0815809432232884	0.05861624422639222	0.08221079659957303	-0.16155115625874938	0.27878364471153383	0.7129993462038373	0.5117896931216634	0.8623149979278187	0.08289588756033625	-0.031465529328635	0.0915703520909139	-0.2681788754352813	0.20524781677801127	-0.34362136444987174	0.745359118137758	0.9067810180260121	0.05531308606299582
psvid_35795_sp|O00763|ACACB_HUMAN	O00763	ACACB_HUMAN	0.08824913693483438	0.08335868281700813	-0.11418218772403496	0.29068046159370375	1.058667603092553	0.3292787905295392	0.797858140797797	0.09940920884101184	-0.18005399091145025	0.15065145722876677	-0.5835112141629317	0.2234032323400313	-1.195169261708735	0.2923409044862444	0.7858402699700607	0.23173364367438176	-0.2601604961243369	0.16713152174791507	-0.6922027548847494	0.17188176263607557	-1.5566213566626748	0.18136483788226998	0.5801574353206355	0.2588976104194291
psvid_85946_sp|Q9BQA9|CYBC1_HUMAN	Q9BQA9	CYBC1_HUMAN	-0.5507606579309794	0.5203753927897338	-1.8144596095273222	0.7129382936653634	-1.058391049158474	0.3293953419473	0.797858140797797	1.0485253515017874	-0.4231198476060256	0.14833000440499117	-0.820360025716234	-0.02587966949581716	-2.852557372349057	0.04131582883756558	0.6392260310717692	0.2272907319724476	-0.5	0.1834418898057631	-0.9742052701614276	-0.02579472983857245	-2.725658793252858	0.0423077018389373	0.49208958167274586	0.2928131523280062
psvid_29152_sp|Q8IZ83|A16A1_HUMAN	Q8IZ83	A16A1_HUMAN	0.32236664566860807	0.30470544937790556	-0.4175913966597692	1.0623246879969854	1.0579615373691547	0.3295764227503699	0.797858140797797	0.6038120025415248	0.1528126073240843	0.17244347679320043	-0.30900546994261824	0.6146306845907868	0.8861605562925522	0.42124382032622465	0.8185306461315266	0.2727432549599141	0.07316322097979833	0.16408652751729103	-0.3510075951493701	0.49733403710896673	0.44588195074143777	0.6746606049600357	0.8691621305062517	0.2524431862017441
psvid_29254_sp|Q8WXH0|SYNE2_HUMAN	Q8WXH0	SYNE2_HUMAN	0.34232471093927064	0.32406376388744335	-0.44464378209321953	1.129293203971761	1.0563498579192268	0.330256623648289	0.797858140797797	0.6440902891072997	-0.3684422210337024	0.27853154337429037	-1.1143730281091135	0.37748858604170876	-1.32280249687408	0.250365692642802	0.7479048013373321	0.4636455506610414	-0.4480267870896666	0.28521068357883705	-1.185308819032508	0.289255244853175	-1.5708625689185463	0.17809245749545677	0.5801574353206355	0.49174633660423706
psvid_25441_sp|Q9Y617|SERC_HUMAN	Q9Y617	SERC_HUMAN	-0.1099917156882464	0.10413085940901301	-0.3628669663001965	0.1428835349237037	-1.0562835677386726	0.33028462549083265	0.797858140797797	0.16113542795751992	-0.24588207102652282	0.19357202780498128	-0.7642841779425094	0.2725200358894637	-1.2702355490858552	0.2669191148769612	0.7748608899285665	0.31162803391323923	-0.3249754471393408	0.1742540725567501	-0.7754298097769997	0.12547891549831813	-1.8649518049772098	0.12227949516039895	0.5319320213874119	0.2738338035511981
psvid_64569_sp|P36956|SRBP1_HUMAN	P36956	SRBP1_HUMAN	-0.19033589124103578	0.18030487400239975	-0.6281949510690439	0.24752316858697232	-1.0556336443711585	0.33055926386728746	0.797858140797797	0.3397586328666146	-1.2493739930092587	0.2487403679063616	-1.9155215364323546	-0.5832264495861628	-5.0228035100421895	0.005690992278246072	0.5727769937574851	0.4108672487405336	-1.3304820237218404	0.2609187207898975	-2.004968274454198	-0.655995772989483	-5.099220246419955	0.003975231289584677	0.39647783251920843	0.4454221310250297
psvid_38362_sp|Q00796|DHSO_HUMAN	Q00796	DHSO_HUMAN	-0.08663049193700534	0.08214129948383965	-0.2861054776468547	0.112844493772844	-1.054652074916941	0.33097439778834564	0.797858140797797	0.09513254378120357	-0.006161718369380509	0.12629895191178822	-0.3444008922561926	0.33207745551743156	-0.04878677357262693	0.9632212601277412	1.0	0.1840737885552474	-0.0874781859962579	0.11521176066784408	-0.38530560235747074	0.21034923036495495	-0.7592817390271278	0.4825319165295424	0.7877497068248037	0.1380474531743469
psvid_84564_sp|P51159|RB27A_HUMAN	P51159	RB27A_HUMAN	-0.09929381672526194	0.09430923080677382	-0.3283178592678224	0.1297302258172985	-1.0528536377176145	0.33173610711468554	0.797858140797797	0.13385177569776063	-0.06719855303534983	0.22150764725772007	-0.660414589146174	0.5260174830754744	-0.30336899816901375	0.7753971886750669	0.9665779766182299	0.3621924365737763	-0.14875404134626957	0.24253043423096513	-0.7757057709029173	0.4781976882103781	-0.6133417515948082	0.5669522290923046	0.8298398456720806	0.4100077255116346
psvid_75431_sp|Q96EE3|SEH1_HUMAN	Q96EE3	SEH1_HUMAN	0.11746370522182836	0.11166473757551507	-0.1537070952419768	0.3886345056856335	1.0519319506965361	0.33212702918170356	0.797858140797797	0.1807711328652701	-0.39548432983773907	0.22703558866973578	-1.003504656152023	0.21253599647654464	-1.7419486176373977	0.14982169784051885	0.7067636245123187	0.3721142164582067	-0.47672264890212945	0.2567959991867201	-1.140551484832965	0.18710618702870607	-1.856425530039109	0.12361578316202408	0.5321110258972642	0.43751144825731547
psvid_52250_sp|Q93088|BHMT1_HUMAN	Q93088	BHMT1_HUMAN	0.11639961674118648	0.11070828424224449	-0.15244849688682277	0.38524773036919574	1.0514083705469466	0.3323492655953799	0.797858140797797	0.17832529560796545	-0.16633940827273186	0.1676142386361777	-0.6152243811865583	0.28254556464109454	-0.9923942597370086	0.3723148292297211	0.801546448152564	0.26374895970867307	-0.24698614035192046	0.1441718223996233	-0.6196765768878119	0.1257042961839709	-1.7131373956508007	0.14845010503164288	0.5622590583184627	0.20889868310388834
psvid_26304_sp|Q6DD88|ATLA3_HUMAN	Q6DD88	ATLA3_HUMAN	-0.0785386370135086	0.07484460640575945	-0.2602940619588541	0.10321678793183689	-1.049356002859077	0.33322156728832325	0.797858140797797	0.0657267138267753	-0.04672331395350371	0.07399485468837166	-0.24488773371171332	0.1514411058047059	-0.6314400393146026	0.5590318749962684	0.8798582293607294	0.05568442591678616	-0.12790558568637156	0.10283426076951283	-0.39373662603212745	0.13792545465938433	-1.2438032298695885	0.26966996782862557	0.6640521730314504	0.10112028719940225
psvid_59047_sp|P28845|DHI1_HUMAN	P28845	DHI1_HUMAN	-0.12778913548012927	0.12185728884734881	-0.42371190641520684	0.1681336354549483	-1.048678636205433	0.3335098700880453	0.797858140797797	0.2061724296569535	-0.3068066822128439	0.16084160892097255	-0.7375539853737794	0.12394062094809155	-1.9075081645296736	0.12250334414167122	0.7048513307479977	0.25105216341770303	-0.2754751725128173	0.1267715955889896	-0.6031852653314502	0.05223492030581561	-2.173003907010404	0.08284826280546242	0.5204027816531388	0.16796120550422572
psvid_38112_sp|Q06278|AOXA_HUMAN	Q06278	AOXA_HUMAN	-0.07271039153355918	0.06938629727483893	-0.24121065564346503	0.09578987257634666	-1.0479070708378273	0.3338385121939201	0.797858140797797	0.03269646738345305	-0.018373303295150745	0.09055457791259744	-0.26088604913502433	0.22413944254472284	-0.20289756430519185	0.8482427695765306	0.9778892202407429	0.10539149423676171	-0.10034297034116779	0.11447666589634121	-0.3962701347202196	0.19558419403788402	-0.8765364500747121	0.42155629170581	0.7610528612169112	0.13603152899318785
psvid_74899_sp|P05546|HEP2_HUMAN	P05546	HEP2_HUMAN	-0.12752912656429416	0.1218509660466637	-0.423436542975104	0.1683782898465157	-1.046599224461265	0.3343961779574223	0.797858140797797	0.20615699744568555	-1.0740106273858872	0.566121178346703	-2.590130569676121	0.4421093149043469	-1.8971391081365683	0.124050004227086	0.7048513307479977	0.9637036679208199	-1.153382913229482	0.5119506620606851	-2.4767976592772074	0.17003183281824374	-2.252918100714876	0.0749967274967793	0.5124776378946586	0.9128509416735779
psvid_88748_sp|Q13501|SQSTM_HUMAN	Q13501	SQSTM_HUMAN	-0.1407256890907913	0.13455484727900957	-0.4674836830211396	0.18603230483955696	-1.0458611632101669	0.33471122004200266	0.797858140797797	0.23654129528134002	0.28064424075018746	0.21360168833991836	-0.2913989750587864	0.8526874565591613	1.313867146516089	0.2531091049239771	0.7500761027641372	0.34795928353342975	0.20183873051440104	0.24134504596119127	-0.42204871876629935	0.8257261797951014	0.8363077423468518	0.4417784849332592	0.7710550916536703	0.40771233241865174
psvid_26970_sp|ANT3_HUMAN|		ANT3_HUMAN	0.07093051732205602	0.06806367010968127	-0.09435782980422347	0.2362188644483355	1.0421200797393817	0.3363117997081234	0.7982422032867585	0.017842208940597144	0.14712998919686227	0.09133174838918355	-0.09746408428659545	0.39172406268032	1.6109402457720488	0.17588558050922637	0.7176098719675167	0.10734392592472303	0.06648399067625754	0.10004279571761766	-0.1921309910011007	0.3250989723536158	0.6645555054650439	0.536274217148151	0.8150970492335197	0.09149900791294939
psvid_40982_sp|P68371|TBB4B_HUMAN	P68371	TBB4B_HUMAN	-0.08701446754243669	0.08354676748727764	-0.2899025440076447	0.11587360892277135	-1.0415060948430723	0.3365750760806799	0.7982422032867585	0.1000591031973644	0.0	0.06648275985679548	-0.17804640047514889	0.17804640047514889	0.0	1.0	1.0	6.32210032593583e-15	0.023959283176844925	0.09870945678182655	-0.23120895931278984	0.2791275256664797	0.24272530675354786	0.8180335114355921	0.949451492395167	0.08663063423169308
psvid_882441_sp|P01019|ANGT_HUMAN	P01019	ANGT_HUMAN	-0.10722597779901033	0.10298893554354814	-0.35732813803892227	0.1428761824409016	-1.04114075199535	0.33673181387160356	0.7982422032867585	0.15807576630621947	0.09369411642368064	0.06759828326428377	-0.08733974918945109	0.27472798203681237	1.3860428386527512	0.23174654855480648	0.7365587977323307	0.020963929361724403	0.013544935147246973	0.09377169426385192	-0.2288589762983256	0.2559488465928196	0.14444588266833114	0.8908911847350166	0.9725627241670376	0.06629241430497398
psvid_30088_sp|P32119|PRDX2_HUMAN	P32119	PRDX2_HUMAN	-0.07432958176380655	0.07146892090442926	-0.2478873665285111	0.09922820300089799	-1.0400266412753407	0.3372101487480999	0.7982422032867585	0.04775382790852578	-0.2784830485337464	0.1265363393069554	-0.6173579657518933	0.06039186868440044	-2.2008148019692144	0.08629785601006304	0.6917486752637665	0.18455220786111562	-0.35823985181902696	0.16158665507354425	-0.7759483888645506	0.059468685226496676	-2.217013847189165	0.07842101059431945	0.5170253689101321	0.24711001429833027
psvid_52443_sp|P08697|A2AP_HUMAN	P08697	A2AP_HUMAN	-0.07567850405857346	0.07287773741732875	-0.2526575112235118	0.1013005031063649	-1.038431031759484	0.3378961665152761	0.7982422032867585	0.05585862197392405	-0.2211714016310955	0.12353968733423473	-0.5520210338224334	0.10967823056024245	-1.7902862343557635	0.14124195858067642	0.7067636245123187	0.17848687990741754	-0.30214665545285413	0.12369357974440495	-0.621899943330762	0.01760663242505378	-2.442702815111317	0.059382773409062055	0.5036298607729148	0.1602752318469523
psvid_75352_sp|P00480|OTC_HUMAN	P00480	OTC_HUMAN	-0.11042299823112067	0.10643267659999464	-0.3688880672920482	0.14804207082980686	-1.037491508797837	0.33830063220959916	0.7982422032867585	0.16723063534982277	0.06170636092132176	0.14527721299203805	-0.32735818603806605	0.45077090788070956	0.4247490686973984	0.6909442555519619	0.9414690406320979	0.22142130852233843	-0.02141587474233908	0.1547634969218542	-0.4214862509615525	0.37865450147687435	-0.13837807472877628	0.8954387808769748	0.9728119371158298	0.23237866217985242
psvid_46901_sp|P07357|CO8A_HUMAN	P07357	CO8A_HUMAN	-0.10388260289884421	0.10019558585046014	-0.34720128888630697	0.13943608308861857	-1.0367981984145178	0.3385993533810871	0.7982422032867585	0.15047993857734718	-0.05687789511199659	0.06686833210178987	-0.23595689036047085	0.12220110013647767	-0.8505953913343404	0.4387455732802143	0.8280123592399901	0.01229138505234836	-0.13777476221371776	0.09632209771193978	-0.38677157758871306	0.11122205316127753	-1.430354669244705	0.21305927213065548	0.6186927031367531	0.07733821583754141
psvid_26719_sp|P17174|AATC_HUMAN	P17174	AATC_HUMAN	-0.07996547026407264	0.07717851898801899	-0.2673886552998931	0.10745771477174784	-1.0361104529161318	0.33889588689093797	0.7982422032867585	0.07606028846711423	0.1306582961178271	0.08122434998651297	-0.08686731769819064	0.34818390993384485	1.60860993211423	0.17638897717790136	0.7176098719675167	0.07998757309992574	0.04942457641716991	0.10126494909413908	-0.21234972493742071	0.31119887777176053	0.4880719030552543	0.6465168629899599	0.8611859526823188	0.09579757609352801
psvid_104963_sp|Q99470|SDF2_HUMAN	Q99470	SDF2_HUMAN	-0.12937924000455592	0.12496992648747327	-0.4328608559139076	0.17410237590479577	-1.0352829968058326	0.3392529363968724	0.7982422032867585	0.2137280135952163	-0.0008671767224175397	0.24811365442168523	-0.6653363289307652	0.6636019754859301	-0.00349507859387584	0.9973638998691323	1.0	0.40975229897886994	-0.08048202372184032	0.21509097785647976	-0.6365015641426086	0.47553751669892796	-0.3741766601458395	0.7238905319178294	0.896040644379517	0.3563917620185807
psvid_110492_sp|P52758|RIDA_HUMAN	P52758	RIDA_HUMAN	-0.06994764881158222	0.0678943494393139	-0.23482481132653768	0.09492951370337324	-1.03024256641716	0.3414344424560113	0.8005704546724962	0.01494263309877402	-0.05351035099025703	0.18522516098301609	-0.5495588493000803	0.44253814731956626	-0.2888935321004449	0.785748637627931	0.9665779766182299	0.29634732288847143	-0.13674866263053398	0.20824997645576132	-0.6750839166495576	0.4015865913884896	-0.6566563173637794	0.5409329679910109	0.8166555724192858	0.3428380737328655
psvid_46919_sp|P11717|MPRI_HUMAN	P11717	MPRI_HUMAN	-0.0767270892060461	0.07450529570448462	-0.2576585194287209	0.10420434101662873	-1.029820611817634	0.34161757562113976	0.8005704546724962	0.06411502597588348	-0.23964377603878084	0.16438586961114554	-0.6798829062476629	0.20059535417010121	-1.457812503019011	0.21223915622972675	0.7258795267620202	0.2577094592138186	-0.32002155476653216	0.1509072864733285	-0.7101234591199209	0.0700803495868566	-2.120650117336071	0.08846459548187452	0.5204027816531388	0.223925331308743
psvid_20396_sp|P84243|H33_HUMAN	P84243	H33_HUMAN	0.17862934556844312	0.17378860991283085	-0.24340537626739467	0.6006640674042809	1.0278541594759305	0.342472079875648	0.8005704546724962	0.3254347267468034	0.14898100529056846	0.20150469757519035	-0.39066545582771106	0.688627466408848	0.7393425914300437	0.4971519531980112	0.846655455082802	0.32606865805346114	0.06708217637582692	0.2203107541713749	-0.5024307130297778	0.6365950657814317	0.30448888719996464	0.7732407568384726	0.9198277689242694	0.3666773638271729
psvid_58791_sp|Q14318|FKBP8_HUMAN	Q14318	FKBP8_HUMAN	0.06995177076935999	0.06806903423845817	-0.09534960280668159	0.23525314434540157	1.027659222023134	0.34255688163612436	0.8005704546724962	0.01792651348744108	-0.057166776872518366	0.18215480051383615	-0.5449925926271018	0.430659038882065	-0.31383623550550394	0.7679458527883919	0.9665627003629799	0.29070146500257865	-0.1376357992981485	0.20433074232614606	-0.665839662492383	0.390568063896086	-0.6735932035056121	0.530977038568986	0.8138211960662557	0.3350320271532241
psvid_33718_sp|P08910|ABHD2_HUMAN	P08910	ABHD2_HUMAN	-0.09048177550203729	0.08813826984345229	-0.304520027002702	0.1235564759986274	-1.02658896825122	0.343022764204031	0.8005704546724962	0.11518264487604718	-0.04976188015205185	0.1612809908892049	-0.4816858850330417	0.382162124728938	-0.30854150807045044	0.771711409847658	0.9665779766182299	0.25187906558391043	-0.1311978869670345	0.1504856136497593	-0.520209748716566	0.25781397478249707	-0.8718300958149054	0.4238844099084663	0.7616296001165247	0.22299476735838025
psvid_83273_sp|P05023|AT1A1_HUMAN	P05023	AT1A1_HUMAN	-0.08807008776493053	0.08581756117002005	-0.2964726440382426	0.12033246850838153	-1.026247851421084	0.3431713595333932	0.8005704546724962	0.10770319070138641	-0.022549925458699605	0.12238048198125677	-0.35029510860258795	0.30519525768518874	-0.18426079954606853	0.8619809194626727	0.979782114487937	0.17612476597898374	-0.10361189325474518	0.16029374003550714	-0.517978188647845	0.31075440213835465	-0.6463876457795158	0.5470292535169409	0.8172892793015861	0.2443389053003736
psvid_94344_sp|P07360|CO8G_HUMAN	P07360	CO8G_HUMAN	0.08294130890762652	0.0810566613483691	-0.11389970122680704	0.2797823190420601	1.0232509892204602	0.34447905584579325	0.8018098543569262	0.09120988432243964	-0.3496148513168862	0.07200256312900055	-0.5424437473753108	-0.15678595525846156	-4.855588969666434	0.0064799577887020175	0.582225513360064	0.04739290474497856	-0.430616506117773	0.10073961868108602	-0.6910328054875955	-0.17020020674795056	-4.274549693115145	0.00823662417140777	0.39647783251920843	0.09396760306021913
psvid_72094_sp|Q9H6V9|LDAH_HUMAN	Q9H6V9	LDAH_HUMAN	-0.1192241930934399	0.11677954062739383	-0.40281597145865916	0.16436758527177936	-1.0209339106226336	0.3454928600160458	0.8018098543569262	0.19365756905116335	-0.2705593163156559	0.18159207863781768	-0.7568781157443598	0.21575948311304805	-1.4899290670893297	0.2040403509982975	0.7245364361573173	0.2896651543630831	-0.3510116788402168	0.17105968711845912	-0.7932084160719859	0.09118505839155239	-2.0519836365486896	0.09645032166201695	0.5225676808469604	0.2671615094715231
psvid_42048_sp|P49419|AL7A1_HUMAN	P49419	AL7A1_HUMAN	-0.07453939904704487	0.07309921677208381	-0.2520562549117531	0.10297745681766338	-1.0197017470030003	0.3460329474298223	0.8018098543569262	0.05704116562786671	-0.18552588706460815	0.28872509989349915	-0.958755892461426	0.5877041183322097	-0.64256930600437	0.5524164521384504	0.8747425801892469	0.48161980539472976	-0.2697378353487059	0.30312303924874257	-1.0533240864024012	0.5138484157049893	-0.8898625324463021	0.4150182987435577	0.7554162152490951	0.5256429845207286
psvid_159274_sp|Q92954|PRG4_HUMAN	Q92954	PRG4_HUMAN	-0.12492235850095135	0.12270646596569332	-0.4229073027229298	0.17306258572102712	-1.0180584822309002	0.3467542813776863	0.8018098543569262	0.20824184862686654	-0.1579232952549825	0.21063883456724125	-0.722031740448301	0.406185149938336	-0.7497349459772547	0.49146197081091286	0.8458142756443096	0.342611007865106	-0.24024181709107806	0.1768728725034826	-0.6974658915843767	0.21698225740222055	-1.3582739607869925	0.233466999349882	0.6353511083708343	0.2792741190053304
psvid_46613_sp|P04083|ANXA1_HUMAN	P04083	ANXA1_HUMAN	0.11542459607340305	0.1136380284537734	-0.16053821732683488	0.391387409473641	1.015721564725636	0.34778217359062974	0.8018098543569262	0.18577973050331054	0.07934924486914019	0.261053555709256	-0.619774047024719	0.7784725367629994	0.30395772489501766	0.7749773265276397	0.9665779766182299	0.4327312020992527	2.220446049250313e-16	0.2299175484248308	-0.5943468707234429	0.5943468707234434	9.65757535456788e-16	0.9999999999999992	1.0	0.3854948445516728
psvid_47105_sp|Q9UBI6|GBG12_HUMAN	Q9UBI6	GBG12_HUMAN	-0.0767342125097521	0.07559408704246019	-0.2603097040992235	0.10684127907971927	-1.0150822043349965	0.3480638196377317	0.8018098543569262	0.06917803589734216	-0.22804365716052377	0.2705307539322277	-0.9525476798457074	0.4964603655246599	-0.8429491059550752	0.44258234473368335	0.8302945969368365	0.449510123085843	-0.31007858233342744	0.2306652669719626	-0.9063583380485308	0.28620117338167594	-1.3442794678364711	0.2376371557299445	0.6388933367165721	0.38695380576252353
psvid_56447_sp|O60664|PLIN3_HUMAN	O60664	PLIN3_HUMAN	-0.08494837511179121	0.08380959254736363	-0.2884747057248431	0.11857795550126066	-1.0135877353631568	0.34872286170969785	0.8018098543569262	0.1009626666594264	0.28241570066229427	0.17491492640090725	-0.18602112569899687	0.7508525270235854	1.6145889117261145	0.17510031760583683	0.7176098719675167	0.2773289919561002	0.20183873051440082	0.1698884935528523	-0.23733042036957186	0.6410078813983735	1.1880659266167948	0.28909422552744735	0.6659413830042331	0.26470463942476086
psvid_53338_sp|P20853|CP2A7_HUMAN	P20853	CP2A7_HUMAN	-0.13203015750852032	0.1302652189653475	-0.4483710585520358	0.18431074353499516	-1.0135488087855768	0.34874004113976187	0.8018098543569262	0.22640849648153658	-0.011414667205127405	0.06714643544465436	-0.19123844650383942	0.1684091120935846	-0.16999662200290552	0.8725349774156298	0.9814843470253816	0.016142777171465936	-0.020827361513697795	0.11288452438859228	-0.3126387707911382	0.27098404776374263	-0.18450147729729494	0.8609998236798212	0.9626598341771081	0.13160544792852646
psvid_52711_sp|Q8NBJ5|GT251_HUMAN	Q8NBJ5	GT251_HUMAN	-0.11034752147553384	0.10892314034413281	-0.3748605252890714	0.1541654823380037	-1.0130769378012865	0.3489483452270478	0.8018098543569262	0.17372639489595265	-0.03762623228547701	0.29229102441048604	-0.8204060822733313	0.7451536177023773	-0.12872866131063845	0.9032361045179839	0.9921682594839206	0.48789899221741656	-0.11485790465932422	0.26580085010278826	-0.801964672178953	0.5722488628603045	-0.43212015542804827	0.6839765867691241	0.8770301816273365	0.4547701786421964
psvid_72099_sp|Q969H8|MYDGF_HUMAN	Q969H8	MYDGF_HUMAN	-0.07836110174623556	0.07744567009546575	-0.2664330464641548	0.10971084297168365	-1.011820307702695	0.34950355971775343	0.8018098543569262	0.07717348711628336	0.05790501781406254	0.19870551416381801	-0.4742449956275845	0.5900550312557096	0.29141122760349836	0.7839444089304669	0.9665779766182299	0.3209814332855736	-0.02327735109786999	0.16538323259647736	-0.450800206300809	0.40424550410506904	-0.14074795088003253	0.8936620910390486	0.9728119371158298	0.25519721245410043
psvid_49382_sp|Q7Z4H8|PLGT3_HUMAN	Q7Z4H8	PLGT3_HUMAN	-0.22333849881843992	0.22075188216059724	-0.7594205770922412	0.31274357945536135	-1.0117173028493633	0.3495491013740703	0.8018098543569262	0.42710897402101616	-0.1946009854770332	0.2215304013972105	-0.7878779590796358	0.39867598812556937	-0.8784391859973563	0.42499543023754827	0.8230101568586697	0.3622333256089472	-0.2748839183877284	0.23066526697196257	-0.8711636741028317	0.32139583732737487	-1.1917005190952334	0.2877902679972306	0.6659413830042331	0.38695380576252353
psvid_91037_sp|P21953|ODBB_HUMAN	P21953	ODBB_HUMAN	-0.09759113590227741	0.09652905477251694	-0.33200588149710825	0.13682360969255342	-1.0110027093113405	0.3498651757101404	0.8018098543569262	0.1402342619635295	-0.11230230429592991	0.2781792215628469	-0.8572895640446129	0.632684955452753	-0.4037048621568535	0.7052590974361219	0.9488309432282527	0.46302361745734305	-0.19085945138184934	0.23761954752566414	-0.8051163250400694	0.42339742227637067	-0.8032144382449661	0.45896078525734707	0.7776897008297246	0.40048735325409707
psvid_36588_sp|P34913|HYES_HUMAN	P34913	HYES_HUMAN	-0.10479353028336735	0.10374929928144412	-0.3567421860949853	0.1471551255282506	-1.0100649451047425	0.35028030696293627	0.8018098543569262	0.1601158417982672	-0.17569623903659437	0.1375980158298961	-0.5441952526727051	0.19280277459951634	-1.2768806147161071	0.2647709624827635	0.7712688782801636	0.20650572241658458	-0.25465391954183625	0.13421611048409923	-0.6016084074154602	0.09230056833178768	-1.8973424175632436	0.117337432744619	0.5319320213874119	0.18592744951444257
psvid_38708_sp|Q6UWP7|LCLT1_HUMAN	Q6UWP7	LCLT1_HUMAN	0.09786403737644189	0.09700010750902915	-0.13769463019764672	0.3334227049505305	1.0089064836070654	0.3507936785733732	0.8018098543569262	0.14157012201324082	-0.14985234364119648	0.2761993181700826	-0.8895372562380833	0.5898325689556904	-0.5425514611477713	0.6137197608351701	0.9075747590348774	0.45952771604428905	-0.2312031259014452	0.2891868853298011	-0.9787638124499972	0.5163575606471068	-0.7994938139666026	0.4609234080527392	0.7776897008297246	0.4992878731455929
psvid_21468_sp|P61026|RAB10_HUMAN	P61026	RAB10_HUMAN	-0.09606270573196518	0.09526632331662546	-0.32741098731049584	0.13528557584656548	-1.0083595376373755	0.3510362655050445	0.8018098543569262	0.13662192999320574	0.214962176459788	0.11795867682488062	-0.10094104203956622	0.5308653949591422	1.8223515407765811	0.13583447489973113	0.7067636245123187	0.16702479518672703	0.13401322506005253	0.11680029630402669	-0.16792062506781336	0.4359470751879184	1.1473705915199157	0.3040571931351394	0.6756826514114209	0.14234878370070564
psvid_95123_sp|Q86YS6|RAB43_HUMAN	Q86YS6	RAB43_HUMAN	-0.08469776711256305	0.08418306896515527	-0.28913106174456876	0.11973552751944266	-1.0061140340181802	0.352033613211054	0.802132681312741	0.10223770065965826	-0.11595983780659713	0.15476753234654528	-0.5304402550467813	0.298520579433587	-0.7492517070502067	0.4917254879070901	0.8458142756443096	0.2395711300166394	-0.1977166998172588	0.14807254498676953	-0.5804906740348708	0.18505727440035313	-1.3352691401024075	0.24035888161069185	0.6392719708353436	0.2176444074310335
psvid_70545_sp|Q14108|SCRB2_HUMAN	Q14108	SCRB2_HUMAN	0.08877096099939052	0.08832702638587128	-0.12572567390692113	0.3032675959057022	1.0050260337258479	0.352517661871765	0.802132681312741	0.11577819146117317	-0.0169384106792001	0.07230288354899589	-0.21057158998164965	0.17669476862324945	-0.23427019570695023	0.8252613652151207	0.9764997395041832	0.04871784088730483	-0.09882575111420877	0.08844595625589198	-0.3274623979859823	0.1298108957575648	-1.1173574835720692	0.3155259627614231	0.6810157109210588	0.034914137163067335
psvid_27241_sp|P21796|VDAC1_HUMAN	P21796	VDAC1_HUMAN	-0.13570623734820586	0.1356120330467738	-0.46503154050354284	0.19361906580713112	-1.0006946603433013	0.3544499242605859	0.802132681312741	0.23902139077757048	0.016229352570304556	0.06781768108576122	-0.16539207878874823	0.19785078392935734	0.23930857426076188	0.8215889408367091	0.9763810601247846	0.022951770513458723	-0.20008160752771365	0.1089515905288929	-0.48172621158176404	0.08156299652633675	-1.8364266786417767	0.12680941657142264	0.5373835741011193	0.12027022268513343
psvid_163227_sp|Q16822|PCKGM_HUMAN	Q16822	PCKGM_HUMAN	-0.0742085324157511	0.07428580563548141	-0.2546069447941382	0.10618987996263601	-0.9989597848597147	0.3552262200877988	0.802132681312741	0.06305454868248937	-0.1113151595692683	0.09872463763110978	-0.375708009780282	0.15307769064174542	-1.1275317108299117	0.3171300469135225	0.7979740273462422	0.1251049697885771	-0.19230355659235165	0.12568740203964046	-0.5172109618922244	0.13260384870752107	-1.530014571641008	0.18763733625986745	0.5906434385147459	0.165273292565661
psvid_74097_sp|P51687|SUOX_HUMAN	P51687	SUOX_HUMAN	0.2565075476584937	0.25693298353817534	-0.367438062427084	0.8804531577440714	0.9983441756919527	0.3555020073022852	0.802132681312741	0.5037778572818176	-0.15495163066872175	0.08802267300132201	-0.3906837230464202	0.08078046170897665	-1.7603604319809119	0.14649149290231142	0.7067636245123187	0.09888797992100905	-0.23545314648276017	0.10791848085213432	-0.5144271170523189	0.04352082408679864	-2.181768540694794	0.08194573185636003	0.5204027816531388	0.11718251375641549
psvid_80274_sp|Q9UM00|TMCO1_HUMAN	Q9UM00	TMCO1_HUMAN	-0.07666175112911944	0.07679984559221636	-0.2631653516113587	0.1098418493531198	-0.9982018913966291	0.3555657734831697	0.802132681312741	0.07446065558605373	-0.08642835750180478	0.14503718097958182	-0.4748500786232055	0.30199336361959594	-0.5959048356984549	0.5805042753827655	0.8922959468515108	0.22095845690148835	-0.16746284957691726	0.14743489948347746	-0.5485884824125471	0.21366278325871263	-1.1358426679409395	0.3084183339818575	0.6801903911201771	0.21622319832017264
psvid_70349_sp|Q9UH99|SUN2_HUMAN	Q9UH99	SUN2_HUMAN	-0.16355838154443791	0.16397482783351836	-0.5617609500988978	0.234644187010022	-0.9974603035442534	0.35589827046657485	0.802132681312741	0.30367697370544133	-0.3301262547280226	0.2968883986982171	-1.125218258202445	0.46496574874639984	-1.1119540412341653	0.3231010050737559	0.7992242056123071	0.4959883005531465	-0.410964047443681	0.25946636037770066	-1.081695883290939	0.25976778840357684	-1.5838818058936341	0.17515173881553886	0.577965496292724	0.44263713377234265
psvid_47964_sp|P12694|ODBA_HUMAN	P12694	ODBA_HUMAN	-0.06931524475236195	0.06954259914041104	-0.23819507812398313	0.09956458861925924	-0.9967307177059913	0.35622562651767675	0.802132681312741	0.0340401154800776	-0.31296511608152855	0.085080406367721	-0.5408175719267004	-0.08511266023635664	-3.6784628734479767	0.017902920844248982	0.6359527445485537	0.09100714344513414	-0.3950241863873354	0.09011041674772899	-0.6279635360825498	-0.1620848366921209	-4.38377937473351	0.007440166437492759	0.39647783251920843	0.04681406629053905
psvid_78328_sp|Q9HC07|TM165_HUMAN	Q9HC07	TM165_HUMAN	-0.09437711323232012	0.09475590377761366	-0.324485873024731	0.13573164656009076	-0.9960024596864958	0.3565526244991969	0.802132681312741	0.1351481835901929	0.18362389073710794	0.32482596192473484	-0.6862872475211714	1.0535350289953873	0.5652993056621973	0.5994171418308344	0.9016213390076308	0.5450143495452228	0.10375937481971098	0.34042888951829625	-0.7762641230613427	0.9837828727007647	0.3047901573997716	0.7730245387862382	0.9198277689242694	0.5957057571144397
psvid_43986_sp|P02750|A2GL_HUMAN	P02750	A2GL_HUMAN	-0.08144220177785311	0.08177280114502937	-0.28002231242083375	0.11713790886512751	-0.9959570986618164	0.3565730000883128	0.802132681312741	0.09381243642692452	-0.11391391395638362	0.09210939770837691	-0.3605905974640426	0.13276276955127536	-1.2367241214304856	0.2780031644703832	0.7858402699700607	0.10927890216851899	-0.19408495812508753	0.09600049403743255	-0.44225041400244525	0.05408049775227017	-2.021707909642734	0.10020972570396854	0.5293694948893074	0.07601839100638937
psvid_44441_sp|P04004|VTNC_HUMAN	P04004	VTNC_HUMAN	-0.11473568653809796	0.11542273528876396	-0.3950325483724741	0.16556117529627817	-0.9940475440220062	0.35743158360168276	0.802132681312741	0.19026890343102723	-0.12336551658147465	0.15177440220050392	-0.5298300805417374	0.2830990473787881	-0.8128216273156572	0.4579549686506674	0.8337187464473949	0.23387680070015787	-0.2042839857125478	0.12802571394737228	-0.5352360290779231	0.12666805765282751	-1.5956480882935995	0.1725352658421198	0.577464971389952	0.17104575841407388
psvid_77669_sp|Q14257|RCN2_HUMAN	Q14257	RCN2_HUMAN	-0.12467135781616623	0.12542263609913593	-0.429252350578387	0.17990963494605455	-0.9940100263689572	0.35744846884111015	0.802132681312741	0.21482029393092916	-0.672419220446713	0.2281111435822276	-1.283319972921027	-0.061518467972398905	-2.9477701522474065	0.037308138445106796	0.6392260310717692	0.3740419791693478	-0.7509380337152768	0.24881316812492818	-1.3941309038679668	-0.10774516356258679	-3.0180799488001115	0.030180284699952892	0.48232346954803157	0.4221471277317514
psvid_90151_sp|P10301|RRAS_HUMAN	P10301	RRAS_HUMAN	0.11454402573706446	0.11533541149925307	-0.16554077576013326	0.3946288272342622	0.9931383973759548	0.3578409327854648	0.802132681312741	0.19005010997009975	-0.615528550418051	0.15845047954572333	-1.0398722087957293	-0.19118489204037276	-3.8846745821329667	0.014774219725688644	0.6219650821978125	0.24654385474321464	-0.6963321539319014	0.15302806462859853	-1.091916362131686	-0.30074794573211666	-4.550355881595381	0.0063915553281731355	0.39647783251920843	0.22858670374865644
psvid_27932_sp|P33947|ERD22_HUMAN	P33947	ERD22_HUMAN	0.3923132469556263	0.3951863728052999	-0.56737203393737	1.3519985278486226	0.9927296940193605	0.3580250748298332	0.802132681312741	0.7912612458905938	0.4009009075445147	0.6424017265356919	-1.3195047331820546	2.1213065482710842	0.6240657379712702	0.5634442306708234	0.8834116044934516	1.0952621523701156	0.31921005133970604	0.6074437671925377	-1.2510585281784004	1.8894786308578124	0.5254972864649182	0.6221004729453217	0.8499942796318172	1.0877036006632437
psvid_65450_sp|Q9NWS8|RMND1_HUMAN	Q9NWS8	RMND1_HUMAN	0.07578533987482672	0.07646839446773344	-0.10991335237324523	0.26148403212289867	0.9910674913778273	0.35877475488497274	0.8027156862365011	0.07303840813868125	-0.1218477757471561	0.21236322025689422	-0.6905742702773988	0.4468787187830866	-0.5737706162100845	0.5941439825780062	0.8961189640378836	0.3457247016105711	-0.20183873051440104	0.1798571226670153	-0.6667772215813936	0.2630997605525915	-1.1222170549680266	0.3136437103825764	0.6810157109210588	0.28544307010563436
psvid_101848_sp|Q96IU4|ABHEB_HUMAN	Q96IU4	ABHEB_HUMAN	-0.07429203315448873	0.07522305345679227	-0.2569664929893609	0.10838242668038342	-0.9876232051276899	0.36033212769102646	0.8031579636957089	0.06748721115582948	-0.19848627801185525	0.23086752940378005	-0.8167688626319055	0.419796306608195	-0.8597409888018899	0.43419089331631705	0.8276831523344766	0.3789785458431569	-0.28232075423624137	0.21605738808191174	-0.8408385071564719	0.27619699868398917	-1.306693359308814	0.24918400724868647	0.6462660267216375	0.3582995812392624
psvid_67259_sp|A1L0T0|HACL2_HUMAN	A1L0T0	HACL2_HUMAN	-0.08262593663923568	0.08377659738873466	-0.286072140582301	0.12082026730382966	-0.9862651291009138	0.3609476605323976	0.8031579636957089	0.10084952206375421	0.16505524509493963	0.075597486640323	-0.037401157290736536	0.3675116474806158	2.183343024090707	0.08809310776856523	0.6917486752637665	0.06168624469889857	0.08475337467964517	0.09921618206491421	-0.17172477472393732	0.34123152408322766	0.8542293496457417	0.4326795258590439	0.7690242611575246	0.08850462958238912
psvid_64949_sp|Q5HYI8|RABL3_HUMAN	Q5HYI8	RABL3_HUMAN	-0.09698789263063023	0.0984502009533377	-0.33606802103987765	0.1420922357786172	-0.9851467207933831	0.36145518846125363	0.8031579636957089	0.1456450295802031	-0.5908481754607067	0.1337564236819392	-0.9490590834960477	-0.23263726742536556	-4.417344297913427	0.00925512067833188	0.6219650821978125	0.19895127515192884	-0.6714850371114943	0.15376973244293593	-1.0689864888952845	-0.2739835853277043	-4.366821912502728	0.007557737933154989	0.39647783251920843	0.23020966882499758
psvid_25390_sp|O75165|DJC13_HUMAN	O75165	DJC13_HUMAN	0.08488702119661973	0.08623487445229319	-0.12452895416722354	0.294302996560463	0.9843699748595434	0.3618080023365116	0.8031579636957089	0.10907094575187604	0.011628464717018616	0.09513147102678064	-0.24314158431085614	0.2663985137448934	0.12223572905484732	0.9080862924458432	0.9933197920610235	0.11663851942139039	-0.06890861065335652	0.09398073427849256	-0.3118528996360455	0.17403567832933248	-0.7332206029499624	0.49692243187817714	0.7966302915740083	0.06725413684363617
psvid_48182_sp|O14756|H17B6_HUMAN	O14756	H17B6_HUMAN	-0.1306413371633317	0.1328726493026508	-0.4533142189831597	0.1920315446564963	-0.9832071374279839	0.36233669347606295	0.8031579636957089	0.23258134685572837	0.036800488051875746	0.0730873435003924	-0.15893354071837432	0.2325345168221258	0.5035138272836277	0.6387383297536576	0.9190364020538448	0.05204374930491298	-0.08382837658837738	0.13055778349999705	-0.42132592996535007	0.2536691767885953	-0.6420787358754392	0.5496007933976796	0.8194048192474496	0.17719837856293108
psvid_26034_sp|P26927|HGFL_HUMAN	P26927	HGFL_HUMAN	-0.07104221509832076	0.07232667501570839	-0.24668300183846437	0.10459857164182285	-0.9822408548836421	0.36277648196765144	0.8031579636957089	0.05281818155392163	-0.005235426843769986	0.1034460007958648	-0.28227248314116304	0.2718016294536231	-0.05061023919234265	0.9618480224782573	1.0	0.13585265188313808	-0.0869808258550766	0.11142987773839344	-0.3750319102226649	0.2010702585125117	-0.7805880040475639	0.4709923503312155	0.77910135980814	0.12748416772040755
psvid_104065_sp|P62314|SMD1_HUMAN	P62314	SMD1_HUMAN	0.08391159783918312	0.08551913536209184	-0.12376625010657633	0.29158944578494256	0.9812025985049739	0.36324949595290984	0.8031579636957089	0.10671847500345033	0.07335558824985755	0.18801863216433826	-0.4301740599059831	0.5768852364056982	0.39015063244232556	0.7145559643856236	0.9513860308426689	0.30147199580971723	-0.007286586414878893	0.16312323987665006	-0.42896726206219227	0.4143940892324345	-0.04466921096214639	0.9661310518341941	1.0	0.2503919099809604
psvid_42584_sp|Q5TCH4|CP4AM_HUMAN	Q5TCH4	CP4AM_HUMAN	0.14026130662865288	0.1430024309116246	-0.20701111347935963	0.4875337267366654	0.9808316245710136	0.3634186236062622	0.8031579636957089	0.2561914708944297	-0.064594483340767	0.07020971088523152	-0.25262197089457394	0.12343300421303996	-0.9200220671234003	0.4051055215040357	0.8101536433552932	0.03869000569943634	-0.1341548360721203	0.10863276108861508	-0.4149752521447753	0.1466655800005347	-1.234939025094705	0.272678042423496	0.6642062428136009	0.1193227220049605
psvid_91317_sp|P57105|SYJ2B_HUMAN	P57105	SYJ2B_HUMAN	0.0817012777378423	0.08334673884402923	-0.12070104173296381	0.2841035972086484	0.980257642602356	0.3636804249066394	0.8031579636957089	0.09936784460120693	-0.036375293185552326	0.21624725900362557	-0.6155035688640372	0.5427529824929326	-0.1682115803601583	0.8738579793399862	0.9814843470253816	0.35272809602050564	-0.1164332871100281	0.20679939016093432	-0.6510187124145784	0.41815213819452224	-0.5630252923832029	0.5981603977194182	0.8401818194175916	0.3399525592965905
psvid_35945_sp|O75923|DYSF_HUMAN	O75923	DYSF_HUMAN	-0.09314500511381052	0.09506117286910132	-0.32399509171800556	0.1377050814903845	-0.9798427928305771	0.36386973599140954	0.8031579636957089	0.13603056271570316	-0.5112786162570453	0.18838252917085	-1.0157828110817164	-0.006774421432374167	-2.7140447604530817	0.04805289317515312	0.6837666104479102	0.302138759245765	-0.5933043308960539	0.21416275466452103	-1.146924373961126	-0.0396842878309821	-2.7703431991498513	0.04014506498160327	0.4861678145147409	0.35455777947520345
psvid_55477_sp|Q99798|ACON_HUMAN	Q99798	ACON_HUMAN	0.10121469462110522	0.10347210939847182	-0.15006082297268247	0.3524902122148929	0.9781833501753281	0.3646277743019237	0.803749394966606	0.15937342381168995	-0.3951765565271881	0.3408145811217036	-1.3079065564380223	0.5175534433836461	-1.1595060141692473	0.305183462976087	0.7858402699700607	0.5729853717223693	-0.47511608161227137	0.30455421017643103	-1.2624019718112582	0.3121698085867155	-1.5600378052138313	0.1805744527835045	0.5801574353206355	0.5283431914579958
psvid_67269_sp|P00367|DHE3_HUMAN	P00367	DHE3_HUMAN	0.08836527266706273	0.09088346479565339	-0.13233951232287064	0.30907005765699613	0.972292076075085	0.3673289355555879	0.8070194633462582	0.12367886089757547	-0.2835089035875735	0.20958075597283568	-0.8447837256647713	0.2777659184896243	-1.352743014364925	0.24137837847847005	0.7413118739788219	0.3406990614750793	-0.08489259383923331	0.1085530818040188	-0.3655070354928598	0.19572184781439317	-0.7820376209355159	0.470214623730194	0.778964373318746	0.11908518911272063
psvid_46503_sp|P02671|FIBA_HUMAN	P02671	FIBA_HUMAN	-0.07352274190049624	0.07563098017890191	-0.2571878261542029	0.11014234235321038	-0.9721246733359964	0.3674059184182592	0.8070194633462582	0.06934435500437879	0.1812670011791142	0.10283871860587614	-0.0941437025385567	0.4566777048967851	1.7626337982079516	0.14608566582821667	0.7067636245123187	0.13449107989988515	0.11158555194051689	0.129504540337557	-0.22318932201509023	0.446360425896124	0.8616342844016603	0.4289622555076252	0.7656744329079208	0.17465086239174163
psvid_74323_sp|P35520|CBS_HUMAN	P35520	CBS_HUMAN	-0.08661753123413085	0.08921813934515412	-0.3032781779826678	0.13004311551440612	-0.970851128143769	0.36799199223267787	0.8070194633462582	0.11856610932383133	-0.22218565470945828	0.2772047484925481	-0.964563193939613	0.5201918845206964	-0.8015218206676251	0.4638256822452076	0.8337187464473949	0.4613031877127684	-0.3046600716188348	0.28552306098024666	-1.0427496127417477	0.433429469504078	-1.067024395762947	0.33560439724385277	0.6897132975938829	0.4923391906590311
psvid_48097_sp|P05387|RLA2_HUMAN	P05387	RLA2_HUMAN	0.08577552196378946	0.08836816688071206	-0.12882102004981205	0.30037206397739097	0.9706608724788599	0.36807960889207386	0.8070194633462582	0.1159077563455735	0.08048200568815633	0.09396189264948297	-0.1711558144641428	0.33211982584045546	0.8565387884255138	0.4357813849597315	0.8276831523344766	0.1138187439711799	0.13251765138861837	0.10765121795375561	-0.14576543295498623	0.410800735732223	1.2309907301331675	0.27402767193139277	0.6642062428136009	0.11637527964450199
psvid_36339_sp|Q9NRG7|D39U1_HUMAN	Q9NRG7	D39U1_HUMAN	-0.14456546083959587	0.14934523729130972	-0.5072409877878763	0.2181100661086846	-0.9679951196408727	0.3693089589681279	0.8083494691282699	0.2707237295950184	-0.04542581590652839	0.40774238988861405	-1.1373940945576744	1.0465424627446176	-0.1114081268786836	0.916184810419886	0.9960408936531061	0.6895795962274098	-0.1286432932074395	0.35535620393670964	-1.0472545486288427	0.7899679622139637	-0.3620122338721048	0.7324042716071236	0.9010825247079389	0.6235809852075016
psvid_67941_sp|O43175|SERA_HUMAN	O43175	SERA_HUMAN	0.10180791272354295	0.10527667666747063	-0.1538498831207467	0.3574657085678326	0.9670509741214172	0.36974513354549066	0.8083494691282699	0.16418117754066347	0.04253589503237576	0.07893585697365008	-0.16886094277719407	0.2539327328419456	0.5388665767773302	0.6160559797113934	0.9085717686391054	0.0729454732231885	-0.040537632559767056	0.10663760763581315	-0.31620049011020435	0.23512522499067023	-0.38014386723875554	0.7197306183115343	0.896040644379517	0.11328027666949875
psvid_80086_sp|Q9H7Z7|PGES2_HUMAN	Q9H7Z7	PGES2_HUMAN	0.13504981428998253	0.1398926909671328	-0.20467079771556762	0.4747704262955327	0.9653814888850191	0.37051738326259825	0.8083494691282699	0.2490005282253085	-0.646077353194527	0.16884117638206114	-1.0982481681782703	-0.19390653821078369	-3.8265390412381106	0.015586248692290436	0.6219650821978125	0.26603849681183833	-0.7251160816122714	0.16141454889140638	-1.1423797166853853	-0.3078524465391574	-4.492259753487909	0.0067364381008609975	0.39647783251920843	0.24674165506000872
psvid_16096_sp|Q6P2Q9|PRP8_HUMAN	Q6P2Q9	PRP8_HUMAN	0.0911632779471585	0.09457486401324809	-0.13850583815034298	0.32083239404466	0.9639271374938304	0.37119114392680563	0.8083494691282699	0.13462350715734137	-0.11064699503118369	0.19076974710736158	-0.6215443594784928	0.40025036941612546	-0.5800028395954924	0.5902832117827932	0.8957839240454074	0.30650833717981885	-0.1940366553838181	0.2001191270782787	-0.7113533098355694	0.32327999906793325	-0.969605745421419	0.37755819615255987	0.7183241782948935	0.32660722703107437
psvid_59464_sp|P07203|GPX1_HUMAN	P07203	GPX1_HUMAN	0.10778884811075962	0.11206825043412626	-0.16436185798165132	0.37993955420317055	0.9618143202308483	0.3721716543975884	0.8083494691282699	0.18179935679690937	-0.3129170261884502	0.2892276426928168	-1.0874928833022537	0.4616588309253533	-1.0819056687496271	0.3349016241138726	0.7995936304778763	0.4825049850856899	-0.396240625180289	0.24772772298270995	-1.036627572392172	0.24414632203159392	-1.599500533930732	0.17168701784144372	0.577464971389952	0.4200529424354657
psvid_64954_sp|P04003|C4BPA_HUMAN	P04003	C4BPA_HUMAN	-0.10809676395925472	0.11241311845021089	-0.38108496036424344	0.164891432445734	-0.9616027510804449	0.3722699498381363	0.8083494691282699	0.18267647322708444	0.035825803078161744	0.09328455680506247	-0.2139980549391172	0.28564966109544065	0.3840485960932122	0.7187605440329676	0.9513860308426689	0.11216970577558937	-0.046114125757846125	0.09523829078583639	-0.2923092530520008	0.20008100153630853	-0.48419732627860335	0.6490746236450222	0.8619290548808392	0.07281346237289565
psvid_32461_sp|Q9P2E9|RRBP1_HUMAN	Q9P2E9	RRBP1_HUMAN	-0.07389228269426429	0.07689655694120663	-0.2606307406121545	0.11284617522362594	-0.9609309653585746	0.3725821967772704	0.8083494691282699	0.07487169172846904	-0.02320229872327273	0.1302229598821668	-0.3719502946876672	0.32554569724112176	-0.17817363961215055	0.8664808253190726	0.9814843470253816	0.19193972091998382	-0.10523952614945542	0.16733588123203577	-0.5378100630718521	0.3273310107729413	-0.6289118948943494	0.5575076524658485	0.8256051838581729	0.2593292250701304
psvid_48913_sp|P21281|VATB2_HUMAN	P21281	VATB2_HUMAN	-0.06800006943646242	0.07111285588433211	-0.24069317266773652	0.10469303379481168	-0.9562275145729942	0.37477407744651214	0.8083494691282699	0.045505849246577704	-0.3283496512340456	0.11691863504274809	-0.6414675507115764	-0.015231751756514866	-2.8083602850306417	0.04334144580959093	0.6521098268599003	0.16486207120688567	-0.40873765913820825	0.15429533179163443	-0.8075978081171163	-0.009877510159300162	-2.6490604374873845	0.04632164360236129	0.5036298607729148	0.23135763663676293
psvid_58443_sp|Q9UBS4|DJB11_HUMAN	Q9UBS4	DJB11_HUMAN	-0.08183658902294688	0.08571443226329852	-0.2899887032248062	0.12631552517891245	-0.9547585728802399	0.37546067569725955	0.8083494691282699	0.10736353016247349	0.013413512456525112	0.09976892539760056	-0.2537760278781299	0.28060305279118014	0.13444579465068296	0.8989695267307775	0.9921332596490411	0.1275159663193263	-0.06832568532190542	0.1009264829693862	-0.32922503701097044	0.1925736663671596	-0.676984705219843	0.5289983402304493	0.8138211960662557	0.09462150119291024
psvid_34906_sp|P11279|LAMP1_HUMAN	P11279	LAMP1_HUMAN	-0.15365020918433192	0.1617212838036889	-0.54638018762917	0.23907976926050611	-0.9500926876813919	0.3776480301576488	0.8083494691282699	0.2986449496358163	0.40018129390428303	0.06865740850987044	0.21631100215548466	0.5840515856530815	5.8286687859293655	0.003177290503124261	0.5727769937574851	0.029385726469817495	0.3183573942990434	0.09708695593691331	0.06738338711909664	0.5693314014789902	3.279095437969141	0.022580387160937413	0.4789514222886797	0.08040701858285486
psvid_77347_sp|O14656|TOR1A_HUMAN	O14656	TOR1A_HUMAN	-0.09863996060208446	0.10392115392723278	-0.3510059546251536	0.15372603342098468	-0.9491807670953473	0.37807668670985356	0.8083494691282699	0.1605754011900742	-0.17527074019507616	0.2108068091477714	-0.739829035387088	0.3892875549969357	-0.8314282679181147	0.44841281043576636	0.8337187464473949	0.342914439502812	-0.25764707995835623	0.18418149691347213	-0.7337642666874545	0.21847010677074208	-1.3988760232489477	0.22175444375071757	0.6245667201490522	0.2943285574653292
psvid_67242_sp|P30273|FCERG_HUMAN	P30273	FCERG_HUMAN	0.08656843631197741	0.09133957591216585	-0.13524398587167147	0.3083808584956263	0.9477648154971021	0.3787430135556984	0.8083494691282699	0.12505869016205662	0.6853412223519353	0.23944628382013017	0.044084014721626597	1.326598429982244	2.8621919347337097	0.040888705031375684	0.6392260310717692	0.3943095275475366	0.603759374819711	0.20933874222797225	0.06260961388680586	1.144909135752616	2.884126313141837	0.03517274421192442	0.48232346954803157	0.3450011099201671
psvid_41470_sp|O14617|AP3D1_HUMAN	O14617	AP3D1_HUMAN	-0.1969918594024449	0.2079529216622617	-0.7019924661320969	0.30800874732720707	-0.9472906551530987	0.37896634957639097	0.8083494691282699	0.3997047093973025	-0.1699377473970234	0.5565805129186074	-1.6605069884036603	1.3206314936096135	-0.3053246447776272	0.7740028288828579	0.9665779766182299	0.9472335797131497	-0.25	0.5491228927423548	-1.669506580424098	1.169506580424098	-0.4552714944217387	0.6683421304895807	0.8667518703711972	0.9810039294335609
psvid_60577_sp|P60468|SC61B_HUMAN	P60468	SC61B_HUMAN	-0.13011094542367818	0.13742986623400866	-0.46385074227859324	0.20362885143123688	-0.9467443212244114	0.37922380655560767	0.8083494691282699	0.24327116176811941	0.18392719581194727	0.26716410607349905	-0.5315606618673738	0.8994150534912684	0.6884427646929014	0.5257098853461556	0.8667313206910913	0.44355418530183593	0.10375937481971098	0.2713215251758325	-0.597618578072345	0.8051373277117669	0.38242220093842066	0.718145225159252	0.896040644379517	0.4653165760708937
psvid_165137_sp|P01871|IGHM_HUMAN	P01871	IGHM_HUMAN	0.07625108610157127	0.08054743460759684	-0.11935329888233609	0.27185547108547864	0.9466606413108488	0.37926325220816887	0.8083494691282699	0.08932758373684355	0.21768887267131998	0.1444356933122284	-0.16912201408741068	0.6044997594300506	1.5071681222226647	0.19976962896721007	0.7245364361573173	0.21979771541929288	0.13749176984123812	0.16788943829250652	-0.2965097361781748	0.571493275860651	0.8189423422913128	0.45073319990511346	0.7746571900148868	0.2604974007699912
psvid_71554_sp|Q96M27|PRRC1_HUMAN	Q96M27	PRRC1_HUMAN	0.06444760697690288	0.06812312186475113	-0.10098511500182605	0.22988032895563182	0.9460460004292601	0.3795530833204154	0.8083494691282699	0.018755765375162263	-0.17305822530294224	0.2516071349013126	-0.8468832109012943	0.5007667602954098	-0.6878112791627334	0.5260713319544758	0.8667313206910913	0.41596461961180475	-0.2538369910833591	0.21975795433849246	-0.8219208688582247	0.31424688669150647	-1.155075327523184	0.3011727632732676	0.6738381060957147	0.36559022235892674
psvid_59834_sp|P35998|PRS7_HUMAN	P35998	PRS7_HUMAN	0.09512778993926929	0.10058659796012354	-0.14914044439327206	0.33939602427181065	0.9457302649502239	0.379702033460592	0.8083494691282699	0.15155331827056148	-0.016011960609897624	0.2887371344069245	-0.7892741954418573	0.757250274222062	-0.05545514830569582	0.9582001292962907	1.0	0.481641004012247	-0.09659203911189351	0.31339376127672053	-0.9067285536805757	0.7135444754567887	-0.30821302478515084	0.7705696391773353	0.9198277689242694	0.5449969487515248
psvid_82187_sp|P07225|PROS_HUMAN	P07225	PROS_HUMAN	0.11162560966444612	0.11806420333432699	-0.1750858913825148	0.39833711071140704	0.9454653189701501	0.379827058181152	0.8083494691282699	0.19684788553036756	-0.2681626573231184	0.17915332391883962	-0.7479502673082565	0.2116249526620197	-1.4968332792117323	0.20231916306658015	0.7245364361573173	0.28516811864489433	-0.34825279823721134	0.1487802251012287	-0.7328561563551981	0.0363505598807754	-2.3407196621746156	0.0672819121378091	0.512092475541875	0.21921803107812773
psvid_35234_sp|Q9BTV4|TMM43_HUMAN	Q9BTV4	TMM43_HUMAN	-0.12955834977362812	0.1372214625106096	-0.4627920512781149	0.20367535173085866	-0.9441551445613766	0.3804457805649596	0.8083494691282699	0.24278487371812382	-0.5929632772755271	0.3068246762626711	-1.414665464477035	0.22873890992598067	-1.932580144785663	0.11884746733718281	0.7048513307479977	0.5134494987092607	-0.672153570686076	0.2894551392279807	-1.4204077052382047	0.07610056386605268	-2.3221338286782816	0.06884054361025309	0.5122021217047674	0.4997962917314288
psvid_66749_sp|P48723|HSP13_HUMAN	P48723	HSP13_HUMAN	-0.1488825108730314	0.1577534261691425	-0.5319767963117517	0.23421177456568887	-0.9437672099330524	0.3806291296747618	0.8083494691282699	0.2897484839535544	-0.8882539648366921	0.39647565645248867	-1.9500489874777676	0.17354105780438345	-2.240374535941112	0.08237907818069537	0.6917486752637665	0.669997128469963	-0.9694360624872504	0.36651151482598265	-1.9168842821352194	-0.021987842839281457	-2.6450357581467325	0.04654389277956846	0.5036298607729148	0.6443638974885546
psvid_92222_sp|Q9UBQ5|EIF3K_HUMAN	Q9UBQ5	EIF3K_HUMAN	0.1189359773920522	0.12621821925617757	-0.1875770390887987	0.4254489938729031	0.9423043526755432	0.3813211315611997	0.8083494691282699	0.21673596997192252	-0.009833310968116571	0.3896424339336604	-1.0533283912520495	1.0336617693158163	-0.02523675583494268	0.9809680620423894	1.0	0.6581126897870839	-0.090642519846177	0.39530217357341135	-1.1125158455803623	0.9312308058880082	-0.22929932063564487	0.8278834210155356	0.9520942959775506	0.6978387698753767
psvid_36323_sp|Q56VL3|OCAD2_HUMAN	Q56VL3	OCAD2_HUMAN	-0.1214057991908577	0.12907060230587536	-0.4348456487222305	0.19203405034051513	-0.9406154230468888	0.38212128260128303	0.8083494691282699	0.22356536761020127	0.06993796398304797	0.15136234354253128	-0.33542307237104024	0.4752990003371362	0.4620565614022494	0.6659386326519156	0.9307386644696186	0.2330908231080292	-0.011657513584236057	0.1357319403038377	-0.3625304875242047	0.3392154603557326	-0.08588629587214743	0.9349497345463913	0.9963077093281882	0.1894942494662231
psvid_42509_sp|Q96RQ1|ERGI2_HUMAN	Q96RQ1	ERGI2_HUMAN	0.09656905747528644	0.10268745963611474	-0.1528009874620307	0.34593910241260356	0.9404172409901892	0.3822152585201104	0.8083494691282699	0.157263774978771	0.6616333671707868	0.11416097454805617	0.3559007135204452	0.9673660208211283	5.795617721292942	0.0032499505419714423	0.5727769937574851	0.15908202024857063	0.5804820237218405	0.14564893614982694	0.20397318384461782	0.9569908635990633	3.9854875639098877	0.010869489790250332	0.42442769657167956	0.212225285910428
psvid_26126_sp|Q9Y678|COPG1_HUMAN	Q9Y678	COPG1_HUMAN	0.1187632427328209	0.12631513250177212	-0.18798512147690138	0.4255116069425432	0.9402138950466187	0.38231170160590683	0.8083494691282699	0.21696899375453688	0.5132522402162558	0.356635552182319	-0.44184764559329304	1.4683521260258048	1.439150519558609	0.217151408092419	0.7282787510665996	0.6006119125524827	0.43064145846896895	0.37863098283267405	-0.5481361135227378	1.4094190304606757	1.1373645528086105	0.30783945777340016	0.6801903911201771	0.6669010946327897
psvid_55231_sp|Q9UJ68|MSRA_HUMAN	Q9UJ68	MSRA_HUMAN	0.14551318741174057	0.1548606069178256	-0.23055606820101326	0.5215824430244944	0.9396397851453269	0.3825840920956246	0.8083494691282699	0.2832309470970476	-0.2089815341442849	0.6611627161584404	-1.9796306767783725	1.5616676084898027	-0.3160818495007283	0.7663510539461462	0.9665627003629799	1.1275900138282309	-0.2880007733612625	0.6339208638381927	-1.9267138002258148	1.3507122535032896	-0.45431660289189385	0.6689832884010727	0.8667518703711972	1.136070314028465
psvid_84921_sp|Q99643|C560_HUMAN	Q99643	C560_HUMAN	-0.2535892901376551	0.26999335577206024	-0.9092511937453732	0.40207261347006307	-0.9392427062232814	0.38277257639699497	0.8083494691282699	0.5312348236337152	0.13166821218426472	0.13872481237341053	-0.2398484569925114	0.5031848813610409	0.9491323861361491	0.3916387916395829	0.8101536433552932	0.2087090990092487	0.05214665545285457	0.14706080502473234	-0.3280119269230196	0.43230523782872876	0.35459247924071047	0.7376189841224909	0.9041069760544732	0.2153879125085788
psvid_44089_sp|Q10589|BST2_HUMAN	Q10589	BST2_HUMAN	-0.07430103332754001	0.07916191876491845	-0.26654078012510585	0.11793871347002585	-0.9385956592106685	0.38307986798772814	0.8083494691282699	0.08405743293897672	0.4112920567794931	0.360558733379878	-0.5543144369407645	1.3768985504997509	1.1407075150393415	0.312157070919991	0.7900271547975081	0.607455492239965	0.33048202372184055	0.3685777751883187	-0.6223075689046935	1.2832716163483746	0.8966412137926283	0.4117232212421325	0.7525604513121253	0.6482092617623421
psvid_53917_sp|O00410|IPO5_HUMAN	O00410	IPO5_HUMAN	0.08767633565409483	0.09353652116580938	-0.139471230066723	0.3148239013749127	0.9373486907715289	0.3836726059971249	0.8083494691282699	0.13159371759861305	-0.020926925007941133	0.19999141190350225	-0.5565206803222642	0.5146668303063819	-0.1046391182939324	0.9212538466386309	0.9970139773360194	0.3233195159221311	-0.10387862552677296	0.2235753856369723	-0.681830729376583	0.47407347832303703	-0.46462460628579466	0.6620791086501961	0.8665680272835768	0.373087679576894
psvid_33235_sp|P07237|PDIA1_HUMAN	P07237	PDIA1_HUMAN	-0.09209435260452725	0.09826797156612602	-0.33073194839451514	0.14654324318546064	-0.9371756752153529	0.3837549034730481	0.8083494691282699	0.14513594532331375	-0.013785385386365423	0.08691578506104404	-0.2465531391307046	0.21898236835797374	-0.15860623449104738	0.8809852725406836	0.9836189511948192	0.0959680364889331	-0.14152937578618907	0.0957734828478658	-0.3891079978569819	0.10604924628460377	-1.4777511642863146	0.20057972842958305	0.607004194424858	0.07507550869336475
psvid_48954_sp|P05166|PCCB_HUMAN	P05166	PCCB_HUMAN	0.08836079237507288	0.0944423085997624	-0.1409864212278616	0.31770800597800736	0.935606019009315	0.384502154558037	0.8083494691282699	0.13423868350453538	-0.19681538524048303	0.17947484624227192	-0.677464058943235	0.283833288462269	-1.0966182134225273	0.32907686374435613	0.79953489857888	0.2857615523726351	-0.27723359288829097	0.20842711797599664	-0.8160267654478887	0.2615595796713067	-1.3301224695733613	0.24192655266390775	0.6395189685410964	0.34319015708255685
psvid_78198_sp|Q16134|ETFD_HUMAN	Q16134	ETFD_HUMAN	-0.06909220078133149	0.07386227143964866	-0.24846208697140337	0.11027768540874039	-0.9354193884733873	0.3845910762906675	0.8083494691282699	0.06096531994087948	0.21873268363701293	0.12454473605705972	-0.11480855323178707	0.5522739205058129	1.7562579564727756	0.14722680816462766	0.7067636245123187	0.18052755568281567	0.18060182862704277	0.1146723474366845	-0.1158311810515878	0.47703483830567334	1.5749379223858722	0.17716674617587813	0.5790140801368967	0.1365698078844727
psvid_61789_sp|Q00341|VIGLN_HUMAN	Q00341	VIGLN_HUMAN	0.07748061413209584	0.08286670708892996	-0.12375597837687255	0.27871720664106425	0.9350029324677529	0.384789557320293	0.8083494691282699	0.09769589896651228	0.0006011756932529089	0.09373092348990539	-0.25041808970030666	0.2516204410868125	0.0064138458351757745	0.99516250081315	1.0	0.113257788098278	-0.08034265683338804	0.1026126442809449	-0.34560080890948613	0.18491549524271006	-0.7829703385619468	0.46971471476094356	0.778964373318746	0.10038086647937121
psvid_85401_sp|Q9H0R3|TM222_HUMAN	Q9H0R3	TM222_HUMAN	0.18955493949180635	0.2029206686324346	-0.3032251568792215	0.6823350358628342	0.9341332293516211	0.3852043075714849	0.8083494691282699	0.38887750138613875	0.2295123470344631	0.23706791089990467	-0.40537537866781115	0.8644000727367374	0.968129116096899	0.38305240909020405	0.8081004239928898	0.39006399498541894	0.14624062518028902	0.23532116497872876	-0.46207482954816614	0.7545560799087442	0.6214512204778013	0.5620204465619743	0.8273909626226551	0.3960214850942136
psvid_83497_sp|Q92504|S39A7_HUMAN	Q92504	S39A7_HUMAN	0.1424972824540749	0.15262722764858208	-0.22814835190339705	0.5131429168115469	0.9336295014292537	0.38544468588921166	0.8083494691282699	0.27817965400072014	-0.12043210730735066	0.24255238286991396	-0.7700077084057482	0.5291434937910469	-0.4965199924337209	0.6432822758776778	0.9190364020538448	0.39984880790739075	-0.20183873051440093	0.22158540979676075	-0.7746466601959148	0.3709691991671129	-0.9108845690676495	0.40486686628913604	0.745286180020441	0.3691822362935674
psvid_419179_sp|Q9NXW2|DJB12_HUMAN	Q9NXW2	DJB12_HUMAN	-0.088178996353518	0.09455813430451615	-0.3178074854043182	0.1414494926972822	-0.9325373961963473	0.38596623249722806	0.8084094780273997	0.1345749698311835	-0.2284229780419409	0.22081379514547267	-0.8197808200688578	0.362934863984976	-1.0344597260848458	0.354306051696792	0.7995936304778763	0.36094538866992976	-0.3139137188670489	0.24337036780865987	-0.9430367132833757	0.3152092755492779	-1.2898600667516387	0.2545222909532303	0.6522133705676527	0.41163319185297237
psvid_19791_sp|P62318|SMD3_HUMAN	P62318	SMD3_HUMAN	-0.07845090361042217	0.08424399761041201	-0.28303215962991846	0.1261303524090741	-0.9312343411481954	0.3865892286245898	0.8086815496738868	0.10244473652516138	0.025839654797190637	0.20914559009251235	-0.5342697565965749	0.5859490661909562	0.12354864755102347	0.9071051611769049	0.9933197920610235	0.3399124049122478	-0.0555981053341118	0.2391666650300837	-0.6738543450854939	0.5626581344172703	-0.23246594723858513	0.8255569084931668	0.951671010291804	0.403489768648027
psvid_96887_sp|O95298|NDUC2_HUMAN	O95298	NDUC2_HUMAN	-0.07028288747203693	0.07571552042716784	-0.25415327240786956	0.11358749746379573	-0.9282494140635715	0.3880192397877133	0.809821523923768	0.06972428139832668	-0.2479759295763051	0.27395950562575133	-0.9816624365396674	0.48571057738705725	-0.9051554134247063	0.4121280195827178	0.8101536433552932	0.4555710344680547	-0.33048202372184043	0.3012192809097388	-1.10914697660081	0.448182929157129	-1.0971476418233344	0.3234595909873088	0.6810157109210588	0.5220493945542949
psvid_32184_sp|P48735|IDHP_HUMAN	P48735	IDHP_HUMAN	0.07165388882700974	0.07721027176195666	-0.11584640582562061	0.2591541834796401	0.9280357029168664	0.3881217791488303	0.809821523923768	0.07619324901757427	-0.27605842867618957	0.11922259029974656	-0.5953465133453094	0.04322965599293027	-2.315487593266764	0.07546481672102483	0.6917486752637665	0.16964115722307313	-0.3580595600081131	0.15500088589314695	-0.7587435970513859	0.0426244770351597	-2.310048474529035	0.06987493560054807	0.5124776378946586	0.23289585231777155
psvid_104080_sp|Q9BRP8|PYM1_HUMAN	Q9BRP8	PYM1_HUMAN	-0.10764459842952778	0.11643431524673702	-0.39039801864475526	0.1751088217856997	-0.9245092239467131	0.3898167911848435	0.8115110510060403	0.1927972667594818	-0.06595978803658387	0.14913597526166752	-0.46535842362100366	0.3334388475478359	-0.44227952323947106	0.6791338697831033	0.9374966464486023	0.2288351725811109	-0.14624062518028935	0.14325107920346222	-0.5165509004752167	0.22406965011463797	-1.0208692736798235	0.3549661439657127	0.6990333245481015	0.20681547549988508
psvid_80693_sp|Q9NXA8|SIR5_HUMAN	Q9NXA8	SIR5_HUMAN	0.10200723239961729	0.11045746782841478	-0.16623178932360266	0.37024625412283724	0.923497835004473	0.39030396049000116	0.8115110510060403	0.17768185588663032	-0.4909342780190502	0.12935606567348412	-0.8373606586687199	-0.14450789736938052	-3.795216524737608	0.016045456740652372	0.6219650821978125	0.1902094981198755	-0.5703215275975041	0.12687233585679322	-0.8982920383935168	-0.2423510168014914	-4.495239436919116	0.006718230449365163	0.39647783251920843	0.16820993920110153
psvid_49819_sp|Q9ULC5|ACSL5_HUMAN	Q9ULC5	ACSL5_HUMAN	-0.0842509673385674	0.0912532491137366	-0.3058537503152491	0.13735181563811424	-0.923265397745546	0.39041598734375965	0.8115110510060403	0.12479817631464553	-0.25809112496608444	0.21576285680087176	-0.8359221309649061	0.3197398810327372	-1.1961795871301313	0.2919843801017574	0.7858402699700607	0.3518553922107477	-0.17640223052287252	0.11643718301629036	-0.4773974169960381	0.12459295595029307	-1.5149991261656737	0.19127023390994063	0.5943275882551811	0.14137195845708064
psvid_537484_sp|Q5K4L6|S27A3_HUMAN	Q5K4L6	S27A3_HUMAN	-0.07410897234693348	0.08048406200587133	-0.2695594609485943	0.12134151625472736	-0.9207906571803895	0.3916102502477935	0.8126421048986265	0.08909139233541394	-0.16965531917803256	0.11781139944417243	-0.48516411651371993	0.14585347815765481	-1.440058601955811	0.216909818974289	0.7282787510665996	0.16671908442070962	-0.2500000000000002	0.1127266718774949	-0.5414033536651164	0.041403353665115994	-2.2177537563753003	0.07834877646265792	0.5170253689101321	0.13116193307266688
psvid_73944_sp|P11310|ACADM_HUMAN	P11310	ACADM_HUMAN	0.07892911678340297	0.08578456637671687	-0.12939331370709325	0.28725154727389923	0.9200852801049472	0.39195116157000826	0.8126421048986265	0.10759459283808348	-0.22081297455906945	0.2437320589294527	-0.8735478469720154	0.43192189785387647	-0.905966065887881	0.41174255977813273	0.8101536433552932	0.4019510680852004	-0.30214665545285435	0.26271269366037675	-0.9812704041449671	0.37697709323925843	-1.150102993665986	0.3030314853740215	0.6743170095161402	0.4488595676670603
psvid_72509_sp|P21397|AOFA_HUMAN	P21397	AOFA_HUMAN	-0.06775473354310524	0.07380445130212349	-0.24698420716143732	0.11147474007522684	-0.9180304486750627	0.3929455581583208	0.8132856109394412	0.06067546861647398	0.0188203740277908	0.07191964753963716	-0.1737864671360833	0.2114272151916649	0.26168612711037414	0.8053443254260172	0.9727640365131593	0.047021519219726894	-0.05387000014498988	0.09769184238549732	-0.30640766512453455	0.19866766483455478	-0.5514278247759514	0.6054993158573768	0.8417286589624757	0.082769805414761
psvid_38042_sp|P07602|SAP_HUMAN	P07602	SAP_HUMAN	0.06416772569589302	0.06994556261797119	-0.1056906791669634	0.23402613055874943	0.9173952327235457	0.39325334724083955	0.8132856109394412	0.03729397405912427	-0.06784858223008605	0.11646249141612557	-0.3797448908621892	0.2440477264020171	-0.5825788320778756	0.5886920545801081	0.895598301958606	0.1639106542914448	-0.14976274690662872	0.11053895426714962	-0.43551075532018235	0.13598526150692491	-1.3548413579586014	0.234483467833058	0.6353511083708343	0.12492025690625505
psvid_39773_sp|O15126|SCAM1_HUMAN	O15126	SCAM1_HUMAN	0.08237382452340469	0.08997540923141317	-0.13612580457249265	0.30087345361930207	0.9155148637506332	0.3941655411661539	0.8141454502676226	0.120906081688438	0.04303325088468135	0.25979608891447614	-0.6527224395887521	0.7387889413581148	0.16564241234150268	0.8757629935575836	0.9814843470253816	0.4305018423857918	-0.0380007733612624	0.28444956879562766	-0.7733152904590606	0.6973137437365358	-0.13359406211146457	0.8990274593969104	0.9751799558415072	0.49030155938103764
psvid_74342_sp|Q9H082|RB33B_HUMAN	Q9H082	RB33B_HUMAN	-0.07929668673157586	0.08681603101592913	-0.29012396430216436	0.13153059083901264	-0.9133876059944088	0.39519944282358666	0.8152541965165814	0.11095841181495227	0.14095261587978403	0.15293211365925982	-0.26861239635405104	0.550517628113619	0.9216678728042255	0.4043341399472149	0.8101536433552932	0.23608237274975813	0.058230772207154446	0.12717240420557696	-0.2705154283320928	0.3869769727464017	0.45788842768925825	0.6665866526309068	0.8667518703711972	0.16894982065381423
psvid_33130_sp|P05556|ITB1_HUMAN	P05556	ITB1_HUMAN	-0.077288691637734	0.08531844697409742	-0.28447918044042075	0.1299017971649528	-0.905884886315368	0.3988623908860911	0.8217767852427003	0.10605307182709744	-0.00011071370202975217	0.1039393841071621	-0.27846909184015584	0.27824766443609633	-0.00106517565964799	0.9991966086075965	1.0	0.1369547133528716	-0.08037490729448127	0.10140687236323982	-0.34251608647745324	0.1817662718884907	-0.7925982275301622	0.4645772822125437	0.778964373318746	0.09628760375815175
psvid_74012_sp|Q8NE62|CHDH_HUMAN	Q8NE62	CHDH_HUMAN	-0.1628245939472528	0.18041912671202157	-0.6009611093032636	0.2753119214087581	-0.9024796700581944	0.400533324291892	0.8236482414043191	0.340008997987759	0.17004075455777867	0.13173657935557528	-0.18276084115954366	0.522842350275101	1.2907633960861782	0.2603354484908422	0.7644544487035423	0.19495107507140555	0.08762431177103303	0.1687215408509498	-0.3485282155824188	0.5237768391244848	0.5193427663658025	0.6260791221569677	0.8518063855250239	0.2622507970097079
psvid_39406_sp|Q9Y2Q3|GSTK1_HUMAN	Q9Y2Q3	GSTK1_HUMAN	-0.07941832206685095	0.08804812316092496	-0.29323765801198	0.13440101387827805	-0.9019876769172992	0.4007751808784431	0.8236482414043191	0.11489758534295166	-0.15162439664812544	0.08576174576630083	-0.381301536481753	0.07805274318550218	-1.7679723668557203	0.1451372466653936	0.7067636245123187	0.0928672447755212	-0.2318853958411573	0.08839143119971635	-0.4603810930693042	-0.0033896986130104445	-2.623392253002703	0.04775943653059922	0.5036298607729148	0.034459312083359665
psvid_47569_sp|P62333|PRS10_HUMAN	P62333	PRS10_HUMAN	0.11204073793839431	0.12474172057116267	-0.19088669423901	0.4149681701157986	0.8981817584797325	0.4026498384710998	0.8264652504287906	0.21317679048676277	0.44826255391246006	0.4274840192805711	-0.6965754621010267	1.5931005699259468	1.0486065763741483	0.3484204122491977	0.7995936304778763	0.7238571747806983	0.3713567067925607	0.44335633930672413	-0.7747387291045547	1.517452142689676	0.837603241160938	0.44111589232137977	0.7710550916536703	0.7866768010092434
psvid_75881_sp|Q15070|OXA1L_HUMAN	Q15070	OXA1L_HUMAN	-0.08490722461098166	0.09475658729640465	-0.3150176442858381	0.14520319506387477	-0.8960561691124063	0.40369969769166636	0.8275843802679161	0.1351501625531711	-0.6445804074171244	0.26819114013067674	-1.3628187483411205	0.07365793350687178	-2.4034366202517026	0.06817106056466642	0.6917486752637665	0.44537162787958534	-0.7267226489021295	0.28984747973011205	-1.4759910007303962	0.022545702926137445	-2.5072588161843203	0.05490795545122939	0.5036298607729148	0.5005398074846721
psvid_49848_sp|Q9Y282|ERGI3_HUMAN	Q9Y282	ERGI3_HUMAN	-0.08080443708309559	0.09047078963107481	-0.3005070663599541	0.13889819219376293	-0.8931549886168006	0.4051359539070607	0.8286329801740858	0.12242308020522805	-0.466866367991138	0.11024438829529948	-0.7621100755454414	-0.1716226604368346	-4.2348311348110945	0.01081550333503482	0.6219650821978125	0.15074677355237107	-0.5500915287516126	0.13562497661501857	-0.9006879968999779	-0.19949506060324723	-4.05597510488859	0.010147214538976825	0.4160357960980498	0.1892434617859198
psvid_63784_sp|Q9H553|ALG2_HUMAN	Q9H553	ALG2_HUMAN	-0.10164759333353679	0.11394859162359905	-0.37836458988223054	0.17506940321515696	-0.8920478251219149	0.405685076263682	0.8286329801740858	0.186563603768567	-0.14657304284462924	0.13591768241017005	-0.5105719828131493	0.21742589712389082	-1.0783956895490878	0.3363045966688513	0.7995936304778763	0.20320966510017402	-0.2293703625977388	0.15882387084529753	-0.6399369821524391	0.1811962569569615	-1.444180659852807	0.20934389715189441	0.6186927031367531	0.2411774058218244
psvid_55024_sp|P07954|FUMH_HUMAN	P07954	FUMH_HUMAN	-0.10408728841341919	0.11669458131416688	-0.38747274842358004	0.17929817159674166	-0.8919633391819098	0.40572700187792127	0.8286329801740858	0.19344596919789525	0.07923423188883483	0.2383101584994495	-0.5589803369540411	0.7174488007317108	0.33248365234509236	0.7547444337445861	0.9625045655840756	0.3922819247772223	-0.0016065672898578631	0.23982948812221083	-0.6215762335863121	0.6183630990065964	-0.006698789637741288	0.9949188775629864	1.0	0.40477518372362103
psvid_71936_sp|Q9NVS9|PNPO_HUMAN	Q9NVS9	PNPO_HUMAN	0.11323163090610766	0.12723485325110967	-0.19575021736685683	0.42221347917907215	0.889941930318689	0.4067310829943494	0.828819120664314	0.21917689958646783	-0.33334854134581837	0.2983537393688891	-1.1323648498948944	0.46566776720325753	-1.1172929893587196	0.32104336340277667	0.7989546524742849	0.4985652352528883	-0.4140113996956598	0.3078612337627153	-1.2098460898161076	0.381823290424788	-1.3447987414185445	0.237481181472724	0.6388933367165721	0.5345783813693029
psvid_89786_sp|O43169|CYB5B_HUMAN	O43169	CYB5B_HUMAN	-0.09841324645855476	0.11060834638440767	-0.36701866727686727	0.17019217435975775	-0.8897452106962153	0.4068288976431541	0.828819120664314	0.17806902070616526	0.2206320987663375	0.18287696647103951	-0.2691277379209314	0.7103919354536063	1.2064509983069787	0.2883823884555306	0.7858402699700607	0.2920306884648656	0.13914425332124414	0.1945653185049984	-0.3638155642177069	0.6421040708601952	0.7151544498803857	0.5070752957870086	0.8011594268696475	0.31543486769447476
psvid_46300_sp|Q2TAY7|SMU1_HUMAN	Q2TAY7	SMU1_HUMAN	0.09170316566800452	0.10320263603365776	-0.15891795278755133	0.34232428412356036	0.8885738697420201	0.40741168710411996	0.8289708202031261	0.15865026022231496	0.07830560698232159	0.07801414897100035	-0.13062281958026617	0.28723403354490934	1.0037359634779786	0.36738399356555673	0.8001457495982909	0.0699712682414791	0.0	0.08631442272419226	-0.22312653990913778	0.22312653990913778	0.0	1.0	1.0	3.6259732146947156e-16
psvid_105695_sp|Q15800|MSMO1_HUMAN	Q15800	MSMO1_HUMAN	-0.08291116792091024	0.09345961164918308	-0.3098719637120291	0.14404962787020856	-0.8871336661672824	0.40812910350491916	0.8289708202031261	0.13136787120958143	-0.7291045367046243	0.1467671632834213	-1.1221592953645958	-0.33604977804465275	-4.967763363366602	0.005937322496266614	0.5727769937574851	0.22428988474334244	-0.8098664836738476	0.1649587522450654	-1.2362920386912475	-0.3834409286564478	-4.90950902969184	0.004664294505074089	0.39647783251920843	0.2542965751033774
psvid_60122_sp|P27695|APEX1_HUMAN	P27695	APEX1_HUMAN	0.09733991469423309	0.10979621927158771	-0.16929330644812696	0.36397313583659313	0.8865506967362584	0.4084197699537353	0.8289708202031261	0.17598130017018848	-0.39927526380512113	0.07675327710003357	-0.6048269698679949	-0.19372355774224734	-5.202061447939745	0.004969243491913931	0.5727769937574851	0.06574639734144487	-0.479596558611587	0.09336265016055677	-0.7209430732449245	-0.23825004397824961	-5.136921004136232	0.0038529266514389683	0.39647783251920843	0.06437541282690709
psvid_44918_sp|Q15185|TEBP_HUMAN	Q15185	TEBP_HUMAN	-0.12007578946996933	0.13607359428535437	-0.45052196509808956	0.2103703861581509	-0.8824327019551148	0.41047739834798497	0.8312506091540479	0.24010218052480609	0.5790839507994159	0.5570690257787585	-0.9127935685717634	2.0709614701705954	1.0395192049852018	0.35219130141951266	0.7995936304778763	0.9480769988748944	0.5	0.5119615529395389	-0.8234428994436302	1.8234428994436302	0.9766358374552561	0.37439157298591774	0.7156202560569989	0.9128709291752769
psvid_55138_sp|Q6PCB7|S27A1_HUMAN	Q6PCB7	S27A1_HUMAN	0.30640073101477583	0.347517645089417	-0.5375240391523929	1.1503255011819444	0.8816839528707623	0.4108523543530482	0.8312506091540479	0.6927453619065848	-0.29194084153949973	0.20370433684608272	-0.8374781208995273	0.2535964378205279	-1.433159676713647	0.2187518491817991	0.7302695962541623	0.3300602005024201	-0.3713567067925605	0.20563978942703032	-0.9029445137238887	0.16023110013876773	-1.8058601782625028	0.1318551478567259	0.5506843659178836	0.33764280677892555
psvid_95269_sp|Q8N0U8|VKORL_HUMAN	Q8N0U8	VKORL_HUMAN	0.15438572205115442	0.175467268236432	-0.27172551607084144	0.5804969601731502	0.8798548219439343	0.4117694148614543	0.8312506091540479	0.32913338281600957	0.0016242388506526595	0.12667279323999409	-0.3376161134315701	0.3408645911328754	0.012822318108793725	0.9903292982822363	1.0	0.18482705563259605	-0.08048202372184055	0.1482081990672297	-0.46360666964230746	0.30264262219862637	-0.5430335448940484	0.6108445887634886	0.8453882916220433	0.21794635053301833
psvid_86383_sp|P50914|RL14_HUMAN	P50914	RL14_HUMAN	-0.08105300092438483	0.09221906994912472	-0.3050012191272918	0.1428952172785221	-0.8789180043682941	0.41223969205756295	0.8312506091540479	0.12769624116309203	-0.06368636150795437	0.0708778926664171	-0.25350329584855874	0.12613057283265	-0.898536329341657	0.4152863063505339	0.8117634593741067	0.04211791151734618	-0.14530259146501212	0.09677540615350719	-0.39547122889345193	0.10486604596342769	-1.5014412983659309	0.1946092197742291	0.5987975993053203	0.07916844354363164
psvid_25696_sp|P05109|S10A8_HUMAN	P05109	S10A8_HUMAN	0.07376539813639305	0.08395163060648549	-0.13010586298045687	0.277636659253243	0.8786654601405023	0.41236653630611964	0.8312506091540479	0.1014487983844894	0.016346753551416793	0.07878907385806756	-0.1946569867778997	0.22735049388073328	0.20747487882474933	0.8448780168388158	0.9778892202407429	0.07247769267355046	-0.06575860145844858	0.10046392375053269	-0.3254622174321089	0.19394501451521173	-0.6545494044383262	0.54218010941686	0.8166555724192858	0.09299670602522501
psvid_24281_sp|Q9Y394|DHRS7_HUMAN	Q9Y394	DHRS7_HUMAN	-0.10151487144721827	0.1157198904699723	-0.3825333559719781	0.17950361307754154	-0.8772465220536997	0.4130797604707275	0.8312506091540479	0.19101279587637449	0.041587544272696064	0.1422482386164405	-0.3393651555571764	0.4225402441025685	0.2923589400979024	0.7832656720051906	0.9665779766182299	0.21556528123605062	-0.04003930629837349	0.13263872396285892	-0.3829161813527783	0.3028375687560313	-0.3018673966554833	0.7751231564959392	0.9198277689242694	0.1821854855331485
psvid_47999_sp|Q96AG4|LRC59_HUMAN	Q96AG4	LRC59_HUMAN	-0.06109497525358343	0.06964579576575652	-0.23022541514708153	0.10803546463991467	-0.8772241681187399	0.41309100393935916	0.8312506091540479	0.034900487354438084	0.15113498970062889	0.07371921198130242	-0.04629123579614189	0.3485612151973997	2.050143858550219	0.10319161937914618	0.6917486752637665	0.054599612600639245	0.06988737315420268	0.08833541881189876	-0.1584635296132812	0.29823827592168656	0.7911591306655906	0.4653425357297809	0.778964373318746	0.03398604081775654
psvid_35240_sp|Q9NPD5|SO1B3_HUMAN	Q9NPD5	SO1B3_HUMAN	0.0915405636152471	0.10452336420509371	-0.162287860236976	0.3453689874674702	0.8757904446667827	0.4138126066783826	0.8316400896035938	0.1621814396633168	-0.6603143964888258	0.5577630443853299	-2.1540505558296603	0.8334217628520084	-1.183861862372955	0.29635836144667255	0.7858402699700607	0.9492752060579721	-0.7408685309937213	0.5530766557545636	-2.1705957609071147	0.6888586989196723	-1.3395404114153995	0.23906505955443835	0.6392719708353436	0.9882455805454754
psvid_23458_sp|Q2TAA5|ALG11_HUMAN	Q2TAA5	ALG11_HUMAN	-0.13457087472743545	0.15382594683749254	-0.5081275233320716	0.23898577387720066	-0.8748255901821371	0.414298751954961	0.8316400896035938	0.28089300568096287	-0.5313271810971201	0.44024540723013217	-1.7103412631220127	0.6476869009277726	-1.2068886406789388	0.288229826727761	0.7858402699700607	0.7459936406972351	-0.6119255815137981	0.4381927672581562	-1.7446729589010397	0.5208217958734436	-1.3964757687414981	0.22243111258006387	0.6245667201490522	0.7771515782428096
psvid_46432_sp|O60763|USO1_HUMAN	O60763	USO1_HUMAN	0.09186496002112055	0.10531229049165719	-0.16387932175795866	0.34760924180019975	0.8723099610904205	0.41556825600952324	0.83316863063034	0.16427546825603673	-0.3772528311760066	0.43949317656262177	-1.554252376455347	0.7997467141033339	-0.8583815433190309	0.4348655511306971	0.8276831523344766	0.7446892168638662	-0.4619992266387375	0.4528585768633596	-1.6326583602411784	0.7086599069637033	-1.0201843362196845	0.3552604117575971	0.6990333245481015	0.8041942376893764
psvid_47896_sp|Q687X5|STEA4_HUMAN	Q687X5	STEA4_HUMAN	-0.06343996280774089	0.07287714623770444	-0.2404175343300993	0.11353760871461752	-0.870505584848477	0.4164806053030482	0.8339782572612932	0.05585543684144527	-0.09947618625212051	0.2569262579146618	-0.7875462288885875	0.5885938563843465	-0.3871779671704929	0.7166027933656679	0.9513860308426689	0.42541107452532717	-0.1780719051126377	0.24162174983602228	-0.8026746459543762	0.4465308357291008	-0.7369862408226372	0.49482442654145087	0.7948225363329373	0.40824829046386313
psvid_49917_sp|Q8NBN3|GPHCC_HUMAN	Q8NBN3	GPHCC_HUMAN	-0.09948465350594304	0.11503819942774614	-0.37884769415824077	0.17987838714635468	-0.8647966849344504	0.4193769808929771	0.8384947383772664	0.18930478402009326	-0.9164675404011002	0.23859289807336975	-1.5554393095093806	-0.27749577129282	-3.8411350371345803	0.015377544568368809	0.6219650821978125	0.39278659589306025	-1.0	0.20568266471484667	-1.5316986414166451	-0.46830135858335475	-4.861858442890047	0.004858763862845126	0.39647783251920843	0.33772825725719613
psvid_68778_sp|P30101|PDIA3_HUMAN	P30101	PDIA3_HUMAN	-0.06490580025105874	0.07516839310841678	-0.24744752086364427	0.11763592036152679	-0.8634719669668061	0.4200511922121905	0.8384947383772664	0.06723524146057139	-0.1037593447635734	0.10838796872147005	-0.39403140517801827	0.18651271565087146	-0.9572957772666535	0.3879295455819641	0.8083919374262081	0.14673787258759097	-0.09068066817074572	0.0866970225501167	-0.31479624528402655	0.13343490894253512	-1.045949047654159	0.3443313970589834	0.6990333245481015	0.014717821837673539
psvid_151841_sp|Q9P0U1|TOM7_HUMAN	Q9P0U1	TOM7_HUMAN	0.16165629248148328	0.187309763485439	-0.2932137014114678	0.6165262863744343	0.86304253165132	0.42026992374762984	0.8384947383772664	0.35506293572050224	-0.41843771505920646	0.21526040450719142	-0.9949231117227213	0.15804768160430838	-1.9438675497110631	0.11723959767230352	0.7048513307479977	0.3509499519656722	-0.5	0.2416217498360222	-1.1246027408417383	0.12460274084173828	-2.0693501323425045	0.0943611946682532	0.5204027816531388	0.40824829046386296
psvid_43385_sp|P19827|ITIH1_HUMAN	P19827	ITIH1_HUMAN	-0.08835973220252402	0.10256373259812422	-0.33742931380056884	0.1607098493955208	-0.861510496587953	0.42105094592244185	0.8390322616194468	0.15693000637748136	-0.256143276023431	0.09564185790225915	-0.512280183861386	-6.368185476057775e-06	-2.678150358446567	0.049996313394463206	0.6837666104479102	0.11785857327509579	-0.3397751624809495	0.0949188463612144	-0.5851445120324097	-0.09440581292948941	-3.579638559743262	0.01638710218658411	0.4566206351594144	0.0714354187347666
psvid_66100_sp|P54840|GYS2_HUMAN	P54840	GYS2_HUMAN	-0.06870677879579024	0.08020021801558028	-0.2634679700980058	0.12605441250642535	-0.8566906736144129	0.4235150397940463	0.8407894576172467	0.08802803395741886	-0.10677292577592556	0.1029643985844134	-0.38252021100493194	0.1689743594530808	-1.0369887771295028	0.35324759644462356	0.7995936304778763	0.1347733327885303	-0.2038640911582552	0.12758192765198442	-0.5336689276325483	0.12594074531603783	-1.5979072813067368	0.17203732573330746	0.577464971389952	0.16995718663609208
psvid_61642_sp|Q9BVG9|PTSS2_HUMAN	Q9BVG9	PTSS2_HUMAN	-0.11605323972749026	0.13555631294187823	-0.44524323010840516	0.21313675065342463	-0.8561256735955175	0.4238045846476883	0.8407894576172467	0.23889083516828016	-0.06562463362379445	0.23564821290211868	-0.6967102891531088	0.56546102190552	-0.27848559857762634	0.7932238042952666	0.9686200888248205	0.38752802623506794	-0.14624062518028902	0.2505939554096967	-0.7940369079797188	0.5015556576191408	-0.5835760281655631	0.5852887611750481	0.8361268016786402	0.4255801616607517
psvid_23689_sp|P00747|PLMN_HUMAN	P00747	PLMN_HUMAN	-0.08322022314254607	0.09722879653013798	-0.31933424763823604	0.15289380135314393	-0.8559215593782478	0.4239092225803801	0.8407894576172467	0.142216460587898	-0.189731906109309	0.09170652142935315	-0.4353296531908703	0.05586584097225228	-2.0689030960079595	0.10090535297710643	0.6917486752637665	0.108278718347935	-0.2699947696523093	0.10704307062945623	-0.5467057666906496	0.006716227386031004	-2.5223003045842356	0.0539191427631073	0.5036298607729148	0.11452484992256477
psvid_49957_sp|Q92597|NDRG1_HUMAN	Q92597	NDRG1_HUMAN	0.13785839989512905	0.1615985411295267	-0.2545735056761564	0.5302903054664145	0.8530918591933999	0.4253618077114704	0.8407894576172467	0.29837045419313357	-0.11756117356963225	0.4096241280059276	-1.2145689045411427	0.9794465574018782	-0.28699767794911496	0.7871082869441098	0.9665779766182299	0.6928487301293438	-0.19896482080494338	0.3609563612860028	-1.1320527267426488	0.734123085132762	-0.551215720637471	0.6056340351071472	0.8417286589624757	0.6340192347483538
psvid_39659_sp|P55061|BI1_HUMAN	P55061	BI1_HUMAN	0.1250968534423169	0.14667412808308378	-0.23109205259189897	0.4812857594765328	0.8528897023437945	0.4254657216298321	0.8407894576172467	0.2646245969647408	0.47686145796985535	0.21936794072096244	-0.1106242647820852	1.064347180721796	2.1737973944717224	0.08909111989119169	0.6917486752637665	0.3583455205226395	0.396240625180289	0.20933874222797222	-0.144909135752616	0.937390386113194	1.892820320611168	0.11801481135498415	0.5319320213874119	0.3450011099201671
psvid_46066_sp|P14314|GLU2B_HUMAN	P14314	GLU2B_HUMAN	-0.059132587252126	0.06942505548527826	-0.22772697324130703	0.10946179873705503	-0.8517470650731449	0.42605341725345247	0.8407894576172467	0.033034463476003764	-0.06180678338986656	0.07849547497328176	-0.2720242413095444	0.14841067452981124	-0.7873929473119861	0.4712466968686907	0.8337187464473949	0.07153550487242331	-0.14814392120775755	0.09612621219280533	-0.39663436398911994	0.10034652157360485	-1.5411396936208992	0.184989198307383	0.585680087305228	0.07653650707560691
psvid_87839_sp|O43741|AAKB2_HUMAN	O43741	AAKB2_HUMAN	-0.07678506043327893	0.09018565105044772	-0.2957952485793868	0.14222512771282897	-0.8514110564032762	0.42622635067750286	0.8407894576172467	0.12155119732235292	-0.23633907361144368	0.12711324308125305	-0.576758987467147	0.10408084024425962	-1.8592797090415791	0.12987479300073107	0.7067636245123187	0.185713451651004	-0.3157586014584485	0.1298565996943131	-0.6514435641760071	0.01992636125911018	-2.4315945604748244	0.06019213878510913	0.5036298607729148	0.17550421368632943
psvid_60821_sp|P18859|ATP5J_HUMAN	P18859	ATP5J_HUMAN	0.07178868317666875	0.08440770448129857	-0.13319012469476926	0.2767674910481068	0.8504991767969985	0.4266959265910203	0.8407894576172467	0.10299968930720202	4.440892098500626e-16	0.3433121711072731	-0.919418755127243	0.9194187551272439	1.2935434488610082e-15	0.999999999999999	1.0	0.5773498527197525	-0.0024524451980008077	0.1512717036542814	-0.3934963838268117	0.38859149343081006	-0.01621218733416041	0.9877033745789413	1.0	0.22472852296313195
psvid_18452_sp|P53680|AP2S1_HUMAN	P53680	AP2S1_HUMAN	0.10329444642566799	0.12147875548662733	-0.19170908002222597	0.39829797287356195	0.8503087310360113	0.4267940451991015	0.8407894576172467	0.20524790689384775	-0.42258092830205696	0.14148600166989592	-0.8014922937328497	-0.04366956287126422	-2.9867331277619233	0.03579766736561077	0.6392260310717692	0.21408622491015672	-0.5045629261390557	0.13676910458508484	-0.8581170148926112	-0.1510088373855003	-3.6891586566260237	0.014632021904590436	0.4566206351594144	0.19191911298737668
psvid_63340_sp|P37802|TAGL2_HUMAN	P37802	TAGL2_HUMAN	-0.10295942924820967	0.12124188136223536	-0.39738772176536435	0.19146886326894502	-0.8492067929942206	0.4273620936432164	0.8407894576172467	0.2046687162286087	-0.126632349171933	0.3102648434895085	-0.9575475924061675	0.7042828940623015	-0.40814275877252276	0.702228102087795	0.9478634464394928	0.5194883293523644	-0.20751874963942185	0.2753337238531017	-0.9192684107585917	0.504230911479748	-0.753698990212107	0.48558913546611504	0.7877497068248037	0.4729660183793949
psvid_82803_sp|P11233|RALA_HUMAN	P11233	RALA_HUMAN	0.14497882005812635	0.1713061753026219	-0.2710274652724613	0.560985105388714	0.8463140327662629	0.42885594246042197	0.8407894576172467	0.3199533705881434	0.04434188694533692	0.09667265307702232	-0.21455557672527387	0.3032393506159477	0.4586807699381982	0.6681811366066492	0.9318172313221978	0.12030430975007142	-0.03697467377807828	0.1235674044170523	-0.3564017929425134	0.28245244538635683	-0.2992267576753905	0.7770210865145712	0.9205208023681024	0.15995642087632828
psvid_77819_sp|O95249|GOSR1_HUMAN	O95249	GOSR1_HUMAN	0.1128012018105693	0.13330572525099943	-0.21092337774414927	0.43652578136528786	0.8461842250074222	0.42892306579488915	0.8407894576172467	0.23360245658020962	0.12477180681857236	0.19426058137253133	-0.3954743042347376	0.6450179178718823	0.6422909163403505	0.5525812884610121	0.8747425801892469	0.3128844694882108	0.04248125036057815	0.1824370462892963	-0.42912645557110535	0.5140889562922617	0.232854298096968	0.8252717279001532	0.951671010291804	0.2907515051634278
psvid_39274_sp|Q9Y2P5|S27A5_HUMAN	Q9Y2P5	S27A5_HUMAN	-0.0669124077908636	0.07908027844008879	-0.25895389618819625	0.12512908060646905	-0.8461326782195947	0.4289497226659514	0.8407894576172467	0.08373949982049726	-0.2499998196632549	0.21670530891110235	-0.8303547913669933	0.3303551520404835	-1.1536395712659295	0.3073444540144443	0.7858402699700607	0.353553135558603	-0.056053788282776296	0.13884477120741015	-0.41497356560641263	0.30286598904086004	-0.40371551478191137	0.7034071445347686	0.8839752620973337	0.19673594868266697
psvid_35173_sp|O43747|AP1G1_HUMAN	O43747	AP1G1_HUMAN	-0.08934231739847043	0.10577284245188434	-0.3462050206812541	0.16752038588431323	-0.8446621583334295	0.4297106961444273	0.8407894576172467	0.16549283136239684	0.09530875731141775	0.09827128187521872	-0.1678699682055405	0.358487482828376	0.9698536082233803	0.3822808018147749	0.8081004239928898	0.12405174011916774	0.012407691931150544	0.13309301111919908	-0.33164353519698864	0.3564589190592897	0.09322572107139514	0.929409432394671	0.992984670441212	0.1832664492005593
psvid_65729_sp|Q15233|NONO_HUMAN	Q15233	NONO_HUMAN	-0.09368954991894984	0.11101592567836896	-0.36328475144866385	0.17590565161076416	-0.843928916922997	0.4300905063674861	0.8407894576172467	0.17911333733642207	0.11130735076124898	0.12349745548441111	-0.2194291809982974	0.44204388252079535	0.901292664894615	0.4139687519095949	0.8101536433552932	0.17840098451116732	0.03249419677876242	0.12204058754688797	-0.2829860343157235	0.34797442787324834	0.26625729547785204	0.8008624531776569	0.9368148525045346	0.15607340783449994
psvid_58524_sp|Q07021|C1QBP_HUMAN	Q07021	C1QBP_HUMAN	-0.07742493276860518	0.09175288674199995	-0.3002410543384697	0.14539118880125934	-0.8438419271353983	0.4301355822810182	0.8407894576172467	0.12630189539942255	0.22726932210947215	0.27775457849061325	-0.5165807079173886	0.9711193521363329	0.8182378967234657	0.4551612896384873	0.8337187464473949	0.4622739563037784	0.14624062518028913	0.2371389291740681	-0.46677382911829346	0.7592550794788717	0.6166875497398553	0.5649141365739999	0.8298398456720806	0.3995540385647722
psvid_58949_sp|Q9NPA0|EMC7_HUMAN	Q9NPA0	EMC7_HUMAN	0.0598286125630052	0.07117526238516908	-0.11301604093519774	0.23267326606120814	0.8405815526079718	0.4318275115605468	0.8430918082848771	0.04590697826883118	-0.761515620061409	0.4188886698543411	-1.8833345702379356	0.3603033301151175	-1.817942749146709	0.13656494044751985	0.7067636245123187	0.7089381536675892	-0.8452054459852327	0.41163313705345167	-1.909295023183295	0.21888413121282957	-2.053297875956669	0.09629053042912752	0.5225676808469604	0.7280816208133795
psvid_96472_sp|Q9Y5L4|TIM13_HUMAN	Q9Y5L4	TIM13_HUMAN	-0.06421620087656521	0.0766677506496758	-0.25039901708900114	0.12196661533587069	-0.8375907775094841	0.4333837928124119	0.8432946957838251	0.07389638491302938	0.10433216346116847	0.16900048965312597	-0.34826530580892084	0.5569296327312578	0.6173482909742484	0.5674835398488445	0.8872001957598713	0.2663355591462453	0.023277351097870325	0.14625769423214544	-0.3548051549206817	0.40135985711642236	0.15915300196736099	0.8798889399372346	0.9687449624358292	0.21359091888815132
psvid_77976_sp|Q9H1E5|TMX4_HUMAN	Q9H1E5	TMX4_HUMAN	-0.10882082131966708	0.12994486746458586	-0.42438376886794804	0.20674212622861388	-0.8374383955512844	0.4334631954105735	0.8432946957838251	0.22564702811206377	-0.06710176158969716	0.8398577682040809	-2.3163112237408696	2.1821077005614753	-0.07989657788506851	0.9398178252492527	1.0	1.4351272831580915	-0.14624062518028902	0.7677337415936369	-2.1308657657626373	1.8383845154020593	-0.19048351955552642	0.8565569892129995	0.9614570829524488	1.3800097129416502
psvid_80050_sp|P51149|RAB7A_HUMAN	P51149	RAB7A_HUMAN	-0.06251414268030242	0.07489054339351273	-0.24438112271466184	0.119352837354057	-0.8347401400444052	0.43487094281294914	0.8432946957838251	0.06594243610716138	0.2003559906236001	0.1246161059744556	-0.13337638086298526	0.5340883621101855	1.6077856795225973	0.1765673825917349	0.7176098719675167	0.18067221513813705	0.1184827970831035	0.13824721429224762	-0.23889226960387555	0.47585786377008255	0.857035692832384	0.4312678352009792	0.7679470681103213	0.19535402204525337
psvid_68452_sp|Q9Y3E5|PTH2_HUMAN	Q9Y3E5	PTH2_HUMAN	-0.08610081564110317	0.10316944096042997	-0.33664132194662777	0.16443969066442143	-0.8345573538013705	0.43496642683537073	0.8432946957838251	0.1585610799856499	0.05229143016040405	0.09533928836660918	-0.20303517111338365	0.30761803143419175	0.5484772443373739	0.6099740709555445	0.9049999163602519	0.11713604126453725	-0.029537837929565658	0.11512732038118997	-0.3271469724741895	0.2680712966150582	-0.25656671094024425	0.8079187447081547	0.941964934137886	0.13781673091787516
psvid_76062_sp|O95210|STBD1_HUMAN	O95210	STBD1_HUMAN	-0.07936116227874113	0.09515080269586358	-0.31042890928671507	0.15170658472923282	-0.8340566766673334	0.4352280488352482	0.8432946957838251	0.1362890886938779	-0.12429986119892078	0.07431065248282151	-0.32331001390655817	0.07471029150871661	-1.6727058240762365	0.16306276943000964	0.7176098719675167	0.05690668026952474	-0.20545245980249138	0.10157209737335719	-0.46802075282867056	0.057115833223687795	-2.0227253853712632	0.10008091275856154	0.5293694948893074	0.09685582096862151
psvid_37447_sp|O75153|CLU_HUMAN	O75153	CLU_HUMAN	0.0582635657098205	0.06999710484649738	-0.11172000621714767	0.22824713763678867	0.832371079312375	0.4361096733908819	0.8432946957838251	0.037691193715799834	-0.4761443892549653	0.2270104122866743	-1.0840972911062643	0.13180851259633375	-2.0974561671368557	0.09752977228445786	0.6917486752637665	0.372069081548122	-0.5567463831592319	0.25682801168684544	-1.2206579727963587	0.10716520647789485	-2.1677790498883813	0.08339132698581522	0.5204027816531388	0.43757293513756157
psvid_46340_sp|Q6IC98|GRAM4_HUMAN	Q6IC98	GRAM4_HUMAN	0.09501770630510986	0.11435913401748901	-0.18269626665702132	0.37273167926724105	0.8308711597149621	0.4368952694494988	0.8432946957838251	0.18759805992681627	-0.020032716342654133	0.2192996741196735	-0.6073356154173234	0.5672701827320151	-0.09134859147908322	0.9312191113704003	1.0	0.35822272413123407	-0.10375937481971087	0.245562147974378	-0.7385482163700775	0.5310294667306558	-0.4225381463536357	0.6905012371497502	0.8789564839897613	0.4158710184408933
psvid_66069_sp|P18621|RL17_HUMAN	P18621	RL17_HUMAN	0.08148399410733198	0.0980759534342541	-0.1566872977119144	0.3196552859265783	0.830825408819047	0.43691924797312376	0.8432946957838251	0.1445986015930581	0.5073365439893296	0.252996527949273	-0.17020935258755876	1.184882440566218	2.005310302483886	0.10888462071794684	0.693740667046139	0.41843350828250647	0.1697795808153546	0.21549818472709392	-0.38729260709119595	0.7268517687219052	0.787846918665987	0.46710737212040243	0.778964373318746	0.35719584038273694
psvid_80495_sp|P16152|CBR1_HUMAN	P16152	CBR1_HUMAN	-0.07149589328223183	0.08605763124347963	-0.2804814446478255	0.13748965808336183	-0.8307908578142381	0.43693735714780324	0.8432946957838251	0.10849132333883076	-0.13670106393123982	0.1352122273644619	-0.49881073618801147	0.22540860832553183	-1.0110111089492284	0.36425046304541553	0.7995936304778763	0.2018220883666683	-0.21806937426066286	0.11690846478113925	-0.5202828446103136	0.08414409608898782	-1.8653001274878072	0.12222522156053632	0.5319320213874119	0.1426390635229417
psvid_87632_sp|P49006|MRP_HUMAN	P49006	MRP_HUMAN	0.14445237917537668	0.17392769801681848	-0.27792010938353084	0.5668248677342842	0.8305311967126041	0.43707347037576305	0.8432946957838251	0.3257414235999425	0.3247107274372598	0.16699109814891258	-0.12250542304821271	0.7719268779227324	1.94447926288683	0.11715312409358315	0.7048513307479977	0.26258494949736977	0.24283266429218264	0.20135195270228606	-0.2776708980611029	0.7633362266454682	1.2060109724946593	0.28270723525482205	0.6651934947172283	0.32907740585237943
psvid_68246_sp|P48651|PTSS1_HUMAN	P48651	PTSS1_HUMAN	0.09219164443078931	0.11132049441905961	-0.1781431831527941	0.3625264720143727	0.8281641661034953	0.4383156720707909	0.8438129148502146	0.17989224771496243	-0.18368422320228683	0.20379550185938639	-0.7294656501052708	0.3620972037006971	-0.9013163761044353	0.413957432420774	0.8101536433552932	0.33022551960669194	-0.26472342226339207	0.2044171908813927	-0.7931507587359449	0.26370391420916073	-1.2950154589346174	0.2528762648296386	0.6490095059790412	0.3352045524023766
psvid_67341_sp|Q9Y6K0|CEPT1_HUMAN	Q9Y6K0	CEPT1_HUMAN	-0.1593626319869319	0.19245331212784228	-0.6267234106420982	0.30799814666823444	-0.8280586612147833	0.4383710996660871	0.8438129148502146	0.3662456504103146	-0.1684897250669808	0.1944552438982753	-0.6892571586720435	0.35227770853808194	-0.866470462247458	0.43086342079596174	0.8276831523344766	0.31323957180338985	-0.25	0.21365473874435506	-0.8023067997980967	0.3023067997980967	-1.1701121232753617	0.29561300416285463	0.6659413830042331	0.3535533905932738
psvid_16801_sp|P60660|MYL6_HUMAN	P60660	MYL6_HUMAN	0.06771763986611834	0.08193147930933653	-0.13124781073077746	0.26668309046301414	0.8265155278161999	0.4391823722490712	0.8443834589548379	0.09438241983403127	0.1581651629776597	0.10910651312669624	-0.13403121954988112	0.4503615455052005	1.449639975149749	0.21437676989977986	0.7258795267620202	0.14829431038855928	0.07682032973074027	0.09872260491860581	-0.1783819012647921	0.3320225607262726	0.778143261050259	0.47230610290486713	0.77910135980814	0.08667964878434085
psvid_20925_sp|P62805|H4_HUMAN	P62805	H4_HUMAN	0.06861772715794778	0.08324454107800325	-0.13353641145809086	0.27077186577398643	0.8242910137933298	0.44035377357491934	0.8449093567162435	0.09901345113686111	0.41561551948076714	0.31300015537032577	-0.4226251181204499	1.2538561570819842	1.3278444510324032	0.24883018281982855	0.745519190257882	0.5242875601657355	0.10737030901054112	0.18502433763587942	-0.37092565767386293	0.5856662756949451	0.5803037069741692	0.587326853598493	0.8368514682028919	0.2960533961066649
psvid_104749_sp|P22792|CPN2_HUMAN	P22792	CPN2_HUMAN	0.06830814431411092	0.08291192302995307	-0.13303825226718305	0.26965454089540486	0.8238639488488726	0.4405789181351876	0.8449093567162435	0.09785418947086393	-0.7721689544692367	0.21843558493466145	-1.3571577503175614	-0.18718015862091208	-3.534996162370743	0.02054109797757501	0.6392260310717692	0.35666808464687355	-0.8537593748197109	0.1970028307628338	-1.363020267647259	-0.3444984819921628	-4.333741660024814	0.007793366358936603	0.39647783251920843	0.3203474877446992
psvid_96908_sp|O75489|NDUS3_HUMAN	O75489	NDUS3_HUMAN	0.057601992300858385	0.06998492487028053	-0.11235200131900885	0.22755598592072562	0.8230628582887767	0.4410014691153075	0.8449093567162435	0.03759767884196372	0.28580858121521	0.14318137459045233	-0.09764313492632798	0.6692602973567481	1.9961296085661997	0.11009145872291197	0.693740667046139	0.21737294368751173	0.20482513174087846	0.1544138350949974	-0.19434135343553477	0.6039916169172916	1.3264687818605592	0.24304524095495156	0.6395189685410964	0.2316162142965573
psvid_884553_sp|Q9UF12|HYPDH_HUMAN	Q9UF12	HYPDH_HUMAN	-0.09133632314008722	0.11142386010861052	-0.36192216780734987	0.17924952152717544	-0.8197196098847863	0.44276808086777264	0.847304145417908	0.18015631511489244	-0.011845927825290037	0.07085101053187347	-0.20159086955754163	0.17789901390696156	-0.16719490288654323	0.8746117170889426	0.9814843470253816	0.04198480127327065	-0.09248740243757603	0.10200080020892091	-0.3561639109546266	0.17118910607947452	-0.9067321261023514	0.4068563319277087	0.7471941594193082	0.0983190753648521
psvid_109445_sp|P30050|RL12_HUMAN	P30050	RL12_HUMAN	-0.0696479258767102	0.08517440941907728	-0.27648862852541756	0.13719277677199715	-0.8177095250995721	0.44383267876928556	0.848351507204695	0.10557388629463174	8.881784197001252e-16	0.06648275985679548	-0.178046400475148	0.17804640047514977	1.3359529923445871e-14	0.9999999999999899	1.0	5.426859785202775e-15	-0.10171431844445222	0.14075958947280398	-0.4655839843339585	0.26215534744505403	-0.7226102237539158	0.5028677769424189	0.7992416388798445	0.20113938747404403
psvid_1211782_sp|Q9BQE5|APOL2_HUMAN	Q9BQE5	APOL2_HUMAN	0.06335150835893266	0.07775871230528308	-0.1254806397003298	0.2521836564181951	0.8147191032461122	0.44541988817631945	0.8498153957339021	0.07846259525280934	0.2241659004026575	0.11327091879527733	-0.07918310937751655	0.5275149101828316	1.979024296675907	0.11237838345276949	0.7007625432035816	0.15720144202970873	0.1434817445772837	0.10993057060361738	-0.14069356558380108	0.42765705473836846	1.3052033095929574	0.24965233216352603	0.6462660267216375	0.12315089231465441
psvid_46789_sp|Q9Y4F1|FARP1_HUMAN	Q9Y4F1	FARP1_HUMAN	-0.05829579701990184	0.07158879125391418	-0.23214467939811861	0.11555308535831493	-0.8143145875048486	0.4456349026409486	0.8498153957339021	0.04848960237505342	-0.15749746532984776	0.13972032732128103	-0.5316802069360679	0.21668527627637235	-1.1272337271847992	0.31724333282301825	0.7979740273462422	0.21065132290974492	-0.24050803745024485	0.15343814416989487	-0.6371523191145694	0.15613624421407962	-1.5674592439279085	0.17886916435105132	0.5801574353206355	0.22948451526933497
psvid_881227_sp|P27635|RL10_HUMAN	P27635	RL10_HUMAN	-0.0712699046309373	0.08773911682782187	-0.28433883810779126	0.14179902884591666	-0.8122933898547948	0.44671035418952515	0.8508768651229051	0.11391727573433463	0.18396565029920664	0.09089846071430527	-0.05946804249234694	0.4273993430907602	2.0238588074380317	0.10648941310581456	0.6917486752637665	0.10625777215036909	0.10319726487145653	0.11203557793058495	-0.1864195808583764	0.39281411060128946	0.9211115502558975	0.40000001115000955	0.7408039472854556	0.12920968819036738
psvid_160167_sp|Q96PC5|MIA2_HUMAN	Q96PC5	MIA2_HUMAN	0.057709119340247916	0.07129908965271695	-0.11543624089841095	0.23085447957890678	0.8093948972046775	0.4482558395634984	0.8517029114417294	0.04669371872598546	0.20084673957113042	0.08334619490923921	-0.022361352705042026	0.42405483184730286	2.409788950651494	0.06767531882419882	0.6917486752637665	0.08616294825530144	0.11897153292784957	0.10053936414169408	-0.14092709974079598	0.3788701655964951	1.183332856175401	0.29080018507041666	0.6659413830042331	0.09326311900676543
psvid_74352_sp|P05026|AT1B1_HUMAN	P05026	AT1B1_HUMAN	0.057675296779633456	0.07131399845635292	-0.11550626855208973	0.23085686211135664	0.8087514096539279	0.4485994664270284	0.8517029114417294	0.04678764128480325	-0.1430578897636714	0.17168615705678458	-0.6028478013319571	0.3167320218046144	-0.8332523263151351	0.44748572454591823	0.8334366012066137	0.2713357865425831	-0.22305045377523292	0.20253723421523528	-0.7466180204334271	0.30051711288296123	-1.1012812268296226	0.3218229756354718	0.6810157109210588	0.3314491124379883
psvid_165868_sp|O60613|SEP15_HUMAN	O60613	SEP15_HUMAN	-0.07528744744045568	0.09315236531135049	-0.30150211480125155	0.15092721992034022	-0.8082183118895212	0.4488842866968141	0.8517029114417294	0.13046360326304277	-0.050211465266345456	0.12596253504551963	-0.3875496866020409	0.28712675606935	-0.3986222192829028	0.708738339675842	0.9511602335449304	0.18339519875507926	-0.13250942846763325	0.12858992624372917	-0.46491998517860056	0.19990112824333406	-1.0304806320245885	0.3508583587712217	0.6990333245481015	0.17242519940918472
psvid_40334_sp|Q9H3K2|GHITM_HUMAN	Q9H3K2	GHITM_HUMAN	-0.10046946240117993	0.12445075164286985	-0.40269029481478774	0.20175137001242788	-0.8073029778839116	0.4493736266540597	0.8517029114417294	0.2124733594899688	0.3610523056738826	0.43812079154569383	-0.8122718775588704	1.5343764889066356	0.8240930643809142	0.4521560277288814	0.8337187464473949	0.742309264428679	0.276728800979128	0.4513042397346373	-0.8899123034870662	1.4433699054453222	0.6131757174314205	0.5670534907961732	0.8298398456720806	0.8013297791660965
psvid_51181_sp|Q9HCU5|SEC12_HUMAN	Q9HCU5	SEC12_HUMAN	0.06236123275172112	0.07731208819267867	-0.12538631670684636	0.2501087822102886	0.8066168462078435	0.4497406837247181	0.8517029114417294	0.07661840225572905	-0.05885471816033139	0.10053481272802296	-0.32809536892790103	0.21038593260723826	-0.5854163007151679	0.5869425328419542	0.8948438526472344	0.12927138059954296	-0.1404381153900658	0.1281027232894115	-0.4715892312567402	0.1907130004766086	-1.0962929732007805	0.3237988775573321	0.6810157109210588	0.17123433468860605
psvid_74919_sp|P38435|VKGC_HUMAN	P38435	VKGC_HUMAN	-0.0563620690520219	0.07005652918748596	-0.2264899492580653	0.11376581115402148	-0.8045227148091392	0.4508622932650874	0.8522728877106991	0.03814438184796436	-0.08840220156666057	0.09966674188038649	-0.3553180858818145	0.17851368274849339	-0.8869779416764231	0.4208482339428021	0.8185306461315266	0.12728095498443498	-0.1731428687019385	0.12752083042240628	-0.5027897661782802	0.15650402877440317	-1.3577614584880882	0.23361849937212859	0.6353511083708343	0.1698070708162263
psvid_53218_sp|P02748|CO9_HUMAN	P02748	CO9_HUMAN	0.08821573711501518	0.1099070157253284	-0.17868654625506109	0.35511802048509145	0.8026397271624363	0.4518725131289026	0.8522728877106991	0.17626666902547874	-0.1416272007620094	0.15610444082260014	-0.5596879709002833	0.2764335693762645	-0.9072592683186834	0.4111282565588957	0.8101536433552932	0.24210641133758892	-0.22098236179130204	0.12919860352926507	-0.5549663757803986	0.11300165219779462	-1.7104082842601842	0.14896939362627365	0.5629258192329235	0.17390780041627515
psvid_56555_sp|P04792|HSPB1_HUMAN	P04792	HSPB1_HUMAN	0.07232183098876455	0.09053756098450351	-0.14754294832534337	0.29218661030287246	0.7988047193047669	0.45393495913074633	0.8522728877106991	0.12262675024266152	0.06038268117438372	0.07087549467137712	-0.12942783113461206	0.25019319348337954	0.851954282003327	0.4380664489184913	0.8276831523344766	0.04210605259144361	-0.0031201005146159755	0.08854392404624786	-0.23200999838888425	0.2257697973596523	-0.035237883888975814	0.9732780048398624	1.0	0.03571747845162874
psvid_44217_sp|Q6IAN0|PEXRP_HUMAN	Q6IAN0	PEXRP_HUMAN	-0.08598448900033429	0.10765457191239489	-0.3474168540684053	0.1754478760677367	-0.7987072678186405	0.4539874548350038	0.8522728877106991	0.17042980576578745	0.07571616417628935	0.15443035636087785	-0.33786126752743306	0.48929359588001176	0.4902932685032039	0.6473432879673762	0.9190364020538448	0.23893094037647014	-0.005506576582499756	0.16990399213975746	-0.4447157919882579	0.4337026388232584	-0.03240993053282837	0.9754215877865972	1.0	0.2647371897328629
psvid_78968_sp|P08709|FA7_HUMAN	P08709	FA7_HUMAN	0.11457594428408324	0.14353751795679337	-0.23399590109914742	0.4631477896673139	0.7982299395658498	0.45424464680265364	0.8522728877106991	0.25742418997242134	0.04268308683359834	0.2835062085069837	-0.7165702902186479	0.8019364638858446	0.1505543284514946	0.8869701402315623	0.9863764651210738	0.4724220521871127	-0.0380007733612624	0.2655829848976474	-0.7245443498421814	0.6485428031196566	-0.1430843673057875	0.891911181187332	0.9725627241670376	0.45435346209734506
psvid_48170_sp|P13010|XRCC5_HUMAN	P13010	XRCC5_HUMAN	0.05767077045261981	0.07225932575521406	-0.11780646283926943	0.23314800374450906	0.7981083389566285	0.4543101836204133	0.8522728877106991	0.052436138854890506	0.13608803849222406	0.10191348471785792	-0.13684481136206772	0.40902088834651584	1.3353290672865967	0.24656732118473285	0.7446968816629131	0.13240545362544615	0.0532905238207273	0.13681682075441434	-0.3003869133075746	0.4069679609490292	0.38950271996440833	0.7132285345058663	0.8931092625849936	0.19203037648511634
psvid_86138_sp|Q06520|ST2A1_HUMAN	Q06520	ST2A1_HUMAN	0.06434992380797944	0.08071142900222761	-0.13165271126122036	0.26035255887717923	0.7972839113801764	0.4547546866676268	0.8522728877106991	0.08993677184086557	0.05720993637250693	0.09091165879470232	-0.18625910198401627	0.30067897472903016	0.629291524662409	0.560315046508718	0.8801883872359172	0.10629094399659297	-0.023499372502370885	0.1132797394993666	-0.3163324300444201	0.2693336850396783	-0.2074455026664524	0.84399286824456	0.9565641353981191	0.13271206931433258
psvid_73292_sp|P50053|KHK_HUMAN	P50053	KHK_HUMAN	0.06975956611383172	0.08757900551054909	-0.1429205470871602	0.2824396793148236	0.7965329785050941	0.45515983181738756	0.8522728877106991	0.11340736390259515	-0.21219024028937872	0.2143716284550095	-0.7862954202281313	0.3619149396493738	-0.9898242683448729	0.37343990981204533	0.801546448152564	0.34934779309629915	-0.29248125036057826	0.17867649578941477	-0.7543677695576494	0.16940526883649287	-1.6369318699046569	0.16365746616989985	0.5735005224757174	0.2830062792455976
psvid_59466_sp|Q9UBM7|DHCR7_HUMAN	Q9UBM7	DHCR7_HUMAN	-0.1042530162861306	0.13090342103645253	-0.4221437509677019	0.2136377183954407	-0.7964117015482688	0.45522528741336776	0.8522728877106991	0.22792344795745148	-0.1638344352897496	0.11065297795269154	-0.460172380176058	0.13250350959655877	-1.4806147861632357	0.20638536341875754	0.7258795267620202	0.15162385034263118	-0.2469817919248558	0.12895836610902883	-0.5803447817253844	0.08638119787567283	-1.9152056541724727	0.11470077205017819	0.5319320213874119	0.1733233154369384
psvid_78155_sp|Q16762|THTR_HUMAN	Q16762	THTR_HUMAN	0.05581541546495572	0.07013083154820826	-0.1144929033564544	0.22612373428636584	0.7958755690296919	0.4555147286517929	0.8522728877106991	0.038704099420510486	-0.18679631516858963	0.1679284546664636	-0.6365227849349009	0.26293015459772157	-1.1123565421929298	0.322945471735923	0.7992242056123071	0.26433560009992796	-0.26977170938115325	0.1396837223094325	-0.6308602118220896	0.09131679305978307	-1.9313038407119842	0.11237728945839083	0.5319320213874119	0.19866983412012165
psvid_92468_sp|P00568|KAD1_HUMAN	P00568	KAD1_HUMAN	-0.10937486094883031	0.1375049472390399	-0.4432969873079022	0.22454726541024156	-0.7954249148482784	0.455758123489197	0.8522728877106991	0.24344629785693503	-0.3516143437787682	0.221246332760894	-0.9441305577755275	0.24090187021799103	-1.5892437148721734	0.18062935195370192	0.7176098719675167	0.36172282634086234	-0.4342413985415514	0.21823682983814413	-0.9983931032702243	0.12991030618712152	-1.989771382143003	0.10434260867767145	0.5319320213874119	0.3625961753235177
psvid_65229_sp|O75881|CP7B1_HUMAN	O75881	CP7B1_HUMAN	-0.09261419876785659	0.11697426619657025	-0.37667885594523115	0.19145045840951797	-0.7917484911785845	0.45774716593404013	0.8550174853437652	0.19414226212955388	-0.21127637235883112	0.24434496113332022	-0.8656526482194822	0.44309990350181994	-0.864664331029744	0.4317544937087247	0.8276831523344766	0.40304297642646286	-0.294499575494499	0.2221726218635584	-0.8688254739293477	0.2798263229403497	-1.3255439532750275	0.24332916851807568	0.6395189685410964	0.3703353182887292
psvid_107160_sp|P03928|ATP8_HUMAN	P03928	ATP8_HUMAN	0.10019428436882816	0.126831908644262	-0.2078090382392409	0.4081976069768972	0.7899769501210692	0.45870780029782804	0.8550360957932052	0.2182103595884656	0.255611562287934	0.1312418228000587	-0.09586503392559276	0.6070881585014608	1.9476380077206585	0.11670767400111126	0.7048513307479977	0.19396807937980615	0.11140645477806677	0.1528509475039533	-0.2837198979448063	0.5065328075009399	0.7288568150693693	0.4993615657910219	0.7979257045956281	0.22819858412196684
psvid_37478_sp|P05181|CP2E1_HUMAN	P05181	CP2E1_HUMAN	-0.07369847846752631	0.09331197148990894	-0.3003007394065491	0.15290378247149652	-0.7898073236561752	0.4587998562792808	0.8550360957932052	0.13093375391983264	-0.023277339075416625	0.14123097379163665	-0.4015057184833264	0.35495104033249314	-0.16481752161362673	0.8763748527645525	0.9814843470253816	0.21359086270560373	-0.0543132840164402	0.11397105097641994	-0.34893341181866216	0.24030684378578177	-0.47655333131636524	0.6541368823260939	0.8642910222805852	0.13463503337836008
psvid_50152_sp|O76054|S14L2_HUMAN	O76054	S14L2_HUMAN	-0.07675007693332603	0.09733731223750336	-0.3131276250074354	0.15962747114078338	-0.7884959546248369	0.4595119731141646	0.8553911871818727	0.14252266075103281	0.1891856997071253	0.09881293366923694	-0.07544361469097421	0.4538150141052248	1.914584383663773	0.1214595877759042	0.7048513307479977	0.12530962866766268	0.11119621066822394	0.09984557759037445	-0.14690895356553335	0.3693013749019812	1.113681881078564	0.3169561600469964	0.6810157109210588	0.09079132582272406
psvid_31859_sp|P47756|CAPZB_HUMAN	P47756	CAPZB_HUMAN	-0.07515116265719701	0.09590779389287268	-0.30805721523319496	0.15775488991880096	-0.7835772214835797	0.4621899349491251	0.8564955831814358	0.13846283784492744	0.005184926131320378	0.16397676637365166	-0.4339585913350189	0.44432844359765966	0.031619882779646696	0.976156087390775	1.0	0.25694249989783186	-0.07776398017418418	0.17101168902169522	-0.5198366402365169	0.3643086798881486	-0.4547290341323904	0.6687063237199171	0.8667518703711972	0.26706093538382564
psvid_66168_sp|Q8IWB7|WDFY1_HUMAN	Q8IWB7	WDFY1_HUMAN	-0.08235314924541459	0.10514308874769161	-0.3376865352184656	0.1729802367276364	-0.7832483354472752	0.4623693840476054	0.8564955831814358	0.16382729314007705	-0.30641208936102027	0.18981498801426486	-0.8147525289722823	0.2019283502502418	-1.6142670953781215	0.17516943537316582	0.7176098719675167	0.30476166504224456	-0.3889540387654099	0.1592254978316343	-0.8005588815621495	0.022650804031329685	-2.4427873931139565	0.05937665658117535	0.5036298607729148	0.24204245367009797
psvid_58832_sp|P36269|GGT5_HUMAN	P36269	GGT5_HUMAN	0.05657238315333313	0.07223753623991262	-0.11885193566945604	0.2319967019761223	0.7831438625681671	0.46242639749538206	0.8564955831814358	0.052312015826303786	0.18904289258040663	0.146800518805789	-0.20410119496281726	0.5821869801236306	1.2877535727956284	0.2612910925361164	0.7644544487035423	0.2243540165580784	0.10603884111113548	0.1274012876774777	-0.22329903316600824	0.4353767153882792	0.8323215804504093	0.4438219840659947	0.7710550916536703	0.1695131783552849
psvid_24285_sp|P27144|KAD4_HUMAN	P27144	KAD4_HUMAN	-0.10633643087747213	0.13579058768277083	-0.43609534274959044	0.22342248099464618	-0.783091322396303	0.4624550718366046	0.8564955831814358	0.23943963635627047	-0.068990562450018	0.1464871121997444	-0.46129532084668456	0.32331419594664856	-0.4709667725304396	0.6600393632030739	0.9275617443470789	0.22375128890720755	-0.14940722813932916	0.12855591744746905	-0.4817298706316005	0.18291541435294217	-1.1621964286504387	0.29852834603353606	0.6697489569015036	0.17234219291606986
psvid_56529_sp|Q9NZ08|ERAP1_HUMAN	Q9NZ08	ERAP1_HUMAN	-0.05502080436824297	0.07035990458427333	-0.22588541266745202	0.11584380393096608	-0.7819908894609429	0.46305593098376197	0.8564955831814358	0.040384453443888205	-0.1522674334767813	0.09245037554033482	-0.39985728418376676	0.09532241723020421	-1.6470180092491795	0.16827568506812496	0.7176098719675167	0.11012170246659851	-0.23481317547824032	0.09007109287939927	-0.4676508712620999	-0.001975479694380722	-2.6069759783268482	0.04870474832916323	0.5036298607729148	0.046565763926053126
psvid_882150_sp|P08519|APOA_HUMAN	P08519	APOA_HUMAN	0.07822453007774577	0.10019266687485975	-0.16508706736084047	0.321536127516332	0.7807410713545323	0.4637390207232877	0.8564955831814358	0.15047191259013468	-0.49464610292782396	0.20336375145623212	-1.0392712660813652	0.0499790602257173	-2.4323218832549984	0.06594886640221845	0.6917486752637665	0.32944250306582257	-0.5758310317148774	0.17809377835649112	-1.0362112009828242	-0.11545086244693054	-3.2333023479474603	0.02374072197349254	0.4789514222886797	0.28180176127721357
psvid_95127_sp|Q6UW68|TM205_HUMAN	Q6UW68	TM205_HUMAN	-0.06123864626574527	0.07844060546166748	-0.2517267290190064	0.12924943648751583	-0.7807008360698019	0.46376102308848477	0.8564955831814358	0.08121706884703692	0.0188376128637886	0.08664598300940224	-0.21320758838364604	0.25088281411122326	0.21740895780182296	0.8375889982947083	0.9778892202407429	0.09524846615459377	-0.061887736342641775	0.12404194393753139	-0.3825415608236724	0.25876608813838886	-0.4989258824725367	0.6393813457285794	0.8573879043294115	0.16115385794196327
psvid_63908_sp|Q9Y512|SAM50_HUMAN	Q9Y512	SAM50_HUMAN	-0.05981542457991118	0.07685833001832242	-0.24646105081697853	0.12683020165715617	-0.7782555848618056	0.465099562032638	0.8575959017143259	0.07470943069405611	0.2404581302059663	0.19614126464992052	-0.2848246082180217	0.7657408686299543	1.2259436107702477	0.28165900201325567	0.7858402699700607	0.3163132500625422	0.16017626316203804	0.18864242416452062	-0.3274726146900301	0.6478251410141062	0.8490998982410425	0.4352689996126864	0.7710550916536703	0.3034333107825141
psvid_33371_sp|P23284|PPIB_HUMAN	P23284	PPIB_HUMAN	0.05287126955724197	0.06798708163061958	-0.11223108725889669	0.21797362637338064	0.7776664079287403	0.46542248288722915	0.8575959017143259	0.016592643743228955	-0.0424812203044489	0.18218192161959917	-0.5303796686523303	0.44541722804343253	-0.2331802185792663	0.8260565339037257	0.9767359160793873	0.2907513988618286	-0.09094133822302308	0.108388601863199	-0.37113059207000854	0.18924791562396237	-0.8390304576287763	0.44038680785736345	0.7710550916536703	0.1185939053123375
psvid_42541_sp|Q9UEU0|VTI1B_HUMAN	Q9UEU0	VTI1B_HUMAN	-0.0735324137172535	0.09466688388225408	-0.30342499428598124	0.15636016685147422	-0.7767490668512184	0.46592557830942954	0.8575959017143259	0.1348903221724169	0.4687569574545023	0.2122335400685533	-0.09962224266743402	1.0371361575764386	2.20868462780713	0.08550230765740201	0.6917486752637665	0.3454906367336498	0.3860801290559527	0.22094774478109896	-0.18507940880325402	0.9572396669151594	1.74738207642018	0.14208744240984145	0.5556992839403372	0.36792946272785937
psvid_92466_sp|Q8NBX0|SCPDL_HUMAN	Q8NBX0	SCPDL_HUMAN	-0.05870455936473373	0.0756741966404929	-0.2424745920805716	0.12506547335110413	-0.7757539818179082	0.46647173983240164	0.8576386248039671	0.06953877738166216	0.0013125997289091806	0.08101364232395745	-0.2156487213147966	0.21827392077261495	0.01620220608845551	0.9877804030368633	1.0	0.07935720480006603	-0.06375900256275235	0.10967856817858702	-0.34728287548575926	0.21976487036025455	-0.581325993050302	0.5866896761635936	0.8366704947028639	0.12241340017958378
psvid_57639_sp|P21399|ACOHC_HUMAN	P21399	ACOHC_HUMAN	-0.08720973266369736	0.11303647350986795	-0.3617117076721244	0.1872922423447297	-0.771518519251081	0.46880140560333317	0.8589629564864989	0.18425804582636449	-0.07421844534893518	0.165441297017037	-0.5172840985689944	0.36884720787112407	-0.44860894279190905	0.6748958550205448	0.9364037243939877	0.2596863886118381	-0.1539262873651437	0.19627266294830664	-0.6612996646087776	0.3534470898784903	-0.7842472051529868	0.46903098539643706	0.778964373318746	0.31887743352602627
psvid_44478_sp|P12814|ACTN1_HUMAN	P12814	ACTN1_HUMAN	-0.057201980789736595	0.0741710962676329	-0.23732182867430446	0.12291786709483127	-0.7712166014552847	0.46896778052871435	0.8589629564864989	0.06249443155966656	-0.0011839399223330105	0.1774786589299122	-0.4764866567724307	0.47411877692776466	-0.0066708861193308785	0.9949686374113099	1.0	0.28207441471627753	-0.0824421475065591	0.20219646305168362	-0.6051288058735972	0.440244510860479	-0.40773288643276606	0.7006428294914349	0.8825301385299179	0.3307675595353454
psvid_44001_sp|P06576|ATPB_HUMAN	P06576	ATPB_HUMAN	0.05360802212746307	0.0696088854865087	-0.11543278347157204	0.2226488277264982	0.7701318840660529	0.4695658639795418	0.8589629564864989	0.03459507060713641	0.2528738650546185	0.06700914701618794	0.07341775566864758	0.4323299744405894	3.7737215934643924	0.016369784952550388	0.6219650821978125	0.014369106561670413	0.10727975970846382	0.10435083902800692	-0.1624717014503988	0.37703122086732643	1.0280680127513953	0.3518857125005187	0.6990333245481015	0.10608272147607961
psvid_98250_sp|Q96HE7|ERO1A_HUMAN	Q96HE7	ERO1A_HUMAN	-0.0633891096610828	0.08241139234246253	-0.26351999891096234	0.13674177958879674	-0.7691789673649466	0.4700917133052887	0.8589629564864989	0.09609231231841985	0.07287820179285331	0.11198539070285181	-0.2270280560609707	0.37278445964667734	0.6507831185429566	0.5475679068702956	0.8747425801892469	0.15447146627332914	-0.008085578824707174	0.12116174613028927	-0.3212939666023339	0.30512280895291954	-0.06673375948224188	0.9494262626762303	0.9970116237574381	0.1538163718626934
psvid_57994_sp|P80404|GABT_HUMAN	P80404	GABT_HUMAN	-0.08395814737045892	0.10916823200816846	-0.34906634089353755	0.1811500461526197	-0.769071238271742	0.4701511873189776	0.8589629564864989	0.17436051583255183	-0.1400707773523111	0.10530696331570709	-0.42209164717956943	0.14195009247494722	-1.3301188538917712	0.2481404633559103	0.745519190257882	0.13999080821086948	-0.22224566872287266	0.10699311277757777	-0.4988275225394996	0.05433618509375426	-2.077196026485249	0.09343307320530102	0.5204027816531388	0.1143719811936135
psvid_33044_sp|P46459|NSF_HUMAN	P46459	NSF_HUMAN	-0.06020774466546008	0.07848377970773895	-0.2508006733631153	0.1303851840321951	-0.7671361508029315	0.47122038090779345	0.8589629564864989	0.08138912526315722	0.2174070643903483	0.10890662291735825	-0.07425399541082683	0.5090681241915234	1.9962703696663477	0.11007284733971018	0.693740667046139	0.14786194334339556	0.13522747201528962	0.11663445191852523	-0.1662776631570405	0.43673260718761975	1.159412761760586	0.2995596045150677	0.6711444691321189	0.1419030962431488
psvid_63439_sp|P47755|CAZA2_HUMAN	P47755	CAZA2_HUMAN	-0.12125825712187677	0.15822945333439078	-0.5055085446275485	0.262992030383795	-0.7663444103900066	0.47165832685983344	0.8589629564864989	0.29081836579063275	-0.3153420994705556	0.3402433497532487	-1.2265422939218849	0.5958580949807736	-0.9268134107521807	0.4019302058971052	0.8101536433552932	0.5719869812904926	-0.3962406251802889	0.32157119126235556	-1.2275161522159173	0.43503490185533955	-1.2322018761220868	0.2736130286806347	0.6642062428136009	0.5603688660931588
psvid_100481_sp|Q03135|CAV1_HUMAN	Q03135	CAV1_HUMAN	0.07322144483019777	0.09558869621917147	-0.158909699090817	0.3053525887512125	0.7660052676344833	0.4718460076905114	0.8589629564864989	0.13754861913295288	0.41358736284776265	0.20860768452025913	-0.1450814923605872	0.9722562180561125	1.9826084729280273	0.11189501612742711	0.7004115513319865	0.3389397696732621	0.33048202372184055	0.20349219964529416	-0.1955541701415977	0.8565182175852788	1.6240525400870474	0.1663772766278937	0.5739383514249976	0.3333577223405996
psvid_65251_sp|P26639|SYTC_HUMAN	P26639	SYTC_HUMAN	-0.06838702467268831	0.0892900926754382	-0.28522240556373807	0.14844835621836144	-0.7658971182980989	0.47190586816727775	0.8589629564864989	0.11878957060206997	-0.16890114316481863	0.2062005497909139	-0.7211234899107971	0.38332120358115984	-0.8191110224297818	0.45471216795348357	0.8337187464473949	0.3345837048046921	-0.25	0.21365473874435506	-0.8023067997980967	0.3023067997980967	-1.1701121232753617	0.29561300416285463	0.6659413830042331	0.3535533905932738
psvid_60419_sp|Q4G148|GXLT1_HUMAN	Q4G148	GXLT1_HUMAN	0.10751157721669014	0.14094150589890062	-0.2347560159644843	0.4497791703978646	0.7628099084865019	0.47361685156041	0.8606851358524371	0.2514310354540141	-0.4619089749040475	0.19562414930081679	-0.9858068351019105	0.06198888529381552	-2.361206305841908	0.07157099130421207	0.6917486752637665	0.31537089872765794	-0.542481250360578	0.18243704628929627	-1.0140889562922615	-0.0708735444288946	-2.9735257251443774	0.03174680413952468	0.48232346954803157	0.29075150516342774
psvid_58932_sp|P20742|PZP_HUMAN	P20742	PZP_HUMAN	-0.07806395254539478	0.10248409281650422	-0.3269401339367176	0.1708122288459281	-0.7617177495552092	0.47422317019759197	0.8606851358524371	0.15671500581202757	-0.14533805049310544	0.15959501167759285	-0.572746861802859	0.2820707608166481	-0.910667877180969	0.40951265049467644	0.8101536433552932	0.2487035591976998	-0.2252049284559825	0.1383617441628034	-0.5828760598437012	0.13246620293173617	-1.6276531480478813	0.16561241750778968	0.5739383514249976	0.1956191805126413
psvid_43301_sp|P12111|CO6A3_HUMAN	P12111	CO6A3_HUMAN	-0.10295870090562342	0.13546079945108758	-0.4319167427742761	0.22599934096302926	-0.7600626994882009	0.4751430025735859	0.8606851358524371	0.23866700005498107	0.07511599610735864	0.09489752096389321	-0.1790275150529883	0.3292595072677056	0.7915485604301393	0.4690547337639624	0.8337187464473949	0.11607719151395955	-0.004998453310362083	0.12830310767438877	-0.3366675715347035	0.32667066491397934	-0.038958162440206036	0.9704584359957057	1.0	0.17172458418074368
psvid_36395_sp|Q8IWB9|TEX2_HUMAN	Q8IWB9	TEX2_HUMAN	-0.08253806820478093	0.10861077294808476	-0.34629250741982237	0.1812163710102605	-0.759943659034943	0.4752092094859239	0.8606851358524371	0.17291692146596827	0.0922534391050176	0.48805555621711355	-1.2148002271917746	1.3993071054018098	0.18902241339094247	0.8584651885125921	0.979782114487937	0.8288037792506187	0.01016049612433656	0.44298117488481586	-1.1349651234116722	1.1552861156603451	0.022936631848923368	0.9826039342731667	1.0	0.7859848856818302
psvid_70633_sp|P36957|ODO2_HUMAN	P36957	ODO2_HUMAN	0.05200426540695258	0.06853383378675774	-0.1144258446735954	0.21843437548750055	0.7588115611445766	0.4758391681035509	0.8606851358524371	0.024156804097151527	-0.2572007402889107	0.1865364011220063	-0.7567608495398054	0.24235936896198396	-1.3788233221069037	0.2338027587201478	0.7388061159693884	0.298754205787512	-0.338587393144935	0.18074241113601183	-0.8058143934398678	0.12863960714999778	-1.873314575239024	0.1209832945478451	0.5319320213874119	0.28726714438712236
psvid_84417_sp|Q13228|SBP1_HUMAN	Q13228	SBP1_HUMAN	0.054222552082253905	0.07148456254494098	-0.11937321742383117	0.22781832158833898	0.7585211429134118	0.476000864767171	0.8606851358524371	0.0478504091230136	-0.1461490027720771	0.07714189119374956	-0.35274144993398293	0.06044344438982874	-1.894547832707514	0.12443974211499306	0.7048513307479977	0.06706949769705613	-0.22633267379533628	0.09444474378705653	-0.4704764475554609	0.017811099964788385	-2.396456009300485	0.06283245090094554	0.5036298607729148	0.06934860883980844
psvid_58670_sp|Q06136|KDSR_HUMAN	Q06136	KDSR_HUMAN	0.0645516298515485	0.08575295234552069	-0.14369402795016978	0.2727972876532668	0.75276276893014	0.47921477780041916	0.8620307466384669	0.10749047587356396	0.06769305343927678	0.13268146851882484	-0.28763903461511064	0.4230251414936642	0.5101922234880336	0.6344166159029909	0.9190364020538448	0.19682491914292294	-0.012131011404703296	0.15846848234565813	-0.42177893621818496	0.39751691340877837	-0.07655157180241445	0.9420022454329138	0.9963964473527942	0.24041118443993398
psvid_36995_sp|Q96N66|MBOA7_HUMAN	Q96N66	MBOA7_HUMAN	-0.0604829500284465	0.080360186811677	-0.25563261550280125	0.13466671544590822	-0.7526482009080874	0.47927887232496397	0.8620307466384669	0.08862842880958158	0.4112854612549479	0.19337268605079955	-0.10658279174352814	0.929153714253424	2.1269056641582877	0.0941758375496675	0.6917486752637665	0.3112641745100005	0.33048202372184055	0.20349219964529416	-0.1955541701415977	0.8565182175852788	1.6240525400870474	0.1663772766278937	0.5739383514249976	0.3333577223405996
psvid_84150_sp|Q9UHQ4|BAP29_HUMAN	Q9UHQ4	BAP29_HUMAN	0.057750603278048374	0.07681717615027216	-0.12879508337572998	0.24429628993182673	0.7517928433749613	0.47975758380995176	0.8620307466384669	0.07453444136570925	-0.18036262968459438	0.17085963336352655	-0.6379390415604937	0.27721378219130494	-1.0556187329563615	0.3455346649382129	0.7995936304778763	0.26979845252838247	-0.26016049612433645	0.1784258727256834	-0.7213991437923295	0.20107815154365666	-1.458087283811771	0.2056695412802605	0.6143862435330186	0.2824883710956911
psvid_31044_sp|Q02318|CP27A_HUMAN	Q02318	CP27A_HUMAN	-0.0511045625872093	0.06805618775884889	-0.21637473929453094	0.11416561412011234	-0.7509172092961454	0.4802479828119189	0.8620307466384669	0.017723955091247794	-0.007958087218188581	0.08018359445471569	-0.2226964705309864	0.20678029609460924	-0.09924832220739334	0.9252939534542949	0.9977355245706029	0.07684018714692205	-0.08831362105907892	0.09299132748320049	-0.32870025040820317	0.15207300829004536	-0.949697390598423	0.38664454084302496	0.728010386891574	0.06259194391910795
psvid_103923_sp|P62273|RS29_HUMAN	P62273	RS29_HUMAN	0.10868426725127733	0.14491477274859887	-0.24323215487520627	0.46060068937776094	0.7499874939584319	0.4807690458767345	0.8620307466384669	0.2605911198559356	0.624516556091157	0.29179332433483296	-0.15693041139938357	1.4059635235816974	2.14027019814382	0.09269523858840208	0.6917486752637665	0.4870228536844324	0.542481250360578	0.3047434952727685	-0.24529395005180277	1.3302564507729588	1.780124133166538	0.13626254213402036	0.554517541190555	0.5287002345329385
psvid_67086_sp|P40227|TCPZ_HUMAN	P40227	TCPZ_HUMAN	0.06103035295836001	0.0815166711546462	-0.13692776209296822	0.2589884680096882	0.7486855399502101	0.4814993821515376	0.8620307466384669	0.0928873815792233	-0.012338774761055493	0.09719508890159924	-0.2726353653368301	0.2479578158147191	-0.12694854133573896	0.9045653627376424	0.9929633165259261	0.12153489330331059	-0.09400119191078904	0.11539331671272057	-0.39229793855093253	0.20429555472935446	-0.8146155651701331	0.45298551538065635	0.7746571900148868	0.1385428009142356
psvid_39620_sp|Q08211|DHX9_HUMAN	Q08211	DHX9_HUMAN	0.05583307272381699	0.07474067928402944	-0.1256699717350713	0.23733611718270528	0.7470238865724007	0.48243259511455433	0.8620307466384669	0.06523652758391561	-0.15519893853949096	0.13421516300850775	-0.5146383889221693	0.20424051184318737	-1.1563442986665604	0.3063464129853151	0.7858402699700607	0.19985698665051913	-0.23748982937510132	0.1546969967391217	-0.6373882997272751	0.16240864097707247	-1.5351935356288784	0.1863999989184848	0.5887738969308414	0.23223371667322149
psvid_26022_sp|P07814|SYEP_HUMAN	P07814	SYEP_HUMAN	-0.09643334557828176	0.12917220658836567	-0.41011993472693814	0.21725324357037462	-0.7465487206979969	0.48269968350744014	0.8620307466384669	0.22380756157024903	0.281743746395275	0.20632113374736644	-0.27080153428797793	0.8342890270785279	1.3655593165761735	0.2376265217900539	0.7394829141094656	0.33480205779678934	0.20183873051440115	0.2154052061701887	-0.35499310377530024	0.7586705648041026	0.937018812604423	0.39252303027938434	0.733241516758455	0.3570122688150731
psvid_98651_sp|P53801|PTTG_HUMAN	P53801	PTTG_HUMAN	0.07743321117880608	0.10380234780329027	-0.17464426963562635	0.3295106919932385	0.7459678207427949	0.48302634168424535	0.8620307466384669	0.1602577591531297	0.3330938580562566	0.33122254165696113	-0.5539478565969913	1.2201355727095045	1.00564972537779	0.3665574829702345	0.8001457495982909	0.5562114786496521	0.25	0.28373143354571784	-0.48345810621718344	0.9834581062171834	0.881114922219985	0.4193010054852124	0.7589996125780887	0.48893800808485205
psvid_65336_sp|Q9UHQ9|NB5R1_HUMAN	Q9UHQ9	NB5R1_HUMAN	-0.05646115773717142	0.07579603132422941	-0.24052705832885274	0.1276047428545099	-0.7449091562017273	0.483622049846037	0.8620307466384669	0.07008457660368639	-0.059212557194626037	0.2421409942441349	-0.7076864250891952	0.5892613106999431	-0.24453751575384172	0.8177832851965476	0.9751168687974395	0.3991154916738466	-0.13933950983163856	0.24886152969447986	-0.782657396746743	0.5039783770834658	-0.5599077929107873	0.6001278812042976	0.8412048933120069	0.42224040409764524
psvid_26055_sp|O95487|SC24B_HUMAN	O95487	SC24B_HUMAN	-0.08408704707238801	0.11299355576731725	-0.3584847990391077	0.19031070489433166	-0.744175599231029	0.48403511454640374	0.8620307466384669	0.18414931129769438	0.09541966181946471	0.07695604557791104	-0.11067507521404979	0.3015143988529792	1.2399241814323856	0.27692648358352656	0.7846130218811362	0.06643920995645085	0.016778548964634155	0.08916812022497131	-0.21372492320217273	0.24728202113144104	0.18816757516365545	0.8582763228307225	0.9614570829524488	0.04048132018507036
psvid_92174_sp|Q68CJ9|CR3L3_HUMAN	Q68CJ9	CR3L3_HUMAN	-0.09068998936921435	0.1220221636746966	-0.38701314846512913	0.20563316972670043	-0.7432255472127847	0.48457044463471693	0.8620307466384669	0.2065747187360458	-0.19051821752100606	0.31958038989925663	-1.046381274448407	0.6653448394063948	-0.5961511517683057	0.5803536230404621	0.8922959468515108	0.5358248707648923	-0.27055369082204705	0.34129662009564143	-1.1528203100168475	0.6117129283727535	-0.7927230300324389	0.4645109611524906	0.778964373318746	0.5973283481353903
psvid_58177_sp|Q9Y285|SYFA_HUMAN	Q9Y285	SYFA_HUMAN	-0.09110304639691336	0.1226214431249691	-0.3888815179912971	0.2066754251974704	-0.7429617860888009	0.4847191388220321	0.8620307466384669	0.2080349330721853	0.11930143123897663	0.069128263438572	-0.06582984945465306	0.30443271193260635	1.725798180146518	0.15280746974745663	0.71167553563214	0.032467685260144694	0.03800077336126262	0.09128387569375049	-0.19797201878872964	0.27397356551125485	0.4162922868081536	0.6947708010489925	0.8798641804790329	0.05374120906816351
psvid_53670_sp|P12956|XRCC6_HUMAN	P12956	XRCC6_HUMAN	0.05940280224796357	0.0800224404462017	-0.1349266673949386	0.2537322718908658	0.7423268012914389	0.48507723620105847	0.8620307466384669	0.08735737737556908	0.0472098125114182	0.09234444559406473	-0.20009634892519793	0.2945159739480343	0.511236081474212	0.6337426512497756	0.9190364020538448	0.10986023308685691	-0.03440300028485699	0.09096257246515538	-0.26954520960297257	0.2007392090332586	-0.3782105029850117	0.7210772225036661	0.896040644379517	0.05192780753977627
psvid_81136_sp|Q14558|KPRA_HUMAN	Q14558	KPRA_HUMAN	0.10474442350165347	0.14110977584140383	-0.23793180266423325	0.4474206496675402	0.7422903401063997	0.48509780382167417	0.8620307466384669	0.2518204770124309	-0.01687133812627417	0.1117567709978369	-0.31616533325750257	0.2824226570049542	-0.15096479591917275	0.8866648273432621	0.9863764651210738	0.15398419809794134	-0.09867221347175992	0.12599317553894032	-0.42437005657728993	0.2270256296337701	-0.7831552228895413	0.4696156686216489	0.778964373318746	0.166033420669697
psvid_87204_sp|Q86YT5|S13A5_HUMAN	Q86YT5	S13A5_HUMAN	0.1304799479156875	0.17605213487304408	-0.2970516020922107	0.5580114979235857	0.7411437981696735	0.48574486675871303	0.8620307466384669	0.33042059033663157	-0.4065055218574507	0.2446552751588729	-1.0617128446750215	0.24870180096011996	-1.6615440709115157	0.16530725971918248	0.7176098719675167	0.4035957289381888	-0.4888134042924792	0.24696779906225066	-1.1272359150913647	0.14960910650640613	-1.9792596692707658	0.10574166382896574	0.5319320213874119	0.41858604237010316
psvid_38304_sp|Q13423|NNTM_HUMAN	Q13423	NNTM_HUMAN	-0.05237696500607392	0.07072262624840937	-0.2241224200805939	0.11936849006844608	-0.7405970024656986	0.4860536633257833	0.8620307466384669	0.04292113164783917	0.11364796569333802	0.08077641155967565	-0.10267803148966576	0.3299739628763418	1.4069449669644913	0.22589166208430553	0.7312711241235058	0.07864342654544866	0.03269785455562535	0.0941679089059195	-0.21073028898645757	0.27612599809770827	0.3472292730668242	0.7428098974952353	0.9067810180260121	0.06810552243542736
psvid_79006_sp|P30044|PRDX5_HUMAN	P30044	PRDX5_HUMAN	-0.06546594349202017	0.08842845196352722	-0.2802088840421513	0.1492769970581109	-0.7403266939358154	0.4862063662442572	0.8620307466384669	0.11609746136585891	-0.09837782994851851	0.14742820528083367	-0.493202914456209	0.296447254559172	-0.6672931394716508	0.5379098023210309	0.8696729157482714	0.22556015587126946	-0.1806165061177728	0.1538743460277623	-0.5783883885720474	0.21715537633650184	-1.1737921933080753	0.29426626250820465	0.6659413830042331	0.23043829974555408
psvid_26360_sp|P48643|TCPE_HUMAN	P48643	TCPE_HUMAN	0.0690582626206444	0.09386161671080058	-0.15887877720880025	0.2969953024500891	0.7357455053583999	0.4887993323496182	0.8654313798858653	0.13254615203470033	-0.28568011310097763	0.22641787038790318	-0.8920461381072998	0.32068591190534457	-1.261738362840112	0.2696898297145151	0.7748608899285665	0.3710066672900792	-0.3686346277568757	0.19104678537164313	-0.8624988839884211	0.12522962847466962	-1.9295515862241341	0.1126278070622335	0.5319320213874119	0.3083167013641239
psvid_33642_sp|Q8N139|ABCA6_HUMAN	Q8N139	ABCA6_HUMAN	-0.052744306913173666	0.07177806936870497	-0.22705283930277734	0.12156422547643	-0.7348248201305068	0.48932157193954023	0.8654313798858653	0.049631636063882816	-0.12484103473493136	0.16328173041184865	-0.5621231876690767	0.312441118199214	-0.76457442250301	0.4834204089800469	0.8413465998889013	0.25563862806842785	-0.2035535859120987	0.1883397173614263	-0.6904199535016906	0.2833127816774932	-1.0807788647228178	0.3300112617414705	0.6842205679595597	0.3028173426849993
psvid_41382_sp|P63010|AP2B1_HUMAN	P63010	AP2B1_HUMAN	0.05721754093508302	0.07808644539537568	-0.1324104863453954	0.24684556821556145	0.7327461334085963	0.49050205228683774	0.8654313798858653	0.07979532140673304	0.04410813586422302	0.0910171532562429	-0.19964342549808128	0.2878596972265273	0.48461344138114565	0.6510602236512187	0.920464454127585	0.10655589358498396	-0.03623995719036066	0.09472976136562676	-0.2811205137975753	0.20864059941685398	-0.3825614745347658	0.7180483629976135	0.896040644379517	0.07060928728629504
psvid_87118_sp|P62826|RAN_HUMAN	P62826	RAN_HUMAN	0.1591361845734527	0.2172364092545814	-0.36840878858882264	0.686681157735728	0.7325484025422253	0.49061444329008186	0.8654313798858653	0.4195995769407568	-0.7879683118734087	0.35710566556972745	-1.7443272007180834	0.16839057697126614	-2.206541054497922	0.08571820069743082	0.6917486752637665	0.6014321173931311	-0.8729632740824185	0.3099301684993404	-1.674146250555381	-0.07178029760945592	-2.8166450472028712	0.03803288734632276	0.48232346954803157	0.5384763134980838
psvid_45196_sp|Q7Z2K6|ERMP1_HUMAN	Q7Z2K6	ERMP1_HUMAN	0.11842256064560619	0.1618843387476924	-0.2747033864876919	0.5115485077789043	0.731525739683662	0.4911960066022574	0.8654313798858653	0.29900952944305714	0.26510916733978407	0.43464076558301024	-0.8988952148264893	1.4291135495060574	0.6099500744808807	0.5719541431131522	0.8905842685160916	0.7362735072641575	0.18424139854155153	0.4510735253763718	-0.9818032992657969	1.3502860963489	0.40845092468644023	0.7001493079301648	0.8825301385299179	0.80090456820436
psvid_87782_sp|P20338|RAB4A_HUMAN	P20338	RAB4A_HUMAN	-0.19836916157781825	0.271301219558558	-0.8572071302315174	0.4604688070758809	-0.731176814835519	0.4913945380877433	0.8654313798858653	0.5339792529625198	-0.07177384910634821	0.1513787250398773	-0.4771787564826854	0.33363105826998896	-0.4741343216323233	0.6579491253166203	0.9275617443470789	0.23312207957986933	-0.15273942731352508	0.13885832952214686	-0.5116942534709336	0.2062153988438834	-1.0999658993388963	0.32234297576582366	0.6810157109210588	0.1967672603102156
psvid_28051_sp|O60716|CTND1_HUMAN	O60716	CTND1_HUMAN	0.050772032960048286	0.0696653486892096	-0.11840588997974802	0.2199499558998446	0.7287989497698778	0.49274893914827955	0.8654313798858653	0.03506126646854562	-0.21398954962487826	0.1131451913722002	-0.5170018508332643	0.08902275158350786	-1.8912827582830494	0.12493266774618778	0.7048513307479977	0.1569351745761193	-0.29098717458773926	0.10334626257727011	-0.5581417618933949	-0.023832587282083595	-2.815652616079594	0.038076841517037774	0.48232346954803157	0.1028142189063121
psvid_61549_sp|P0DP25|CALM3_HUMAN	P0DP25	CALM3_HUMAN	0.06591546643175406	0.09052512107592306	-0.15391910334583678	0.2857500362093449	0.7281455760381808	0.4931215325746895	0.8654313798858653	0.122588819542855	0.018776317473883974	0.09526197541531772	-0.23634323323946965	0.2738958681872376	0.19710191177564876	0.8525085567224443	0.9778892202407429	0.11695107188924841	-0.0627654410419296	0.13205606349308405	-0.4041361134194293	0.2786052313355701	-0.4752938970137991	0.6549729924078851	0.8642910222805852	0.18079506854614258
psvid_69914_sp|Q9H3N1|TMX1_HUMAN	Q9H3N1	TMX1_HUMAN	-0.059834762391838936	0.08218022779022927	-0.2594042830482933	0.13973475826461548	-0.7280919510782	0.49315212121125546	0.8654313798858653	0.09527127591793767	0.0759766563141775	0.09689279412410391	-0.18351036352278582	0.3354636761511408	0.7841311317419927	0.4729726219033249	0.8337187464473949	0.12082356482840585	-0.004268378339735257	0.12850048144554777	-0.3364477163539749	0.3279109596745044	-0.033216827608105015	0.9748099364209213	1.0	0.1722068496185193
psvid_93540_sp|Q9Y6A9|SPCS1_HUMAN	Q9Y6A9	SPCS1_HUMAN	-0.0729400780459386	0.10023992194112953	-0.3163664314444149	0.17048627535253766	-0.7276549765150057	0.4934014269471244	0.8654313798858653	0.15060182080165258	0.07644431091968329	0.08232836848886901	-0.14403795693455224	0.2969265787739188	0.9285294039322392	0.40113112596430944	0.8101536433552932	0.08323803537756821	-0.007436835848513068	0.10884863686384566	-0.2888153001969622	0.2739416284999361	-0.06832272835731976	0.9482242994366923	0.9970116237574381	0.11996477886833362
psvid_79004_sp|O43181|NDUS4_HUMAN	O43181	NDUS4_HUMAN	0.06325070028376523	0.08703809963576273	-0.14811585697981897	0.27461725754734945	0.72670130148127	0.4939458187773424	0.8654606226440614	0.1116745149428675	-0.05858292736199644	0.13495505225804527	-0.4200038631389961	0.30283800841500325	-0.43409213943306857	0.6846366171066188	0.9379973341820498	0.20131567226402894	-0.14026313072107366	0.15100472782746496	-0.5306169252164148	0.2500906637742675	-0.9288658225412356	0.3963410952362393	0.7378544967826656	0.22414018838537728
psvid_59582_sp|P22695|QCR2_HUMAN	P22695	QCR2_HUMAN	-0.05121646633492194	0.07083556036190113	-0.22323617480957658	0.1208032421397327	-0.7230332628591541	0.49604342958624514	0.8656913458387986	0.043683407638834965	-0.03171782524088984	0.09933505429340544	-0.2977454224110536	0.23430977192927394	-0.31930143358260077	0.7640669275538421	0.9665627003629799	0.12651677123881136	-0.08011906232960753	0.12120224032755017	-0.3934321293698193	0.23319400471060425	-0.6610361500999076	0.5383465285337266	0.8165629924469568	0.15392073532894537
psvid_31405_sp|Q8NC56|LEMD2_HUMAN	Q8NC56	LEMD2_HUMAN	0.10344795488181457	0.14349602814972043	-0.24502313511131407	0.4519190448749432	0.7209116253300013	0.4972594371536249	0.8656913458387986	0.2573286537474463	0.4343199909457387	0.15540550084820864	0.018131040612428484	0.850508941279049	2.7947530079386187	0.043987657374214915	0.6558159826701132	0.24078156745475648	0.3537593748197112	0.14620826947820614	-0.024195366058505363	0.7317141156979278	2.4195579092907784	0.06108272922976161	0.5036298607729148	0.21348015781165056
psvid_53194_sp|O00264|PGRC1_HUMAN	O00264	PGRC1_HUMAN	0.055292628865864835	0.07676820352281376	-0.1311341308385735	0.24171938857030317	0.720254302283277	0.49763658386114834	0.8656913458387986	0.07432579186728797	0.29248113013604193	0.1543665952808408	-0.1209255440537707	0.7058878043258545	1.8947177632824503	0.12441414423480505	0.7048513307479977	0.23880984274195588	0.051734505725299806	0.08741085531908205	-0.1742263601680722	0.2776953716186718	0.5918544731824174	0.5801522827993886	0.8354268899587258	0.024966416822902186
psvid_69219_sp|Q9Y6L6|SO1B1_HUMAN	Q9Y6L6	SO1B1_HUMAN	0.08810437186680886	0.12239915124216572	-0.20913427785448235	0.3853430215881001	0.7198119510853068	0.49789049572987837	0.8656913458387986	0.20749365798182234	-0.28027240005632725	0.16066724313024347	-0.7105527370222343	0.1500079369095798	-1.744427766331479	0.14936874850888737	0.7067636245123187	0.2507238840412593	-0.3620749883526483	0.17306139857616767	-0.8094462368347812	0.0852962601294846	-2.092176483788741	0.09168766729957933	0.5204027816531388	0.2713473950349963
psvid_33314_sp|O43707|ACTN4_HUMAN	O43707	ACTN4_HUMAN	-0.05654843690640288	0.07888912052244354	-0.2481257103092051	0.13502883649639935	-0.7168090673582188	0.4996164567898138	0.8656913458387986	0.08299160350811799	-0.10889366295959135	0.08431258243974127	-0.3346898220013521	0.11690249608216938	-1.2915470005608989	0.2600871892227326	0.7644544487035423	0.08888267741457087	-0.19031488096945548	0.11291220111274895	-0.4821978357835767	0.10156807384466576	-1.6855120978415412	0.15379185348156882	0.565950376190691	0.13168312052125894
psvid_99900_sp|O95168|NDUB4_HUMAN	O95168	NDUB4_HUMAN	-0.07393976516632161	0.10323293387339126	-0.32463446002237095	0.17675492968972772	-0.7162420207586477	0.4999428248498825	0.8656913458387986	0.15873163818261582	0.006899034181470753	0.26526170470135324	-0.7034940332499854	0.7172921016129269	0.02600840626142428	0.9803862914886083	1.0	0.440186467242464	-0.07480200459681952	0.24966542878099066	-0.7201980056433528	0.5705939964497138	-0.2996089805546794	0.7767462579519586	0.9205208023681024	0.42379054584722015
psvid_23498_sp|Q96LZ7|RMD2_HUMAN	Q96LZ7	RMD2_HUMAN	-0.06992154238673454	0.09764499648458998	-0.30704628232628095	0.16720319755281188	-0.7160791121311508	0.5000366144693393	0.8656913458387986	0.14338914593179503	-0.1409872593369137	0.07343637733678494	-0.3376560299612562	0.05568151128742885	-1.9198558595876147	0.12068816752735491	0.7048513307479977	0.053467959597465434	-0.2245821455262742	0.08694374803486889	-0.44933551875731476	0.0001712277047663524	-2.5830741209385786	0.0501181474555249	0.5036298607729148	0.018889401691726034
psvid_68755_sp|Q13162|PRDX4_HUMAN	Q13162	PRDX4_HUMAN	0.06451908755833369	0.09020828303027499	-0.15454606092905196	0.28358423604571936	0.7152235403558264	0.5005293762003193	0.8656913458387986	0.12162052779496389	-0.012476213762069754	0.0672748557906605	-0.1926439135057726	0.16769148598163308	-0.1854513638928049	0.8611015120560487	0.979782114487937	0.0176440307093849	-0.17701901543558995	0.10628695317754919	-0.45177541594783144	0.09773738507665153	-1.6654820760539157	0.157785325010703	0.5664090740980359	0.11219667303076503
psvid_33457_sp|P23141|EST1_HUMAN	P23141	EST1_HUMAN	0.06597019652220482	0.09228144649087748	-0.15812949919387698	0.2900698922382866	0.7148803907048241	0.500727102232576	0.8656913458387986	0.1278821874210905	0.04622942693398269	0.07020369681400272	-0.14178195443324607	0.23424080830121144	0.6585041676147435	0.5430366060184978	0.870139239925974	0.03865792618778647	-0.01891011496578132	0.08897212302814561	-0.24890692584726223	0.2110866959156996	-0.21253977450666497	0.8402295234540884	0.9536168985914913	0.039044605102950165
psvid_34961_sp|O60762|DPM1_HUMAN	O60762	DPM1_HUMAN	0.05324821418751835	0.07449798656635899	-0.1276654662523758	0.2341618946274125	0.7147604471174207	0.5007962271236189	0.8656913458387986	0.06407994402157759	-0.021425331185184415	0.09053883526778102	-0.263895916903403	0.2210452545330342	-0.2366424432324103	0.8235315963159346	0.9764997395041832	0.10535174525505936	-0.10375937481971098	0.12404988339584176	-0.42443372314606936	0.2169149735066474	-0.8364326670797102	0.4417145582690119	0.7710550916536703	0.1611738553249407
psvid_77830_sp|P35268|RL22_HUMAN	P35268	RL22_HUMAN	0.06363742994190424	0.08909640933147205	-0.15272760311544115	0.28000246299924964	0.7142535868662131	0.5010884068167757	0.8656913458387986	0.11818750934699356	0.029634588434007014	0.08644277313324446	-0.2018663997412142	0.26113557660922826	0.3428232038359959	0.7474663320780351	0.9598237040390771	0.09470438063310414	-0.10463657126399561	0.0989957065130546	-0.360544781768975	0.15127163924098375	-1.0569809030071133	0.33973949749453203	0.6964659698637906	0.08769300058364897
psvid_62902_sp|Q9BWS9|CHID1_HUMAN	Q9BWS9	CHID1_HUMAN	-0.05522353214573794	0.07735428120307761	-0.24307354467950965	0.13262648038803376	-0.7139040178107275	0.5012899821184307	0.8656913458387986	0.07679406049338741	-0.1209239288635291	0.13395460723333397	-0.479665589052289	0.23781773132523082	-0.9027231788518711	0.4132862876720015	0.8101536433552932	0.19934268293947727	-0.2017784625285941	0.164310631140171	-0.626528596277879	0.22297167122069078	-1.228030475742375	0.27504352908362556	0.6642062428136009	0.25291974047688764
psvid_32022_sp|P07355|ANXA2_HUMAN	P07355	ANXA2_HUMAN	-0.06965004351564463	0.09761357943928818	-0.306698489134283	0.16739840210299375	-0.7135282192880165	0.5015067425852953	0.8656913458387986	0.14330078591826995	-0.18855062049579274	0.14068849199305763	-0.565326188200814	0.1882249472092285	-1.3401993142772253	0.24510544613851876	0.7446968816629131	0.21253630507358814	-0.2701651935703204	0.15931288434144514	-0.6819959342987548	0.14166554715811397	-1.6958150917115569	0.15177737052661136	0.565950376190691	0.24223055132629304
psvid_32195_sp|P30519|HMOX2_HUMAN	P30519	HMOX2_HUMAN	0.056531617345920715	0.07926953395819665	-0.13596946618817382	0.24903270088001525	0.7131569283065681	0.501720964373889	0.8656913458387986	0.08447518997565356	-0.06111253499595426	0.17202791998369774	-0.5218177163136278	0.3995926463217193	-0.3552477702558143	0.7387613306834403	0.9568385344346946	0.271971082923273	-0.14211859448314668	0.18744873021766242	-0.6266817215224679	0.3424445325561746	-0.7581731512297836	0.48313789249134736	0.7877497068248037	0.3010027683271693
psvid_70183_sp|P30043|BLVRB_HUMAN	P30043	BLVRB_HUMAN	0.054693984135838924	0.07677221656227763	-0.13174252098283976	0.2411304892545176	0.7124189789605874	0.5021469158630611	0.8656913458387986	0.07434290657060409	-0.18079425497930446	0.09591189583182745	-0.4376543470150117	0.0760658370564028	-1.8850034545903491	0.12588646303348727	0.7048513307479977	0.11850161686504429	-0.2617052141882483	0.1319807814947019	-0.6028812793229917	0.07947085094649509	-1.9829039593825555	0.10525441855545999	0.5319320213874119	0.18061508914610128
psvid_26504_sp|P05089|ARGI1_HUMAN	P05089	ARGI1_HUMAN	-0.05312004076016397	0.07463118983324493	-0.23435719696590968	0.12811711544558174	-0.7117673037084733	0.5025232690478879	0.8656913458387986	0.06471683522699308	0.0725211290761516	0.07958531632151256	-0.14061501527530862	0.2856572734276118	0.9112375552190719	0.40924313990354444	0.8101536433552932	0.0749903410006432	-0.03752363737612896	0.1008181936643958	-0.2981430564980855	0.22309578174582756	-0.37219112952011285	0.7252771231582386	0.896040644379517	0.09424296721350296
psvid_86464_sp|Q9Y276|BCS1_HUMAN	Q9Y276	BCS1_HUMAN	-0.05726277211581987	0.08063712794770315	-0.2530849717416723	0.13855942751003258	-0.7101291126459437	0.5034701791963789	0.866412480463863	0.0896611259177224	0.22346598544508867	0.30084996110173196	-0.5822354140249696	1.029167384915147	0.7427821649926156	0.4952634195692119	0.8458142756443096	0.5029535508587627	0.1417601481809735	0.30981072981271185	-0.6591140740880261	0.9426343704499731	0.4575701695892552	0.6668000154838322	0.8667518703711972	0.5382513475496421
psvid_28124_sp|P02751|FINC_HUMAN	P02751	FINC_HUMAN	-0.05056787830078058	0.07176979660546558	-0.22485632080454937	0.12372056420298821	-0.7045843891513776	0.5066839295971298	0.8682283937645229	0.049582208658274306	-0.1329879718945337	0.1228553167149993	-0.4620048022345604	0.196028858445493	-1.0824763262223336	0.33467401427927984	0.7995936304778763	0.17709345094782042	-0.21440595037375987	0.10625862039634842	-0.48908910941330414	0.0602772086657844	-2.0177746480616636	0.10070931853991702	0.5293694948893074	0.11210881755218312
psvid_6810_sp|P09429|HMGB1_HUMAN	P09429	HMGB1_HUMAN	0.05801362550628664	0.08233978854438329	-0.14194337841808208	0.25797062943065535	0.70456369310465	0.5066959504961555	0.8682283937645229	0.09583850002510946	-0.004489125082022927	0.2751398089882406	-0.7413365833297872	0.7323583331657414	-0.016315796316536627	0.9876947433294769	1.0	0.45765631718252253	-0.08549350927228028	0.2522115357484565	-0.7374713076588075	0.566484289114247	-0.3389754121220979	0.7486472551263539	0.9067810180260121	0.4286957151319506
psvid_59839_sp|Q14677|EPN4_HUMAN	Q14677	EPN4_HUMAN	0.05004027136443234	0.07116791162809447	-0.12278653128198677	0.22286707401085146	0.7031296861137385	0.5075293246346427	0.8682283937645229	0.045859894030905735	0.15976950715685012	0.24092786472793795	-0.48545549826368406	0.8049945125773843	0.6631425025796249	0.5403268087121073	0.870139239925974	0.3969524475173912	0.07970554600488544	0.2675511093234073	-0.6119257177868053	0.7713368097965762	0.29790773884828076	0.7779697817724237	0.9205414445214826	0.4581164941259527
psvid_82994_sp|Q9BT40|INP5K_HUMAN	Q9BT40	INP5K_HUMAN	-0.05750208664961676	0.08185088588828174	-0.2562718211863305	0.14126764788709698	-0.7025224715111984	0.5078824803755323	0.8682283937645229	0.09409321584946538	0.10469862428461107	0.14910454341244053	-0.29461583417438253	0.5040130827436047	0.7021826557960913	0.5178886749179464	0.8666708437402368	0.2287749803786548	0.023277351097870436	0.1686381754007175	-0.4126596729379291	0.45921437513366997	0.13803132678919747	0.8956987957590873	0.9728119371158298	0.26207526943405096
psvid_69598_sp|P00966|ASSY_HUMAN	P00966	ASSY_HUMAN	-0.04890597697683763	0.06961900388562577	-0.21797135447249438	0.12015940051881913	-0.7024802747419838	0.5079070280217317	0.8682283937645229	0.03467904749948041	0.16629632769777247	0.09080456565453765	-0.07688590625768535	0.40947856165323027	1.831365267804267	0.13435376648495645	0.7067636245123187	0.10602161756601317	0.08446074837058282	0.11187400561256987	-0.20473842588412483	0.37365992262529046	0.7549631204149271	0.4848956549277559	0.7877497068248037	0.12875075019728094
psvid_45483_sp|P30613|KPYR_HUMAN	P30613	KPYR_HUMAN	0.05305936514714382	0.07559066566349772	-0.13050781783844695	0.2366265481327346	0.7019301216812259	0.508227146963825	0.8682283937645229	0.06916259572372063	-0.22077946327741982	0.14728847719727892	-0.6152303442716611	0.17367141771682143	-1.498959507753663	0.2017920105333884	0.7245364361573173	0.22529177361642463	-0.30396239386741897	0.16172242051156055	-0.7220218904799274	0.11409710274508944	-1.879531563440151	0.12002887683139629	0.5319320213874119	0.2474004828281701
psvid_45204_sp|P35221|CTNA1_HUMAN	P35221	CTNA1_HUMAN	-0.059623706565831824	0.08498909233781977	-0.26601437832425723	0.14676696519259355	-0.7015453974827254	0.5084510864400474	0.8682283937645229	0.1049553542544936	0.04805263902619794	0.09900152873377509	-0.21708174875424496	0.31318702680664084	0.48537269717739656	0.6505626660014711	0.920464454127585	0.125746262369945	-0.03159138339066825	0.13604965032377775	-0.383285651561732	0.3201028847803955	-0.23220481137206525	0.8257486875885591	0.951671010291804	0.1902383652707692
psvid_55555_sp|P61421|VA0D1_HUMAN	P61421	VA0D1_HUMAN	-0.07166113969093946	0.10234591442812939	-0.3202017635464103	0.1768794841645314	-0.7001856409350099	0.5092430918602335	0.8682283937645229	0.15634166669340038	-0.09143369863325512	0.1538337560225119	-0.5034133846507708	0.32054598738426054	-0.5943669386833069	0.5814454547371565	0.8922959468515108	0.2377974057399402	-0.16951797627815934	0.16413078259164193	-0.5938031937008971	0.2547672411445784	-1.0328225674760887	0.3498635187220103	0.6990333245481015	0.2525373138979035
psvid_84954_sp|Q92520|FAM3C_HUMAN	Q92520	FAM3C_HUMAN	-0.09512805439916239	0.13613673636982992	-0.42572756661286865	0.23547145781454387	-0.6987684363222644	0.5100694226953453	0.8682283937645229	0.2402499404166869	-0.1916073177641482	0.27786494482449403	-0.9357529180790572	0.5525382825507609	-0.6895699559552999	0.5250651416960361	0.8667313206910913	0.4624688027469255	-0.2732773510978701	0.2508784099768594	-0.9218089613353941	0.37525425913965393	-1.0892820594768469	0.32659369247516373	0.682153670306394	0.4261282322150312
psvid_105838_sp|Q9UHE5|NAT8_HUMAN	Q9UHE5	NAT8_HUMAN	-0.11917504493213027	0.17070662115135113	-0.5337253506701313	0.29537526080587073	-0.6981278413710025	0.5104432242947728	0.8682283937645229	0.3186273577730866	0.010935834986422144	0.17706408673968424	-0.4632566228075506	0.4851282927803949	0.06176201615915355	0.9534532944154005	1.0	0.28130782157743256	-0.06938349388222709	0.19967540736401457	-0.5855531135579991	0.44678612579354493	-0.34748141895981605	0.7426318799267225	0.9067810180260121	0.325717310359352
psvid_60196_sp|P50135|HNMT_HUMAN	P50135	HNMT_HUMAN	0.08737020765966719	0.12525267457967112	-0.2167980442294543	0.3915384595487887	0.6975516327525003	0.5107796088237474	0.8682283937645229	0.21441040692687635	-0.754538914737299	0.2241280593369539	-1.3547726339207595	-0.15430519555383837	-3.3665526617661286	0.024238439068586998	0.6392260310717692	0.3668986012738643	-0.8349625007211561	0.21365473874435506	-1.387269300519253	-0.28265570092305936	-3.907998978296551	0.011732980421124995	0.42760195312544425	0.35355339059327373
psvid_72328_sp|Q96FZ7|CHMP6_HUMAN	Q96FZ7	CHMP6_HUMAN	0.072206631459097	0.10362694659427188	-0.1794448985378746	0.3238581614560686	0.6967939694470195	0.511222146320597	0.8682283937645229	0.15978831608984687	-0.15534188421033734	0.2658746269346029	-0.867376408729862	0.5566926403091873	-0.584267427100318	0.587650505671385	0.8948438526472344	0.44127166528986533	-0.236883145026466	0.2498355172590014	-0.882718832192412	0.40895254213947996	-0.9481564015611607	0.3873552052358654	0.7285120832417652	0.42411843681573796
psvid_99088_sp|P07108|ACBP_HUMAN	P07108	ACBP_HUMAN	0.05615054397587471	0.08072223405770086	-0.1398783304917722	0.25217941844352165	0.6956019568999773	0.5119188888488871	0.8682283937645229	0.08997680777047738	0.10635257397034703	0.25087716171663804	-0.5655174822861028	0.7782226302267968	0.4239229001262006	0.6915034433904761	0.9414690406320979	0.41466708125046414	0.02488391838772841	0.2556915288084001	-0.6360898135388305	0.6858576503142874	0.09732007354211146	0.9263206898192499	0.99241806421963	0.43538947502488967
psvid_34976_sp|Q5SSJ5|HP1B3_HUMAN	Q5SSJ5	HP1B3_HUMAN	0.22991198634737398	0.33053714421385666	-0.5727767041524056	1.0326006768471534	0.6955708015635953	0.5119371077867644	0.8682283937645229	0.6575338675708055	0.3736729715145395	0.12575348242635315	0.036894610606309275	0.7104513324227697	2.9714721557184633	0.03638078829092625	0.6392260310717692	0.18297316439710395	0.29248125036057804	0.15772688124478113	-0.1152496033260974	0.7002121040472535	1.8543525875381224	0.12394293408094814	0.5321110258972642	0.2388099409048782
psvid_39230_sp|Q9H078|CLPB_HUMAN	Q9H078	CLPB_HUMAN	0.0915373873943377	0.13181245590300364	-0.2285608813554122	0.4116356561440876	0.6944517251214634	0.5125918004201634	0.868440653604409	0.23007669572609385	-0.973302878895348	0.3859958313318606	-2.0070320519183262	0.060426294127630564	-2.5215372806929333	0.05957911992159534	0.6917486752637665	0.6517679289642715	-1.055598105334112	0.35396189513095727	-1.9706050117999938	-0.14059119886823002	-2.9822365623383456	0.03143349107458765	0.48232346954803157	0.6209805195154172
psvid_48490_sp|Q96BM9|ARL8A_HUMAN	Q96BM9	ARL8A_HUMAN	0.11960399072417527	0.172794368001944	-0.30001627708899026	0.5392242585373408	0.6921752838774796	0.5139252778480848	0.86980129584196	0.32324109185217026	-0.07300764432471585	0.22974306266069522	-0.6882788128048297	0.542263524155398	-0.3177795380596104	0.7651462835150507	0.9665627003629799	0.37696533022682616	-0.13415752342573883	0.2718711470986368	-0.8369562729126512	0.5686412260611735	-0.49345995283959104	0.6429692251933202	0.8607914525037105	0.4663651953351081
psvid_31897_sp|P23246|SFPQ_HUMAN	P23246	SFPQ_HUMAN	-0.057642329346692556	0.08348003347841951	-0.26036834646359486	0.14508368777020975	-0.6904924081228804	0.5149125183456564	0.8698240708680317	0.0998288320339246	-0.15087469235539652	0.2135394390372069	-0.7227511993167874	0.4210018146059944	-0.7065425152170989	0.515424185594574	0.8656905907246925	0.3478469998006404	-0.23070803486938496	0.19287497974632187	-0.7292982531386638	0.26788218339989395	-1.1961532551957899	0.28619996189371155	0.6659413830042331	0.31201929118147304
psvid_33275_sp|O95470|SGPL1_HUMAN	O95470	SGPL1_HUMAN	0.05730884317604801	0.08303633596685268	-0.1443396824069311	0.2589573687590271	0.6901658473818637	0.5151042350520704	0.8698240708680317	0.09828885788589076	-0.17367083573165587	0.1031660029166602	-0.449958034251778	0.10261636278846625	-1.683411500123263	0.16093933697398072	0.7176098719675167	0.1352255834349383	-0.25400918967372	0.12891397370280439	-0.5872574231718083	0.0792390438243683	-1.9703774724942351	0.10693912368487563	0.5319320213874119	0.1732152145147933
psvid_59043_sp|P18669|PGAM1_HUMAN	P18669	PGAM1_HUMAN	-0.07617998205588972	0.11049526986211114	-0.3445108036432312	0.1921508395314518	-0.6894411149993658	0.5155298761486139	0.8698240708680317	0.17777888803915215	-0.10283715694076045	0.10652694717456399	-0.3881252457459182	0.18245093186439731	-0.9653628463814219	0.3842928744341353	0.8081004239928898	0.14267721755939836	-0.18342447008307428	0.10009524740274722	-0.44217504164965366	0.0753261014835051	-1.832499292848943	0.1274464803809295	0.5386913088266092	0.09168653559165763
psvid_79305_sp|Q86UE4|LYRIC_HUMAN	Q86UE4	LYRIC_HUMAN	0.06501792578775145	0.0944897054269199	-0.16444438803248354	0.2944802396079864	0.6880953379417352	0.5163208703410761	0.8701392552460463	0.13437634651863573	-0.11161889782202694	0.16270291094618428	-0.5473509237366491	0.3241131280925952	-0.6860288926173305	0.5270924640929424	0.8667313206910913	0.25455193435703005	-0.19102297117944955	0.15009055486207726	-0.5790135887663704	0.19696764640747133	-1.2727181357613497	0.2600665958074705	0.6541369364189723	0.22212177585700496
psvid_77890_sp|Q9NRV9|HEBP1_HUMAN	Q9NRV9	HEBP1_HUMAN	-0.059755119153494185	0.08693948923988856	-0.27088220726536727	0.15137196895837893	-0.6873184979108209	0.5167778259814934	0.8701392552460463	0.11135686938281308	-0.1503574985961138	0.12458016384287643	-0.48399361404328595	0.18327861685105834	-1.2069136366343873	0.2882211154036	0.7858402699700607	0.18059936827220816	-0.23026216465129423	0.11671218488366025	-0.5319682429221245	0.07144391361953606	-1.9729059556276973	0.10659680870299207	0.5319320213874119	0.14211208970450065
psvid_56495_sp|P51148|RAB5C_HUMAN	P51148	RAB5C_HUMAN	-0.08788507356068465	0.12851400956063253	-0.3999732725751897	0.22420312545382043	-0.6838559769565102	0.5188177641322956	0.87140551168853	0.2222373387452164	-0.36867837591526165	0.12731408791994464	-0.7096361690747134	-0.02772058275580991	-2.8958175951987917	0.03943695689353611	0.6392260310717692	0.18611726296623307	-0.44959153470758717	0.14026253693249766	-0.8121762981442788	-0.08700677127089557	-3.205357214692019	0.024481949280370428	0.480933400995164	0.19999988542365313
psvid_18980_sp|P61165|TM258_HUMAN	P61165	TM258_HUMAN	-0.08233561832133773	0.12045111957140385	-0.3748435955048271	0.21017235886215163	-0.6835604236333302	0.5189921309240182	0.87140551168853	0.20273148585570086	0.22711548242272572	0.2897847137984312	-0.5489522577804229	1.0031832226258743	0.7837386570386974	0.4731806129381243	0.8337187464473949	0.4834861107794601	0.14624062518028902	0.2505939554096967	-0.5015556576191408	0.7940369079797188	0.5835760281655631	0.5852887611750481	0.8361268016786402	0.4255801616607517
psvid_44863_sp|Q13190|STX5_HUMAN	Q13190	STX5_HUMAN	0.06053229644570557	0.08858335653170216	-0.15458682011718952	0.27565141300860063	0.6833371280534206	0.5191238932437158	0.87140551168853	0.11658408956737457	-0.18392259518100307	0.18001910677359462	-0.6660288441819442	0.298183653819938	-1.0216837450055665	0.3596949403798844	0.7995936304778763	0.2867657092511088	-0.2675973319728495	0.1943251792446898	-0.7699363790709183	0.23474171512521924	-1.3770594887031962	0.22797716143191138	0.6252216467363456	0.31495007937576336
psvid_17293_sp|P49207|RL34_HUMAN	P49207	RL34_HUMAN	-0.10125261447325329	0.14884663347347818	-0.462717313372041	0.2602120844255344	-0.6802479311115538	0.5209489947091859	0.8732008858573984	0.269587410678636	-0.4995200129701649	0.330993601294552	-1.3859486061534525	0.3869085802131227	-1.5091530803510633	0.19928362134091393	0.7245364361573173	0.5558108814426228	-0.5808425172653172	0.31941525218081906	-1.4065448479296365	0.24485981339900198	-1.8184557978981721	0.1297514734119339	0.5456215805014657	0.5563191839071108
psvid_28780_sp|O94905|ERLN2_HUMAN	O94905	ERLN2_HUMAN	-0.07689059981970914	0.11312015293232357	-0.35159578504885863	0.19781458540944036	-0.679725034191834	0.521258333691703	0.8732008858573984	0.18446998663868067	-0.25664702723677557	0.14232024442620864	-0.637792564657478	0.12449851018392688	-1.8033065378119415	0.13901956152340722	0.7067636245123187	0.21570488728196457	-0.33766583720384413	0.12621423180061728	-0.6639351203681327	-0.011396554039555473	-2.675338845600712	0.04489899674254739	0.5036298607729148	0.1665819323093549
psvid_42878_sp|Q6UW02|CP20A_HUMAN	Q6UW02	CP20A_HUMAN	-0.06786686820859611	0.10033822946096065	-0.31153195524333943	0.17579821882614724	-0.6763809624027858	0.5232394520806242	0.8743920181956294	0.1508719139964735	-0.07158129198047813	0.1295716631318892	-0.4185850606853865	0.2754224767244302	-0.5524455752923116	0.6074734847216201	0.90322440158065	0.1906401912065684	-0.1531012468659103	0.15722015830903566	-0.5595221997066198	0.25331970597479914	-0.973801632771358	0.3756655777669753	0.7172194965516175	0.23771399061224616
psvid_44769_sp|P48739|PIPNB_HUMAN	P48739	PIPNB_HUMAN	-0.1270145885826599	0.18788917550529005	-0.5832916481673662	0.32926247100204636	-0.6760080150497216	0.5234606970806474	0.8743920181956294	0.35632486624948273	0.35711092795721555	0.21167243571911953	-0.2097655877105431	0.9239874436249742	1.6870922600006684	0.16021584612250112	0.7176098719675167	0.3444776976648293	0.2767288009791279	0.20823626499844342	-0.2615710083258851	0.8150286102841409	1.3289174245475275	0.24229498286592668	0.6395189685410964	0.3428108184949648
psvid_34830_sp|P51589|CP2J2_HUMAN	P51589	CP2J2_HUMAN	-0.058122983104842874	0.08600292025587554	-0.2669756722739644	0.15072970606427866	-0.6758256921034264	0.5235688791878708	0.8743920181956294	0.10831202236665215	-0.2947113970307571	0.11353831005389518	-0.5987765030021539	0.009353708940639693	-2.5957000495327205	0.0548054975050513	0.6917486752637665	0.1577672120105626	-0.37562508513229553	0.15083636749958876	-0.7655436608515461	0.01429349058695506	-2.4902819615655334	0.056047898804088885	0.5036298607729148	0.2237689133706369
psvid_52318_sp|P16615|AT2A2_HUMAN	P16615	AT2A2_HUMAN	-0.048613116731401895	0.0722197876222103	-0.2239943341510627	0.12676810068825892	-0.6731273842247014	0.5251716169204501	0.8748443869482062	0.05221072127490789	-0.07938581733048267	0.07990547323091086	-0.29337936870638653	0.1346077340454212	-0.993496616947296	0.37183312455531475	0.801546448152564	0.07598413021122875	-0.16091594352327854	0.10679436456713026	-0.43698402456461866	0.11515213751806158	-1.5067830982984856	0.193286947791962	0.5980954610921089	0.11376249756632209
psvid_38448_sp|Q9GZP9|DERL2_HUMAN	Q9GZP9	DERL2_HUMAN	-0.10327615449987704	0.15357418776634393	-0.4762214220156424	0.2696691130158883	-0.6724838073505357	0.5255543539244646	0.8748443869482062	0.28032356110902584	-0.04538815661483975	0.24800680529692232	-0.7095711579158103	0.6187948446861308	-0.18301173857104236	0.8629037877426261	0.979782114487937	0.4095621881829785	-0.1286432932074395	0.21734208660482718	-0.690482047730849	0.43319546131597	-0.5918931543219219	0.5801283485793539	0.8354268899587258	0.3608332391449234
psvid_29605_sp|Q15165|PON2_HUMAN	Q15165	PON2_HUMAN	-0.0822089939072077	0.12227402981290818	-0.3791437940976298	0.21472580628321442	-0.6723340519078002	0.5256434396369035	0.8748443869482062	0.20718880169299486	-0.11880270018049188	0.07571283144033362	-0.3215680056035819	0.08396260524259813	-1.5691224052836503	0.18514421126895422	0.7176098719675167	0.06210052248926145	-0.21266776021331912	0.09046451319525842	-0.4465224646388064	0.021186944212168185	-2.350841813013435	0.06644914055436721	0.512092475541875	0.048997935334089415
psvid_70738_sp|P17980|PRS6A_HUMAN	P17980	PRS6A_HUMAN	-0.07138443498367053	0.10626173214587709	-0.3294343761764422	0.18666550620910116	-0.6717793277232985	0.525973515567641	0.8748443869482062	0.16678112251834282	0.0637925089070972	0.2115571815740757	-0.5027753465048433	0.6303603643190377	0.30153790305038913	0.7767036459363637	0.9665779766182299	0.34426959770021465	-0.016778548964634266	0.21558394218934923	-0.574072423644038	0.5405153257147695	-0.07782837995372364	0.9410372252953009	0.9963964473527942	0.357365141615407
psvid_42157_sp|Q5JTJ3|COA6_HUMAN	Q5JTJ3	COA6_HUMAN	-0.08100721669400635	0.1209613289464574	-0.3747542052936453	0.2127397719056326	-0.669695161251606	0.5272148410177511	0.8760206071622206	0.20398206795808452	-0.10860507577337764	0.16018954135366648	-0.5376060873622498	0.3203959358154945	-0.6779785674871204	0.5317217482189889	0.866822730694972	0.24982413447825694	-0.1880533419662861	0.15180695585585788	-0.5804809308350821	0.20437424690250994	-1.23876630623464	0.2713755344161098	0.6642062428136009	0.2259065528480608
psvid_82367_sp|Q9UBQ7|GRHPR_HUMAN	Q9UBQ7	GRHPR_HUMAN	-0.04620060840331419	0.06920565255977121	-0.21426218817071357	0.12186097136408519	-0.667584318541204	0.5284739688342667	0.8762236755606171	0.03107530109655582	0.07579304845360868	0.19608733431647907	-0.4493452600194212	0.6009313569266386	0.3865269968496842	0.7170513929452139	0.9513860308426689	0.31621498667044773	-0.004562926139055401	0.20574690609887444	-0.5364276343297657	0.5273017820516549	-0.022177374258364912	0.9831796702504673	1.0	0.3378562832549619
psvid_27191_sp|P08240|SRPRA_HUMAN	P08240	SRPRA_HUMAN	0.06713278024759717	0.10066777607817802	-0.17733259004505955	0.31159815054025386	0.6668745736020059	0.528897767417355	0.8762236755606171	0.15177573275147815	-0.20296638408218337	0.08068196075080235	-0.41903943408642863	0.013106665922061861	-2.5156352447739065	0.059978594471961195	0.6917486752637665	0.07835802133225966	-0.28344962451686473	0.09605684581867625	-0.5317607522016654	-0.0351384968320641	-2.9508529256928178	0.03257885177726346	0.48232346954803157	0.07625098231272194
psvid_16256_sp|P61254|RL26_HUMAN	P61254	RL26_HUMAN	0.10033465569923372	0.15047097969756626	-0.26507466596391094	0.4657439773623784	0.6668040302581784	0.5289399017103725	0.8762236755606171	0.27328573739679907	-0.12416750183739689	0.1625404494973291	-0.5594644423818125	0.31112943870701876	-0.7639175492709416	0.4837742949361183	0.8413465998889013	0.25424678528086797	-0.16494943341093649	0.19725108636705926	-0.674852077781687	0.344953210959814	-0.8362409376239708	0.44181267323007023	0.7710550916536703	0.32084700762063684
psvid_34340_sp|Q8TCT9|SPP_HUMAN	Q8TCT9	SPP_HUMAN	-0.0535731602032854	0.08063727945147427	-0.24939572774652857	0.14224940733995778	-0.6643721187980374	0.5303937521653072	0.8769085573980392	0.08966168857781137	0.0825176831697152	0.10426260033378579	-0.19670629510067777	0.36174166144010816	0.7914408705091134	0.4691114394475909	0.8337187464473949	0.13767470965112436	0.0011149120476752206	0.11377275637353008	-0.29299261557454154	0.295222439669892	0.00979946415304228	0.9925670503372214	1.0	0.13408508139205197
psvid_59440_sp|O95292|VAPB_HUMAN	O95292	VAPB_HUMAN	0.04705061402834154	0.07091238558955613	-0.12515565968554035	0.21925688774222343	0.6635034717443081	0.5309136666009563	0.8769085573980392	0.044195125516805614	0.024423218783784506	0.08853341586916387	-0.21267668578136634	0.26152312334893535	0.2758644128210024	0.7951105459787987	0.9690793291043909	0.1002187358481516	-0.05665347919678365	0.10840901791004538	-0.33689550941355395	0.22358855101998665	-0.5225900971060641	0.6239780357414775	0.8506433737456551	0.11865495585203373
psvid_52586_sp|P40763|STAT3_HUMAN	P40763	STAT3_HUMAN	0.04998095054958274	0.07542961355867606	-0.13319512751668347	0.23315702861584894	0.6626170835503881	0.5314445347661219	0.8769085573980392	0.06843264926256287	-0.3514266549087677	0.13936111896307762	-0.7246474064391175	0.02179409662158216	-2.5216979995824715	0.059568283509038304	0.6917486752637665	0.2099509891689921	-0.4331000746336431	0.14523116446238704	-0.8085289565137148	-0.05767119275357141	-2.9821428220098745	0.03143684422709255	0.48232346954803157	0.2112863083960747
psvid_67144_sp|Q9BT22|ALG1_HUMAN	Q9BT22	ALG1_HUMAN	0.049547160356188336	0.0747839190176816	-0.1320608890795698	0.23115520979194648	0.662537628503711	0.5314921378375921	0.8769085573980392	0.06544083684209705	-0.20894207180165525	0.2034197829488486	-0.7537172919864495	0.33583314838313905	-1.0271472556540642	0.3573818670878097	0.7995936304778763	0.32954413220755424	-0.2880007733612625	0.2319056932270294	-0.8874870849400354	0.31148553821751035	-1.2418874644846152	0.2703175193419323	0.6642062428136009	0.3893724529361812
psvid_54845_sp|P36578|RL4_HUMAN	P36578	RL4_HUMAN	0.052667098911355126	0.07978346682537699	-0.14108203830561045	0.2464162361283207	0.6601254747005194	0.5329385994917886	0.8781472401783955	0.08645004326603982	0.02829569204385729	0.07699122646326931	-0.1778932623479176	0.2344846464356322	0.36751839584418744	0.7302090391205565	0.954978328674412	0.06655886546954258	-0.05283327471179344	0.09324211274718619	-0.29386819488471355	0.18820164546112667	-0.5666245986407876	0.5958936939003452	0.8401517092289622	0.06380115963383223
psvid_74942_sp|Q8N5I4|DHRSX_HUMAN	Q8N5I4	DHRSX_HUMAN	-0.08646523815744889	0.1311872790081029	-0.4050453040913182	0.23211482777642045	-0.6590977327314509	0.5335556509103978	0.8781472401783955	0.2285964026080859	-0.010942956496097445	0.09461751664982734	-0.26433659264607584	0.24245067965388095	-0.11565465765283761	0.9130071241822737	0.9956425679323188	0.11540360600372669	-0.09014742881411686	0.12132087063449365	-0.40376716036161775	0.22347230273338403	-0.743049636411745	0.4914594813939129	0.7916529533861496	0.15422626846368645
psvid_69389_sp|Q16718|NDUA5_HUMAN	Q16718	NDUA5_HUMAN	0.04895995833120459	0.07437145444616684	-0.13164644680350482	0.229566363465914	0.6583165368460536	0.534024980812295	0.8781472401783955	0.06347010039707651	-0.030500111791824658	0.15414896666279404	-0.4433239583107183	0.382323734727069	-0.19786127959290614	0.8519492964154978	0.9778892202407429	0.2383964277272649	-0.11092671052752845	0.13356897451620872	-0.45620832375507436	0.23435490270001746	-0.830482609672708	0.4447671443319342	0.7710550916536703	0.18439612213709722
psvid_77241_sp|P45880|VDAC2_HUMAN	P45880	VDAC2_HUMAN	-0.06254164502546988	0.09508883874650727	-0.2934589164749849	0.1683756264240451	-0.6577180439882816	0.534384722986609	0.8781472401783955	0.13611038785154486	-0.029134965695105652	0.11297717090748798	-0.3316972940231148	0.2734273626329035	-0.2578836543797241	0.8080968313465628	0.9727640365131593	0.15657909448595378	-0.10978329372407636	0.10664303697655365	-0.38546018635666074	0.16589359890850802	-1.0294464302269741	0.35129843851768006	0.6990333245481015	0.113297001035731
psvid_44816_sp|P01023|A2MG_HUMAN	P01023	A2MG_HUMAN	-0.06310050730466266	0.09616932440139046	-0.29664167029134436	0.17044065568201902	-0.6561396546917024	0.535334198810593	0.8781764780689095	0.1392099013212963	-0.07821028857436696	0.11359900210908003	-0.3824379329540124	0.22601735580527849	-0.688476897880387	0.525690353315864	0.8667313206910913	0.15789553258811564	-0.15874176290530206	0.11268604402986386	-0.4500400918158088	0.13255656600520466	-1.408708276805179	0.21900291523246107	0.6210915066177928	0.13104763966946778
psvid_30198_sp|Q96EY1|DNJA3_HUMAN	Q96EY1	DNJA3_HUMAN	-0.06076121463035644	0.09269103668803917	-0.2858555744099377	0.1643331451492248	-0.655524167184086	0.5357047332698305	0.8781764780689095	0.12909962597440341	-0.07742973733596425	0.09801402733217211	-0.33991951363520073	0.18506003896327222	-0.7899862850605337	0.46987788109295575	0.8337187464473949	0.12345226947856355	-0.15733915501990237	0.12094562186601764	-0.4699888521667474	0.15531054212694267	-1.3009082312562015	0.2510068435142914	0.6462660267216375	0.153258756959893
psvid_96543_sp|P21810|PGS1_HUMAN	P21810	PGS1_HUMAN	-0.07086647450517347	0.10818994193454856	-0.33359895204029394	0.191866003029947	-0.655019064046133	0.5360089356993771	0.8781764780689095	0.1718240519713063	-0.41170863386125855	0.4024995467313249	-1.4896361393191466	0.6662188715966295	-1.0228797453431193	0.3591874956022091	0.7995936304778763	0.6804690397137616	-0.49522279426307403	0.41522688788348466	-1.5686023737885932	0.5781567852624452	-1.192655891788098	0.28744838947534446	0.6659413830042331	0.7347291353250917
psvid_85860_sp|P50990|TCPQ_HUMAN	P50990	TCPQ_HUMAN	-0.05590355608153175	0.08573454893853318	-0.2641045223654762	0.15229741020241272	-0.6520540059248627	0.5377968695423936	0.8785769965325371	0.1074298377160803	-0.19554062868885458	0.0862376282239873	-0.4264922216111152	0.03541096423340609	-2.267462970815613	0.07980835607270935	0.6917486752637665	0.09415323216391637	-0.276701681631755	0.10023767128362471	-0.5358204251299497	-0.017582938133560322	-2.7604560050963425	0.04061279913934116	0.4861678145147409	0.0921943045357766
psvid_56289_sp|P08319|ADH4_HUMAN	P08319	ADH4_HUMAN	-0.0506949520983655	0.07776936106938337	-0.239552960012294	0.138163055815563	-0.6518627824798131	0.5379123066947444	0.8785769965325371	0.07850616524968783	4.440892098500626e-16	0.06648275985679548	-0.17804640047514844	0.17804640047514933	6.6797649617229355e-15	0.999999999999995	1.0	6.32210032593583e-15	0.02873687023019511	0.1056169803764272	-0.24428762142800403	0.30176136188839425	0.272085701823463	0.7966287871856129	0.9351977172400896	0.11010681203794047
psvid_105138_sp|P15954|COX7C_HUMAN	P15954	COX7C_HUMAN	0.11848748702941059	0.1819017209522683	-0.32324941530300677	0.560224389361828	0.6513818913263726	0.5382026786350563	0.8785769965325371	0.34325552871518467	0.11923638382290891	0.5454767773399027	-1.34159612309094	1.5800688907367577	0.21859112757170446	0.8367228494727558	0.9778892202407429	0.9280599946297442	0.03800077336126251	0.5550970024935677	-1.3969491408158166	1.4729506875383414	0.0684578968910985	0.948122059433524	0.9970116237574381	0.9919455156841196
psvid_84528_sp|Q96K19|RN170_HUMAN	Q96K19	RN170_HUMAN	-0.0694585170588935	0.10691474818914405	-0.3290942666905079	0.1901772325727209	-0.649662635280342	0.5392416092111544	0.8785769965325371	0.1684956813438035	0.48515684211574417	0.28296137099345275	-0.2726374144316227	1.2429510986631112	1.7145691668527074	0.15491961354919145	0.71167553563214	0.471461274176954	0.4036774610288021	0.24123508999580134	-0.21992574729510916	1.0272806693527134	1.67337786984401	0.1561988428674953	0.5664090740980359	0.4074993296080197
psvid_37322_sp|Q9NTJ5|SAC1_HUMAN	Q9NTJ5	SAC1_HUMAN	-0.05973286522377119	0.0919533752870068	-0.2830358606305671	0.16357013018302474	-0.6495994849273529	0.5392797944348228	0.8785769965325371	0.12690256400475383	-0.1051695544547524	0.08009916549686688	-0.31968182994541366	0.10934272103590886	-1.312991887023669	0.2533793664215439	0.7500761027641372	0.07658101270419945	-0.1868575255834537	0.11659854260026103	-0.4882698336049797	0.11455478243807232	-1.6025717081564566	0.17101375003807742	0.5773632808973278	0.14180649324312633
psvid_70966_sp|P07307|ASGR2_HUMAN	P07307	ASGR2_HUMAN	-0.04582661292883383	0.07060357518354937	-0.21728295997108604	0.12562973411341838	-0.6490692972657202	0.5396004510206466	0.8785769965325371	0.04210398216955311	-0.08615143649358759	0.1064130980831797	-0.37113462789433554	0.19883175490716037	-0.8095942891000671	0.4596258641945697	0.8337187464473949	0.14242736602601763	-0.16770946412342957	0.10434359076401596	-0.437442188204367	0.10202325995750783	-1.607280934990269	0.16998645898472878	0.5759871750722215	0.10605938767676511
psvid_31483_sp|P38646|HSPA9_HUMAN	P38646	HSPA9_HUMAN	-0.054323636342532566	0.08378740704867832	-0.25779609086571215	0.149148818180647	-0.6483508471741097	0.5400351599092371	0.8785769965325371	0.10088659883060656	-0.11929633403594497	0.10151191179476694	-0.3911537379605154	0.15256106988862544	-1.1751954221602479	0.29947158049687717	0.7858402699700607	0.13149590215707713	-0.19996204107433435	0.12335132297275501	-0.5188305802994854	0.11890649815081666	-1.6210773930531786	0.1670119200152192	0.5742128906183637	0.15940971956606506
psvid_75428_sp|Q99536|VAT1_HUMAN	Q99536	VAT1_HUMAN	0.04782240747553068	0.07385490500049388	-0.13152958977981086	0.22717440473087222	0.6475183669278416	0.5405391399398353	0.8785769965325371	0.060928456163743046	-0.0170854848565396	0.10071530307828507	-0.28680950390265075	0.25263853418957155	-0.1696413984204487	0.8727982161800273	0.9814843470253816	0.1296835400539354	-0.09848586691105554	0.11124421209352275	-0.3860569975048421	0.18908526368273104	-0.8853122787930638	0.41724174187415536	0.756942983046034	0.12695244022299546
psvid_77498_sp|Q9Y385|UB2J1_HUMAN	Q9Y385	UB2J1_HUMAN	-0.05859200339356896	0.09072189211524943	-0.2789044192790785	0.1617204124919406	-0.645841946496619	0.5415549346683027	0.8788882630904112	0.12318803611171435	0.03690213276172161	0.34046563769639604	-0.8748933674234799	0.9486976329469231	0.10838724580666317	0.9184464648263411	0.9969247407898192	0.5723755010296365	-0.04248125036057804	0.3047434952727685	-0.8302564507729588	0.7452939500518028	-0.13940002336244814	0.8946725423381098	0.9728119371158298	0.5287002345329385
psvid_48893_sp|P67809|YBOX1_HUMAN	P67809	YBOX1_HUMAN	-0.06605550620701894	0.10269100740359685	-0.31543416667479696	0.18332315426075904	-0.6432452838582756	0.5431306958833598	0.8788882630904112	0.15727334099064452	-0.2784693418655202	0.13253336546137437	-0.6334047975247541	0.07646611379371365	-2.1011263155969395	0.09710481626900498	0.6917486752637665	0.19653150915647977	-0.36048019835744727	0.1563668467992358	-0.76469530380166	0.04373490708676536	-2.3053492843037175	0.07028166015583165	0.5124776378946586	0.23586497432088216
psvid_63078_sp|Q86UB9|TM135_HUMAN	Q86UB9	TM135_HUMAN	0.10791409474037472	0.1678133491593853	-0.29961008171943493	0.5154382712001844	0.6430602528400787	0.5432430898071469	0.8788882630904112	0.3122160780145766	0.22850977109714332	0.46838503786104707	-1.0258645991487345	1.4828841413430212	0.4878673583184225	0.6489293619380196	0.9190364020538448	0.7947547156742846	0.14624062518028902	0.465642731701536	-1.057466105158328	1.349947355518906	0.31406186594151586	0.766381906711223	0.9182825331865887	0.8277402069671046
psvid_50788_sp|Q9H444|CHM4B_HUMAN	Q9H444	CHM4B_HUMAN	0.0521196379402884	0.0810649065808977	-0.14474139522337834	0.24898067110395514	0.6429371245654403	0.543317890038258	0.8788882630904112	0.09124013900073007	0.32300463826791015	0.2627243188955468	-0.38059309740665603	1.0266023739424763	1.2294432415916907	0.2804673647093524	0.7858402699700607	0.43569214385104005	0.24256316415148704	0.22539681210749943	-0.3400974064092255	0.8252237347121996	1.0761605804602081	0.3318802703814271	0.6863602060851707	0.37665699708324263
psvid_92036_sp|P07919|QCR6_HUMAN	P07919	QCR6_HUMAN	0.07988267587471132	0.12427584470037348	-0.22191340601663478	0.3816787577660574	0.6427852175723031	0.5434101821790713	0.8788882630904112	0.21205018424593597	-0.1623088204901837	0.17862318554440967	-0.6406766754963722	0.31605903451600476	-0.9086660278479365	0.4104608565163316	0.8101536433552932	0.2841892702990942	-0.2543286463255423	0.20063508969695681	-0.7729790866058333	0.26432179395474864	-1.26761797604639	0.2617374433225586	0.6553426061816734	0.32764146613893125
psvid_53988_sp|Q16836|HCDH_HUMAN	Q16836	HCDH_HUMAN	-0.05219238210782606	0.08145925886009336	-0.25001107500845227	0.14562631079280014	-0.6407176156300011	0.5446673432948084	0.8800536384270795	0.09267916205348857	-0.23558846271352207	0.11701664056080285	-0.5489688291787942	0.0777919037517501	-2.013290260124228	0.10784714138832649	0.6932976333804658	0.16506625719898435	-0.3153122229853548	0.12490902079632606	-0.6382074788892236	0.007583032918513977	-2.5243350798458026	0.05378688282035354	0.5036298607729148	0.16333078930607678
psvid_40820_sp|O60337|MARH6_HUMAN	O60337	MARH6_HUMAN	0.05128808991613898	0.08033115455640792	-0.14379107255009052	0.24636725238236848	0.6384582693894294	0.5460431660481551	0.8814082601564708	0.08851967875293026	0.47830924443464795	0.33032180397223	-0.40632021923978767	1.3629387081090836	1.4480099063483536	0.21480565598793722	0.7258795267620202	0.5546353108959546	0.396240625180289	0.32157119126235556	-0.43503490185533944	1.2275161522159175	1.232201876122087	0.27361302868063475	0.6642062428136009	0.5603688660931588
psvid_33740_sp|Q9NX63|MIC19_HUMAN	Q9NX63	MIC19_HUMAN	-0.060667217851335664	0.09562708608988174	-0.2928915891617326	0.17155715345906125	-0.6344145820182514	0.548510959718303	0.8840199595599565	0.13765876623086107	0.19686433100362244	0.21776820249582649	-0.3863371587636846	0.7800658207709295	0.9040086144229221	0.41267381478633075	0.8101536433552932	0.3554669237700822	0.11644769993587001	0.21223416591061744	-0.4321868572511207	0.6650822571228607	0.5486755604887482	0.6072488197941752	0.8425448937922566	0.3507423166446793
psvid_26163_sp|P05164|PERM_HUMAN	P05164	PERM_HUMAN	-0.06499121396351892	0.10250315106797143	-0.3139136771212975	0.18393124919425963	-0.6340411322616047	0.5487392188000217	0.8840199595599565	0.15676646829878088	0.1491300894496912	0.0726377329558153	-0.04539984461615648	0.34366002351553887	2.0530664075158476	0.10283179460763	0.6917486752637665	0.050160087694224476	0.06658869103135134	0.10305835796677264	-0.19982165032401328	0.33299903238671597	0.6461260624084503	0.5471851394348424	0.8172892793015861	0.10186413139917319
psvid_36799_sp|Q9UMX5|NENF_HUMAN	Q9UMX5	NENF_HUMAN	-0.07893043462054106	0.12490375883368554	-0.38225136653929725	0.22439049729821514	-0.6319300184203436	0.5500306770264314	0.8844348870449275	0.213568230826958	-0.33073065878633834	0.09329511920809447	-0.5805828038038	-0.0808785137688767	-3.5449942247101336	0.020343149905428817	0.6392260310717692	0.11219551475555872	-0.41149798352967903	0.09293157315661543	-0.6517301453435441	-0.17126582171581395	-4.427967477061762	0.007143653577138521	0.39647783251920843	0.06230085053142707
psvid_70753_sp|P16671|CD36_HUMAN	P16671	CD36_HUMAN	0.04282370407900249	0.06777435650308054	-0.12176206312822302	0.207409471286228	0.6318570369171418	0.5500753565767231	0.8844348870449275	0.012492305634474248	-0.7290409294559463	0.30484595954680016	-1.5454439475257922	0.08736208861389938	-2.391505961042674	0.0691130736094293	0.6917486752637665	0.5099745777337071	-0.8101369957694969	0.318049115219957	-1.632307802923624	0.012033811384630222	-2.5472071985146725	0.05232441499377016	0.5036298607729148	0.5537519417868372
psvid_30177_sp|P07737|PROF1_HUMAN	P07737	PROF1_HUMAN	-0.05254079219955177	0.08341760368577873	-0.2551152024868429	0.15003361808773935	-0.6298525716162363	0.5513033761715236	0.8848530481707088	0.09961309814549123	0.13276948142081846	0.07856443359059555	-0.07763265345301876	0.34317161629465565	1.6899438505811548	0.1596576348019114	0.7176098719675167	0.07175759431647989	0.05161271936685652	0.11522891409251607	-0.24625903934380217	0.3494844780775152	0.4479146555648109	0.6732901266229214	0.8687814337240958	0.1380942962482881
psvid_50116_sp|P22392|NDKB_HUMAN	P22392	NDKB_HUMAN	-0.10538925506644059	0.16737186056383935	-0.5118413042061204	0.3010627940732392	-0.6296712883002384	0.5514145214819904	0.8848530481707088	0.31123592456827504	0.06304626954233417	0.07439902552302985	-0.13620055357041327	0.2622930926550816	0.8474071951764812	0.4403421677323652	0.8295752455531222	0.05724496015882362	-0.01677854896463471	0.10977934166880092	-0.30056292574639815	0.2670058278171287	-0.15283885574077133	0.8846088748552624	0.9700718070368993	0.12270864524485586
psvid_48646_sp|Q96GQ5|RUSF1_HUMAN	Q96GQ5	RUSF1_HUMAN	-0.08077693527196494	0.1285214738339916	-0.3928832608054196	0.2313293902614897	-0.6285092511178542	0.5521272985918225	0.8851307621608885	0.22225516289969002	-0.5843839903118675	0.6848044301288864	-2.418347623538221	1.249579642914486	-0.8533589512583631	0.43736531609129603	0.8276831523344766	1.1683148031636672	-0.6674996511442386	0.6738849445711809	-2.4095215662938285	1.0745222640053513	-0.9905246533872255	0.36819966020054457	0.7124524044277046	1.2090033155457103
psvid_30920_sp|Q9UKS6|PACN3_HUMAN	Q9UKS6	PACN3_HUMAN	0.07757398790473324	0.12408046069139735	-0.2237476161947669	0.3788955920042334	0.6251910048727886	0.5541657921631485	0.8860256322000543	0.2115771713628524	-0.5013560331914291	0.12698470057527175	-0.8414316994474942	-0.16128036693536396	-3.9481609274201035	0.013943648379731026	0.6219650821978125	0.18545488274233046	-0.5844674096890956	0.12874467993998984	-0.9172780114411463	-0.25165680793704487	-4.539740282561782	0.0064530089294066026	0.39647783251920843	0.17280268539917
psvid_66567_sp|Q8NI22|MCFD2_HUMAN	Q8NI22	MCFD2_HUMAN	-0.07745851933579218	0.12410407655486885	-0.3788374730761929	0.22392043440460857	-0.6241416195667533	0.5548114227715811	0.8860256322000543	0.21163436053574416	-0.08435389284359207	0.09398765228269022	-0.3360606994516278	0.16735291376444367	-0.8974997331551348	0.4157826857139403	0.811766195917693	0.11388122055836838	-0.118604011589444	0.14056639315310046	-0.4819742565829041	0.2447662334040161	-0.8437579490302798	0.4379783592463487	0.7710550916536703	0.20069677142178968
psvid_63485_sp|P04424|ARLY_HUMAN	P04424	ARLY_HUMAN	-0.05423358346858986	0.08690310619000745	-0.2652723176293967	0.15680515069221695	-0.6240695626001216	0.5548557725299552	0.8860256322000543	0.11123953375106783	-0.09879946515086102	0.14050203799105712	-0.4750756934183817	0.27747676311665964	-0.7031888402725486	0.5173191702683461	0.8666020829827248	0.21217357852830623	-0.1819256682093099	0.14276711826455957	-0.5509848834109133	0.18713354699229356	-1.2742826949282973	0.2595559988661759	0.6541369364189723	0.2057174489507611
psvid_71346_sp|P36542|ATPG_HUMAN	P36542	ATPG_HUMAN	0.054119894134942115	0.08678734931708805	-0.15663773173178475	0.264877520001669	0.623591970037114	0.5551497771921063	0.8860256322000543	0.11086571879753582	0.07969781192964609	0.0737610269726135	-0.11784039761689746	0.27723602147618964	1.0804867448393423	0.33546816037924276	0.7995936304778763	0.05476529910846772	-0.0022844888025057575	0.1056719134862108	-0.27545098494067033	0.2708820073356588	-0.02161869438281594	0.9836033180124497	1.0	0.11027915533503373
psvid_98716_sp|P21549|AGT1_HUMAN	P21549	AGT1_HUMAN	-0.04693637558962749	0.07531425570453856	-0.22983231435385937	0.1359595631746044	-0.6232070562279888	0.5553867987205218	0.8860256322000543	0.06790595237594665	-0.008761727905781225	0.06687458587359726	-0.18785747127906405	0.1703340154675016	-0.13101730337952552	0.9015276683359799	0.9921682594839206	0.012390954434179879	-0.12551186628226585	0.1244013497884875	-0.4470947705325395	0.1960710379680078	-1.0089268846010633	0.36012622880445644	0.704639420771205	0.16205790854241986
psvid_39980_sp|P40926|MDHM_HUMAN	P40926	MDHM_HUMAN	-0.0643846568951778	0.10370680679517762	-0.31623012237326015	0.18746080858290454	-0.6208334716383506	0.5568497729130498	0.8867672709244041	0.1600021259297034	-0.06776443682409061	0.11406726178265751	-0.3732461198379282	0.237717246189747	-0.5940743712530613	0.5816246141367469	0.8922959468515108	0.15888437507559863	-0.14892748388879073	0.15002407571447304	-0.5367462499853942	0.23889128220781275	-0.9926905610285555	0.3672417140445209	0.7124524044277046	0.2219747604993853
psvid_83402_sp|Q86WU2|LDHD_HUMAN	Q86WU2	LDHD_HUMAN	-0.07439941199563815	0.11986403273768877	-0.3654816856840325	0.2166828616927562	-0.6206983888023717	0.5569331030805709	0.8867672709244041	0.20128946224483368	-0.6688187327019208	0.30018496564139535	-1.4727392186193486	0.13510175321550688	-2.228022083893768	0.08358137587418736	0.6917486752637665	0.5017846847446856	-0.7499999999999999	0.31775988310495956	-1.5714231295469188	0.0714231295469191	-2.360272771601778	0.06568326764022989	0.512092475541875	0.5532083052475953
psvid_84271_sp|Q14117|DPYS_HUMAN	Q14117	DPYS_HUMAN	-0.052554592848344406	0.08495007975963609	-0.2588505250114067	0.1537413393147179	-0.6186526604453602	0.5581960095645541	0.8870888139498504	0.10482484947818829	-0.3931916618619793	0.12036086543387005	-0.7155281426990319	-0.07085518102492666	-3.266773302473559	0.02679234060960259	0.6392260310717692	0.1719867361878544	-0.47414890372016016	0.112153222889506	-0.7640698667897532	-0.1842279406505672	-4.22768861655714	0.008608379081364038	0.39647783251920843	0.12954324471165918
psvid_54668_sp|Q8TC12|RDH11_HUMAN	Q8TC12	RDH11_HUMAN	-0.06830669050184124	0.11061876978008595	-0.3369374238817645	0.20032404287808203	-0.6174963854474007	0.5589105964850651	0.8870888139498504	0.1780957562716257	0.0698787369396574	0.06773806088424046	-0.11152946484955784	0.25128693872887264	1.0316022635940998	0.3555052469135072	0.7995936304778763	0.02225018063180658	-0.006736684143234806	0.0935500601593022	-0.24856766178106987	0.23509429349460026	-0.07201154260898612	0.9454345354922684	0.9970116237574381	0.06525966581868914
psvid_79219_sp|P05155|IC1_HUMAN	P05155	IC1_HUMAN	-0.05472300311851441	0.08863714887786625	-0.2699727510148533	0.1605267447778245	-0.6173822580182224	0.5589811584095856	0.8870888139498504	0.11675280072713871	0.022355676562912485	0.11662199693670501	-0.2899678012158425	0.33467915434166745	0.19169348107669365	0.8564946886985518	0.979782114487937	0.16424355170724309	-0.059130123165122006	0.10323268783955537	-0.325991114830008	0.20773086849976397	-0.5727848843480882	0.5920262991563925	0.8398989019173735	0.10244015753318131
psvid_36827_sp|P23786|CPT2_HUMAN	P23786	CPT2_HUMAN	-0.04664233166830645	0.07561142853119919	-0.23025993597379443	0.13697527263718154	-0.6168688064008822	0.559298679039113	0.8870888139498504	0.06925625324696226	-0.003556883539730382	0.0813768700056576	-0.22149095874434865	0.2143771916648879	-0.04370877793017961	0.9670462307991852	1.0	0.0804417929307662	-0.08391589142836264	0.09627013506426436	-0.332778381097243	0.1649465982405177	-0.8716710677963135	0.4239632514347091	0.7616296001165247	0.0771261996234353
psvid_33321_sp|P08575|PTPRC_HUMAN	P08575	PTPRC_HUMAN	0.057393163646598744	0.09352405210384704	-0.1697241217405455	0.284510449033743	0.6136727649789023	0.5612775975617458	0.8875482572239343	0.13155711566291223	-0.8157200839066352	0.35944212811504866	-1.7783362151843183	0.1468960473710479	-2.269405893472629	0.07962738550981095	0.6917486752637665	0.6055079616899319	-0.896240625180289	0.34042888951829625	-1.7762641230613427	-0.0162171272992353	-2.6326808704409936	0.0472335322061008	0.5036298607729148	0.5957057571144397
psvid_91509_sp|P40261|NNMT_HUMAN	P40261	NNMT_HUMAN	-0.061698532633448266	0.100611621501722	-0.3060275350647917	0.18263046979789516	-0.6132346513508112	0.5615491996604672	0.8875482572239343	0.15162189424339617	0.15953257506004537	0.10292308278991172	-0.11610406301006387	0.4351692131301546	1.5500174570721503	0.18953612686726676	0.7176098719675167	0.1346805727598148	0.07877297773823355	0.10073119415267767	-0.18162154385894336	0.33916749933541046	0.782011753169905	0.47022849364973085	0.778964373318746	0.09393804435642397
psvid_64329_sp|P52209|6PGD_HUMAN	P52209	6PGD_HUMAN	0.043609815406410846	0.0711226297375301	-0.12910702301336466	0.21632665382618635	0.6131637084757392	0.5615931871705981	0.8875482572239343	0.045568882341406804	0.2117106385588996	0.21688357634120614	-0.36912174825697164	0.7925430253747708	0.9761487805136136	0.37947514904660923	0.8071844934324761	0.3538741818267988	0.1290037867509165	0.18785270289567096	-0.3566036272455208	0.6146112007473539	0.6867284034904849	0.523341409158079	0.8112286493565687	0.3018257797932235
psvid_40943_sp|Q16775|GLO2_HUMAN	Q16775	GLO2_HUMAN	-0.05101946360102794	0.08324192993579313	-0.2531672612222403	0.15112833402018444	-0.6129058233078053	0.5617531042673437	0.8875482572239343	0.099004385508305	-0.1035210629564669	0.26123235756144475	-0.8031232011895737	0.5960810752766399	-0.39627963366719454	0.7103447378187997	0.9513860308426689	0.433048138714076	-0.18424139854155153	0.28899705701663997	-0.931311370637575	0.5628285735544719	-0.6375199818416947	0.5523300528594247	0.8225844629831162	0.4989280658251349
psvid_43272_sp|P15144|AMPN_HUMAN	P15144	AMPN_HUMAN	0.0459449578716038	0.0751282523634695	-0.13649928346350432	0.2283891992067119	0.6115536622537511	0.5625920454067774	0.888018242990486	0.0670497174585228	0.04030768885989122	0.08701449932235887	-0.19272442994601469	0.27333980766579713	0.4632295671847178	0.6651603732122415	0.9307386644696186	0.09623052136795195	-0.03882779892813004	0.090537809470338	-0.27287197741520025	0.19521637955894017	-0.4288572824467418	0.686194881296239	0.8778886106811484	0.049438972885400605
psvid_23299_sp|Q9NUI1|DECR2_HUMAN	Q9NUI1	DECR2_HUMAN	-0.0440530049194896	0.07219940704027779	-0.21938472937622808	0.13127871953724887	-0.6101574337710809	0.5634591257046645	0.8885316982265863	0.05209419349133861	0.1616408489978718	0.16806054167787307	-0.28843936085055444	0.611721058846298	0.9618013091240292	0.3858949051337374	0.8083919374262081	0.2645821451787261	0.0823269063132398	0.19288708481901728	-0.41629460409587654	0.5809484167223562	0.4268139901149201	0.6875858691670003	0.8778886106811484	0.3120437776366016
psvid_46370_sp|O00461|GOLI4_HUMAN	O00461	GOLI4_HUMAN	-0.13149695294404218	0.21589965116940166	-0.6557956930711167	0.3928017871830324	-0.6090651477749055	0.5641380173577326	0.8887476930515672	0.41674075649599396	0.06724970826284293	0.21335194928161152	-0.5041246854261503	0.6386241019518362	0.31520550193838365	0.7669732607895768	0.9665627003629799	0.34750878923573636	-0.015694035945381102	0.23497153437946705	-0.6231056803557287	0.5917176084649665	-0.06679122212325529	0.949382792811699	0.9970116237574381	0.39534154696889945
psvid_66423_sp|Q93050|VPP1_HUMAN	Q93050	VPP1_HUMAN	0.05357611337849466	0.08829746045596622	-0.16084872252436355	0.2680009492813529	0.6067684517972401	0.565567103870049	0.8901440022522845	0.11568502636666973	0.08504188538057678	0.12453077324458264	-0.24846195790667802	0.4185457286678316	0.6828985572389537	0.5288891899674439	0.8667313206910913	0.1804992506416725	0.003985385967255617	0.15965342283860667	-0.4087256615995887	0.4166964335340999	0.024962734255215033	0.9810676251328397	1.0	0.24296314532383098
psvid_43230_sp|Q13418|ILK_HUMAN	Q13418	ILK_HUMAN	0.12002034924624994	0.1981622980288302	-0.36120434303304094	0.6012450415255408	0.6056669227200243	0.5662532902328639	0.8903695071734389	0.3786088219446184	-0.8893769918311403	0.2214771194284301	-1.4825112718576636	-0.2962427118046169	-4.015660823684049	0.013120183692553664	0.6219650821978125	0.3621375776172518	-0.9694360624872509	0.22240805141925588	-1.544370556571554	-0.3945015684029477	-4.358817301356555	0.00761398594945535	0.39647783251920843	0.3707974683517549
psvid_787176_sp|P11586|C1TC_HUMAN	P11586	C1TC_HUMAN	-0.046651656165227706	0.07730931100147503	-0.23439246138941933	0.14108914905896391	-0.6034416237953227	0.5676410490855712	0.8911588681885743	0.0766068294715934	0.06581022325256436	0.08789134112727252	-0.16957015136413053	0.3011905978692593	0.7487679947591966	0.4919893671418277	0.8458142756443096	0.09854414334628266	-0.01555239158164512	0.09991575335022923	-0.2738389632092968	0.24273418004600655	-0.15565504998125942	0.8825030328531273	0.9687449624358292	0.09104360923797117
psvid_33157_sp|P35241|RADI_HUMAN	P35241	RADI_HUMAN	-0.04360577829290069	0.07230039142886467	-0.21918273699351973	0.13197118040771835	-0.6031195327041042	0.5678420836933293	0.8911588681885743	0.05266937373859255	-0.12612984431471785	0.12273312078686077	-0.4548194237222524	0.20255973509281672	-1.0276756877530708	0.3571588261666785	0.7995936304778763	0.17684431462320346	-0.2085747910950091	0.15847100298944464	-0.6182292318823996	0.2010796496923814	-1.316170069983729	0.24622446504022766	0.6439811012666573	0.24041662152002538
psvid_72746_sp|P06681|CO2_HUMAN	P06681	CO2_HUMAN	-0.044926684059188204	0.07470462498615811	-0.22634217292061387	0.13648880480223746	-0.601390932188102	0.5689217292417987	0.891999651966109	0.06506576999981545	-0.24350160544103439	0.07496121080631771	-0.44425400783937574	-0.04274920304269306	-3.2483680936022465	0.027296802657187286	0.6392260310717692	0.05936085252755099	-0.32319543730696154	0.10643757084289573	-0.5983411910403368	-0.0480496835735863	-3.0364788931908766	0.029558864205407778	0.48232346954803157	0.1126629559030718
psvid_40984_sp|Q13885|TBB2A_HUMAN	Q13885	TBB2A_HUMAN	0.07848900456366703	0.13100363853797464	-0.2396451020247236	0.3966231111520577	0.5991360655293178	0.570331920917238	0.8932536160567482	0.22816109815434138	0.14624056506802097	0.13775621090714282	-0.22268210823771445	0.5151632383737563	1.0615896307324915	0.34309386469557945	0.7995936304778763	0.20681539048830033	-0.05038443546129945	0.10760428717082696	-0.32854620168819076	0.22777733076559187	-0.468238178849805	0.6596677518092707	0.8651228052658235	0.11623316001085786
psvid_46960_sp|P09496|CLCA_HUMAN	P09496	CLCA_HUMAN	-0.05604233518321333	0.09368428427296777	-0.28354873432734046	0.1714640639609138	-0.5982042304974318	0.5709153011753685	0.8932536160567482	0.13202706205312065	0.2661088518503676	0.10787945972146529	-0.022801378861834365	0.5550190825625696	2.466723994886847	0.06340675617498145	0.6917486752637665	0.14563263535835758	0.18424139854155164	0.1383443159853371	-0.17338468024878828	0.5418674773318916	1.3317597996659225	0.24142679232699357	0.6395189685410964	0.19557883999409953
psvid_51775_sp|Q14254|FLOT2_HUMAN	Q14254	FLOT2_HUMAN	-0.04952993268193229	0.08290869874621697	-0.2508684992927215	0.1518086339288569	-0.5974033295775527	0.5714169948676717	0.8932536160567482	0.09784290762485301	-0.14632825186250686	0.14665377154454473	-0.539079337946399	0.24642283422138517	-0.997780352468201	0.3699662466192781	0.801546448152564	0.22407184117182646	-0.22841728205989498	0.1362419784037333	-0.5806087266894631	0.12377416256967305	-1.6765558217527754	0.1555648246082816	0.5664090740980359	0.1906882519624352
psvid_24571_sp|P62191|PRS4_HUMAN	P62191	PRS4_HUMAN	-0.06279847732564203	0.10525489449226484	-0.31840337652579276	0.1928064218745087	-0.5966323716210373	0.5719001810119425	0.8932536160567482	0.16412349635589488	0.40172379134952063	0.5960099609776978	-1.1944408147527381	1.9978883974517794	0.6740219419999808	0.5340073047594608	0.8679603367745448	1.0152765288777146	0.3231954373069612	0.6020268459144511	-1.2330701649149665	1.8794610395288889	0.5368455568057637	0.6148027231389347	0.8487175639291691	1.0778031312292566
psvid_62349_sp|P30419|NMT1_HUMAN	P30419	NMT1_HUMAN	0.05737831603228294	0.09650616279994827	-0.17698083784523028	0.29173746990979615	0.5945559782666408	0.5732027428133398	0.8941980828606302	0.14016918471571213	0.04384359373156732	0.09499139691780346	-0.21055132509778873	0.2982385125609234	0.4615533106593369	0.666272678102032	0.9307386644696186	0.11630259205149504	-0.038627487263906524	0.13119618751616896	-0.37777534281167285	0.3005203682838598	-0.29442537923707557	0.7804765590820563	0.9221769141891731	0.17873472088255377
psvid_70935_sp|O94956|SO2B1_HUMAN	O94956	SO2B1_HUMAN	-0.0758445523598148	0.12796613547061306	-0.3866022735639593	0.23491316884432972	-0.5926923719379821	0.5743733248119158	0.8941980828606302	0.22092797137308806	0.38130717567934536	0.15178482100508625	-0.02518529071242198	0.7877996420711126	2.5121561771092242	0.060215475609675655	0.6917486752637665	0.2338966673687752	0.29816126948559896	0.13202282708334304	-0.04312348532597765	0.6394460242971756	2.2584069442580295	0.07448753787835903	0.5124776378946586	0.18071561850412038
psvid_60305_sp|Q9HD20|AT131_HUMAN	Q9HD20	AT131_HUMAN	-0.05299209107911462	0.0894820568007953	-0.27029364478947726	0.16430946263124804	-0.5922091307879239	0.5746770940255008	0.8941980828606302	0.11938457213540786	-0.3315246424370053	0.14636892725568845	-0.7235128916525723	0.06046360677856166	-2.264993319639985	0.08003904060190835	0.6917486752637665	0.22352391489567575	-0.4127737097078985	0.15988020334714867	-0.8260709947608174	0.0005235753450203995	-2.58176873100193	0.05019662873017073	0.5036298607729148	0.2434506557236433
psvid_17573_sp|O60493|SNX3_HUMAN	O60493	SNX3_HUMAN	0.06074683324824193	0.1030937500716555	-0.18960986248876804	0.3111035289852519	0.5892387579850352	0.5765463916102421	0.8941980828606302	0.158357652239961	0.4785242663220881	0.3304854083510159	-0.40654334358465716	1.3635918762288335	1.447943704110037	0.2148230921987166	0.7258795267620202	0.5549216096240585	0.396240625180289	0.32157119126235556	-0.43503490185533944	1.2275161522159175	1.232201876122087	0.27361302868063475	0.6642062428136009	0.5603688660931588
psvid_27448_sp|P14174|MIF_HUMAN	P14174	MIF_HUMAN	-0.04460358356151506	0.07589589719823042	-0.22891200215466984	0.13970483503163972	-0.5876942655413399	0.5775197863961127	0.8941980828606302	0.07052945741233865	0.0790723477064641	0.07700721465562106	-0.12715942440383612	0.2853041198167643	1.0268173970462169	0.35752115476372104	0.7995936304778763	0.06661319073928408	0.0	0.08631442272419226	-0.22312653990913778	0.22312653990913778	0.0	1.0	1.0	5.438959822042073e-16
psvid_55206_sp|P28838|AMPL_HUMAN	P28838	AMPL_HUMAN	0.05937203698858973	0.10114837564818165	-0.18626043916873006	0.3050045131459095	0.5869796386557896	0.577970499160106	0.8941980828606302	0.15308951725106112	0.0010109780180349581	0.100774699578706	-0.2688721098321322	0.27089406586820214	0.010032061839543116	0.9924336347085982	1.0	0.1298190502490311	-0.08138483710993483	0.09799085069097122	-0.3346954515746156	0.17192577735474596	-0.8305350605292128	0.44474016548448037	0.7710550916536703	0.08391848277765755
psvid_45213_sp|Q08477|CP4F3_HUMAN	Q08477	CP4F3_HUMAN	-0.07622868059468324	0.12994131412596371	-0.39178299908333974	0.23932563789397326	-0.5866392925716295	0.5781852274358547	0.8941980828606302	0.2256385780273656	0.023033546120894588	0.0691453395872662	-0.1621434659294888	0.20821055817127798	0.333117839298839	0.7542971523580735	0.9625045655840756	0.03257435331371532	0.05597284658583801	0.09722945621824348	-0.19536953002421986	0.3073152231958959	0.5756778733823221	0.5902153935383757	0.8383831152314581	0.08096852531353194
psvid_51988_sp|P04632|CPNS1_HUMAN	P04632	CPNS1_HUMAN	0.08105858876195882	0.13853637000211064	-0.2553682829836263	0.4174854605075439	0.5851069200147504	0.579152603175793	0.8941980828606302	0.2458491793961977	-0.14504113479687408	0.3925848804122176	-1.1964163332531927	0.9063340636594446	-0.36945165754875636	0.7288657531389268	0.9547442772746325	0.6632309818879893	-0.22672264890212956	0.39285880985199756	-1.2422797730596602	0.788834475255401	-0.5771097483789233	0.5893203484426736	0.8383831152314581	0.693308778876301
psvid_60158_sp|P16435|NCPR_HUMAN	P16435	NCPR_HUMAN	-0.04396407076449105	0.07518555592257893	-0.22654747019310761	0.13861932866412552	-0.5847409149938628	0.5793838008574598	0.8941980828606302	0.06731443931694397	0.11518157657603223	0.16060501415500644	-0.3149321059809713	0.5452952591330358	0.7171729798228205	0.5094501585033994	0.8604513490685634	0.25060670741888913	-0.02071040883736508	0.12673067114366363	-0.3483147101834365	0.30689389250870636	-0.1634206514529342	0.8767019989751883	0.9687449624358292	0.1678601118562165
psvid_41656_sp|P35573|GDE_HUMAN	P35573	GDE_HUMAN	-0.04221523574684394	0.07242659773804569	-0.21809867854107448	0.1336682070473866	-0.5828692367896259	0.5805669517515532	0.8941980828606302	0.05338060813925723	0.023587049102342217	0.06927223246291814	-0.16192979269945995	0.20910389090414438	0.34049789163310873	0.749100485273322	0.9598237040390771	0.0333571247368925	0.018523912806768905	0.09193759309445328	-0.21913876727960327	0.25618659289314105	0.2014835518669509	0.8484032254702265	0.959060261263668	0.057271899355453924
psvid_58845_sp|P16070|CD44_HUMAN	P16070	CD44_HUMAN	-0.10261873725267368	0.17615654801154754	-0.530403848008232	0.3251663735028847	-0.5825428484551521	0.5807734184996146	0.8941980828606302	0.33065031092860114	-0.39474008958579354	0.3506804971376871	-1.3338918391023857	0.5444116599307987	-1.125640270296547	0.31784974044740516	0.7982749989797006	0.5902187289537792	-0.47672264890212945	0.30720223253675305	-1.2708537921679028	0.31740849436364393	-1.5518202617394563	0.18248129685626996	0.5811054890180247	0.5333363371371163
psvid_32999_sp|P30038|AL4A1_HUMAN	P30038	AL4A1_HUMAN	0.04848007182542968	0.08356212858658559	-0.15444530810446902	0.25140545175532836	0.5801679857304676	0.5822770101285656	0.8941980828606302	0.10011205894645404	-0.025493713864988443	0.11617999316365565	-0.3366334685107479	0.285646040780771	-0.21943290897837295	0.836106260925054	0.9778892202407429	0.16332052193506996	-0.10515569799972613	0.1319113709862984	-0.44615233394888726	0.235840937949435	-0.7971693206846332	0.4621527351121947	0.778962472337101	0.18044907893940618
psvid_97097_sp|P61020|RAB5B_HUMAN	P61020	RAB5B_HUMAN	0.04568452965636283	0.07876462329369292	-0.14559041004728931	0.23695946936001497	0.5800133073196709	0.582375020604326	0.8941980828606302	0.082501851857616	-0.1789183925158957	0.24288467680371034	-0.8293839046068515	0.4715471195750601	-0.7366392761799888	0.49863992091536535	0.8483085791506215	0.4004410609904699	-0.26109852983961357	0.23914200234410476	-0.8792910154742019	0.3570939557949747	-1.0918137645427726	0.32558206744882184	0.6810645288470252	0.4034419299525298
psvid_68886_sp|P33121|ACSL1_HUMAN	P33121	ACSL1_HUMAN	-0.045409738946595724	0.07831865248824388	-0.2356016665649392	0.14478218867174775	-0.5798074597033193	0.5825054689749066	0.8941980828606302	0.0807296006007054	0.16096401137631333	0.10148134758485672	-0.11081153903360746	0.43273956178623413	1.5861438107305224	0.18131760791335041	0.7176098719675167	0.1314265649411716	0.024548885606690884	0.09129749715340843	-0.21145911860944355	0.2605568898228253	0.26888892217320104	0.7989499041667859	0.9362777390901005	0.0538168757234086
psvid_65395_sp|Q9UI17|M2GD_HUMAN	Q9UI17	M2GD_HUMAN	0.052714351776585566	0.09106473726083884	-0.16843064200758012	0.27385934556075126	0.578866786005154	0.5831018046455663	0.8941980828606302	0.12422825422069209	-0.09507264802492532	0.4670912423581637	-1.3459821255266464	1.1558368294767958	-0.20354191944370476	0.8477688768153349	0.9778892202407429	0.7925142039929196	-0.17695481212667252	0.4744943232495465	-1.4035432919164506	1.0496336676631053	-0.37293346507247527	0.7247585739117968	0.896040644379517	0.8440295493701948
psvid_80667_sp|P00734|THRB_HUMAN	P00734	THRB_HUMAN	-0.05282299935657786	0.09127483730670455	-0.2744782079037197	0.168832209190564	-0.5787246618592194	0.5831919347092508	0.8941980828606302	0.1248633522280526	0.035628875403168614	0.0709479019024081	-0.15437554953642807	0.2256333003427653	0.5021836368350634	0.6396011423033298	0.9190364020538448	0.04246284733554078	-0.04494665077227089	0.1027891189458431	-0.3106609975388691	0.22076769599432733	-0.4372705130000395	0.6804824506981935	0.8742494564853254	0.10096998211524524
psvid_25448_sp|P28799|GRN_HUMAN	P28799	GRN_HUMAN	0.057973245961669306	0.10025536958750024	-0.18549062107560266	0.30143711299894127	0.578255770241531	0.5834893469734228	0.8941980828606302	0.15064427667966038	-0.16777298369427296	0.21347096382550507	-0.7394661083022305	0.40392014091368456	-0.7859288246405893	0.4720208195249304	0.8337187464473949	0.34772348187104857	-0.2483934327101418	0.178240229432643	-0.7091521843847874	0.21236531896450384	-1.3935879318647852	0.22324783213822263	0.6245667201490522	0.28210459924784076
psvid_67649_sp|P52815|RM12_HUMAN	P52815	RM12_HUMAN	0.05876033472600195	0.10162619390253881	-0.1880324930456547	0.3055531624976586	0.5782006830084976	0.5835242939717609	0.8941980828606302	0.1543907403032972	0.080306431263788	0.07694496184836878	-0.1257586226134753	0.2863714851410513	1.0436866733658727	0.35045760272827725	0.7995936304778763	0.0664014791949664	0.0	0.08631442272419226	-0.22312653990913778	0.22312653990913778	0.0	1.0	1.0	2.2055934006209998e-15
psvid_61808_sp|O43852|CALU_HUMAN	O43852	CALU_HUMAN	0.04353255948399415	0.07529236067393365	-0.13931020857385157	0.22637532754183987	0.5781802973680065	0.5835372268063759	0.8941980828606302	0.06780561436141151	0.041923974758716565	0.13353840079651544	-0.3157030497246402	0.3995509992420733	0.313946958392889	0.7678671874870074	0.9665627003629799	0.19852046524284866	-0.017843880688519276	0.12405278936419513	-0.33852574106956457	0.302837979692526	-0.14384102751718927	0.8913442900728468	0.9725627241670376	0.1611811743857088
psvid_92921_sp|Q9BQB6|VKOR1_HUMAN	Q9BQB6	VKOR1_HUMAN	0.07457219540976379	0.12915844592750675	-0.23908097683843643	0.388225367657964	0.5773698721306945	0.5840515039491555	0.8941980828606302	0.2237747644990449	-0.08784209590793068	0.1751912375120516	-0.5570189065727692	0.38133471475690783	-0.501406903423968	0.6401052708878038	0.9190364020538448	0.2778409936941307	-0.1654445244429965	0.18661080472472427	-0.647841577609144	0.316952528723151	-0.8865752692457929	0.4166236583165835	0.756942983046034	0.2992941403752848
psvid_61668_sp|P13473|LAMP2_HUMAN	P13473	LAMP2_HUMAN	0.060121888153738645	0.10435633176693647	-0.19330090791533683	0.3135446842228141	0.5761211335792396	0.5848444438263258	0.8941980828606302	0.16173665008401603	-0.32529986049005055	0.19647578075953806	-0.8514784610796081	0.200878740099507	-1.655674094957165	0.16650030196225438	0.7176098719675167	0.31692267461945034	-0.4083313805706389	0.16451811072919836	-0.8336178580889063	0.016955096947628534	-2.48198437704384	0.056614448980189254	0.5036298607729148	0.253360723084737
psvid_69470_sp|Q14764|MVP_HUMAN	Q14764	MVP_HUMAN	0.044163603485829483	0.07676298623810635	-0.14225048637044485	0.23057769334210382	0.5753241978997683	0.5853508210800434	0.8941980828606302	0.07430353677521269	0.10964136080540632	0.11334556255708297	-0.19390755122214803	0.41319027283296067	0.9673193932950737	0.38341516170270734	0.8081004239928898	0.15735945021670744	0.029098178074766556	0.13011425486283326	-0.30725283446884855	0.36544919061838166	0.2236355893936596	0.8320495526183185	0.9520942959775506	0.17612757933451975
psvid_87175_sp|P36543|VATE1_HUMAN	P36543	VATE1_HUMAN	0.06691843273387121	0.1163419945691806	-0.21561079251546195	0.3494476579832044	0.5751872570319345	0.5854378598338914	0.8941980828606302	0.19256698523476423	-0.26610999196326146	0.08731902524553006	-0.4999576567030124	-0.03226232722351055	-3.047560267822434	0.03357753684104194	0.6392260310717692	0.09703765258244314	-0.34520544598523273	0.08821186588929475	-0.5732369590696693	-0.1171739329007962	-3.913367464854026	0.011670666462014603	0.42760195312544425	0.03291914561872863
psvid_34923_sp|P24158|PRTN3_HUMAN	P24158	PRTN3_HUMAN	0.0826250059153848	0.14371339053960974	-0.26637393498696355	0.43162394681773314	0.5749290696235575	0.5856019826864379	0.8941980828606302	0.2578290748530132	0.2006821780330248	0.1823926480555822	-0.28778061336398025	0.6891449694300298	1.100275587708278	0.3276428698115318	0.7992702407549543	0.2911393376974936	0.11848279708310305	0.18914420801850582	-0.37046321387358827	0.6074288080397944	0.6264151481260835	0.5590152649586877	0.8256051838581729	0.304453798579944
psvid_31360_sp|P55072|TERA_HUMAN	P55072	TERA_HUMAN	0.04043638978592323	0.07044843616957691	-0.13064321190667347	0.21151599147851993	0.5739856267155246	0.5862019325768578	0.8941980828606302	0.04101684787005265	0.0472760624355506	0.11538874162261273	-0.2617446542963713	0.3562967791674725	0.4097112228693021	0.7011584201843143	0.9478634464394928	0.1616638699094104	-0.018154107788572293	0.1464173053597944	-0.3966492155197849	0.3603409999426403	-0.12398881227845175	0.9062409520940737	0.9787414565793754	0.21394847165172137
psvid_46119_sp|O75976|CBPD_HUMAN	O75976	CBPD_HUMAN	0.041449937092148836	0.07230913223740656	-0.13414824811291975	0.21704812229721743	0.5732323955438948	0.5866811811939256	0.8941980828606302	0.0527189015303846	-0.37789845330798233	0.2004109273887107	-0.9146157062365114	0.1588187996205468	-1.8856180061231016	0.12579277673713085	0.7048513307479977	0.32408189377093727	-0.4594858104727567	0.20171532040639026	-0.9809286941581279	0.061957073212614455	-2.277892475132991	0.0727096990946872	0.5124776378946586	0.3298048230234805
psvid_102189_sp|Q9HCN8|SDF2L_HUMAN	Q9HCN8	SDF2L_HUMAN	0.04792011920931838	0.08385450590483226	-0.15571528067090523	0.251555519089542	0.5714674326947158	0.5878050450553957	0.895079177243128	0.1011165482664048	-0.1513887398453706	0.16092698301954753	-0.5823646819944863	0.2795872023037451	-0.9407293730659306	0.39548761565305646	0.8101536433552932	0.251212870917083	-0.19959153470758673	0.15222833999088894	-0.5931084199078027	0.1939253504926292	-1.3111325704499737	0.2477935754510825	0.6460754590457477	0.226832575552765
psvid_89719_sp|Q9Y5U9|IR3IP_HUMAN	Q9Y5U9	IR3IP_HUMAN	-0.05739405946648013	0.1011012810112168	-0.30291216925639886	0.18812405032343857	-0.5676887462989957	0.5902153791034226	0.8962070290359635	0.1529610007518639	0.2913882913911072	0.18857162438056307	-0.21362231624658534	0.7963988990287998	1.5452393346469042	0.19065079278527522	0.7176098719675167	0.3024851633598556	0.20912531692928005	0.18438946265497116	-0.26752947029410173	0.6857801041526619	1.134150042622525	0.30906327568085457	0.6801903911201771	0.2947543558081759
psvid_87098_sp|P30041|PRDX6_HUMAN	P30041	PRDX6_HUMAN	0.06355821582295107	0.11217915857374172	-0.2088618237193069	0.33597825536520903	0.5665777550040246	0.5909251420717129	0.8962070290359635	0.1820816005152274	-0.12289701668583808	0.0763742293974561	-0.3274336012465711	0.08163956787489496	-1.6091424771865728	0.17627380761931893	0.7176098719675167	0.06443633182576573	-0.204652372238052	0.08703331072381305	-0.42963726891857357	0.020332524442469607	-2.351425799341187	0.06640143623750776	0.512092475541875	0.0201940506443593
psvid_31240_sp|P13797|PLST_HUMAN	P13797	PLST_HUMAN	0.0480228291036795	0.08477148399289317	-0.15783939445916895	0.25388505266652794	0.5664974451515501	0.5909764676001587	0.8962070290359635	0.10422609495051989	0.10338646535931018	0.11210638478044842	-0.19684382477056994	0.4036167554891903	0.9222174594407311	0.40407681909659793	0.8101536433552932	0.1547291274697256	0.02237050222174808	0.14901185621202112	-0.36283163240027166	0.4075726368437678	0.15012565302131575	0.8866387312856137	0.9713343482354084	0.2197322667118329
psvid_34373_sp|Q9UHB9|SRP68_HUMAN	Q9UHB9	SRP68_HUMAN	-0.07903408983391369	0.13978011864737597	-0.41848132703268665	0.26041314736485927	-0.5654172467351627	0.5916670662106389	0.8962070290359635	0.24873932880934108	-0.5042744006436215	0.3393179524911313	-1.4129963037020472	0.4044475024148042	-1.4861412340297606	0.20499079657133856	0.7245364361573173	0.5703694431517825	-0.5849625007211561	0.33062359325588375	-1.4396388809506555	0.26971387950834325	-1.7692702900014414	0.13816606903998835	0.5556992839403372	0.5773502691896257
psvid_47508_sp|Q8TDB6|DTX3L_HUMAN	Q8TDB6	DTX3L_HUMAN	-0.06377769259433297	0.11285519504617596	-0.3378394442415314	0.21028405905286546	-0.5651285487410448	0.5918517171942633	0.8962070290359635	0.183798610369946	0.5334870412113797	0.21983938178032886	-0.05526124019241574	1.1222353226151751	2.4267127977300196	0.06637400477361091	0.6917486752637665	0.3591934325606522	0.4510199475061859	0.1994306963886474	-0.06451708364627606	0.9665569786586479	2.2615372441323944	0.0741988100072002	0.5124776378946586	0.32522632797413026
psvid_45493_sp|P20042|IF2B_HUMAN	P20042	IF2B_HUMAN	0.053640109129355906	0.09507230190369423	-0.17723700363622608	0.2845172218949379	0.5642033279439468	0.5924437117716993	0.8962070290359635	0.1360626764704241	-0.06635035784284948	0.09925012129722167	-0.33215049733398994	0.19944978164829097	-0.6685166423540365	0.5371987505844112	0.8696729157482714	0.12632075997143674	-0.14708502513231414	0.13365288002367073	-0.49258353774895913	0.19841348748433085	-1.1005002294470907	0.32213164662970856	0.6810157109210588	0.18459496684838692
psvid_37836_sp|Q9Y490|TLN1_HUMAN	Q9Y490	TLN1_HUMAN	-0.040384133846768755	0.07165388273425956	-0.2143910867959811	0.13362281910244359	-0.5636000772845777	0.5928298804463092	0.8962070290359635	0.048885008681313645	0.03741421648621124	0.10590406835671844	-0.2462057506632196	0.32103418363564207	0.35328403400130304	0.7401341712029695	0.9568385344346946	0.14130815015276169	-0.041294299926890154	0.13430523668525202	-0.38847918291005457	0.30589058305627426	-0.30746604485471013	0.7711051176368785	0.9198277689242694	0.18613793997637026
psvid_32084_sp|P62277|RS13_HUMAN	P62277	RS13_HUMAN	0.04301057450190182	0.07637461368985322	-0.14246037701836248	0.22848152602216612	0.5631527601116496	0.5931163225562726	0.8962070290359635	0.0726320765357714	-0.0052537890713413304	0.15131492030346488	-0.4104878220183382	0.39998024387565556	-0.0347208924328464	0.9738187798876248	1.0	0.23300033334357648	-0.14568616886783414	0.150571668335439	-0.5349204857257088	0.2435481479900405	-0.9675536605151968	0.37848665775663737	0.7184237485195432	0.22318477955627883
psvid_10809_sp|P27348|1433T_HUMAN	P27348	1433T_HUMAN	0.05586353442010239	0.09938618672455139	-0.18548957663625065	0.29721664547645543	0.5620854996170449	0.5938000709238578	0.8962070290359635	0.1482468694498116	-0.3122344113726476	0.18727762204790194	-0.8137795723587116	0.18931074961341632	-1.6672275521139637	0.16416045540170612	0.7176098719675167	0.3001136817801279	-0.39372720901430824	0.16889068242245242	-0.8303169746926315	0.04286255666401506	-2.3312547700498008	0.06807082906593216	0.512092475541875	0.2626068334812725
psvid_85533_sp|P00751|CFAB_HUMAN	P00751	CFAB_HUMAN	-0.05353181385309025	0.09547107584046977	-0.28537732407329747	0.17831369636711697	-0.5607123768306626	0.5946804391378557	0.8962070290359635	0.1372108718338096	0.0682730649949006	0.07311575428682847	-0.1275370502415327	0.2640831802313339	0.9337668148381496	0.3987003114044079	0.8101536433552932	0.052160874990424114	-0.01269867521455903	0.0887102023026351	-0.2420184096194887	0.21662105919037064	-0.14314785543197686	0.891863612942467	0.9725627241670376	0.03704305083289954
psvid_356276_sp|P33261|CP2CJ_HUMAN	P33261	CP2CJ_HUMAN	-0.045298051866748956	0.0811035529473542	-0.2422529353036046	0.15165683157010668	-0.5585211771937136	0.5960868636686546	0.8962070290359635	0.09138185364827658	-0.004354258888703111	0.06657974461531699	-0.18266039267204948	0.17395187489464325	-0.06539915275826085	0.9507168358603723	1.0	0.006157851974488796	0.01128462066636704	0.11960012115636239	-0.2978868985779278	0.32045613991066185	0.09435292002433503	0.9285589397182101	0.992984670441212	0.14976353704967096
psvid_65675_sp|Q9BVK6|TMED9_HUMAN	Q9BVK6	TMED9_HUMAN	-0.05813860735147269	0.10416654450166171	-0.3111005169691956	0.19482330226625022	-0.5581312851416055	0.5963373161364801	0.8962070290359635	0.16123064487475713	0.4558728593445074	0.28452346400046863	-0.30610481313964766	1.2178505318286623	1.6022329158194015	0.17777402624390776	0.7176098719675167	0.4742156150090109	0.07323187920635332	0.1993784762560015	-0.4421701606301369	0.5886339190428436	0.36730082695748845	0.7286973634318551	0.8971949519731549	0.3251215367602534
psvid_34278_sp|RS27A_HUMAN|		RS27A_HUMAN	0.06205076751818339	0.11117748811269379	-0.20793677823399492	0.3320383132703617	0.558123488590481	0.5963423249720328	0.8962070290359635	0.17952667557796287	-0.1606122254188862	0.2483098110894137	-0.8256067016163925	0.5043822507786201	-0.6468219065297081	0.5499025744843109	0.8747425801892469	0.41010129331671524	-0.030099057652473782	0.15491207417477815	-0.43055351253789176	0.3703553972329442	-0.1942976866897721	0.8537273699868928	0.9614570829524488	0.2327024034700888
psvid_33373_sp|Q8IXI1|MIRO2_HUMAN	Q8IXI1	MIRO2_HUMAN	0.08664371447637187	0.15549147767692867	-0.2909575711437914	0.46424500009653513	0.5572248445435398	0.596919813516058	0.8962070290359635	0.28465467485126544	-0.35890994891585004	0.2177467536926624	-0.9420539969914148	0.2242340991597147	-1.6482906993067359	0.16801344592045886	0.7176098719675167	0.3554283137666325	-0.4407402006747876	0.23142029061553185	-1.0389717253738244	0.15749132402424926	-1.90450111138702	0.11627332855641821	0.5319320213874119	0.3884262396607117
psvid_25064_sp|Q01082|SPTB2_HUMAN	Q01082	SPTB2_HUMAN	0.04266152317555427	0.07659800249311181	-0.14335191402021988	0.22867496037132842	0.5569534685893496	0.5970942686128833	0.8962070290359635	0.07359709105404308	0.05005432963893597	0.26189146843131567	-0.651312962720554	0.7514216219984259	0.1911262323234609	0.8569130573013908	0.979782114487937	0.4342163213126835	-0.026927474529430784	0.2887447714016957	-0.7733452773291218	0.7194903282702603	-0.09325701171561594	0.929385821563616	0.992984670441212	0.49844983888530486
psvid_60183_sp|O15372|EIF3H_HUMAN	O15372	EIF3H_HUMAN	0.049230859293014184	0.08854134378317748	-0.16578623194931436	0.2642479505353427	0.5560211443545751	0.5976938390833376	0.8962070290359635	0.11645222461581027	-0.18182659430492887	0.18652258598584648	-0.6813497054638276	0.31769651685396977	-0.9748234689322077	0.3800643761336637	0.8073906436000109	0.29872885996535525	-0.2647234222633924	0.21762030535075116	-0.8272813843555559	0.29783453982877106	-1.2164463322332097	0.2790516179644327	0.6643263115070572	0.3613815655886398
psvid_89445_sp|P46776|RL27A_HUMAN	P46776	RL27A_HUMAN	0.08026079700580269	0.144435283048844	-0.27049121450619534	0.4310128085178007	0.555686916047104	0.5979088624747596	0.8962070290359635	0.2594895173204717	0.002551895953314176	0.15354705845077443	-0.4086599899490623	0.4137637818556906	0.016619634261064577	0.9874656165752957	1.0	0.23725232479119468	-0.07748886330532134	0.15993882914185337	-0.490937698589465	0.3359599719788223	-0.48449062507888385	0.6488808121402788	0.8619290548808392	0.24357663735528337
psvid_37700_sp|Q6NUQ4|TM214_HUMAN	Q6NUQ4	TM214_HUMAN	-0.04805519060229635	0.08659349365018938	-0.2583420501599025	0.16223166895530983	-0.5549515162931788	0.5983821321916951	0.8962070290359635	0.11023798378117339	-0.6956897361862602	0.2539874390781759	-1.3758893757797135	-0.015490096592806979	-2.7390714230247064	0.046748440033528973	0.6784729349998895	0.42019369723909344	-0.7748839183877285	0.2677356096761369	-1.4669921236223125	-0.08277571315314458	-2.894213135581992	0.034766219750810914	0.48232346954803157	0.45846909073133457
psvid_63586_sp|P14209|CD99_HUMAN	P14209	CD99_HUMAN	0.11798884178237845	0.2136361828574255	-0.40081320773932083	0.6367908913040777	0.5522886629233622	0.600097610192577	0.8974214243548614	0.4118956585154284	-0.09024170707190038	0.34713706106144343	-1.0199038379257304	0.8394204237819297	-0.25995987520309033	0.8065935046266379	0.9727640365131593	0.5840313716398009	-0.16951797627815934	0.3184822751169238	-0.9928085206208955	0.6537725680645768	-0.5322681653662658	0.6177402856813322	0.8495498351393129	0.5545660294485474
psvid_54313_sp|P38117|ETFB_HUMAN	P38117	ETFB_HUMAN	-0.05008065288314789	0.09089570942552502	-0.27081517318752135	0.17065386742122554	-0.5509682822177788	0.6009492701030128	0.8974214243548614	0.12371601372321558	0.06621730191140696	0.21765013377339318	-0.5166679899260422	0.6491025937488561	0.30423735912034505	0.7747779314455221	0.9665779766182299	0.35525438334245557	-0.014428874464071595	0.19399612811005276	-0.5159173100558878	0.4870595611277446	-0.07437712600060856	0.9436459661299331	0.9963964473527942	0.3142855582641487
psvid_42594_sp|P05091|ALDH2_HUMAN	P05091	ALDH2_HUMAN	0.04166242758972327	0.0756873183163187	-0.14213947029155863	0.22546432547100517	0.5504545347425868	0.6012808283157545	0.8974214243548614	0.06959772366830412	-0.07568351819156405	0.09671054808458927	-0.3346824678670851	0.18331543148395701	-0.7825776990258226	0.4737962632249829	0.8337187464473949	0.12039376944775976	-0.15633551677262014	0.10438687576490316	-0.42618013446499703	0.11350910091975674	-1.4976549075452175	0.1955517894788271	0.5989694847286967	0.10619867979709008
psvid_26930_sp|P13671|CO6_HUMAN	P13671	CO6_HUMAN	-0.04411766841591014	0.08024194859695002	-0.23898019981348217	0.1507448629816619	-0.5498080391530651	0.6016982059822811	0.8974214243548614	0.08818493572714757	-0.06400387412954078	0.3255965148647657	-0.9359786177141266	0.807970869455045	-0.1965741990700495	0.8528972673196998	0.9778892202407429	0.5463636917946815	-0.14428797717279562	0.2809011417336082	-0.8704296558563429	0.5818537015107517	-0.5136610562787627	0.6297650256232645	0.8528206313187013	0.483560567109613
psvid_80610_sp|Q92947|GCDH_HUMAN	Q92947	GCDH_HUMAN	0.07449298404323113	0.13583011578836895	-0.2553619193501909	0.4043478874366532	0.5484275973032036	0.6025899693814494	0.8974214243548614	0.23953220238889303	0.038314131232499715	0.16571994500337411	-0.40549776463864434	0.4821260271036438	0.23119806871598725	0.8275031945421949	0.9777415266925069	0.2602079190460123	-0.04248125036057804	0.18243704628929625	-0.5140889562922615	0.42912645557110535	-0.23285429809696745	0.8252717279001537	0.951671010291804	0.2907515051634277
psvid_30602_sp|P15311|EZRI_HUMAN	P15311	EZRI_HUMAN	0.039119253660230946	0.0713324301947668	-0.13410707199035524	0.21234557931081713	0.5484076955379108	0.6026028313656673	0.8974214243548614	0.04690352470822684	-0.159744421682817	0.11284366213303634	-0.4619492023281763	0.14246035896254233	-1.4156259967395182	0.22350249498409436	0.7302695962541623	0.15629595385704925	-0.2407631247650992	0.11274494604827813	-0.5322137179571436	0.050687468426945215	-2.135467115856376	0.08683512430061507	0.5204027816531388	0.13121332254595938
psvid_44289_sp|P30533|AMRP_HUMAN	P30533	AMRP_HUMAN	-0.04433665247386287	0.08094218694618893	-0.24089966871384233	0.1522263637661166	-0.5477570368013192	0.6030234205116203	0.8974214243548614	0.09078911499836959	-0.1375915583675673	0.123909242127145	-0.46943088925369086	0.19424777251855624	-1.1104220799476983	0.32369359170055145	0.7992702407549543	0.17923800897462644	-0.2175526713598548	0.1331640449065563	-0.5617875239203312	0.12668218120062152	-1.6337193084853765	0.1643317135750367	0.5739383514249976	0.18343522908283622
psvid_880481_sp|Q10567|AP1B1_HUMAN	Q10567	AP1B1_HUMAN	-0.04223825849925955	0.07761809032753858	-0.23072891491939115	0.14625239792087205	-0.5441805939957993	0.6053382139388781	0.899584809169417	0.07788551061025147	0.09376791033240073	0.09178488990063295	-0.1520397140805494	0.33957553474535085	1.0216050859124481	0.35972833580476277	0.7995936304778763	0.1084736545781464	0.013256128388426935	0.1184164043100348	-0.2928554312822843	0.3193676880591382	0.11194503384615596	0.9153002505046234	0.9843228923459557	0.14665311137753817
psvid_39347_sp|Q9NQ94|A1CF_HUMAN	Q9NQ94	A1CF_HUMAN	-0.06919308647552391	0.12740731263516697	-0.37859374152883557	0.24020756857778774	-0.5430856757308704	0.6060478820505031	0.899584809169417	0.2195902095216236	-0.06592069073782403	0.25431944181041555	-0.7470094614616711	0.6151680799860231	-0.2592042915341295	0.8071404861103483	0.9727640365131593	0.4207833316499231	-0.14753105145923362	0.26683886854331773	-0.8373211418313745	0.5422590389129073	-0.5528844139709126	0.6045746369004709	0.8417286589624757	0.45675507298367385
psvid_159525_sp|P01834|IGKC_HUMAN	P01834	IGKC_HUMAN	-0.06580028157886986	0.12118578476915996	-0.36009234704370857	0.22849178388596886	-0.542970297252348	0.6061226915440279	0.899584809169417	0.2045314778448632	-0.095587467490311	0.14173574882117795	-0.47516767671474996	0.283992741734128	-0.6744061980503571	0.533785040239925	0.8679603367745448	0.21457108475656034	-0.1776233457012536	0.14705065134158274	-0.5577556803642079	0.20250898896170072	-1.2079058751576273	0.2820402465493455	0.66457759244386	0.215365225638753
psvid_52406_sp|P13804|ETFA_HUMAN	P13804	ETFA_HUMAN	0.04774131738225584	0.08813190240371478	-0.16628147119100656	0.26176410595551824	0.5417030165031764	0.60694471720805	0.8995881379735238	0.11516252351636433	0.0003426808044455498	0.1196882968164026	-0.3201926049307406	0.3208779665396317	0.0028631103755382987	0.9978405487504223	1.0	0.17060201287151336	-0.08299543988782121	0.12798606838715537	-0.41384499775431044	0.24785411797866802	-0.6484724543359017	0.5457878946707491	0.8166899153832377	0.17094863968274956
psvid_27181_sp|P12109|CO6A1_HUMAN	P12109	CO6A1_HUMAN	-0.05412307876363531	0.09999168956210229	-0.296946615423512	0.18870045789624135	-0.5412757700230763	0.6072219931321285	0.8995881379735238	0.14991883842327128	-0.0023564648767759877	0.12123721190752221	-0.32703987498600307	0.3223269452324511	-0.01943681184761541	0.9853412302191384	1.0	0.17378593007162169	-0.08335593343129832	0.10721898490138483	-0.36052167651991907	0.19380980965732242	-0.7774363235015267	0.4726864957372557	0.77910135980814	0.11506208782822543
psvid_85794_sp|O95182|NDUA7_HUMAN	O95182	NDUA7_HUMAN	-0.052690836732649515	0.09816337589518777	-0.291074428506426	0.18569275504112698	-0.5367667549342358	0.6101525991664968	0.9031139554449952	0.14484336153570998	0.2764864310603823	0.23041789211890518	-0.34059198724250794	0.8935648493632725	1.19993472953786	0.2906627566272499	0.7858402699700607	0.37817363426128103	0.19440189466588786	0.2338917633288385	-0.41021849457739845	0.7990222839091742	0.8311617814115578	0.4444178985989192	0.7710550916536703	0.39324068067727463
psvid_77729_sp|P61916|NPC2_HUMAN	P61916	NPC2_HUMAN	-0.04010518114875872	0.07516701389535636	-0.2226435524290687	0.14243319013155126	-0.5335476171049056	0.6122496824648619	0.9049258514554993	0.06722887381328325	0.22880938338154166	0.1393090286497526	-0.1442718659258691	0.6018906326889524	1.6424591112239302	0.16921848383575053	0.7176098719675167	0.20984938678417933	0.14624062518028913	0.14325107920346222	-0.2240696501146382	0.5165509004752165	1.020869273679822	0.3549661439657136	0.6990333245481015	0.20681547549988508
psvid_24762_sp|P38606|VATA_HUMAN	P38606	VATA_HUMAN	-0.04049456543802954	0.07606618874705447	-0.22521652635985015	0.14422739548379107	-0.5323595950454086	0.6130246226738161	0.9049258514554993	0.07128299812927515	0.08074533395420547	0.08365165074729844	-0.14328079464578555	0.3047714625541965	0.9652569104479168	0.38434044555759395	0.8081004239928898	0.08702837928996893	-0.0017215963963104208	0.12048304147793035	-0.31317550310435993	0.3097323103117391	-0.01428911799695708	0.9891618573407023	1.0	0.15206177524555708
psvid_72712_sp|P54727|RD23B_HUMAN	P54727	RD23B_HUMAN	-0.06337954039232851	0.11905656006686888	-0.35250091742477724	0.2257418366401202	-0.5323481575205179	0.6130320859555243	0.9049258514554993	0.19930074128506464	-0.8040021621214555	0.35393700022084784	-1.751875099707585	0.14387077546467386	-2.2715968141781677	0.07942385638744956	0.6917486752637665	0.5959030024028898	-0.8860801290559523	0.36414850135131643	-1.8274198560126627	0.05525959790075796	-2.433293356330736	0.06006758741828895	0.5036298607729148	0.6399647060043412
psvid_47126_sp|P06748|NPM_HUMAN	P06748	NPM_HUMAN	0.06062513453036189	0.11410948923212007	-0.21648259175309575	0.33773286081381954	0.5312891586696967	0.61372332876335	0.9051315280322788	0.1869692607879477	0.7125335297137134	0.2488614299414943	0.04606177201858663	1.37900528740884	2.8631738147660144	0.04084545912530264	0.6392260310717692	0.41108259825647153	0.632628679174695	0.2119441070390564	0.08474393679661718	1.1805134215527728	2.9848844962606873	0.03133893831840059	0.48232346954803157	0.3501678832585994
psvid_23430_sp|A3KMH1|VWA8_HUMAN	A3KMH1	VWA8_HUMAN	0.03953020982127331	0.07471437447525485	-0.14190895506196444	0.22096937470451106	0.529084397733472	0.6151638333738421	0.9064408685831994	0.0651119808200785	-0.5676927614350604	0.15843119778893938	-0.9919847816527463	-0.14340074121737456	-3.583213214049771	0.019606710854528607	0.6392260310717692	0.24650744220689752	-0.6489024362301662	0.15391005691789886	-1.0467666328898977	-0.2510382395704347	-4.216114588121516	0.008703171933348477	0.39647783251920843	0.23051632884310588
psvid_105309_sp|P61604|CH10_HUMAN	P61604	CH10_HUMAN	0.048950221911540304	0.09272682542557042	-0.1762310485689001	0.2741314923919807	0.5278970965185416	0.615940343900004	0.9067703447001854	0.12920571179167123	0.06663595408060496	0.08919017667069516	-0.17222281093103903	0.30549471909224896	0.7471221222785094	0.4928880180784056	0.8458142756443096	0.1019154622570074	-0.014145882091591844	0.10720228765305105	-0.29126846206645784	0.26297669788327416	-0.1319550394052551	0.9002575933805134	0.9751799558415072	0.1150111648114939
psvid_64211_sp|P29144|TPP2_HUMAN	P29144	TPP2_HUMAN	0.03644404977822102	0.06931369282151385	-0.1318798989777703	0.20476799853421235	0.5257842757284081	0.6173234941050328	0.9069625225162359	0.03205424132547069	0.06323426256713027	0.08799677746457328	-0.17242847939376213	0.2988970045280227	0.7185974803746401	0.5086534109522325	0.8599913339810941	0.09882023758556129	-0.01563721489869052	0.08884596159361459	-0.24530789298024727	0.21403346318286623	-0.1760036654250628	0.8673211495509974	0.9646447066194703	0.038092895471639104
psvid_28028_sp|P13667|PDIA4_HUMAN	P13667	PDIA4_HUMAN	-0.04122588133443994	0.07844891596440484	-0.23173414562153594	0.14928238295265606	-0.5255124411552817	0.617501573789653	0.9069625225162359	0.08125020851034756	0.20751868952714636	0.11912437435455014	-0.11150636461271812	0.5265437436670108	1.742033825164177	0.1498061065209149	0.7067636245123187	0.16943830047751696	0.051961714228703215	0.09462854752237976	-0.19265720018799626	0.2965806286454027	0.5491124569614071	0.6069709017894126	0.8425448937922566	0.07016376211622484
psvid_109873_sp|P10176|COX8A_HUMAN	P10176	COX8A_HUMAN	-0.05908536820961441	0.1126748360272858	-0.33270912930952623	0.2145383928902974	-0.524388322121064	0.6182382879637702	0.9069625225162359	0.18334109715214827	-0.4183075428083405	0.2323807248255234	-1.0406425915354345	0.20402750591875363	-1.8000956969318993	0.13956419462878386	0.7067636245123187	0.3816863344224568	-0.5	0.24162174983602222	-1.1246027408417385	0.12460274084173839	-2.069350132342504	0.0943611946682532	0.5204027816531388	0.408248290463863
psvid_44788_sp|P62753|RS6_HUMAN	P62753	RS6_HUMAN	-0.060214509805146754	0.11484302277959715	-0.339103576228341	0.21867455661804747	-0.5243201402031049	0.6182829879104583	0.9069625225162359	0.18881478528649254	0.08245187923075337	0.10419121925987394	-0.19658093454376985	0.3614846930052766	0.7913515151896028	0.46915849472323395	0.8337187464473949	0.13751583349017402	0.0018990012440962545	0.09677065444811937	-0.2482573528190798	0.2520553553072723	0.01962373050927692	0.9851161511666002	1.0	0.07914943401431154
psvid_71203_sp|Q14344|GNA13_HUMAN	Q14344	GNA13_HUMAN	0.04776349452229489	0.09155863504548804	-0.1745808990054116	0.2701078880500014	0.5216711072479957	0.6200210637469732	0.9085809621215878	0.12571843448707876	-0.23420689894840718	0.25367637171781876	-0.9135734740912239	0.44515967619440955	-0.9232507440974094	0.4035933900133654	0.8101536433552932	0.4196411924533088	-0.3139137188670491	0.24688064778527344	-0.952110939821354	0.32428350208725576	-1.2715201522805395	0.26045818261072495	0.6541369364189723	0.41841777206172304
psvid_40294_sp|P53621|COPA_HUMAN	P53621	COPA_HUMAN	0.0426140874494676	0.08200486328483644	-0.156529571521975	0.2417577464209102	0.5196531735130322	0.6213468595492927	0.9085809621215878	0.09464523105222984	0.025885981848620343	0.12342156896236993	-0.30464731944752294	0.3564192831447636	0.20973628893433313	0.8432170967883829	0.9778892202407429	0.1782466087145843	-0.055775357119958846	0.1551523817103774	-0.4568510174452103	0.3453003032052926	-0.3594875986117608	0.7341767954320821	0.9025861652988116	0.23322572418380094
psvid_28355_sp|Q5T8D3|ACBD5_HUMAN	Q5T8D3	ACBD5_HUMAN	-0.05136971718710548	0.09896877866087093	-0.2917091789822338	0.18896974460802282	-0.5190497233792318	0.6217436311512079	0.9085809621215878	0.14708921175565276	0.16686642925143902	0.18617316838623812	-0.3317209123033255	0.6654537708062036	0.8962968761709796	0.41635928064655414	0.81192535108246	0.29808771290625125	0.08616204284686158	0.19235071928615421	-0.4110729393124318	0.5833970250061549	0.4479424000420865	0.6732714308707782	0.8687814337240958	0.3109584330270116
psvid_1211290_sp|P49411|EFTU_HUMAN	P49411	EFTU_HUMAN	0.037332733491137304	0.07213011785128307	-0.13783072652284922	0.21249619350512383	0.5175748300884444	0.6227139632502106	0.9085809621215878	0.05169631010990183	-0.19544710072516613	0.11566748574187018	-0.5052143175601871	0.11432011610985476	-1.6897324211000528	0.1596989543515717	0.7176098719675167	0.16224811581943785	-0.2776780609688514	0.15061258346148898	-0.6670181452085534	0.11166202327085062	-1.843657778035874	0.1256449967652572	0.5352150511559008	0.2232751031467883
psvid_40434_sp|P40429|RL13A_HUMAN	P40429	RL13A_HUMAN	-0.06693666844511004	0.12938924665811247	-0.381150325768768	0.24727698887854793	-0.5173279091884506	0.6228764931365658	0.9085809621215878	0.22432468030041683	0.0019282913199334395	0.07214192047585528	-0.19127381538799937	0.19513039802786625	0.02672913761117306	0.9798429232916863	1.0	0.04801157386769907	-0.025049707294449775	0.1415597140423726	-0.39098773002478904	0.3408883154358895	-0.17695505719198987	0.8666128589421283	0.9646447066194703	0.20296861702265528
psvid_95037_sp|O75083|WDR1_HUMAN	O75083	WDR1_HUMAN	0.04791218616179105	0.0927233736878685	-0.1772607019904771	0.2730850743140592	0.5167217741998494	0.6232755652710725	0.9085809621215878	0.12919548208140322	-1.0427891243891656	0.40061476672027724	-2.115669031080435	0.030090782302103936	-2.6029722591760485	0.05436100770273929	0.6917486752637665	0.6771930264057758	-1.1229632740824185	0.4055908376135775	-2.171433244214092	-0.07449330395074472	-2.7687096697985822	0.040221928086184626	0.4861678145147409	0.716898865009413
psvid_27087_sp|P10632|CP2C8_HUMAN	P10632	CP2C8_HUMAN	0.03660195828248369	0.07101885376375434	-0.13586286670414643	0.20906678326911382	0.5153836811312226	0.62415704265544	0.9085809621215878	0.044895545184289606	0.14624056506802074	0.13775621090714282	-0.22268210823771467	0.5151632383737561	1.06158963073249	0.34309386469558006	0.7995936304778763	0.20681539048830033	-0.06970606180476846	0.09913649282535417	-0.3259782110553077	0.1865660874457708	-0.7031322151729492	0.5139114403480572	0.8019169954051512	0.08821192603449318
psvid_70441_sp|P21912|SDHB_HUMAN	P21912	SDHB_HUMAN	-0.036209788369629514	0.07028002221886213	-0.20688040736261873	0.1344608306233597	-0.5152216408934392	0.6242638336957452	0.9085809621215878	0.039805917850947815	0.10880904897529442	0.09897303616159059	-0.15624903330987944	0.3738671312604683	1.0993807323203144	0.3279932146512709	0.7992702407549543	0.12568034055823887	0.10452270581409873	0.12524272646767715	-0.21923519377603495	0.4282806054042324	0.8345610859970708	0.4426730234601121	0.7710550916536703	0.1641649102142834
psvid_84787_sp|P11177|ODPB_HUMAN	P11177	ODPB_HUMAN	0.035056447863960116	0.0680775132331505	-0.1302655164180444	0.20037841214596464	0.5149490073748654	0.6244435325679629	0.9085809621215878	0.018058983096642982	0.11964599838202883	0.16100258047309665	-0.31153240008085153	0.5508243968449091	0.743130936351803	0.49507221632879356	0.8458142756443096	0.25135516029343813	0.04013128385632514	0.19568359647061195	-0.46571933090108475	0.545981898613735	0.20508251371162894	0.8457401226002669	0.957221394799474	0.3176905048216143
psvid_72592_sp|P06737|PYGL_HUMAN	P06737	PYGL_HUMAN	-0.03722866882500053	0.07283530026997151	-0.21410462004346803	0.13964728239346696	-0.51113496734425	0.6269603940861587	0.9085809621215878	0.05562958350652168	-0.040596560058153486	0.09934799660238719	-0.30665881781600945	0.22546569769970248	-0.40862988129121475	0.7018958010188724	0.9478634464394928	0.12654662799037383	-0.07033853291486447	0.14928317381368159	-0.4562420353473183	0.31556496951758933	-0.4711752243602021	0.6577113041180782	0.8651228052658235	0.22033409596521725
psvid_57742_sp|O94973|AP2A2_HUMAN	O94973	AP2A2_HUMAN	-0.039702023091690464	0.07783837440425335	-0.22872762555395806	0.14932357937057714	-0.510057197308594	0.6276726009822408	0.9085809621215878	0.07878809705662654	0.12581068301436282	0.09052138366438983	-0.11661316584796994	0.3682345318766956	1.3898448954427045	0.23067071881453372	0.7365587977323307	0.10530767182966703	0.04522105335804527	0.12688161788292845	-0.2827734518795629	0.3732155585956534	0.3564035051930846	0.7363446703596636	0.9041069760544732	0.16823284850337186
psvid_78488_sp|Q9UBV2|SE1L1_HUMAN	Q9UBV2	SE1L1_HUMAN	-0.03777326615626997	0.07407037999145029	-0.21764853089108835	0.1421019985785484	-0.509964525099372	0.6277338605826283	0.9085809621215878	0.061999192327516515	-0.1571765925945523	0.1710955986410749	-0.6153849392516656	0.301031754062561	-0.9186477842967664	0.40575056326133785	0.8101536433552932	0.2702374823306588	-0.2361699984565626	0.15670028703309113	-0.6412470614195594	0.16890706450643422	-1.5071446449022106	0.19319776903333674	0.5980954610921089	0.23658801770396018
psvid_36556_sp|O00159|MYO1C_HUMAN	O00159	MYO1C_HUMAN	0.04261684431951096	0.08375748386632928	-0.16078294363509743	0.24601663227411935	0.5088123753517271	0.6284957415661254	0.9085809621215878	0.10078394166591675	-0.08758359020239803	0.09702908086270887	-0.3474355973427371	0.17226841693794104	-0.902652992522152	0.4133197506275774	0.8101536433552932	0.12114450320473708	-0.16962900406423564	0.1276981955587388	-0.49973439813849635	0.16047639001002506	-1.3283586609977545	0.2424659964436707	0.6395189685410964	0.1702426893127049
psvid_31913_sp|Q5JRA6|TGO1_HUMAN	Q5JRA6	TGO1_HUMAN	0.037011240744923235	0.0727801145430765	-0.13973069540252708	0.21375317689237355	0.5085350713898276	0.6286791884924064	0.9085809621215878	0.05533052234483298	-0.014508902204474428	0.07246221416177173	-0.2085687822358249	0.17955097782687604	-0.2002271442062664	0.8502075377559579	0.9778892202407429	0.04940852061044129	-0.09550597866268618	0.09655704786195848	-0.3451101504025884	0.15409819307721606	-0.9891145263598473	0.36882444595068364	0.7124524044277046	0.0782910933787978
psvid_89725_sp|Q8TBQ9|KISHA_HUMAN	Q8TBQ9	KISHA_HUMAN	0.1288469556225138	0.25399594153214183	-0.48796623245532555	0.7456601437003532	0.5072795842535496	0.6295101008889862	0.9085809621215878	0.4975895774595529	0.08038659238333512	0.5735247798590223	-1.4555608149919856	1.6163339997586559	0.14016236997308973	0.8947073699991754	0.989426896020666	0.976481849033342	0.0	0.5594957748829521	-1.4463209322771176	1.4463209322771176	0.0	1.0	1.0	1.0
psvid_88591_sp|P20645|MPRD_HUMAN	P20645	MPRD_HUMAN	-0.046161983863847844	0.09118410472022406	-0.26759685402451006	0.17527288629681434	-0.5062503383181148	0.6301917216530203	0.9085809621215878	0.1245893001643441	-0.15360756867919312	0.10593902835396951	-0.43732116163002843	0.1301060242716422	-1.4499620306687235	0.2142921336826327	0.7258795267620202	0.14138512866809588	-0.23457889998519144	0.13899727467596776	-0.593892905413349	0.12473510544296612	-1.6876510746850597	0.1533714339173303	0.565950376190691	0.1970880300278479
psvid_32947_sp|O75347|TBCA_HUMAN	O75347	TBCA_HUMAN	0.049132582953458126	0.09711234565584093	-0.18669864790940316	0.2849638138163194	0.5059354979188786	0.6304003046790033	0.9085809621215878	0.14188751584403897	-0.08218315890297845	0.18708191306663355	-0.5832041948417286	0.4188378770357717	-0.4392897076785131	0.6811406354552164	0.9374966464486023	0.2997548070208046	-0.16383795715313842	0.2004587615816366	-0.6820325815799676	0.35435666727369075	-0.817315022104512	0.4515793161703095	0.7746571900148868	0.32728808736282533
psvid_69182_sp|P35613|BASI_HUMAN	P35613	BASI_HUMAN	0.04545989977608755	0.09014685638128803	-0.17345607795303308	0.2643758775052082	0.5042871332507581	0.6314929574926189	0.9085809621215878	0.12143230274439253	-0.021732248627287287	0.11074378825177918	-0.31831339110216533	0.27484889384759076	-0.19623898523209624	0.8531442096725167	0.9778892202407429	0.1518185339767845	-0.10375937481971098	0.09857703743944982	-0.3585853075452409	0.1510665579058189	-1.0525714457937974	0.3415686130985027	0.6984694831440703	0.08613580324821832
psvid_61648_sp|P31937|3HIDH_HUMAN	P31937	3HIDH_HUMAN	0.043970299512861466	0.08720330411140813	-0.16779744644174233	0.25573804546746526	0.5042274482706117	0.6315325399542518	0.9085809621215878	0.11220546133877729	0.01517389650939105	0.20259896137875372	-0.5274030947465418	0.5577508877653239	0.07489622062288773	0.9435754354848372	1.0	0.32805500115563674	-0.06575860145844847	0.19687427188904214	-0.5746871640012258	0.4431699610843288	-0.3340131792106886	0.7521659685655859	0.9071058614035531	0.32008875322521463
psvid_60944_sp|Q969I6|S38A4_HUMAN	Q969I6	S38A4_HUMAN	-0.05347956229201056	0.10648726372082293	-0.31207719274672646	0.20511806816270534	-0.5022155741762474	0.6328675708490363	0.9085809621215878	0.16737407434483925	0.044268719042867666	0.19927057375840454	-0.48939457133082587	0.5779320094165612	0.22215381934183126	0.8341141947171439	0.9778892202407429	0.3220090850471121	-0.038000773361262286	0.20885308120654592	-0.5778950794135171	0.5018935326909926	-0.18194978566622774	0.8628967481035458	0.963999091886795	0.34403654089129265
psvid_87476_sp|Q9BV23|ABHD6_HUMAN	Q9BV23	ABHD6_HUMAN	0.053303303746608854	0.10638077236338378	-0.20503571913631452	0.31164232662953223	0.5010614471244037	0.6336341017074549	0.9085809621215878	0.16709420028623342	0.030711142435498218	0.08492912105780398	-0.1967361586758222	0.2581584435468186	0.36160909300586985	0.7343220201898649	0.9557842167550622	0.09059098572371485	-0.05101564785257717	0.11935137506684802	-0.3595441476278474	0.2575128519226931	-0.4274408051352873	0.6871590097349105	0.8778886106811484	0.1491127452912939
psvid_37658_sp|Q03519|TAP2_HUMAN	Q03519	TAP2_HUMAN	-0.034971010098869826	0.06990607441344705	-0.20473352033767409	0.13479150013993443	-0.5002571005781272	0.6341686132916509	0.9085809621215878	0.03698696562120162	0.0768887989075453	0.3403281175656309	-0.8345384108467484	0.988316008661839	0.22592549642248586	0.8313552471253002	0.9778892202407429	0.5721351415183743	-0.004480476999315641	0.3370327932173032	-0.8757249181141538	0.8667639641155225	-0.013293890355728194	0.9899166712975672	1.0	0.5893525576279468
psvid_46462_sp|P09467|F16P1_HUMAN	P09467	F16P1_HUMAN	0.03522198073401395	0.0705294787952999	-0.13605442788408267	0.20649838935211057	0.499393747630546	0.6347426035573737	0.9085809621215878	0.04158800001226779	0.10062680958375436	0.09836834158238444	-0.16281184996014947	0.3640654691276582	1.0229592973210637	0.35915376472867777	0.7995936304778763	0.12427756996407979	0.018983338949378314	0.11536315706524317	-0.27923544368922143	0.31720212158797806	0.16455287313819233	0.8758569365856369	0.9687449624358292	0.13846058373744047
psvid_19362_sp|P63104|1433Z_HUMAN	P63104	1433Z_HUMAN	0.04994326630126	0.1002149990110728	-0.1934225633272229	0.2933090959297429	0.49836119137956336	0.6354294495917095	0.9085809621215878	0.15053331187653893	-0.2801569476757799	0.08519433014893409	-0.5083145009509803	-0.051999394400579546	-3.288445923408497	0.026212099229225693	0.6392260310717692	0.09131976085279161	-0.3614792030407039	0.08825444888506699	-0.5896207950228003	-0.13333761105860753	-4.095875138390532	0.009763017174731966	0.4146649989003791	0.03329054735886006
psvid_57939_sp|Q92692|NECT2_HUMAN	Q92692	NECT2_HUMAN	0.04726887169016347	0.09499524899671692	-0.1834211229312598	0.2779588663115867	0.49759195527554334	0.6359413943511348	0.9085809621215878	0.1358402554261781	-0.6481841159668864	0.37790898763889597	-1.660256044106546	0.3638878121727731	-1.7151857647435655	0.15480285474868619	0.71167553563214	0.6376909287760074	-0.7267226489021295	0.3393639006743932	-1.6039931042639597	0.1505478064597009	-2.1414259072870343	0.08618883436564516	0.5204027816531388	0.5937139192932535
psvid_42846_sp|Q9Y3D6|FIS1_HUMAN	Q9Y3D6	FIS1_HUMAN	-0.04031746637989375	0.08102530229356833	-0.2370823230197081	0.1564473902599206	-0.4975910640088299	0.6359419876371372	0.9085809621215878	0.09109475321123212	-0.1428813639664055	0.15639774637021253	-0.5617276309327934	0.27596490299998244	-0.913576872317507	0.40813793953583954	0.8101536433552932	0.24266198078070528	-0.22327119902087222	0.17520331671396033	-0.6761793991244212	0.22963700108267665	-1.2743548650131336	0.25953246822243414	0.6541369364189723	0.2758087679825975
psvid_25395_sp|P08236|BGLR_HUMAN	P08236	BGLR_HUMAN	-0.04251544963069609	0.08547666233236462	-0.2500901544919033	0.16505925523051113	-0.4973924866811063	0.6360741811502575	0.9085809621215878	0.10657786765138584	0.18773551543347367	0.17393560107257064	-0.2780785956557671	0.6535496265227144	1.0793392167894675	0.33592695255130944	0.7995936304778763	0.2755132066682125	0.10823985181902618	0.17099688820706618	-0.3337945474932282	0.5502742511312806	0.6329931085526814	0.5550489655049521	0.8245292603515593	0.2670299201574316
psvid_26991_sp|Q07065|CKAP4_HUMAN	Q07065	CKAP4_HUMAN	-0.03819440151778508	0.07681113822700197	-0.22472542545420196	0.1483366224186318	-0.49725082064150855	0.6361684975640106	0.9085809621215878	0.07450874098839107	-0.12934614794908317	0.08305030460733119	-0.35176182120860067	0.09306952531043433	-1.557443390010941	0.18781672599056123	0.7176098719675167	0.08531931241009005	-0.21037291346353548	0.10797714645017309	-0.4894985371576702	0.06875271023059926	-1.9483096227275625	0.10997589146115691	0.5319320213874119	0.11735922927146854
psvid_42092_sp|P51888|PRELP_HUMAN	P51888	PRELP_HUMAN	0.03592788019130566	0.0722924675513488	-0.13962983587054117	0.2114855962531525	0.4969795804215198	0.6363491007488317	0.9085809621215878	0.05262443979842256	0.5805852756150065	0.2420575907412301	-0.06766523071167341	1.2288357819416864	2.398541908300149	0.06855579914019881	0.6917486752637665	0.39896680931754425	0.5	0.24162174983602222	-0.12460274084173839	1.1246027408417385	2.069350132342504	0.0943611946682532	0.5204027816531388	0.408248290463863
psvid_39106_sp|O00116|ADAS_HUMAN	O00116	ADAS_HUMAN	-0.045357260685089607	0.0912843517722705	-0.26703557451416304	0.17632105314398386	-0.49687881662613514	0.6364162004641256	0.9085809621215878	0.12489207100420553	-0.14398104275860923	0.20158521787418707	-0.6838431439831725	0.395881058465954	-0.7142440516073474	0.5110911690482708	0.8623149979278187	0.3262148657418872	-0.22523533231933313	0.1797641904799341	-0.6899335896374901	0.23946292499882377	-1.2529488310102264	0.26659805415803944	0.6612899677588453	0.285251434867699
psvid_64401_sp|P23396|RS3_HUMAN	P23396	RS3_HUMAN	-0.03555900813504209	0.07159601113063928	-0.20942542353033575	0.13830740726025156	-0.49666186109388893	0.6365606862668929	0.9085809621215878	0.048533601481268	4.440892098500626e-16	0.06648275985679548	-0.17804640047514844	0.17804640047514933	6.6797649617229355e-15	0.999999999999995	1.0	4.351167857633658e-15	-0.014521240445256156	0.12261344064699747	-0.33148232173915876	0.30243984084864645	-0.11843106570235332	0.9104195522643256	0.9816489583915148	0.15753583506498914
psvid_77140_sp|P18077|RL35A_HUMAN	P18077	RL35A_HUMAN	0.039967275438963945	0.08075264066597924	-0.1561354395667549	0.2360699904446828	0.49493459420457064	0.6377116135833072	0.9094322141535859	0.09008940649234402	-0.015381253907261971	0.1385511461203335	-0.3864328303094455	0.35567032249492153	-0.11101498860141618	0.9164790905625226	0.9960408936531061	0.20836985774062866	-0.05372811405390532	0.14237696329785757	-0.42177876168358913	0.3143225335757785	-0.37736521983197685	0.7216663314750975	0.896040644379517	0.20483069140434979
psvid_26960_sp|Q68D91|MBLC2_HUMAN	Q68D91	MBLC2_HUMAN	0.049553906169072626	0.10063445901816268	-0.19483055573630248	0.29393836807444773	0.4924148910079504	0.6393925355859946	0.9110371488801313	0.15168446732500626	0.013913153819792079	0.283262696777394	-0.7446880784204711	0.7725143860600553	0.0491174940367313	0.9629721858569299	1.0	0.471992651763728	-0.06575860145844836	0.29182465252314327	-0.8201380310207484	0.6886208281038517	-0.22533600533708628	0.8307980917270676	0.9520942959775506	0.504285222257151
psvid_82796_sp|P11234|RALB_HUMAN	P11234	RALB_HUMAN	-0.04533781077499377	0.0925991512938367	-0.2702090326469615	0.17953341109697393	-0.4896136750878775	0.6412639956461242	0.9129105493573297	0.12882704508070097	-0.13545368397231794	0.13295047398696153	-0.4915061912062496	0.22059882326161373	-1.0188281388571951	0.3609090202653863	0.7995936304778763	0.1973575709261186	-0.21767924576375852	0.16527792292037377	-0.6449298708699612	0.2095713793424442	-1.317049742140275	0.24595140709226626	0.6439811012666573	0.2549738536311119
psvid_46568_sp|Q96JB5|CK5P3_HUMAN	Q96JB5	CK5P3_HUMAN	-0.03526586272750443	0.07226903007404832	-0.21076666234806088	0.14023493689305203	-0.48798029655815645	0.642356563380617	0.9131161361593285	0.05249133664034437	0.03394964986327054	0.10783887709650104	-0.25485189717947665	0.3227511969060177	0.3148182805435765	0.7672482537426579	0.9665627003629799	0.14554429288680312	-0.04673285668700078	0.10283612828595347	-0.31256872464404656	0.219103011270045	-0.45444006368123924	0.6689003730721576	0.8667518703711972	0.1011265019262992
psvid_60161_sp|Q00266|METK1_HUMAN	Q00266	METK1_HUMAN	-0.04446054267901367	0.09115751633548132	-0.26583084461760076	0.17690975925957345	-0.48773315099314807	0.6425219641023567	0.9131161361593285	0.12450892906941108	0.03664799215331804	0.07305704278147646	-0.15900488875323904	0.23230087305987512	0.5016353079461096	0.6399570042747534	0.9190364020538448	0.05191859138716391	-0.04290978021795344	0.10075537886442638	-0.3033668203477333	0.21754725991182644	-0.425880788713937	0.6882216225008772	0.8778886106811484	0.09402288167439278
psvid_79268_sp|P15153|RAC2_HUMAN	P15153	RAC2_HUMAN	-0.054468124339212665	0.11262781500321589	-0.32797769783601444	0.2190414491575891	-0.4836116578986942	0.6452835304397029	0.916246744520444	0.1832217525732585	-0.1787386945143612	0.29228564802651896	-0.9615041460955464	0.604026757066824	-0.6115205988428973	0.5710031875783914	0.8905842685160916	0.48788952820369735	-0.26016049612433645	0.281605306960819	-0.9881224725717225	0.4678014803230496	-0.9238479875684081	0.39870572932436854	0.7405180023691557	0.4848989737398853
psvid_45912_sp|Q9Y320|TMX2_HUMAN	Q9Y320	TMX2_HUMAN	0.042798134115778375	0.08921352294723171	-0.17385130200040447	0.2594475702319612	0.47972698198559816	0.6478920662271762	0.9187482210435682	0.118551764222314	-0.11429773726080183	0.2458123588813566	-0.7726038272216194	0.5440083527000157	-0.4649796201498908	0.66400017731554	0.9303137231913567	0.4056563144437765	-0.1967515691664503	0.2528362764809849	-0.8503443495408057	0.4568412112079051	-0.7781777674662419	0.4722875412408707	0.77910135980814	0.4298982895075415
psvid_74011_sp|P18405|S5A1_HUMAN	P18405	S5A1_HUMAN	0.03420505843470778	0.07145782308490618	-0.13932577597244597	0.20773589284186153	0.4786747896597036	0.6485995459942624	0.9187482210435682	0.04768519728849681	-0.2114245855136403	0.14414425503299336	-0.5974549761454014	0.17460580511812085	-1.4667569336373971	0.2099236797789404	0.7258795267620202	0.21923483604972546	-0.29248125036057804	0.15772688124478113	-0.7002121040472535	0.1152496033260974	-1.8543525875381224	0.12394293408094814	0.5321110258972642	0.2388099409048782
psvid_67761_sp|Q9NR31|SAR1A_HUMAN	Q9NR31	SAR1A_HUMAN	0.04244751126567348	0.08887082839263148	-0.1733697126526104	0.2582647351839573	0.4776315471949951	0.6493014021231739	0.9187482210435682	0.1174840678075807	-0.09532470247083014	0.12400134121972266	-0.42741068244245795	0.23676127750079767	-0.768739285665634	0.4811810972803921	0.839507446318982	0.17942506127964533	-0.17613602911845683	0.11170497747718156	-0.46489825828558623	0.11262620004867258	-1.5767966038436996	0.176746123839452	0.5790140801368967	0.12826958970099064
psvid_52479_sp|P25786|PSA1_HUMAN	P25786	PSA1_HUMAN	-0.04258101997424557	0.08918739852815176	-0.2591670145798193	0.17400497463132814	-0.477433142764053	0.6494349258781708	0.9187482210435682	0.11847056586725399	-0.2266558505466869	0.10958583740214334	-0.5201359036391613	0.06682420254578747	-2.0682951001682435	0.100978589281717	0.6917486752637665	0.14932920252283155	-0.30811152150009224	0.1275668777320144	-0.6378774532761571	0.02165441027597259	-2.415294055776424	0.06140164189898586	0.5036298607729148	0.16992021463804094
psvid_44529_sp|P42765|THIM_HUMAN	P42765	THIM_HUMAN	-0.04056896157529355	0.08531272773410518	-0.24774556156293978	0.16660763841235268	-0.47553234614341644	0.650714856309664	0.9187482210435682	0.10603407088565148	-0.12023469493281969	0.12169490545146013	-0.44614384669588897	0.2056744568302496	-0.9880010546602309	0.3742398130208133	0.801546448152564	0.17472337260521842	-0.20122254487468072	0.13544015758388775	-0.5513412477826141	0.14889615803325257	-1.4856933753200134	0.19855860516668444	0.6030298379136342	0.18880981630826577
psvid_68049_sp|Q6ZWL3|CP4V2_HUMAN	Q6ZWL3	CP4V2_HUMAN	-0.043140020985247496	0.09078438170064321	-0.2636041889033127	0.17732414693281776	-0.47519209997485556	0.6509441032283609	0.9187482210435682	0.12337799464153627	0.1338376171857889	0.20985073432876888	-0.42816022954597566	0.6958354639175535	0.637775310216967	0.5552596228862923	0.8773870729669259	0.34118701388538136	0.05223254038247149	0.2037209791056735	-0.47439505834455287	0.5788601391094959	0.2563925453911038	0.8080457580331021	0.941964934137886	0.333814671905944
psvid_69469_sp|P63096|GNAI1_HUMAN	P63096	GNAI1_HUMAN	-0.06935209090914185	0.14595569118234283	-0.423796318061854	0.2850921362435703	-0.475158524805313	0.6509667273491624	0.9187482210435682	0.26297911880041724	-0.14285695252066288	0.16583547131608453	-0.586978237535437	0.3012643324941112	-0.86143785395813	0.4333499445303733	0.8276831523344766	0.26042409405105166	-0.22205481474598165	0.15818339799173275	-0.6309657840951737	0.1868561546032103	-1.4037807858798623	0.22037778233099867	0.6220646523628878	0.23979601568750508
psvid_66625_sp|P31512|FMO4_HUMAN	P31512	FMO4_HUMAN	-0.09589733798215239	0.20244642666236365	-0.5875257675205716	0.3957310915562668	-0.47369242106746673	0.6519550333745565	0.9187930468202102	0.38785545759459583	-0.1697958249867786	0.16496283382544527	-0.6115801136966061	0.2719884637230489	-1.0292974547615212	0.3564750580311547	0.7995936304778763	0.2587904795614392	-0.2518448825913996	0.16417526465789764	-0.6762450880916613	0.1725553229088621	-1.534000162059642	0.1866844063439253	0.5887738969308414	0.2526319146147135
psvid_30519_sp|P54619|AAKG1_HUMAN	P54619	AAKG1_HUMAN	0.058374426266563084	0.12329603384848127	-0.24104224652232525	0.3577910990554514	0.4734493433770913	0.6521189673772712	0.9187930468202102	0.20967494788197247	-0.036550472972974646	0.1723273967165435	-0.49805767806980694	0.42495673212385765	-0.21209902586235602	0.8414827781222828	0.9778892202407429	0.27252759213764605	-0.11951182420116113	0.18399791113243213	-0.5951544336949941	0.35613078529267184	-0.6495281574970856	0.5451600056952971	0.8166899153832377	0.29395256329957986
psvid_68995_sp|O95299|NDUAA_HUMAN	O95299	NDUAA_HUMAN	-0.03382375384626801	0.0716549300599475	-0.20783325016012089	0.14018574246758486	-0.47203665983583537	0.6530721135174876	0.9193461512177508	0.04889134757640672	-0.10494570295677086	0.13094839064682007	-0.4556364632817102	0.24574505736816848	-0.8014279705034263	0.46387468088353856	0.8337187464473949	0.19338447699379882	-0.18584796583141006	0.13640543440743816	-0.5384619513456061	0.16676601968278598	-1.3624674606166263	0.23223082681439755	0.6337080798263095	0.19107026747668102
psvid_50022_sp|P09104|ENOG_HUMAN	P09104	ENOG_HUMAN	0.06445542748874722	0.13715534485045408	-0.26861771143153934	0.3975285664090338	0.46994470072621325	0.6544848799584837	0.9197606442576292	0.2426305459535485	0.23095163162368548	0.1569220324029082	-0.18929871726020908	0.65120198050758	1.4717603900942422	0.20863929574980242	0.7258795267620202	0.24365449428449154	0.15022601114754475	0.13306531239833677	-0.19375361358147203	0.4942056358765615	1.12896447947183	0.31104649500573145	0.6810157109210588	0.1832006179213694
psvid_86864_sp|P62081|RS7_HUMAN	P62081	RS7_HUMAN	0.0357579334714373	0.0762939036055338	-0.14951701867923553	0.22103288562211013	0.4686866418097878	0.6553352378316684	0.9197606442576292	0.0722809508352245	-0.01620829272411628	0.08064655942471552	-0.23218653501136263	0.19976994956313007	-0.2009793454269665	0.8496539739023309	0.9778892202407429	0.07825086605013772	-0.09761620520828362	0.097196353890299	-0.3488730108596989	0.15364060044313166	-1.0043196200390243	0.3621335971867311	0.7070227373645702	0.08083836369907123
psvid_432_sp|P22626|ROA2_HUMAN	P22626	ROA2_HUMAN	0.038282981848539954	0.08187770788360031	-0.1605518882188569	0.23711785191593682	0.4675629403666763	0.6560952553639708	0.9197606442576292	0.09418953171820027	-0.038916130166947394	0.0815998992976016	-0.2574474964996218	0.179615236165727	-0.4769139484476205	0.6561178896154148	0.9260183640011018	0.08110293399304022	-0.09925953456921466	0.12177349691660248	-0.414049324758266	0.21553025561983669	-0.8151160727296295	0.45272454341181567	0.7746571900148868	0.15538921426496866
psvid_55805_sp|Q13011|ECH1_HUMAN	Q13011	ECH1_HUMAN	0.037020574791747585	0.07929729236865611	-0.15554791829837447	0.22958906788186964	0.46685799333018246	0.6565722763664249	0.9197606442576292	0.08458270378077327	0.1626496229698966	0.1049578995849186	-0.11843642494357254	0.44373567088336574	1.5496653764331592	0.1896180386627224	0.7176098719675167	0.13921841048806463	0.08048202372184088	0.13837569128617777	-0.27722516158690275	0.4381892090305845	0.5816196686988487	0.5865067108104688	0.8366704947028639	0.19565146119992102
psvid_659594_sp|P11509|CP2A6_HUMAN	P11509	CP2A6_HUMAN	0.05371909791798224	0.11517556183294111	-0.22597751870627497	0.33341571454223945	0.46641055674553833	0.6568751375374943	0.9197606442576292	0.18964937606502816	0.29749267795861556	0.07479671667691065	0.097180804619286	0.4978045512979451	3.9773494235536404	0.013580302583008417	0.6219650821978125	0.058747998439389666	0.1610601990259144	0.09647432440971758	-0.08833012898908879	0.41045052704091756	1.6694617973369428	0.1569836826842105	0.5664090740980359	0.07795665951314298
psvid_86477_sp|Q969E2|SCAM4_HUMAN	Q969E2	SCAM4_HUMAN	-0.03331589181196559	0.07159821023672439	-0.20718764759823988	0.1405558639743087	-0.4653173829599039	0.6576153839624093	0.9197606442576292	0.04854699615040765	0.7272669421338422	0.3356787734224822	-0.1717089345073115	1.626242818774996	2.166556242799752	0.08985641570524773	0.6917486752637665	0.5640066569303269	0.646240625180289	0.3181892882274919	-0.17629253529988487	1.468773785660463	2.030994282617881	0.09904049655837915	0.5293694948893074	0.5540153948159771
psvid_56970_sp|Q06033|ITIH3_HUMAN	Q06033	ITIH3_HUMAN	-0.09218281159711061	0.19815233745002112	-0.5733833152364836	0.38901769204226233	-0.46521183036945696	0.6576868816531187	0.9197606442576292	0.3785872936777425	-0.289516809228465	0.19391816771544954	-0.8088459078224808	0.22981228936555076	-1.4929844513243051	0.2032768743878274	0.7245364361573173	0.3122597257109994	-0.3713567067925604	0.16261875517898286	-0.7917332675367681	0.04901985395164726	-2.283603182079672	0.07219735044488908	0.5124776378946586	0.24931575897623495
psvid_45131_sp|O00161|SNP23_HUMAN	O00161	SNP23_HUMAN	0.03358473450002197	0.07223046607694683	-0.14182241487614983	0.20899188387619377	0.4649663268716041	0.6578531925086579	0.9197606442576292	0.052271685675828364	0.24355131524638507	0.22239403626291487	-0.3520385448773956	0.8391411753701657	1.0951342011638208	0.32966030308722216	0.7995936304778763	0.36378496560358536	0.159357480153823	0.2200544382688152	-0.40949282148652977	0.7282077817941758	0.7241729883182556	0.5019889769224808	0.7992416388798445	0.36617335226445163
psvid_32973_sp|Q96KP4|CNDP2_HUMAN	Q96KP4	CNDP2_HUMAN	0.03643355495714751	0.0785546743825076	-0.15433153700460556	0.22719864691890057	0.4637986885381382	0.6586444745161919	0.9200825708744078	0.08167107028204092	0.2134270582731128	0.16829579952173374	-0.23728319178984664	0.6641373083360722	1.2681662815093067	0.26759138136819294	0.7748608899285665	0.26502117330281955	0.13447641916509556	0.19075529091043772	-0.3586343111958167	0.6275871495260078	0.7049682266912016	0.5128633232267356	0.8019169954051512	0.3077255133780732
psvid_47878_sp|Q9BTU6|P4K2A_HUMAN	Q9BTU6	P4K2A_HUMAN	0.05640426697704193	0.1220925751005307	-0.24008988184329072	0.3528984157973746	0.46197950146107414	0.6598782547811175	0.9204051322992078	0.20674644718748744	-0.06272332101662359	0.3449906226199294	-0.9866371099066686	0.8611904678734215	-0.18181166937318427	0.8637907004764963	0.979782114487937	0.580282211407471	-0.1462406251802889	0.3498323206054268	-1.0505724017420663	0.7580911513814885	-0.41803062943756014	0.693581195178857	0.8790364452034973	0.6132747950467041
psvid_38673_sp|Q7Z4W1|DCXR_HUMAN	Q7Z4W1	DCXR_HUMAN	-0.051070089362708515	0.11071796108402593	-0.3199417025930883	0.21780152386767127	-0.4612629140085995	0.6603645673167313	0.9204051322992078	0.1783501030702682	-0.010593220489391708	0.06705474330306517	-0.19017144055143878	0.16898499957265536	-0.15797868976268942	0.8814513887338503	0.9836189511948192	0.014981076085308194	0.009888392180670058	0.09144900570042809	-0.2265112682245022	0.24628805258584233	0.10813012241010914	0.9181729510331702	0.9861940758957309	0.054652185963360835
psvid_43656_sp|Q9NW15|ANO10_HUMAN	Q9NW15	ANO10_HUMAN	-0.04193663016257787	0.09101642930907335	-0.26296431112056906	0.17909105079541335	-0.4607589034301662	0.6607067225719915	0.9204051322992078	0.12408197528253467	-0.3224453553383202	0.291935700527544	-1.1042736182004753	0.4593829075238348	-1.104508132289554	0.3259902804385071	0.7992702407549543	0.4872734974434223	-0.4035272115951679	0.2815726506732712	-1.1314047701177525	0.3243503469274166	-1.433119341066293	0.21231132896829288	0.6186927031367531	0.4848369116389237
psvid_67745_sp|P31040|SDHA_HUMAN	P31040	SDHA_HUMAN	-0.03479392672249393	0.07562785126947304	-0.21845141261620948	0.14886355917122163	-0.4600676356454728	0.6611761453505639	0.9204051322992078	0.06933026180754168	0.025368776178262387	0.0696994508401102	-0.16129219222778612	0.2120297445843109	0.3639738315364649	0.7326748536545081	0.9557754279510252	0.03587686733210553	0.013398983866137026	0.08788718196027208	-0.2137932071286596	0.24059117486093365	0.15245663323456896	0.8848947703214644	0.9700718070368993	0.02994269855204493
psvid_49726_sp|P21964|COMT_HUMAN	P21964	COMT_HUMAN	-0.0389276737125801	0.08539360441233876	-0.24630067763267297	0.16844533020751276	-0.4558617004220908	0.6640358991651628	0.9204051322992078	0.10630256870071887	-0.09473130208491432	0.07774578595553308	-0.30294103001002787	0.11347842584019924	-1.2184750712932035	0.2842177557080663	0.7858402699700607	0.06908803034774731	-0.1869241735113525	0.10595538158843056	-0.4608234470327941	0.08697510001008912	-1.7641781918867918	0.13906841551783547	0.5556992839403372	0.11116565352633191
psvid_40998_sp|P78527|PRKDC_HUMAN	P78527	PRKDC_HUMAN	0.03510576982814584	0.07701936465383291	-0.1519309189051213	0.222142458561413	0.4558044588647328	0.664074862219754	0.9204051322992078	0.07539114962431974	-0.2093460166966179	0.11959616287583508	-0.5296345600204635	0.1109425266272277	-1.7504409143457325	0.14827601371936466	0.7067636245123187	0.17041205331145787	-0.2902725860168873	0.15030175653079683	-0.6788091691108129	0.09826399707703831	-1.931265427077098	0.11238277519291696	0.5319320213874119	0.22258862476995764
psvid_104736_sp|Q8N5G0|SIM20_HUMAN	Q8N5G0	SIM20_HUMAN	0.04304102923699116	0.0944644988739148	-0.18636007205273747	0.2724421305267198	0.4556317955429964	0.6641923972211955	0.9204051322992078	0.13430314362252022	0.12339871452565943	0.3168984727146062	-0.7252819435042226	0.9720793725555414	0.38939510647875664	0.7150759158566405	0.9513860308426689	0.531123926763964	0.04248125036057804	0.3047434952727685	-0.7452939500518028	0.8302564507729588	0.13940002336244814	0.8946725423381098	0.9728119371158298	0.5287002345329385
psvid_40373_sp|P54868|HMCS2_HUMAN	P54868	HMCS2_HUMAN	0.04171686369924288	0.09160826047682813	-0.1807480420710214	0.26418176946950717	0.4553832097902892	0.6643616322244075	0.9204051322992078	0.1258676305819868	-0.0594537153171073	0.09579833541367223	-0.3160096830394957	0.19710225240528112	-0.6206132398895747	0.5655179000395578	0.8849707596038882	0.11823139981444879	-0.1407840345669944	0.09229655042350593	-0.3793746349739655	0.09780656583997671	-1.5253444892685801	0.1887599664020965	0.5907754673653401	0.0591310578349387
psvid_46394_sp|P50402|EMD_HUMAN	P50402	EMD_HUMAN	0.03920719075738699	0.08612011100918482	-0.1699300887942655	0.24834447030903947	0.455261730366389	0.6644443421846056	0.9204051322992078	0.1086958617902669	-0.14586946500175912	0.1431741644277955	-0.5293018717236724	0.23756294172015407	-1.0188253277728951	0.3609102171464779	0.7995936304778763	0.21735898873328272	-0.22511608161227148	0.1337927577881367	-0.5709761843387785	0.12074402111423554	-1.682572998224216	0.1543714266613139	0.5663739143726058	0.18492625987239386
psvid_104033_sp|Q9UNL2|SSRG_HUMAN	Q9UNL2	SSRG_HUMAN	-0.1276811238250124	0.28155792477724234	-0.8114268567797829	0.5560646091297581	-0.45348083853803345	0.6656574621763027	0.9204051322992078	0.5554727474223305	-0.14605779261165575	0.37908065909941685	-1.1612675550791103	0.8691519698557988	-0.3852947627521956	0.7179009222800484	0.9513860308426689	0.6397310722346607	-0.22672264890212934	0.38172316641286674	-1.213493650047813	0.7600483522435544	-0.5939452169819558	0.5788595039091103	0.8354268899587258	0.6726447857626243
psvid_47461_sp|O75356|ENTP5_HUMAN	O75356	ENTP5_HUMAN	-0.039327557609974306	0.08677809396832467	-0.25006270744364695	0.17140759222369834	-0.4531968358780669	0.6658510229813176	0.9204051322992078	0.11083579751904979	-0.014387151858179514	0.10102714586715257	-0.2849463120174392	0.25617200830108017	-0.14240877275794916	0.8930336319318384	0.9889096261770526	0.1303943098032444	-0.021287204805815474	0.13438436428654568	-0.3686766360826571	0.32610222647102616	-0.15840536894921123	0.8804475166388843	0.9687449624358292	0.18632473426034266
psvid_98593_sp|Q9Y5J9|TIM8B_HUMAN	Q9Y5J9	TIM8B_HUMAN	0.0452528352476147	0.09995323754605254	-0.19747732310682684	0.28798299360205626	0.4527400648404697	0.6661623920827204	0.9204051322992078	0.14981291560952315	-0.7114259344229752	0.34512031824467115	-1.635687059061301	0.2128351902153508	-2.061385252660244	0.10181495811643305	0.6917486752637665	0.5805087746850487	-0.792481250360578	0.34363515286672364	-1.6807930785622558	0.09583057784109972	-2.3061704943438546	0.07021039899462815	0.5124776378946586	0.6016998318386055
psvid_82727_sp|Q96GC9|VMP1_HUMAN	Q96GC9	VMP1_HUMAN	-0.06955944325489583	0.15364543745582127	-0.4426777361656772	0.30355884965588553	-0.4527270344418573	0.666171275633634	0.9204051322992078	0.2804847407767599	-0.23266204007632885	0.21633377060525597	-0.8120220010714704	0.3466979209188127	-1.0754772101710697	0.3374750730750967	0.7995936304778763	0.3528839346618088	-0.3128846917489908	0.21494154125596915	-0.8685179320526366	0.242748548554655	-1.455673435301105	0.20630284583162312	0.6151575766615671	0.356096608490978
psvid_62252_sp|P26038|MOES_HUMAN	P26038	MOES_HUMAN	0.037259596067548806	0.08289520900914903	-0.16404621156419127	0.23856540369928889	0.44947828122897326	0.6683879676722924	0.9226904604230298	0.09779569735871393	-0.10010976887003098	0.08075416908512172	-0.31637619884282087	0.1161566611027589	-1.2396854553045655	0.2770066705299865	0.7846130218811362	0.07857627899321847	-0.18066344928468858	0.11379018473774398	-0.4748160299870348	0.11348913141765765	-1.5876892167902674	0.17430082414081394	0.577965496292724	0.13413346929873038
psvid_86392_sp|Q06323|PSME1_HUMAN	Q06323	PSME1_HUMAN	-0.039736669791266443	0.0887658290504364	-0.25529890940305017	0.17582556982051728	-0.4476572822711792	0.6696320680153134	0.9236304386418116	0.11715581375288758	-0.1092326045410803	0.24914352611913956	-0.7764598394324866	0.557994630350326	-0.438432441904373	0.6817166052396344	0.9374966464486023	0.4115843698996521	-0.19138368659074423	0.25384484039642113	-0.8475836485881244	0.46481627540663595	-0.7539396360858335	0.48545706622436313	0.7877497068248037	0.43183886618128997
psvid_50866_sp|P00738|HPT_HUMAN	P00738	HPT_HUMAN	-0.03488310918891813	0.07817276561215956	-0.2247207596932515	0.15495454131541525	-0.4462309720751667	0.6706073156952481	0.9236896766628216	0.08014357596622056	0.024215378958055034	0.08936498013911985	-0.21511152438615258	0.2635422823022626	0.27097168175226466	0.7986367500372884	0.9709149518614922	0.10236441039250113	-0.05066372252332396	0.09991516726514664	-0.30894877909552554	0.20762133404887761	-0.5070673843629441	0.6340579724809892	0.8552847182389471	0.09104150441102096
psvid_79444_sp|Q9P0L0|VAPA_HUMAN	Q9P0L0	VAPA_HUMAN	-0.049800045741461574	0.11214518333421088	-0.3221375785488311	0.22253748706590798	-0.4440676296640342	0.6720878463868134	0.9236896766628216	0.18199515574272526	-0.01490307483293618	0.07600856504376154	-0.218460379621024	0.18865422995515163	-0.1960709931092083	0.8532679720515263	0.9778892202407429	0.06315310584608591	-0.1336254760397404	0.0997974489509135	-0.39160622564550707	0.12435527356602627	-1.3389668518026507	0.23923841916424676	0.6392719708353436	0.09061799906887506
psvid_57584_sp|Q9HCE1|MOV10_HUMAN	Q9HCE1	MOV10_HUMAN	-0.03364109592333797	0.07599241889039499	-0.21818391138245669	0.15090171953578074	-0.4426901579729819	0.6730313842940908	0.9236896766628216	0.07095734149675607	-0.020853174802540675	0.33144838531757786	-0.9084997176989233	0.866793368093842	-0.06291530062081964	0.9525855185028439	1.0	0.5566066458946134	-0.10375937481971098	0.3549885417226002	-1.0214202074137297	0.8139014577743079	-0.2922893632459608	0.7820156778124633	0.9233302459412814	0.6228953365685669
psvid_89073_sp|O95674|CDS2_HUMAN	O95674	CDS2_HUMAN	-0.042006259151012415	0.09524593415753527	-0.2733050269375321	0.18929250863550728	-0.44102942054759764	0.6741698144437545	0.9236896766628216	0.13656321379620182	0.0740590331344384	0.16589577652145332	-0.3702237542723687	0.5183418205412456	0.44641903903359004	0.6763605697077377	0.9374966464486023	0.26053692682386403	-0.006601280826984857	0.18940435466948466	-0.49621978220033963	0.4830172205463699	-0.03485284611594204	0.9735698480381982	1.0	0.3049825833576297
psvid_85840_sp|Q15286|RAB35_HUMAN	Q15286	RAB35_HUMAN	-0.03483936377905117	0.0791965765033342	-0.22716327471717312	0.1574845471590708	-0.43990997234059004	0.6749377227280342	0.9236896766628216	0.08419213690499175	0.11224163496492956	0.14240616747143198	-0.2691340115690653	0.4936172814989244	0.7881795919228448	0.47083117199258917	0.8337187464473949	0.2158714504981196	0.03138272052096469	0.1385557788253421	-0.3267899989155212	0.38955543995745057	0.2264988208144281	0.8299426190771169	0.9520942959775506	0.1960680889643323
psvid_19780_sp|P61247|RS3A_HUMAN	P61247	RS3A_HUMAN	0.03943899627526193	0.08967597089107852	-0.1783334656217407	0.25721145817226454	0.4397944720683871	0.6750169767494283	0.9236896766628216	0.11998390961060046	-0.20982933370844714	0.22851007630241704	-0.8217984614279298	0.4021397940110355	-0.9182498080774029	0.4059375164743571	0.8101536433552932	0.3747567880429233	0.09938871650460657	0.117940445199897	-0.2054924681484483	0.4042699011576614	0.8427025719307134	0.4385151535796949	0.7710550916536703	0.14539257751384954
psvid_64450_sp|P46783|RS10_HUMAN	P46783	RS10_HUMAN	-0.03667289815308017	0.08360229424961686	-0.23969581787245792	0.16635002156629758	-0.4386589923427638	0.6757963619350666	0.9236896766628216	0.10025043951618012	0.7405093318553995	0.17525950493959855	0.27114969530050137	1.2098689684102975	4.225216384758183	0.010906008335661245	0.6219650821978125	0.2779674716019817	0.5657586014584484	0.09123300140466026	0.3299173215602534	0.8015998813566434	6.201249468369994	0.0017006376831345215	0.39647783251920843	0.05345775789214457
psvid_66298_sp|Q99747|SNAG_HUMAN	Q99747	SNAG_HUMAN	0.03510172627180097	0.08007311558294512	-0.15935080475728888	0.22955425730089082	0.43837093156991297	0.6759941543871251	0.9236896766628216	0.08754891827544178	-0.07811112087976779	0.1364643864470859	-0.44357418005915944	0.28735193829962385	-0.5723919838239657	0.5950001611690214	0.8961189640378836	0.20428343159117965	-0.1597597933692374	0.15382024588915047	-0.557391824610284	0.23787223787180917	-1.0386135612107084	0.34741373899309286	0.6990333245481015	0.2303200738847272
psvid_35851_sp|P10644|KAP0_HUMAN	P10644	KAP0_HUMAN	0.037277179775392355	0.08511621112921708	-0.16942219198238498	0.2439765515331697	0.43795628683237464	0.6762789131496824	0.9236896766628216	0.10537988420028294	0.10578445839291017	0.3097363246458848	-0.7237153671015496	0.93528428388737	0.34153068263417724	0.7483744820827459	0.9598237040390771	0.5185607856331748	0.023277351097870547	0.2845639386401671	-0.7123328170264492	0.7588875192221903	0.08180007350581728	0.9380361382209037	0.9963964473527942	0.49051868554813505
psvid_86737_sp|P52907|CAZA1_HUMAN	P52907	CAZA1_HUMAN	-0.032698918374943986	0.07469348350114399	-0.21408735083991692	0.14868951409002895	-0.4377747139674263	0.6764036273114568	0.9236896766628216	0.06501292854626455	0.06484833842660631	0.256286864337759	-0.621509354645858	0.7512060314990706	0.2530302853959111	0.8116147885949484	0.9751168687974395	0.4242763089317771	-0.016778548964634044	0.2764162832551406	-0.7313266732606345	0.6977695753313664	-0.06070029148444534	0.953991598269466	0.999710045470878	0.4750278634546419
psvid_62063_sp|P04196|HRG_HUMAN	P04196	HRG_HUMAN	-0.030594667692072086	0.06989243211523513	-0.20032404846667293	0.13913471308252875	-0.4377393483979658	0.6764279196159846	0.9236896766628216	0.03688034762231743	-0.24996023252159016	0.09465058127294551	-0.5034424185022606	0.0035219534590802404	-2.640873718469573	0.052109078979144074	0.6917486752637665	0.11548324780908342	-0.333355933431298	0.133280993624054	-0.6778931035171484	0.011181236654552396	-2.501151322232755	0.05531510749126638	0.5036298607729148	0.18371296317146737
psvid_29613_sp|P31949|S10AB_HUMAN	P31949	S10AB_HUMAN	-0.031023833801438805	0.0709560817565899	-0.20333622091198483	0.14128855330910722	-0.43722585905833966	0.6767806787349255	0.9236896766628216	0.044483795468138805	-0.2910696389910572	0.29308479061248727	-1.0759752613654605	0.4938359833833462	-0.9931243391469793	0.3719957422502404	0.801546448152564	0.48929614978316294	-0.3713567067925604	0.27774611066508714	-1.0893424928291235	0.34662907924400266	-1.3370365687689183	0.23982271421527632	0.6392719708353436	0.4775594630195633
psvid_31037_sp|O43795|MYO1B_HUMAN	O43795	MYO1B_HUMAN	-0.03559312552243998	0.08146536942037717	-0.23342665753485223	0.16224040648997226	-0.4369111166583254	0.6769969459443363	0.9236896766628216	0.0927013387309455	0.015258977717268696	0.11056204983530837	-0.2808354540532045	0.3113534094877419	0.13801279679599146	0.8963095656903035	0.9898637627825575	0.15142882366917407	-0.06427277274923004	0.1071253636819468	-0.34119650091038	0.21265095541191992	-0.5999771719800616	0.5751398455609751	0.8354268899587258	0.11477637410221855
psvid_78615_sp|P17813|EGLN_HUMAN	P17813	EGLN_HUMAN	0.04766764125127576	0.109707369267344	-0.21874981323730347	0.314085095739855	0.4344980794782829	0.6786561149014433	0.9251837310377115	0.17575233050881722	0.09934084959339984	0.4928931689270909	-1.2206683488106573	1.419350047997457	0.20154641179069455	0.849236722695957	0.9778892202407429	0.837173436124988	0.017597331972849628	0.43980711632222774	-1.1193232080157665	1.154517871961466	0.04001147621257865	0.9696602253414139	1.0	0.7801300413665284
psvid_94382_sp|Q9BT09|CNPY3_HUMAN	Q9BT09	CNPY3_HUMAN	-0.03722934074041806	0.08612562288123808	-0.24638000552709807	0.17192132404626195	-0.43226788376038827	0.6801913093972587	0.9258976217105958	0.10871389451411895	0.016029544550452357	0.14429979390907985	-0.3704173922217037	0.40247648132260844	0.1110850134723839	0.9164266729196311	0.9960408936531061	0.21953527954579347	-0.0650880206425637	0.12418315634012039	-0.38610688533109966	0.25593084404597227	-0.5241292181710752	0.6229836122667343	0.8499942796318172	0.1615093554518216
psvid_105012_sp|Q9BUP3|HTAI2_HUMAN	Q9BUP3	HTAI2_HUMAN	0.03631749314562516	0.08413786249647941	-0.16800602041705517	0.2406410067083055	0.4316426881791155	0.6806219736624536	0.9258976217105958	0.10208391453423614	-0.04004628132094812	0.13989091941390625	-0.41468588284253377	0.33459332020063753	-0.2862679113750053	0.7876318913300718	0.9665779766182299	0.21098373447593008	-0.12200019270851659	0.15964188672231422	-0.534681418912591	0.2906810334955579	-0.7642116690886227	0.47984377303255127	0.7877497068248037	0.2429383384853152
psvid_75028_sp|P28288|ABCD3_HUMAN	P28288	ABCD3_HUMAN	-0.0322252702615371	0.07472047489982679	-0.21367924964262133	0.14922870911954714	-0.4312776425034713	0.680873494989621	0.9258976217105958	0.06514088212375486	-0.04851545319833761	0.07128947602314535	-0.23943464224856584	0.14240373585189062	-0.6805415876894121	0.5302448411582987	0.8667313206910913	0.04411179658898075	-0.13045966582886726	0.09773849184084164	-0.3831179216810739	0.12219859002333938	-1.334782882073821	0.2405065890276872	0.6392719708353436	0.0829498301013188
psvid_1633337_sp|P04114|APOB_HUMAN	P04114	APOB_HUMAN	0.03321727258687801	0.07717180577949409	-0.15418960984376107	0.2206241550175171	0.4304327500355632	0.6814558083738792	0.9259217280307885	0.07603215502915553	-0.1885514377485129	0.12408696217012405	-0.520866717798192	0.14376384230116618	-1.5195104662970766	0.19676669189199342	0.7245364361573173	0.17959890627749808	-0.27015801394670325	0.14318387875961225	-0.6402945731691208	0.09997854527571426	-1.8867907217422475	0.11892430196609446	0.5319320213874119	0.2066631359762194
psvid_63525_sp|P02649|APOE_HUMAN	P02649	APOE_HUMAN	-0.032375402589345015	0.07548566093665669	-0.21568758819216124	0.15093678301347122	-0.42889473560432395	0.6825164454207873	0.9260314554332203	0.06868737941880179	-0.003705646244212879	0.13938952869299595	-0.3770024814113029	0.3695911889228771	-0.026584825122513527	0.9799517212283438	1.0	0.21000639775571928	-0.08493873139391228	0.12617640560473642	-0.41111023219531834	0.24123276940749377	-0.6731744416622044	0.5312217021829032	0.8138211960662557	0.16648813340067786
psvid_47377_sp|Q99424|ACOX2_HUMAN	Q99424	ACOX2_HUMAN	0.045865461247396766	0.10699276741412643	-0.2139597531709479	0.30569067566574143	0.4286781467187386	0.6826658717187581	0.9260314554332203	0.16870006132370094	-0.37198812078840593	0.20510430795309553	-0.9212746400552868	0.17729839847847495	-1.8136533771561463	0.13727957063675192	0.7067636245123187	0.3325979509125646	-0.4531478926059378	0.20350826899581298	-0.9792256264399475	0.07292984122807189	-2.2266804923551335	0.07748289137449799	0.5170253689101321	0.3333898219161044
psvid_25224_sp|O75874|IDHC_HUMAN	O75874	IDHC_HUMAN	-0.030581747216568367	0.07171108403088303	-0.20472760992126607	0.14356411548812933	-0.4264577454079213	0.6841986448264393	0.9273436177812896	0.04923015681569829	-0.07974395918898969	0.07375547685298264	-0.2772673050502018	0.1177793866722224	-1.0811937308458317	0.3351857754735516	0.7995936304778763	0.05474333093663515	-0.1611698373041186	0.09008440708655138	-0.39404195089301847	0.07170227628478126	-1.7890980527769882	0.13470890178781256	0.554517541190555	0.046649969549251734
psvid_28721_sp|Q14571|ITPR2_HUMAN	Q14571	ITPR2_HUMAN	-0.03346737913285125	0.07871113692203972	-0.22461243054293809	0.1576776722772356	-0.42519242437063726	0.685072846390003	0.9273456150143482	0.08229078900816143	-0.07014601694046707	0.08229119540693297	-0.29052873216711106	0.15023669828617695	-0.8524121759757219	0.43783779653659355	0.8276831523344766	0.08312995681797139	-0.14947273290642582	0.11908780548753634	-0.4573198938462961	0.15837442803344448	-1.2551472612539623	0.26586439329399103	0.6606327348517352	0.14842154588134898
psvid_40034_sp|Q15006|EMC2_HUMAN	Q15006	EMC2_HUMAN	0.031418186465717035	0.07395666247263044	-0.14818092241834063	0.2110172953497747	0.42481887926384104	0.6853310276813354	0.9273456150143482	0.06143604498320364	-0.1136898166736171	0.09425925023817129	-0.3661239853594904	0.1387443520122562	-1.2061396243482658	0.288490978373314	0.7858402699700607	0.11453890758031907	-0.19440189466588786	0.10219253131850702	-0.45857403644705214	0.06977024711527641	-1.9023101997541163	0.11659793114370891	0.5319320213874119	0.09896845994796126
psvid_75204_sp|Q658P3|STEA3_HUMAN	Q658P3	STEA3_HUMAN	-0.03109801216270469	0.07352246016280477	-0.2096426880137824	0.14744666368837303	-0.42297295403122637	0.6866075448165978	0.9276225259953745	0.059244871136580377	-0.08158339548648419	0.18581752102215038	-0.5792182836059416	0.4160514926329733	-0.43905114564927944	0.6813008921619855	0.9374966464486023	0.29743495419637755	-0.16350924331768013	0.16596613568211183	-0.5925389283700822	0.2655204417347219	-0.9851964236298326	0.3705650376631652	0.7139531088687285	0.2564325742344998
psvid_47983_sp|Q86VB7|C163A_HUMAN	Q86VB7	C163A_HUMAN	0.043634105966543935	0.10341679746963846	-0.20750709008274726	0.29477530201583513	0.42192474563287674	0.6873329161896595	0.9276225259953745	0.1592251020054273	-0.02865729890296942	0.09967899103473246	-0.2956059874796321	0.2382913896736933	-0.28749587656825276	0.7867509074063025	0.9665779766182299	0.12730913692279255	-0.10938320872823182	0.10521369464127801	-0.3813651892065082	0.16259877175004456	-1.039629005531738	0.34698566776241563	0.6990333245481015	0.10883599373491769
psvid_1265178_sp|P01860|IGHG3_HUMAN	P01860	IGHG3_HUMAN	0.1829906092227631	0.4341234037682196	-0.8712508053535144	1.2372320237990406	0.4215174939530848	0.6876148364447864	0.9276225259953745	0.8714574120175053	-0.697557311726372	0.17585303081680356	-1.1685064603029256	-0.22660816314981852	-3.9667062232953976	0.013711484921887054	0.6219650821978125	0.2790667392151865	-0.778869304354984	0.20498076551631658	-1.308753505790568	-0.24898510291940024	-3.7997189755493697	0.013075519012115129	0.44674689958060027	0.3363288905437444
psvid_83725_sp|P62241|RS8_HUMAN	P62241	RS8_HUMAN	0.03961876610756221	0.0942762024456206	-0.18932506913476732	0.26856260134989174	0.42024142975439305	0.6884985464526908	0.9276225259953745	0.13375566101213798	0.03707996547797565	0.07119866723890131	-0.15359603004056102	0.22775596099651232	0.5207957805383753	0.6275898848559057	0.9175798412959852	0.04367872642948882	-0.029312750972739332	0.08778450207082635	-0.25623950998378175	0.1976140080383031	-0.33391715258678806	0.7522341289688002	0.9071058614035531	0.028940242965661278
psvid_71578_sp|P26572|MGAT1_HUMAN	P26572	MGAT1_HUMAN	-0.038721563735376385	0.09214485645429768	-0.26248955912816074	0.18504643165740794	-0.42022490701455095	0.6885099924234479	0.9276225259953745	0.12747481946714395	-0.38936982425303546	0.14501166902729926	-0.7777232222289652	-0.0010164262771056864	-2.68509304709633	0.049613590073180204	0.6837666104479102	0.22090925046826523	-0.47309775647835106	0.1632628521300322	-0.8951393358778174	-0.05105617707888477	-2.897767313911361	0.03462423057875325	0.48232346954803157	0.25068949726737133
psvid_85324_sp|O75695|XRP2_HUMAN	O75695	XRP2_HUMAN	0.07567437812784839	0.1805154952151435	-0.3626961620841597	0.5140449183398565	0.41921264453036294	0.6892113986950089	0.9276225259953745	0.34022015289353574	-0.6246804005925708	0.4410682944500307	-1.8058982435295485	0.5565374423444069	-1.4162895144650707	0.22332089955506024	0.7302695962541623	0.7474205286775624	-0.707518749639422	0.4316536481563985	-1.8233622195083201	0.4083247202294762	-1.639089007266008	0.1632062762899383	0.5735005224757174	0.7650823625262252
psvid_78642_sp|O95573|ACSL3_HUMAN	O95573	ACSL3_HUMAN	-0.037667321376180674	0.08994033431459837	-0.2560817732399868	0.1807471304876255	-0.4188034396717472	0.6894950360904644	0.9276225259953745	0.120798267948609	-0.08224971115848234	0.10183117966291363	-0.3549621411805453	0.19046271886358063	-0.8077065534421698	0.46060536936265706	0.8337187464473949	0.1322192527699584	-0.16216224030938808	0.10259793859358725	-0.4273823775435451	0.10305789692476891	-1.5805604141009888	0.17589737929652113	0.5790140801368967	0.10033166500979773
psvid_53630_sp|P10909|CLUS_HUMAN	P10909	CLUS_HUMAN	-0.050408501915010895	0.1206013586844794	-0.34328132534663763	0.24246432151661584	-0.41797623563173125	0.6900685742446382	0.9276331653780383	0.20309998937889504	-0.05909243227917971	0.10801612005645446	-0.3483686508171723	0.23018378625881286	-0.5470704951103145	0.6108620173996345	0.9049999163602519	0.14592997561270507	-0.14152586836746028	0.13019772640833724	-0.4780926584896231	0.19504092175470256	-1.0870072179570538	0.3275049890713948	0.682475453719298	0.17632932029135573
psvid_40431_sp|P62851|RS25_HUMAN	P62851	RS25_HUMAN	-0.031103966466692334	0.0750621584876237	-0.21338770297630225	0.15117977004291758	-0.41437612631164583	0.6925672986593402	0.9298492875386282	0.06674333590088506	-0.03224478003042863	0.13257438337883562	-0.38729008510889074	0.32280052504803347	-0.24322029044093776	0.818741419715899	0.9751168687974395	0.19661278160857124	-0.11403912165110908	0.16947116701508133	-0.5521294652692017	0.3240512219669836	-0.672911644261945	0.5313752816456404	0.8138211960662557	0.26382777576506256
psvid_162542_sp|P00325|ADH1B_HUMAN	P00325	ADH1B_HUMAN	-0.03643708966382597	0.0880191837000306	-0.25018614794613947	0.17731196861848753	-0.41396759356464363	0.6928511154708559	0.9298492875386282	0.11480598561785965	-4.440892098500626e-16	0.06648275985679548	-0.17804640047514933	0.17804640047514844	-6.6797649617229355e-15	0.999999999999995	1.0	4.351167857633658e-15	0.00397380074042486	0.1055121581741059	-0.2687797209619844	0.2767273224428341	0.03766201743184591	0.9714407203279274	1.0	0.10977744905153142
psvid_151902_sp|P00395|COX1_HUMAN	P00395	COX1_HUMAN	-0.07379996627033769	0.17882935596214602	-0.5080758232290981	0.3604758906884226	-0.41268373345794196	0.6937433946808372	0.9302855006349738	0.3365229457028579	0.13563238274621137	0.07043174569461785	-0.052989732628049735	0.32425449812047247	1.9257279712232933	0.11983497051654952	0.7048513307479977	0.03985815329334982	0.055598105334112025	0.09664056816792446	-0.1942219700322547	0.30541818070047877	0.5753081380637551	0.5904466451782517	0.8383831152314581	0.07862759460574922
psvid_72380_sp|Q9BX93|PG12B_HUMAN	Q9BX93	PG12B_HUMAN	0.05104231267488313	0.12417798888109892	-0.2505161325066218	0.35260075785638806	0.4110415471759364	0.6948854885690238	0.9303086391705346	0.21181332022675728	-0.24184820384320282	0.13988059990613122	-0.6164601688584525	0.1327637611720468	-1.728961728828003	0.15221780473370172	0.71167553563214	0.21096362950203795	-0.32304518787332737	0.12306138172483354	-0.6411642163517938	-0.004926159394860963	-2.625073628668168	0.04766376362976213	0.5036298607729148	0.15867470121619898
psvid_75558_sp|P51649|SSDH_HUMAN	P51649	SSDH_HUMAN	0.03773319397063091	0.09192688722701	-0.18550547684643315	0.26097186478769496	0.4104696145911065	0.6952834562800343	0.9303086391705346	0.12682329319448468	-0.1924360269597818	0.1914322752805049	-0.7051076973579213	0.32023564343835775	-1.0052433774702103	0.36673284281482604	0.8001457495982909	0.30771967985346	-0.2748839183877285	0.16772451093346966	-0.7084590800049337	0.1586912432294767	-1.638901296285581	0.16324548890988086	0.5735005224757174	0.2601494987886878
psvid_22947_sp|P14923|PLAK_HUMAN	P14923	PLAK_HUMAN	-0.03198430830510013	0.07797010634959049	-0.2213298135212659	0.15736119691106565	-0.4102124493930245	0.6954624339165094	0.9303086391705346	0.07932415216704392	0.15098727308269444	0.16019618175597122	-0.27803152205984805	0.5800060682252369	0.9425148054570687	0.3946672267096633	0.8101536433552932	0.24983664546583015	0.07032152759750399	0.16096016575877098	-0.34576750729897465	0.4864105624939826	0.4368877682624532	0.6807418023974149	0.8742494564853254	0.24576838005821147
psvid_67743_sp|P46777|RL5_HUMAN	P46777	RL5_HUMAN	-0.033142445931837905	0.08107955890161377	-0.23003906133591015	0.16375416947223434	-0.4087645071189238	0.6964705473722125	0.9308978791283036	0.09129388640234516	0.5611708466504908	0.22318073789992482	-0.03652586636295996	1.1588675596639415	2.5144232962529327	0.060060994548950114	0.6917486752637665	0.3651978696038131	0.0371023839733593	0.1320285361214135	-0.3041971289501373	0.3784018968968559	0.28101791524250436	0.790156049935648	0.9295953528654683	0.18072926674724185
psvid_82998_sp|Q71RG4|TMUB2_HUMAN	Q71RG4	TMUB2_HUMAN	-0.07597575312292815	0.1864464383694409	-0.5287492162054486	0.3767977099595923	-0.4074937219899224	0.6973558734157533	0.9313221762229931	0.35318157390095617	0.08183969572275007	0.3263055284681188	-0.7920338456890746	0.9557132371345748	0.25080695416641124	0.813228118492748	0.9751168687974395	0.5476051476065407	0.0	0.33062359325588375	-0.8546763802294993	0.8546763802294993	0.0	1.0	1.0	0.5773502691896257
psvid_78505_sp|P27797|CALR_HUMAN	P27797	CALR_HUMAN	-0.030857010460676904	0.07590441004364067	-0.2151861019641366	0.1534720810427828	-0.4065246069752192	0.6980313816946263	0.9314657981929919	0.07056727755759748	0.12163969091951499	0.08905555874174159	-0.11685855600080383	0.36013793783983383	1.3658854386873973	0.23753178819344153	0.7394829141094656	0.10156897268709102	0.05929433351142199	0.090207921622119	-0.17389707052836523	0.2924857375512092	0.6573073899186589	0.5405479654615516	0.8166555724192858	0.047424592912398096
psvid_86857_sp|Q9NTN3|S35D1_HUMAN	Q9NTN3	S35D1_HUMAN	-0.053799921713974186	0.13289559060201558	-0.37652851503814544	0.26892867161019707	-0.4048284933327067	0.6992143587329809	0.931805595683956	0.23263546693811674	0.060448568071458375	0.2314688115462731	-0.559444300498468	0.6803414366413848	0.26115210799954386	0.8057306886208285	0.9727640365131593	0.38005470088834836	-0.01920389926270738	0.22291326528901892	-0.5954443931917242	0.5570365946663094	-0.08614964765694183	0.9347508637846531	0.9963077093281882	0.371788914771234
psvid_11314_sp|P31689|DNJA1_HUMAN	P31689	DNJA1_HUMAN	-0.034186547513173515	0.08450921976085518	-0.2394118788638617	0.17103878383751467	-0.40453038863587737	0.6994223709066768	0.931805595683956	0.10334285870292548	-0.2290490594290504	0.11126125011486984	-0.5270160081235395	0.06891788926543868	-2.0586597687206685	0.1021469029820691	0.6917486752637665	0.15292618841774502	-0.31105825747146043	0.10171794413167154	-0.574003570716423	-0.04811294422649781	-3.058047035130819	0.028848649602184872	0.48232346954803157	0.09735540211757647
psvid_45007_sp|Q9Y3I0|RTCB_HUMAN	Q9Y3I0	RTCB_HUMAN	-0.030045233118026538	0.07454231036725645	-0.21106655112399506	0.15097608488794198	-0.4030628105031776	0.7004468344746648	0.9322790785114657	0.06429244544169152	-0.18931333961029662	0.13745833512236472	-0.5574382766099176	0.1788115973893244	-1.3772416160996772	0.23425559774639143	0.7388061159693884	0.2062322062313609	-0.2718623281664001	0.1314823413381304	-0.6117499037998819	0.06802524746708177	-2.067671790748367	0.09456099325160693	0.5204027816531388	0.17942150319865627
psvid_39383_sp|O75369|FLNB_HUMAN	O75369	FLNB_HUMAN	0.056878491600980574	0.14203670058601248	-0.28804871307811186	0.401805696280073	0.40044925970761297	0.7022729579765176	0.9322790785114657	0.2539632862663485	0.3478795744909613	0.1642728230466876	-0.09205680754785123	0.7878159565297738	2.1176940168130622	0.09521129217208665	0.6917486752637665	0.25749756454783057	0.26640469688636004	0.17538570493077882	-0.18697498469681295	0.719784378469533	1.5189647126115813	0.19030417739573788	0.5943275882551811	0.2761878438682914
psvid_42370_sp|O14874|BCKD_HUMAN	O14874	BCKD_HUMAN	0.043267147065711775	0.10810496181345483	-0.21925896158375296	0.3057932557151765	0.4002327584220719	0.7024243276207652	0.9322790785114657	0.17160303692369966	-0.09706278706310512	0.14993115183307	-0.49859097212148384	0.3044653979952736	-0.6473823876920033	0.549571828869926	0.8747425801892469	0.23035690109815024	-0.17997302020181594	0.17491202305813675	-0.6321282135253845	0.27218217312175264	-1.028934529800716	0.3515164371475501	0.6990333245481015	0.2752030803467539
psvid_49645_sp|P07384|CAN1_HUMAN	P07384	CAN1_HUMAN	-0.05246509551452316	0.1312955073737019	-0.371307987235383	0.26637779620633667	-0.3995955121693049	0.7028699526539857	0.9322790785114657	0.22885284615096854	-0.27682869820709355	0.30341319129598476	-1.089394642871409	0.535737246457222	-0.9123818810403744	0.40870220390580536	0.8101536433552932	0.5074577216225364	-0.3582398518190266	0.27862796549967694	-1.0785052709891265	0.36202556735107316	-1.2857282691512242	0.2558486242414375	0.6535018597545583	0.4792375391544935
psvid_51790_sp|P00558|PGK1_HUMAN	P00558	PGK1_HUMAN	0.028663094753335727	0.07184641356726776	-0.1458114072291199	0.20313759673579135	0.3989495554499639	0.7033218000452984	0.9322790785114657	0.0500383214991929	0.15131199603525536	0.18970132652206223	-0.3567240485779215	0.6593480406484322	0.7976327778480653	0.46585943588273404	0.8337187464473949	0.3045536469931934	0.07151594855841092	0.18822427484494053	-0.4150519951009859	0.5580838922178077	0.3799507189884295	0.7198650957314977	0.896040644379517	0.302582363252979
psvid_73389_sp|Q8NFW8|NEUA_HUMAN	Q8NFW8	NEUA_HUMAN	0.03383942575866694	0.08514789884745287	-0.17293689763223505	0.24061574914956893	0.39741938693392925	0.7043926803900327	0.9322790785114657	0.10548554197545325	0.14278303878818566	0.20277120586044783	-0.4002552376194678	0.6858213151958391	0.7041583551387098	0.5167708411032753	0.8665686906026294	0.32836754641680804	0.06288469174899114	0.18082419788540416	-0.4045537308532035	0.5303231143511857	0.3477670161647491	0.7424302675224056	0.9067810180260121	0.2874355263349064
psvid_35615_sp|Q92499|DDX1_HUMAN	Q92499	DDX1_HUMAN	-0.03441378524563721	0.08692379460146746	-0.24550275991403617	0.17667518942276175	-0.39590753490939096	0.7054514666530991	0.9322790785114657	0.11130626319332154	0.2780902819319331	0.14606011115254722	-0.11307093188842027	0.6692514957522864	1.9039440661625384	0.12303265233329655	0.7048513307479977	0.22292956316508836	0.1974201027410315	0.14788908380717228	-0.18487961634146838	0.5797198218235313	1.3349200472324319	0.2404649146915137	0.6392719708353436	0.2172358271511396
psvid_31225_sp|O75821|EIF3G_HUMAN	O75821	EIF3G_HUMAN	0.09105315441536721	0.2301328892413829	-0.46781011024265806	0.6499164190733925	0.39565467897925244	0.7056286178850822	0.9322790785114657	0.44708908753007254	-0.36214785825147366	0.24127572256905372	-1.0083044561122303	0.28400873960928297	-1.500970982059026	0.2012945640106821	0.7245364361573173	0.39757277904046334	-0.4416782343900648	0.24444358431850824	-1.0735755402002245	0.19021907142009487	-1.8068718621576145	0.1316848983428286	0.5506843659178836	0.4137089417585669
psvid_76284_sp|Q8TBA6|GOGA5_HUMAN	Q8TBA6	GOGA5_HUMAN	-0.029903164006039873	0.07560528255322152	-0.2135058431900972	0.15369951517801744	-0.395516860676896	0.705725182042548	0.9322790785114657	0.06922854037987164	0.201351729163453	0.20980656992946692	-0.36052784160711804	0.763231299934024	0.959701734941588	0.38684193520953447	0.8083919374262081	0.34110719700756453	0.12290300609661164	0.18333895137175818	-0.3510361637321221	0.5968421759253454	0.6703594908612738	0.5328683228506523	0.8138211960662557	0.29260210121554764
psvid_33222_sp|Q03154|ACY1_HUMAN	Q03154	ACY1_HUMAN	0.031136314040722368	0.07873251362798889	-0.16006064935688508	0.2223332774383298	0.3954695792876809	0.7057583117269172	0.9322790785114657	0.08237519141071088	0.15853468780758195	0.10814814781099359	-0.13109511211766267	0.4481644877328266	1.4659029397770824	0.21014367714735965	0.7258795267620202	0.14621701865777537	0.07887545643198268	0.1401950973572499	-0.28353497276712664	0.441285885631092	0.5626120878606017	0.5984209510034292	0.8401818194175916	0.1998450900665828
psvid_13656_sp|Q9Y3E0|GOT1B_HUMAN	Q9Y3E0	GOT1B_HUMAN	0.05988387043299781	0.1515737901966571	-0.30820355724903314	0.42797129811502876	0.3950806426051786	0.70603086311661	0.9322790785114657	0.27579087752549036	0.16252325764276554	0.11770938346254343	-0.15271233234775283	0.4777588476332839	1.3807162425116468	0.23326193128684575	0.7388061159693884	0.16650722026839343	0.08048202372184055	0.10681268539488742	-0.1956334174567363	0.3565974649004174	0.7534875040759232	0.485705222844125	0.7877497068248037	0.11381876947465999
psvid_26469_sp|Q8NFQ8|TOIP2_HUMAN	Q8NFQ8	TOIP2_HUMAN	0.03707677158519118	0.09425938301298314	-0.19182621872156894	0.26597976189195127	0.3933483373223893	0.7072453697194983	0.9325482019309281	0.1337067017619295	-0.050527965371589545	0.12958813420238502	-0.397575844983146	0.29651991423996693	-0.38991197521740073	0.714720188191441	0.9513860308426689	0.1906730844606304	-0.13142988327956817	0.11659001170568625	-0.4328201385672784	0.16996037200814207	-1.1272825292388076	0.3116921451464853	0.6810157109210588	0.1417835381888081
psvid_81261_sp|P30086|PEBP1_HUMAN	P30086	PEBP1_HUMAN	0.029146108517225322	0.07413145555461241	-0.15087747438598753	0.20916969142043818	0.39316789747576825	0.7073719287817528	0.9325482019309281	0.06229990093635571	0.2499998196632549	0.21670530891110232	-0.3303551520404834	0.8303547913669932	1.1536395712659295	0.3073444540144443	0.7858402699700607	0.353553135558603	-0.047270890359837336	0.08864044794217968	-0.276410306706663	0.18186852598698836	-0.5332880356231077	0.6170850715411698	0.8495498351393129	0.03649252956372919
psvid_35243_sp|P22897|MRC1_HUMAN	P22897	MRC1_HUMAN	-0.03225950928681165	0.08268120697129834	-0.2330456264131618	0.1685266078395385	-0.3901673725930259	0.7094779614479435	0.9338697632194262	0.09704471435633269	-0.057976970639103786	0.09908257629703979	-0.3233284105837114	0.20737446930550385	-0.585137900182314	0.5871140424709891	0.8948438526472344	0.12593369287234638	-0.13621677378583974	0.13143751567290388	-0.4759884731235017	0.2035549255518222	-1.0363614458814754	0.3483647328143615	0.6990333245481015	0.17931399458587913
psvid_62039_sp|P50440|GATM_HUMAN	P50440	GATM_HUMAN	-0.032070549907074586	0.08258565595479436	-0.23262462739232503	0.16848352757817586	-0.3883307523116281	0.7107684442813827	0.9338697632194262	0.09670815186136898	0.09213261537239514	0.1321399308440939	-0.26174918942186265	0.44601442016665294	0.6972352322561631	0.5206953956481044	0.8667313206910913	0.19575153094448172	0.012496434259768208	0.14784679788261804	-0.3696939738671015	0.3946868423866379	0.08452286041182756	0.9359794223458329	0.9963964473527942	0.21714161648667862
psvid_49097_sp|Q14103|HNRPD_HUMAN	Q14103	HNRPD_HUMAN	-0.031875587412880435	0.08224406247804762	-0.23160012659862977	0.1678489517728689	-0.38757311412466505	0.7113010955431416	0.9338697632194262	0.09549847468070989	0.09227503285540584	0.10957277126331678	-0.20117002802267808	0.38572009373348976	0.8421346999945601	0.4429925440973975	0.8302945969368365	0.14930102704160472	0.011186595707520675	0.13978944200047153	-0.3501751967366076	0.3725483881516489	0.08002461092507215	0.9393775699885274	0.9963964473527942	0.1989130185876391
psvid_37445_sp|P22059|OSBP1_HUMAN	P22059	OSBP1_HUMAN	-0.028713860584725914	0.0742681777898384	-0.20906946484734382	0.151641743677892	-0.3866240082795546	0.7119686068207592	0.9338697632194262	0.06296874113538845	0.034805445038243565	0.12671351652326346	-0.3045439676081587	0.37415485768464585	0.2746782347552765	0.7959649043009217	0.9691035211978557	0.18490905931708607	-0.0504978073191813	0.1360211201586367	-0.40211832377147033	0.30112270913310774	-0.3712497534227586	0.7259349509124217	0.896040644379517	0.19017159213431006
psvid_22022_sp|P84103|SRSF3_HUMAN	P84103	SRSF3_HUMAN	0.042056083365692665	0.10908230031019406	-0.22284343042705324	0.30695559715843856	0.38554452231112696	0.7127281528268171	0.9338697632194262	0.1741382871183109	0.07236945285141472	0.1756895566990829	-0.39814189834287445	0.5428808040457038	0.41191664553726137	0.6996557111341783	0.9467288500495482	0.27876403129229765	-0.007647079958355452	0.20742550520509542	-0.5438510399061267	0.5285568799894158	-0.0368666329186195	0.9720435316917654	1.0	0.34119854870089583
psvid_78667_sp|Q9BY49|PECR_HUMAN	Q9BY49	PECR_HUMAN	-0.031374276410082835	0.08158615171719508	-0.22950112064281727	0.1667525678226516	-0.3845539438952407	0.7134254574178566	0.9338697632194262	0.09313894249005049	0.12996609864618902	0.1624316483820566	-0.30503946339673726	0.5649716606891153	0.8001279303679469	0.46455383043635384	0.8337187464473949	0.25404239141085705	0.04962826451069646	0.17330412031966483	-0.39837043024377367	0.4976269592651666	0.28636517365631925	0.7862903161471331	0.9267634876640898	0.27185386074770207
psvid_41268_sp|Q6UXB4|CLC4G_HUMAN	Q6UXB4	CLC4G_HUMAN	0.03492928390980499	0.09091410947303555	-0.18584991975406343	0.25570848757367337	0.38420091350248287	0.7136740413746346	0.9338697632194262	0.12377183183779376	0.023559350697453407	0.11303318958610718	-0.2791530003448505	0.32627170173975734	0.20842861095683943	0.8441774206783322	0.9778892202407429	0.15669784406805254	-0.05626663890869321	0.12026383842008752	-0.36715389617056315	0.25462061835317673	-0.46785999555536445	0.6599198959680154	0.8651228052658235	0.15149287271043332
psvid_82089_sp|Q9UNM6|PSD13_HUMAN	Q9UNM6	PSD13_HUMAN	0.039391201491422834	0.10266886506650584	-0.2099336877017032	0.28871609068454884	0.38367231843759436	0.7140463195114095	0.9338697632194262	0.15721363345577216	-0.14538359815072477	0.29312287061869113	-0.9303912019718863	0.6396240056704368	-0.4959817630192596	0.6436327307890715	0.9190364020538448	0.48936317161150533	-0.22672264890212945	0.24891876862954088	-0.8701885009559113	0.41674320315165236	-0.9108298669095326	0.4048930242146079	0.745286180020441	0.4223507992937959
psvid_21038_sp|P62879|GBB2_HUMAN	P62879	GBB2_HUMAN	-0.031668314699109246	0.08261070307393062	-0.23228321753973113	0.16894658814151264	-0.3833439678000124	0.7142776129435395	0.9338697632194262	0.09679645165944381	0.030669137186786433	0.14175112640460358	-0.34895225449432005	0.4102905288678929	0.2163590368886861	0.8383584780428572	0.9778892202407429	0.21460093095075594	-0.04982191485640808	0.1709241829480296	-0.4916683679092769	0.39202453819646077	-0.2914854644737819	0.7825952266937102	0.9233497638688378	0.26687755236588745
psvid_104389_sp|P62304|RUXE_HUMAN	P62304	RUXE_HUMAN	-0.04206378456950155	0.11027312785960858	-0.3098551482586457	0.22572757911964259	-0.3814509063627359	0.7156117476306786	0.9338697632194262	0.17720839868089625	-0.31509748085517586	0.2041054425033601	-0.861708954767931	0.23151399305757925	-1.5437975440071303	0.19098842996437435	0.7176098719675167	0.33078750177377164	-0.396240625180289	0.20933874222797225	-0.9373903861131941	0.1449091357526161	-1.8928203206111678	0.11801481135498415	0.5319320213874119	0.3450011099201671
psvid_47223_sp|P60953|CDC42_HUMAN	P60953	CDC42_HUMAN	-0.03225668652631963	0.08461356377586439	-0.2377354107626045	0.17322203770996522	-0.38122358977533927	0.7157720225862378	0.9338697632194262	0.10369483466156774	0.07758510010945363	0.17522506363366064	-0.39168229974282986	0.5468524999617371	0.44277398735411033	0.6788022850147121	0.9374966464486023	0.27790366381295784	-0.0040712708968728695	0.16517972102495346	-0.43106803982879904	0.4229254980350533	-0.02464752253854351	0.9813066311094676	1.0	0.2547655221169607
psvid_24065_sp|P27105|STOM_HUMAN	P27105	STOM_HUMAN	-0.028909364340910848	0.07594791256025185	-0.2133440989731485	0.1555253702913268	-0.3806472537079429	0.7161784526375302	0.9338697632194262	0.07076029727396657	0.07746676137175745	0.09686113069914376	-0.18193546116056608	0.336868983904081	0.7997713924316419	0.4647402205245035	0.8337187464473949	0.12074894397760898	-0.0032004590846137493	0.1313593933789413	-0.34277020889180926	0.33636929072258176	-0.024364143304020664	0.9815215023491034	1.0	0.17912656179235661
psvid_52632_sp|Q99460|PSMD1_HUMAN	Q99460	PSMD1_HUMAN	0.030332989819548573	0.0797428280465802	-0.16331745867602238	0.22398343831511952	0.3803851777344811	0.7163633011197981	0.9338697632194262	0.08629506888203707	0.09018589852256298	0.12520362842464564	-0.2451199073051959	0.42549170435032185	0.7203137773027223	0.5076946457518636	0.8592561599928342	0.1818618172722734	0.009491962549755484	0.1272482069294621	-0.3194501913303398	0.3384341164298508	0.07459407703102013	0.9434819526390749	0.9963964473527942	0.16913649171461093
psvid_46097_sp|Q16531|DDB1_HUMAN	Q16531	DDB1_HUMAN	-0.029730673059034096	0.07821381594305306	-0.2196680117131754	0.1602066655951072	-0.3801204774445578	0.7165500218258221	0.9338697632194262	0.08030879602268795	-0.2703935508101285	0.17845586868042668	-0.7483133172376368	0.20752621561737983	-1.5151844139928008	0.19781408480130264	0.7245364361573173	0.28388023938985824	-0.3514699683049556	0.21093116667010092	-0.8967362157371596	0.1937962791272484	-1.666278027346519	0.1576246679467815	0.5664090740980359	0.3481606220949296
psvid_23094_sp|P11215|ITAM_HUMAN	P11215	ITAM_HUMAN	0.037059137259614516	0.0976263155514865	-0.20002023720741954	0.2741385117266486	0.37960192444290436	0.7169158731056448	0.9338697632194262	0.143336609198679	1.0146918843898316	0.18394546954232974	0.5220705069640366	1.5073132618156266	5.516264613172925	0.003951111977948329	0.5727769937574851	0.29399591960808946	0.9342413985415515	0.17109993917853986	0.491940607982348	1.376542189100755	5.460208828985536	0.0029672154297243005	0.39647783251920843	0.26724584526382894
psvid_82667_sp|P32929|CGL_HUMAN	P32929	CGL_HUMAN	-0.05366101363344811	0.14177321583914984	-0.3979483621568009	0.2906263348899047	-0.3784989521175123	0.717694317653894	0.9341418102796716	0.25335459701567703	-0.1016973759466997	0.08668045510690697	-0.33383489635914443	0.13044014446574503	-1.1732446007727078	0.30017646578093937	0.7858402699700607	0.09534058190376499	-0.18527042565960972	0.10656214284346473	-0.4607382034369311	0.09019735211771168	-1.7386139271970547	0.14368980502739695	0.5556992839403372	0.11304764951415405
psvid_38408_sp|Q9P035|HACD3_HUMAN	Q9P035	HACD3_HUMAN	-0.04637368978403522	0.12295954412948244	-0.3449732184284971	0.25222583886042665	-0.37714591504341827	0.7186497542331468	0.9342893424395368	0.20885738414142108	0.1377070298501084	0.1353959299804717	-0.2248946134019839	0.5003086731022007	1.017069197500767	0.3616585937629635	0.7995936304778763	0.20218363807179648	0.05675060634742435	0.16627157094189465	-0.3730686421467603	0.486569854841609	0.3413127453234711	0.7469922592510158	0.9067810180260121	0.2570792478255819
psvid_67945_sp|P46952|3HAO_HUMAN	P46952	3HAO_HUMAN	-0.040454264005571616	0.107528340740083	-0.30158008460147967	0.22067155659033644	-0.37621955037284055	0.7193042188457156	0.9342893424395368	0.17010041494181022	0.4513515617449779	0.18306634832804314	-0.038915455420770295	0.9416185789107261	2.465508084184784	0.06349472079160674	0.6917486752637665	0.29237913326661147	0.3729632740824186	0.19181178375975025	-0.12287853628187967	0.8688050844467168	1.9444231567627033	0.11051995284554221	0.5319320213874119	0.30986711913761433
psvid_86564_sp|Q6P1A2|MBOA5_HUMAN	Q6P1A2	MBOA5_HUMAN	-0.0919847205620492	0.2460401806932259	-0.689477843220593	0.5055084020964946	-0.3738605633554624	0.7209719811178454	0.9342893424395368	0.48079904521159467	-0.013173683524707158	0.17418433826260477	-0.47965393364676295	0.45330656659734864	-0.07563070053316835	0.9430233862811038	1.0	0.2759745593484088	-0.09236411624248686	0.18925508065059662	-0.5815967377792906	0.3968685052943168	-0.4880403523380691	0.6465376684984002	0.8611859526823188	0.3046791861868083
psvid_81588_sp|Q9NRP2|COXM2_HUMAN	Q9NRP2	COXM2_HUMAN	0.0626920237457691	0.16802723324831023	-0.3453515567878738	0.470735604279412	0.37310632647936887	0.7215055663458442	0.9342893424395368	0.31269074512998724	0.014855010871945407	0.3084070258778403	-0.8110848411599779	0.8407948629038687	0.048166901612123	0.9636881152357565	1.0	0.5162275446867038	-0.06575860145844847	0.29533817525721723	-0.8292206402279151	0.6977034373110181	-0.22265527103354554	0.8327712988630764	0.9520942959775506	0.5109350214797113
psvid_83741_sp|O75844|FACE1_HUMAN	O75844	FACE1_HUMAN	-0.03397456032670121	0.09106332929181946	-0.2551161349465514	0.187167014293149	-0.3730871756053099	0.721519116862495	0.9342893424395368	0.12422399215825629	-0.021888166874942883	0.09242778199875827	-0.2694175101848174	0.22564117643493162	-0.23681371987523125	0.8234067521220801	0.9764997395041832	0.11006596127594148	-0.10264789856191281	0.12231746970398495	-0.41884388208485485	0.21354808496102923	-0.8391924621260267	0.4403041069382406	0.7710550916536703	0.1567811037544731
psvid_51227_sp|Q32P28|P3H1_HUMAN	Q32P28	P3H1_HUMAN	-0.02651294374449087	0.0713178546407479	-0.19970387357777317	0.14667798608879143	-0.3717574494920734	0.7224602551678826	0.9342893424395368	0.046811907012729505	0.04747592072320472	0.19497890429220954	-0.47469391928634874	0.5696457607327582	0.24349260190760874	0.8185433129543332	0.9751168687974395	0.3141945971554795	-0.03519466394569881	0.22549991357277677	-0.618121756282041	0.5477324283906434	-0.15607395758198486	0.8821898838002595	0.9687449624358292	0.3768588880963653
psvid_30046_sp|Q5XXA6|ANO1_HUMAN	Q5XXA6	ANO1_HUMAN	-0.03206557912381314	0.0863156330720224	-0.2416776717224416	0.17754651347481532	-0.3714921385915965	0.722648097191751	0.9342893424395368	0.10933441782484118	-0.41962345970819337	0.4518770733325729	-1.6297881179957032	0.7905411985793165	-0.928623035936498	0.4010875622730522	0.8101536433552932	0.7661573560389776	-0.5	0.4003034484501012	-1.5348018389901457	0.5348018389901457	-1.2490524424306233	0.2679028939495362	0.6615981931972204	0.7071067811865476
psvid_41130_sp|P11712|CP2C9_HUMAN	P11712	CP2C9_HUMAN	0.034166684715647655	0.09206499494651485	-0.18940737202235702	0.25774074145365233	0.37111482747049285	0.7229152724033354	0.9342893424395368	0.1272363157316389	0.1037593597916393	0.10838797851366277	-0.186512726847118	0.3940314464303966	0.9572958294314898	0.38792952197330244	0.8083919374262081	0.14673789384048652	-0.011754006991585797	0.15089407510772265	-0.40182175938980796	0.37831374540663637	-0.07789574894305598	0.9409863105481502	0.9963964473527942	0.22389619520863946
psvid_82327_sp|O15173|PGRC2_HUMAN	O15173	PGRC2_HUMAN	0.03644526104188106	0.09821213085080817	-0.20205672907885094	0.2749472511626131	0.3710871633285733	0.7229348631437635	0.9342893424395368	0.14497977768531556	-0.11925442200858738	0.14376716643490345	-0.504274937784149	0.26576609376697424	-0.8294969217647116	0.4493960523814598	0.8337187464473949	0.21850607615619905	-0.19487424237686723	0.1735909113025512	-0.6436143043057787	0.2538658195520443	-1.122606252335535	0.31349338753677747	0.6810157109210588	0.2724519803802417
psvid_36218_sp|P56199|ITA1_HUMAN	P56199	ITA1_HUMAN	0.025463635986620936	0.06897146344444324	-0.14202923022587982	0.1929565021991217	0.3691908901879686	0.7242782788249615	0.9351892637783588	0.028845223459748257	0.13537039481878477	0.07068724007077817	-0.05393595589881911	0.32467674553638864	1.9150612569289767	0.1213895880644169	0.7048513307479977	0.04116568813265013	0.05036496859217188	0.09963890508916672	-0.2072059382297482	0.30793587541409195	0.5054749301701011	0.6350972437189872	0.855841807476696	0.09004526715787728
psvid_24684_sp|Q9P2B2|FPRP_HUMAN	Q9P2B2	FPRP_HUMAN	0.03101937777893493	0.08417859951049823	-0.17340306306320566	0.23544181862107552	0.36849481886505353	0.724771679428228	0.9351892637783588	0.10222250282458477	-0.045245548439266425	0.12297407254924313	-0.3745804168521421	0.28408931997360926	-0.3679275435978468	0.7299246564850291	0.954978328674412	0.17733547521052376	-0.13061438952880178	0.1557338549352069	-0.5331931834510951	0.27196440439349157	-0.8387026031246958	0.4405542089825131	0.7710550916536703	0.23449050787072126
psvid_50686_sp|P41091|IF2G_HUMAN	P41091	IF2G_HUMAN	0.026354497735731286	0.07173648803996084	-0.14785305700914125	0.20056205248060383	0.3673792578339004	0.7255627294844332	0.9354739593981686	0.04938275677926355	-0.0037423399067790797	0.10802225751660134	-0.2930349950772094	0.28555031526365127	-0.034644155684340705	0.9738766146577137	1.0	0.14594332386885905	-0.08334343628952112	0.12785424411157972	-0.4138522226654889	0.24716535008644663	-0.6518628839320065	0.5437731006596708	0.8166555724192858	0.17062553234077749
psvid_84456_sp|O75306|NDUS2_HUMAN	O75306	NDUS2_HUMAN	-0.03827321225774938	0.1044735956879899	-0.2919807763926261	0.21543435187712734	-0.366343400030494	0.7262975916248253	0.935685821103467	0.16204896473570685	0.07515936893500053	0.11937115180388588	-0.24452657588791188	0.39484531375791293	0.6296275758357378	0.5601142154469508	0.8801883872359172	0.16994785527263792	-0.007258906253542641	0.10423474616858722	-0.27671026231741724	0.26219244981033196	-0.06963998590069216	0.9472279889388454	0.9970116237574381	0.10570856851605578
psvid_41346_sp|Q8IVS8|GLCTK_HUMAN	Q8IVS8	GLCTK_HUMAN	-0.05725061604026216	0.1569993171606383	-0.4385135951246845	0.3240123630441602	-0.36465519134509716	0.7274959261579664	0.936493970878387	0.2880521224083995	-0.05332664536996612	0.16597956284134413	-0.49783381956062145	0.3911805288206892	-0.3212844066889113	0.7626615107468308	0.9665627003629799	0.2606936804137611	-0.13447356176609437	0.1589884321919389	-0.5454655795650278	0.27651845603283914	-0.8458072069278039	0.43693748381472264	0.7710550916536703	0.24153195811205347
psvid_20634_sp|Q9NVJ2|ARL8B_HUMAN	Q9NVJ2	ARL8B_HUMAN	0.07078936346980136	0.19480450200376762	-0.402281132098154	0.5438598590377568	0.36338669148638186	0.7283968927089788	0.9365082299919392	0.37134325653095174	-0.0543625511783552	0.15277663187309007	-0.46351117016337506	0.35478606780666466	-0.35583027660613437	0.7383543220761352	0.9568385344346946	0.23578639063918047	-0.11560888737364561	0.19527923296768282	-0.6204142048745076	0.3891964301272164	-0.5920183401825322	0.580050893191146	0.8354268899587258	0.3168752408036765
psvid_93107_sp|O00187|MASP2_HUMAN	O00187	MASP2_HUMAN	-0.07365149821744055	0.20333278985033224	-0.5674324050768274	0.4201294086419462	-0.3622214512064356	0.7292249342845261	0.9365082299919392	0.38976542674909104	0.33197478343456144	0.29663676387698157	-0.46244332090794027	1.126392887777063	1.1191289275668976	0.32033849466818837	0.7989546524742849	0.4955457105847356	0.25	0.28373143354571784	-0.48345810621718344	0.9834581062171834	0.881114922219985	0.4193010054852124	0.7589996125780887	0.48893800808485205
psvid_17976_sp|Q15365|PCBP1_HUMAN	Q15365	PCBP1_HUMAN	-0.031505284813722056	0.08704844474093934	-0.2428969645153519	0.17988639488790778	-0.3619281758276487	0.7294334039319822	0.9365082299919392	0.11170780726382797	-0.04981347077399789	0.08701864635440269	-0.28285669567913385	0.1832297541311381	-0.5724459395877236	0.5949666382459622	0.8961189640378836	0.09624153932240927	-0.13100837551970645	0.11635263905138624	-0.43178501216349374	0.16976826112408083	-1.1259596394874003	0.31220078583158667	0.6810157109210588	0.1411439919169722
psvid_47971_sp|P04839|CY24B_HUMAN	P04839	CY24B_HUMAN	0.0337678912978161	0.09351260430309141	-0.19332159382433978	0.260857376419972	0.3611052386945422	0.7300185086761523	0.9365082299919392	0.13152350688734235	-0.31649254979657915	0.23137612484980766	-0.9361371956285635	0.30315209603540516	-1.3678703885373775	0.23695597389213702	0.7394829141094656	0.37988882971928245	-0.3962406251802889	0.2331939739939131	-0.9990571986188296	0.20657594825825176	-1.6991889558459676	0.1511234823299298	0.565950376190691	0.3918822084148281
psvid_67334_sp|Q13217|DNJC3_HUMAN	Q13217	DNJC3_HUMAN	0.029952090093567918	0.0831057424702187	-0.17186498482274415	0.23176916500987998	0.36040939173729636	0.7305134072183095	0.9365082299919392	0.09853079589387888	0.0015160507122988776	0.13493323804660864	-0.35984646477899274	0.3628785662035905	0.011235561632154735	0.9915259774112171	1.0	0.201272702631669	-0.07894187565002575	0.11724124294603702	-0.38201559204138624	0.22413184074133474	-0.6733285460506467	0.5311316571147653	0.8138211960662557	0.14353009510273979
psvid_94812_sp|P62857|RS28_HUMAN	P62857	RS28_HUMAN	-0.07188589950120061	0.1997833742765956	-0.5570472736127675	0.4132754746103663	-0.35981922800881416	0.7309332526766354	0.9365082299919392	0.3821106551134497	0.015615859844808622	0.12825368746951998	-0.32785825962315246	0.3590899793127697	0.12175758960941996	0.908443649355852	0.9933197920610235	0.18800324125635293	-0.05197321291033319	0.1390380680656655	-0.41139267102654853	0.30744624520588215	-0.3738056320358757	0.724149547231373	0.896040644379517	0.19718216767281235
psvid_74056_sp|P26641|EF1G_HUMAN	P26641	EF1G_HUMAN	-0.042661398702062314	0.11962092702033253	-0.3331533054276701	0.24783050802354545	-0.3566382552344788	0.7331979562777883	0.937018319472492	0.20069138012382734	-0.4369405099629504	0.2166207294614161	-1.0170689708148042	0.14318795088890335	-2.017076163713949	0.10735864705767074	0.6931818156479528	0.3534008047211364	-0.519291965130615	0.2025491006492373	-1.0428902070372366	0.004306276776006479	-2.5637831195799508	0.051291804875444304	0.5036298607729148	0.331472841080873
psvid_59539_sp|P51570|GALK1_HUMAN	P51570	GALK1_HUMAN	-0.030946735229743005	0.08688493090427231	-0.2419413318509069	0.1800478613914209	-0.35618069678664255	0.7335239576551095	0.937018319472492	0.11118089034050713	-0.08901202885296033	0.0935941870103385	-0.33966510249917115	0.16164104479325048	-0.9510422783321787	0.3907683517019975	0.8101536433552932	0.11292503655682241	-0.16997626574289815	0.12554785317623982	-0.49452293115647944	0.15457039967068315	-1.353876322395503	0.2347699827272717	0.6353511083708343	0.164925837664601
psvid_56376_sp|Q96G23|CERS2_HUMAN	Q96G23	CERS2_HUMAN	0.03157434313153473	0.08898704513301756	-0.18452510584008322	0.24767379210315268	0.3548195479953009	0.7344941066306069	0.937018319472492	0.11784677460582943	0.24706828426355676	0.13316091315715592	-0.10954779669765091	0.6036843652247644	1.8554114597574731	0.1304859754077808	0.7067636245123187	0.19777400629587982	0.16630551815915373	0.1630983227788701	-0.255310745705786	0.5879217820240934	1.019664183699988	0.3554840199226321	0.6990333245481015	0.250338788107439
psvid_33439_sp|Q6UX07|DHR13_HUMAN	Q6UX07	DHR13_HUMAN	-0.04032439832584256	0.1136597224881669	-0.31633989432579374	0.23569109767410862	-0.35478177707182706	0.734521035198834	0.937018319472492	0.18583452486304855	-0.5663979181691476	0.3503544910746456	-1.5046765961378281	0.37188075979953283	-1.6166423796419165	0.17465993762011903	0.7176098719675167	0.5896495731812722	-0.646240625180289	0.3689167956825866	-1.5999066005416762	0.30742535018109807	-1.7517245968283588	0.1413005742784268	0.5556992839403372	0.6488400676924058
psvid_26171_sp|Q9HD45|TM9S3_HUMAN	Q9HD45	TM9S3_HUMAN	-0.06057897782946409	0.17083181977331635	-0.4754333205559756	0.3542753648970474	-0.3546117925211403	0.7346422298152444	0.937018319472492	0.31890432611205044	-0.35771482281863465	0.23884111778332642	-0.9973513451047308	0.2819216994674615	-1.497710386463477	0.20210153782182672	0.7245364361573173	0.39322960987099537	-0.4390164233401881	0.22699897689886522	-1.0258186596269636	0.14778581294658744	-1.9340017710114303	0.11199270176940132	0.5319320213874119	0.3797925436461719
psvid_68313_sp|P07900|HS90A_HUMAN	P07900	HS90A_HUMAN	-0.03418767038597981	0.0965775521463142	-0.26872018880648985	0.2003448480345302	-0.3539918917616153	0.7350842735663283	0.937018319472492	0.14037208145059563	0.03259961944189671	0.08391890329011312	-0.19214223385677526	0.2573414727405687	0.3884657468556006	0.7157157481763088	0.9513860308426689	0.08778113454195985	-0.04859165008064892	0.09706138730958903	-0.2994995612459896	0.20231626108469175	-0.5006280193137975	0.6382663313645466	0.8573879043294115	0.08030594033952596
psvid_97357_sp|O95154|ARK73_HUMAN	O95154	ARK73_HUMAN	-0.030775200275305004	0.08702257070005141	-0.24210404649403638	0.18055364594342638	-0.3536461865896915	0.7353308397323763	0.937018319472492	0.11162452895960479	-0.2199282375971383	0.23483360408334064	-0.8488323024660896	0.40897582727181303	-0.9365279660703392	0.39742368194620886	0.8101536433552932	0.3860723171086158	-0.29958673684244896	0.2623541409158874	-0.9777836110826701	0.37861013739777216	-1.1419173175486437	0.3061134231839743	0.6793315480672771	0.44817277283563806
psvid_82849_sp|P05177|CP1A2_HUMAN	P05177	CP1A2_HUMAN	-0.028174398294400937	0.08017190720425298	-0.2228668385697831	0.16651804198098122	-0.3514248229447925	0.7369159932399375	0.9376342030584985	0.0879214759974119	-0.09969427885689441	0.08246163572759416	-0.32053344754086965	0.1211448898270808	-1.2089777019003964	0.2875026051869323	0.7858402699700607	0.0836247530996429	-0.08181698020582573	0.15792884490131154	-0.4900699187358769	0.32643595832422545	-0.5180622973399983	0.6269087239809169	0.8518063855250239	0.23924633147440574
psvid_89575_sp|Q9NX14|NDUBB_HUMAN	Q9NX14	NDUBB_HUMAN	-0.03829539470156096	0.10915704693388756	-0.30337642597439074	0.22678563657126882	-0.350828423608373	0.737341821054153	0.9376342030584985	0.17433159614925792	0.2766996395937307	0.12293980629376129	-0.05254346091631662	0.605942740103778	2.2506920088402	0.0813893765939825	0.6917486752637665	0.1772656505414254	0.1944018946658881	0.13808976124009648	-0.1625661490275308	0.5513699383593069	1.4077936910027804	0.2192574851729644	0.6210915066177928	0.19498925898051936
psvid_47688_sp|Q14534|ERG1_HUMAN	Q14534	ERG1_HUMAN	-0.02540576925285265	0.07249222161197474	-0.20144857550245193	0.15063703699674663	-0.35046200389389026	0.7376034942589001	0.9376342030584985	0.05374719526652868	-0.02214711122914803	0.14892549930538637	-0.42098207457006975	0.3766878521117737	-0.14871268743395785	0.8883402676730646	0.9863764651210738	0.22843204958487862	-0.1020997839637856	0.1748328208739226	-0.5540502361935811	0.34985066826600986	-0.5839852234461912	0.5850342105931069	0.8361268016786402	0.27503833897376184
psvid_46256_sp|P08195|4F2_HUMAN	P08195	4F2_HUMAN	-0.044200824593095156	0.12637277699727933	-0.3510891748389504	0.2626875256527601	-0.3497653976065332	0.7381010708222693	0.9376342030584985	0.2171075635999154	-0.17360601465813064	0.251010864953801	-0.8458341393846622	0.49862211006840096	-0.6916274906669205	0.5238896802925821	0.8667313206910913	0.4149047620292808	-0.2544804769993154	0.2761598347161834	-0.9683656706592029	0.45940471666057203	-0.9214970644114543	0.3998174675771003	0.7408039472854556	0.4745395102560957
psvid_83035_sp|O43920|NDUS5_HUMAN	O43920	NDUS5_HUMAN	0.05050537279331824	0.14536683630408878	-0.30250885727920396	0.40351960286584043	0.34743394076257855	0.7397674025657892	0.9384245217566226	0.26162878768844505	-0.20929041485718036	0.42365332003551137	-1.3438694973764067	0.925288667662046	-0.49401339481922923	0.6449153109545995	0.9190364020538448	0.7172091437269335	-0.29248125036057804	0.4081412011115592	-1.3475440211489111	0.7625815204277551	-0.7166178017902013	0.5062475453649095	0.8011594268696475	0.7216198808155333
psvid_28685_sp|Q9BQE4|SELS_HUMAN	Q9BQE4	SELS_HUMAN	-0.048605363533786416	0.1399546036997596	-0.3884763267211853	0.2912655996536125	-0.3472937813325387	0.7398676259947031	0.9384245217566226	0.24914415597120027	0.12439194362332184	0.15441453363444527	-0.28914311349346866	0.5379270007401123	0.8055714750128528	0.4617151403821486	0.8337187464473949	0.23890089027309638	0.04248125036057815	0.18243704628929627	-0.4291264555711053	0.5140889562922616	0.23285429809696803	0.8252717279001532	0.951671010291804	0.29075150516342774
psvid_74785_sp|P62495|ERF1_HUMAN	P62495	ERF1_HUMAN	0.035689966889989044	0.10302137508904412	-0.21449097074831935	0.28587090452829744	0.3464326394317806	0.7404835223414794	0.9384798892117668	0.15816303155408193	-0.31438294092933283	0.2387643471261502	-0.953813864964066	0.3250479831054003	-1.316708062628923	0.2522337764966495	0.7500761027641372	0.3930925963860393	-0.39735210143808697	0.2571806184295478	-1.0621751948536635	0.2674709919774896	-1.5450312852674697	0.18407153026230197	0.5839936028916655	0.438250127618044
psvid_79206_sp|Q13131|AAPK1_HUMAN	Q13131	AAPK1_HUMAN	0.02563648741942881	0.07450287267395928	-0.15528905862582912	0.20656203346468674	0.3441006567843315	0.7421524270787854	0.9392450493860913	0.06410339780816092	-0.07123619731237163	0.19614602564513328	-0.5965316860803908	0.4540592914556475	-0.3631794071690849	0.7332280247745582	0.9557754279510252	0.31632192463252207	-0.15050900352002472	0.20800469724296158	-0.6882102000972403	0.3871921930571909	-0.7235846378229692	0.5023197012139974	0.7992416388798445	0.34235045850329726
psvid_86377_sp|Q9Y3A6|TMED5_HUMAN	Q9Y3A6	TMED5_HUMAN	-0.02742569886866253	0.07972851521495665	-0.22104138955176258	0.16618999181443753	-0.3439885816852339	0.7422326731733989	0.9392450493860913	0.08624043997837108	-0.030636750318357553	0.2122029340889184	-0.5989339850628225	0.5376604844261074	-0.14437477243137448	0.8915693512817983	0.987992541489815	0.3454353925275858	-0.11160541677066738	0.2302233116948806	-0.7067426988567113	0.4835318653153765	-0.4847702691314778	0.6486960531375883	0.8619290548808392	0.3860915486691208
psvid_48096_sp|P05386|RLA1_HUMAN	P05386	RLA1_HUMAN	0.03429377716616244	0.10025894786575078	-0.2091787794950548	0.2777663338273797	0.34205203521667377	0.743619802032376	0.939458978874767	0.15065411034557247	0.07966233768261244	0.08010360187894455	-0.13486181881090975	0.2941864941761346	0.9944913314010653	0.371398910927776	0.801546448152564	0.07659464624010927	0.11419122469090492	0.17464112606587284	-0.33726368811582835	0.5656461374976383	0.6538621644470682	0.5425873184889447	0.8166555724192858	0.2746395121147306
psvid_38020_sp|O95870|ABHGA_HUMAN	O95870	ABHGA_HUMAN	-0.03098698790013188	0.09069291140574555	-0.2512290259531689	0.18925505015290517	-0.34166934791078724	0.7438940412627196	0.939458978874767	0.12309988427126012	-0.29207587045616057	0.19898610814254544	-0.8249773380795388	0.24082559716721763	-1.4678204080805957	0.20965003555330003	0.7258795267620202	0.3214917844017531	-0.37519184332618205	0.23115883436503218	-0.9727474922367887	0.2223638055844246	-1.6230910852133023	0.1665821068770115	0.5739383514249976	0.38791644054590924
psvid_73367_sp|O96005|CLPT1_HUMAN	O96005	CLPT1_HUMAN	-0.04364515118848722	0.1284055047270985	-0.3554698530309892	0.2681795506540148	-0.3399009355653926	0.7451618413182048	0.939458978874767	0.22197819233461066	-0.1467366952302136	0.07797176361673885	-0.3555516102632653	0.06207821980283809	-1.88192094706849	0.1263574946584825	0.7048513307479977	0.06983231067053247	-0.2293906453518959	0.10279804981772354	-0.49512807881105564	0.03634678810726383	-2.2314688436078325	0.07702265544476737	0.5170253689101321	0.10099973102791801
psvid_86071_sp|Q9Y5C1|ANGL3_HUMAN	Q9Y5C1	ANGL3_HUMAN	0.03507125856167281	0.10348480221570043	-0.21623508274139636	0.286377599864742	0.33890250366011615	0.7458780155409747	0.939458978874767	0.15940745197129227	-0.6576801858752348	0.12457308507432455	-0.9912973437872027	-0.3240630279632669	-5.279472572127762	0.00469174405734339	0.5727769937574851	0.18058502016527542	-0.7398395038756633	0.11914169764291474	-1.0478259783830501	-0.43185302936827663	-6.209744518607344	0.0016903505310742629	0.39647783251920843	0.14856301273988895
psvid_63021_sp|O75955|FLOT1_HUMAN	O75955	FLOT1_HUMAN	0.028700543110646848	0.0847000721000597	-0.17698826115652475	0.23438934737781844	0.3388490989327814	0.7459163304924332	0.939458978874767	0.10398607131009242	-0.1604311218261416	0.1132836024081039	-0.46381409938403206	0.14295185573174884	-1.4161901494638993	0.22334808519338034	0.7302695962541623	0.15722829494273835	-0.24088101127055128	0.14505733045001815	-0.6158605246618556	0.13409850212075308	-1.6605917848016012	0.15877599731420192	0.5685428724788016	0.21089516780775797
psvid_50204_sp|O60488|ACSL4_HUMAN	O60488	ACSL4_HUMAN	-0.05497021654883216	0.16229776538057827	-0.44910014428878237	0.33915971119111804	-0.3386997745774896	0.7460234666914087	0.939458978874767	0.29993357774883217	0.0015418614509372652	0.14030207574865916	-0.37419885117964863	0.37728257408152316	0.010989584029386682	0.9917114880008043	1.0	0.21178441875666612	-0.08009189522493654	0.17349481523138408	-0.52858354462693	0.368399754177057	-0.4616385516657701	0.6640752462650218	0.8667518703711972	0.2722516025659661
psvid_81665_sp|P11766|ADHX_HUMAN	P11766	ADHX_HUMAN	-0.042142213772620174	0.12462253607013025	-0.3447802138763944	0.26049578633115406	-0.33815885233554394	0.746411615532818	0.939458978874767	0.21288873885125267	0.4428239654974657	0.13096136583525705	0.09209845653089854	0.7935494744640329	3.381332827992314	0.023884662993021468	0.6392260310717692	0.1934102927032952	0.36104596123458976	0.12195992229091744	0.04577425333805307	0.6763176691311265	2.96036562218667	0.03222681367234633	0.48232346954803157	0.1558669301162013
psvid_48547_sp|O60884|DNJA2_HUMAN	O60884	DNJA2_HUMAN	0.023679815877928334	0.07062713383453235	-0.14783374186829015	0.19519337362414682	0.3352792983700317	0.7484792534560927	0.9400291200043054	0.04226682929272375	0.04716970176157309	0.08392535602742554	-0.1775894325081982	0.2719288360313444	0.5620435109760957	0.6014515024962396	0.9024707339343225	0.0877992593646253	-0.03609747733379365	0.11501941739449346	-0.3334276779609147	0.2612327232933274	-0.3138381166545694	0.7665419438612439	0.9182825331865887	0.1375215834099627
psvid_40268_sp|Q9NP73|ALG13_HUMAN	Q9NP73	ALG13_HUMAN	0.035989412079485916	0.10776871101911936	-0.22572013263908813	0.29769895679805997	0.33395047355721824	0.7494341735021893	0.9400291200043054	0.1707274279395667	0.6620492112504697	0.27601485198058096	-0.07714168543731725	1.4012401079382566	2.3985999539512033	0.06855122248555542	0.6917486752637665	0.4592019274306401	0.5804820237218405	0.28059922435721013	-0.14487918540160316	1.3058432328452843	2.068722837889501	0.09443581888679525	0.5204027816531388	0.4829866058521908
psvid_58869_sp|P21589|5NTD_HUMAN	P21589	5NTD_HUMAN	-0.03181683118794876	0.09556133773276775	-0.2638815367433823	0.20024787436748476	-0.33294669102396673	0.7501558323821939	0.9400291200043054	0.13747009611979932	-0.3355506193441724	0.08130143765042012	-0.5532826803821357	-0.11781855830620913	-4.12724090792801	0.011881260579946089	0.6219650821978125	0.0802173628111326	-0.41795322866023876	0.11757344880674075	-0.7218857116620557	-0.1140207456584218	-3.5548266458292117	0.016817494151013298	0.4566206351594144	0.14441661383651566
psvid_75605_sp|Q08830|FGL1_HUMAN	Q08830	FGL1_HUMAN	-0.024842226928676325	0.07465900294511453	-0.20614692552938774	0.15646247167203509	-0.332742548771232	0.7503026320084027	0.9400291200043054	0.06484917261030118	-0.04127301324849686	0.07429712420721114	-0.24024693610072137	0.15770090960372765	-0.555512931205633	0.6055449383493252	0.902812453538994	0.05685475386784054	-0.12168052887136782	0.08765246045434828	-0.34826595455619547	0.1049048968134598	-1.3882157812870781	0.22477471001928584	0.6245667201490522	0.02759949982422646
psvid_30645_sp|Q9Y6B6|SAR1B_HUMAN	Q9Y6B6	SAR1B_HUMAN	0.02875662289052805	0.08666749215425082	-0.18170993738563213	0.23922318316668822	0.33180402681257937	0.7509776737487109	0.9400291200043054	0.11047785766981663	-0.14053049000737516	0.09006204449683591	-0.3817241900979603	0.10066321008321	-1.5603741930632313	0.1871424457547639	0.7176098719675167	0.10414400989452337	-0.222296057582396	0.09144390666793446	-0.4586825367666173	0.014090421601825248	-2.430955387652373	0.06023907408170809	0.5036298607729148	0.05462425888019353
psvid_44469_sp|P83731|RL24_HUMAN	P83731	RL24_HUMAN	-0.043340860136576786	0.13067334511046036	-0.36067286988516234	0.27399114961200877	-0.3316733041458458	0.7510717164443177	0.9400291200043054	0.22737760910453672	-0.10366467633652299	0.15548440641295125	-0.5200649423825103	0.3127355897094643	-0.6667207260720399	0.5382426887100582	0.8696729157482714	0.24093119977370658	-0.18424139854155142	0.18773338574078818	-0.6695403724988789	0.301057575415776	-0.9813992211057317	0.3722583757858287	0.7148755694247765	0.3015827450145967
psvid_60593_sp|Q86U17|SPA11_HUMAN	Q86U17	SPA11_HUMAN	0.02570156987262351	0.07764982293931032	-0.1628661472017646	0.2142692869470116	0.33099328368992403	0.7515610023972289	0.9400291200043054	0.07801601644380833	-0.008805820434350409	0.18030422315174238	-0.4916756349815333	0.4740639941128325	-0.04883868098274942	0.963182166966493	1.0	0.28729155532815176	-0.08997398627159592	0.21443002837036224	-0.6442849435003829	0.46433697095719106	-0.4195960190621875	0.6925108061917242	0.8790364452034973	0.3550860156750281
psvid_108947_sp|O14949|QCR8_HUMAN	O14949	QCR8_HUMAN	-0.03139716210730281	0.09559219778734489	-0.26353680936665946	0.20074248515205387	-0.3284490035175169	0.7533927672415949	0.9400291200043054	0.13755866755204577	0.14079031471468717	0.1086316136757677	-0.15013424729866948	0.4317148767280438	1.296034459498166	0.2586697866667769	0.7643575678081337	0.14726632042958013	0.06025202487594905	0.1159707882741188	-0.23953751088707875	0.36004156063897685	0.519544842047051	0.6259482570062587	0.8518063855250239	0.1401118185180958
psvid_40790_sp|O15371|EIF3D_HUMAN	O15371	EIF3D_HUMAN	0.025288884596216477	0.0774752180617503	-0.16285481550163222	0.21343258469406517	0.32641256428682014	0.754860170144922	0.9400291200043054	0.07729586079592467	-0.1381133252645772	0.12998617146313882	-0.48622718200591675	0.21000053147676234	-1.0625232185082323	0.3427135935005666	0.7995936304778763	0.19146752527005917	-0.21813753522849688	0.1575687010345419	-0.6254594861863021	0.1891844157293084	-1.3843963540746407	0.22586627438469056	0.6248272214074682	0.23846798810564107
psvid_61195_sp|P09543|CN37_HUMAN	P09543	CN37_HUMAN	-0.026051055173891946	0.08000260052092434	-0.22033234480459496	0.16823023445681107	-0.3256276046561562	0.7554260885928111	0.9400291200043054	0.08728230540694128	0.04349510098995424	0.15312818988386354	-0.36659501979961234	0.4535852217795208	0.28404372194918565	0.7892285492995611	0.9673653369591033	0.2364555323307735	-0.03498256528611843	0.17468759425231692	-0.48655760037751616	0.4165924698052793	-0.20025786854440264	0.8493107156681153	0.959060261263668	0.2747362035570637
psvid_39566_sp|P55263|ADK_HUMAN	P55263	ADK_HUMAN	-0.09382071480110454	0.28899343211935236	-0.7956231102403135	0.6079816806381044	-0.32464652955281426	0.7561336291691353	0.9400291200043054	0.5710240985948876	-0.06428205224891315	0.29079149550501254	-0.8430460382052037	0.7144819337073774	-0.22105891417930096	0.8349156354147289	0.9778892202407429	0.48525901114750397	-0.14624062518028902	0.2505939554096967	-0.7940369079797188	0.5015556576191408	-0.5835760281655631	0.5852887611750481	0.8361268016786402	0.4255801616607517
psvid_49860_sp|O95782|AP2A1_HUMAN	O95782	AP2A1_HUMAN	-0.02924053824538131	0.09044879432439666	-0.24888975330170915	0.19040867681094653	-0.3232827862857901	0.757117573258109	0.9400291200043054	0.12235594749880314	-0.07422116981980231	0.1764097875705591	-0.5466613596250883	0.3982190199854837	-0.4207315866196816	0.693665632969043	0.9414690406320979	0.28009734443829815	-0.15436213018028755	0.2062961573170367	-0.6876466766782182	0.3789224163176431	-0.7482549950897207	0.48858376606252246	0.7909944485118824	0.33895053284594506
psvid_72297_sp|Q9HBI6|CP4FB_HUMAN	Q9HBI6	CP4FB_HUMAN	-0.035238073624405786	0.10917796315096631	-0.3003698986164621	0.22989375136765056	-0.322758115350441	0.7574962567251863	0.9400291200043054	0.17438567479696204	0.05200790734060279	0.07147502563772709	-0.13940819912185368	0.24342401380305925	0.727637477238639	0.503618068286189	0.8532372231294938	0.04498540246512406	0.008845606168269349	0.09586803270168837	-0.23897743139030073	0.2566686437268394	0.09226856877092843	0.9301317060610389	0.9931093736589217	0.07546937781131759
psvid_60363_sp|Q15293|RCN1_HUMAN	Q15293	RCN1_HUMAN	0.028039257539380635	0.08696018996266225	-0.18313810097733646	0.23921661605609773	0.32243785980021133	0.7577274385335742	0.9400291200043054	0.11142359612816088	-0.013232650812609048	0.0773621826743504	-0.22041505701443448	0.19394975538921638	-0.1710480541676387	0.8717559263322978	0.9814843470253816	0.06781095802679463	-0.06411714794375079	0.10425430425630491	-0.3336190625157166	0.20538476662821503	-0.6150072018716984	0.565937134401075	0.8298398456720806	0.10577166531683511
psvid_33532_sp|P10515|ODP2_HUMAN	P10515	ODP2_HUMAN	0.022247744586725737	0.06903539228027986	-0.14540036878761795	0.18989585796106942	0.32226578066509903	0.7578516679907497	0.9400291200043054	0.029469976598239477	-0.06203018964794982	0.11138704374443303	-0.36033402422074295	0.23627364492484332	-0.556888732860818	0.6046811493196763	0.902812453538994	0.15319502223889211	-0.13999483867315854	0.1148498417757227	-0.43688667894432637	0.1568970015980093	-1.2189380194927797	0.27818507526342173	0.6643263115070572	0.137057019898554
psvid_94523_sp|O96008|TOM40_HUMAN	O96008	TOM40_HUMAN	0.05508462936291458	0.17095730394132652	-0.3600744437827397	0.47024370250856884	0.3222127870115449	0.7578899273972544	0.9400291200043054	0.31918188847198325	0.29979092506509586	0.21831707503521655	-0.28488049134437454	0.8844623414745663	1.3731904617022594	0.23541929989606833	0.739050153505907	0.35645481693371006	0.21861727947903498	0.22517812653920585	-0.36347797936850856	0.8007125383265785	0.9708637461328706	0.3769899381877933	0.7180760727386539	0.3762287192679409
psvid_73585_sp|P51648|AL3A2_HUMAN	P51648	AL3A2_HUMAN	-0.023950296139037874	0.07433764201598421	-0.20447458991113338	0.15657399763305763	-0.3221826182472675	0.7579117084333665	0.9400291200043054	0.06330631763046349	4.440892098500626e-16	0.06648275985679548	-0.17804640047514844	0.17804640047514933	6.6797649617229355e-15	0.999999999999995	1.0	3.837369354665453e-15	0.031125566606435617	0.11125365319570296	-0.25646996964744706	0.3187211028603183	0.27977118694415876	0.7910583509840953	0.9299897459597966	0.1269795108726054
psvid_78879_sp|Q9Y5M8|SRPRB_HUMAN	Q9Y5M8	SRPRB_HUMAN	-0.023924813485253438	0.07435418526509568	-0.20448928149857526	0.15663965452806838	-0.3217682151980292	0.7582109207530618	0.9400291200043054	0.06338649442542665	0.14639127154662246	0.09654799719155616	-0.11217235321969043	0.40495489631293535	1.5162538406278352	0.1975546471105681	0.7245364361573173	0.12000980903881038	0.13305008304323707	0.08719352440739302	-0.09234897298325528	0.3584491390697294	1.52591702133279	0.18862198512246853	0.5907754673653401	0.022341533628132983
psvid_29058_sp|Q92820|GGH_HUMAN	Q92820	GGH_HUMAN	-0.04915839114974485	0.15337321701973786	-0.42161561383228674	0.32329883153279704	-0.32051483371714484	0.7591161796702122	0.9400291200043054	0.27986883241103805	0.08743917476522167	0.2622842332760453	-0.614979974752243	0.7898583242826863	0.3333756424206975	0.7541153604689145	0.9625045655840756	0.4349123461320574	0.005472702550051611	0.28935044958838935	-0.7425108047267143	0.7534562098268175	0.018913751673227785	0.9856545642160083	1.0	0.49959788011796125
psvid_58963_sp|P26885|FKBP2_HUMAN	P26885	FKBP2_HUMAN	0.028651857674375947	0.08945648784142382	-0.18858760342438585	0.24589131877313775	0.3202882022952435	0.7592799093696282	0.9400291200043054	0.11930541765412288	0.009872062461835363	0.3434087686740126	-0.9098053890415765	0.9295495139652472	0.028747263792808415	0.9783215026517456	1.0	0.5775186297168435	-0.08957897684118721	0.10370000439196861	-0.357648002135811	0.17849004845343658	-0.8638280911020381	0.4278657128389218	0.7652123980979626	0.10397325525503937
psvid_81860_sp|P03951|FA11_HUMAN	P03951	FA11_HUMAN	0.03264113032082516	0.10225298548845892	-0.21567382144241826	0.2809560820840686	0.31921933785013346	0.7600522925888324	0.9400291200043054	0.15609036727746006	-0.10330822869102452	0.31379939621094366	-0.9436893002196427	0.7370728428375937	-0.3292174234190629	0.7570498341526717	0.9641843542896003	0.5256894886074797	-0.18424139854155142	0.27234471769283203	-0.8882643486284393	0.5197815515453365	-0.676500723430042	0.5292804035680234	0.8138211960662557	0.46726852625686366
psvid_23035_sp|P17987|TCPA_HUMAN	P17987	TCPA_HUMAN	0.026129698362800546	0.08187008394036692	-0.17268665743738737	0.22494605416298846	0.31916051755648706	0.760094806082342	0.9400291200043054	0.0941621614951501	-0.10654660602924881	0.07961576016731901	-0.31976428155020525	0.10667106949170763	-1.3382602364824807	0.2456864927607305	0.7446968816629131	0.07508523413786805	-0.18872187554086728	0.09847315712136608	-0.4432792731223605	0.06583552204062593	-1.916480399915193	0.1145149801410194	0.5319320213874119	0.0857460879126107
psvid_66619_sp|P55899|FCGRN_HUMAN	P55899	FCGRN_HUMAN	0.03722837014193203	0.11717669441812029	-0.24732787125500927	0.32178461153887333	0.31771138729251447	0.7611424803713935	0.9400291200043054	0.1946457012404011	-0.48142869135579947	0.19327411056854268	-0.9990329509546522	0.036175568243053235	-2.490911431125514	0.06168487217084779	0.6917486752637665	0.31108422566769905	-0.5637915406251134	0.19767493418822465	-1.0747898500631825	-0.052793231187044376	-2.852114472380576	0.03649847792507348	0.48232346954803157	0.3216994962985464
psvid_46244_sp|P30040|ERP29_HUMAN	P30040	ERP29_HUMAN	0.02698488995743098	0.08496505538729157	-0.17934740957662917	0.23331718949149113	0.317599863078147	0.7612231316470991	0.9400291200043054	0.10487495802709829	-0.1462405650680214	0.1377562109071427	-0.5151632383737565	0.22268210823771373	-1.0615896307324957	0.34309386469557773	0.7995936304778763	0.2068153904883001	-0.030573426166816242	0.10338370165932154	-0.2978247951292548	0.23667794279562232	-0.29572771796819874	0.7795387125161634	0.9217328684401643	0.1029373174783924
psvid_24138_sp|Q13825|AUHM_HUMAN	Q13825	AUHM_HUMAN	0.03731680489103795	0.11759280232326466	-0.24824992841379873	0.3228835381958746	0.3173391921425038	0.7614116545030402	0.9400291200043054	0.1956792099128095	-0.1687341667412512	0.19574873006898078	-0.6929656646729839	0.35549733119048155	-0.8619936726117723	0.4330747670151036	0.8276831523344766	0.3155979547982575	-0.25	0.21365473874435506	-0.8023067997980967	0.3023067997980967	-1.1701121232753617	0.29561300416285463	0.6659413830042331	0.3535533905932738
psvid_41702_sp|Q8WU67|ABHD3_HUMAN	Q8WU67	ABHD3_HUMAN	-0.03667283653962805	0.11591704974397246	-0.3181701099758231	0.24482443689656702	-0.31637137608857224	0.7621117558316574	0.9400291200043054	0.19150581664818903	-0.9514649831647302	0.4101182544616714	-2.049796026180058	0.14686605985059775	-2.3199771597917294	0.0750722695122504	0.6917486752637665	0.693707105881542	-1.0323207542362414	0.39807259564704073	-2.0613557416240305	-0.003285766848452054	-2.593297718870278	0.04950814156764514	0.5036298607729148	0.7029734322042877
psvid_85725_sp|P50395|GDIB_HUMAN	P50395	GDIB_HUMAN	-0.023462335376589927	0.07423498222090387	-0.20373732628538394	0.15681265553220408	-0.3160549740117423	0.7623406887839793	0.9400291200043054	0.0628068913750162	0.08075832922025983	0.2142046727769794	-0.49289972942605276	0.6544163878665724	0.3770147876481756	0.7236216811686308	0.9547442772746325	0.3490467505934888	-0.0005906768387797801	0.22740772625816352	-0.5884495480117288	0.5872681943341692	-0.0025974352257021253	0.9980297952213579	1.0	0.38059189198375043
psvid_9975_sp|P62244|RS15A_HUMAN	P62244	RS15A_HUMAN	0.025493081507081072	0.08091705988068333	-0.1710089152327912	0.22199507824695333	0.3150519994754138	0.7630665645863111	0.9402172546367769	0.09069657496334729	0.02333758887167603	0.06921469851877515	-0.16202517220781765	0.2087003499511697	0.3371767756142936	0.7514371380360787	0.9609624797598912	0.03300433469541103	-0.005888681994724143	0.16658980042590743	-0.43653056755724357	0.4247532035677953	-0.035348394557583956	0.9731942430605153	1.0	0.2577525436732008
psvid_84267_sp|P04217|A1BG_HUMAN	P04217	A1BG_HUMAN	-0.02660989838785266	0.08507080917624157	-0.2331990143549632	0.1799792175792579	-0.31279705277899517	0.7646994780041185	0.9414358952417496	0.1052283822180849	-0.01797242888174866	0.0881685672878036	-0.2540952383809067	0.21815038061740938	-0.20384168002959932	0.8475484427978994	0.9778892202407429	0.09926914421784559	-0.0988629183757237	0.08817340948255135	-0.32679501997476557	0.1290691832233182	-1.12123279519193	0.31402414973517606	0.6810157109210588	0.032580253715116254
psvid_43427_sp|P01889|HLAB_HUMAN	P01889	HLAB_HUMAN	-0.042364218762447337	0.13573875064276952	-0.3719972476393065	0.28726881011441185	-0.31210113959232894	0.7652036880227149	0.9414358952417496	0.23931823213424325	0.14280978392865684	0.23508399085303247	-0.48676483768562606	0.7723844055429397	0.6074840886036229	0.5734493826542638	0.8905842685160916	0.3865198058523146	0.06021042707182889	0.25857221857702767	-0.6082100132997298	0.7286308674433876	0.2328572938081994	0.8252695281563672	0.951671010291804	0.4409215949095202
psvid_64909_sp|Q9Y2B0|CNPY2_HUMAN	Q9Y2B0	CNPY2_HUMAN	0.029783188609765254	0.09639657137151518	-0.20430982936829203	0.2638762065878225	0.3089652275595984	0.767477300756771	0.9435253172721924	0.13985743331398115	-0.24999981966325402	0.21670530891110198	-0.8303547913669914	0.3303551520404834	-1.1536395712659273	0.30734445401444516	0.7858402699700607	0.35355313555860246	-0.15054585234376128	0.1060139000226306	-0.4245963985648498	0.12350469387732727	-1.420057674622144	0.21586717707250433	0.6210915066177928	0.11134807514050826
psvid_52701_sp|P49327|FAS_HUMAN	P49327	FAS_HUMAN	-0.020783367550078147	0.06756416971691291	-0.18485870935095328	0.14329197425079698	-0.3076093088564304	0.7684611568900945	0.9438369818636235	0.006212060042694578	0.021326180947505158	0.09776333158944694	-0.24049221115073233	0.28314457304574264	0.21814089803182618	0.8370526904348901	0.9778892202407429	0.12286679130130274	-0.059855087663460926	0.11992169302439182	-0.3698578841842637	0.25014770885734183	-0.4991181007700294	0.6392553753828045	0.8573879043294115	0.15060268687155398
psvid_55291_sp|P06744|G6PI_HUMAN	P06744	G6PI_HUMAN	0.024856897927114652	0.08095925071929685	-0.17174755661391736	0.22146135246814666	0.30702974281838236	0.7688818340059762	0.9438369818636235	0.09085192149382752	-0.2935648606140804	0.14425744803794072	-0.6798983915958098	0.09276867036764902	-2.035006612184563	0.10507714138800416	0.6917486752637665	0.21945349166678144	-0.37632383981043716	0.16646574909409206	-0.8066450472804028	0.053997367659528395	-2.2606682867700685	0.07427883880438285	0.5124776378946586	0.2574901376771075
psvid_93676_sp|P14927|QCR7_HUMAN	P14927	QCR7_HUMAN	0.03514904020216392	0.11497374423593174	-0.24405747506586434	0.31435555547019217	0.305713625626007	0.7698374535049153	0.9439974851629971	0.18914301510667575	-0.2501166806333277	0.2167839981542545	-0.8306823887224016	0.3304490274557462	-1.1537598843220662	0.30729999622619314	0.7858402699700607	0.3536948523609201	-0.09235701879034686	0.10625915187384334	-0.3670415517223501	0.18232751414165638	-0.8691676637886038	0.4252058686553803	0.7629514492284722	0.11211046599791404
psvid_44242_sp|O00217|NDUS8_HUMAN	O00217	NDUS8_HUMAN	0.02726937239740579	0.08933036714944649	-0.18966381252374523	0.2442025573185568	0.3052643044865707	0.7701638019195671	0.9439974851629971	0.11891454387403284	0.25797116033584944	0.16819745900081912	-0.19247572557364506	0.708418046245344	1.5337399379772623	0.19336042273383489	0.7191214083129519	0.26483766826389243	0.17762334570125393	0.15144966805022356	-0.213880638637652	0.5691273300401598	1.1728209641393912	0.29462115856973947	0.6659413830042331	0.225120424511529
psvid_43104_sp|Q14152|EIF3A_HUMAN	Q14152	EIF3A_HUMAN	0.02469792332421239	0.08132572735791047	-0.1727964967117632	0.22219234336018798	0.30369139172304066	0.7713066341938598	0.9440177433636622	0.09219363007320336	-0.04907366471270613	0.09402820321858672	-0.3008890701242185	0.20274174069880624	-0.5219036739288203	0.6268791035914352	0.9175798412959852	0.1139795367683062	-0.1322134845235321	0.11903887799171327	-0.4399341657569424	0.1755071967098782	-1.1106748211515902	0.3181304153233048	0.6810157109210588	0.148293049877321
psvid_53393_sp|P49189|AL9A1_HUMAN	P49189	AL9A1_HUMAN	-0.022104258403196297	0.07283131959565468	-0.1989705428041499	0.15476202599775732	-0.3034993533814139	0.7714462064811428	0.9440177433636622	0.05560805778699186	-0.24816403066887327	0.12387874971603807	-0.5799217003235574	0.08359363898581085	-2.003281686630911	0.10915006479477063	0.693740667046139	0.17917606682500078	-0.33048202372184043	0.15425208854506278	-0.7292303870260322	0.06826633958235134	-2.142480058707888	0.08607503451294239	0.5204027816531388	0.23126325609845377
psvid_57833_sp|Q04446|GLGB_HUMAN	Q04446	GLGB_HUMAN	-0.05470348839088679	0.18061993705721302	-0.493327659055362	0.38392068227358844	-0.3028651724840263	0.7719071913723603	0.9440177433636622	0.3404489767646115	0.12927732299962535	0.29711793114238727	-0.6664293875893151	0.9249840335885658	0.43510441292643504	0.683955011908469	0.9378647320484023	0.4963919983022745	0.04816126948559907	0.27902523340834584	-0.673131104521023	0.7694536434922211	0.1726054267468934	0.8698522181765131	0.9658480960118359	0.479993313287449
psvid_52142_sp|P22830|HEMH_HUMAN	P22830	HEMH_HUMAN	0.027764038538086844	0.09205946824011574	-0.1957965969406133	0.251324674016787	0.3015880828864968	0.7728358127265829	0.9444491303067033	0.1272198015236264	-0.37282538185378566	0.12631381316773138	-0.711104355429012	-0.03454640827855937	-2.95158045271512	0.037157250323042665	0.6392260310717692	0.1841037493151907	-0.45356032691071135	0.1355136924713696	-0.8038691207036739	-0.10325153311774876	-3.346970469471463	0.02097695128905529	0.4712630152609682	0.1889824013817457
psvid_26690_sp|P51659|DHB4_HUMAN	P51659	DHB4_HUMAN	0.022957102565126064	0.07639685620860333	-0.1625678635146559	0.20848206864490804	0.30049800089209405	0.7736287775921695	0.9447142183552926	0.0727286086949286	0.030597209762323718	0.10217035513283562	-0.2430235605825411	0.30421798010718853	0.29947248125489145	0.7781783323537218	0.9665779766182299	0.13298586417951974	-0.05072687275373555	0.1087921447941366	-0.33195930264295226	0.23050555713548115	-0.4662733035526063	0.660978342842877	0.8658182765673469	0.11979696983080657
psvid_24407_sp|CATD_HUMAN|		CATD_HUMAN	0.023155149658502516	0.07760549620652367	-0.1653049227299025	0.21161522204690753	0.2983699710763018	0.7751776391885078	0.9459012859145481	0.07783366926921322	-0.12070847494503623	0.10196017607919373	-0.39376636817654387	0.15234941828647142	-1.1838786434742958	0.29635236198260984	0.7858402699700607	0.13251103516126267	-0.20223999155049888	0.09386495429663669	-0.4448849842403216	0.040405001139323826	-2.1545846697093145	0.08477968798859921	0.5204027816531388	0.06672292009920995
psvid_71261_sp|P43307|SSRA_HUMAN	P43307	SSRA_HUMAN	0.027823927608225496	0.09404735949977325	-0.20056417691594464	0.25621203213239563	0.2958501733192475	0.7770131005175149	0.9462099959145572	0.13308873622299486	-0.09303957934599172	0.16476248445966393	-0.5342873156700325	0.3482081569780491	-0.5646891017158039	0.5997980980837349	0.9016213390076308	0.25841518151309384	-0.17314286870193807	0.15776583654513282	-0.580974423535702	0.23468868613182575	-1.0974674396785915	0.3233327165911082	0.6810157109210588	0.23889413166552528
psvid_63005_sp|P12955|PEPD_HUMAN	P12955	PEPD_HUMAN	0.03488209958104349	0.11810746664309366	-0.2519344636934719	0.32169866285555887	0.2953420352876837	0.7773834267806424	0.9462099959145572	0.19695502792929453	-0.2706113812978401	0.23139194674352706	-0.8902983994866807	0.3490756368910004	-1.1694935156830828	0.3015360803410406	0.7858402699700607	0.37991714484236166	-0.35375937481971087	0.2041056125892104	-0.8813812678443294	0.1738625182049076	-1.733217280661941	0.1446851184405634	0.5556992839403372	0.3345826616140136
psvid_65573_sp|P36537|UDB10_HUMAN	P36537	UDB10_HUMAN	-0.043819367219841254	0.14848834694686017	-0.4044139897961668	0.31677525535648426	-0.2951030711893034	0.7775576036025514	0.9462099959145572	0.26877026717886415	0.0007010076744462523	0.09723523470375471	-0.2597030967227065	0.261105112071599	0.00720939972615897	0.9945624842067712	1.0	0.12162921334354206	-0.18564712187748533	0.1268088288958527	-0.5134534644150821	0.1421592206601115	-1.4639920855191884	0.20412821083642327	0.6129476103214817	0.16805315661377226
psvid_26322_sp|Q9Y2H6|FND3A_HUMAN	Q9Y2H6	FND3A_HUMAN	-0.02359003421971817	0.08018940634510734	-0.21832497005937546	0.17114490161993912	-0.29417893578354803	0.7782313223236191	0.9462099959145572	0.08798735112330411	-0.10039003726068785	0.11079739878364407	-0.3971147532311106	0.19633467870973492	-0.9060685391786241	0.41169385525441016	0.8101536433552932	0.15193342466073584	-0.18298250106722658	0.1379484741149193	-0.5395853113919972	0.17362030925754401	-1.3264554192516202	0.24304934115399054	0.6395189685410964	0.19466171958724102
psvid_56092_sp|P40939|ECHA_HUMAN	P40939	ECHA_HUMAN	0.020166122438233458	0.06857741728480608	-0.14636982742942534	0.18670207230589225	0.2940636033941371	0.7783154173711816	0.9462099959145572	0.02466227752677971	0.24999981966325535	0.21670530891110235	-0.33035515204048305	0.8303547913669937	1.1536395712659315	0.3073444540144438	0.7858402699700607	0.353553135558603	0.21057087340859537	0.12130006507794884	-0.10299507486959536	0.5241368216867861	1.7359502096992288	0.14418021017900165	0.5556992839403372	0.15417270579998196
psvid_54151_sp|P31946|1433B_HUMAN	P31946	1433B_HUMAN	0.03320788080763748	0.11400421415356034	-0.24364419156088013	0.3100599531761551	0.29128643229720824	0.7803413860567724	0.9470991144943036	0.1867038748957284	-0.03394046162407349	0.07973752784538102	-0.24748424118794055	0.17960331793979356	-0.42565229373410496	0.6903331770524943	0.9414690406320979	0.07546395039966837	-0.11459995994546923	0.10667388165785271	-0.39035658742184504	0.16115666753090657	-1.0743019581216584	0.33263500857946016	0.6870546776704215	0.11339198332939385
psvid_42074_sp|Q9UQ80|PA2G4_HUMAN	Q9UQ80	PA2G4_HUMAN	0.01980834552902433	0.06815552333502828	-0.14570306138482406	0.18531975244287271	0.2906344865353547	0.7808172585939995	0.9470991144943036	0.0192357187227061	0.09293342195758836	0.09102536789323279	-0.15084013889075426	0.336706982805931	1.020961783605133	0.36000155550626595	0.7995936304778763	0.10657650990007196	0.012381614473526481	0.10766474789261556	-0.2659364453509737	0.2906996742980267	0.1150015647264215	0.9129996851270484	0.9831382032884829	0.11641623138925841
psvid_77211_sp|P09497|CLCB_HUMAN	P09497	CLCB_HUMAN	-0.02586450273594476	0.08918155198524841	-0.2424362993793554	0.19070729390746588	-0.2900207740298468	0.7812653180797686	0.9470991144943036	0.11845238962862917	0.17811220697469565	0.16981982436684595	-0.276679509298322	0.6329039232477134	1.0488304745265573	0.3483279475201223	0.7995936304778763	0.2678625195736406	0.09825279823721145	0.15674553499219926	-0.30694123266967127	0.5034468291440941	0.6268299651540389	0.5587646033501207	0.8256051838581729	0.23668608319836928
psvid_55422_sp|O75381|PEX14_HUMAN	O75381	PEX14_HUMAN	0.03130992215126316	0.10814980103473838	-0.23132507573030509	0.2939449200328314	0.289505129475053	0.781641850735361	0.9470991144943036	0.1717196679176408	-0.4796989212144771	0.1787725025903827	-0.9584666597787841	-0.0009311826501700593	-2.683292532485268	0.049712526603109264	0.6837666104479102	0.2844650165955497	-0.5594332418677337	0.15626834253595556	-0.9633937095035902	-0.15547277423187722	-3.5799524893470633	0.016381738020778195	0.4566206351594144	0.23565124518455596
psvid_32380_sp|Q96AQ6|PBIP1_HUMAN	Q96AQ6	PBIP1_HUMAN	0.034111344939785404	0.11798957471819932	-0.2524189252010521	0.3206416150806229	0.28910473676386506	0.7819342689178579	0.9470991144943036	0.1966630215375369	-0.02181023021366002	0.47226911902933305	-1.2865864952162571	1.242966034788937	-0.046181783510400067	0.9651833161994147	1.0	0.8014801570163921	-0.10375937481971098	0.4613317942465779	-1.2963221441871344	1.0888033945477125	-0.22491268998523106	0.8311095873208953	0.9520942959775506	0.8198029543759525
psvid_31149_sp|Q99459|CDC5L_HUMAN	Q99459	CDC5L_HUMAN	0.049090140658678116	0.17046017187456444	-0.3648616784925006	0.46304195980985685	0.287985985927562	0.7827515299440873	0.9473893056149838	0.3180820448410336	-0.5639659048807029	0.3967559302409408	-1.6265115242071284	0.4985797144457227	-1.421442912115313	0.22191537723992433	0.7302695962541623	0.6704844559920792	-0.646240625180289	0.36891679568258656	-1.599906600541676	0.30742535018109796	-1.751724596828359	0.1413005742784268	0.5556992839403372	0.6488400676924058
psvid_86181_sp|Q8WVM8|SCFD1_HUMAN	Q8WVM8	SCFD1_HUMAN	0.021175288280573135	0.07414578194135342	-0.15888308535286183	0.2012336619140081	0.2855899246881233	0.7845028958359703	0.9481611200919373	0.06237026345619361	-0.5589437110584767	0.1258446725579392	-0.8959662867785277	-0.22192113533842572	-4.441536536249777	0.009068978936488106	0.6219650821978125	0.18315729193466845	-0.6387419401058299	0.1326320522413382	-0.9816015684696913	-0.29588231174196844	-4.8158942677262555	0.005055396365467044	0.39647783251920843	0.18216959018753284
psvid_56645_sp|Q99729|ROAA_HUMAN	Q99729	ROAA_HUMAN	0.06078594479484867	0.21288689363186838	-0.45619650291266267	0.57776839250236	0.28553164432922723	0.7845455121736334	0.9481611200919373	0.4102905122510502	-0.09238737286062237	0.06899526272202522	-0.2771624664932339	0.09238772077198915	-1.3390393661205633	0.24545286763567153	0.7446968816629131	0.031625497143320136	-0.1740809024172152	0.1012451642247319	-0.4358040590231757	0.08764225418874533	-1.7193996745445663	0.14726542590575292	0.5598913209349207	0.09572911906084403
psvid_85921_sp|Q9NS69|TOM22_HUMAN	Q9NS69	TOM22_HUMAN	0.02477312476128901	0.0871903141077983	-0.18696307578557564	0.23650932530815366	0.28412702735146245	0.7855728555926818	0.9487035958556688	0.11216376774569059	-0.12141532763665586	0.17105486948947762	-0.5795145982137159	0.33668394294040416	-0.7098033981670698	0.5135863715271676	0.8638786146713382	0.2701617106154851	-0.20183873051440093	0.14599793574556008	-0.579249749538143	0.17557228850934115	-1.3824766047799344	0.22641681485699566	0.6251238659351396	0.2130085746584422
psvid_89961_sp|O95139|NDUB6_HUMAN	O95139	NDUB6_HUMAN	-0.02806801611481724	0.09973540815533463	-0.2702691894778637	0.21413315724822923	-0.2814247881865809	0.7875506065152706	0.9503921962362353	0.1492122193709839	-0.5447550009328701	0.24622966132710433	-1.2041786618028212	0.11466865993708086	-2.2123857783696868	0.08513093926651145	0.6917486752637665	0.4063992765604121	-0.6260106263343973	0.2630137971671827	-1.3059127406982913	0.053891488029496726	-2.380143677164124	0.06410070240118913	0.5054589936374356	0.44943623292301493
psvid_38604_sp|Q9NQC3|RTN4_HUMAN	Q9NQC3	RTN4_HUMAN	0.027013014022540638	0.09678348880648384	-0.20801960864032504	0.2620456366854063	0.27910766966204825	0.7892478649345868	0.9513777384914356	0.14095657729012667	0.37745151459388815	0.15616175778329697	-0.04076275516684774	0.795665784354624	2.4170547255088612	0.06711319458550095	0.6917486752637665	0.24221499732141727	0.29779551282698136	0.17543010008604523	-0.15569893216502517	0.7512899578189879	1.6975166330117701	0.1514472399909851	0.565950376190691	0.27628009572811946
psvid_48062_sp|P11216|PYGB_HUMAN	P11216	PYGB_HUMAN	-0.02021983435960184	0.07279355832984141	-0.19699441789867694	0.15655474917947326	-0.27776955576181533	0.790228589809971	0.9513777384914356	0.055403504405436996	0.024315091850991344	0.16286381905032474	-0.41184785944656016	0.46047804314854285	0.1492970752667786	0.8879054502093544	0.9863764651210738	0.25485410561526173	-0.05629761525531429	0.18482563332069527	-0.5340799226355981	0.4214846921249695	-0.3045985248032722	0.7731620685165334	0.9198277689242694	0.29564695414217285
psvid_60555_sp|P61619|S61A1_HUMAN	P61619	S61A1_HUMAN	0.031184630859389273	0.11335895756340646	-0.2441004764147247	0.30646973813350326	0.27509630936705104	0.7921891050889601	0.9513777384914356	0.18507434857685848	0.0031791556009110877	0.14834962026632006	-0.39411355542925064	0.4004718666310728	0.021430156647545218	0.9838381673360511	1.0	0.22732834573292368	-0.07710091215237336	0.1466480661532884	-0.4561925465795187	0.30199072227477197	-0.5257547144998234	0.6219343743249544	0.8499942796318172	0.21446504363302604
psvid_29719_sp|P08670|VIME_HUMAN	P08670	VIME_HUMAN	0.028456621752317446	0.10348148349550036	-0.22284166024722668	0.27975490375186157	0.27499240241907447	0.7922653422559859	0.9513777384914356	0.15939855511638976	0.10269096727332894	0.1497126369575633	-0.298252016642407	0.5036339511890648	0.6859205031732701	0.5271546052655223	0.8667313206910913	0.2299389277836556	0.0228653878774997	0.14080931041263572	-0.3411328088057667	0.3868635845607661	0.16238548296624455	0.8774747871106515	0.9687449624358292	0.20125323968766845
psvid_64446_sp|P25705|ATPA_HUMAN	P25705	ATPA_HUMAN	-0.018858007765811813	0.06864043876708745	-0.18554700134420424	0.1478309858125806	-0.2747361191818908	0.7924533895277714	0.9513777384914356	0.025375935643294677	0.14624056506802097	0.13775621090714313	-0.22268210823771528	0.5151632383737572	1.0615896307324892	0.34309386469558034	0.7995936304778763	0.20681539048830097	0.20081674669891725	0.10368713276858692	-0.06721900488897797	0.46885249828681247	1.9367566769071345	0.11160140433091868	0.5319320213874119	0.10393123886423941
psvid_56247_sp|Q86YB8|ERO1B_HUMAN	Q86YB8	ERO1B_HUMAN	0.04652556869095825	0.16996792813998246	-0.3662308674733611	0.4592820048552776	0.27373145745849564	0.7931907043013725	0.9513777384914356	0.3169924282669538	-0.2870852457158386	0.37732824374339163	-1.2976018930516449	0.7234314016199677	-0.760836885327555	0.4854365489023464	0.8433431569913645	0.6366796483140809	-0.36687622979324486	0.35491067033817764	-1.28433576146888	0.5505833018823902	-1.0337142849034824	0.3494853473984841	0.6990333245481015	0.6227501094816817
psvid_43393_sp|Q9UNW1|MINP1_HUMAN	Q9UNW1	MINP1_HUMAN	-0.025737534497778825	0.09405150047726275	-0.2541356951256475	0.20266062613008987	-0.2736536298429492	0.7932478312097991	0.9513777384914356	0.13310081966830128	-0.1375262954401637	0.10298926998647374	-0.413340188367484	0.13828759748715658	-1.3353458613526044	0.24656226591342548	0.7446968816629131	0.13482915990604663	-0.21943606248725034	0.11675325879655124	-0.5212483186108039	0.08237619363630316	-1.879485547119754	0.1200359125184536	0.5319320213874119	0.14222245347810586
psvid_9269_sp|P62306|RUXF_HUMAN	P62306	RUXF_HUMAN	-0.02788687039654114	0.10221555006254064	-0.27611091257962195	0.22033717178653964	-0.2728241483754531	0.7938567726097862	0.9513777384914356	0.15598908420895574	-0.12492295936197406	0.11905086030852677	-0.44375113672796485	0.19390521800401672	-1.0493242891166803	0.34812408893099245	0.7995936304778763	0.1692864139161524	-0.20751874963942196	0.12737086573669426	-0.5367779818754086	0.12174048259656467	-1.6292481678534898	0.16527471371297633	0.5739383514249976	0.16943834955898482
psvid_25963_sp|P52272|HNRPM_HUMAN	P52272	HNRPM_HUMAN	0.02301094032683615	0.0847036150000993	-0.18268646765051794	0.22870834830419023	0.2716642061476263	0.7947085779973605	0.9513777384914356	0.10399798769348106	0.48427619762091245	0.16008747799195322	0.0555485202650442	0.9130038749767807	3.0250723148081233	0.03437939287835373	0.6392260310717692	0.2496318262999377	0.4020872141878362	0.18831231106764165	-0.08470830693935805	0.8888827353150305	2.1352146968416035	0.08686261510583183	0.5204027816531388	0.30276156154800205
psvid_66781_sp|Q96KC8|DNJC1_HUMAN	Q96KC8	DNJC1_HUMAN	-0.024202658077593142	0.08917634935306738	-0.24076182045557962	0.19235650430039333	-0.27140220757153755	0.7949010197628463	0.9513777384914356	0.11843621389196905	-0.19355590251849142	0.318041824439788	-1.0452985522524507	0.6581867472154679	-0.6085863167821678	0.5727807375717408	0.8905842685160916	0.5331282488094338	-0.2748839183877285	0.33866331717638776	-1.1503433349116245	0.6005754981361675	-0.8116731409813698	0.45452202016585996	0.7764751177833441	0.5924033895907189
psvid_44969_sp|Q92841|DDX17_HUMAN	Q92841	DDX17_HUMAN	-0.02058186387010874	0.07625657191752971	-0.20576615836162676	0.16460243062140928	-0.26990282086595374	0.7960026428574124	0.9513777384914356	0.0721180888788231	-0.07014254972012424	0.10295627436812509	-0.3458680776173061	0.20558297817705762	-0.681284847869749	0.529817081441332	0.8667313206910913	0.13475509483286166	-0.1506661256136539	0.12577111033657054	-0.47578992050481633	0.17445766927750855	-1.1979390593790806	0.2855643711647152	0.6659413830042331	0.16548154789313532
psvid_59972_sp|P30084|ECHM_HUMAN	P30084	ECHM_HUMAN	0.02309176511884825	0.08617912334415227	-0.1861888221811392	0.2323723524188357	0.2679508008758963	0.7974375893959224	0.9513777384914356	0.10888883213124632	-0.04884682816386787	0.08354549434160957	-0.27258866101619444	0.1748950046884587	-0.5846733991917965	0.5874002707529486	0.8948438526472344	0.0867282329650223	-0.13082922807818687	0.11965568119236691	-0.44014437243401755	0.17848591627764382	-1.0933808305169945	0.3249572507010425	0.6810645288470252	0.14990869671991078
psvid_84928_sp|P00505|AATM_HUMAN	P00505	AATM_HUMAN	-0.0287418243395825	0.10751979260914317	-0.28984688633649364	0.23236323765732864	-0.2673165902027454	0.7979039888653906	0.9513777384914356	0.17007810015606273	-0.3911509900731347	0.24857207895775763	-1.0568478415934992	0.2745458614472299	-1.5735918197779846	0.1841316249586873	0.7176098719675167	0.41056787688863416	-0.4732711990208722	0.23102472031962223	-1.0704801572862648	0.12393775924452022	-2.04857384251392	0.0968662042545585	0.5225676808469604	0.38765490273886416
psvid_49307_sp|P49821|NDUV1_HUMAN	P49821	NDUV1_HUMAN	0.020464635574515277	0.0767093270053296	-0.16581914620581428	0.20674841735484484	0.26678158150303466	0.7982975056693118	0.9513777384914356	0.07407434549582607	-0.0188311159835699	0.07224721443622102	-0.21231520873834064	0.17465297677120084	-0.2606483326799234	0.8060952300931086	0.9727640365131593	0.04847456466313197	-0.09935751905965451	0.10384925586169035	-0.367812365900253	0.169097327780944	-0.9567475302084198	0.3834066699505559	0.7252444506561841	0.10445959651580489
psvid_81301_sp|P62701|RS4X_HUMAN	P62701	RS4X_HUMAN	0.018015036408213447	0.06768249052797574	-0.1463476400494573	0.1823777128658842	0.2661698212888184	0.7987475548158158	0.9513777384914356	0.010230898020180767	0.04137880957526052	0.07548347247308922	-0.16077225331905168	0.24352987246957272	0.5481837045852994	0.6101592896684884	0.9049999163602519	0.061274620451051094	-0.09169558266790556	0.12127827263829218	-0.4052051965409841	0.22181403120517296	-0.7560759291269273	0.4842857772365407	0.7877497068248037	0.15411659235924807
psvid_71252_sp|P05165|PCCA_HUMAN	P05165	PCCA_HUMAN	-0.019165430514830994	0.07203194561277368	-0.1940904854147419	0.1557596243850799	-0.26606848325130233	0.7988221135558061	0.9513777384914356	0.05112793254951716	-0.2908866966748307	0.18643787967189107	-0.7901829572287038	0.20840956387904247	-1.5602338815843506	0.18717467125466541	0.7176098719675167	0.2985734482705494	-0.37052019982256235	0.15497058823039733	-0.7711259160888051	0.03008551644368046	-2.3909065846204562	0.06326082397513443	0.5036298607729148	0.23282986383893672
psvid_32887_sp|Q9HCM4|E41L5_HUMAN	Q9HCM4	E41L5_HUMAN	-0.026342863961906993	0.09914026601107288	-0.26709877201422755	0.21441304409041356	-0.26571306515321214	0.7990836281337614	0.9513777384914356	0.14756533130204824	0.04067737561824991	0.19475865366464068	-0.48090261475922613	0.562257365995726	0.20886042726652446	0.8438602710149137	0.9778892202407429	0.3137929564831308	-0.04166246735236301	0.20187594677100015	-0.5635205771821309	0.48019564247740487	-0.20637657937338724	0.8447831315099659	0.956798574362116	0.330126283416742
psvid_60920_sp|P39023|RL3_HUMAN	P39023	RL3_HUMAN	-0.019792023293041083	0.07468643713631949	-0.2011633441036878	0.16157929751760564	-0.2650015726003398	0.7996072254179962	0.9513777384914356	0.06497949117859295	0.2499998196632549	0.21670530891110235	-0.3303551520404835	0.8303547913669933	1.1536395712659295	0.3073444540144443	0.7858402699700607	0.353553135558603	0.08974672932337668	0.16752419275020178	-0.34331060107046196	0.5228040597172153	0.5357239921591479	0.6155217359853363	0.8489954979108087	0.2597267766805451
psvid_26337_sp|Q9BZF1|OSBL8_HUMAN	Q9BZF1	OSBL8_HUMAN	-0.027716310206995942	0.10467094040836684	-0.28190311359818426	0.22647049318419238	-0.2647946994539513	0.7997594875384522	0.9513777384914356	0.16257399647638873	-0.3146927921900389	0.10836212230492412	-0.6048956337356959	-0.02448995064438192	-2.9040847991562346	0.039089096168029316	0.6392260310717692	0.14668177169784305	-0.3962406251802889	0.1381758515055284	-0.7534312159572591	-0.03905003440331867	-2.8676546651455617	0.03584805875934748	0.48232346954803157	0.1951887326557164
psvid_71060_sp|Q9C037|TRIM4_HUMAN	Q9C037	TRIM4_HUMAN	0.053766495531772485	0.20331901738800495	-0.4399809657680336	0.5475139568315786	0.26444400638218163	0.8000176254263626	0.9513777384914356	0.38973575724551196	0.06790058157350298	0.6113946300695475	-1.5694654572040143	1.7052666203510203	0.11105851807330912	0.916446506190879	0.9960408936531061	1.041809617679856	-0.013116854973533987	0.5726491524348584	-1.4934398407736578	1.4672061308265896	-0.02290556952326249	0.9826274882302849	1.0	1.0240757612353124
psvid_30149_sp|P47897|SYQ_HUMAN	P47897	SYQ_HUMAN	-0.02168740805356517	0.08307573086230624	-0.22343160166538018	0.18005678555824983	-0.261055880320944	0.8025129658078707	0.9513777384914356	0.09842622925412187	-0.22331148898590936	0.11711930362726754	-0.5369667957437498	0.09034381777193118	-1.9067009627772267	0.12262301083020523	0.7048513307479977	0.1652800593952181	-0.3055981053341119	0.1487568932537974	-0.6901411496108804	0.07894493894265653	-2.0543458434072313	0.0961633137005487	0.5225676808469604	0.21916621043163356
psvid_53000_sp|Q15043|S39AE_HUMAN	Q15043	S39AE_HUMAN	0.027001484865061265	0.10344433373707584	-0.2242065812798833	0.27820955101000583	0.261024300602978	0.8025362361139965	0.9513777384914356	0.15929894928388788	-0.07768084807506703	0.10165927231096328	-0.3499328958071062	0.19457119965697212	-0.764129491675396	0.4836600913863193	0.8413465998889013	0.13182998102403679	-0.16141260685506498	0.11802015696918182	-0.4664998499014823	0.14367463619135235	-1.3676698201410973	0.23070580922416797	0.6316486262564867	0.14560409262792381
psvid_50459_sp|P49585|PCY1A_HUMAN	P49585	PCY1A_HUMAN	0.030463851131949937	0.11684965532907875	-0.253298196381731	0.3142258986456309	0.26070980736875843	0.8027679903511337	0.9513777384914356	0.19383213872183852	0.5046500496213802	0.11707597167365652	0.19111078946543486	0.8181893097773254	4.310449380920512	0.010133862356489673	0.6219650821978125	0.16518982880193556	0.4237863546178945	0.13965093235668422	0.06278261563212123	0.7847900936036678	3.0346117098273027	0.029621267603359765	0.48232346954803157	0.19859438509390756
psvid_36713_sp|P15880|RS2_HUMAN	P15880	RS2_HUMAN	0.01953132004468916	0.0752251951663542	-0.16314834079731272	0.20221098088669104	0.2596380109283503	0.8035579752052189	0.9513777384914356	0.06749706844003411	0.2996997685558296	0.21548392079189022	-0.2773842234431364	0.8767837605547956	1.3908219576405112	0.23039503150211896	0.7365587977323307	0.3513527651655614	0.22620207085617872	0.19115189211441702	-0.26793389088061226	0.7203380325929697	1.183362970431817	0.29078930253636265	0.6659413830042331	0.30852981445219474
psvid_60625_sp|O95486|SC24A_HUMAN	O95486	SC24A_HUMAN	0.023137418344556515	0.08918735919956017	-0.19344848075400314	0.23972331744311617	0.2594248619110433	0.803715110271059	0.9513777384914356	0.1184704436044603	-0.10933032623046923	0.1668597324329075	-0.5561946683233461	0.3375340158624076	-0.6552229506566528	0.5449591450759516	0.8719346321215224	0.26233945766951733	-0.18949229951931734	0.1562750483686266	-0.5934701020245255	0.21448550298589086	-1.212556332552442	0.2804093216712139	0.6643263115070572	0.23566579700640142
psvid_71907_sp|P02794|FRIH_HUMAN	P02794	FRIH_HUMAN	-0.022314055180307157	0.08607681283945899	-0.23134618784675579	0.18671807748614147	-0.25923421702340305	0.8038556635808455	0.9513777384914356	0.10855414285127116	0.12337865124331149	0.12157784867671968	-0.20221701267059716	0.44897431515722014	1.0148119298555793	0.36262248326382235	0.7995936304778763	0.17448376189559187	0.18438858228577804	0.10493355995664098	-0.08686923783877243	0.4556464024103285	1.757193621963919	0.1403158699501973	0.5556992839403372	0.1079473407724232
psvid_88718_sp|Q9UI09|NDUAC_HUMAN	Q9UI09	NDUAC_HUMAN	-0.02108348741225008	0.08140421884862672	-0.21876851910262313	0.17660154427812297	-0.2589974783918187	0.8040302107006888	0.9513777384914356	0.09247924421606023	-0.1896679709492486	0.12048415673556943	-0.512334636220954	0.1329986943224568	-1.5742150344756047	0.18399087382740587	0.7176098719675167	0.1722402050191689	-0.2704034413884129	0.14684073739089393	-0.6499931393515248	0.1091862565746991	-1.8414742815448533	0.12599544146397154	0.5353174196914853	0.21489601979325917
psvid_54034_sp|P49721|PSB2_HUMAN	P49721	PSB2_HUMAN	0.022243718059453244	0.08673864597745859	-0.18839563480650962	0.2328830709254161	0.25644529965609425	0.8059127079290341	0.952233512653656	0.11070821269617724	-0.1289841884777987	0.25761710185141135	-0.8189043690521804	0.5609359920965831	-0.5006817775327443	0.6405761100188975	0.9190364020538448	0.42663692408459336	-0.2119992266387375	0.27070798447409156	-0.9117911501100752	0.4877926968326002	-0.7831288281008466	0.46962980788569514	0.778964373318746	0.46414572404506566
psvid_27249_sp|Q53EP0|FND3B_HUMAN	Q53EP0	FND3B_HUMAN	0.051882511269418785	0.20231627875130082	-0.43942986224282893	0.5431948847816666	0.2564425936935893	0.8059147046117527	0.952233512653656	0.38757492221534007	-0.08484391712751549	0.13174822147599094	-0.43767669141862703	0.26798885716359605	-0.6439852938961834	0.5515785486026479	0.8747425801892469	0.19497419069349192	-0.16383795715313854	0.157553663513377	-0.5711210354641665	0.24344512115788947	-1.0398866868571925	0.3468771103795092	0.6990333245481015	0.23843547245228394
psvid_46225_sp|O75891|AL1L1_HUMAN	O75891	AL1L1_HUMAN	-0.01879213431921123	0.07355335319174396	-0.1974118319503789	0.15982756331195644	-0.25548983837925915	0.8066178250757761	0.9523781375984685	0.05940300851248	-0.03180564012241227	0.08504782848071514	-0.25957084965697713	0.1959595694121526	-0.3739735709962812	0.725728262014716	0.9547442772746325	0.09091762618470053	-0.1133421995537125	0.09935369537156609	-0.3701758268407855	0.1434914277333605	-1.1407950064648502	0.3065381198899904	0.6793547521886274	0.08900800997108033
psvid_34791_sp|Q8N490|PNKD_HUMAN	Q8N490	PNKD_HUMAN	0.019663230098154294	0.07725320004031577	-0.16794131318173228	0.20726777337804086	0.25452965168941527	0.8073266288387808	0.9525292599248925	0.07637272417339558	-0.30123522541426606	0.083016260716857	-0.5235597262830742	-0.07891072454545792	-3.628629172321878	0.01877171785346866	0.6392260310717692	0.08522190514799076	-0.3842352464645531	0.10433243714384084	-0.6539391379518336	-0.11453135497727257	-3.682797574591461	0.014727858923698697	0.4566206351594144	0.10602347478996316
psvid_889170_sp|P05107|ITB2_HUMAN	P05107	ITB2_HUMAN	0.021439030343449517	0.08473514715552646	-0.18433495149252085	0.2272130121794199	0.25301225126923327	0.8084471700176333	0.952658884669163	0.1041040065085265	-0.46700316339633385	0.14772203456379232	-0.8626151473392715	-0.07139117945339624	-3.16136427971186	0.02983521848564833	0.6392260310717692	0.22612431596517746	-0.5490993032008764	0.1460601793984879	-0.9266712247768312	-0.1715273816249216	-3.759404551344547	0.013619936339615162	0.45118949181100204	0.2131481672813433
psvid_65377_sp|P31930|QCR1_HUMAN	P31930	QCR1_HUMAN	-0.018156751968223972	0.07182041177182989	-0.1925681102238821	0.15625460628743415	-0.252807684059333	0.8085982728411433	0.952658884669163	0.04988394175060516	0.03991410834316422	0.06946566081507961	-0.14612075079014422	0.22594896747647267	0.5745876145829403	0.593636962850435	0.8961189640378836	0.034518836908359114	-0.058599529190282995	0.11166571332696115	-0.3472602588199695	0.23006120043940353	-0.5247763834069774	0.6225657527949394	0.8499942796318172	0.12815766506577891
psvid_82679_sp|O15120|PLCB_HUMAN	O15120	PLCB_HUMAN	-0.019685691409816464	0.07854621937731641	-0.2104302509226031	0.17105886810297016	-0.25062557518206346	0.8102106372925767	0.9538732556782669	0.08163748288389557	-0.4911026382263084	0.2934489674080542	-1.2769835565680714	0.2947782801154546	-1.6735538126580207	0.16289353076940813	0.7176098719675167	0.48993709135812746	-0.5700269797981836	0.316436418521224	-1.388028895787262	0.24797493619089472	-1.8013949925929615	0.132609257028433	0.5519776180878937	0.5507202355154807
psvid_58451_sp|Q9BZM1|PG12A_HUMAN	Q9BZM1	PG12A_HUMAN	-0.05033868141246334	0.20249694483308733	-0.5420897911549518	0.44141242833002514	-0.24858983158464998	0.8117157667442807	0.9548191432527124	0.38796434403731567	0.08064294495644297	0.3513333964042716	-0.8602573234925555	1.0215432134054414	0.2295339577215965	0.8287183573388305	0.9777684216084043	0.5913585300541012	0.0	0.33062359325588375	-0.8546763802294993	0.8546763802294993	0.0	1.0	1.0	0.5773502691896257
psvid_66144_sp|Q9NZP8|C1RL_HUMAN	Q9NZP8	C1RL_HUMAN	-0.032991455841186124	0.13328259053814898	-0.35665985419906165	0.2906769425166894	-0.24753012158585785	0.8124996117648429	0.9548191432527124	0.23354793841100646	0.07691514483539708	0.20268286801832017	-0.465886555430555	0.6197168451013492	0.37948518090066125	0.7219126074215907	0.9540182724991205	0.3282072574794428	-0.0059648660472382264	0.20830009439964953	-0.5444296771327891	0.5324999450383127	-0.02863592579940887	0.9782826405325847	1.0	0.342937693564662
psvid_80441_sp|P45954|ACDSB_HUMAN	P45954	ACDSB_HUMAN	-0.01720531905562961	0.06960721483189046	-0.18624206757487424	0.15183142946361503	-0.24717723726171864	0.8127606853541383	0.9548191432527124	0.0345811866956026	-0.12955475753443269	0.21765298965749547	-0.7124476976687589	0.45333818259989356	-0.595235368640254	0.5809138630558333	0.8922959468515108	0.3552595244783843	-0.20988383195168825	0.1988380041961293	-0.7238887279872844	0.30412106408390793	-1.0555518941171005	0.34033135972356143	0.6968082770869423	0.32403658741695957
psvid_101381_sp|P56962|STX17_HUMAN	P56962	STX17_HUMAN	-0.06691993694670106	0.2722745965536141	-0.7281216904857039	0.5942818165923017	-0.24578105263494068	0.8137938778643458	0.9553485753024531	0.5360212259450208	-0.3107390759283657	0.34188476641404975	-1.2263351217066414	0.60485696984991	-0.9089000343233657	0.4103499237670579	0.8101536433552932	0.5748556491496083	-0.396240625180289	0.32157119126235556	-1.2275161522159175	0.43503490185533944	-1.232201876122087	0.27361302868063475	0.6642062428136009	0.5603688660931588
psvid_99268_sp|Q96BY9|SARAF_HUMAN	Q96BY9	SARAF_HUMAN	-0.01867624993964334	0.07784221482638352	-0.20771117862580013	0.17035867874651345	-0.23992444178648023	0.8181322560213805	0.9588888973151974	0.07880376357190032	-0.13862783646657917	0.10308322444139248	-0.4146933472951857	0.13743767436202736	-1.3448147088704567	0.2437277232835698	0.7446968816629131	0.1350399661694653	-0.21943606248725078	0.11675325879655124	-0.5212483186108043	0.08237619363630272	-1.8794855471197578	0.12003591251845303	0.5319320213874119	0.14222245347810586
psvid_64251_sp|Q92781|RDH5_HUMAN	Q92781	RDH5_HUMAN	0.05087916889484578	0.21209130451020522	-0.4641712406093268	0.5659295783990184	0.23989276228152778	0.8181557423534761	0.9588888973151974	0.40858548979814713	0.0807359597768671	0.2632070017517732	-0.624154441023324	0.7856263605770581	0.3067394075367647	0.7729947378353687	0.9665779766182299	0.4365473178452797	0.0	0.2299175484248308	-0.5943468707234432	0.5943468707234432	0.0	1.0	1.0	0.38549484455167277
psvid_75224_sp|O75907|DGAT1_HUMAN	O75907	DGAT1_HUMAN	0.040467493199976445	0.16907772720404562	-0.3701271459135204	0.4510621323134733	0.2393425430372603	0.8185636928300466	0.9588888973151974	0.31502040018178845	-0.5142752504133137	0.4490478946594151	-1.716863131200283	0.6883126303736558	-1.145257012736628	0.31045629815417203	0.7893772542214607	0.7612540128896216	-0.5958321598878762	0.45820025217170207	-1.780299756679337	0.5886354369035847	-1.3003750152119058	0.2511754738761419	0.6462660267216375	0.8140355090627752
psvid_48416_sp|Q9NSD9|SYFB_HUMAN	Q9NSD9	SYFB_HUMAN	0.017605541630291377	0.07384793063556487	-0.16172951881794714	0.1969406020785299	0.23840264011152423	0.819260710435459	0.9590203890893311	0.06089353726341512	-0.225332102285825	0.12321123794058007	-0.5553021194851797	0.10463791491352975	-1.8288275164842822	0.13476892909994823	0.7067636245123187	0.17781852960945996	-0.30638588961575475	0.15276724288233579	-0.7012958622481811	0.08852408301667153	-2.0055732095115375	0.10227581560666452	0.5319320213874119	0.2280150876063087
psvid_29720_sp|P23526|SAHH_HUMAN	P23526	SAHH_HUMAN	-0.01830987579238119	0.07710539136225511	-0.205555474982885	0.16893572339812263	-0.2374655710695777	0.819955805437486	0.9591494443063316	0.07575339761357994	0.3511983164894641	0.10672549824222759	0.06537849129153095	0.6370181416873972	3.290669261551473	0.02615340109293019	0.6392260310717692	0.14311254784569294	0.27125902596394946	0.13616979383570518	-0.08074581841515499	0.623263870343054	1.9920646005474265	0.104039974791523	0.5319320213874119	0.19051945056140476
psvid_64848_sp|Q9HBH5|RDH14_HUMAN	Q9HBH5	RDH14_HUMAN	0.017029975452915735	0.07213521055519302	-0.1581458518725943	0.19220580277842578	0.23608408878054832	0.8209808799110001	0.9594837439184347	0.051725645401516876	-0.06775545892542434	0.132092759781913	-0.42151093566341635	0.2860000178125677	-0.5129384762441904	0.6326443973557444	0.9190364020538448	0.195657962339304	-0.14890243623016608	0.16031693203441572	-0.5633286839499655	0.26552381148963333	-0.9288004351168643	0.39637183638141976	0.7378544967826656	0.24438869239385405
psvid_39586_sp|Q16853|AOC3_HUMAN	Q16853	AOC3_HUMAN	0.017294888508736506	0.07343788149486577	-0.16104439336045262	0.19563417037792563	0.2355036413999175	0.8214116929643185	0.9594837439184347	0.05881009118857424	0.22867726305826297	0.11763393555741666	-0.0863562711216942	0.5437107972382201	1.943973581897602	0.11722460378285669	0.7048513307479977	0.1663504766878174	0.14661005444563258	0.10513343721497247	-0.12516445709213092	0.4183845659833961	1.3945140416730641	0.2229856067136653	0.6245667201490522	0.10858189996319186
psvid_49406_sp|Q9BU23|LMF2_HUMAN	Q9BU23	LMF2_HUMAN	0.023442038176361812	0.10022441010063278	-0.21994664569191627	0.26683072204463987	0.2338954966442233	0.8226056255165308	0.9596030801953994	0.15055918303339436	-0.11319643690277337	0.19503668299378196	-0.6355210131155359	0.40912813930998915	-0.580385367333089	0.5900467577421559	0.8957839240454074	0.31429995030797964	-0.19419165055604537	0.16573000099275126	-0.62261091715778	0.23422761604568937	-1.1717350473227777	0.2950184128771856	0.6659413830042331	0.25593232282870176
psvid_32733_sp|P05090|APOD_HUMAN	P05090	APOD_HUMAN	-0.02348513519298301	0.10045405575278533	-0.26743149910125696	0.22046122871529095	-0.23378981582166558	0.8226841041187388	0.9596030801953994	0.15118985838762208	-0.06774218599860093	0.1387183659146949	-0.439241591018886	0.3037572190216841	-0.4883433102164648	0.6486180092363432	0.9190364020538448	0.20869650870326636	-0.14893574097742845	0.14542822524939825	-0.5248740335697525	0.22700255161489558	-1.0241185349131168	0.3535729544109892	0.6990333245481015	0.2117294020743041
psvid_70839_sp|P05141|ADT2_HUMAN	P05141	ADT2_HUMAN	-0.016289527864024933	0.07050849269455313	-0.18751497305479725	0.15493591732674739	-0.2310293021663661	0.824734850156622	0.9613114102749538	0.04144079186493724	0.29334056805660635	0.21932214359630192	-0.2940225061588493	0.880703642272062	1.337487237935023	0.2459184895593053	0.7446968816629131	0.3582631421356457	0.06472549019706508	0.15627338478064362	-0.33924801186079306	0.46869899225492323	0.4141811498350686	0.6962168687008128	0.8810151733559669	0.23566218700512492
psvid_35235_sp|Q15393|SF3B3_HUMAN	Q15393	SF3B3_HUMAN	0.020508811110876657	0.08911773460381647	-0.1959080090307113	0.2369256312524646	0.23013164778089373	0.8254020301509035	0.9614057737553137	0.1182538845715306	0.1864458811218377	0.19563472509959942	-0.3374803019511504	0.7103720641948258	0.9530306085840149	0.38986387175295273	0.8101536433552932	0.31539017450072	0.10823985181902618	0.17099688820706618	-0.3337945474932282	0.5502742511312806	0.6329931085526814	0.5550489655049521	0.8245292603515593	0.26702992015743165
psvid_96844_sp|P62847|RS24_HUMAN	P62847	RS24_HUMAN	-0.01951547741400983	0.08512927124738434	-0.22624656484832448	0.18721561002030482	-0.22924520706042642	0.826061031386963	0.9614904836583529	0.10542343919933177	-0.15169386254024442	0.07342751865369908	-0.34833890886914876	0.04495118378865995	-2.0658993429379966	0.10126772963259288	0.6917486752637665	0.05343219896686454	-0.23149985463905542	0.10610319176071012	-0.5057812238898458	0.042781514611734905	-2.181836858981084	0.08193873817949254	0.5204027816531388	0.11162604644150768
psvid_53465_sp|Q9Y4L1|HYOU1_HUMAN	Q9Y4L1	HYOU1_HUMAN	0.015225953238813261	0.06758970202404356	-0.14891139216599836	0.17936329864362488	0.22527031164299202	0.8290179524196737	0.9642478311831665	0.007269083392731174	0.4999996393265098	0.2472682795958326	-0.16220552827711354	1.1622048069301332	2.022093736179077	0.10671488709861744	0.6917486752637665	0.4082479959751911	0.13101270698920153	0.09199627677846645	-0.10680167297477766	0.3688270869531807	1.4241087963232406	0.21475828217987286	0.6200767302376611	0.05757944563198301
psvid_55070_sp|O95255|MRP6_HUMAN	O95255	MRP6_HUMAN	-0.019458561757030424	0.08722336311254725	-0.2312750197358014	0.19235789622174054	-0.22308887278196765	0.8306420229318712	0.9654521031950877	0.11226982584016318	-0.2531941931374022	0.07896538287276926	-0.46467010377833895	-0.041718282496465475	-3.206394801445517	0.028488886831808873	0.6392260310717692	0.07303931157805808	-0.33446740968909605	0.10357303798294103	-0.6022082212896824	-0.06672659808850967	-3.2292903269303004	0.023845559459205714	0.4789514222886797	0.10355828685516698
psvid_44387_sp|Q92575|UBXN4_HUMAN	Q92575	UBXN4_HUMAN	-0.015162012488952215	0.06827252796140418	-0.18095755778776626	0.15063353280986183	-0.22208072473196835	0.8313928924608456	0.965640469997016	0.02087894115469877	-0.03006301405302736	0.08253901906279394	-0.2511094217914396	0.19098339368538483	-0.3642279057151873	0.7324979776937337	0.9557754279510252	0.08384877282227728	-0.11094191888325722	0.10111600854603703	-0.37233120243779405	0.15044736467127962	-1.0971746262387974	0.3234488837138597	0.6810157109210588	0.09528135318202285
psvid_89344_sp|Q15738|NSDHL_HUMAN	Q15738	NSDHL_HUMAN	0.016581274686339853	0.07580475787452075	-0.16750581778452528	0.20066836715720499	0.21873659584516789	0.8338849851685197	0.9678495227716718	0.07012354061491624	-0.1492162449671386	0.12419456333130026	-0.4818196899407113	0.1833872000064341	-1.2014716342219485	0.2901234283150191	0.7858402699700607	0.17981731149100882	-0.23045741774203377	0.15596289125475546	-0.6336282805200466	0.17271344503597902	-1.4776426359370078	0.20060748376723964	0.607004194424858	0.2349881169339376
psvid_17606_sp|P61313|RL15_HUMAN	P61313	RL15_HUMAN	-0.022008956750138253	0.10265133857130503	-0.2712912839506772	0.2272733704504007	-0.21440496594060585	0.8371160979120591	0.9698364156233259	0.1571663657400046	0.022077080816542693	0.06893264603287201	-0.16253032007681711	0.2066844817099025	0.32027032309212045	0.7633801009218688	0.9665627003629799	0.031221707108361557	0.017154942514626237	0.09870056596421299	-0.23799031682447047	0.27230020185372295	0.17380794473707784	0.8689563565260947	0.9655070628067718	0.08659747839386575
psvid_106504_sp|O00483|CXFA4_HUMAN	O00483	CXFA4_HUMAN	-0.021630487884712224	0.1012515774883616	-0.26751358322780683	0.22425260745838238	-0.21363111984303207	0.8376937028226951	0.9698364156233259	0.1533709768798752	0.08883143137723559	0.18068682762795546	-0.3950630300098522	0.5727258927643234	0.49163202732268124	0.6464689385267112	0.9190364020538448	0.2879969952917741	-0.0029931604165192027	0.16851134743135912	-0.4386023286308524	0.432616007797814	-0.01776236711737426	0.9865277360214992	1.0	0.26180817158074055
psvid_23119_sp|P24752|THIL_HUMAN	P24752	THIL_HUMAN	-0.016793270817808015	0.07888041608795603	-0.20834940604826674	0.1747628644126507	-0.2128953123051809	0.8382430175722332	0.9698364156233259	0.08295743061555595	-0.14022761307229192	0.07962719193786673	-0.3534759038324692	0.07302067768788537	-1.7610518424624573	0.1463679428007401	0.7067636245123187	0.0751208452483037	-0.22227897347013603	0.10491371846928749	-0.49348550248620066	0.04892755554592859	-2.1186835879352244	0.08868328877699996	0.5204027816531388	0.10788421159771253
psvid_67990_sp|P80723|BASP1_HUMAN	P80723	BASP1_HUMAN	-0.017024943287754724	0.08056233630352126	-0.21266551610409543	0.17861562952858598	-0.21132633521963276	0.8394146633307921	0.9698364156233259	0.08938305907006995	-0.11720533933506783	0.07400219388594667	-0.315389414079223	0.08097873540908734	-1.5838089816054173	0.18183774616306403	0.7176098719675167	0.05571307597374289	-0.19838728063314304	0.10553749254451714	-0.4712062927858412	0.07443173151955512	-1.8797801222106978	0.11999088068392726	0.5319320213874119	0.10985711294938139
psvid_65913_sp|Q8WTV0|SCRB1_HUMAN	Q8WTV0	SCRB1_HUMAN	0.02032884547781144	0.09638255022479249	-0.21373012302623312	0.254387813981856	0.21091831903595193	0.8397194261018521	0.9698364156233259	0.1398175232236258	-0.2821513398710165	0.2733039769255793	-1.0140822860585446	0.4497796063165117	-1.0323718778078605	0.35518191778815844	0.7995936304778763	0.45441264691122557	-0.3648579046593241	0.29721295720554985	-1.1331663363723228	0.40345052705367457	-1.2275975720903434	0.27519237199307656	0.6642062428136009	0.5144802504943483
psvid_53082_sp|Q9NS86|LANC2_HUMAN	Q9NS86	LANC2_HUMAN	0.03454086956169178	0.16419200855464847	-0.3641891087308184	0.43327084785420195	0.2103687619497964	0.8401299589382457	0.9698364156233259	0.3041611692301934	0.122301515387095	0.18460785899020649	-0.3720937964716449	0.6166968272458349	0.6624935474365863	0.5407053817662343	0.870139239925974	0.2952133481560815	0.04248125036057804	0.18243704628929625	-0.42912645557110535	0.5140889562922615	0.23285429809696745	0.8252717279001537	0.951671010291804	0.2907515051634277
psvid_48191_sp|Q92887|MRP2_HUMAN	Q92887	MRP2_HUMAN	0.02846555687904484	0.1357091157053688	-0.3010955054139927	0.3580266191720824	0.20975419912723453	0.8405891175045305	0.9698364156233259	0.2392488191987799	-0.44635229994560355	0.21025006817615868	-1.0094195961747836	0.11671499628357651	-2.122959121095865	0.09461795352277494	0.6917486752637665	0.34190863199569244	-0.5288693043549839	0.20010411425556476	-1.046147150006529	-0.011591458703438917	-2.6429706671574666	0.04665838701457194	0.5036298607729148	0.32657712496050334
psvid_37230_sp|O00186|STXB3_HUMAN	O00186	STXB3_HUMAN	0.02035312040986792	0.09733129466158352	-0.2160098143591421	0.25671605517887797	0.2091117813713954	0.8410691603110096	0.9698364156233259	0.14250568917399647	-0.027331084058202837	0.26624566856726367	-0.7403592891539246	0.6856971210375189	-0.10265362890325473	0.9227415454820882	0.9970139773360194	0.4419285249927799	-0.1082398518190264	0.2917642445706004	-0.8624631241945148	0.645983420556462	-0.3709839496554033	0.7261207416953525	0.896040644379517	0.5041708260455477
psvid_59012_sp|A6NCS6|CB072_HUMAN	A6NCS6	CB072_HUMAN	-0.01579011364470606	0.07606067233713361	-0.20049867831157275	0.16891845102216063	-0.20759892280096456	0.8421999282270312	0.9698364156233259	0.07125868654240589	-0.09578918210733178	0.09024034753091587	-0.33746039266048067	0.14588202844581713	-1.0614895080553066	0.34313466877379006	0.7995936304778763	0.10459654543724009	-0.1766866761875856	0.1164437098177779	-0.47769873472670055	0.12432538235152935	-1.5173569827351052	0.19069526251238023	0.5943275882551811	0.1413895490894983
psvid_85086_sp|Q96DG6|CMBL_HUMAN	Q96DG6	CMBL_HUMAN	0.019692572952956233	0.0950896652949103	-0.21122670571743202	0.2506118516233445	0.207094776197622	0.8425768376833245	0.9698364156233259	0.1361127723519794	-0.048779124604541924	0.20691374956797293	-0.6029114801016396	0.5053532308925558	-0.23574617301358974	0.8241849909562745	0.9764997395041832	0.33587495004214346	-0.12996686812481795	0.17509190527871757	-0.5825870648186532	0.3226533285690173	-0.7422779934796645	0.4918868045734674	0.7916529533861496	0.2755771481228101
psvid_58755_sp|P18124|RL7_HUMAN	P18124	RL7_HUMAN	0.016364977170785444	0.07941806964908511	-0.17649681595767347	0.20922677029924436	0.20606112995563053	0.8433497528309318	0.9698364156233259	0.08504935139066039	0.29324827130526865	0.2081539526573174	-0.26420545196283585	0.8507019945733731	1.4088047215132231	0.22537774255062784	0.7312711241235058	0.3381191160728598	0.2513035528251064	0.11775554393895282	-0.053099654019869436	0.5557067596700822	2.1341122839650586	0.08698278667613825	0.5204027816531388	0.14490130591186617
psvid_82812_sp|Q9H2X3|CLC4M_HUMAN	Q9H2X3	CLC4M_HUMAN	0.02419942925598395	0.11802124364802435	-0.2624077468915029	0.3108066054034708	0.20504299487094113	0.8441112550943662	0.9698364156233259	0.19674147619614202	-0.13787044552871386	0.14561558578506623	-0.5278411831749378	0.25210029211751006	-0.9468110490055338	0.3926989151550051	0.8101536433552932	0.22207344610055973	-0.2192064843272179	0.13117891822017258	-0.558309697993121	0.11989672933868528	-1.6710496419805703	0.15666497968327178	0.5664090740980359	0.17869323730333792
psvid_76571_sp|P08574|CY1_HUMAN	P08574	CY1_HUMAN	-0.024489724455119877	0.11976604401989352	-0.3153340386979642	0.26635458978772447	-0.20447969752638784	0.8445326456388373	0.9698364156233259	0.2010484610525946	-0.044920125334765526	0.12288578246798525	-0.37401854551355035	0.2841782948440193	-0.36554371411085185	0.7315822783110532	0.9557754279510252	0.1771555493445141	-0.12503571786903622	0.15207904791962223	-0.5181666765665163	0.2680952408284439	-0.8221758327624518	0.4490555055514596	0.7737793466902343	0.22650463482780653
psvid_77518_sp|P13073|COX41_HUMAN	P13073	COX41_HUMAN	-0.015203230822773861	0.07492396630108196	-0.19715137628855023	0.1667449146430025	-0.2029154564732956	0.8457031137105365	0.9698364156233259	0.06609903205501515	0.011798445972635907	0.09551171174385968	-0.2439899195501593	0.2675868114954311	0.12352878780223948	0.9071200007305223	0.9933197920610235	0.11754804982981736	-0.0909370676454977	0.11538864353025156	-0.38922173390554055	0.20734759861454516	-0.7880937401058591	0.46697568899778025	0.778964373318746	0.1385300633002592
psvid_66690_sp|Q07020|RL18_HUMAN	Q07020	RL18_HUMAN	-0.024583161807980147	0.12218006498344344	-0.3212897743128837	0.2721234506969234	-0.20120436023103605	0.8469839593735585	0.9698364156233259	0.2069597680717817	0.1935900365968206	0.11330921817430187	-0.10986154212890326	0.4970416153225445	1.7085109200826358	0.15607164475042765	0.71479445827052	0.15728252214729327	0.12979560652058697	0.15015076569067698	-0.258350658679172	0.5179418717203459	0.8644351956751035	0.4275626435752832	0.7652123980979626	0.2222549013683015
psvid_75621_sp|Q9Y6M9|NDUB9_HUMAN	Q9Y6M9	NDUB9_HUMAN	-0.021478792737976704	0.10678445098456756	-0.2807981237935003	0.23784053831754687	-0.20114157576256875	0.8470309665596756	0.9698364156233259	0.16815413285101247	-0.20683855040386456	0.09079664019989708	-0.44999955932784175	0.036322458520112594	-2.278041896137243	0.07882843842202658	0.6917486752637665	0.10600167143565131	-0.2877664935477491	0.11881732228196823	-0.5949144436274043	0.019381456531906205	-2.421923739914316	0.06090655577594025	0.5036298607729148	0.14771045313281192
psvid_87023_sp|P53985|MOT1_HUMAN	P53985	MOT1_HUMAN	0.025081157470346227	0.12503087703961774	-0.2785484730259967	0.3287107879666892	0.2005997083616307	0.8474366950526643	0.9698364156233259	0.21387516719170538	0.06655848720904611	0.2714111590190813	-0.6603033340544748	0.7934203084725671	0.24523121101430756	0.8172788492854901	0.9751168687974395	0.4510668547182005	-0.013116854973533876	0.28717387365835856	-0.7554738187273345	0.7292401087802668	-0.045675655680079634	0.9653685798790134	1.0	0.4954711532432867
psvid_31060_sp|O00487|PSDE_HUMAN	O00487	PSDE_HUMAN	0.04260828921463311	0.21406380158985278	-0.47723220553591206	0.5624487839651783	0.19904481233249696	0.8486012207049488	0.9698364156233259	0.41281143394267616	-0.2737861258315859	0.3424557687921106	-1.1909113638139077	0.643339112150736	-0.7994787963341013	0.46489322579176173	0.8337187464473949	0.575853450166896	-0.353759374819711	0.3181892882274919	-1.176292535299885	0.4687737856604629	-1.111789076214244	0.31769485896173505	0.6810157109210588	0.5540153948159771
psvid_58610_sp|Q9Y2D2|S35A3_HUMAN	Q9Y2D2	S35A3_HUMAN	0.0527734102961972	0.26539963901669034	-0.5917329407467264	0.6972797613391208	0.19884507187622213	0.8487508447733288	0.9698364156233259	0.5215882235664353	-1.2900038178809852	0.4323437054201715	-2.447856480495464	-0.13215115526650623	-2.9837460374895484	0.03591095614588808	0.6392260310717692	0.7322888533822711	-1.3729632740824185	0.39230013325219487	-2.387076194910912	-0.3588503532539249	-3.4997777408344453	0.017819341859879587	0.4566206351594144	0.692272793930172
psvid_32133_sp|Q6P2S7|TTC41_HUMAN	Q6P2S7	TTC41_HUMAN	-0.031890000945116626	0.16074185612516798	-0.4222415007999583	0.35846149890972506	-0.19839263844436522	0.8490897845944901	0.9698364156233259	0.29645337389751836	-0.9759800937781717	0.39606736367958406	-2.036681674168771	0.08472148661242751	-2.464177014513454	0.06359117258465505	0.6917486752637665	0.6692871894246201	-1.05720467262397	0.400958037757817	-2.0936986534680777	-0.020710691779862733	-2.6366965444462123	0.0470081519903125	0.5036298607729148	0.7083193975716877
psvid_47501_sp|P13639|EF2_HUMAN	P13639	EF2_HUMAN	-0.014147819654858118	0.07131487588216533	-0.18733151576004717	0.15903587645033093	-0.19838525244347027	0.8490953180973868	0.9698364156233259	0.04679316363373228	0.042366962229384963	0.07356249540945947	-0.15463956315909388	0.2393734876178638	0.5759315530769359	0.5928035211124063	0.8961189640378836	0.053974965265943704	-0.038403086576676904	0.08861776613692712	-0.26748386946961195	0.19067769631625814	-0.4333565181200646	0.6831369797984518	0.8766390038102199	0.03631181457568002
psvid_46983_sp|Q9UBR2|CATZ_HUMAN	Q9UBR2	CATZ_HUMAN	-0.02567470405216632	0.12958369435949	-0.3403605654034855	0.2890111572991529	-0.19813221238267656	0.8492848983123962	0.9698364156233259	0.2247876951709084	0.122491045401945	0.21330132304084784	-0.44874776697308083	0.6937298577769708	0.5742629424688922	0.5938384180948257	0.8961189640378836	0.3474174596784462	0.04248125036057815	0.18043215293280945	-0.4239437189738953	0.5089062196950516	0.23544168636283802	0.8233724976380193	0.951671010291804	0.2866281821045962
psvid_883479_sp|Q03518|TAP1_HUMAN	Q03518	TAP1_HUMAN	-0.026549455309544	0.13463307674213615	-0.3534974245767486	0.3003985139576606	-0.1971986078903507	0.849984459196619	0.9698364156233259	0.23672503924048352	-0.0402543958749928	0.16140159570055998	-0.4725013905444333	0.3919925987944477	-0.2494051914435511	0.8142458485115981	0.9751168687974395	0.25210595897127963	-0.1213567067925605	0.17250242374430633	-0.5672829810028032	0.32456956741768217	-0.7035072560629226	0.5136972217619389	0.8019169954051512	0.27018013541104136
psvid_24468_sp|Q16851|UGPA_HUMAN	Q16851	UGPA_HUMAN	-0.013843431319140898	0.07038080207778767	-0.18475878786857658	0.15707192523029478	-0.1966932872381958	0.8503631639888543	0.9698364156233259	0.04053454497469272	0.13614578311018555	0.10366745495833844	-0.14148434598658588	0.413775912206957	1.3132933876393453	0.25328623851803456	0.7500761027641372	0.1363477630112158	0.05426038067988248	0.1125338823902723	-0.2366446037688597	0.34516536512862467	0.4821692767312974	0.6504156210822284	0.8630110182644455	0.1306190605438713
psvid_48776_sp|P49638|TTPA_HUMAN	P49638	TTPA_HUMAN	-0.023037904838285606	0.11766249780067009	-0.30877388923175675	0.26269807955518554	-0.19579649649554187	0.8510353569293881	0.9698364156233259	0.19585213986901648	0.5605731621661163	0.3075378645766102	-0.2630390030873152	1.384185327419548	1.822777702309476	0.13576408419935376	0.7067636245123187	0.5147016917077831	0.4767226489021297	0.3317321230420828	-0.3808193290777151	1.3342646268819744	1.4370711058381695	0.21124659200532064	0.6186927031367531	0.5794273636803687
psvid_39363_sp|P0DMV8|HS71A_HUMAN	P0DMV8	HS71A_HUMAN	-0.014843677352046392	0.07582827638406445	-0.19898788304591414	0.16930052834182135	-0.1957538541013948	0.8510673230976126	0.9698364156233259	0.0702284653197502	0.005904257737636698	0.08467203920696798	-0.22085455664016912	0.23266307211544252	0.06973090282146902	0.9474588180478077	1.0	0.08988109825277377	-0.11178736277313028	0.10874245160238288	-0.3928913335985764	0.16931660805231585	-1.0280011267529734	0.35191423022252094	0.6990333245481015	0.11964923436963962
psvid_29207_sp|P00533|EGFR_HUMAN	P00533	EGFR_HUMAN	0.014291132477771917	0.07330042041303599	-0.1637143337894489	0.19229659874499275	0.19496658269139117	0.8516575434093646	0.9698364156233259	0.058097610853965025	0.21122240607757936	0.11205816044200415	-0.08887873523396356	0.5113235473891222	1.884935512455586	0.1258968251078609	0.7048513307479977	0.15462645014147186	0.13163645362395848	0.11761856289664747	-0.17241265126403155	0.4356855585119485	1.1191809386383054	0.31481853468396537	0.6810157109210588	0.14453677785727145
psvid_17967_sp|P61006|RAB8A_HUMAN	P61006	RAB8A_HUMAN	-0.015741045081282046	0.08107328519927377	-0.21262242519333333	0.18114033503076923	-0.1941582241621442	0.8522636816359105	0.9698364156233259	0.0912708759962719	0.11866884105000075	0.1402846680466789	-0.2570252522963556	0.4943629343963571	0.8459145443500239	0.44109122812336743	0.8295752455531222	0.21175053288638318	0.0264273602927787	0.13228533474701762	-0.31553598825605206	0.36839070884160946	0.19977543499676942	0.8496679802458939	0.959060261263668	0.18134272526262332
psvid_90372_sp|P42330|AK1C3_HUMAN	P42330	AK1C3_HUMAN	0.018719849937006927	0.09706858258649376	-0.21700510506112491	0.25444480493513877	0.1928517903341841	0.8532435278291386	0.9698364156233259	0.1417638008603944	0.03364367652082478	0.09077976797561876	-0.20947214717306814	0.27675950021471774	0.3706076504828769	0.7280630808568782	0.9547442772746325	0.10595920210975546	-0.04661882767554726	0.10426332769422177	-0.316144068227308	0.2229064128762135	-0.4471258371137799	0.6738217881793165	0.8687814337240958	0.10580076734253031
psvid_68918_sp|P13693|TCTP_HUMAN	P13693	TCTP_HUMAN	-0.017859278402042378	0.09266660564728894	-0.2428943089339108	0.20717575212982606	-0.19272615282811828	0.8533377730149142	0.9698364156233259	0.12902718035732647	0.6268422993578744	0.1331624315401429	0.2702221520398254	0.9834624466759234	4.707350955580198	0.0072906999361206605	0.5978373947618942	0.19777701020900226	0.5424812503605781	0.15702804576476143	0.1365569168092547	0.9484055839119017	3.454677460440739	0.01869112259792142	0.4644460766756232	0.23729808828032703
psvid_80100_sp|Q96HA9|PX11C_HUMAN	Q96HA9	PX11C_HUMAN	0.017242173560950036	0.09029411820156198	-0.20203142024777174	0.2365157673696718	0.19095566692905327	0.8546661572089808	0.9702700145696642	0.12188327328861856	-0.2250267159610173	0.26288523869438785	-0.9290554083379008	0.47900197641586617	-0.8559884042124472	0.4360552164378303	0.8276831523344766	0.4359772589655163	-0.305598105334112	0.23426557678042842	-0.9111848186214261	0.29998860795320204	-1.3044942818062506	0.24987546666081875	0.6462660267216375	0.3939681660688058
psvid_31422_sp|P04406|G3P_HUMAN	P04406	G3P_HUMAN	-0.016388151273493357	0.08596355801724317	-0.22514525171881775	0.19236894917183103	-0.19064068137112364	0.8549025433251005	0.9702700145696642	0.10818290977105287	-0.13211939632766834	0.07410551744473262	-0.3305801802181608	0.06634138756282412	-1.7828550542974355	0.1425269596202176	0.7067636245123187	0.056115167417582955	-0.232619353981534	0.10473421680581231	-0.5033618633840153	0.0381231554209473	-2.221044478833823	0.07802837939215986	0.5170253689101321	0.10731195340321649
psvid_86553_sp|P36980|FHR2_HUMAN	P36980	FHR2_HUMAN	0.017452371942940026	0.09325197119409505	-0.2090041820468956	0.24390892593277566	0.18715284748903147	0.8575211357265832	0.9724501568848616	0.13075711545076657	-0.14590631967753653	0.1324676429326745	-0.5006657648990216	0.20885312554394858	-1.1014487496519594	0.32718406786596116	0.7992702407549543	0.1964012696207577	-0.22578461518685267	0.11547974270920656	-0.5243047767899363	0.07273554641623087	-1.9551880692651742	0.10901981469979766	0.5319320213874119	0.13877825286472956
psvid_55271_sp|RETBP_HUMAN|		RETBP_HUMAN	-0.015572806182501786	0.08349903520063937	-0.21834496778813373	0.18719935542313015	-0.1865028277881532	0.8580093762270699	0.9724501568848616	0.09989443433886425	-0.32135053179362294	0.1200183611680702	-0.6427697575136437	6.869392639785588e-05	-2.677511412971329	0.050031703203505626	0.6837666104479102	0.17128199772011354	-0.3427921170474302	0.20899105804800427	-0.8830430992408274	0.197458865145967	-1.6402238461738035	0.16296940947555624	0.5735005224757174	0.34431062286137487
psvid_39774_sp|Q7KZF4|SND1_HUMAN	Q7KZF4	SND1_HUMAN	-0.012631900180013034	0.06850534625694045	-0.17899283008397598	0.15372902972394992	-0.18439291048373124	0.8595946398003779	0.9735740395529141	0.023820792852197594	0.11071177122212772	0.09129230043484307	-0.13377665733486246	0.3552001997791179	1.2127175095247453	0.28620496330915324	0.7858402699700607	0.10724528119519872	0.029344992850043328	0.09572533107446395	-0.21810915479051465	0.2767991404906013	0.306554101413513	0.7717590483838758	0.9198277689242694	0.07487427531835056
psvid_34711_sp|P33897|ABCD1_HUMAN	P33897	ABCD1_HUMAN	-0.013023018301170808	0.07146709934884381	-0.18657637953256556	0.16053034293022395	-0.18222396627017287	0.8612249952815202	0.9747474066678351	0.047742569166012244	0.14439805889459167	0.411896669988448	-0.9586957298878154	1.2474918476769987	0.350568648439526	0.7420343585910564	0.9568385344346946	0.6967962644806773	0.06288469174899103	0.3849274622919936	-0.9321695537235333	1.0579389372215153	0.16336764172281562	0.8767415687301403	0.9687449624358292	0.6785940801509955
psvid_78761_sp|P60228|EIF3E_HUMAN	P60228	EIF3E_HUMAN	-0.014019429394696026	0.07806827634080432	-0.20360333426752134	0.17556447547812928	-0.1795790819499421	0.8632141129377064	0.9763249277364404	0.07972187463658725	-0.04827045077474734	0.20376534638163005	-0.5939711187820312	0.49743021723253655	-0.2368923451995714	0.8233494438794297	0.9764997395041832	0.33017083648360157	-0.12986146189619463	0.22839921028770402	-0.7202833624436601	0.46056043865127083	-0.568572289425231	0.5946692878663743	0.8401517092289622	0.38252983193952567
psvid_45339_sp|Q6NVY1|HIBCH_HUMAN	Q6NVY1	HIBCH_HUMAN	-0.016178630361386226	0.09099687262341212	-0.23715881913679304	0.2048015584140206	-0.17779325700940307	0.8645577829231835	0.9771707539586636	0.12402272967698415	-0.30630897339399654	0.17108327068558984	-0.764484304753549	0.15186635796555598	-1.7904086832482833	0.1412208862054939	0.7067636245123187	0.2702145479825912	-0.38880378933177606	0.1563959844535419	-0.7930942168806984	0.015486638217146242	-2.48602156052972	0.05633801655192356	0.5036298607729148	0.23592818428793855
psvid_418_sp|P61158|ARP3_HUMAN	P61158	ARP3_HUMAN	-0.014764569940144412	0.08385221499633393	-0.21839440649299385	0.18886526661270503	-0.1760784725935973	0.8658484655113372	0.9777087195850053	0.10110870285745417	-0.25657176043395635	0.3153150032434093	-1.1010117545651648	0.587868233697252	-0.8136998169918805	0.45750111020778084	0.8337187464473949	0.5283475174320972	-0.3374856177642398	0.3169272221337274	-1.1567562824557536	0.4817850469272741	-1.0648678756343555	0.3364886401980739	0.6906650437106898	0.5516430271059386
psvid_25318_sp|Q02338|BDH_HUMAN	Q02338	BDH_HUMAN	0.013354767447297355	0.07606221513839441	-0.17135754381551296	0.19806707871010767	0.17557689350748587	0.8662260789981784	0.9777087195850053	0.07126548654024478	-0.24999981966325535	0.21670530891110235	-0.8303547913669937	0.33035515204048305	-1.1536395712659315	0.3073444540144438	0.7858402699700607	0.353553135558603	-0.12068486464110384	0.10360731138888683	-0.3885142744879419	0.14714454520573422	-1.1648296150463449	0.29755572996242613	0.6684813659429847	0.10367041726137188
psvid_59353_sp|O14773|TPP1_HUMAN	O14773	TPP1_HUMAN	-0.022487118647330995	0.12881493794424845	-0.3353061033372354	0.2903318660425734	-0.17456918433686236	0.8669848482574372	0.9778921259574945	0.22295562286634923	0.21875271154389475	0.3279645179163986	-0.6595637425919011	1.0970691656796907	0.6670011528492756	0.538079589125843	0.8696729157482714	0.5505095198456247	0.1382795541228813	0.2819434396006024	-0.590556509916868	0.8671156181626306	0.49045139804907817	0.6449488121247903	0.8611859526823188	0.48554153885686724
psvid_83076_sp|P28331|NDUS1_HUMAN	P28331	NDUS1_HUMAN	-0.012159024856291722	0.07114380111698243	-0.18492727664108882	0.16060922692850538	-0.17090772021442208	0.8697430932944712	0.9798234774113522	0.04570515135356256	0.005606187370981619	0.10021145292813943	-0.2627684787631035	0.27398085350506673	0.05594357937312571	0.9578324382320511	1.0	0.12853152835326148	-0.07365151154802252	0.11040153323351722	-0.35904428060785754	0.2117412575118125	-0.6671239917677373	0.5347651822679621	0.8138211960662557	0.12452194244678252
psvid_49958_sp|P51991|ROA3_HUMAN	P51991	ROA3_HUMAN	-0.013607823123458651	0.07971307808461126	-0.20718602570526984	0.17997037945835254	-0.1707100447057716	0.8698920628725175	0.9798234774113522	0.08618149206333532	0.07380030327816067	0.09257035364747355	-0.174110858850882	0.32171146540720336	0.7972347557319162	0.4660679615803659	0.8337187464473949	0.11041746011237974	-0.008105369423094921	0.09039244715057775	-0.24177377998613103	0.2255630411399412	-0.0896686579310417	0.932094001175004	0.9945570344352678	0.048560748108310854
psvid_22230_sp|O43504|LTOR5_HUMAN	O43504	LTOR5_HUMAN	0.01485743736604661	0.08837947848170831	-0.1997665741599836	0.22948144889207683	0.1681095840492159	0.871852325966931	0.9807685352197362	0.11594336546809902	-0.1219843293503935	0.2047404037117563	-0.6702962825729698	0.4263276238721828	-0.5957999844629059	0.5805684123309669	0.8922959468515108	0.33193849319156604	-0.20183873051440104	0.1843277020219821	-0.6783338638131371	0.274656402784335	-1.0949994401293555	0.3243129696520408	0.6810157109210588	0.29462791842338676
psvid_96916_sp|Q8NBN7|RDH13_HUMAN	Q8NBN7	RDH13_HUMAN	-0.01404407400968477	0.08370632925514973	-0.21731963620455777	0.18923148818518823	-0.16777792234654418	0.872102408696103	0.9807685352197362	0.10060828856879311	0.18425962058631962	0.19804835464243165	-0.3461304646036597	0.7146497057762989	0.9303769320325481	0.40027225403931277	0.8101536433552932	0.3197858193338295	0.10375937481971098	0.22110003836595857	-0.46779384858552164	0.6753125982249436	0.4692870050432618	0.6589687426880515	0.8651228052658235	0.36822872168794407
psvid_67794_sp|Q7L2H7|EIF3M_HUMAN	Q7L2H7	EIF3M_HUMAN	-0.02694356475755999	0.1611499965673468	-0.41828620803699834	0.36439907852187836	-0.1671955651969245	0.872541562114937	0.9807685352197362	0.29736697643593324	-0.7848098324209496	0.21445015976357995	-1.359125325782997	-0.21049433905890225	-3.6596374341066533	0.018225474996208548	0.6359527445485537	0.34948938648740074	-0.8648997243312624	0.1924414893250766	-1.362369350992285	-0.36743009767023976	-4.494351646126859	0.006723649382778457	0.39647783251920843	0.31114216115747345
psvid_65291_sp|Q8IZ81|ELMD2_HUMAN	Q8IZ81	ELMD2_HUMAN	0.0212530838929883	0.12794031993089508	-0.289441945894674	0.3319481136806506	0.16611717013422989	0.8733549063530703	0.9807685352197362	0.22086622162266384	-0.3397641661053865	0.20508834202928705	-0.8890079272907665	0.20947959507999347	-1.656672255202431	0.1662968114568284	0.7176098719675167	0.33256902077107126	-0.4219433265762331	0.1854781341327281	-0.9014123769582283	0.057525723805761986	-2.274895251395459	0.07298016625875454	0.5124776378946586	0.29698116482500836
psvid_55195_sp|Q13510|ASAH1_HUMAN	Q13510	ASAH1_HUMAN	0.018333763468577402	0.11069005517859173	-0.2504700820234943	0.2871376089606491	0.16563153247143098	0.8737212377780699	0.9807685352197362	0.17827856026381977	-0.117634487416022	0.13023648618186356	-0.4664187079441672	0.23114973311212317	-0.9032375708582616	0.41304110638875147	0.8101536433552932	0.19196668546312706	-0.19500857901452284	0.14480328143008256	-0.5693313646308333	0.1793142066017877	-1.346713811238329	0.23690677942013125	0.6388933367165721	0.21032307427568148
psvid_36643_sp|O00168|PLM_HUMAN	O00168	PLM_HUMAN	-0.014615456292214724	0.09099221985644752	-0.23558434611533316	0.2063534335309037	-0.16062314245407544	0.8775011907796466	0.9843378610660879	0.1240086321536512	1.204219514435962	0.2264481730009694	0.5977723364932537	1.8106666923786703	5.317859263235508	0.004561037910857887	0.5727769937574851	0.37106100553828986	1.1229632740824185	0.18933830491092096	0.6335155142100206	1.6124110339548163	5.930988315389985	0.0020701242045229238	0.39647783251920843	0.3048483459697951
psvid_50395_sp|Q9P0J0|NDUAD_HUMAN	Q9P0J0	NDUAD_HUMAN	0.014217281096088108	0.08933847086438881	-0.2027355831877279	0.23117014537990413	0.15913951692400474	0.8786215991396782	0.9849209997191197	0.11893968095581701	0.0015224773794497715	0.08578701900765766	-0.2282223463117917	0.23126730107069124	0.01774717663652434	0.9866153399815355	1.0	0.09293580859473874	-0.07954399000656387	0.11197341682687573	-0.36900014657750746	0.20991216656437972	-0.7103828056756397	0.5097809551700293	0.8019169954051512	0.12903323755707322
psvid_80789_sp|Q9NRZ7|PLCC_HUMAN	Q9NRZ7	PLCC_HUMAN	-0.014295624310837418	0.09131938018925212	-0.2360590024500783	0.20746775382840346	-0.15654534975172718	0.8805814030811351	0.986443648260288	0.12499777084111258	-0.19123395501045426	0.18196044997113933	-0.6785392837300214	0.29607137370911285	-1.0509643993559359	0.34744775563198294	0.7995936304778763	0.2903436042141832	-0.2707174324874648	0.199886148714812	-0.7874318277283758	0.24599696275344618	-1.3543581395112652	0.23462689228702902	0.6353511083708343	0.3261400260593192
psvid_77802_sp|Q9BUR5|MIC26_HUMAN	Q9BUR5	MIC26_HUMAN	0.012536360806485902	0.08159570523480068	-0.18561368354360525	0.21068640515657705	0.1536399589955272	0.8827774183262876	0.987383136959416	0.09317349551626163	-0.5936837604661998	0.14138910737067162	-0.9723356348463711	-0.2150318860860284	-4.198935628823043	0.011158002625104094	0.6219650821978125	0.21389804881296887	-0.6711245435680175	0.15839285219070365	-1.0805769611388485	-0.26167212599718653	-4.237088569880599	0.008532272635845082	0.39647783251920843	0.24024803167280528
psvid_42815_sp|P62280|RS11_HUMAN	P62280	RS11_HUMAN	0.018876101978239745	0.12287056126481032	-0.27950733736923716	0.31725954132571665	0.15362591156036162	0.8827880387349402	0.987383136959416	0.20864102293873316	0.000834534743922255	0.07632312452584401	-0.20356518668933418	0.2052342561771787	0.01093423191341794	0.991753233365147	1.0	0.06425816241118691	-0.03944326904674478	0.12040547771604061	-0.3506966700540484	0.27181013196055887	-0.32758699848993733	0.7567329637638698	0.9111909402149387	0.15186059757471337
psvid_16249_sp|P60900|PSA6_HUMAN	P60900	PSA6_HUMAN	0.013671052170820097	0.08932624033573676	-0.20325211104248178	0.23059421538412198	0.15304631785057585	0.8832262572679654	0.987383136959416	0.11890174165906828	-0.6697162583394496	0.2815459741392287	-1.423719963536643	0.08428744685774381	-2.378710121453432	0.07013947834083858	0.6917486752637665	0.4689648265654718	-0.751606567289858	0.24483278438971692	-1.3845099722255214	-0.11870316235419442	-3.069877137424026	0.02846726460285965	0.48232346954803157	0.41446138711321745
psvid_61561_sp|Q6NXT6|TAPT1_HUMAN	Q6NXT6	TAPT1_HUMAN	-0.017819126294605248	0.11749963088356616	-0.3031595986111302	0.2675213460219197	-0.15165261508151243	0.8842801902303219	0.9878879509385068	0.1954479521927701	0.025934692354629973	0.09250810018044887	-0.22180974977445003	0.27367913448370995	0.280350502324024	0.7918824476486144	0.9686200888248205	0.11026405043185548	-0.055598105334111914	0.09664056816792443	-0.30541818070047855	0.19422197003225472	-0.5753081380637541	0.5904466451782525	0.8383831152314581	0.07862759460574914
psvid_63242_sp|Q99832|TCPH_HUMAN	Q99832	TCPH_HUMAN	0.012077103255701438	0.08030644246165188	-0.18294204744081782	0.2070962539522207	0.15038772588473864	0.8852369362062024	0.9878936230794663	0.08842703694697669	0.09851887142675286	0.17724245831206323	-0.37615128038109025	0.573189023234596	0.5558423888101061	0.6053380213216518	0.902812453538994	0.2816376877370663	0.015469386873097624	0.20860386610220985	-0.5237806872864029	0.5547194610325982	0.07415676018927699	0.9438125644293821	0.9963964473527942	0.3435413967999507
psvid_94579_sp|O75964|ATP5L_HUMAN	O75964	ATP5L_HUMAN	-0.013074412904301447	0.0871318600812418	-0.22466866151973436	0.19851983571113146	-0.15005318252256816	0.8854900158090339	0.9878936230794663	0.11197603465029617	0.17174053102193065	0.15045544969555938	-0.23119176763513333	0.5746728296789947	1.141470989382178	0.31187107098476785	0.7900271547975081	0.23135916701878692	0.09172888741516794	0.1693456195606779	-0.3460369105683562	0.5294946853986922	0.5416667266217697	0.611717577639265	0.8454787128573634	0.26356383462130645
psvid_91615_sp|Q93099|HGD_HUMAN	Q93099	HGD_HUMAN	-0.013821859181606833	0.09424254489783657	-0.24268395918349778	0.2150402408202841	-0.14666262669997282	0.8880557705932491	0.9884237384190316	0.13365767892023395	-0.1638269889765689	0.08043760373815093	-0.3792456304299784	0.05159165247684061	-2.036696536981335	0.1048648147800315	0.6917486752637665	0.07761633686008423	-0.24486294014065568	0.09753847034647059	-0.4970041317232086	0.007278251441897254	-2.5104242384657818	0.054698225900020735	0.5036298607729148	0.08217575913520915
psvid_95074_sp|O15144|ARPC2_HUMAN	O15144	ARPC2_HUMAN	-0.013034247068982374	0.08905209517061603	-0.22929166597048845	0.2032231718325237	-0.14636654021457773	0.8882799004269993	0.9884237384190316	0.11804951238954095	0.036537073066222	0.3100635777146128	-0.7938391635618456	0.8669133096942896	0.11783735882661871	0.9113745433858675	0.9951093549619326	0.519135119512873	-0.04248125036057804	0.3209262124643946	-0.8720894791282956	0.7871269784071395	-0.132370771568842	0.8999455439956185	0.9751799558415072	0.5591575710430509
psvid_88221_sp|P20674|COX5A_HUMAN	P20674	COX5A_HUMAN	-0.013372662520804823	0.09142991803996767	-0.23540447488656072	0.20865914984495107	-0.146261342102036	0.8883595353932451	0.9884237384190316	0.12533100439022227	0.166195662155328	0.16693087690425495	-0.2808592107919298	0.6132505351025859	0.9955956934836648	0.37091733776008373	0.801546448152564	0.2624724145838762	0.13476969080555423	0.16856831398343355	-0.3009867384255796	0.570526120036688	0.7994959884263838	0.4609222592100173	0.7776897008297246	0.26192815114198215
psvid_80719_sp|P09110|THIK_HUMAN	P09110	THIK_HUMAN	-0.011282604313207933	0.07715148160634479	-0.19864013076611112	0.17607492213969525	-0.14623963245159602	0.8883759697741784	0.9884237384190316	0.07594693272380576	0.021024519536194664	0.10278028264034945	-0.25422968777033556	0.2962787268427249	0.20455790737377155	0.847021819232729	0.9778892202407429	0.13435975974690192	-0.05972687702986623	0.1271363396790417	-0.38837984919817264	0.2689260951384402	-0.46978603584661915	0.6586362936982987	0.8651228052658235	0.16886097514401405
psvid_49997_sp|Q5VT66|MARC1_HUMAN	Q5VT66	MARC1_HUMAN	0.015082148175030063	0.10464364308893935	-0.2390383653907363	0.26920266174079643	0.14412866113817688	0.8899742792309338	0.9895307240262586	0.1625014146105184	-0.02484967093668944	0.12648205847361593	-0.3635792195357882	0.3138798776624093	-0.19646795155435473	0.8529755346552018	0.9778892202407429	0.18444284310872203	-0.1073842672434896	0.1491781940272777	-0.4930163923584405	0.27824785787146133	-0.7198389010115919	0.5044288500585227	0.7997305200332263	0.22010129805458015
psvid_85176_sp|P43490|NAMPT_HUMAN	P43490	NAMPT_HUMAN	0.014282497064773914	0.09991785691556714	-0.2283617416511322	0.25692673578068004	0.14294238793415023	0.8908727065797771	0.989858562866419	0.14971542329079854	0.08482143397093189	0.2290243944034291	-0.5285250807099473	0.6981679486518111	0.3703598221136128	0.7282351279131869	0.9547442772746325	0.3756781746107973	0.005238992021724065	0.22861475262408176	-0.5857400948475868	0.596218078891035	0.022916246487114066	0.982619392094079	1.0	0.38295094164284943
psvid_68267_sp|P57772|SELB_HUMAN	P57772	SELB_HUMAN	-0.013576532223654958	0.09628902337686437	-0.24740837665282878	0.22025531220551886	-0.14099771445928933	0.8923458914117253	0.9904236851857169	0.13955116324236	-0.1294202432566789	0.171244454051285	-0.5880272371726643	0.3291867506593064	-0.7557631222201192	0.48818345275373143	0.845428577102555	0.2705143827533283	-0.20824812048499564	0.1512144063421714	-0.5991439430679164	0.18264770209792514	-1.377171167234999	0.22794489134164322	0.6252216467363456	0.22460229924868444
psvid_59595_sp|O43776|SYNC_HUMAN	O43776	SYNC_HUMAN	0.015936339448365366	0.11328346415923941	-0.2591654368361972	0.2910381157329279	0.14067666068159868	0.8925891504295668	0.9904236851857169	0.18488336726110818	-0.6040265067245136	0.27331824469737714	-1.3359956632001961	0.12794264975116876	-2.209975069148064	0.085372625756691	0.6917486752637665	0.45443786140716336	-0.6842413985415515	0.24652600015825482	-1.3215218399426116	-0.04696095714049131	-2.775534418691375	0.039901881818900545	0.4861678145147409	0.4177329385998854
psvid_53264_sp|Q15436|SC23A_HUMAN	Q15436	SC23A_HUMAN	-0.012436909723003708	0.08914421700037438	-0.22891804070101798	0.20404422125501057	-0.13951448721515472	0.8934698230065931	0.9904816337786756	0.11833628168755009	-0.005712958679779501	0.12300478238579235	-0.3351300706076438	0.3237041532480848	-0.04644501269764756	0.9649850408245522	1.0	0.17739804610422355	-0.08821489245577263	0.12050975671289715	-0.39973785920909466	0.2233080742975494	-0.7320145261427761	0.4975957223097941	0.7969306490117796	0.15213103510374934
psvid_46243_sp|P39060|COIA1_HUMAN	P39060	COIA1_HUMAN	-0.012685346466101421	0.09125242069037785	-0.2342861176686976	0.20891542473649477	-0.1390138077448178	0.8938492792636828	0.9904816337786756	0.1247956748891383	-0.42979572593295723	0.20136567705258535	-0.9690698784452868	0.10947842657937235	-2.134404096189237	0.09334198227634508	0.6917486752637665	0.32581620963341773	-0.5110985298396135	0.1825979284086101	-0.9831221230527359	-0.039074936626490975	-2.7990379425110357	0.038821157305085466	0.48232346954803157	0.29108180712552817
psvid_74784_sp|P02792|FRIL_HUMAN	P02792	FRIL_HUMAN	0.010993829819534895	0.08033491787237092	-0.1840944716231006	0.2060821312621704	0.13684995405112543	0.8954895766316853	0.9906913568675062	0.08853378083383537	-0.051580635519512086	0.08824030943329217	-0.28789557649447106	0.18473430545544686	-0.5845473100760823	0.5874779828955587	0.8948438526472344	0.09945627304045149	0.03211237864142236	0.14868088180425476	-0.3522341727295878	0.4164589300124325	0.21598189526276676	0.8376894325249117	0.9528490542129893	0.21899735837537856
psvid_56562_sp|P11021|BIP_HUMAN	P11021	BIP_HUMAN	0.01142156918017001	0.08356644556729413	-0.1915142942661882	0.21435743262652823	0.136676498595031	0.8956210880533116	0.9906913568675062	0.10012693798655098	0.10823984079844085	0.07325205608571721	-0.08793530207406985	0.30441498367095154	1.4776355311007523	0.20714104956990503	0.7258795267620202	0.05271979674144036	0.05025047127267035	0.08842193393045612	-0.17832407684218746	0.27882501938752813	0.5683032369795527	0.5948383352978636	0.8401517092289622	0.034714452862606056
psvid_23288_sp|Q09666|AHNK_HUMAN	Q09666	AHNK_HUMAN	-0.0171302117874097	0.1257555581101501	-0.32251968473933834	0.28825926116451894	-0.13621832740311357	0.8959684841849569	0.9906913568675062	0.21562252916336716	0.07247212782343393	0.1476899059552396	-0.3230538130142323	0.46799806866110016	0.4907046785268999	0.6470745230737022	0.9190364020538448	0.2260626420899186	-0.009454010872946061	0.1599306502809954	-0.4228817034457555	0.40397368169986336	-0.05911318972526859	0.955192850555604	1.0	0.24355906284850368
psvid_47551_sp|P11498|PYC_HUMAN	P11498	PYC_HUMAN	-0.009976060026813727	0.07382104970590654	-0.18924584182602724	0.1692937217723998	-0.1351384200923321	0.8967873943911405	0.9906913568675062	0.06075879436578551	0.10354779214670584	0.07285186995511594	-0.0915556187425492	0.2986512030359609	1.421347073321545	0.22194143710134595	0.7302695962541623	0.051064439111523814	0.02191282942308237	0.08863885125449658	-0.20722245941658055	0.2510481182627453	0.24721472709711756	0.8147482766907854	0.9463081967230086	0.03647983589800209
psvid_72301_sp|O95816|BAG2_HUMAN	O95816	BAG2_HUMAN	-0.011195420905656839	0.08415994949994436	-0.21557257136875427	0.1931817295574406	-0.1330255183395071	0.8983900393851111	0.9906913568675062	0.10215907005358316	0.1495012174227881	0.14181207183741462	-0.23028339123307662	0.5292858260786528	1.0542206702556955	0.3461083508590453	0.7995936304778763	0.21471921034062807	0.06839126833149112	0.12092630180730762	-0.24420848562260872	0.38099102228559095	0.565561563608143	0.5965626101325658	0.8401517092289622	0.15320885968929246
psvid_29541_sp|Q9UL12|SARDH_HUMAN	Q9UL12	SARDH_HUMAN	-0.01315407683862535	0.09978898027496023	-0.25548534672880147	0.22917719305155076	-0.13181893233481679	0.8993054745919188	0.9906913568675062	0.14936005465555832	-0.29101210402605737	0.290461297377968	-1.068891791735847	0.4868675836837322	-1.0018963168348471	0.36817999141976043	0.8008158964567733	0.4846775835781969	-0.37258140664577044	0.258627153011161	-1.0411438549207963	0.2959810416292553	-1.4406121024333889	0.2102968717078653	0.6186927031367531	0.441027015839725
psvid_67812_sp|Q04760|LGUL_HUMAN	Q04760	LGUL_HUMAN	0.011069607431325679	0.08400904020877967	-0.19294106929824525	0.2150802841608966	0.13176685989764242	0.8993449856882078	0.9906913568675062	0.10164485817723272	-0.10771468494713421	0.1072793374734116	-0.39501773800393847	0.17958836810967005	-1.0040580738469838	0.3672447703188	0.8001457495982909	0.14432416210837948	-0.18424139854155142	0.12077385148651726	-0.4964470617804218	0.12796426469731897	-1.5255073534035588	0.18872070583030917	0.5907754673653401	0.1528148402148035
psvid_882652_sp|Q66PJ3|AR6P4_HUMAN	Q66PJ3	AR6P4_HUMAN	-0.012626391570647044	0.0965978166455041	-0.24720812105443124	0.22195533791313715	-0.13071094160423458	0.9001462542714155	0.9906913568675062	0.1404296493793361	-0.5000762684628111	0.19753711594075396	-1.0290972135807872	0.02894467665516509	-2.531555986738187	0.05890781071310578	0.6917486752637665	0.31885534058678994	-0.5804820237218404	0.2143449454964776	-1.1345730380180763	-0.02639100942560446	-2.7081675398376945	0.0431891727510366	0.4988045303640846	0.3549178728525311
psvid_49595_sp|P09601|HMOX1_HUMAN	P09601	HMOX1_HUMAN	-0.010859276797092754	0.08309977160738106	-0.21266185184809108	0.19094329825390557	-0.13067757693004556	0.90017157467315	0.9906913568675062	0.09850999801075787	-0.0008791961654881497	0.15234085917607107	-0.40886077936112886	0.40710238703015256	-0.00577124331740837	0.9956471623620515	1.0	0.23495645828168937	-0.08080936862688382	0.13637636238333045	-0.4333482016932898	0.2717294644395222	-0.5925467376798231	0.5797240325014628	0.8354268899587258	0.1910023452009853
psvid_59069_sp|P31153|METK2_HUMAN	P31153	METK2_HUMAN	0.010859584138945166	0.08320418179267416	-0.19119654448802748	0.2129157127659178	0.13051728777292435	0.9002932196588247	0.9906913568675062	0.09887326662018665	-0.061061510054435164	0.1535027309587502	-0.47215468321964477	0.35003166311077444	-0.3977877766281815	0.709310344893567	0.9511602335449304	0.2371680266572706	-0.14324746476376982	0.14987636755574088	-0.5306843988404852	0.24418946931294555	-0.9557708603425707	0.38385390012831044	0.7252539126848262	0.22164799570691632
psvid_69463_sp|Q92604|LGAT1_HUMAN	Q92604	LGAT1_HUMAN	-0.009703597323848179	0.0747172216831166	-0.19114967647251763	0.17174248182482127	-0.1298709602051603	0.9007837537469494	0.9906913568675062	0.06512547102287426	0.010854929931725987	0.17007158185106075	-0.444611013974947	0.466320873838399	0.06382565396041376	0.9519005878141061	1.0	0.26833144087747185	-0.07187186238958299	0.14340962103522878	-0.44259197522076965	0.2988482504416037	-0.5011648581926561	0.6379148912121116	0.8573879043294115	0.20717471944279858
psvid_87167_sp|O15488|GLYG2_HUMAN	O15488	GLYG2_HUMAN	0.018716471661544	0.14554221014377577	-0.334723642763737	0.372156586086825	0.12859823719218422	0.9017498335336637	0.9906913568675062	0.2620311020044041	0.06341885094848054	0.2560261962492405	-0.6222407511455192	0.7490784530424803	0.24770453913529433	0.8154811609248267	0.9751168687974395	0.4238136289690087	-0.017042875660394863	0.2718425603494616	-0.7197677271563411	0.6856819758355513	-0.06269391973974107	0.9524828501625825	0.9987671830349332	0.4663106607768874
psvid_59234_sp|Q9Y6N5|SQOR_HUMAN	Q9Y6N5	SQOR_HUMAN	-0.010044019889461353	0.07821743897221092	-0.19999015684231516	0.17990211706339246	-0.12841151565995138	0.9018915828068212	0.9906913568675062	0.080323365890558	-0.01866720256942811	0.09458389401817999	-0.2719707944951263	0.23463638935627007	-0.19736132417893562	0.8523174928332469	0.9778892202407429	0.11532259230319708	-0.09960824329919937	0.1203307461572884	-0.41066845997415014	0.2114519733757514	-0.827787132384254	0.44615527128682964	0.7711769837645075	0.1516666361785407
psvid_82741_sp|O15321|TM9S1_HUMAN	O15321	TM9S1_HUMAN	-0.018441893553993616	0.14492324233088782	-0.37037888352900983	0.3334950964210226	-0.1272528357589958	0.9027712801076946	0.9909939085519538	0.2606105691697426	-0.75003213361087	0.4122821301472755	-1.8541582169904574	0.35409394976871744	-1.8192205743745027	0.13635280276183212	0.7067636245123187	0.6974657725878416	-0.8304820237218404	0.39018670003955896	-1.8391316277003642	0.17816758025668333	-2.1284221723540098	0.0876058678365597	0.5204027816531388	0.688353055862838
psvid_51782_sp|P50148|GNAQ_HUMAN	P50148	GNAQ_HUMAN	-0.011541589426644627	0.09187708011149096	-0.2346593067925356	0.21157612793924635	-0.1256198979401516	0.9040113000881149	0.9916913258491695	0.12667416305435922	-0.6017800618559752	0.39501178055101305	-1.6596547021970158	0.4560945784850654	-1.5234483918847566	0.19581807690658656	0.7232919957810855	0.6674516440781711	-0.6842413985415514	0.3924428377473419	-1.698723216701762	0.33024041961865924	-1.743544110701982	0.14278658312980108	0.5556992839403372	0.692537425899372
psvid_97380_sp|P62888|RL30_HUMAN	P62888	RL30_HUMAN	0.008436183245577489	0.06777322344139879	-0.1561468323925324	0.1730191988836874	0.12447664161749619	0.9048796414567247	0.9919803556076394	0.012466895474474084	-0.03720012616543267	0.07322492250921067	-0.2333026030469494	0.15890235071608408	-0.5080254767187143	0.6358168984407753	0.9190364020538448	0.05260892294514638	-0.20464483992996474	0.11586574955939681	-0.5041628460432224	0.09487316618329283	-1.7662237607590556	0.1387052120427237	0.5556992839403372	0.13982715264844275
psvid_37590_sp|Q08170|SRSF4_HUMAN	Q08170	SRSF4_HUMAN	-0.020963839420184982	0.17047315979237043	-0.4349471989138593	0.39301952007348934	-0.12297442861807753	0.9060208398724164	0.9920566478065955	0.3181107865761164	0.387068573718524	0.12935093021328856	0.04065594626148006	0.7334812011755679	2.9923911106033887	0.03558420260090754	0.6392260310717692	0.1901992360169008	0.305598105334112	0.13093548852068976	-0.03287583196241445	0.6440720426306386	2.3339593320860677	0.06784438304774644	0.512092475541875	0.17810803565545877
psvid_59309_sp|Q96CS3|FAF2_HUMAN	Q96CS3	FAF2_HUMAN	-0.010804119307341153	0.08798679787752817	-0.2244745306541731	0.2028662920394908	-0.12279250487533115	0.9061590600087074	0.9920566478065955	0.11470342641945469	-0.14696263791457742	0.21367142848001763	-0.7191926236612021	0.4252673478320472	-0.6877973295728738	0.5260793183169594	0.8667313206910913	0.3480850748822849	-0.2289643792603182	0.23128317503512302	-0.8268414542155154	0.36891269569487894	-0.9899742133233311	0.36844343985961764	0.7124524044277046	0.38815889718525554
psvid_58601_sp|P29966|MARCS_HUMAN	P29966	MARCS_HUMAN	-0.013786485587453434	0.11309469862145059	-0.2884298566216785	0.26085688544677166	-0.12190213825671366	0.9068355850360856	0.992134996303656	0.18440552588319428	-0.10753121219983308	0.30238395066420404	-0.9173407642278313	0.7022783398281651	-0.35561150637669253	0.7385071693354022	0.9568385344346946	0.5056493482468788	-0.18660648085381837	0.3153444380472127	-1.0017855797849289	0.6285726180772923	-0.5917544701577392	0.5802141632091394	0.8354268899587258	0.5486667188278127
psvid_151851_sp|P56378|ATP68_HUMAN	P56378	ATP68_HUMAN	0.017882642589608366	0.15419597406259458	-0.35657259388621193	0.39233787906542866	0.1159734727078481	0.9113424883088789	0.9942939585191921	0.2817295537882544	-0.6394767378335229	0.4844028525218455	-1.936748157629935	0.6577946819628893	-1.3201341290711823	0.25118198265975467	0.7489790028399956	0.8224831218371484	-0.7192858130536166	0.44550225532751925	-1.8709285352737326	0.4323569091664994	-1.6145503293239678	0.16841267435568164	0.5742338475183212	0.7906340700939253
psvid_55431_sp|Q13740|CD166_HUMAN	Q13740	CD166_HUMAN	-0.014476092804534879	0.12549665825510786	-0.3192368437224885	0.29028465811341875	-0.1153504245117673	0.9118163341086896	0.9942939585191921	0.2149987383233936	-0.13642343916705935	0.23151746761509076	-0.756446612765431	0.4835997344313123	-0.5892576511499774	0.5845793066945242	0.8948438526472344	0.38014177290328	-0.21861727947903542	0.23890735242365713	-0.8362031848552267	0.39896862589715587	-0.9150713749962743	0.4028687665172759	0.7448757351615923	0.40298673790077827
psvid_73598_sp|P06756|ITAV_HUMAN	P06756	ITAV_HUMAN	-0.009741662317671818	0.08486565575256486	-0.21583257608304715	0.19634925144770352	-0.11478921869259698	0.9122431808226429	0.9942939585191921	0.10454208258378901	-0.7260417403792725	0.11530085059798593	-1.0348270775841926	-0.4172564031743525	-6.2969330808384765	0.002331270211826038	0.5727769937574851	0.16147950571542316	-0.8055981053341119	0.102192531318507	-1.0697702471152761	-0.5414259635529477	-7.883140724083606	0.0005746104077282449	0.31412035622477386	0.09896845994796119
psvid_81942_sp|P35270|SPRE_HUMAN	P35270	SPRE_HUMAN	-0.012241342006396927	0.10677806560038268	-0.271545166557555	0.24706248254476115	-0.11464285232708932	0.9123545106488075	0.9942939585191921	0.16813738770632303	0.37012986063040065	0.40544219164866835	-0.7156782944355669	1.4559380156963682	0.9129041531798269	0.4084555134575992	0.8101536433552932	0.685582913384852	0.2880007733612625	0.35895525960209795	-0.6399141976179045	1.2159157443404296	0.8023305569627577	0.45942646696169115	0.7776897008297246	0.6302904926785273
psvid_70920_sp|P31327|CPSM_HUMAN	P31327	CPSM_HUMAN	0.008202914462121846	0.07205629303190896	-0.16678126661566303	0.18318709553990672	0.11384036170843981	0.9129649429845972	0.9942939585191921	0.051269409451226225	0.29414234088842406	0.20803803550981306	-0.2630009465477301	0.8512856283245782	1.4138873219390187	0.22397902860722174	0.7302695962541623	0.33790942705975335	-0.0010681720108842718	0.10017967939364411	-0.26003700394915913	0.2579006599273906	-0.010662561682664377	0.9919124145740673	1.0	0.0919878033159536
psvid_57016_sp|P48047|ATPO_HUMAN	P48047	ATPO_HUMAN	-0.014790055318061768	0.13055361153298023	-0.3318312995953568	0.30225118895923325	-0.11328721698614617	0.9133857424781091	0.9942939585191921	0.2270934114343164	-0.0702428077901156	0.09949130027037023	-0.3366888447760636	0.19620322919583238	-0.7060195976857164	0.5157193336207466	0.8656905907246925	0.1268770064455073	-0.08503492209970687	0.17445536943311502	-0.5360096459249896	0.36593980172557583	-0.4874308103902108	0.646939691283303	0.8611859526823188	0.2742529047983013
psvid_84557_sp|O75947|ATP5H_HUMAN	O75947	ATP5H_HUMAN	0.008953835422857992	0.0790381703996636	-0.1829853962435139	0.20089306708922988	0.11328495304967359	0.9133874648087702	0.9942939585191921	0.08357517381247014	0.4999996393265107	0.2472682795958328	-0.1622055282771132	1.1622048069301347	2.022093736179079	0.10671488709861726	0.6917486752637665	0.40824799597519146	-0.035021255193032674	0.10439871431680836	-0.304896476057403	0.23485396567133765	-0.3354567670896518	0.7511416097154925	0.9071058614035531	0.10623675477193593
psvid_49001_sp|Q9Y2S2|CRYL1_HUMAN	Q9Y2S2	CRYL1_HUMAN	0.014389936593460106	0.12843043997414025	-0.29749531893005965	0.32627519211697986	0.1120445946954441	0.9143311665891332	0.9942939585191921	0.22203775356647495	-0.16025186299083582	0.24352789809684655	-0.8124399755905334	0.49193624960886173	-0.6580431410248802	0.5433064522464618	0.870139239925974	0.40158729895615664	-0.23983950387566344	0.24214844119933077	-0.865803764817821	0.3861247570664941	-0.9904647855165557	0.3682261681048913	0.7124524044277046	0.4092682108075221
psvid_47175_sp|O14818|PSA7_HUMAN	O14818	PSA7_HUMAN	0.014058222569876655	0.12612297697073732	-0.29222350400386843	0.32033994914362174	0.11146440488110586	0.9147726446635467	0.9942939585191921	0.21650689412189744	-0.28973063233947816	0.11750396168183416	-0.6044160855920924	0.024954820913136055	-2.465709480706554	0.06348014143573383	0.6917486752637665	0.16608034425824197	-0.37053792378434547	0.10880669499835673	-0.6518079665848249	-0.08926788098386612	-3.4054698912593713	0.01969826951847383	0.4681907537724215	0.11984020517828961
psvid_88138_sp|P21695|GPDA_HUMAN	P21695	GPDA_HUMAN	0.007787742405838571	0.06994921484730364	-0.16207953166651998	0.17765501647819712	0.11133423617175553	0.9148716971984517	0.9942939585191921	0.03732225012810996	-0.20066391353929758	0.10747873992942303	-0.4885009830781975	0.08717315599960235	-1.867010291254489	0.12866238232351276	0.7057067124099028	0.1447594292432438	-0.2823207542362418	0.11510065109772916	-0.5798609475222364	0.015219439049752759	-2.4528163094101885	0.058656193167865696	0.5036298607729148	0.13774381541457356
psvid_91433_sp|Q9BRX8|PXL2A_HUMAN	Q9BRX8	PXL2A_HUMAN	-0.010037653887472686	0.09232538633462377	-0.23424405475380727	0.2141687469788619	-0.10872041034404398	0.9168610507221955	0.9949306440030601	0.1280130865552118	0.023679088802490256	0.08178236797010026	-0.19534094392140863	0.24269912152638914	0.2895378232524077	0.78528677529883	0.9665779766182299	0.0816411879449219	-0.05737046153069181	0.09810112195620269	-0.3109661320159767	0.1962252089545931	-0.5848094332326279	0.5845216972573051	0.8361268016786402	0.08433903040573092
psvid_41230_sp|Q9H8H3|TMT1A_HUMAN	Q9H8H3	TMT1A_HUMAN	-0.012349432693318896	0.11365110083102321	-0.288343991540506	0.2636451261538682	-0.10866091575901292	0.9169063390716533	0.9949306440030601	0.18581274913566023	0.08048201470499805	0.3496743166582131	-0.8559750991950132	1.0169391286050093	0.230162785400292	0.8282591100665757	0.9777684216084043	0.5884620309055384	-0.04112694251748872	0.1846627921591314	-0.5184882984068422	0.4362344133718648	-0.2227137477811338	0.8327282408684282	0.9520942959775506	0.29531377800671815
psvid_65739_sp|Q15907|RB11B_HUMAN	Q15907	RB11B_HUMAN	-0.02317493565146922	0.21423892905423042	-0.5434407164478117	0.49709084514487323	-0.10817331730407845	0.917277520568675	0.9949306440030601	0.41318642329950367	-0.11090018063417117	0.1096396626188521	-0.4045243821661873	0.18272402089784495	-1.0114969162181857	0.3640420327758186	0.7995936304778763	0.14944524919901497	-0.19124499258395122	0.11753748551267879	-0.49508450890517736	0.11259452373727491	-1.6270978722215526	0.16573014360756336	0.5739383514249976	0.14432078488585995
psvid_80091_sp|O94874|UFL1_HUMAN	O94874	UFL1_HUMAN	-0.007115448050270423	0.06887918707549173	-0.1743842268975405	0.16015333079699964	-0.10330331051195302	0.9209860138599492	0.9982928372308769	0.02791986335966035	-0.03942579814942304	0.1331314391029091	-0.39596294512417524	0.31711134882532915	-0.29614190618751857	0.7805586314116653	0.9665779766182299	0.19771569365601102	-0.1216843863653676	0.11376375802780408	-0.41576865287219505	0.17239988014145985	-1.0696234765348354	0.3345413289088517	0.6883911912302595	0.1340600945559272
psvid_62858_sp|O00124|UBXN8_HUMAN	O00124	UBXN8_HUMAN	-0.009541001492673118	0.09404110553790156	-0.23791391866330946	0.21883191567796323	-0.10145565003835255	0.9223935725386385	0.9989257618331023	0.13307048598081292	0.08327837718186393	0.2830907334429662	-0.6748623228426109	0.8414190772063388	0.29417556756106916	0.7819652648965304	0.9665779766182299	0.4716894044214162	0.0	0.29846946785930406	-0.7715565664474104	0.7715565664474104	0.0	1.0	1.0	0.5168551678983829
psvid_55605_sp|P61586|RHOA_HUMAN	P61586	RHOA_HUMAN	0.009339654178354806	0.09392872003934619	-0.2187603418690561	0.2374396502257657	0.09943342328568387	0.9239344673483193	0.9989257618331023	0.13274230356995861	-0.06622428193880925	0.0809119924319428	-0.2829133760560023	0.15046481217838384	-0.8184730093565824	0.45504031788221194	0.8337187464473949	0.07905189431916357	-0.14736759729253834	0.08796567049844016	-0.3747626845750148	0.08002748998993814	-1.6752853295781054	0.15581798443257705	0.5664090740980359	0.03068765865021788
psvid_26730_sp|Q14739|LBR_HUMAN	Q14739	LBR_HUMAN	0.01822458629704471	0.1836875051769536	-0.4278489808427033	0.4642981534367927	0.099215165884518	0.9241007965694285	0.9989257618331023	0.3471603785836938	-0.24942309446909672	0.3357850481998723	-1.1486835838672476	0.649837394929054	-0.7428058390516257	0.49525043928080925	0.8458142756443096	0.5641925085521672	-0.33048202372184077	0.3012173085048279	-1.1091418778482591	0.4481778304045775	-1.0971548260698432	0.3234567402863297	0.6810157109210588	0.5220456703383602
psvid_43496_sp|Q9Y4W6|AFG32_HUMAN	Q9Y4W6	AFG32_HUMAN	-0.007822847112933573	0.07894060794910136	-0.19952515449695285	0.1838794602710857	-0.09909788277761326	0.9241901772015708	0.9989257618331023	0.08319352873890153	-0.03921296352148618	0.20666555960347738	-0.5926806455016048	0.5142547184586325	-0.1897411624690773	0.8579348332315302	0.979782114487937	0.3354256615601251	-0.1193015800913182	0.178908904531276	-0.5817888860025846	0.3431857258199482	-0.6668286321682914	0.5349385666825753	0.8138211960662557	0.28348635022727203
psvid_81393_sp|O75954|TSN9_HUMAN	O75954	TSN9_HUMAN	-0.02090947455712211	0.21219298180617596	-0.5362068009872287	0.4943878518729845	-0.09853989693316771	0.9246154307699082	0.9989257618331023	0.40880343381278617	-0.14587225609852794	0.1610801411897455	-0.577258368658226	0.2855138564611701	-0.905588081939267	0.4119222521868048	0.8101536433552932	0.2515011306472192	-0.22672264890212945	0.14030001632618025	-0.5894042982029253	0.13595900039866637	-1.6159844798237744	0.16810389932287084	0.5742338475183212	0.20008589298388899
psvid_59638_sp|P00326|ADH1G_HUMAN	P00326	ADH1G_HUMAN	-0.014796097288993337	0.15447303986765337	-0.3899241706672255	0.36033197608923884	-0.09578433428687667	0.9267159017522782	0.9993972885443889	0.28235562543179676	0.24999981966325446	0.21670530891110235	-0.33035515204048393	0.8303547913669929	1.1536395712659273	0.30734445401444516	0.7858402699700607	0.353553135558603	0.04208755936112296	0.1241483945019275	-0.27884144446254167	0.3630165631847876	0.3390100977944545	0.748622683936477	0.9067810180260121	0.16142187881801817
psvid_33820_sp|Q9Y624|JAM1_HUMAN	Q9Y624	JAM1_HUMAN	0.008844480351289263	0.09295732984089652	-0.21689655562156673	0.23458551632414526	0.09514559385932511	0.9272028841651084	0.9993972885443889	0.12988787797416895	-0.06337443296731138	0.15568564949197558	-0.48031364483802075	0.353564778903398	-0.4070666318579212	0.7029624819276095	0.9480743999681576	0.24131274961003846	-0.14278917529903157	0.18213758312936038	-0.6136227559269953	0.3280444053289322	-0.783963270214351	0.46918296200207305	0.778964373318746	0.2901364629203506
psvid_59158_sp|P60604|UB2G2_HUMAN	P60604	UB2G2_HUMAN	0.009982498102032444	0.10500547254925698	-0.24501669557811973	0.2649816917821846	0.09506645567781963	0.9272632223405769	0.9993972885443889	0.16346240781471738	-0.21741338773237606	0.13978076661870123	-0.5917579908403764	0.15693121537562427	-1.5553884342718176	0.1882909576930815	0.7176098719675167	0.21076910700248982	-0.2981612694855993	0.1607780295084604	-0.7137794742468445	0.11745693527564594	-1.8544901339887958	0.1239211989717538	0.5321110258972642	0.24537793889320955
psvid_59343_sp|Q9H6U8|ALG9_HUMAN	Q9H6U8	ALG9_HUMAN	0.014142846726823421	0.14929053637496956	-0.3483998424824167	0.3766855359360635	0.09473371233191341	0.9275169251863523	0.9993972885443889	0.27059911387325425	-0.3364235697527955	0.237156524057827	-0.9715486089155336	0.2987014694099426	-1.4185718528694735	0.22269735347758093	0.7302695962541623	0.39022223907720616	-0.41951797627815957	0.23239144057291866	-1.020259965890077	0.18122401333375782	-1.8052212906117135	0.1319627779303221	0.5506843659178836	0.39031901944719144
psvid_31084_sp|P55884|EIF3B_HUMAN	P55884	EIF3B_HUMAN	0.00850322710038487	0.09107453354933122	-0.21266555635498527	0.229672010555755	0.09336558496650472	0.9285601620405333	0.9993972885443889	0.1242579063382575	0.01073481859606984	0.11002667793837252	-0.2839258423837457	0.30539547957588536	0.09756559770061005	0.9265556121469685	0.9977355245706029	0.1502786800291932	-0.07311848809921173	0.1203461510728183	-0.38421852715136545	0.237981550952942	-0.6075681477754087	0.5704802221581919	0.8317344545364493	0.1517066291708649
psvid_41325_sp|O14672|ADA10_HUMAN	O14672	ADA10_HUMAN	0.009717086045552215	0.10527724560210283	-0.24594209142075146	0.2653762635118559	0.09229996463127568	0.9293728356922775	0.9993972885443889	0.16418268401976688	0.16160674817765175	0.2988818078523106	-0.6388237720088485	0.962037268364152	0.5407045324669211	0.6148900452632763	0.9080883072097561	0.4994937290465848	0.08048202372184055	0.26335982673640623	-0.6003145921407637	0.7612786395844447	0.3055971927046947	0.7724454547292938	0.9198277689242694	0.45009884097653513
psvid_31401_sp|Q8NC51|SERB1_HUMAN	Q8NC51	SERB1_HUMAN	0.01114923463555062	0.12243186809637754	-0.2861688659109331	0.30846733518203434	0.09106480860664494	0.9303149182285189	0.9993972885443889	0.20757334957785212	0.0683571250251549	0.13176259918581423	-0.2845141539773529	0.4212284040276627	0.5187900470053443	0.6288778912296875	0.9175798412959852	0.19500273691043762	-0.01200134322770885	0.1589254454089728	-0.42283053745093313	0.39882785099551543	-0.07551555508826822	0.9427853572237003	0.9963964473527942	0.2413962693740413
psvid_85869_sp|P62899|RL31_HUMAN	P62899	RL31_HUMAN	0.012892332048761723	0.14219603036030887	-0.3324217949781708	0.35820645907569426	0.09066590688990397	0.9306191962829594	0.9993972885443889	0.25433120202293175	0.22045594499730647	0.1301902845490436	-0.1282045436876152	0.5691164336822281	1.6933363788313955	0.158996135941006	0.7176098719675167	0.1918745788959239	0.13880378933177606	0.13559570792215878	-0.21171701797151438	0.4893245966350665	1.0236591663466144	0.35376963966411207	0.6990333245481015	0.18917481479388162
psvid_73123_sp|Q9H2F3|3BHS7_HUMAN	Q9H2F3	3BHS7_HUMAN	-0.009414461631715554	0.10698663406152295	-0.26922478158855767	0.25039585832512656	-0.08799661485098917	0.9326556300974753	0.9993972885443889	0.16868399790049762	0.023335216964667893	0.1898910671402451	-0.4852089689194814	0.5318794028488172	0.12288738652162895	0.9075992909430335	0.9933197920610235	0.3049008918360283	-0.056206370922886606	0.20880387934857686	-0.5959734880305915	0.48356074618481826	-0.26918259899307606	0.7987365722183027	0.9362777390901005	0.3439387956016403
psvid_27279_sp|Q9UDY2|ZO2_HUMAN	Q9UDY2	ZO2_HUMAN	0.011217851282684599	0.1284207350428269	-0.3006438364248009	0.3230795389901701	0.08735233666855723	0.933147241152675	0.9993972885443889	0.22201457254161522	0.33113936567350954	0.1849905958579401	-0.1642809475807182	0.8265596789277373	1.7900335102861205	0.1412854605420525	0.7067636245123187	0.29591649635176404	0.2500000000000001	0.21365473874435506	-0.3023067997980966	0.8023067997980968	1.1701121232753622	0.2956130041628545	0.6659413830042331	0.35355339059327373
psvid_35479_sp|Q12797|ASPH_HUMAN	Q12797	ASPH_HUMAN	-0.007615340382874258	0.08842521802567829	-0.22235042751809403	0.2071197467523455	-0.0861218162975046	0.9340862683775758	0.9993972885443889	0.11608728940191966	-0.17813359055857791	0.15139806283547816	-0.5835902861715538	0.22732310505439796	-1.1765909498601235	0.2989682633973057	0.7858402699700607	0.2331589757322848	-0.25774496933720914	0.1509730516919282	-0.6480168796433621	0.13252694096894385	-1.7072250076997648	0.14957741400707447	0.5639240436128785	0.2240703502562294
psvid_43424_sp|O75911|DHRS3_HUMAN	O75911	DHRS3_HUMAN	-0.006195893824179066	0.07362205870466662	-0.18498243847742402	0.17259065082906588	-0.08415811691756363	0.9355850331597417	0.9993972885443889	0.05975343914136502	0.3346526219806538	0.10266660846315939	0.05970284364366785	0.6096024003176398	3.2596053087770955	0.026987512181098735	0.6392260310717692	0.13410415154367755	0.25240672373502293	0.10021078287510786	-0.006642512056734329	0.5114559595267802	2.518758126554066	0.054150234237355606	0.5036298607729148	0.09209860128893986
psvid_30062_sp|Q99613|EIF3C_HUMAN	Q99613	EIF3C_HUMAN	0.00855387767760174	0.10461316833125758	-0.2454926298535477	0.2626003852087512	0.08176673944637532	0.9374106043994251	0.9993972885443889	0.16242036819791694	0.0926083689823547	0.13520624892217298	-0.26948529250512454	0.45470203046983393	0.6849414854757316	0.5277161217269459	0.8667313206910913	0.2018103194176471	0.010966472404529082	0.16689182860366797	-0.42045616914443895	0.4423891139534971	0.06571006199813463	0.9502007121541927	0.9970116237574381	0.2583911250559092
psvid_37035_sp|Q9HCC0|MCCB_HUMAN	Q9HCC0	MCCB_HUMAN	-0.007937519376052471	0.09749509319420639	-0.2446982285917727	0.22882318983966776	-0.08141455242512816	0.9376794983200047	0.9993972885443889	0.14296731012015781	-0.168065983937562	0.21238436492916765	-0.7368491056715433	0.40071713779641926	-0.7913293617146145	0.4691701614856447	0.8337187464473949	0.3457628649885551	-0.24867642508262133	0.2160376260087643	-0.8071430921835455	0.30979024201830285	-1.1510792340984757	0.3026657578045497	0.6743170095161402	0.35826058465429655
psvid_52184_sp|P05062|ALDOB_HUMAN	P05062	ALDOB_HUMAN	-0.006391065732618273	0.07854596495767319	-0.19713500740328388	0.18435287593804733	-0.08136720627294206	0.9377156476731793	0.9993972885443889	0.08163647204704867	0.2499998196632549	0.21670530891110232	-0.3303551520404834	0.8303547913669932	1.1536395712659295	0.3073444540144443	0.7858402699700607	0.353553135558603	-0.014224894827151946	0.11281612328261145	-0.3058594842682108	0.2774096946139069	-0.126089200845146	0.9046626629008887	0.9780136896225823	0.1314133703873454
psvid_68906_sp|P26368|U2AF2_HUMAN	P26368	U2AF2_HUMAN	0.013139564336221099	0.16320620159083613	-0.3831964436727069	0.4094755723451491	0.08050897703729705	0.9383709438708121	0.9993972885443889	0.30196229776683897	-0.2923970084305796	0.21568348146461722	-0.8700154406292602	0.285221423768101	-1.355676412699909	0.2405146615179859	0.7413118739788219	0.3517123692573371	-0.3705379237843456	0.2144084978999432	-0.9247932238099028	0.18371737624121165	-1.7281867435928888	0.14561919105439025	0.5566794250097903	0.35504346786122665
psvid_52725_sp|Q9Y5Y5|PEX16_HUMAN	Q9Y5Y5	PEX16_HUMAN	0.009997967515855244	0.12638656319663868	-0.2969238616491002	0.31691979668081066	0.07910625356826813	0.9394420984862136	0.9993972885443889	0.21714070008476027	-0.74914163534162	0.483527724682245	-2.0440693894699384	0.5457861187866986	-1.5493250895466768	0.18969724037042404	0.7176098719675167	0.8209686609898267	-0.8304820237218404	0.4767748826570683	-2.0629658488501788	0.40200180140649766	-1.7418745280656582	0.143091808937886	0.5556992839403372	0.8482246916773347
psvid_29057_sp|P55735|SEC13_HUMAN	P55735	SEC13_HUMAN	-0.005731007611456285	0.07286153880962257	-0.18267067747517082	0.17120866225225825	-0.07865614294025054	0.9397858435290205	0.9993972885443889	0.0557712913691004	-0.28173700638165977	0.14458271505040102	-0.6689416296719306	0.10546761690861106	-1.9486216335296185	0.11656933042349037	0.7048513307479977	0.22008155494311235	-0.3614064547780672	0.16307411361212884	-0.7829601368931838	0.0601472273370493	-2.2162098371889427	0.0784995834503798	0.5170253689101321	0.25028717247973886
psvid_371851_sp|P02774|VTDB_HUMAN	P02774	VTDB_HUMAN	0.006443716780046849	0.08311042382062789	-0.19538472650165323	0.20827216006174692	0.07753199278533252	0.940644407402152	0.9993972885443889	0.0985471000848536	-0.04367755940902818	0.10081088228891243	-0.3136575475883268	0.22630242877027046	-0.43326234645832484	0.6851956136281071	0.9379973341820498	0.1299015691505596	-0.12427478897465849	0.09694291589062495	-0.374876446365053	0.12632686841573604	-1.281937806728142	0.25707097974516085	0.6541369364189723	0.07983627707097095
psvid_66353_sp|Q9Y696|CLIC4_HUMAN	Q9Y696	CLIC4_HUMAN	-0.010549263962829514	0.13667874981581252	-0.34246502178101634	0.3213664938553573	-0.07718291231845213	0.9409110335318843	0.9993972885443889	0.241517401059544	-0.11994530008631887	0.21341669929626528	-0.6914930997389731	0.45160249956633536	-0.562023967580019	0.6014637269452527	0.9024707339343225	0.34762559463425435	-0.20183873051440104	0.1798571226670153	-0.6667772215813936	0.2630997605525915	-1.1222170549680266	0.3136437103825764	0.6810157109210588	0.28544307010563436
psvid_55812_sp|P62316|SMD2_HUMAN	P62316	SMD2_HUMAN	0.008927013315619625	0.1162254666859956	-0.27331923128963814	0.2911732579208774	0.07680772183722513	0.9411976116691451	0.9993972885443889	0.19227618966908544	-0.23401314613054014	0.24664540324687703	-0.8945501986903307	0.4265239064292504	-0.9487837318269712	0.39179786567123237	0.8101536433552932	0.4071393618764632	-0.3157586014584485	0.26506481942907534	-1.0009626976479644	0.36944549473106747	-1.1912505104923496	0.2879514287747263	0.6659413830042331	0.4533621908825102
psvid_28702_sp|P49458|SRP09_HUMAN	P49458	SRP09_HUMAN	0.007295678700461217	0.09881059994464497	-0.23265965601904195	0.2472510134199644	0.07383498030118585	0.9434685872221796	0.9993972885443889	0.14664940614366404	0.12406366596132878	0.30557509578089	-0.6942920400266378	0.9424193719492954	0.40600057947879226	0.7036903617773902	0.9482762475882661	0.5112551793123633	0.04248125036057804	0.3047434952727685	-0.7452939500518028	0.8302564507729588	0.13940002336244814	0.8946725423381098	0.9728119371158298	0.5287002345329385
psvid_18346_sp|P42766|RL35_HUMAN	P42766	RL35_HUMAN	-0.007276405742446812	0.09916359585646876	-0.24808896885873885	0.23353615737384523	-0.0733777923198632	0.9438179001422358	0.9993972885443889	0.14763004947296776	-0.05321753503853799	0.16941400658488143	-0.5069224372941588	0.40048736721708283	-0.3141271262708401	0.7677391906104103	0.9665627003629799	0.26710638168384526	-0.1342352464645531	0.15316499785630708	-0.5301734330185097	0.2617029400894035	-0.8764094169249225	0.42161900089357135	0.7610528612169112	0.22888662407086538
psvid_46235_sp|P61160|ARP2_HUMAN	P61160	ARP2_HUMAN	0.0073295987540609175	0.10028217011121136	-0.23619935167144435	0.2508585491795662	0.07308975011143563	0.9440379847987046	0.9993972885443889	0.1507179216255209	0.06145552918564379	0.17848038149493392	-0.41652988461267065	0.5394409429839582	0.34432652300997113	0.7464106762662324	0.9598237040390771	0.2839255169850424	-0.02122222439662802	0.16261312978579368	-0.44158424325457474	0.3991397944613187	-0.13050744687457613	0.901344319023329	0.975712662177069	0.24930375170802582
psvid_61917_sp|Q8N1G4|LRC47_HUMAN	Q8N1G4	LRC47_HUMAN	0.0076941300830126735	0.10591766349859513	-0.2495202620141025	0.26490852218012784	0.07264255865231324	0.9443796814054214	0.9993972885443889	0.1658748773451833	-0.4143191101466299	0.19916507941710462	-0.947699877836557	0.11906165754329712	-2.0802798932383904	0.09954547992372845	0.6917486752637665	0.3218172544291841	-0.49712609029054233	0.19727636619860067	-1.0070940841262292	0.012841903545144584	-2.5199475227056802	0.054072517358083654	0.5036298607729148	0.3208978652926705
psvid_91368_sp|P19652|A1AG2_HUMAN	P19652	A1AG2_HUMAN	-0.0069484431752151465	0.09570953261510093	-0.23937303069284602	0.22547614434241572	-0.07259928019039172	0.9444127509320449	0.9993972885443889	0.1378951711938276	0.23752360590118604	0.22018738275390787	-0.35215665126355933	0.8272038630659314	1.0787339534647813	0.3361691645857625	0.7995936304778763	0.3598192135000451	-0.16259752755542056	0.10148437218390326	-0.4249390471482852	0.09974399203744405	-1.6021927717183104	0.17109667958298863	0.5773632808973278	0.09655443076196563
psvid_48542_sp|P46940|IQGA1_HUMAN	P46940	IQGA1_HUMAN	0.011299433990063612	0.1609934765402643	-0.37966311023613625	0.40226197821626347	0.0701856636236912	0.9462572094732407	0.9993972885443889	0.29701667238743495	-0.15259494780232696	0.07949326258474877	-0.36548456453495215	0.060294668930298195	-1.9195959863849286	0.12072607489773043	0.7048513307479977	0.07470289898840561	-0.23322145103536607	0.10647316356967611	-0.5084592135167789	0.04201631144604673	-2.190424734423767	0.0810646595243394	0.5204027816531388	0.1127729585648945
psvid_75281_sp|Q9NRG9|AAAS_HUMAN	Q9NRG9	AAAS_HUMAN	-0.009811972287483428	0.1429012323005488	-0.35683863792575843	0.3372146933507916	-0.0686626149370564	0.9474212934936747	0.9993972885443889	0.2559581841047982	0.3734704076139943	0.691284148522143	-1.4778464543064902	2.224787269534479	0.5402559980760667	0.6151744568963653	0.9080883072097561	1.179474252275698	0.29248125036057804	0.6575141766198591	-1.4072215170342295	1.9921840177553856	0.4448288124587094	0.675371211372739	0.869394652002584	1.1791367695090864
psvid_50381_sp|P50579|MAP2_HUMAN	P50579	MAP2_HUMAN	-0.0060015709686345176	0.08838662707203367	-0.22064294239719803	0.208639800459929	-0.06790134624939738	0.9480031932578266	0.9993972885443889	0.115965866069454	-0.3769213706963668	0.09943031254862748	-0.6432040774542547	-0.11063866393847893	-3.7908094728358543	0.016111333799883977	0.6219650821978125	0.12673644979577559	-0.45725942216728344	0.13330310072916096	-0.8018537400821322	-0.11266510425243476	-3.430223450663176	0.01918410206438492	0.46661942247718735	0.18376544413078885
psvid_85833_sp|P61353|RL27_HUMAN	P61353	RL27_HUMAN	0.006736418003793432	0.09997554064726637	-0.23604790203087317	0.24952073803846003	0.0673806609114609	0.9484012156685057	0.9993972885443889	0.14987435756457995	0.07422841101811306	0.06939735569615176	-0.11162352128446021	0.2600803433206863	1.0696144006280803	0.3398372057240115	0.7995936304778763	0.034112753644761906	0.026967506226110993	0.09027919134165845	-0.20640813314097423	0.2603431455931962	0.2987123148240596	0.777391043463306	0.9205208023681024	0.047866333373235315
psvid_68932_sp|Q00610|CLH1_HUMAN	Q00610	CLH1_HUMAN	-0.00492207653332688	0.07368603951741197	-0.18386399457107244	0.17401984150441868	-0.06679795203491425	0.9488466693395453	0.9993972885443889	0.060078225322559804	0.016783603472733333	0.07471106149308761	-0.18329887810857384	0.2168660850540405	0.22464683458266993	0.8322902595444784	0.9778892202407429	0.058426867402462224	-0.05070839303281183	0.09291346103644156	-0.29089373422762776	0.18947694816200414	-0.5457593815488533	0.6091057896910531	0.8441870256566607	0.062212385382510414
psvid_13934_sp|Q14240|IF4A2_HUMAN	Q14240	IF4A2_HUMAN	0.010802603536821387	0.16294434890617446	-0.3848975116768965	0.4065027187505393	0.06629627605583101	0.9492301932792503	0.9993972885443889	0.3013777692024256	-0.048836339245774685	0.12609875402049697	-0.38653936640817427	0.2888666879166249	-0.3872864535825349	0.7165280457592828	0.9513860308426689	0.18367005132154618	-0.12928677912339592	0.15976611050551862	-0.5422891292143716	0.2837155709675797	-0.8092253026271808	0.45580322851143934	0.7775234326119231	0.24320542582246282
psvid_50975_sp|Q3LXA3|TKFC_HUMAN	Q3LXA3	TKFC_HUMAN	0.00529251256800034	0.08436632077925918	-0.19958579758274417	0.21017082271874485	0.06273252785134449	0.9519550462031089	0.9993972885443889	0.10285958313349428	-0.019872397091416527	0.09044802057794679	-0.2620997734622783	0.22235497927944525	-0.2197106908966657	0.8359028213646287	0.9778892202407429	0.10512228687353868	-0.10096017220519671	0.12515823669242362	-0.4244996620485577	0.2225793176381643	-0.8066602316658259	0.45714869195650076	0.7776897008297246	0.16395391311486954
psvid_38014_sp|Q02809|PLOD1_HUMAN	Q02809	PLOD1_HUMAN	0.01583600104108207	0.2525849099364244	-0.5975505854470509	0.629222587529215	0.0626957526681542	0.9519831683771999	0.9993972885443889	0.4946146444075734	-0.6031566348550181	0.21086669469143943	-1.1678753085498714	-0.03843796116016496	-2.860369370979212	0.04096911639917394	0.6392260310717692	0.34302261112812793	-0.6842413985415514	0.2039433243390934	-1.2114437693753974	-0.1570390277077054	-3.355056610746787	0.020794702804240308	0.4712630152609682	0.334258662583424
psvid_61920_sp|O95954|FTCD_HUMAN	O95954	FTCD_HUMAN	0.004361773627249654	0.06972546772877763	-0.16496214462348138	0.1736856918779807	0.06255639107673464	0.9520897395945036	0.9993972885443889	0.03555133491803855	0.004633089930917489	0.08644105592956018	-0.22686329942897887	0.23612947929081385	0.05359825699830576	0.9595981082084163	1.0	0.09469977503552124	-0.07620565447117711	0.09213919185453473	-0.31438947612772095	0.16197816718536673	-0.8270710100375877	0.4465246133584275	0.7711769837645075	0.058322451820323404
psvid_37945_sp|P18085|ARF4_HUMAN	P18085	ARF4_HUMAN	-0.0068213639475454	0.11021954423828258	-0.274482603178403	0.2608398752833122	-0.06188887819022694	0.952600208355696	0.9993972885443889	0.17707068614781046	-0.3268550057476678	0.17689184608281497	-0.8005861886331214	0.14687617713778572	-1.847767508710633	0.13170263852487027	0.7067636245123187	0.2809892416848152	-0.40751259756242353	0.15204427100195037	-0.8005536564139228	-0.01447153871092427	-2.6802232986285692	0.044639922853917616	0.5036298607729148	0.2264282205586153
psvid_47937_sp|P02786|TFR1_HUMAN	P02786	TFR1_HUMAN	-0.011672935118020256	0.18886340580322805	-0.4703158517804748	0.4469699815444343	-0.061806230107816586	0.9526634137341111	0.9993972885443889	0.3584453949392109	-0.5563581411532001	0.3199704635548929	-1.41326584800873	0.3005495657023296	-1.7387796828870534	0.15040274692365807	0.7067636245123187	0.53650845369333	-0.6367068429585963	0.2834154577698456	-1.3693481380410897	0.09593445212389706	-2.2465494577068887	0.07559222349119019	0.5144035125541573	0.48833794126362
psvid_72529_sp|O60256|KPRB_HUMAN	O60256	KPRB_HUMAN	0.008668108960204535	0.14079875709646786	-0.33325282772169	0.3505890456420991	0.06156381731598387	0.9528488018313592	0.9993972885443889	0.2511005511911764	0.16818821197417133	0.2778855862173355	-0.5760126677199953	0.9123890916683379	0.6052426621459618	0.5748106635363598	0.891853820434844	0.4625052436093111	0.08997398627159592	0.2395608416438308	-0.5293012171843751	0.7092491897275669	0.37557885359814164	0.7229120387378388	0.896040644379517	0.40425426067468817
psvid_90832_sp|P34896|GLYC_HUMAN	P34896	GLYC_HUMAN	-0.004529149082474149	0.07397474030160336	-0.1841721588385499	0.1751138606736016	-0.061225616528132396	0.953107450313131	0.9993972885443889	0.061525855840089426	-0.029746975815528653	0.09838040159917277	-0.2932179330947169	0.23372398146365958	-0.30236688742871304	0.7761120710328937	0.9665779766182299	0.12430561702999393	-0.11003914571269946	0.12187090570014904	-0.4250807418473105	0.20500245042191156	-0.902915630933601	0.4086916667707512	0.7497252052617807	0.15563891646497374
psvid_46314_sp|Q13370|PDE3B_HUMAN	Q13370	PDE3B_HUMAN	0.010370161649120746	0.16993819090799012	-0.40231405951538735	0.42305438281362884	0.061023137846250686	0.9532623045075989	0.9993972885443889	0.31692658391828166	-0.06532912140613156	0.1309985410172945	-0.41615418862453774	0.2854959458122746	-0.4987011374234067	0.6418631912863835	0.9190364020538448	0.19348425231668817	-0.14624062518028902	0.14325107920346222	-0.5165509004752163	0.2240696501146383	-1.0208692736798213	0.35496614396571396	0.6990333245481015	0.20681547549988508
psvid_18407_sp|Q9H0U4|RAB1B_HUMAN	Q9H0U4	RAB1B_HUMAN	-0.007171901324259267	0.12015640729513441	-0.29896418825854665	0.2846203856100281	-0.059688047318552644	0.9542834271033376	0.9993972885443889	0.20200800905430724	-0.006506072598101653	0.10355164439627271	-0.2838260513076566	0.2708139061114533	-0.06282925429174388	0.9526502604477335	1.0	0.13608893477595038	-0.08878609195732601	0.10894062774659456	-0.37040235674193794	0.19283017282728593	-0.8149952299141348	0.4527875422904633	0.7746571900148868	0.1202377213976708
psvid_39462_sp|Q9NZB2|F120A_HUMAN	Q9NZB2	F120A_HUMAN	-0.004436728392484213	0.07515233073776023	-0.18693944254696263	0.1780659857619942	-0.059036470977406184	0.9547818092559018	0.9993972885443889	0.06716105340900178	-0.08743778146480752	0.32849365844765815	-0.9671713182719487	0.7922957553423337	-0.26617798918252106	0.8020970533101619	0.9727640365131593	0.5514357467136847	-0.16951797627815957	0.3465305356390323	-1.0653144949789222	0.7262785424226031	-0.48918625876808736	0.6457822587469252	0.8611859526823188	0.6071094801792116
psvid_44389_sp|P25325|THTM_HUMAN	P25325	THTM_HUMAN	0.0059746572868597525	0.10536607230557271	-0.24990023024875924	0.26184954482247874	0.05670380565702987	0.9565662149281519	0.9993972885443889	0.16441781820179377	-0.3513511289843452	0.1698968551315571	-0.8063491400984948	0.10364688212980444	-2.068026089784191	0.10101101130275802	0.6917486752637665	0.2680060097386509	-0.43424139854155175	0.14894126970971922	-0.8192610639825721	-0.049221733100531295	-2.9155209928575974	0.03392461090011004	0.48232346954803157	0.21957560311052737
psvid_79221_sp|Q9Y2R0|COA3_HUMAN	Q9Y2R0	COA3_HUMAN	0.004878111510121741	0.08780924251259464	-0.2083611177869328	0.2181173408071763	0.05555350861183052	0.9574462526651184	0.9993972885443889	0.11414018204840151	0.04598156903471917	0.4664748144515106	-1.203277062891872	1.2952402009613104	0.09857245795528129	0.9258006663842195	0.9977355245706029	0.7914466687956158	-0.03800077336126251	0.4622685162663075	-1.2329850099241142	1.1569834632015894	-0.0822049783277274	0.9377302493226799	0.9963964473527942	0.8215278632496074
psvid_27335_sp|Q8TF72|SHRM3_HUMAN	Q8TF72	SHRM3_HUMAN	0.014003458698285343	0.25285915606340703	-0.6000491172811826	0.6280560346777533	0.05538046917618372	0.9575786426161761	0.9993972885443889	0.49519294759216315	-0.1672928968671492	0.2508310779692526	-0.8390395369874449	0.5044537432531465	-0.6669544229589299	0.5381067654315261	0.8696729157482714	0.4145851571510187	-0.25	0.21365473874435506	-0.8023067997980967	0.3023067997980967	-1.1701121232753617	0.29561300416285463	0.6659413830042331	0.3535533905932738
psvid_98278_sp|Q9BVC6|TM109_HUMAN	Q9BVC6	TM109_HUMAN	-0.0046469108237428	0.0861250322923676	-0.21379614140245146	0.20450231975496586	-0.05395540297701124	0.9586689955915236	0.9993972885443889	0.1087119624225303	-0.1853305073853022	0.15087607342831716	-0.5893892716363527	0.2187282568657482	-1.2283624777215236	0.2808348693474625	0.7858402699700607	0.23216263298106463	-0.2675973319728493	0.17199857264155852	-0.7122211291504326	0.17702646520473392	-1.5558113527518431	0.18155272724596647	0.5801574353206355	0.26912690330865213
psvid_61108_sp|Q9NRX5|SERC1_HUMAN	Q9NRX5	SERC1_HUMAN	0.011053635952277041	0.2080411269694367	-0.494161171824824	0.5162684437293781	0.05313197497675991	0.9592990650097095	0.9993972885443889	0.3998942064226198	0.08155429592158514	0.17508067834902385	-0.3873264280425954	0.5504350198857657	0.4658098008908008	0.6634501955775115	0.9303137231913567	0.27763614501028405	0.0	0.20568266471484667	-0.5316986414166452	0.5316986414166452	0.0	1.0	1.0	0.33772825725719613
psvid_74835_sp|Q6NUK4|REEP3_HUMAN	Q6NUK4	REEP3_HUMAN	0.006227441154768698	0.11871566319094344	-0.28206608922951326	0.29452097153905066	0.052456777710557206	0.9598157353557569	0.9993972885443889	0.19845923800181922	0.4353896504948094	0.21134386768922928	-0.13060693246318844	1.0013862334528072	2.0601007034423557	0.10197126208688616	0.6917486752637665	0.3438844107621968	0.353759374819711	0.20410561258921037	-0.1738625182049074	0.8813812678443294	1.7332172806619417	0.14468511844056334	0.5556992839403372	0.3345826616140136
psvid_35221_sp|Q5BJD5|TM41B_HUMAN	Q5BJD5	TM41B_HUMAN	0.009851138518428115	0.18920937800826815	-0.44963194991011785	0.4693342269469741	0.052064747646903824	0.9601157319831751	0.9993972885443889	0.3591980580943513	0.26912297212037295	0.15349633279577074	-0.14195306622837295	0.6801990104691189	1.7532860050698753	0.1477618853567956	0.7067636245123187	0.23715585872839706	0.18711530825100908	0.17072896002099827	-0.2542264850376553	0.6284571015396735	1.0959787269130874	0.3239237044486507	0.6810157109210588	0.2664683154658887
psvid_42951_sp|O00748|EST2_HUMAN	O00748	EST2_HUMAN	-0.0040654900665044735	0.07979046971941735	-0.19783163337172782	0.18970065323871887	-0.05095207586571106	0.9609672301782615	0.9993972885443889	0.08647672844006356	-0.007583062846597599	0.08952905762588648	-0.24734937944592175	0.23218325375272655	-0.08469946012706638	0.9362103410337335	1.0	0.10278482158911766	-0.04440886291510626	0.11408595519348089	-0.33932602312007865	0.2505082972898661	-0.3892579313535333	0.713398252430696	0.8931092625849936	0.13495312048270083
psvid_58179_sp|Q14032|BAAT_HUMAN	Q14032	BAAT_HUMAN	0.006944237244065121	0.13710872523875411	-0.32601568887783516	0.3399041633659654	0.050647668352052595	0.9612001949879969	0.9993972885443889	0.24252171504165548	-0.22915000618390335	0.2785173914714301	-0.9750429132778822	0.5167429009100755	-0.8227493621611389	0.45284434578255894	0.8337187464473949	0.4636205700474115	-0.31007858233342755	0.2577940833971371	-0.9764875093936437	0.3563303447267886	-1.2028149686265106	0.2838354110388235	0.6659413830042331	0.4394280260781069
psvid_69158_sp|Q9BSJ8|ESYT1_HUMAN	Q9BSJ8	ESYT1_HUMAN	0.003499368446429507	0.06947533533314756	-0.16521711899474031	0.17221585588759933	0.0503685002691871	0.9614138475833542	0.9993972885443889	0.03346812573471886	-0.05155241505176855	0.07977584037818305	-0.2651987987881035	0.16209396868456638	-0.6462158819936042	0.5502603469114078	0.8747425801892469	0.07558283504588721	-0.13420560119677116	0.11469301638423662	-0.4306920410045194	0.16228083861097709	-1.170128796222124	0.29560689028330517	0.6659413830042331	0.13662659354810802
psvid_28959_sp|Q12906|ILF3_HUMAN	Q12906	ILF3_HUMAN	-0.004683131168748744	0.09810531350071114	-0.24292572206499732	0.23355945972749984	-0.047735754584942	0.9634289063596883	0.9993972885443889	0.14468082392353396	0.04990827057218361	0.14197009569168378	-0.3302995392038277	0.43011608034819493	0.35154072643980827	0.7413538635758649	0.9568385344346946	0.21502582731151393	-0.03168092124917288	0.15937327467806736	-0.4436677736264973	0.38030593112815153	-0.19878440292557245	0.8504020146672897	0.959060261263668	0.24236051522447924
psvid_99175_sp|O75348|VATG1_HUMAN	O75348	VATG1_HUMAN	0.00942221932354137	0.20054814492157333	-0.4775963522567393	0.49644079090382204	0.04698233098703575	0.9640056187911362	0.9993972885443889	0.3837614287096094	0.7834267423881687	0.17364923500104107	0.31837954362873905	1.2484739411475982	4.511547329209207	0.008554820638569782	0.6219650821978125	0.27498192086450113	0.701838730514401	0.16380473408302712	0.2783963626789475	1.1252810983498547	4.284605902529426	0.00815929476406393	0.39647783251920843	0.25184360141698175
psvid_39422_sp|Q8N3C0|ASCC3_HUMAN	Q8N3C0	ASCC3_HUMAN	0.00453259122340377	0.09694433374994657	-0.2308906332804401	0.23995581572724764	0.046754576034272535	0.9641799598139855	0.9993972885443889	0.14141227346440408	-0.1742798115287263	0.270752248679404	-0.899377015702522	0.5508173926450695	-0.6436874019653661	0.5517547535111486	0.8747425801892469	0.44990180046281747	-0.2564988021332366	0.2708251385068401	-0.956593573878809	0.4435959696123357	-0.9471011574014513	0.3878424664469036	0.7285739329834183	0.4643693183846302
psvid_67756_sp|Q07075|AMPE_HUMAN	Q07075	AMPE_HUMAN	-0.003660919411847985	0.08177164571234984	-0.20223822415915021	0.19491638533545425	-0.04477003464900404	0.9656991693264602	0.9993972885443889	0.09380827739336942	0.04446645831616092	0.09777221405703855	-0.21737572177441367	0.3063086384067355	0.45479647510303883	0.6707664683961266	0.933806897924666	0.12288755752103557	-0.03709795997316734	0.1224072471703568	-0.35352602215458995	0.27933010220825527	-0.30306996383586104	0.7742594160849036	0.9198277689242694	0.15701022835322473
psvid_37592_sp|Q02252|MMSA_HUMAN	Q02252	MMSA_HUMAN	0.0032703088380028333	0.07344713965150998	-0.1750914558830027	0.18163207355900837	0.04452602039398276	0.9658859784958782	0.9993972885443889	0.05885781518095756	0.04312304320288707	0.11105780941408343	-0.25429907425169584	0.34054516065747	0.38829365922481957	0.7158342547143319	0.9513860308426689	0.15249105715075137	-0.03580292953447328	0.1413960940544545	-0.4013179874738552	0.32971212840490866	-0.2532101736889907	0.8103677412702711	0.9430578897568076	0.20259505441024664
psvid_41467_sp|P06733|ENOA_HUMAN	P06733	ENOA_HUMAN	-0.0030712804209622746	0.07161061893061961	-0.17697316994085147	0.17083060909892692	-0.04288861717475035	0.9671395800797631	0.9993972885443889	0.04862251556317336	-0.06233499622766869	0.07565545798558035	-0.2649466507324808	0.14027665827714342	-0.8239325739003459	0.452238197180301	0.8337187464473949	0.06189472495219595	-0.14407037858122518	0.08782019743251325	-0.3710894116560061	0.08294865449355576	-1.6405153118898215	0.16290862922865199	0.5735005224757174	0.029292490712320565
psvid_883224_sp|P02452|CO1A1_HUMAN	P02452	CO1A1_HUMAN	-0.005496315494188941	0.13327205293642636	-0.3291391239482494	0.3181464929598715	-0.0412413208402425	0.9684008590091283	0.9993972885443889	0.23352310491583544	-0.5789168538278155	0.1755110569069361	-1.0489501676249546	-0.10888354003067652	-3.298463720919779	0.025948819678335587	0.6392260310717692	0.2784334462902325	-0.6609640474436809	0.1617814899654309	-1.0791762411656691	-0.2427518537216925	-4.085535666564291	0.009860935949460236	0.4146649989003791	0.2475268308797174
psvid_76440_sp|P63000|RAC1_HUMAN	P63000	RAC1_HUMAN	-0.003032695354158399	0.07418192930164237	-0.18317885058129102	0.17711345987297422	-0.040881861427824254	0.9686760982507374	0.9993972885443889	0.06254750577473418	-0.03174362173083667	0.1934403324189173	-0.5497930373701918	0.48630579390851847	-0.16410032661695495	0.8769069115773087	0.9814843470253816	0.3113876553586611	-0.11358634063911555	0.18735630766529285	-0.5979105513575145	0.37073787007928344	-0.6062584284166966	0.5712824673894034	0.8320632739952233	0.3008144093694323
psvid_84326_sp|O14828|SCAM3_HUMAN	O14828	SCAM3_HUMAN	0.004095055724091523	0.10089527829252326	-0.240922789404496	0.24911290085267904	0.040587188948712015	0.9689017334316524	0.9993972885443889	0.1523982726942896	0.28483644592796553	0.1380620138870122	-0.08490519337643776	0.6545780852323688	2.0631051069635364	0.10160609060250707	0.6917486752637665	0.20741369652948768	0.2050053334734413	0.15664860920204957	-0.1999381400468368	0.6099488069937193	1.308695522531068	0.24855600524439475	0.6462660267216375	0.23647600171691735
psvid_54161_sp|P61981|1433G_HUMAN	P61981	1433G_HUMAN	0.0041490817359646215	0.10400960824958852	-0.24843171805227698	0.2567298815242062	0.039891331250937925	0.9694345746072516	0.9993972885443889	0.16081172206846167	-0.16635024557810718	0.14429186236781097	-0.552775941018282	0.22007544986206767	-1.1528733696295894	0.30762771543949935	0.7858402699700607	0.2195199608602411	-0.2463383060088994	0.13900465319901648	-0.6056713852403164	0.11299477322251766	-1.7721587036098037	0.1376568764544478	0.5556992839403372	0.1971050585014756
psvid_44118_sp|P05362|ICAM1_HUMAN	P05362	ICAM1_HUMAN	0.0034777320427785696	0.0884372530431572	-0.21128658137635326	0.2182420454619104	0.039324288386495265	0.9698687907326968	0.9993972885443889	0.11612514147834889	-0.229746332215631	0.18907341447029624	-0.7361007757509839	0.27660811131972185	-1.215117063703975	0.2853752100477425	0.7858402699700607	0.3034041556641831	-0.3102858989083962	0.16265783601011904	-0.7307634853022342	0.11019168748544189	-1.9075988376550954	0.11581597056020507	0.5319320213874119	0.2493991715864345
psvid_69696_sp|Q14258|TRI25_HUMAN	Q14258	TRI25_HUMAN	-0.003841297731843163	0.09934324878006864	-0.24509013668736596	0.23740754122367963	-0.03866692280566777	0.9703721860253832	0.9993972885443889	0.14812797683830023	-0.4794350220801289	0.43659090172700493	-1.6486620322122485	0.6897919880519907	-1.0981333330210208	0.32848213798562	0.7992740449501733	0.7396559642857577	-0.5602520248759486	0.3875394568888301	-1.5620583900784024	0.4415543403265052	-1.4456644734284771	0.2089488677269641	0.6186927031367531	0.6834417286201788
psvid_76479_sp|O76095|JTB_HUMAN	O76095	JTB_HUMAN	-0.002880260934028378	0.0756030996047268	-0.1864776389647983	0.18071711709674154	-0.03809712761893562	0.9708085339741235	0.9993972885443889	0.0692186951054317	-0.4190980285878836	0.2804735871209681	-1.1702297915111872	0.33203373433542016	-1.494251322878139	0.2029611408868589	0.7245364361573173	0.46707287966397815	-0.5	0.24162174983602222	-1.1246027408417385	0.12460274084173839	-2.069350132342504	0.0943611946682532	0.5204027816531388	0.408248290463863
psvid_25706_sp|P22413|ENPP1_HUMAN	P22413	ENPP1_HUMAN	0.004608344549786203	0.12225247197878018	-0.2922741037947114	0.3014907928942838	0.03769530771194623	0.9711162534317169	0.9993972885443889	0.20713626259484388	0.00649151591675956	0.14784204819411315	-0.38944187458229285	0.40242490641581197	0.04390845497646483	0.9668958047695009	1.0	0.22635466326707696	-0.07468089934002031	0.1468227020344815	-0.45422397512174795	0.3048621764417073	-0.5086468121427258	0.6330281502593693	0.8551615868413226	0.21485569014098924
psvid_62073_sp|Q9H845|ACAD9_HUMAN	Q9H845	ACAD9_HUMAN	0.0033545801005256948	0.09009117886892645	-0.21542618828746601	0.2221353484885174	0.03723538910958496	0.9714684723441189	0.9993972885443889	0.12126155292795296	0.42885349776174664	0.24439734229547133	-0.22566305923936547	1.0833700547628586	1.754738794349374	0.14750006990780634	0.7067636245123187	0.4031362852570352	0.3456540053966166	0.24856493691144663	-0.2968971762640057	0.9882051870572389	1.3905984073681268	0.22409630195954602	0.6245667201490522	0.4216683178954179
psvid_61003_sp|A6NDB9|PALM3_HUMAN	A6NDB9	PALM3_HUMAN	0.002921925886488097	0.08131490865907737	-0.19454622161899807	0.20039007339197426	0.03593345838631666	0.9724655660817489	0.9993972885443889	0.09215421532210201	-0.4976908369245967	0.27378702592420306	-1.2309154287977635	0.2355337549485701	-1.817802853311174	0.13658818619528557	0.7067636245123187	0.4552662617203918	-0.5768571312980616	0.27063162401692253	-1.276451659663735	0.12273739706761166	-2.1315215226362123	0.08726589566477168	0.5204027816531388	0.46399998039367635
psvid_30483_sp|P26373|RL13_HUMAN	P26373	RL13_HUMAN	0.003749607462525617	0.11046871228779419	-0.2645167207239244	0.27201593564897564	0.03394270997526524	0.9739903002549442	0.9993972885443889	0.1777107207941578	0.001960715993309492	0.1548789554721226	-0.4128181017116187	0.4167395336982377	0.012659666946568544	0.9904519630848886	1.0	0.23978261750323163	-0.07944740921398075	0.1359917954970786	-0.4309921201396735	0.272097301711712	-0.5842073701842362	0.5848960470966016	0.8361268016786402	0.19010294968637087
psvid_46147_sp|P84098|RL19_HUMAN	P84098	RL19_HUMAN	-0.004363500228564909	0.12949902664886517	-0.31884375136342663	0.3101167509062968	-0.0336952357209331	0.9741798517722005	0.9993972885443889	0.2245861180375048	0.18969853504038037	0.12906280919054577	-0.1559424801804828	0.5353395502612435	1.4698156365116244	0.2091375891072982	0.7258795267620202	0.18962325366110505	0.10969740879445955	0.1326938497276763	-0.23332196876155908	0.4527167863504782	0.8266955026143888	0.44671837474163545	0.7711769837645075	0.18231679995394942
psvid_82331_sp|O43657|TSN6_HUMAN	O43657	TSN6_HUMAN	0.005762094008785468	0.1781386846322668	-0.42683651101308573	0.43836069903065666	0.03234611292140282	0.9752132367410458	0.9993972885443889	0.3350068443339212	-0.7127940439182145	0.37079560793702354	-1.7058157452944327	0.2802276574580036	-1.9223368040521034	0.12032691081553822	0.7048513307479977	0.6253005271132975	-0.792481250360578	0.3910758203721191	-1.8034292691011506	0.21846676837999457	-2.0264133170046437	0.09961547478059986	0.5293694948893074	0.6900022198403342
psvid_41173_sp|P22033|MUTA_HUMAN	P22033	MUTA_HUMAN	0.005145992681405254	0.16379119473155257	-0.3926106344206956	0.4029026197835061	0.031418005649444934	0.9759241678010078	0.9993972885443889	0.30326746916510927	-0.2579854492239484	0.11782090772411892	-0.5735197105298865	0.0575488120819897	-2.1896406521330563	0.0874413602878688	0.6917486752637665	0.16673882659937833	-0.3410757616522905	0.13161516712488938	-0.6813066977262974	-0.0008448255782835812	-2.591462436306025	0.049617042191304604	0.5036298607729148	0.17973990604836612
psvid_36987_sp|P21980|TGM2_HUMAN	P21980	TGM2_HUMAN	0.0028951531238714523	0.09216266795259158	-0.22091609637360773	0.22670640262135064	0.03141351252288744	0.9759276095993847	0.9993972885443889	0.1275279802453721	-0.0010815284079570553	0.09044507500267264	-0.24330101628146975	0.24113795946555563	-0.011957847433097891	0.9909812499382372	1.0	0.10511483986226117	-0.08051819599749255	0.09851313813828659	-0.3351789462480528	0.17414255425306768	-0.8173345963709544	0.45156913154696676	0.7746571900148868	0.08589624053860002
psvid_12007_sp|P25398|RS12_HUMAN	P25398	RS12_HUMAN	-0.003260865184985917	0.10428940743850373	-0.25652113972662455	0.2499994093566527	-0.03126746296749983	0.9760394859274732	0.9993972885443889	0.1615582942218228	0.008907593448501228	0.0872432545989678	-0.22473715115208662	0.24255233804908907	0.10210065511020741	0.9231559472323653	0.9970139773360194	0.09683719188191509	-0.07060293390055761	0.11499394907206045	-0.36786729780558264	0.22666143000446742	-0.6139708608173339	0.56656864958241	0.8298398456720806	0.13745186778420593
psvid_45398_sp|Q16698|DECR_HUMAN	Q16698	DECR_HUMAN	-0.002320398172837912	0.0759065465428205	-0.18665467803034175	0.18201388168466592	-0.030569144277021294	0.9765744175216903	0.9993972885443889	0.07057676689849512	0.42260612465575864	0.2016444760302938	-0.11741467487519752	0.9626269241867148	2.0957981739716436	0.09772240622537355	0.6917486752637665	0.3263224613607423	0.21120875257504101	0.09936323301783692	-0.0456495299428048	0.46806703509288683	2.1256227898414544	0.08791414512522709	0.5204027816531388	0.0890428436622745
psvid_39530_sp|Q562R1|ACTBL_HUMAN	Q562R1	ACTBL_HUMAN	0.0037171384961220966	0.12273131985767304	-0.29432816184121663	0.3017624388334608	0.03028679639746989	0.9767907076544409	0.9993972885443889	0.20830232246436028	0.10470655038832533	0.14266908105397805	-0.27737320074525573	0.4867863015219064	0.7339119984147805	0.5001443617485128	0.8499862728161255	0.2163809390612131	0.02493449542820736	0.15668952827605886	-0.3801147556795448	0.4299837465359595	0.1591331322682729	0.8799037840950209	0.9687449624358292	0.23656469853219858
psvid_39857_sp|Q08426|ECHP_HUMAN	Q08426	ECHP_HUMAN	0.0021038237733810305	0.07147450865813182	-0.17146753050016952	0.17567517804693158	0.029434602809846302	0.9774435360693969	0.9993972885443889	0.047788350157018676	0.060846485375097625	0.08541156507475596	-0.16789284123026207	0.2895858119804573	0.7123916453450081	0.5121309804766435	0.8623149979278187	0.09191407670483427	-0.004838461716216047	0.11152921898289614	-0.2931463475250534	0.2834694240926213	-0.04338290683231685	0.9671056022622124	1.0	0.12776812474834312
psvid_50504_sp|P34897|GLYM_HUMAN	P34897	GLYM_HUMAN	0.002662022515115048	0.09717402628157289	-0.23331899587258176	0.23864304090281185	0.027394383221309902	0.9790065357180776	0.9993972885443889	0.14206179403813357	-0.1197136041122393	0.09928238967120225	-0.3856001610121757	0.1461729527876971	-1.2057889068615288	0.2886133341820767	0.7858402699700607	0.1263952460782337	-0.20055132787267504	0.09631404208969357	-0.44952731911351196	0.04842466336816187	-2.082264678351982	0.09283861395359463	0.5204027816531388	0.07730537816212776
psvid_62755_sp|P30085|KCY_HUMAN	P30085	KCY_HUMAN	0.0025749661959997283	0.09696713632277314	-0.2329036329235041	0.23805356531550356	0.026555040126465885	0.9796495811719271	0.9993972885443889	0.1414768186579831	0.10758138372044934	0.16249082716277927	-0.32758266405494163	0.5427454314958403	0.6620766574883454	0.5409486736052607	0.870139239925974	0.25415356813319945	0.027372286895084752	0.16288905192453346	-0.3937030027020762	0.4484475764922457	0.1680425207936402	0.873253540459278	0.9687449624358292	0.2498925094190943
psvid_24290_sp|P14625|ENPL_HUMAN	P14625	ENPL_HUMAN	-0.0022073333918921634	0.08511146397119879	-0.20889517697463683	0.2044805101908525	-0.025934619014885137	0.9801249147780342	0.9993972885443889	0.10536404980317055	0.14176013415477318	0.08257665484414964	-0.07938706535903892	0.3629073336685853	1.7167095763605704	0.15451469564124629	0.71167553563214	0.08395758565912598	0.08998030149203862	0.09065714926983756	-0.14437237557146157	0.3243329785555388	0.9925339834392505	0.3673108966172512	0.7124524044277046	0.050149514890389796
psvid_55316_sp|O43772|MCAT_HUMAN	O43772	MCAT_HUMAN	-0.0025820186331753092	0.10049328541557194	-0.24662364931313335	0.24145961204678273	-0.025693444318173445	0.9803096923925095	0.9993972885443889	0.1512974757649698	0.01854948066641704	0.08843658474254197	-0.21829110202963392	0.255390063362468	0.20974894858749454	0.8432078014366383	0.9778892202407429	0.09996721131147257	-0.04301077698932909	0.1147206693651181	-0.33956870095635827	0.2535471469777001	-0.37491741660293104	0.7233735345644269	0.896040644379517	0.13670254617900737
psvid_39080_sp|P02766|TTHY_HUMAN	P02766	TTHY_HUMAN	-0.003973854010090427	0.1565141000984851	-0.38405851394023366	0.3761108059200528	-0.025389750876054714	0.9805423710537714	0.9993972885443889	0.2869596556917595	-0.41834229114840005	0.2579292311432061	-1.1090983801147711	0.27241379781797115	-1.6219266396995937	0.17353185673753665	0.7176098719675167	0.42719069652316954	-0.5	0.24162174983602222	-1.1246027408417385	0.12460274084173839	-2.069350132342504	0.0943611946682532	0.5204027816531388	0.408248290463863
psvid_25389_sp|P47914|RL29_HUMAN	P47914	RL29_HUMAN	-0.00219371295487214	0.09599244176195311	-0.2353053275633835	0.2309179016536392	-0.022852975865664715	0.9824860330672665	0.9993972885443889	0.13870485251608847	-0.16773885845494574	0.20593806039203633	-0.7192582366007382	0.3837805196908467	-0.8145112085431306	0.457082081147205	0.8337187464473949	0.334108338688291	-0.25	0.21365473874435506	-0.8023067997980967	0.3023067997980967	-1.1701121232753617	0.29561300416285463	0.6659413830042331	0.3535533905932738
psvid_64230_sp|Q16629|SRSF7_HUMAN	Q16629	SRSF7_HUMAN	-0.002548562974178381	0.1166037354032494	-0.28571340939658335	0.2806162834482266	-0.021856615187881536	0.983249475324353	0.9993972885443889	0.1932196224695853	0.3632988620115829	0.25863234731159074	-0.3293402309571255	1.0559379549802914	1.4046922814874885	0.22651568966752497	0.7312711241235058	0.4284379742419554	0.2813827205209646	0.28806960383137303	-0.46328974472017814	1.0260551857621074	0.976787265225238	0.37432360452041435	0.7156202560569989	0.49716980439029
psvid_80111_sp|Q8IXB1|DJC10_HUMAN	Q8IXB1	DJC10_HUMAN	0.0029686147928424944	0.13906924750928612	-0.3347523165037465	0.34068954608943147	0.021346306577550656	0.9836404970407205	0.9993972885443889	0.24708842232805295	-0.3086294086579966	0.1908000796662339	-0.8196080062390693	0.20234918892307607	-1.6175538773247957	0.17446482133137559	0.7176098719675167	0.3065638087931005	-0.390560606055268	0.18290778368524882	-0.8633851886461438	0.0822639765356078	-2.1352869636611644	0.08685474362464249	0.5204027816531388	0.29171772546596775
psvid_59000_sp|O14678|ABCD4_HUMAN	O14678	ABCD4_HUMAN	-0.001770542144310383	0.0841293656439003	-0.20607342163427156	0.2025323373456508	-0.021045471230636267	0.9838710131204369	0.9993972885443889	0.10205499278226182	-0.05312440348837688	0.266612970960881	-0.7671362751648834	0.6608874681881296	-0.1992566351776321	0.8509219095604895	0.9778892202407429	0.44257870511910985	-0.13475655413857424	0.25681732146656	-0.7986405090909302	0.5291274008137817	-0.5247175438519663	0.622603737439387	0.8499942796318172	0.4375524023826369
psvid_74386_sp|P53990|IST1_HUMAN	P53990	IST1_HUMAN	-0.0020438452144819763	0.09739090458320782	-0.23855153893348294	0.23446384850451898	-0.020985996826179774	0.9839165857810223	0.9993972885443889	0.14267376627186212	-0.11692562212317359	0.1966141553053603	-0.6434748013387405	0.4096235570923933	-0.5946958495515091	0.5812440819707091	0.8922959468515108	0.3171747273852458	-0.1988823716652035	0.18924003453828184	-0.6880760983467336	0.2903113550163265	-1.0509529452921924	0.34224208944258355	0.6989751266324247	0.3046486017086601
psvid_55565_sp|O95232|LC7L3_HUMAN	O95232	LC7L3_HUMAN	-0.005149517826812833	0.2516061166667433	-0.6161591663469637	0.605860130693338	-0.020466584417871917	0.9843145918034382	0.9993972885443889	0.4925502668184967	0.8292004308522638	0.28916469055848715	0.054793164827996454	1.6036076968765312	2.867571518675956	0.04065240529574904	0.6392260310717692	0.48239410580571607	0.75	0.28373143354571784	0.016541893782816564	1.4834581062171834	2.643344766659955	0.04663762289518349	0.5036298607729148	0.48893800808485205
psvid_70174_sp|Q96CN7|ISOC1_HUMAN	Q96CN7	ISOC1_HUMAN	-0.0033294937823091786	0.1633442390859104	-0.40000071717655966	0.3933417296119413	-0.02038329481921944	0.9843784139233414	0.9993972885443889	0.30227035819163217	0.10422705107426955	0.2948656585599156	-0.6854478848551693	0.8939019870037084	0.3534730072782993	0.7400020111921586	0.9568385344346946	0.49243002270751923	0.023277351097870436	0.2845639386401671	-0.7123328170264493	0.7588875192221902	0.08180007350581689	0.938036138220904	0.9963964473527942	0.49051868554813505
psvid_87892_sp|Q3ZCQ8|TIM50_HUMAN	Q3ZCQ8	TIM50_HUMAN	0.0021161069077475503	0.10507033502625035	-0.25304060122314576	0.25727281503864086	0.020139908254969117	0.9845649138782261	0.9993972885443889	0.16363443060357014	-0.07456899402737704	0.09435351952601831	-0.3272556237634936	0.1781176357087395	-0.7903149177897322	0.46970463703771304	0.8337187464473949	0.11476674542582128	-0.1557325877300445	0.12439301268138254	-0.4772939401955472	0.1658287647354582	-1.2519399954476096	0.2669353406441193	0.6612899677588453	0.1620369649472167
psvid_35246_sp|Q8NEN9|PDZD8_HUMAN	Q8NEN9	PDZD8_HUMAN	-0.0020393939731837563	0.10176981133146401	-0.2491809876489904	0.2451021997026229	-0.020039282243940252	0.9846420209373429	0.9993972885443889	0.15478090024294228	0.13063981885619924	0.3109002397275147	-0.7019770687335964	0.9632567064459949	0.42019851438743555	0.6940271364137905	0.9414690406320979	0.5206033408964869	0.04816126948559907	0.2742046796609116	-0.6606697632507701	0.7569923022219682	0.17563985248230082	0.8675920379656821	0.9646447066194703	0.4708146966164991
psvid_54567_sp|Q9BS26|ERP44_HUMAN	Q9BS26	ERP44_HUMAN	0.0013905071147686243	0.06973394457356394	-0.16795399662101362	0.17073501085055087	0.019940175810673474	0.9847179637605953	0.9993972885443889	0.0356199263956411	-0.06359223663248237	0.08243818255210565	-0.2843685957477147	0.15718412248275	-0.7713929961069731	0.479758321484749	0.8379165572257598	0.08355678066393132	-0.13438063469476713	0.0951316259047043	-0.38030002862819634	0.11153875923866205	-1.4125758223598484	0.217929508817835	0.6210915066177928	0.07235572876855931
psvid_1633339_sp|P11182|ODB2_HUMAN	P11182	ODB2_HUMAN	0.001514648780966965	0.07935711339733727	-0.19119911591937194	0.19422841348130587	0.019086490374003288	0.9853721290485198	0.9993972885443889	0.08481406664212726	0.22074383016497912	0.1252181479533942	-0.11460086017713877	0.556088520507097	1.7628741022997663	0.1460428365926533	0.7067636245123187	0.18189118817738484	0.13862532492995117	0.10893487132457404	-0.1429760592531673	0.42022670911306964	1.2725523355777757	0.2601207589755365	0.6541369364189723	0.1202206531634321
psvid_23050_sp|P10809|CH60_HUMAN	P10809	CH60_HUMAN	0.0013857537060095737	0.07471291233966287	-0.18004986047279387	0.182821367884813	0.018547713676447305	0.9857849912898707	0.9993972885443889	0.06510505226740107	0.0798133684738227	0.1436255929324768	-0.30482800160195117	0.46445473854959657	0.5557043619053719	0.6054247043267197	0.902812453538994	0.2182323377630363	-0.0019504507935939053	0.1595885706339161	-0.4144938525883715	0.4105929510011837	-0.012221744864599917	0.9907298357507084	1.0	0.24282367991409587
psvid_61571_sp|Q9HCS2|CP4FC_HUMAN	Q9HCS2	CP4FC_HUMAN	-0.002578524335978827	0.1449722395271511	-0.35463450092413434	0.3494774522521767	-0.017786331675561293	0.9863684431450388	0.9993972885443889	0.26072307879528783	0.2114102586700115	0.11223208625554107	-0.08915667054078025	0.5119771878808033	1.8836882189702133	0.1260872141271756	0.7048513307479977	0.15499665352181677	0.1408768312968689	0.11624838577070036	-0.15963030607832052	0.4413839686720583	1.2118605377862888	0.28065279714675945	0.6643263115070572	0.14086260132522693
psvid_74061_sp|P33260|CP2CI_HUMAN	P33260	CP2CI_HUMAN	-0.00230977242925956	0.13166837815029378	-0.32205815740746574	0.3174386125489466	-0.01754234738596882	0.9865554118135019	0.9993972885443889	0.22973577141445506	0.19604610003259193	0.11708105881847314	-0.11750678392334668	0.5095989839885305	1.674447617838417	0.16271534312143815	0.7176098719675167	0.1652004226413631	0.0862022349746876	0.13055973032725732	-0.25130035103549603	0.4237048209848712	0.6602513252640422	0.5388093869953	0.8165629924469568	0.17720307247997583
psvid_90448_sp|O15155|BET1_HUMAN	O15155	BET1_HUMAN	0.001396315318524799	0.08480680929265746	-0.20455169351567873	0.20734432415272833	0.016464660446147587	0.9873812697502948	0.9993972885443889	0.10434469787098041	-0.39576216120052354	0.14044485349619557	-0.7718852446001865	-0.01963907780086066	-2.817918573365482	0.042893973001941144	0.6521098268599003	0.21206230434163229	-0.47672264890212956	0.1617480167458057	-0.8948483128943362	-0.05859698490992293	-2.94731681100808	0.03271081037365077	0.48232346954803157	0.2474552347741902
psvid_51626_sp|P00338|LDHA_HUMAN	P00338	LDHA_HUMAN	0.0011877424474135978	0.0760607010584065	-0.18352089196726004	0.18589637686208724	0.015615717852791528	0.9880318473227583	0.9993972885443889	0.07125881313796924	0.028705856492683424	0.09116689953341924	-0.21544673794486066	0.27285845093022754	0.3148714790082409	0.7672104714133191	0.9665627003629799	0.10693137955201046	-0.05328226673208958	0.11358247380125763	-0.3468979056222015	0.24033337215802236	-0.46910641183358004	0.6590890740637931	0.8651228052658235	0.1335561267143955
psvid_34216_sp|Q9Y5S2|MRCKB_HUMAN	Q9Y5S2	MRCKB_HUMAN	0.001691253178117691	0.11722003166472009	-0.2829702299997611	0.2863527363559965	0.014428021850012095	0.9889420414342731	0.9993972885443889	0.19475342478704546	0.14818485718653918	0.15044252874772807	-0.25471283808978296	0.5510825524628613	0.9849931294030911	0.3755626545376082	0.8019827518771842	0.23133447711390354	0.06575860145844847	0.1710999391785399	-0.3765421891007552	0.5080593920176522	0.38432860802966434	0.7168198793620297	0.896040644379517	0.26724584526382905
psvid_33136_sp|Q86VP6|CAND1_HUMAN	Q86VP6	CAND1_HUMAN	-0.001294494085393616	0.10333560987252963	-0.25223853115528144	0.2496495429844942	-0.012527086132171168	0.9903988658486647	0.9993972885443889	0.1590072865745417	-0.5862777458326853	0.16817345630316916	-1.0366603505070524	-0.1358951411583182	-3.4861491148507553	0.021541103338732038	0.6392260310717692	0.2647928758181775	-0.6676730936867602	0.13924710811594124	-1.0276329294322102	-0.3077132579413102	-4.794879424934527	0.005148387631535417	0.39647783251920843	0.19766429173433445
psvid_73351_sp|Q8WU76|SCFD2_HUMAN	Q8WU76	SCFD2_HUMAN	-0.0015076832664089324	0.13641650444129846	-0.3327865946667477	0.32977122813392984	-0.01105205907880234	0.9915293137510685	0.9993972885443889	0.24090436240776886	-0.08787158692394259	0.2671260468982396	-0.8032575189435197	0.6275143450956345	-0.32895177368239514	0.7572374684908567	0.9641843542896003	0.44348682684160906	-0.16951797627815957	0.2538129160386508	-0.825635412421073	0.48659945986475384	-0.6678855391754187	0.5343183063990034	0.8138211960662557	0.4317774560771206
psvid_29437_sp|Q9NX40|OCAD1_HUMAN	Q9NX40	OCAD1_HUMAN	-0.0014266083222898018	0.1353114651816584	-0.33002200129875836	0.32716878465417876	-0.010543144443632704	0.9919193466113554	0.9993972885443889	0.2383169318490221	0.051429786894225504	0.14582368782626046	-0.3390982654520195	0.4419578392404705	0.3526847226323119	0.7405533741360363	0.9568385344346946	0.22247431770429052	-0.028856675943007004	0.15095835013911393	-0.4190905820951935	0.3613772302091795	-0.1911565403067433	0.8560575148872954	0.9614570829524488	0.22403793451184387
psvid_60680_sp|Q14699|RFTN1_HUMAN	Q14699	RFTN1_HUMAN	0.0014002080468058509	0.14966213074337575	-0.3620448747426852	0.3648452908362969	0.009355793879527043	0.9928293429272149	0.9993972885443889	0.27144542362086954	-0.4797427892331334	0.3090551489912933	-1.3074183692592558	0.3479327907929891	-1.552288615151494	0.18900859265871184	0.7176098719675167	0.5173652183793765	-0.5600785823334276	0.3311954151964864	-1.416233147170133	0.29607598250327793	-1.691081931195071	0.15269950293172405	0.565950376190691	0.5784217770122314
psvid_85654_sp|P0DJI9|SAA2_HUMAN	P0DJI9	SAA2_HUMAN	-0.000872543756944566	0.09359048542917255	-0.22815115830132437	0.22640607078743524	-0.009322996380918337	0.9928544794031585	0.9993972885443889	0.1317520643348007	0.3962403847312763	0.21196222416463467	-0.17141220867053553	0.9638929781330882	1.8693915214982348	0.12829133511016855	0.7057067124099028	0.3450008776030448	-0.007624356772950591	0.13819789707804064	-0.3648719363144833	0.3496232227685821	-0.055169846532795656	0.9581780839402348	1.0	0.1952398000975356
psvid_59906_sp|P48444|COPD_HUMAN	P48444	COPD_HUMAN	0.0012932333541835206	0.14357946935249913	-0.3473804883581471	0.34996695506651415	0.009007091055675438	0.9930965942529105	0.9993972885443889	0.2575207811010372	-0.19871401846034464	0.09089077275238784	-0.44212712224582607	0.04469908532513675	-2.186294740850073	0.08778697413841756	0.6917486752637665	0.10623844679527679	-0.27982473209308634	0.11808276183062563	-0.5850738114314532	0.025424347245280532	-2.3697339709453824	0.06492453683958298	0.509455695774718	0.1457700994030999
psvid_69235_sp|O43678|NDUA2_HUMAN	O43678	NDUA2_HUMAN	0.0012171001502840895	0.1367317028254313	-0.330827250725273	0.3332614510258412	0.008901374919889581	0.9931776169555111	0.9993972885443889	0.24164114070287093	-0.06819174203106648	0.10113539655255378	-0.3390408065945081	0.20265732253237512	-0.6742618742354114	0.5338685136886966	0.8679603367745448	0.1306406481264844	-0.14923378559680822	0.135671433660573	-0.4999503472301533	0.20148277603653686	-1.0999646835763963	0.32234345674027726	0.6810157109210588	0.18935240175573126
psvid_31475_sp|Q01130|SRSF2_HUMAN	Q01130	SRSF2_HUMAN	0.0015950244253692958	0.1793175033956818	-0.4338662679104878	0.4370563167612264	0.00889497341399917	0.9931825231848752	0.9993972885443889	0.33759389704297277	0.07767926571190475	0.1584766388415111	-0.34673444945138243	0.5020929808751919	0.4901622490213843	0.6474288932859696	0.9190364020538448	0.24659325361995757	1.1102230246251565e-16	0.15966907781503578	-0.41275151636235646	0.4127515163623567	6.953275110107817e-16	0.9999999999999994	1.0	0.24299680802320334
psvid_51475_sp|O94826|TOM70_HUMAN	O94826	TOM70_HUMAN	0.0007273050361842337	0.08335153814818919	-0.2016866692432838	0.20314127931565226	0.008725754225329008	0.993312215934552	0.9993972885443889	0.09938446685682575	-0.047501442496159285	0.09112007088243322	-0.29152862588330286	0.19652574089098426	-0.521306030999993	0.6272624690912215	0.9175798412959852	0.1068140331497964	-0.12787052167362756	0.1182296767585396	-0.4334993824956891	0.17775833914843397	-1.0815433584816225	0.32970274641254965	0.6842205679595597	0.14615927195016973
psvid_59640_sp|P07327|ADH1A_HUMAN	P07327	ADH1A_HUMAN	-0.0007448524164503922	0.08574391022108627	-0.20896855198700265	0.20747884715410186	-0.00868694248407646	0.9933419620101291	0.9993972885443889	0.10746068524803164	-0.4999996393265098	0.2472682795958326	-1.1622048069301332	0.16220552827711354	-2.022093736179077	0.10671488709861744	0.6917486752637665	0.4082479959751911	-0.09589999183370401	0.10499538204455698	-0.3673176247465614	0.17551764107915335	-0.9133734262046578	0.4036781436311557	0.745286180020441	0.1081438786879756
psvid_30133_sp|P35222|CTNB1_HUMAN	P35222	CTNB1_HUMAN	0.000781583216735271	0.09816679730748937	-0.23761031724188378	0.23917348367535432	0.007961787877087463	0.9938977367316555	0.9993972885443889	0.14485293661272625	0.01332540741102628	0.15552788577507695	-0.4031913000092077	0.4298421148312603	0.08567857361796434	0.9354751381098073	1.0	0.24101364446327886	-0.06677244263261961	0.15821193415079834	-0.47575717919514215	0.34221229392990293	-0.42204428503462976	0.6908383584529283	0.8789564839897613	0.23985761350583332
psvid_41854_sp|Q96CW1|AP2M1_HUMAN	Q96CW1	AP2M1_HUMAN	-0.0005713676856702321	0.07204937523206476	-0.17553874932110716	0.1743960139497667	-0.007930224014155662	0.9939219280697786	0.9993972885443889	0.051229246682552264	-0.09890909373670809	0.1252904076933421	-0.43444730171595036	0.2366291142425342	-0.7894386773710218	0.47016666873195534	0.8337187464473949	0.18203733930304358	-0.17962929867165256	0.15402351308583684	-0.5777867844641196	0.2185281871208145	-1.1662459521459279	0.29703374186067383	0.6682240557633815	0.23076417804581476
psvid_24900_sp|P35579|MYH9_HUMAN	P35579	MYH9_HUMAN	-0.0005236473788476914	0.07211147722335275	-0.1756418397989029	0.17459454504120753	-0.007261637107027843	0.9944343514928615	0.9993972885443889	0.05158881070708028	0.002407747712198649	0.07211381995972761	-0.19071910345942966	0.19553459888382696	0.033388159350638616	0.97482325748775	1.0	0.0478873706401976	-0.07722760469568746	0.09644914122784552	-0.32655283308935656	0.17209762369798165	-0.8007080593206083	0.46028221107009365	0.7776897008297246	0.07785462097201337
psvid_47046_sp|Q13884|SNTB1_HUMAN	Q13884	SNTB1_HUMAN	-0.00046403985567256	0.07421400466827228	-0.18068808809570303	0.1797600083843579	-0.0062527262576216255	0.9952076139446865	0.9993972885443889	0.06270443431259234	-0.08802422116078912	0.10904889122098317	-0.38006628739756776	0.20401784507598952	-0.8071995980446202	0.4608686896442856	0.8337187464473949	0.14816972104681234	-0.1681194721598538	0.1278504897499978	-0.4986185533477092	0.16237960902800164	-1.3149693246275318	0.24659764121674435	0.6439811012666573	0.17061632614836886
psvid_54526_sp|Q9UKR5|ERG28_HUMAN	Q9UKR5	ERG28_HUMAN	0.0025389531820794176	0.42334494710386233	-1.0255276564835465	1.0306055628477053	0.005997362669493531	0.9954033339305325	0.9993972885443889	0.849277828578221	-0.012013755961157724	0.39881725763748177	-1.0800797827427713	1.0560522708204558	-0.030123460635392132	0.9772840799525876	1.0	0.674068295687009	-0.090642519846177	0.41761787776601594	-1.1702029122950668	0.9889178726027129	-0.21704655061956526	0.8369042311209643	0.9528490542129893	0.7391504078816202
psvid_36397_sp|P0DJI8|SAA1_HUMAN	P0DJI8	SAA1_HUMAN	0.0006133067289830763	0.10936563933317373	-0.26497427808181423	0.2662008915397804	0.005607855746306992	0.9957018669359347	0.9993972885443889	0.17487062346473523	0.3962403847312763	0.21196222416463467	-0.17141220867053553	0.9638929781330882	1.8693915214982348	0.12829133511016855	0.7057067124099028	0.3450008776030448	0.046553153970576355	0.14086291066067996	-0.31758360168704125	0.41068990962819396	0.3304855320128711	0.7546716023742368	0.9093765083716006	0.20137594773461642
psvid_30934_sp|P62913|RL11_HUMAN	P62913	RL11_HUMAN	0.00036814554371389363	0.069835721856387	-0.16922351792979218	0.16995980901721996	0.005271593590325635	0.995959591726091	0.9993972885443889	0.036434024702568686	-0.14833072138656256	0.11171160463919523	-0.44750375722554675	0.15084231445242163	-1.327800472167948	0.24884353754379715	0.745519190257882	0.15388786840593377	-0.24525254914163064	0.14109191681066965	-0.6099812956653448	0.11947619738208348	-1.738246631596433	0.14375732567430088	0.5556992839403372	0.20189990027186303
psvid_23271_sp|P25311|ZA2G_HUMAN	P25311	ZA2G_HUMAN	-0.0005034019922574018	0.10571751551398499	-0.2572317472819707	0.2562249432974559	-0.0047617652553593025	0.9963503455915096	0.9993972885443889	0.16534678105924072	0.02076746197925905	0.11429915225043197	-0.28533524313385167	0.32687016709236977	0.18169392834827927	0.8638777298569871	0.979782114487937	0.15937329255142868	-0.059898290522513165	0.12094176565430392	-0.3725380191942218	0.2527414381491955	-0.4952655536196199	0.6417827813372915	0.8599050338179396	0.15324879831171007
psvid_75681_sp|P37837|TALDO_HUMAN	P37837	TALDO_HUMAN	-0.00020091714621361945	0.07506101934149441	-0.18248188731100928	0.18208005301858204	-0.00267671752896847	0.9979484240118588	0.9996838170958107	0.06673804536998848	0.001615522662541835	0.11233467499325911	-0.2992261477822079	0.3024571931072916	0.014381335617330784	0.9891535680338335	1.0	0.1552148694980525	-0.07981349014725936	0.12177955631499242	-0.39461894414490734	0.23499196385038862	-0.655393175688828	0.5416804284369087	0.8166555724192858	0.1554047530831758
psvid_84008_sp|P62249|RS16_HUMAN	P62249	RS16_HUMAN	-0.00011379596543648063	0.0699189964540563	-0.1699076865681024	0.16968009463722944	-0.0016275400278557464	0.9987525673054385	0.9996838170958107	0.03708769108167589	0.009525572796127424	0.06846811525151662	-0.17383777574879816	0.192888921341053	0.1391242151348167	0.8954810911131702	0.989615221984905	0.028057995196520902	0.06301090547895405	0.1506181355670592	-0.32634353119532367	0.45236534215323176	0.4183487283369002	0.6933636181088126	0.8790364452034973	0.22328735896303323
psvid_51504_sp|Q9UBU6|FA8A1_HUMAN	Q9UBU6	FA8A1_HUMAN	0.00014102895953538308	0.09648309795642344	-0.2341621133944029	0.23444417131347367	0.0014616960122806044	0.9988796788129005	0.9996838170958107	0.1401036010806738	0.05476784166171411	0.07210270618522781	-0.1383292458907497	0.24786492921417794	0.7595809444519128	0.48611543920013395	0.8436289103579044	0.047838172568741726	-0.02939061202900528	0.09297448129867004	-0.26973369325782337	0.21095246919981284	-0.3161148265467731	0.7649141427597859	0.9182825331865887	0.06250999596919755
psvid_107485_sp|O43676|NDUB3_HUMAN	O43676	NDUB3_HUMAN	0.00017346074435309333	0.1436133484903787	-0.34858253432604297	0.34892945581474916	0.0012078316269097662	0.9990742537927034	0.9996838170958107	0.25759878038969775	0.0006473088650382763	0.1773797384537109	-0.47439049066275113	0.4756851083928277	0.0036492830053822542	0.9972475945869125	1.0	0.2818915256610407	-0.07887545643198246	0.2106770238571837	-0.6234847336302524	0.46573382076628744	-0.37439040569251403	0.7237413349138742	0.896040644379517	0.34765670497507034
psvid_79401_sp|Q99714|HCD2_HUMAN	Q99714	HCD2_HUMAN	-2.385204032684385e-05	0.07517828473193482	-0.18258959383923773	0.18254188975858404	-0.00031727300525535656	0.9997568250806076	0.9997568250806076	0.06728089556068817	0.07139794690745882	0.19884222461491308	-0.4611181885751089	0.6039140823900265	0.35906833694770485	0.7360936633587892	0.9568253281698769	0.3212300968833692	-0.008314032292797369	0.19864812478634106	-0.5218280817888596	0.5052000172032649	-0.041853062049992416	0.9682647529158627	1.0	0.32365525923628935
