feature	first_member_id	log2fc	ci_low	ci_high	se	t	p	q	residual_sd	mean_log2_abundance
sp|Q08722|CD47_HUMAN	psvid_40342_sp|Q08722|CD47_HUMAN	1.2276211217864592	0.5334431056416081	1.9217991379313104	0.30453980609505904	4.031069493106821	0.003279239918576613	1.0	0.4264414427935256	-15.04390687069981
sp|O00168|PLM_HUMAN	psvid_36643_sp|O00168|PLM_HUMAN	1.204219514435962	0.48893551981407113	1.919503509057853	0.3137991177461831	3.837549076253289	0.004358984111620917	1.0	0.44521266228706824	-12.743770359923776
sp|Q8N8J7|F241A_HUMAN	psvid_81790_sp|Q8N8J7|F241A_HUMAN	-1.248250367505236	-2.053570636341121	-0.4429300986693512	0.3532985384321441	-3.5331319881612813	0.006891333370615112	1.0	0.5229887028779096	-13.910984148657356
sp|Q9Y2D2|S35A3_HUMAN	psvid_58610_sp|Q9Y2D2|S35A3_HUMAN	-1.2900038178809852	-2.1596874759645077	-0.4203201597974626	0.3815351198640261	-3.3810880066315385	0.008701048742763963	1.0	0.5769004750129522	-14.939240148320401
sp|P61966|AP1S1_HUMAN	psvid_87408_sp|P61966|AP1S1_HUMAN	-1.4521216731816393	-2.466975279047381	-0.43726806731589773	0.44522199372089244	-3.2615676980503516	0.010471295827963025	1.0	0.6951887449068436	-13.569891439918516
sp|P56134|ATPK_HUMAN	psvid_86283_sp|P56134|ATPK_HUMAN	0.858438115505344	0.2523936547282588	1.4644825762824292	0.2658751188852484	3.2287267763323335	0.011020959892787327	1.0	0.3447083326484261	-11.056189082180017
sp|Q16878|CDO1_HUMAN	psvid_51126_sp|Q16878|CDO1_HUMAN	0.8300493277492116	0.22357970130986626	1.436518954188557	0.26606164145630595	3.119763236841966	0.013070310130546632	1.0	0.3451193708111301	-14.800793284744476
sp|Q02325|PLGB_HUMAN	psvid_44984_sp|Q02325|PLGB_HUMAN	-1.1609391216334681	-2.0700291863397147	-0.2518490569272216	0.3988229324318088	-2.9109136592389078	0.018179386759982187	1.0	0.6093995355829249	-12.494638120824114
sp|Q14678|KANK1_HUMAN	psvid_34616_sp|Q14678|KANK1_HUMAN	1.216406662441651	0.24589444941063876	2.186918875472663	0.42576917490236105	2.856962725684878	0.01980797517053809	1.0	0.6594445154939197	-15.822123140563525
sp|Q9BXR6|FHR5_HUMAN	psvid_81273_sp|Q9BXR6|FHR5_HUMAN	0.8759051625627126	0.17285802409770323	1.578952301027722	0.3084307400180526	2.839876344723115	0.020354421746920055	1.0	0.43435956274784415	-15.787335592975595
sp|O95197|RTN3_HUMAN	psvid_52886_sp|O95197|RTN3_HUMAN	0.5268831059481509	0.07608727068605198	0.9776789412102498	0.19776667233226394	2.6641653001216747	0.02695401629347375	1.0	0.1690578082525884	-14.680596306271706
sp|O14561|ACPM_HUMAN	psvid_87262_sp|O14561|ACPM_HUMAN	1.581876969758241	0.22269652686254515	2.941057412653937	0.5962801167723524	2.6529091365999204	0.027444708863170627	1.0	0.9658659511078358	-12.52404017721433
sp|O15269|SPTC1_HUMAN	psvid_86951_sp|O15269|SPTC1_HUMAN	-0.7434818313858282	-1.3842785884891882	-0.10268507428246842	0.2811211470486544	-2.6447026102136384	0.027808164481134136	1.0	0.37769894283844513	-14.109334831919973
sp|Q5UCC4|EMC10_HUMAN	psvid_107450_sp|Q5UCC4|EMC10_HUMAN	-0.6683748484772325	-1.2506598486930618	-0.0860898482614032	0.25545170969630304	-2.6164430422949145	0.029097504192976263	1.0	0.32139470653837815	-15.189833058394349
sp|P30273|FCERG_HUMAN	psvid_67242_sp|P30273|FCERG_HUMAN	0.6853412223519353	0.0798028744948236	1.290879570209047	0.2656530842962435	2.579835367496339	0.030858177332156986	1.0	0.3442187736294522	-12.363947009462315
sp|O15245|S22A1_HUMAN	psvid_56180_sp|O15245|S22A1_HUMAN	-0.5549250252408595	-1.0479433997428633	-0.061906650738855706	0.21628993814291522	-2.5656534465056278	0.031568866622713465	1.0	0.22471967673327808	-14.350749500721578
sp|P54707|AT12A_HUMAN	psvid_41279_sp|P54707|AT12A_HUMAN	0.7394648205188559	0.08043822125911138	1.3984914197786003	0.2891186814941855	2.5576514692763888	0.031977132506328096	1.0	0.39457510181849836	-15.826169353515102
sp|Q14195|DPYL3_HUMAN	psvid_62000_sp|Q14195|DPYL3_HUMAN	-0.8161953104750697	-1.544750285979581	-0.08764033497055845	0.31962117181688	-2.553633433715996	0.03218413987554237	1.0	0.45689530424743446	-16.239398229710286
sp|P20648|ATP4A_HUMAN	psvid_31806_sp|P20648|ATP4A_HUMAN	0.5981549081437252	0.05405456170069545	1.1422552545867548	0.2386998869861053	2.505886851042136	0.034749875930787835	1.0	0.28220185194277553	-15.231325694311451
sp|O75348|VATG1_HUMAN	psvid_99175_sp|O75348|VATG1_HUMAN	0.7834267423881687	0.06758757014130301	1.4992659146350342	0.3140426772976611	2.4946505651065007	0.035383005287041816	1.0	0.44570317479888766	-12.521455452443941
sp|O75083|WDR1_HUMAN	psvid_95037_sp|O75083|WDR1_HUMAN	-1.0427891243891656	-2.008338969255002	-0.0772392795233291	0.4235921560345098	-2.461776285357395	0.03730266151733706	1.0	0.6554256526404106	-15.21383493689165
sp|Q13418|ILK_HUMAN	psvid_43230_sp|Q13418|ILK_HUMAN	-0.8893769918311403	-1.7175919042648715	-0.06116207939740903	0.3633425475475937	-2.4477645071683822	0.03815227727689128	1.0	0.5422983148666581	-14.391887540350538
sp|Q9Y5C1|ANGL3_HUMAN	psvid_86071_sp|Q9Y5C1|ANGL3_HUMAN	-0.6576801858752348	-1.2852006358372603	-0.030159735913209307	0.275296756318256	-2.388986323961353	0.04193234086884188	1.0	0.3652327426562842	-14.384714993884925
sp|Q14257|RCN2_HUMAN	psvid_77669_sp|Q14257|RCN2_HUMAN	-0.672419220446713	-1.320561797632171	-0.024276643261254893	0.2843437996988135	-2.36481056087371	0.04359347355447105	1.0	0.38453120378287675	-13.4877966942936
sp|Q8NBN3|GPHCC_HUMAN	psvid_49917_sp|Q8NBN3|GPHCC_HUMAN	-0.9164675404011002	-1.8072498969222277	-0.02568518387997265	0.3907912377208405	-2.345158877527785	0.044991857307783455	1.0	0.5943431810165816	-15.752244325888478
sp|P30046|DOPD_HUMAN	psvid_99364_sp|P30046|DOPD_HUMAN	0.4986500544932828	0.008400056807595646	0.9889000521789699	0.2150754356389016	2.3184891059827284	0.04696112024259964	1.0	0.221363387808281	-10.73193914026679
sp|O00442|RTCA_HUMAN	psvid_43288_sp|O00442|RTCA_HUMAN	0.8308220803774589	0.008608390684021527	1.6530357700708962	0.3607097773256093	2.3032979214962714	0.04812076131904209	1.0	0.5372520343650007	-15.172295412315925
sp|P11279|LAMP1_HUMAN	psvid_34906_sp|P11279|LAMP1_HUMAN	0.40018129390428303	0.0020912008573364393	0.7982713869512297	0.1746443663228651	2.2914068305213338	0.049048218970167874	1.0	0.06302417490510077	-12.593240392087804
sp|Q7L2H7|EIF3M_HUMAN	psvid_67794_sp|Q7L2H7|EIF3M_HUMAN	-0.7848098324209496	-1.5701847480178832	0.0005650831759840269	0.3445483996109513	-2.277792708679309	0.05013177667215574	1.0	0.506030373166824	-12.450707230836052
sp|Q8N1S5|S39AB_HUMAN	psvid_89442_sp|Q8N1S5|S39AB_HUMAN	0.5103307753561417	-0.0020120485086059237	1.0226735992208893	0.2247676829359681	2.2704810971492058	0.050723435413352023	1.0	0.24735547964672744	-13.588981635604721
sp|A6NHQ2|FBLL1_HUMAN	psvid_42411_sp|A6NHQ2|FBLL1_HUMAN	0.5823467218553664	-0.012299749487810874	1.1769931931985438	0.2608747567139526	2.232284676335724	0.05392802423116693	1.0	0.3336114030753066	-15.166003117073359
sp|Q9Y5J9|TIM8B_HUMAN	psvid_98593_sp|Q9Y5J9|TIM8B_HUMAN	-0.7114259344229752	-1.4471995457974125	0.024347676951462116	0.3227880280367108	-2.204003471721276	0.056428266120429074	1.0	0.4632140666341185	-12.761183766996373
sp|P11215|ITAM_HUMAN	psvid_23094_sp|P11215|ITAM_HUMAN	1.0146918843898316	-0.043103297985468414	2.072487066765132	0.46406070523218906	2.1865498908858028	0.05802765808592898	1.0	0.7295482424565191	-16.588502432517153
sp|P13640|MT1G_HUMAN	psvid_62246_sp|P13640|MT1G_HUMAN	0.7297020625842126	-0.03362726437671448	1.4930313895451395	0.3348768756901189	2.179015977381037	0.0587316839812347	1.0	0.4871220914285004	-12.266976558334232
sp|P02795|MT2_HUMAN	psvid_62248_sp|P02795|MT2_HUMAN	0.7267034757351896	-0.03627417917261477	1.4896811306429938	0.33472259517939085	2.1710619067879806	0.05948404125915288	1.0	0.4868189642506027	-12.243844917992622
sp|P04731|MT1A_HUMAN	psvid_34319_sp|P04731|MT1A_HUMAN	0.7267034757351896	-0.03627417917261477	1.4896811306429938	0.33472259517939085	2.1710619067879806	0.05948404125915288	1.0	0.4868189642506027	-12.243844917992622
sp|P80294|MT1H_HUMAN	psvid_80675_sp|P80294|MT1H_HUMAN	0.7267034757351896	-0.03627417917261477	1.4896811306429938	0.33472259517939085	2.1710619067879806	0.05948404125915288	1.0	0.4868189642506027	-12.243844917992622
sp|P80297|MT1X_HUMAN	psvid_62249_sp|P80297|MT1X_HUMAN	0.7267034757351896	-0.03627417917261477	1.4896811306429938	0.33472259517939085	2.1710619067879806	0.05948404125915288	1.0	0.4868189642506027	-12.243844917992622
sp|Q7Z2W4|ZCCHV_HUMAN	psvid_62867_sp|Q7Z2W4|ZCCHV_HUMAN	-1.0815570826949452	-2.227407939184035	0.06429377379414447	0.5026912254971632	-2.151533641004539	0.061371348898548124	1.0	0.7993549258686605	-15.936744287861185
sp|P36406|TRI23_HUMAN	psvid_34633_sp|P36406|TRI23_HUMAN	-1.078619390656384	-2.2214353442614447	0.06419656294867715	0.5013597965058617	-2.151387881863745	0.06138565327705374	1.0	0.7969616864978897	-15.115283006567783
sp|A0AV96|RBM47_HUMAN	psvid_59937_sp|A0AV96|RBM47_HUMAN	0.7272848343023153	-0.045798746538205704	1.5003684151428363	0.3391561218143201	2.1443954200552113	0.06207570697314731	1.0	0.4955106735983854	-15.670983612120171
sp|P62266|RS23_HUMAN	psvid_40300_sp|P62266|RS23_HUMAN	0.6091716756429939	-0.04315936223899708	1.261502713524985	0.2861813010006305	2.128621518991738	0.0636602442329231	1.0	0.38840724938717364	-10.709432573016727
sp|Q9NXA8|SIR5_HUMAN	psvid_80693_sp|Q9NXA8|SIR5_HUMAN	-0.4909342780190502	-1.0217153950592444	0.039846839021144054	0.23285666601779864	-2.1083110327686523	0.06575856964197019	1.0	0.2678870754549707	-13.729744008501353
sp|Q9H0C2|ADT4_HUMAN	psvid_79092_sp|Q9H0C2|ADT4_HUMAN	0.5879780877509253	-0.05165029608829941	1.22760647159015	0.2806085751160507	2.09536749726111	0.06713069644945871	1.0	0.37660809180499977	-12.91149904797934
sp|P46783|RS10_HUMAN	psvid_64450_sp|P46783|RS10_HUMAN	0.7405093318553995	-0.08209852538796514	1.563117189098764	0.36088270085016927	2.0519391206918587	0.07194019370009921	1.0	0.5375838029940226	-9.870846781367753
sp|Q4G148|GXLT1_HUMAN	psvid_60419_sp|Q4G148|GXLT1_HUMAN	-0.4619089749040475	-0.9792199250593708	0.05540197525127588	0.2269472279258688	-2.0353144610998632	0.07386805945121706	1.0	0.2529789096120862	-14.89657891923742
sp|Q969E2|SCAM4_HUMAN	psvid_86477_sp|Q969E2|SCAM4_HUMAN	0.7272669421338422	-0.08746133997442818	1.5419952242421127	0.357425886851536	2.0347349447465377	0.07393615326854686	1.0	0.5309428086853961	-14.798456647982308
sp|Q96S06|LMF1_HUMAN	psvid_52093_sp|Q96S06|LMF1_HUMAN	-0.7500399575191969	-1.5998489727159184	0.09976905767752453	0.3728160020726439	-2.011823401756908	0.07667724830499907	1.0	0.5603727665102801	-14.575638218866189
sp|Q8NHW5|RLA0L_HUMAN	psvid_64823_sp|Q8NHW5|RLA0L_HUMAN	0.4129862474788135	-0.05505115564804047	0.8810236506056675	0.20533064527895498	2.011322990378494	0.0767381940167077	1.0	0.19311658353554967	-10.336847895015312
sp|Q9BSR8|YIPF4_HUMAN	psvid_62004_sp|Q9BSR8|YIPF4_HUMAN	0.5806344001952168	-0.08075487079904642	1.24202367118948	0.29015519889341485	2.001116652086962	0.07799143879469901	1.0	0.3967435075382269	-14.066934572130037
sp|Q15070|OXA1L_HUMAN	psvid_75881_sp|Q15070|OXA1L_HUMAN	-0.6445804074171244	-1.3826564310042349	0.09349561616998614	0.3237981092442553	-1.99068613748726	0.0792924983195787	1.0	0.4652243669933565	-14.433758747015652
sp|O15155|BET1_HUMAN	psvid_90448_sp|O15155|BET1_HUMAN	-0.39576216120052354	-0.8522814375365799	0.06075711513553289	0.2002775781724394	-1.9760682389507003	0.08115093277039705	1.0	0.17730418054153946	-12.199713931028928
sp|Q8WU67|ABHD3_HUMAN	psvid_41702_sp|Q8WU67|ABHD3_HUMAN	-0.9514649831647302	-2.0527166026642036	0.14978663633474332	0.48312528899540685	-1.9693959410470352	0.08201300377259013	1.0	0.7640980949279065	-14.795049624982802
sp|P11766|ADHX_HUMAN	psvid_81665_sp|P11766|ADHX_HUMAN	0.4428239654974657	-0.0750967665070118	0.9607446975019432	0.22721474265808836	1.9489226813236546	0.08471315011977452	1.0	0.2536642205941294	-13.056040437747704
sp|P02652|APOA2_HUMAN	psvid_85363_sp|P02652|APOA2_HUMAN	0.45392041447346854	-0.07698411077118372	0.9848249397181208	0.23291080589227187	1.9489023393934763	0.08471587467364801	1.0	0.2680215459600117	-10.707345706067038
sp|P01860|IGHG3_HUMAN	psvid_1265178_sp|P01860|IGHG3_HUMAN	-0.697557311726372	-1.5230506753801412	0.1279360519273972	0.36214858876691847	-1.9261632748631947	0.08781428536809148	1.0	0.5400111294323581	-13.819698097385006
sp|Q6P4E1|GOLM2_HUMAN	psvid_73679_sp|Q6P4E1|GOLM2_HUMAN	-1.121382933636938	-2.4486322454886524	0.2058663782147765	0.5822717497103496	-1.9258755627329829	0.0878541714253705	1.0	0.9411248516743423	-14.553585283361322
sp|P62330|ARF6_HUMAN	psvid_88144_sp|P62330|ARF6_HUMAN	-0.45285385890728547	-0.992358363374182	0.0866506455596111	0.2366836652220858	-1.9133295847956475	0.08961028906054003	1.0	0.27730623462637977	-11.300301898163461
sp|O75452|RDH16_HUMAN	psvid_59530_sp|O75452|RDH16_HUMAN	-0.7499994589897652	-1.64438885389385	0.1443899359143196	0.39237366577844984	-1.9114418841075982	0.08987738790750197	1.0	0.5973152356392789	-9.19454272774161
sp|P06748|NPM_HUMAN	psvid_47126_sp|P06748|NPM_HUMAN	0.7125335297137134	-0.13973112024292844	1.5647981796703552	0.37389330287479206	1.9057135397590255	0.09069254929521227	1.0	0.5624202491311587	-12.897349163399983
sp|O43148|MCES_HUMAN	psvid_30375_sp|O43148|MCES_HUMAN	0.7304178805389068	-0.14361913013936434	1.6044548912171779	0.38344496017045193	1.9048832463835637	0.09081128309339002	1.0	0.5805078555456178	-16.10558910484552
sp|P40616|ARL1_HUMAN	psvid_91489_sp|P40616|ARL1_HUMAN	-0.42158035841075625	-0.926493214830907	0.08333249800939446	0.2215081143638657	-1.9032276069048966	0.09104848346415383	1.0	0.23880450483785495	-12.352298695212312
sp|P36956|SRBP1_HUMAN	psvid_64569_sp|P36956|SRBP1_HUMAN	-1.2493739930092587	-2.7577584307092966	0.25901044469077905	0.6617367497822358	-1.8880226818601238	0.09325449433020565	1.0	1.0808440677554956	-15.931955895132322
sp|Q6P2S7|TTC41_HUMAN	psvid_32133_sp|Q6P2S7|TTC41_HUMAN	-0.9759800937781717	-2.1559763670669585	0.20401617951061501	0.5176710121936132	-1.8853288493834905	0.0936505696938834	1.0	0.8262258639742969	-16.867539130716363
sp|O95445|APOM_HUMAN	psvid_92082_sp|O95445|APOM_HUMAN	0.7946264436540287	-0.167314673673849	1.7565675609819063	0.42200898693508593	1.882960951673428	0.0940000364952092	1.0	0.6525005507032133	-13.64987866233535
sp|P18827|SDC1_HUMAN	psvid_104949_sp|P18827|SDC1_HUMAN	-0.6682598839783926	-1.4800971191382581	0.14357735118147297	0.3561575682695554	-1.8763040393195427	0.09498911651649308	1.0	0.5285014792711975	-15.036465118394101
sp|Q9BW72|HIG2A_HUMAN	psvid_84413_sp|Q9BW72|HIG2A_HUMAN	0.490704157482325	-0.10730869936666732	1.0887170143313174	0.2623516089987248	1.870406510389308	0.09587357523684883	1.0	0.3369048355195747	-11.285372907305486
sp|P46777|RL5_HUMAN	psvid_67743_sp|P46777|RL5_HUMAN	0.5611708466504908	-0.1228466149311056	1.2451883082320871	0.3000823135721812	1.8700563854307524	0.09592632765208133	1.0	0.41731314312960077	-9.746368625966504
sp|O75153|CLU_HUMAN	psvid_37447_sp|O75153|CLU_HUMAN	-0.4761443892549653	-1.0583363522368792	0.10604757372694862	0.2554108937376912	-1.8642289774216478	0.09680836063482284	1.0	0.32130198952662614	-13.849044979621647
sp|Q8NC56|LEMD2_HUMAN	psvid_31405_sp|Q8NC56|LEMD2_HUMAN	0.4343199909457387	-0.10376544453490866	0.972405426426386	0.2360611116639828	1.8398625164654996	0.10057992852982661	1.0	0.27578555535140264	-13.650513765235727
sp|O75521|ECI2_HUMAN	psvid_38263_sp|O75521|ECI2_HUMAN	-0.4426355725979034	-0.9954260879293667	0.11015494273355986	0.24251231303052878	-1.8252086546310002	0.10291422530015118	1.0	0.2913430271010825	-12.513031188653677
sp|Q14117|DPYS_HUMAN	psvid_84271_sp|Q14117|DPYS_HUMAN	-0.3931916618619793	-0.8867181964926152	0.10033487276865666	0.21651287085389087	-1.8160198066345736	0.10440380044999759	1.0	0.22533235506553392	-12.585113775290825
sp|P51809|VAMP7_HUMAN	psvid_61910_sp|P51809|VAMP7_HUMAN	-0.9635122044915256	-2.180611990620971	0.2535875816379194	0.5339485322866462	-1.8045038917239151	0.10629912991007218	1.0	0.8553176351415426	-13.249949988720864
sp|Q08170|SRSF4_HUMAN	psvid_37590_sp|Q08170|SRSF4_HUMAN	0.387068573718524	-0.10281251389806151	0.8769496613351095	0.21491359271345914	1.8010427764547976	0.10687503398970025	1.0	0.2209137239219942	-13.63907091441414
sp|Q9UKA9|PTBP2_HUMAN	psvid_60200_sp|Q9UKA9|PTBP2_HUMAN	0.5819538274866103	-0.1554912951159284	1.319398950089149	0.3235213294283606	1.7988113133526056	0.10724787812627175	1.0	0.4646737506771951	-16.083791988064107
sp|Q5J8M3|EMC4_HUMAN	psvid_28301_sp|Q5J8M3|EMC4_HUMAN	-0.8943855510114092	-2.0376098190826104	0.2488387170597921	0.501538926362256	-1.7832824213636496	0.10987635865774628	1.0	0.7972837201533115	-14.059659890796317
sp|O75400|PR40A_HUMAN	psvid_26128_sp|O75400|PR40A_HUMAN	0.8711504926392166	-0.24329740085613438	1.9855983861345676	0.4889145687340543	1.7818051421435144	0.11012951455553785	1.0	0.7745501249816427	-16.287861294533535
sp|P68036|UB2L3_HUMAN	psvid_68541_sp|P68036|UB2L3_HUMAN	-0.565394648147794	-1.3100087482866352	0.17921945199104716	0.32666640025749766	-1.7308013548443206	0.11920982708363503	1.0	0.47091991359553276	-13.975782685446
sp|Q9BUR5|MIC26_HUMAN	psvid_77802_sp|Q9BUR5|MIC26_HUMAN	-0.5936837604661998	-1.384656373635643	0.1972888527032436	0.34700414106870897	-1.7108837912935646	0.1229403587928152	1.0	0.5108033492982664	-12.581947955178059
sp|Q14194|DPYL1_HUMAN	psvid_77888_sp|Q14194|DPYL1_HUMAN	-0.7088919909956233	-1.6536858151381404	0.23590183314689395	0.4144863728213092	-1.7102902229821593	0.12305316825353903	1.0	0.6385717690425762	-16.04502202420234
sp|P39060|COIA1_HUMAN	psvid_46243_sp|P39060|COIA1_HUMAN	-0.42979572593295723	-1.0043416196486694	0.14475016778275496	0.2520565200791158	-1.7051561522711354	0.12403290155371333	1.0	0.31364043970911165	-15.373458685225367
sp|P56381|ATP5E_HUMAN	psvid_47979_sp|P56381|ATP5E_HUMAN	-0.36763525766274263	-0.8592124917556336	0.12394197643014832	0.21565770172727022	-1.704716570371642	0.12411711986093742	1.0	0.22297643074715098	-11.187885043804936
sp|Q5VTU8|AT5EL_HUMAN	psvid_104079_sp|Q5VTU8|AT5EL_HUMAN	-0.36763525766274263	-0.8592124917556336	0.12394197643014832	0.21565770172727022	-1.704716570371642	0.12411711986093742	1.0	0.22297643074715098	-11.187885043804936
sp|P07148|FABPL_HUMAN	psvid_73804_sp|P07148|FABPL_HUMAN	-0.7880006050468795	-1.843004414776535	0.26700320468277594	0.46283611432831023	-1.7025477931653268	0.124533401163339	1.0	0.727321689539209	-8.029302220823672
sp|Q96SB4|SRPK1_HUMAN	psvid_59276_sp|Q96SB4|SRPK1_HUMAN	-0.8137871863152286	-1.9040730198353186	0.2764986472048614	0.47831453691428	-1.70136410982857	0.12476114244722804	1.0	0.7553991506807581	-15.21242952714338
sp|Q13733|AT1A4_HUMAN	psvid_47339_sp|Q13733|AT1A4_HUMAN	0.356463118719045	-0.1231525917575369	0.8360788291956269	0.21041011393567974	1.6941349065948998	0.12616038051170558	1.0	0.20815605994406752	-14.473184457378327
sp|Q9Y5Y5|PEX16_HUMAN	psvid_52725_sp|Q9Y5Y5|PEX16_HUMAN	-0.74914163534162	-1.7586250287512601	0.26034175806802007	0.4428660512651619	-1.6915761169805237	0.12665909019734947	1.0	0.6908748563291827	-14.862027945812937
sp|P46782|RS5_HUMAN	psvid_17903_sp|P46782|RS5_HUMAN	0.49999963932651026	-0.17399842577462343	1.173997704427644	0.29568674789538957	1.6909775053679583	0.12677602110141548	1.0	0.40824799597519146	-9.715783022304514
sp|P68366|TBA4A_HUMAN	psvid_51224_sp|P68366|TBA4A_HUMAN	-0.49999963932651026	-1.173997704427644	0.17399842577462343	0.29568674789538957	-1.6909775053679583	0.12677602110141548	1.0	0.40824799597519146	-9.215783382978003
sp|P07327|ADH1A_HUMAN	psvid_59640_sp|P07327|ADH1A_HUMAN	-0.4999996393265098	-1.1739977044276435	0.17399842577462388	0.29568674789538957	-1.6909775053679568	0.12677602110141573	1.0	0.40824799597519146	-9.215783382978003
sp|P14854|CX6B1_HUMAN	psvid_98045_sp|P14854|CX6B1_HUMAN	0.4999996393265098	-0.17399842577462388	1.1739977044276435	0.29568674789538957	1.6909775053679568	0.12677602110141573	1.0	0.40824799597519146	-9.215783382978003
sp|P55084|ECHB_HUMAN	psvid_32785_sp|P55084|ECHB_HUMAN	0.4999996393265098	-0.17399842577462388	1.1739977044276435	0.29568674789538957	1.6909775053679568	0.12677602110141573	1.0	0.40824799597519146	-9.215783382978003
sp|P0DPH7|TBA3C_HUMAN,sp|P0DPH8|TBA3D_HUMAN	psvid_34681_sp|P0DPH7|TBA3C_HUMAN	-0.49999963932650937	-1.173997704427643	0.17399842577462432	0.29568674789538957	-1.6909775053679554	0.12677602110141606	1.0	0.40824799597519146	-9.715783022304514
sp|Q9NP73|ALG13_HUMAN	psvid_40268_sp|Q9NP73|ALG13_HUMAN	0.6620492112504697	-0.23157720843525276	1.555675630936192	0.3920389442521967	1.6887332775403474	0.1272152847193656	1.0	0.5966868090973575	-16.64225298115079
sp|Q9NPA0|EMC7_HUMAN	psvid_58949_sp|Q9NPA0|EMC7_HUMAN	-0.761515620061409	-1.7917649447731148	0.26873370465029667	0.4519761823050864	-1.6848578528577902	0.12797711463200465	1.0	0.7075345928009562	-13.551364218283592
sp|Q9NQH7|XPP3_HUMAN	psvid_32520_sp|Q9NQH7|XPP3_HUMAN	0.37349551315401097	-0.13310773353706384	0.8800987598450858	0.2222496980979504	1.6805220270283705	0.12883441046488475	1.0	0.2407655407131568	-15.37207289619597
sp|P62826|RAN_HUMAN	psvid_87118_sp|P62826|RAN_HUMAN	-0.7879683118734087	-1.8629344456795036	0.2869978219326863	0.47159369835150844	-1.6708626824909063	0.13076325251586454	1.0	0.7432248559577886	-13.350523296679883
sp|O75381|PEX14_HUMAN	psvid_55422_sp|O75381|PEX14_HUMAN	-0.4796989212144771	-1.1372482441382337	0.17785040170927935	0.2884705920438611	-1.6629040687154006	0.13237230682684528	1.0	0.39321718324670885	-12.573317094925217
sp|P62273|RS29_HUMAN	psvid_103923_sp|P62273|RS29_HUMAN	0.624516556091157	-0.24112719230105373	1.4901603044833678	0.3797627887250104	1.6444911787904921	0.13616455188498616	1.0	0.5735487883255992	-11.922807929568823
sp|O60337|MARH6_HUMAN	psvid_40820_sp|O60337|MARH6_HUMAN	0.47830924443464795	-0.18866599487400537	1.1452844837433012	0.2926057946595627	1.63465404022892	0.13823091064835	1.0	0.4018540331088697	-16.41362555382659
sp|Q96NT0|VMA22_HUMAN	psvid_74347_sp|Q96NT0|VMA22_HUMAN	-0.6676718225679816	-1.599456521469882	0.26411287633391856	0.40877919629583254	-1.633331217973209	0.13851094446986362	1.0	0.6279701284403341	-14.003227085330646
sp|Q9Y282|ERGI3_HUMAN	psvid_49848_sp|Q9Y282|ERGI3_HUMAN	-0.466866367991138	-1.1192722790574527	0.18553954307517662	0.2862141482883655	-1.631178510157934	0.13896776317999707	1.0	0.3884764119502671	-12.785514258989199
sp|P27695|APEX1_HUMAN	psvid_60122_sp|P27695|APEX1_HUMAN	-0.39927526380512113	-0.9578162283425204	0.1592657007322782	0.2450350674903442	-1.629461725191048	0.13933305729409362	1.0	0.297314214471235	-13.095822350239892
sp|Q58FF8|H90B2_HUMAN	psvid_47966_sp|Q58FF8|H90B2_HUMAN	0.35316260127149013	-0.1411287061379105	0.8474539086808908	0.2168483809800185	1.6286153471629208	0.13951346886720833	1.0	0.22625248198855685	-12.640344825601883
sp|Q15800|MSMO1_HUMAN	psvid_105695_sp|Q15800|MSMO1_HUMAN	-0.7291045367046243	-1.7531264045353059	0.29491733112605734	0.4492441618911517	-1.6229582898425747	0.14072476981325627	1.0	0.7025445667458763	-12.749523620427922
sp|O60831|PRAF2_HUMAN	psvid_92670_sp|O60831|PRAF2_HUMAN	-0.5413986139493092	-1.3052884540264627	0.22249122612784422	0.3351227759516647	-1.6155231837402662	0.14233130387528758	1.0	0.48760513004611533	-13.300497062928923
sp|P49773|HINT1_HUMAN	psvid_79904_sp|P49773|HINT1_HUMAN	0.5454484567833426	-0.22432209429250638	1.3152190078591917	0.33770267699374856	1.6151736244407675	0.14240724225207804	1.0	0.4926655994746087	-11.288389087393089
sp|P31947|1433S_HUMAN	psvid_49003_sp|P31947|1433S_HUMAN	-0.4311334147755179	-1.040288185901245	0.17802135635020921	0.2672396295560577	-1.613283985955687	0.14281838396923052	1.0	0.34771067376094067	-13.583000471656067
sp|P50135|HNMT_HUMAN	psvid_60196_sp|P50135|HNMT_HUMAN	-0.754538914737299	-1.8209057666258304	0.31182793715123247	0.467821144933186	-1.6128790306070109	0.14290663271128667	1.0	0.7363797761841502	-14.053088001391679
sp|Q9H0U3|MAGT1_HUMAN	psvid_56110_sp|Q9H0U3|MAGT1_HUMAN	-0.45396058244541626	-1.0963365925432955	0.188415427652463	0.28181397423352683	-1.6108519234366963	0.14334912715544282	1.0	0.37917157085582187	-12.46251407723904
sp|Q8WVM8|SCFD1_HUMAN	psvid_86181_sp|Q8WVM8|SCFD1_HUMAN	-0.5589437110584767	-1.3503108396201595	0.23242341750320616	0.3471772171936508	-1.6099665628309516	0.14354278031161755	1.0	0.5111393304796967	-12.921625576985944
sp|Q9P2R3|ANFY1_HUMAN	psvid_38492_sp|Q9P2R3|ANFY1_HUMAN	-0.78855270106805	-1.9059810237237345	0.3288756215876345	0.49022209979591175	-1.6085621219368498	0.1438504567418207	1.0	0.7769083571105821	-16.49609854453643
sp|P49221|TGM4_HUMAN	psvid_35676_sp|P49221|TGM4_HUMAN	-0.4184489572645571	-1.0139775101568644	0.17707959562775022	0.261261730858458	-1.6016465782784597	0.1453741933699019	1.0	0.3344757026165114	-16.699460706150944
sp|O95758|PTBP3_HUMAN	psvid_68339_sp|O95758|PTBP3_HUMAN	0.8089009593826093	-0.34790574539899244	1.965707664164211	0.507497617859079	1.5939009975948764	0.14709812502961117	1.0	0.8079875878666972	-15.527546665447076
sp|A0A804HLA8|GBG5B_HUMAN	psvid_884047_sp|A0A804HLA8|GBG5B_HUMAN	0.5820340002377744	-0.25514567120652976	1.4192136716820785	0.36727543782540845	1.5847343445669122	0.14916216918443995	1.0	0.5498173984685598	-13.120333103242306
sp|P63218|GBG5_HUMAN	psvid_70701_sp|P63218|GBG5_HUMAN	0.5820340002377744	-0.25514567120652976	1.4192136716820785	0.36727543782540845	1.5847343445669122	0.14916216918443995	1.0	0.5498173984685598	-13.120333103242306
sp|P63104|1433Z_HUMAN	psvid_19362_sp|P63104|1433Z_HUMAN	-0.2801569476757799	-0.6831420790874119	0.12282818373585208	0.17679184722796207	-1.5846711942238774	0.14917647876870274	1.0	0.07828686575059593	-11.674433804883305
sp|P22830|HEMH_HUMAN	psvid_52142_sp|P22830|HEMH_HUMAN	-0.37282538185378566	-0.9094326414516172	0.16378187774404585	0.23541262757739775	-1.5837102099852738	0.14939438614600103	1.0	0.27419686446682795	-12.080186070938293
sp|P0DPI2|GAL3A_HUMAN	psvid_91468_sp|P0DPI2|GAL3A_HUMAN	0.581357409896397	-0.2566824212583252	1.419397241051119	0.3676527947357817	1.581267484486815	0.14994957604954745	1.0	0.5505376692059348	-14.452252229139244
sp|P18621|RL17_HUMAN	psvid_66069_sp|P18621|RL17_HUMAN	0.5073365439893296	-0.22659893938334463	1.2412720273620037	0.3219816309278775	1.5756692160583867	0.15122897950543002	1.0	0.4616073953373329	-9.77259330125033
sp|O15321|TM9S1_HUMAN	psvid_82741_sp|O15321|TM9S1_HUMAN	-0.75003213361087	-1.8351231771276562	0.33505890990591625	0.47603555327677377	-1.5755800768410058	0.15124943017952275	1.0	0.7512737957859033	-15.464015824397148
sp|Q9H078|CLPB_HUMAN	psvid_39230_sp|Q9H078|CLPB_HUMAN	-0.973302878895348	-2.3822953028401406	0.4356895450494447	0.6181329134571977	-1.5745851057367193	0.15147786928648166	1.0	1.0043595822653664	-14.700479968305505
sp|Q9Y3U8|RL36_HUMAN	psvid_51350_sp|Q9Y3U8|RL36_HUMAN	0.4227861157461259	-0.1904789560401099	1.0360511875323617	0.26904284160978326	1.5714453252739955	0.15220077853745637	1.0	0.35166218308292485	-10.673450219931068
sp|P30049|ATPD_HUMAN	psvid_90404_sp|P30049|ATPD_HUMAN	0.5424809497992968	-0.24661815348533722	1.3315800530839308	0.3461822217284717	1.5670387320605743	0.153220589966611	1.0	0.5092070806737209	-8.798302343010333
sp|P05546|HEP2_HUMAN	psvid_74899_sp|P05546|HEP2_HUMAN	-1.0740106273858872	-2.6546726548393003	0.506651400067526	0.6934453355579026	-1.5488035931798512	0.15750620419016276	1.0	1.1362332639965222	-13.758211461465049
sp|O95232|LC7L3_HUMAN	psvid_55565_sp|O95232|LC7L3_HUMAN	0.8292004308522638	-0.39793816542560223	2.0563390271301296	0.5383526148489314	1.5402552304588473	0.1595519273873926	1.0	0.8631710209455852	-15.514977247871458
sp|O00203|AP3B1_HUMAN	psvid_32180_sp|O00203|AP3B1_HUMAN	-0.6666047224482154	-1.654232087496744	0.321022642600313	0.43327768850474835	-1.5385161528826565	0.15997100304724807	1.0	0.6732758212989133	-17.00163323013033
sp|Q9BTZ2|DHRS4_HUMAN	psvid_69585_sp|Q9BTZ2|DHRS4_HUMAN	-0.368700209879393	-0.9158566158574838	0.17845619609869778	0.2400405975193934	-1.535991051886983	0.16058124043717262	1.0	0.28543330070259043	-13.52971075000297
sp|Q5HYI8|RABL3_HUMAN	psvid_64949_sp|Q5HYI8|RABL3_HUMAN	-0.5908481754607067	-1.4722972988779641	0.2906009479565508	0.3866966957826246	-1.5279369643045582	0.1625415562349442	1.0	0.5866397045992894	-12.668696896425534
sp|P05107|ITB2_HUMAN	psvid_889170_sp|P05107|ITB2_HUMAN	-0.46700316339633385	-1.164615783218892	0.2306094564262242	0.30604658607612373	-1.5259218192362878	0.1630353530886208	1.0	0.42951313449323814	-13.769657830174017
sp|P51888|PRELP_HUMAN	psvid_42092_sp|P51888|PRELP_HUMAN	0.5805852756150065	-0.28686721421023986	1.4480377654402528	0.38055629378060385	1.5256225822656404	0.16310879275418882	1.0	0.5750498849849842	-13.930757926354936
sp|Q9BTV4|TMM43_HUMAN	psvid_35234_sp|Q9BTV4|TMM43_HUMAN	-0.5929632772755271	-1.4806279359451255	0.2947013813940714	0.3894234861108997	-1.5226695318182826	0.16383512026639938	1.0	0.5917720401130249	-12.854930804210952
sp|P10176|COX8A_HUMAN	psvid_109873_sp|P10176|COX8A_HUMAN	-0.4183075428083405	-1.0446019861987181	0.20798690058203717	0.27475890032898914	-1.5224531118281153	0.16388846359845766	1.0	0.364073447223727	-12.89211969748182
sp|Q9NR77|PXMP2_HUMAN	psvid_74152_sp|Q9NR77|PXMP2_HUMAN	0.45130570850270635	-0.22804456211664226	1.130655979122055	0.29803479060603333	1.5142718995490665	0.1659163351317462	1.0	0.4130985765980197	-11.2055089461725
sp|P42785|PCP_HUMAN	psvid_84276_sp|P42785|PCP_HUMAN	-0.5635770929820416	-1.416519168213095	0.28936498224901197	0.374190493158718	-1.5061234940113584	0.16795819515226124	1.0	0.5629848055808856	-15.914463424055734
sp|Q02543|RL18A_HUMAN	psvid_66518_sp|Q02543|RL18A_HUMAN	0.46128647011636037	-0.23828104175241782	1.1608539819851385	0.30690420822901027	1.5030307755576648	0.16873899604350812	1.0	0.43125841436125867	-10.001147552484527
sp|P84095|RHOG_HUMAN	psvid_79270_sp|P84095|RHOG_HUMAN	-0.35438171999389345	-0.8923566175194831	0.18359317753169624	0.2360126180404216	-1.5015371760047123	0.1691172269540743	1.0	0.2756669190058177	-11.647990253336117
sp|Q8TBY0|RBM46_HUMAN	psvid_56990_sp|Q8TBY0|RBM46_HUMAN	0.6204861598021734	-0.3318542255994732	1.57282654520382	0.417797091756638	1.4851375752600964	0.17331977549131952	1.0	0.6447080269175126	-15.31811390578704
sp|P48723|HSP13_HUMAN	psvid_66749_sp|P48723|HSP13_HUMAN	-0.8882539648366921	-2.2533877578657355	0.4768798281923514	0.5988918850119956	-1.4831624656575544	0.17383208830681857	1.0	0.97047291771069	-14.199979774500012
sp|P06756|ITAV_HUMAN	psvid_73598_sp|P06756|ITAV_HUMAN	-0.7260417403792725	-1.8448737864772224	0.39279030571867746	0.49083792117742525	-1.479188361481197	0.17486695839894492	1.0	0.7780187372643197	-14.935728668191167
sp|P35575|G6PC1_HUMAN	psvid_99891_sp|P35575|G6PC1_HUMAN	-0.4648840117918738	-1.1885280034518702	0.2587599798681226	0.3174666955399585	-1.4643552168556855	0.17877763927103338	1.0	0.45258229465058725	-13.719939340955309
sp|O14975|S27A2_HUMAN	psvid_39450_sp|O14975|S27A2_HUMAN	0.4999996393265107	-0.27832102233717915	1.2783203009902007	0.3414536586727319	1.4643264953436566	0.1787852855353403	1.0	0.49999963932650976	-9.465783202641258
sp|O75947|ATP5H_HUMAN	psvid_84557_sp|O75947|ATP5H_HUMAN	0.4999996393265107	-0.27832102233717915	1.2783203009902007	0.3414536586727319	1.4643264953436566	0.1787852855353403	1.0	0.49999963932650976	-9.465783202641258
sp|Q9Y4L1|HYOU1_HUMAN	psvid_53465_sp|Q9Y4L1|HYOU1_HUMAN	0.4999996393265098	-0.27832102233718004	1.2783203009901998	0.3414536586727319	1.464326495343654	0.17878528553534082	1.0	0.4999996393265098	-9.465783202641258
sp|O95140|MFN2_HUMAN	psvid_59678_sp|O95140|MFN2_HUMAN	-0.5345227476124932	-1.376231639201347	0.30718614397636057	0.36926243221662114	-1.447541642413613	0.18330314518910418	1.0	0.553607756393708	-14.349733731556832
sp|P06744|G6PI_HUMAN	psvid_55291_sp|P06744|G6PI_HUMAN	-0.2935648606140804	-0.7563992413502212	0.16926952012206048	0.20304805004671792	-1.4457901001587363	0.18378030791406175	1.0	0.18609159420790217	-12.042125638965754
sp|O15229|KMO_HUMAN	psvid_89061_sp|O15229|KMO_HUMAN	-0.3852185426494401	-0.9939316640576613	0.2234945787587811	0.26704587533710655	-1.4425182271141905	0.18467455619272247	1.0	0.34728500298312504	-12.285740704895096
sp|P10599|THIO_HUMAN	psvid_26384_sp|P10599|THIO_HUMAN	-0.3226181864526887	-0.8325996965362363	0.18736332363085895	0.2237317612785093	-1.4419865315907563	0.18482023464719133	1.0	0.24465684419709235	-10.78898852393081
sp|P21281|VATB2_HUMAN	psvid_48913_sp|P21281|VATB2_HUMAN	-0.3283496512340456	-0.8477613150436702	0.1910620125755791	0.22786882283965626	-1.4409590884010242	0.18510202678418888	1.0	0.25533544981832523	-12.841483462575237
sp|P09960|LKHA4_HUMAN	psvid_49809_sp|P09960|LKHA4_HUMAN	-0.5645889800731716	-1.4598097001312524	0.33063173998490913	0.39273837280649126	-1.4375701972757167	0.18603414453480516	1.0	0.5979998165121144	-15.566463268065917
sp|Q9Y241|HIG1A_HUMAN	psvid_27490_sp|Q9Y241|HIG1A_HUMAN	0.40213402461925574	-0.23722740920807694	1.0414954584465885	0.28049146264206287	1.4336765220281296	0.18711015951069285	1.0	0.37635869033079344	-11.177354691721836
sp|Q9UEU0|VTI1B_HUMAN	psvid_42541_sp|Q9UEU0|VTI1B_HUMAN	0.4687569574545023	-0.2769601115357283	1.214474026444733	0.3271502789057966	1.432849022847636	0.1873395366567753	1.0	0.47187888313994464	-13.220821934505246
sp|O43657|TSN6_HUMAN	psvid_82331_sp|O43657|TSN6_HUMAN	-0.7127940439182145	-1.8472828959165926	0.42169480808016346	0.49770665012315635	-1.4321569618204526	0.1875315595060272	1.0	0.7903908685734853	-14.176083186160405
sp|P78362|SRPK2_HUMAN	psvid_27129_sp|P78362|SRPK2_HUMAN	0.8335430614274455	-0.49376499130423945	2.1608511141591302	0.5822975196652891	1.4314728008915014	0.18772155899567908	1.0	0.9411704157552907	-15.685996961929877
sp|P08575|PTPRC_HUMAN	psvid_33321_sp|P08575|PTPRC_HUMAN	-0.8157200839066352	-2.1155967110564147	0.48415654324314406	0.5702631987370368	-1.4304273635633726	0.18801221325597547	1.0	0.9198713445972565	-16.537864017992533
sp|P15121|ALDR_HUMAN	psvid_40208_sp|P15121|ALDR_HUMAN	0.5806589898431196	-0.34972204397867834	1.5110400236649175	0.40816340051812877	1.4226140538471168	0.19019692277405173	1.0	0.6268243859562691	-15.086694373454531
sp|Q9P2W9|STX18_HUMAN	psvid_56067_sp|Q9P2W9|STX18_HUMAN	-0.40154148973094994	-1.0458700220343924	0.24278704257249262	0.28267055672396757	-1.4205281738029114	0.19078388635495344	1.0	0.38098937489658874	-13.250681690622605
sp|Q8IZ81|ELMD2_HUMAN	psvid_65291_sp|Q8IZ81|ELMD2_HUMAN	-0.3397641661053865	-0.8853729733537402	0.2058446411429672	0.23936165723879432	-1.4194594490396082	0.19108523364754074	1.0	0.28379922066800345	-11.869084189145575
sp|P32119|PRDX2_HUMAN	psvid_30088_sp|P32119|PRDX2_HUMAN	-0.2784830485337464	-0.7283561297310553	0.17139003266356256	0.19736185492602398	-1.4110277218367684	0.19347725398887408	1.0	0.16770039915765417	-11.778377865741211
sp|Q8N128|F177A_HUMAN	psvid_43856_sp|Q8N128|F177A_HUMAN	-0.418744487619672	-1.0953610814280355	0.2578721061886916	0.2968355111898292	-1.41069539133369	0.19357206367964994	1.0	0.410623473144288	-13.247528440555492
sp|Q7L576|CYFP1_HUMAN	psvid_40213_sp|Q7L576|CYFP1_HUMAN	-0.40348245906780056	-1.056278847700579	0.24931392956497778	0.2863854529963938	-1.4088790294557358	0.19409096094595876	1.0	0.38883703670796943	-14.058211953591709
sp|P62328|TYB4_HUMAN	psvid_18957_sp|P62328|TYB4_HUMAN	-0.44508270065492583	-1.165749890775663	0.27558448946581127	0.3161607559359012	-1.4077733947003923	0.19440740814593402	1.0	0.44996218272387073	-10.397295011626223
sp|P08637|FCG3A_HUMAN	psvid_105020_sp|P08637|FCG3A_HUMAN	-0.5226836521618496	-1.369104074121812	0.3237367697981125	0.37132940713120693	-1.4076010198060145	0.1944567843775442	1.0	0.5575448143945415	-14.821904467167919
sp|P59998|ARPC4_HUMAN	psvid_8322_sp|P59998|ARPC4_HUMAN	0.5189827691646038	-0.3229912395281901	1.3609567778573979	0.3693787405835654	1.4050152652117596	0.19519877055409185	1.0	0.5538294518229026	-13.704538076550241
sp|Q9BRJ6|CHOLN_HUMAN	psvid_86802_sp|Q9BRJ6|CHOLN_HUMAN	0.6228799637983364	-0.3931190643987055	1.6388789919953783	0.44572449694997535	1.3974550828159746	0.19738225342517787	1.0	0.6961083512957418	-13.71501880458529
sp|Q99653|CHP1_HUMAN	psvid_31111_sp|Q99653|CHP1_HUMAN	-0.2810648044571544	-0.74019769289604	0.17806808398173113	0.20142418452483243	-1.395387575331122	0.19798304291332217	1.0	0.18097805394453284	-11.234632775863144
sp|Q96K19|RN170_HUMAN	psvid_84528_sp|Q96K19|RN170_HUMAN	0.48515684211574417	-0.3076813331999101	1.2779950174313983	0.3478225736912523	1.3948400098562832	0.1981424223861247	1.0	0.5123916488433492	-13.19555234700789
sp|P02765|FETUA_HUMAN	psvid_419634_sp|P02765|FETUA_HUMAN	-0.7255201375864369	-1.9118743003052765	0.4608340251324028	0.5204602541015536	-1.3939972012634636	0.19838795463795184	1.0	0.8312185110924517	-13.4613893999114
sp|Q99943|PLCA_HUMAN	psvid_64624_sp|Q99943|PLCA_HUMAN	-0.44903202777445994	-1.1835273817661207	0.28546332621720083	0.3222272493222649	-1.393525931524728	0.1985253623950121	1.0	0.46209693287238157	-13.127889318351382
sp|Q6NUQ4|TM214_HUMAN	psvid_37700_sp|Q6NUQ4|TM214_HUMAN	-0.6956897361862602	-1.83415173100872	0.44277225863619973	0.4994496902614102	-1.3929125390429988	0.19870433186926592	1.0	0.7935268206282207	-13.682847287473589
sp|Q9UHB9|SRP68_HUMAN	psvid_34373_sp|Q9UHB9|SRP68_HUMAN	-0.5042744006436215	-1.3296603627939576	0.3211115615067147	0.3621014711223531	-1.392632841508751	0.19878598543005693	1.0	0.5399208254090895	-15.530902075673042
sp|Q9NZN4|EHD2_HUMAN	psvid_60518_sp|Q9NZN4|EHD2_HUMAN	-0.9637035028889951	-2.542935172851569	0.6155281670735788	0.692817829669246	-1.3909911980023248	0.19926582318485142	1.0	1.1351387871164118	-14.803840281307536
sp|P18085|ARF4_HUMAN	psvid_37945_sp|P18085|ARF4_HUMAN	-0.3268550057476678	-0.8624955048717616	0.20878549337642605	0.23498850431165752	-1.3909404066599391	0.19928068497105758	1.0	0.27315520666916715	-10.647563046692031
sp|Q6DRA6|H2B2D_HUMAN	psvid_30702_sp|Q6DRA6|H2B2D_HUMAN	-0.5658814931390634	-1.4949481931191237	0.363185206840997	0.4075867948579124	-1.3883705269115347	0.20003389340091857	1.0	0.6257512283316798	-14.31676905248043
sp|Q6DN03|H2B2C_HUMAN	psvid_30703_sp|Q6DN03|H2B2C_HUMAN	-0.5643204845492669	-1.4928320281623624	0.36419105906382865	0.40734324463244304	-1.3853684625566056	0.20091687933852131	1.0	0.6252978446367782	-14.551425118708645
sp|P53680|AP2S1_HUMAN	psvid_18452_sp|P53680|AP2S1_HUMAN	-0.42258092830205696	-1.1183924584588147	0.2732306018547008	0.30525643789392004	-1.3843473088318894	0.20121799218565312	1.0	0.42790321295685535	-12.491233474032711
sp|P13645|K1C10_HUMAN	psvid_22937_sp|P13645|K1C10_HUMAN	0.9875433179437043	-0.6435731638432485	2.618659799730657	0.7155799888917845	1.3800599978670562	0.20248645946502594	1.0	1.1748003338260424	-13.051525128149438
sp|O95139|NDUB6_HUMAN	psvid_89961_sp|O95139|NDUB6_HUMAN	-0.5447550009328701	-1.445329237368374	0.3558192355026337	0.395086990598454	-1.3788229273449577	0.20285374309226742	1.0	0.6024048176183017	-11.547140629060667
sp|P06576|ATPB_HUMAN	psvid_44001_sp|P06576|ATPB_HUMAN	0.2528738650546185	-0.16928488065672215	0.6750326107659592	0.18520341982918415	1.3653844258807306	0.2068806486963836	1.0	0.12178128301558006	-7.451660379272444
sp|O75695|XRP2_HUMAN	psvid_85324_sp|O75695|XRP2_HUMAN	-0.6246804005925708	-1.6680182537867443	0.4186574526016027	0.4577181934800537	-1.3647707464785162	0.20706616667780425	1.0	0.7180061504701145	-14.836869441088231
sp|CATG_HUMAN|,sp|P08311|CATG_HUMAN	psvid_66643_sp|CATG_HUMAN|	0.4631822447993552	-0.31152432248534423	1.2378888120840545	0.33986813510991526	1.3628292768592722	0.20765402092164784	1.0	0.49690290707968476	-12.392642071321848
sp|Q13085|ACACA_HUMAN	psvid_30800_sp|Q13085|ACACA_HUMAN	-0.5351306540596514	-1.431014959132348	0.36075365101304513	0.3930294912904804	-1.3615534353480534	0.20804110889400473	1.0	0.5985461603304025	-16.23293070283706
sp|Q8TCJ2|STT3B_HUMAN	psvid_33161_sp|Q8TCJ2|STT3B_HUMAN	-0.27215245747165095	-0.7315283457829668	0.18722343083966486	0.20153078993772353	-1.350426193217179	0.21144335297367442	1.0	0.18131690190088903	-12.464374589595266
sp|Q04917|1433F_HUMAN	psvid_35291_sp|Q04917|1433F_HUMAN	-0.4385937026706297	-1.182399990215365	0.30521258487410574	0.32631200832192997	-1.3440930504706583	0.21340090331798808	1.0	0.47021722789001097	-13.157005172514069
sp|O43776|SYNC_HUMAN	psvid_59595_sp|O43776|SYNC_HUMAN	-0.6040265067245136	-1.6314306830534016	0.4233776696043743	0.4507279996823826	-1.340113121772237	0.21463897407792806	1.0	0.7052554194906342	-14.599860229751473
sp|P0DJI9|SAA2_HUMAN	psvid_85654_sp|P0DJI9|SAA2_HUMAN	0.3962403847312763	-0.2792477568383145	1.0717285263008671	0.2963404528359333	1.337112030906735	0.21557659003170423	1.0	0.40960032398198626	-9.017663190612364
sp|O75489|NDUS3_HUMAN	psvid_96908_sp|O75489|NDUS3_HUMAN	0.28580858121521	-0.20237521121296587	0.7739923736433859	0.21416897975317709	1.3345003629591703	0.21639537447551374	1.0	0.21883739624803725	-11.056489446203237
sp|P06753|TPM3_HUMAN	psvid_10853_sp|P06753|TPM3_HUMAN	0.544644257997843	-0.3859319308201611	1.4752204468158472	0.40824901611430275	1.3340981521076143	0.216521706373128	1.0	0.6269837032054173	-12.913096936675428
sp|Q8WWP7|GIMA1_HUMAN	psvid_43189_sp|Q8WWP7|GIMA1_HUMAN	-0.9205666935467951	-2.496789631320836	0.655656244227246	0.6914978819094821	-1.3312646612955183	0.21741346574140272	1.0	1.132836364835615	-14.459301159525886
sp|Q9UL46|PSME2_HUMAN	psvid_85740_sp|Q9UL46|PSME2_HUMAN	-0.3628144311991228	-0.9842692019850641	0.2586403395868184	0.2726357086947973	-1.3307663656240873	0.21757061211848555	1.0	0.35948306729053636	-12.556331651616766
sp|Q9Y694|S22A7_HUMAN	psvid_41954_sp|Q9Y694|S22A7_HUMAN	-0.6048657167174682	-1.6418747536497236	0.4321433202147871	0.4549417061347477	-1.329545540804551	0.2179560286530394	1.0	0.7129454445103353	-14.745675525182136
sp|Q9NVV5|AIG1_HUMAN	psvid_78704_sp|Q9NVV5|AIG1_HUMAN	-0.5545838381383672	-1.5093493034750107	0.40018162719827644	0.4188609879849722	-1.3240283866165747	0.21970503955163664	1.0	0.6466778291864503	-13.272724360516467
sp|O00264|PGRC1_HUMAN	psvid_53194_sp|O00264|PGRC1_HUMAN	0.29248113013604193	-0.2124363163818216	0.7973985766539055	0.22151012806558903	1.3203961944775655	0.2208629772372423	1.0	0.23880984274195552	-8.527061868110685
sp|P27348|1433T_HUMAN	psvid_10809_sp|P27348|1433T_HUMAN	-0.3122344113726476	-0.8513155786818019	0.2268467559365066	0.23649794482626044	-1.3202415420650941	0.22091239474325836	1.0	0.2768530405425138	-12.180614269631231
sp|Q02809|PLOD1_HUMAN	psvid_38014_sp|Q02809|PLOD1_HUMAN	-0.6031566348550181	-1.6466888858393112	0.4403756161292749	0.457803476885652	-1.3175012102533066	0.22178959211872398	1.0	0.7181615176911391	-15.506033686825774
sp|P55899|FCGRN_HUMAN	psvid_66619_sp|P55899|FCGRN_HUMAN	-0.48142869135579947	-1.3174324725519921	0.3545750898403932	0.36675956814959	-1.312654755770242	0.22334818836242534	1.0	0.5488324151732187	-12.599855116670923
sp|Q9H6K4|OPA3_HUMAN	psvid_78814_sp|Q9H6K4|OPA3_HUMAN	-0.6191026744782446	-1.6962339560374609	0.4580286070809716	0.47254356086741545	-1.3101494248314394	0.22415751396962122	1.0	0.7449470186398939	-13.518258466759274
sp|P23526|SAHH_HUMAN	psvid_29720_sp|P23526|SAHH_HUMAN	0.3511983164894641	-0.2599377719282828	0.962334404907211	0.268108844613134	1.3099094772357232	0.2242351567949285	1.0	0.3496177051887085	-12.54755987606826
sp|Q99459|CDC5L_HUMAN	psvid_31149_sp|Q99459|CDC5L_HUMAN	-0.5639659048807029	-1.5465100197398327	0.418578209978427	0.4310476380119233	-1.3083609679009607	0.22473677355001445	1.0	0.6691725927348927	-16.209989550458122
sp|Q9P2X0|DPM3_HUMAN	psvid_108581_sp|Q9P2X0|DPM3_HUMAN	-0.3873412858696703	-1.0638175942397805	0.2891350225004399	0.29677396717781784	-1.3051727196731757	0.22577254229773067	1.0	0.4104963245720514	-11.382233478268592
sp|P52565|GDIR1_HUMAN	psvid_95598_sp|P52565|GDIR1_HUMAN	-0.5648890891510003	-1.553298123829882	0.4235199455278813	0.4336206113748504	-1.3027265640347356	0.22656995362446805	1.0	0.6739064440346597	-13.590124114863631
sp|O43674|NDUB5_HUMAN	psvid_27616_sp|O43674|NDUB5_HUMAN	-0.35296090683602044	-0.9737982544894743	0.26787644081743345	0.2723648416885349	-1.2959121472794635	0.22880387614184872	1.0	0.35889580667416093	-13.33513719743557
sp|P14550|AK1A1_HUMAN	psvid_75053_sp|P14550|AK1A1_HUMAN	-0.24407542064406185	-0.6746091833916297	0.18645834210350593	0.18887758698074547	-1.2922413111352558	0.23001492064410908	1.0	0.13696182106206192	-11.275645895729763
sp|Q9NZ45|CISD1_HUMAN	psvid_94852_sp|Q9NZ45|CISD1_HUMAN	0.32190172089090563	-0.24688897355399897	0.8906924153358102	0.24953168173908336	1.2900234497176764	0.23074922146845303	1.0	0.3078167117594799	-11.108834703492478
sp|Q9HBR0|S38AA_HUMAN	psvid_26541_sp|Q9HBR0|S38AA_HUMAN	-0.5025787833986843	-1.3908433256234627	0.3856857588260939	0.38968665840579403	-1.2896997435188862	0.23085656020704037	1.0	0.5922669252516208	-15.311328619957372
sp|Q15493|RGN_HUMAN	psvid_66275_sp|Q15493|RGN_HUMAN	-0.6680100372149815	-1.8512423965433162	0.5152223221133532	0.519090701368537	-1.2868849999698162	0.23179167760156255	1.0	0.8287674648667119	-13.904389419247465
sp|Q01518|CAP1_HUMAN	psvid_53378_sp|Q01518|CAP1_HUMAN	-0.5606097198101061	-1.559370223486961	0.4381507838667489	0.43816185913568995	-1.2794580544184164	0.23427432491713343	1.0	0.682249116624878	-13.269856875932366
sp|P26440|IVD_HUMAN	psvid_34697_sp|P26440|IVD_HUMAN	-1.0210820752552014	-2.8479465865015987	0.805782435991196	0.8014557520946197	-1.274034246540229	0.23610140328321624	1.0	1.3238050877874574	-13.843563259732765
sp|Q6UWM9|UD2A3_HUMAN	psvid_26922_sp|Q6UWM9|UD2A3_HUMAN	-0.2637998241779269	-0.7362023729118301	0.20860272455597623	0.20724565924630894	-1.2728846777167189	0.23649017604437675	1.0	0.19887667016100924	-11.270852334391392
sp|Q8WXH0|SYNE2_HUMAN	psvid_29254_sp|Q8WXH0|SYNE2_HUMAN	-0.3684422210337024	-1.02878936880521	0.29190492673780544	0.28969801356515046	-1.2718147994854754	0.23685247855440092	1.0	0.3957875790019011	-16.301483058230737
sp|Q8WW59|SPRY4_HUMAN	psvid_1265238_sp|Q8WW59|SPRY4_HUMAN	-0.5226649334677869	-1.4609641220352887	0.41563425509971486	0.41163713960926146	-1.2697224889958092	0.23756235610958326	1.0	0.6332828503651089	-14.276980278475104
sp|Q5BJF2|SGMR2_HUMAN	psvid_70595_sp|Q5BJF2|SGMR2_HUMAN	-0.5382164273851262	-1.5066963794719965	0.4302635247017441	0.42487761057812523	-1.2667563881579507	0.2385717344792924	1.0	0.6577991317034537	-12.396172843832609
sp|Q9Y679|AUP1_HUMAN	psvid_89405_sp|Q9Y679|AUP1_HUMAN	0.5169878938453611	-0.4166382729413186	1.450614060632041	0.4095870586301592	1.2622173551439784	0.24012331022854883	1.0	0.6294726759509757	-11.815605633464422
sp|Q8IWB7|WDFY1_HUMAN	psvid_66168_sp|Q8IWB7|WDFY1_HUMAN	-0.30641208936102027	-0.861754175037712	0.24892999631567148	0.2436317013143716	-1.2576856283806828	0.24168076151137058	1.0	0.29399987519025395	-13.605109383759743
sp|Q9H7Z7|PGES2_HUMAN	psvid_80086_sp|Q9H7Z7|PGES2_HUMAN	-0.646077353194527	-1.8260084052197498	0.5338536988306959	0.5176423992578862	-1.2481152125884016	0.2449974959994096	1.0	0.8261746309110904	-13.708639690435813
sp|P55061|BI1_HUMAN	psvid_39659_sp|P55061|BI1_HUMAN	0.47686145796985535	-0.39548808196424146	1.3492109979039522	0.3827046572491985	1.24602993179502	0.24572516088359833	1.0	0.5791100733286721	-14.722305985660096
sp|H3BR10|SMLR1_HUMAN	psvid_103269_sp|H3BR10|SMLR1_HUMAN	0.6624311540166472	-0.5506159958981092	1.8754783039314036	0.5321706179501347	1.2447721307280406	0.24616493946714316	1.0	0.8521451711285921	-13.732374878473987
sp|P06213|INSR_HUMAN	psvid_33217_sp|P06213|INSR_HUMAN	-0.7337710156191561	-2.0788555632919756	0.6113135320536636	0.5900961681337149	-1.243477004671694	0.24661844934821459	1.0	0.9549506982891581	-15.367965033953464
sp|Q8IUE6|H2A2B_HUMAN	psvid_48121_sp|Q8IUE6|H2A2B_HUMAN	-0.5193062275822209	-1.473890592641504	0.43527813747706223	0.4187815382731282	-1.2400408807981664	0.24782501750343544	1.0	0.6465307626572413	-12.129653853733894
sp|P61326|MGN_HUMAN	psvid_52873_sp|P61326|MGN_HUMAN	-0.6694650697068956	-1.9025957261213458	0.5636655867075546	0.5409813653850539	-1.2375011646295633	0.24871995334627908	1.0	0.8678551943006374	-13.699963802717114
sp|Q96A72|MGN2_HUMAN	psvid_52871_sp|Q96A72|MGN2_HUMAN	-0.6682636026728859	-1.8994399086452953	0.5629127032995236	0.5401239808369719	-1.237241126819346	0.24881173505702112	1.0	0.8663276980607763	-13.721175594281867
sp|P50151|GBG10_HUMAN	psvid_93521_sp|P50151|GBG10_HUMAN	-0.418489771770695	-1.1909147250982353	0.3539351815568452	0.33886717821422463	-1.2349669684035751	0.24961560414083872	1.0	0.4949454063072883	-13.370162358517522
sp|P46952|3HAO_HUMAN	psvid_67945_sp|P46952|3HAO_HUMAN	0.4513515617449779	-0.3828892365756875	1.2855923600656434	0.3659861376309405	1.233247698031994	0.2502247538888417	1.0	0.5473549366379876	-13.06770147912615
sp|P07360|CO8G_HUMAN	psvid_94344_sp|P07360|CO8G_HUMAN	-0.3496148513168862	-0.9960254572750055	0.2967957546412331	0.2835839741649177	-1.2328441772720498	0.25036790178770113	1.0	0.3829243174495129	-12.205667169841082
sp|O94905|ERLN2_HUMAN	psvid_28780_sp|O94905|ERLN2_HUMAN	-0.25664702723677557	-0.7318405128478698	0.2185464583743187	0.2084700589761125	-1.2310977820857403	0.2509882098960101	1.0	0.20250075295091538	-10.374349100107057
sp|Q92692|NECT2_HUMAN	psvid_57939_sp|Q92692|NECT2_HUMAN	-0.6481841159668864	-1.8520125449833873	0.5556443130496145	0.5281263131615869	-1.2273278187685497	0.25233159681673234	1.0	0.8449240737916448	-15.344707014615375
sp|P06454|PTMA_HUMAN	psvid_82774_sp|P06454|PTMA_HUMAN	-0.6215703567831046	-1.7773144835012973	0.5341737699350881	0.5070314588769946	-1.2259009690637301	0.25284158244937954	1.0	0.8071507907047679	-12.2480439965612
sp|O43760|SNG2_HUMAN	psvid_85440_sp|O43760|SNG2_HUMAN	0.472984204546532	-0.4068111855653135	1.3527795946583776	0.38597119366580446	1.2254391320095983	0.2530068342535285	1.0	0.5852727069289516	-13.393790025368773
sp|P09471|GNAO_HUMAN	psvid_12517_sp|P09471|GNAO_HUMAN	-0.3469697808586125	-0.9924691434736301	0.2985295817564051	0.28318420657712406	-1.2252441089581623	0.25307664294120785	1.0	0.38207790562313515	-12.799850865687734
sp|Q9Y5K3|PCY1B_HUMAN	psvid_67456_sp|Q9Y5K3|PCY1B_HUMAN	0.7673043579857519	-0.6612885001324222	2.1958972161039263	0.6267317343413426	1.2242947276192147	0.2534167013569331	1.0	1.0194749049940617	-13.972505824875029
sp|Q9NQC3|RTN4_HUMAN	psvid_38604_sp|Q9NQC3|RTN4_HUMAN	0.37745151459388815	-0.3269483728182192	1.0818514020059955	0.3090241986013889	1.2214302837842281	0.2544449938513303	1.0	0.43556334046304157	-11.112031824784346
sp|P22792|CPN2_HUMAN	psvid_104749_sp|P22792|CPN2_HUMAN	-0.7721689544692367	-2.213852102074517	0.6695141931360438	0.6324745180789648	-1.220869667310187	0.2546466476621319	1.0	1.0295604936704952	-14.701138723006157
sp|Q969X5|ERGI1_HUMAN	psvid_44747_sp|Q969X5|ERGI1_HUMAN	-0.24932889613912446	-0.7156740230566965	0.2170162307784475	0.20458823417308888	-1.2186863880362904	0.2554332255567793	1.0	0.19085152931962665	-10.655716016990189
sp|Q8WWZ4|ABCAA_HUMAN	psvid_23160_sp|Q8WWZ4|ABCAA_HUMAN	-0.41801680598412183	-1.2042713162509253	0.36823770428268177	0.3449342827475163	-1.211873759414341	0.25790046861899474	1.0	0.5067810999846089	-17.623592338045746
sp|P19827|ITIH1_HUMAN	psvid_43385_sp|P19827|ITIH1_HUMAN	-0.256143276023431	-0.7381410204825296	0.2258544684356676	0.21145512566217628	-1.2113363306815705	0.25809593099476785	1.0	0.21116064238352308	-12.447196273469753
sp|A6NHG4|DDTL_HUMAN	psvid_99367_sp|A6NHG4|DDTL_HUMAN	0.29136892856334207	-0.2575063013022435	0.8402441584289276	0.24079465524123864	1.2100307138106363	0.2585712883710237	1.0	0.2872426537832409	-11.473682884259826
sp|P23528|COF1_HUMAN	psvid_5656_sp|P23528|COF1_HUMAN	0.32025046227154474	-0.2831666140765281	0.9236675386196176	0.26472247053577713	1.20975926835143	0.2586702079646967	1.0	0.34216374377291175	-11.34767894055267
sp|Q14315|FLNC_HUMAN	psvid_24329_sp|Q14315|FLNC_HUMAN	0.4768479891564166	-0.4241681080756292	1.3778640863884624	0.39528083741896725	1.2063524057226038	0.259914366520371	1.0	0.6027681214218811	-18.24518506719109
sp|Q86UL3|GPAT4_HUMAN	psvid_84967_sp|Q86UL3|GPAT4_HUMAN	-0.6856205380226794	-1.9831146468524126	0.6118735708070537	0.5692179745289377	-1.2044955864053166	0.26059452045181175	1.0	0.9180193986638348	-15.336472264375704
sp|P38405|GNAL_HUMAN	psvid_65187_sp|P38405|GNAL_HUMAN	-0.5933883213368745	-1.7189456313426463	0.5321689886688974	0.49378833233824027	-1.2017058372501381	0.26161914151579324	1.0	0.7833359466575229	-13.977244868027078
sp|P51589|CP2J2_HUMAN	psvid_34830_sp|P51589|CP2J2_HUMAN	-0.2947113970307571	-0.8545118406800163	0.2650890466185021	0.24558760807155813	-1.2000255197928615	0.2622378760111673	1.0	0.2986142315574903	-12.466198160281284
sp|P43353|AL3B1_HUMAN	psvid_67272_sp|P43353|AL3B1_HUMAN	-0.47543030671885855	-1.3883697049630335	0.43750909152531636	0.40051165673879013	-1.1870573520633625	0.267053324331293	1.0	0.6125564526789653	-14.252019633459835
sp|P30838|AL3A1_HUMAN	psvid_72865_sp|P30838|AL3A1_HUMAN	-0.4753716753379682	-1.3888141180196145	0.4380707673436782	0.40073234516723616	-1.1862573138177381	0.26735274153778515	1.0	0.6129687907854426	-14.205215724221407
sp|P48448|AL3B2_HUMAN	psvid_95892_sp|P48448|AL3B2_HUMAN	-0.47400254753227244	-1.3857824206036162	0.43777732553907134	0.4000029665136842	-1.184997580551835	0.2678247540512237	1.0	0.611605814935689	-13.970515085972
sp|P54727|RD23B_HUMAN	psvid_72712_sp|P54727|RD23B_HUMAN	-0.8040021621214555	-2.3564357926792434	0.7484314684363322	0.6810613788248586	-1.1805135148152517	0.2695103927881757	1.0	1.114621500886499	-14.869677078671884
sp|P10301|RRAS_HUMAN	psvid_90151_sp|P10301|RRAS_HUMAN	-0.615528550418051	-1.8087493058931194	0.5776922050570175	0.523472667024292	-1.1758561414811886	0.2712702780687966	1.0	0.8366070107594117	-12.940970573762822
sp|P40763|STAT3_HUMAN	psvid_52586_sp|P40763|STAT3_HUMAN	-0.3514266549087677	-1.0337366714339917	0.3308833616164564	0.29933324780764814	-1.1740314765655262	0.27196229767447333	1.0	0.4157728992785639	-12.991450893540481
sp|P13693|TCTP_HUMAN	psvid_68918_sp|P13693|TCTP_HUMAN	0.6268422993578744	-0.5961739707931375	1.8498585695088863	0.5365441271553787	1.1682958914884294	0.27414686940139715	1.0	0.8599469940098545	-13.356394338938244
sp|Q14139|UBE4A_HUMAN	psvid_72001_sp|Q14139|UBE4A_HUMAN	-0.3659733950695534	-1.0810452400622306	0.3490984499231239	0.31370604650877537	-1.1666124996392633	0.2747907237861059	1.0	0.4450251809160948	-14.582272592316677
sp|Q14498|RBM39_HUMAN	psvid_29481_sp|Q14498|RBM39_HUMAN	-0.7481530471527651	-2.2107819696273667	0.7144758753218363	0.6416635475049308	-1.1659584685181388	0.2750412029089493	1.0	1.0456835855774722	-15.665939693591328
sp|Q10589|BST2_HUMAN	psvid_44089_sp|Q10589|BST2_HUMAN	0.4112920567794931	-0.39342282959447616	1.2160069431534624	0.3530329537358885	1.1650245463690891	0.27539919322471856	1.0	0.5224759198354328	-13.212480584313266
sp|Q08257|QOR_HUMAN	psvid_93173_sp|Q08257|QOR_HUMAN	-0.3356909543165001	-0.9929289006551829	0.32154699202218273	0.28833398938195676	-1.1642434353162903	0.2756988966152491	1.0	0.392930755581065	-12.186978470519808
sp|P31689|DNJA1_HUMAN	psvid_11314_sp|P31689|DNJA1_HUMAN	-0.2290490594290504	-0.6778651264032235	0.21976700754512268	0.19689813683200938	-1.1632870839426568	0.2760661957257147	1.0	0.1661353235477423	-11.776283843306192
sp|P07741|APT_HUMAN	psvid_77584_sp|P07741|APT_HUMAN	0.6257322448480664	-0.6109673906817554	1.8624318803778883	0.5425470966275798	1.1533233681233526	0.27991637759634497	1.0	0.87064397544803	-13.606209611033023
sp|Q8NBK3|SUMF1_HUMAN	psvid_69945_sp|Q8NBK3|SUMF1_HUMAN	-0.5658723218355646	-1.687199010500419	0.55545436682929	0.4919323349242343	-1.1503051978128622	0.28109113726402635	1.0	0.7799915896512724	-15.255541762148157
sp|O15239|NDUA1_HUMAN	psvid_94709_sp|O15239|NDUA1_HUMAN	-0.46142705910916426	-1.3758608121692808	0.4530066939509523	0.40116723861447595	-1.1502112203947898	0.28112777942166817	1.0	0.6137812062216516	-12.891250997943498
sp|Q16864|VATF_HUMAN	psvid_103841_sp|Q16864|VATF_HUMAN	0.5795671254132775	-0.5692033943665593	1.7283376451931143	0.5039720982297295	1.1499984373124736	0.2812107585258243	1.0	0.8016565116825625	-13.42675904377187
sp|P14384|CBPM_HUMAN	psvid_29039_sp|P14384|CBPM_HUMAN	0.5008974354224058	-0.49620266712793937	1.497997537972751	0.43743343180819333	1.1450826548667645	0.28313324177273125	1.0	0.6809119859791684	-14.887526581929388
sp|O14602|IF1AY_HUMAN	psvid_54566_sp|O14602|IF1AY_HUMAN	0.43495276775769387	-0.4310222679031196	1.3009278034185074	0.37990812631593895	1.144889349895029	0.2832090548318612	1.0	0.5738237868550665	-12.053804625296891
sp|Q8NBU5|ATAD1_HUMAN	psvid_53995_sp|Q8NBU5|ATAD1_HUMAN	-0.6850152290493798	-2.062762467161944	0.6927320090631843	0.6044254744236265	-1.133332822714997	0.28777103795600045	1.0	0.9802279300056477	-13.770996410775172
sp|P61011|SRP54_HUMAN	psvid_8086_sp|P61011|SRP54_HUMAN	0.9497231571681883	-0.9619591864365764	2.8614055007729533	0.8386658129422259	1.1324214514436313	0.2881332854838822	1.0	1.3881168796685315	-15.3219664076585
sp|P49006|MRP_HUMAN	psvid_87632_sp|P49006|MRP_HUMAN	0.3247107274372598	-0.32938199625729425	0.9788034511318139	0.286954162490451	1.1315769899245327	0.2884692623356395	1.0	0.39003341515668954	-11.87724536097279
sp|P56378|ATP68_HUMAN	psvid_151851_sp|P56378|ATP68_HUMAN	-0.6394767378335229	-1.9289149994663506	0.6499615237993048	0.56568382898382	-1.130449033662961	0.2889185170054377	1.0	0.9117550410756571	-11.127695921988185
sp|O14966|RAB7L_HUMAN	psvid_25052_sp|O14966|RAB7L_HUMAN	0.8713363293968026	-0.8880793041239643	2.6307519629175697	0.7718655494864076	1.1288706044421621	0.28954812614096415	1.0	1.2725625591014489	-13.613558849287202
sp|P04626|ERBB2_HUMAN	psvid_44554_sp|P04626|ERBB2_HUMAN	0.3315456039305067	-0.3388734511779806	1.0019646590389941	0.2941166160504978	1.1272590048893483	0.29019209257930534	1.0	0.40499371458941297	-17.69999473608576
sp|Q13155|AIMP2_HUMAN	psvid_87848_sp|Q13155|AIMP2_HUMAN	-0.5669284614791898	-1.7134187820852198	0.5795618591268401	0.5029717620074653	-1.127157634489181	0.29023263644057795	1.0	0.7998590838551802	-14.38481748986218
sp|Q9HCL2|GPAT1_HUMAN	psvid_31164_sp|Q9HCL2|GPAT1_HUMAN	-1.1662158865501735	-3.524719841808005	1.1922880687076578	1.03468897098979	-1.1271173456450048	0.29024875152090307	1.0	1.7251989240888967	-14.727120542762723
sp|Q15303|ERBB4_HUMAN	psvid_23246_sp|Q15303|ERBB4_HUMAN	0.3313820578117621	-0.3392669161632186	1.0020310317867427	0.29421748275239706	1.1263166780970708	0.2905691570809469	1.0	0.40520303555239245	-17.759723069700193
sp|P0DJI8|SAA1_HUMAN	psvid_36397_sp|P0DJI8|SAA1_HUMAN	0.3962403847312763	-0.4091162344880551	1.2015970039506079	0.35331448555012945	1.121494874783605	0.2925046617023556	1.0	0.5230194893652268	-8.871422625544344
sp|P06681|CO2_HUMAN	psvid_72746_sp|P06681|CO2_HUMAN	-0.24350160544103439	-0.7396021955288974	0.25259898464682856	0.21764212348302955	-1.1188165302936919	0.2935841806524505	1.0	0.22842014862800689	-13.58865290962633
sp|Q9Y265|RUVB1_HUMAN	psvid_26087_sp|Q9Y265|RUVB1_HUMAN	-0.582126855230988	-1.773968263260689	0.6097145527987131	0.5228675395299315	-1.1133352354486028	0.29580328567974645	1.0	0.8355248777360748	-14.451863115323938
sp|Q8WWI5|CTL1_HUMAN	psvid_80849_sp|Q8WWI5|CTL1_HUMAN	0.5668973325718616	-0.5948359420144023	1.7286306071581254	0.5096589317845153	1.1123072651487385	0.29622093465685406	1.0	0.8118660651501224	-15.238457590018971
sp|Q9NX14|NDUBB_HUMAN	psvid_89575_sp|Q9NX14|NDUBB_HUMAN	0.2766996395937307	-0.2913083399641687	0.8447076191516301	0.2491883003089999	1.1104038161126184	0.2969955087104527	1.0	0.3070207271886639	-12.265069987040416
sp|O15260|SURF4_HUMAN	psvid_82724_sp|O15260|SURF4_HUMAN	0.25338045948821186	-0.2673062903366106	0.7740672093130343	0.22842821025728055	1.1092345345735861	0.297472119810423	1.0	0.2567598791371318	-11.264277680613812
sp|Q5TEC6|H37_HUMAN	psvid_93838_sp|Q5TEC6|H37_HUMAN	-0.4195885600672158	-1.2841037588391473	0.4449266387047157	0.3792676876492991	-1.1063124377081144	0.29866583785523687	1.0	0.5726117896067006	-13.076582225936374
sp|Q8TDB6|DTX3L_HUMAN	psvid_47508_sp|Q8TDB6|DTX3L_HUMAN	0.5334870412113797	-0.5680226449840027	1.634996727406762	0.4832385043086318	1.1039828913770817	0.299620195995366	1.0	0.7643026639917766	-14.447573328170806
sp|P49189|AL9A1_HUMAN	psvid_53393_sp|P49189|AL9A1_HUMAN	-0.24816403066887327	-0.7613317557070948	0.26500369436934823	0.2251295717275672	-1.1023164516529194	0.30030436952354767	1.0	0.24829421896677498	-13.070538956998448
sp|Q6NXT2|H3C_HUMAN	psvid_65781_sp|Q6NXT2|H3C_HUMAN	-0.41873391538399574	-1.285478963645622	0.4480111328776306	0.38024593518151584	-1.101218649935356	0.3007557551606369	1.0	0.5744628646488582	-13.065885075431183
sp|P02585|TNNC2_HUMAN	psvid_85347_sp|P02585|TNNC2_HUMAN	0.43451396079312676	-0.4653228813536677	1.3343508029399214	0.3947634915701409	1.1006943906207778	0.3009715044944649	1.0	0.6017984312164953	-14.030742881064798
sp|Q8N0Y7|PGAM4_HUMAN	psvid_60934_sp|Q8N0Y7|PGAM4_HUMAN	-0.2690905208175911	-0.8267924494083602	0.28861140777317795	0.24466697769413806	-1.0998236188374604	0.3013301239626958	1.0	0.2964466425001635	-12.768805043201448
sp|O76095|JTB_HUMAN	psvid_76479_sp|O76095|JTB_HUMAN	-0.4190980285878836	-1.288081852994082	0.449885795818315	0.3812280988875125	-1.0993366695972355	0.301530816180541	1.0	0.5763201426726053	-14.22168018033762
sp|P11182|ODB2_HUMAN	psvid_1633339_sp|P11182|ODB2_HUMAN	0.22074383016497912	-0.2369698967272762	0.6784575570572344	0.2008015903599689	1.0993131566799874	0.30154050950213407	1.0	0.17898993464208757	-11.684699146158916
sp|O95255|MRP6_HUMAN	psvid_55070_sp|O95255|MRP6_HUMAN	-0.2531941931374022	-0.778342789333038	0.2719544030582336	0.23038564739442827	-1.0990015914660036	0.3016689770245755	1.0	0.2617101851256564	-15.131279173609167
sp|P20290|BTF3_HUMAN	psvid_77721_sp|P20290|BTF3_HUMAN	0.36788293705720276	-0.39822299142833983	1.1339888655427455	0.3360949864199943	1.0945802583246074	0.3034966667892596	1.0	0.4895136984589021	-11.457575221977327
sp|Q58FG0|HS905_HUMAN	psvid_40567_sp|Q58FG0|HS905_HUMAN	0.7848500484650005	-0.854737908214436	2.424438005144437	0.7192964726482476	1.0911356836985493	0.3049266034185797	1.0	1.1812686334837899	-13.42571193152613
sp|Q86VP6|CAND1_HUMAN	psvid_33136_sp|Q86VP6|CAND1_HUMAN	-0.5862777458326853	-1.8112747133207743	0.6387192216554036	0.5374130702347294	-1.0909257297680033	0.30501393163366824	1.0	0.861496227863871	-15.016572751700354
sp|P61960|UFM1_HUMAN	psvid_165824_sp|P61960|UFM1_HUMAN	-0.4168088644569976	-1.2881598971818993	0.45454216826790417	0.38226660651177885	-1.0903616935322191	0.3052486339372153	1.0	0.5782826644744611	-13.441667139785828
sp|P26583|HMGB2_HUMAN	psvid_79104_sp|P26583|HMGB2_HUMAN	0.6227185680840819	-0.6813830405576189	1.9268201767257827	0.5721167219175181	1.0884467176504922	0.306046535178831	1.0	0.9231546290271715	-14.467415609792845
sp|P62805|H4_HUMAN	psvid_20925_sp|P62805|H4_HUMAN	0.41561551948076714	-0.4550366319507385	1.286267670912273	0.38196000335145935	1.0881126710493292	0.30618588759675774	1.0	0.5777033991067277	-9.836816088302992
sp|P49638|TTPA_HUMAN	psvid_48776_sp|P49638|TTPA_HUMAN	0.5605731621661163	-0.6158819984917172	1.7370283228239498	0.5161175061347779	1.086134757110388	0.30701202195991334	1.0	0.8234437234131684	-13.935881596467596
sp|Q9HD45|TM9S3_HUMAN	psvid_26171_sp|Q9HD45|TM9S3_HUMAN	-0.35771482281863465	-1.1088097317906724	0.39338008615340303	0.32950956760002115	-1.0855976821069147	0.30723664825348906	1.0	0.47654708354127095	-12.94935634576675
sp|P62899|RL31_HUMAN	psvid_85869_sp|P62899|RL31_HUMAN	0.22045594499730647	-0.24317204979058965	0.6840839397852025	0.20339621300177385	1.083874383616886	0.30795826925280523	1.0	0.18717501159288413	-11.481768716342675
sp|Q6FI13|H2A2A_HUMAN	psvid_48118_sp|Q6FI13|H2A2A_HUMAN	-0.36144352228157484	-1.1226992048741686	0.39981216031101885	0.33396715622457107	-1.0822726592866747	0.30863016978964863	1.0	0.48533398349449514	-10.56565751578928
sp|Q5BJD5|TM41B_HUMAN	psvid_35221_sp|Q5BJD5|TM41B_HUMAN	0.26912297212037295	-0.2996451643451443	0.8378911085858902	0.24952178542645354	1.0785550113807472	0.31019408510983176	1.0	0.30779378483251524	-13.065792670559807
sp|Q16777|H2A2C_HUMAN	psvid_48129_sp|Q16777|H2A2C_HUMAN	-0.3588312198233061	-1.1176765825653363	0.40001414291872406	0.3329097353284237	-1.0778634018296587	0.31048570810351783	1.0	0.4832533952923193	-10.555584906958952
sp|P18124|RL7_HUMAN	psvid_58755_sp|P18124|RL7_HUMAN	0.29324827130526865	-0.327493126711762	0.9139896693222993	0.2723227480425369	1.0768408934367215	0.31091724921359576	1.0	0.35880451056554874	-9.862407157957147
sp|P61803|DAD1_HUMAN	psvid_89287_sp|P61803|DAD1_HUMAN	0.282625323991442	-0.31587692250180366	0.8811275704846877	0.2625663069924664	1.0763960053699926	0.31110515648151416	1.0	0.33738248110872304	-12.09152654932055
sp|Q96PC5|MIA2_HUMAN	psvid_160167_sp|Q96PC5|MIA2_HUMAN	0.20084673957113042	-0.2251069276480412	0.626800406790302	0.18686827327205038	1.0748038500828314	0.3117783602458441	1.0	0.12884459054640915	-12.079827718396743
sp|Q96RQ1|ERGI2_HUMAN	psvid_42509_sp|Q96RQ1|ERGI2_HUMAN	0.6616333671707868	-0.7432471409439643	2.066513875285538	0.6163289928194995	1.073506803799761	0.3123276230249553	1.0	1.0011864083580253	-14.154402115912053
sp|O60725|ICMT_HUMAN	psvid_106406_sp|O60725|ICMT_HUMAN	0.4785750397687685	-0.5385525703158385	1.4957026498533754	0.4462196121815267	1.072510097503467	0.31275021207223985	1.0	0.6970142631998281	-15.234008166896244
sp|O14735|CDIPT_HUMAN	psvid_34903_sp|O14735|CDIPT_HUMAN	-0.41880684271508084	-1.3098188956060257	0.47220521017586414	0.39089200681219466	-1.071413166338543	0.3132158093797635	1.0	0.5945325256814964	-13.247497154336031
sp|P01861|IGHG4_HUMAN	psvid_160640_sp|P01861|IGHG4_HUMAN	-0.21252449612017887	-0.6656707873670915	0.2406217951267337	0.1987978306132844	-1.0690483666977058	0.3142213935225451	1.0	0.17247943383312528	-15.01466125555091
sp|Q86UP2|KTN1_HUMAN	psvid_53602_sp|Q86UP2|KTN1_HUMAN	-0.6029185790271594	-1.8901549214234352	0.6843177633691164	0.5647178346109925	-1.0676457198177238	0.3148190260942292	1.0	0.9100421145094824	-16.950004648743402
sp|Q9UMX5|NENF_HUMAN	psvid_36799_sp|Q9UMX5|NENF_HUMAN	-0.33073065878633834	-1.0369770466970163	0.3755157291243396	0.3098342687717352	-1.067443766299454	0.314905146099342	1.0	0.43720486146219606	-11.19143217064251
sp|P0C7P4|UCRIL_HUMAN	psvid_62707_sp|P0C7P4|UCRIL_HUMAN	-0.2780885524692822	-0.8721068343884424	0.31592972944987796	0.26059916647494796	-1.0671122100308619	0.31504657291163285	1.0	0.3329952932487633	-11.647125373301296
sp|P12235|ADT1_HUMAN	psvid_82712_sp|P12235|ADT1_HUMAN	0.41315515444700956	-0.46998971407305845	1.2963000229670776	0.3874406287116225	1.066370235411028	0.3153632442443378	1.0	0.5880407861481372	-10.307844653172909
sp|Q16531|DDB1_HUMAN	psvid_46097_sp|Q16531|DDB1_HUMAN	-0.2703935508101285	-0.8495205726856124	0.3087334710653554	0.2540662868090123	-1.0642637959021688	0.31626360968812633	1.0	0.3182408592376692	-14.080037236616988
sp|Q00765|REEP5_HUMAN	psvid_91714_sp|Q00765|REEP5_HUMAN	0.20549467965179957	-0.23504126952624704	0.6460306288298462	0.19326560251166233	1.0632760148790539	0.31668650798101605	1.0	0.1534621715267526	-10.466286957231352
sp|P17568|NDUB7_HUMAN	psvid_50327_sp|P17568|NDUB7_HUMAN	-0.5224210942084531	-1.6430859202899275	0.5982437318730214	0.491641972080531	-1.0626047487314212	0.31697414707857646	1.0	0.7794682237676761	-13.035291718361151
sp|Q16563|SYPL1_HUMAN	psvid_84043_sp|Q16563|SYPL1_HUMAN	-0.6017259285975705	-1.8945626939651807	0.6911108367700398	0.5671747717165672	-1.060918007295059	0.31769781354938825	1.0	0.9143982459070304	-14.55952317340352
sp|P00414|COX3_HUMAN	psvid_167787_sp|P00414|COX3_HUMAN	-0.4617523533284844	-1.4596576854978887	0.5361529788409198	0.4377866905780577	-1.054742785165036	0.3203581038937545	1.0	0.6815604918145021	-14.788882447488387
sp|P51148|RAB5C_HUMAN	psvid_56495_sp|P51148|RAB5C_HUMAN	-0.36867837591526165	-1.1658318068883449	0.42847505505782146	0.34971570065667	-1.0542231167287741	0.3205827607531208	1.0	0.5160610470413959	-11.138500960922087
sp|O95864|FADS2_HUMAN	psvid_64365_sp|O95864|FADS2_HUMAN	-0.4005791090487385	-1.2684315706513563	0.46727335255387925	0.38073176365243966	-1.052129470905971	0.3214890937182395	1.0	0.5753817199550009	-13.889993472153417
sp|Q86WU2|LDHD_HUMAN	psvid_83402_sp|Q86WU2|LDHD_HUMAN	-0.6688187327019208	-2.1185498661771796	0.7809124007733379	0.6360052148156755	-1.0515931585494236	0.3217215796773303	1.0	1.0357575919105022	-14.166061830171188
sp|Q8NHP1|ARK74_HUMAN	psvid_418942_sp|Q8NHP1|ARK74_HUMAN	-0.5391718789420912	-1.711397899878872	0.6330541419946896	0.5142621587157529	-1.0484377856783094	0.3230920292104417	1.0	0.8201196742173877	-13.865381215009597
sp|P46459|NSF_HUMAN	psvid_33044_sp|P46459|NSF_HUMAN	0.2174070643903483	-0.256119960918956	0.6909340896996525	0.20773897345428818	1.0465396106243277	0.3239186142950278	1.0	0.2003421371020455	-13.627001605694446
sp|P03928|ATP8_HUMAN	psvid_107160_sp|P03928|ATP8_HUMAN	0.255611562287934	-0.3013407690588509	0.8125638936347189	0.2443381251606048	1.0461386741013876	0.3240934154829727	1.0	0.2956705056128254	-10.243079572849615
sp|P61106|RAB14_HUMAN	psvid_86141_sp|P61106|RAB14_HUMAN	-0.28361904464233456	-0.9021887066507955	0.3349506173661264	0.27136999522185196	-1.0451378178728592	0.3245300878961747	1.0	0.35673565036271326	-9.857592544625682
sp|P0CG04|IGLC1_HUMAN	psvid_30846_sp|P0CG04|IGLC1_HUMAN	-0.6862769676675171	-2.18635098957044	0.8137970542354058	0.6580909235581819	-1.0428300149726093	0.3255387050338276	1.0	1.0744638536981288	-11.94850403158146
sp|P0CF74|IGLC6_HUMAN	psvid_30849_sp|P0CF74|IGLC6_HUMAN	-0.581467587332245	-1.853498775628936	0.690563600964446	0.5580472478545159	-1.0419683809350762	0.32591589649485836	1.0	0.8982055299011287	-12.284228349673626
sp|P49257|LMAN1_HUMAN	psvid_37424_sp|P49257|LMAN1_HUMAN	-0.286351756390792	-0.9138575847459213	0.3411540719643372	0.27529034173694483	-1.0401809034928549	0.3266994588406914	1.0	0.36521892500462033	-9.869944726241961
sp|Q9NZJ7|MTCH1_HUMAN	psvid_45889_sp|Q9NZJ7|MTCH1_HUMAN	-0.6234756347559207	-1.9918514650328687	0.7449001955210273	0.6003141850155495	-1.0385822129786444	0.3274014889798162	1.0	0.9729810021953227	-13.302990955833135
sp|B9A064|IGLL5_HUMAN	psvid_30844_sp|B9A064|IGLL5_HUMAN	-0.6810151800841293	-2.182156261787462	0.8201259016192035	0.6585590487035349	-1.0340988882087376	0.3293764175234051	1.0	1.0752832166414665	-12.962569915394916
sp|A6NNZ2|TBB8B_HUMAN	psvid_34264_sp|A6NNZ2|TBB8B_HUMAN	0.2822173605866829	-0.3404926808003931	0.9049274019737589	0.2731864029786489	1.033057859064603	0.32983629946191095	1.0	0.36067585931266155	-9.863075865940747
sp|P54652|HSP72_HUMAN	psvid_52200_sp|P54652|HSP72_HUMAN	-0.20698283473371504	-0.6646632327650497	0.25069756329761955	0.20078696880093633	-1.0308579086072134	0.330809759647282	1.0	0.17894305279990042	-11.61367960455814
sp|Q9BVT8|TMUB1_HUMAN	psvid_80494_sp|Q9BVT8|TMUB1_HUMAN	-0.5302599043701752	-1.70399381161946	0.6434740028791095	0.5149236769352056	-1.0297834963159005	0.33128597631286066	1.0	0.8213050226427144	-12.825555370460744
sp|O75911|DHRS3_HUMAN	psvid_43424_sp|O75911|DHRS3_HUMAN	0.3346526219806538	-0.40651361492478166	1.0758188588860893	0.3251538032346548	1.0292133096753107	0.331538915511817	1.0	0.4679187375034851	-11.745244216037069
sp|P35754|GLRX1_HUMAN	psvid_65892_sp|P35754|GLRX1_HUMAN	-0.5211650557522516	-1.6789427531969157	0.6366126416924125	0.5079235978101165	-1.0260697829343328	0.3329360582486187	1.0	0.8087521744149055	-12.733058510218939
sp|Q8WXI7|MUC16_HUMAN	psvid_33803_sp|Q8WXI7|MUC16_HUMAN	-0.7323540975139498	-2.3609799337679833	0.8962717387400838	0.7144873286663007	-1.0250064180718224	0.3334096874133521	1.0	1.1728982455932584	-20.115575275434242
sp|O15143|ARC1B_HUMAN	psvid_47209_sp|O15143|ARC1B_HUMAN	-0.6088049195974032	-1.9659653145993476	0.7483554754045412	0.5953939103821209	-1.0225245992299035	0.3345171038007056	1.0	0.9643023406932573	-14.975698089052209
sp|P49207|RL34_HUMAN	psvid_17293_sp|P49207|RL34_HUMAN	-0.4995200129701649	-1.6138382298471998	0.61479820390687	0.48885767887111053	-1.0218107121149784	0.33483616708615943	1.0	0.7744474999693497	-11.408503596102207
sp|O14936|CSKP_HUMAN	psvid_47747_sp|O14936|CSKP_HUMAN	0.5800820433093725	-0.7152717502484183	1.8754358368671633	0.5682790061624091	1.0207697926880483	0.3353018088856879	1.0	0.91635543242245	-16.343714230716415
sp|P50148|GNAQ_HUMAN	psvid_51782_sp|P50148|GNAQ_HUMAN	-0.6017800618559752	-1.9460878131228232	0.7425276894108728	0.5897553831746006	-1.0203892648111947	0.33547215610838654	1.0	0.9543488804045612	-13.94926546612694
sp|Q16698|DECR_HUMAN	psvid_45398_sp|Q16698|DECR_HUMAN	0.42260612465575864	-0.5215993986849645	1.3668116479964818	0.41422828194557254	1.0202251827683917	0.33554562945010036	1.0	0.6380929932556038	-9.283379471978778
sp|Q9Y617|SERC_HUMAN	psvid_25441_sp|Q9Y617|SERC_HUMAN	-0.24588207102652282	-0.7968683028543895	0.30510416080134384	0.24172076369369247	-1.0172153491046534	0.3368955588314866	1.0	0.2894570467739948	-12.847875410792259
sp|A0A096LP55|QCR6L_HUMAN	psvid_766_sp|A0A096LP55|QCR6L_HUMAN	-0.3140164492530584	-1.02047749542075	0.3924445969146333	0.30992844055829033	-1.0131901695998087	0.3387073237649928	1.0	0.43739556903749294	-12.114051755591916
sp|O75976|CBPD_HUMAN	psvid_46119_sp|O75976|CBPD_HUMAN	-0.37789845330798233	-1.22808695321531	0.47229004659934537	0.37298248415288304	-1.0131801609029025	0.3387118379575989	1.0	0.5606892789052551	-14.803198570189487
sp|P08603|CFAH_HUMAN	psvid_25506_sp|P08603|CFAH_HUMAN	-0.1898682341388569	-0.617390513448719	0.23765404517100513	0.1875564322324712	-1.0123259004176421	0.3390973007464038	1.0	0.1316711020496007	-11.739194047559106
sp|Q9BX93|PG12B_HUMAN	psvid_72380_sp|Q9BX93|PG12B_HUMAN	-0.24184820384320282	-0.7879279451272551	0.3042315374408494	0.23956825865309966	-1.0095168917740667	0.3403671382057346	1.0	0.2842969746640208	-12.097074583710278
sp|Q06033|ITIH3_HUMAN	psvid_56970_sp|Q06033|ITIH3_HUMAN	-0.289516809228465	-0.944535019265855	0.365501400808925	0.2873601785624611	-1.0075049739904556	0.34127885539338376	1.0	0.3908867463689227	-14.531670420230132
sp|Q13509|TBB3_HUMAN	psvid_40981_sp|Q13509|TBB3_HUMAN	0.28595570717399044	-0.3633306072374449	0.9352420215854258	0.2848455636626987	1.0038973522951065	0.3429183049119654	1.0	0.3855910136795816	-9.8979658619121
sp|P60174|TPIS_HUMAN	psvid_37841_sp|P60174|TPIS_HUMAN	-0.2029798046117457	-0.6643030663677953	0.2583434571443039	0.20238511363778455	-1.002938412629624	0.34335508565268746	1.0	0.18401623032204895	-10.545801310849372
sp|Q9BVK6|TMED9_HUMAN	psvid_65675_sp|Q9BVK6|TMED9_HUMAN	0.4558728593445074	-0.5806549103602039	1.4924006290492187	0.4547305714909713	1.00251201024332	0.3435494396039452	1.0	0.7125604036346542	-9.599091712628123
sp|P39019|RS19_HUMAN	psvid_93803_sp|P39019|RS19_HUMAN	0.22525970035809895	-0.2870068994926567	0.7375263002088546	0.22473424303164816	1.0023381275561856	0.34362871906805453	1.0	0.24726863307507835	-10.135758218326863
sp|Q15185|TEBP_HUMAN	psvid_44918_sp|Q15185|TEBP_HUMAN	0.5790839507994159	-0.7399137155014115	1.8980816171002433	0.5786517063243776	1.0007469855706188	0.3443548203096828	1.0	0.9347223266086522	-13.024106427882204
sp|P05186|PPBT_HUMAN	psvid_55825_sp|P05186|PPBT_HUMAN	0.8452538966933685	-1.0831621102054865	2.773669903592223	0.8460069652926611	0.9991098553201249	0.34510311539982996	1.0	1.4007898141875514	-13.374900784627517
sp|P08697|A2AP_HUMAN	psvid_52443_sp|P08697|A2AP_HUMAN	-0.2211714016310955	-0.7261795385527247	0.28383673529053366	0.2215499144565941	-0.9982915234861317	0.34547761556045253	1.0	0.23891529367292705	-12.832759325203803
sp|A6NKH3|RL37L_HUMAN	psvid_88664_sp|A6NKH3|RL37L_HUMAN	0.4773860015624818	-0.6131256109383225	1.567897614063286	0.47841358742496737	0.9978520972449455	0.34567884027427376	1.0	0.7555783839525914	-12.726804274061859
sp|Q9NQR4|NIT2_HUMAN	psvid_90393_sp|Q9NQR4|NIT2_HUMAN	-0.4867842507084257	-1.6021831457594453	0.628614644342594	0.48933177847366516	-0.9947938640462187	0.3470817308045163	1.0	0.7753026892550117	-12.552918384477291
sp|P53007|TXTP_HUMAN	psvid_74158_sp|P53007|TXTP_HUMAN	0.2806698111441621	-0.3655552552208362	0.9268948775091604	0.2835025769002423	0.9900079717544262	0.3492857322211671	1.0	0.3827520333071309	-10.59682233791877
sp|Q96KK5|H2A1H_HUMAN	psvid_48116_sp|Q96KK5|H2A1H_HUMAN	-0.3599179941438644	-1.188962788358796	0.46912680007106733	0.363706621359859	-0.9895832877558585	0.34948181445119764	1.0	0.542995322199378	-10.889437525992324
sp|Q99878|H2A1J_HUMAN	psvid_48120_sp|Q99878|H2A1J_HUMAN	-0.3599179941438644	-1.188962788358796	0.46912680007106733	0.363706621359859	-0.9895832877558585	0.34948181445119764	1.0	0.542995322199378	-10.889437525992324
sp|Q9BTM1|H2AJ_HUMAN	psvid_48122_sp|Q9BTM1|H2AJ_HUMAN	-0.359362050425752	-1.1872488947071282	0.4685247938556244	0.3631986222010969	-0.9894367116480396	0.3495495097567791	1.0	0.5420227200724455	-10.900166380274277
sp|P0C0S8|H2A1_HUMAN	psvid_48117_sp|P0C0S8|H2A1_HUMAN	-0.3586955082697574	-1.1867539014422552	0.4693628849027405	0.3632738816659934	-0.9873969100799668	0.35049260142487443	1.0	0.5421668341708042	-10.910925008309999
sp|P20671|H2A1D_HUMAN	psvid_48113_sp|P20671|H2A1D_HUMAN	-0.3586955082697574	-1.1867539014422552	0.4693628849027405	0.3632738816659934	-0.9873969100799668	0.35049260142487443	1.0	0.5421668341708042	-10.910925008309999
sp|P0DOY2|IGLC2_HUMAN	psvid_30853_sp|P0DOY2|IGLC2_HUMAN	-0.39315834791757354	-1.30483594369608	0.5185192478609328	0.3999580968891726	-0.9829988465679612	0.3525325106430588	1.0	0.6115219499186331	-11.558172091894738
sp|P0DOY3|IGLC3_HUMAN	psvid_166891_sp|P0DOY3|IGLC3_HUMAN	-0.39315834791757354	-1.30483594369608	0.5185192478609328	0.3999580968891726	-0.9829988465679612	0.3525325106430588	1.0	0.6115219499186331	-11.558172091894738
sp|Q86X29|LSR_HUMAN	psvid_45990_sp|Q86X29|LSR_HUMAN	-0.5063038107942677	-1.6811707221061853	0.66856310051765	0.5154207321998701	-0.9823116905548397	0.35285202822277123	1.0	0.822195552770113	-14.27269549025455
sp|Q16629|SRSF7_HUMAN	psvid_64230_sp|Q16629|SRSF7_HUMAN	0.3632988620115829	-0.4805211903094815	1.2071189143326473	0.3701886103223374	0.9813885459502513	0.35328161793947327	1.0	0.5553726212465447	-12.677750282487008
sp|P07203|GPX1_HUMAN	psvid_59464_sp|P07203|GPX1_HUMAN	-0.3129170261884502	-1.0430964578111492	0.41726240543424886	0.32033382986674197	-0.976846642512353	0.3554009078630834	1.0	0.45831939945238276	-13.456266957041514
sp|Q2TAA5|ALG11_HUMAN	psvid_23458_sp|Q2TAA5|ALG11_HUMAN	-0.5313271810971201	-1.7722385756887782	0.709584213494538	0.5443948190534986	-0.9759960280681981	0.355798864169737	1.0	0.8739338859963104	-12.887916298088374
sp|O43819|SCO2_HUMAN	psvid_50098_sp|O43819|SCO2_HUMAN	-0.5486298441271793	-1.8304290792457258	0.7331693909913672	0.562332545020185	-0.9756323886740116	0.35596909264619025	1.0	0.9058111920941239	-13.860423056210491
sp|Q9NXW2|DJB12_HUMAN	psvid_419179_sp|Q9NXW2|DJB12_HUMAN	-0.2284229780419409	-0.7624557300477072	0.3056097739638254	0.2342831765941586	-0.9749866864646063	0.3562715112215362	1.0	0.27141824508994433	-12.760880245650897
sp|O43741|AAKB2_HUMAN	psvid_87839_sp|O43741|AAKB2_HUMAN	-0.23633907361144368	-0.7893074733333927	0.3166293261105053	0.2425903519146852	-0.974231133868671	0.3566256219566521	1.0	0.2915286378606629	-13.48378915909176
sp|Q14651|PLSI_HUMAN	psvid_56616_sp|Q14651|PLSI_HUMAN	0.3726357927831421	-0.4996076193038247	1.244879204870109	0.38265809836482795	0.973808719521387	0.3568237124344772	1.0	0.5790221421028365	-15.68287787816901
sp|P07306|ASGR1_HUMAN	psvid_62919_sp|P07306|ASGR1_HUMAN	-0.26835965583679355	-0.8984988262635049	0.36177951458991775	0.2764456037377718	-0.9707503111221537	0.3582603925836785	1.0	0.36770425858888434	-9.869603747335814
sp|Q86YB7|ECHD2_HUMAN	psvid_31293_sp|Q86YB7|ECHD2_HUMAN	-0.1931191872854483	-0.6470558059290445	0.260817431358148	0.19914455169424622	-0.9697437647300094	0.35873415523252355	1.0	0.17361871925932507	-13.130378867858497
sp|P61513|RL37A_HUMAN	psvid_82606_sp|P61513|RL37A_HUMAN	0.3162032278739235	-0.42756925999870243	1.0599757157465495	0.32629718021537674	0.9690651560801397	0.3590538264342312	1.0	0.4701878205792755	-10.590281053957202
sp|P08519|APOA_HUMAN	psvid_882150_sp|P08519|APOA_HUMAN	-0.49464610292782396	-1.6597319970053606	0.6704397911497126	0.5111297448411616	-0.9677505719835184	0.3596736877834618	1.0	0.8145042502403737	-14.535710981552882
sp|Q8IXI2|MIRO1_HUMAN	psvid_47137_sp|Q8IXI2|MIRO1_HUMAN	-0.49949255850781293	-1.6765834834725248	0.677598366456899	0.5163964195175643	-0.9672657277028691	0.3599025052563387	1.0	0.8239432987737869	-15.036127007711325
sp|P15313|VATB1_HUMAN	psvid_48912_sp|P15313|VATB1_HUMAN	-0.370120531248074	-1.2429439352599312	0.5027028727637832	0.38291254408946174	-0.9665928603310548	0.3602202374196262	1.0	0.5795026565776508	-14.195545697852156
sp|P30613|KPYR_HUMAN	psvid_45483_sp|P30613|KPYR_HUMAN	-0.22077946327741982	-0.7414829702648861	0.29992404371004644	0.22843556171892812	-0.966484647206863	0.3602713557594066	1.0	0.2567785695473002	-12.701889501263537
sp|O75380|NDUS6_HUMAN	psvid_88323_sp|O75380|NDUS6_HUMAN	0.3188515511453991	-0.43675348304011197	1.07445658533091	0.331488184937406	0.9618790823739524	0.36245195050098816	1.0	0.48045262603274747	-11.239522390630123
sp|Q8NFI4|F10A5_HUMAN	psvid_52224_sp|Q8NFI4|F10A5_HUMAN	-0.3540117611849496	-1.194340074686175	0.4863165523162757	0.36865676483256826	-0.960274691678939	0.36321387204247185	1.0	0.5524529866470134	-14.050061222583286
sp|BID_HUMAN|,sp|P55957|BID_HUMAN	psvid_48133_sp|BID_HUMAN|	0.4017198123847825	-0.5556021091462199	1.359041733915785	0.41998251971835115	0.9565155536811009	0.3650037172873081	1.0	0.6487532662894538	-12.69408922172041
sp|P26641|EF1G_HUMAN	psvid_74056_sp|P26641|EF1G_HUMAN	-0.4369405099629504	-1.4784983651417776	0.6046173452158767	0.45693729832371666	-0.9562373471499813	0.36513643876838386	1.0	0.7165833171813061	-13.44050023628283
sp|P31327|CPSM_HUMAN	psvid_70920_sp|P31327|CPSM_HUMAN	0.29414234088842406	-0.4077914684917412	0.9960761502685893	0.30794231627697627	0.9551864922125872	0.36563808214939686	1.0	0.43336807269199384	-9.936193847093067
sp|P04070|PROC_HUMAN	psvid_37486_sp|P04070|PROC_HUMAN	-0.4232604130853872	-1.4336011515217724	0.587080325350998	0.4432421733579523	-0.9549190905703183	0.36576581199410957	1.0	0.6915638276014898	-13.895550361669425
sp|Q16134|ETFD_HUMAN	psvid_78198_sp|Q16134|ETFD_HUMAN	0.21873268363701293	-0.30354684512505037	0.7410122123990762	0.22912697134941867	0.954635250266742	0.36590143012130366	1.0	0.2585330451320464	-10.154326045062545
sp|P17152|TMM11_HUMAN	psvid_87536_sp|P17152|TMM11_HUMAN	0.3296522319737951	-0.45860600497854653	1.1179104689261368	0.3458133289317647	0.9532664139699529	0.36655597723750655	1.0	0.5084902505931496	-14.742774464140542
sp|P20962|PTMS_HUMAN	psvid_26160_sp|P20962|PTMS_HUMAN	0.22564539122698113	-0.31426126620693096	0.7655520486608932	0.23686009199410546	0.952652636952436	0.36684975196839004	1.0	0.27773639425095886	-11.720857386340647
sp|P0CG22|DR4L1_HUMAN	psvid_29435_sp|P0CG22|DR4L1_HUMAN	-0.41921521500222214	-1.4228135904019814	0.5843831603975371	0.44028426071300897	-0.9521467206738959	0.3670920312952534	1.0	0.6861428262467127	-14.917358549252846
sp|P56537|IF6_HUMAN	psvid_40056_sp|P56537|IF6_HUMAN	0.3006677401197022	-0.4197495431903433	1.0210850234297477	0.316051120410287	0.9513262909158031	0.3674851792527993	1.0	0.449742019090192	-12.787127500012183
sp|O95716|RAB3D_HUMAN	psvid_86907_sp|O95716|RAB3D_HUMAN	0.21892507423276708	-0.3058493701752648	0.743699518640799	0.23022150489755144	0.95093233940152	0.36767407004742253	1.0	0.26129706592244395	-12.300167906760148
sp|P60900|PSA6_HUMAN	psvid_16249_sp|P60900|PSA6_HUMAN	-0.6697162583394496	-2.2802984962418824	0.9408659795629832	0.7065715004270684	-0.9478393311004722	0.3691595815112358	1.0	1.1591131707823557	-13.00050011200876
sp|Q07020|RL18_HUMAN	psvid_66690_sp|Q07020|RL18_HUMAN	0.1935900365968206	-0.27200060417352095	0.6591806773671622	0.20425723685016156	0.947775655747433	0.36919020984499645	1.0	0.18983563901832623	-10.201463567745314
sp|O60313|OPA1_HUMAN	psvid_38847_sp|O60313|OPA1_HUMAN	-0.26937158267808803	-0.9174068258904453	0.37866366053426925	0.2842967116801853	-0.9475015770886334	0.36932206511289994	1.0	0.38443169206839556	-12.760396572901609
sp|Q6NUK4|REEP3_HUMAN	psvid_74835_sp|Q6NUK4|REEP3_HUMAN	0.4353896504948094	-0.6166788593351362	1.487458160324755	0.4615483817273084	0.9433239671763076	0.37133613815629046	1.0	0.7249793325729028	-14.702806670907579
sp|O60664|PLIN3_HUMAN	psvid_56447_sp|O60664|PLIN3_HUMAN	0.28241570066229427	-0.4006276646332557	0.9654590659578443	0.29965497204425734	0.9424695967353516	0.3717490306729411	1.0	0.41643466121491884	-13.124435302160588
sp|Q3ZCM7|TBB8_HUMAN	psvid_34265_sp|Q3ZCM7|TBB8_HUMAN	0.2543540785519598	-0.36094056870849023	0.8696487258124098	0.2699332278032341	0.9422851740852348	0.37183820096527587	1.0	0.3536067572943985	-9.842960061580492
sp|P35270|SPRE_HUMAN	psvid_81942_sp|P35270|SPRE_HUMAN	0.37012986063040065	-0.5273696866719585	1.26762940793276	0.39373810715554314	0.9400407374950471	0.3729246664273367	1.0	0.5998756317942023	-13.623182241902423
sp|Q8N1G4|LRC47_HUMAN	psvid_61917_sp|Q8N1G4|LRC47_HUMAN	-0.4143191101466299	-1.4192621515047303	0.5906239312114705	0.4408741732436449	-0.9397672517270828	0.37305721157345234	1.0	0.6872244751165707	-12.798836833080285
sp|P27482|CALL3_HUMAN	psvid_32071_sp|P27482|CALL3_HUMAN	0.43254354942398887	-0.6183105403888789	1.4833976392368566	0.4610156088248002	0.93824057395065	0.3737977511574883	1.0	0.7240099284988694	-13.78197834174859
sp|P30043|BLVRB_HUMAN	psvid_70183_sp|P30043|BLVRB_HUMAN	-0.18079425497930446	-0.6201661419040245	0.2585776319454156	0.19275492184378495	-0.9379488380889499	0.373939384654241	1.0	0.15161553799637448	-11.422118186988385
sp|P04839|CY24B_HUMAN	psvid_47971_sp|P04839|CY24B_HUMAN	-0.31649254979657915	-1.085653920394741	0.45266882080158277	0.3374354260865792	-0.9379351583415947	0.37394602693511114	1.0	0.49214200893358434	-14.261853676424257
sp|P00387|NB5R3_HUMAN	psvid_29323_sp|P00387|NB5R3_HUMAN	0.3962403847312763	-0.571519164711913	1.3639999341744655	0.42456156588020266	0.9332931112353263	0.3762049844512107	1.0	0.6572157114239296	-9.517662829938875
sp|Q5XKP0|MIC13_HUMAN	psvid_151646_sp|Q5XKP0|MIC13_HUMAN	-0.47436276396765287	-1.6331520674742548	0.684426539538949	0.5083673950880224	-0.9331101257694118	0.3762942342521685	1.0	0.8095486543403106	-12.740320943446026
sp|P16070|CD44_HUMAN	psvid_58845_sp|P16070|CD44_HUMAN	-0.39474008958579354	-1.3599520574264223	0.5704718782548353	0.4234439274802375	-0.9322133675047599	0.37673184480862865	1.0	0.655151872180605	-15.536629613203502
sp|P22087|FBRL_HUMAN	psvid_35253_sp|P22087|FBRL_HUMAN	0.2750608410240658	-0.39806015347039836	0.94818183551853	0.29530197207956904	0.9314561602384109	0.3771016445792383	1.0	0.4074513080264723	-13.661818464900989
sp|P36021|MOT8_HUMAN	psvid_98866_sp|P36021|MOT8_HUMAN	-0.292276500422048	-1.0075347758335447	0.4229817749894488	0.3137878345837029	-0.9314462455493419	0.37710648840290567	1.0	0.44518993488944786	-14.920040327248568
sp|Q9UK55|ZPI_HUMAN	psvid_24559_sp|Q9UK55|ZPI_HUMAN	-0.50232221716103	-1.7321913999882756	0.7275469656662157	0.5395505385499613	-0.9310012339363386	0.3773239456400934	1.0	0.8653059167848021	-14.373567780020702
sp|Q96L21|RL10L_HUMAN	psvid_62019_sp|Q96L21|RL10L_HUMAN	0.25115986324468764	-0.3638987649558615	0.8662184914452368	0.26982968491212367	0.930808866809757	0.3774179751257216	1.0	0.3533808434162926	-11.968410833407928
sp|Q9UKS6|PACN3_HUMAN	psvid_30920_sp|Q9UKS6|PACN3_HUMAN	-0.5013560331914291	-1.7292896273522917	0.7265775609694336	0.5387013848985482	-0.9306752261010944	0.37748330905819577	1.0	0.8637926407491426	-13.05320118534334
sp|Q71U36|TBA1A_HUMAN	psvid_8301_sp|Q71U36|TBA1A_HUMAN	0.24999981966325535	-0.36523880189248403	0.8652384412189947	0.26990864901097605	0.926238638811048	0.37965693548697693	1.0	0.35355313555860307	-9.090783473146375
sp|P51572|BAP31_HUMAN	psvid_40168_sp|P51572|BAP31_HUMAN	-0.24999981966325402	-0.8652384412189934	0.36523880189248537	0.26990864901097605	-0.926238638811043	0.3796569354869794	1.0	0.35355313555860307	-9.84078293213614
sp|Q9Y2B0|CNPY2_HUMAN	psvid_64909_sp|Q9Y2B0|CNPY2_HUMAN	-0.24999981966325402	-0.8652384412189934	0.36523880189248537	0.26990864901097605	-0.926238638811043	0.3796569354869794	1.0	0.35355313555860307	-9.84078293213614
sp|P09417|DHPR_HUMAN	psvid_94834_sp|P09417|DHPR_HUMAN	0.272591023052275	-0.3988088454429888	0.9439908915475388	0.2945469044083504	0.9254587944145002	0.3800399450857456	1.0	0.40588640618418603	-12.742356432267304
sp|P25325|THTM_HUMAN	psvid_44389_sp|P25325|THTM_HUMAN	-0.3513511289843452	-1.2173777227106257	0.5146754647419354	0.37993074512969394	-0.9247767744208415	0.38037513972449155	1.0	0.5738665823422383	-13.019578119008017
sp|Q16836|HCDH_HUMAN	psvid_53988_sp|Q16836|HCDH_HUMAN	-0.23558846271352207	-0.8177287274492778	0.3465518020222337	0.2553882134258774	-0.9224719479150829	0.3815094895013368	1.0	0.3212504640587155	-11.778133156985175
sp|Q04941|PLP2_HUMAN	psvid_38196_sp|Q04941|PLP2_HUMAN	0.3738891558683255	-0.5509697887009387	1.2987481004375896	0.40574082885625795	0.9214974911996925	0.3819898184541032	1.0	0.6223134052406629	-13.883380642505074
sp|P13747|HLAE_HUMAN	psvid_65666_sp|P13747|HLAE_HUMAN	0.42599348500262924	-0.6292432521294629	1.4812302221347213	0.4629383008918753	0.9201949464581567	0.38263255316210615	1.0	0.7275075206131637	-12.961171592719632
sp|O95399|UTS2_HUMAN	psvid_89590_sp|O95399|UTS2_HUMAN	0.2525164363479542	-0.37563295392991836	0.8806658266258267	0.2755726759777363	0.9163333608893617	0.38454263883519696	1.0	0.36582691151075386	-12.449384229506595
sp|Q02818|NUCB1_HUMAN	psvid_56539_sp|Q02818|NUCB1_HUMAN	-0.17955617908352162	-0.6262213721283802	0.267109013961337	0.19595453632301307	-0.916315500793203	0.384551489109286	1.0	0.16291584285743066	-10.08152239842464
sp|Q9BVC6|TM109_HUMAN	psvid_98278_sp|Q9BVC6|TM109_HUMAN	-0.1853305073853022	-0.6466885912176206	0.2760275764470162	0.20240039027880183	-0.9156627965490272	0.38487502692158304	1.0	0.1840642413967925	-13.08170769270266
sp|O60220|TIM8A_HUMAN	psvid_69186_sp|O60220|TIM8A_HUMAN	0.2621373496597674	-0.3912117946830944	0.9154864940026293	0.28662795004016595	0.9145561332139222	0.38542403649812135	1.0	0.3893473302910764	-11.057160025649662
sp|P05156|CFAI_HUMAN	psvid_25954_sp|P05156|CFAI_HUMAN	-0.2233963309721405	-0.7810366938525636	0.33424403190828256	0.2446399684702001	-0.9131636681000992	0.38611563433809215	1.0	0.2963829343486949	-12.773951609784081
sp|Q96EE3|SEH1_HUMAN	psvid_75431_sp|Q96EE3|SEH1_HUMAN	-0.39548432983773907	-1.384663854049943	0.5936951943744647	0.43395862947340574	-0.9113410887061886	0.38702221086696953	1.0	0.6745279576720683	-14.639096150587704
sp|Q8NHM4|TRY6_HUMAN	psvid_33404_sp|Q8NHM4|TRY6_HUMAN	0.5594885171646875	-0.8429722734778666	1.9619493078072416	0.6152674491338033	0.9093419747011752	0.38801836254127037	1.0	0.9993187475644555	-14.24099900619677
sp|Q6UX07|DHR13_HUMAN	psvid_33439_sp|Q6UX07|DHR13_HUMAN	-0.5663979181691476	-1.9865147672991574	0.8537189309608622	0.623013261451563	-0.9091265839983778	0.38812580114854645	1.0	1.0129405169050805	-14.475285809326161
sp|P51149|RAB7A_HUMAN	psvid_80050_sp|P51149|RAB7A_HUMAN	0.2003559906236001	-0.30254641423765327	0.7032583954848535	0.22062611793979237	0.9081245343684836	0.38862591327041385	1.0	0.2364596428188211	-10.134253521176733
sp|Q96F07|CYFP2_HUMAN	psvid_59039_sp|Q96F07|CYFP2_HUMAN	-0.2960516104869799	-1.039844992356422	0.4477417713824621	0.32630634652947904	-0.9072811903161502	0.3890471765871404	1.0	0.4702059994024514	-15.052303150945399
sp|Q8WWC4|MAIP1_HUMAN	psvid_90971_sp|Q8WWC4|MAIP1_HUMAN	-0.4192334674698386	-1.4733742493969724	0.6349073144572952	0.4624574991697746	-0.9065340452311103	0.38942066149082205	1.0	0.7266331037765049	-14.320932403234107
sp|P27635|RL10_HUMAN	psvid_881227_sp|P27635|RL10_HUMAN	0.18396565029920664	-0.27879542072864744	0.6467267213270607	0.20301588866472756	0.906163805745364	0.38960583335217086	1.0	0.18599128961657888	-10.35351824108006
sp|Q66PJ3|AR6P4_HUMAN	psvid_882652_sp|Q66PJ3|AR6P4_HUMAN	-0.5000762684628111	-1.7597637901719112	0.7596112532462891	0.5526320117887535	-0.9048992056109262	0.3902387889265652	1.0	0.8885857839424678	-14.631066704043569
sp|Q9UDX4|S14L3_HUMAN	psvid_87457_sp|Q9UDX4|S14L3_HUMAN	0.3310107352784133	-0.5033828915957681	1.1654043621525947	0.3660531843782749	0.9042695143893376	0.3905542364337548	1.0	0.5474830497694039	-15.80052836884915
sp|Q9NPJ3|ACO13_HUMAN	psvid_91932_sp|Q9NPJ3|ACO13_HUMAN	-0.41942447893544266	-1.476792057983164	0.6379431001122786	0.46387311324362446	-0.9041793261149035	0.39059943177349704	1.0	0.7292072222020357	-14.161280804290568
sp|P50579|MAP2_HUMAN	psvid_50381_sp|P50579|MAP2_HUMAN	-0.3769213706963668	-1.3271700160239326	0.5733272746311989	0.4168794336030428	-0.9041495941372715	0.39061433194880363	1.0	0.6430081779084784	-12.364223269625997
sp|P02747|C1QC_HUMAN	psvid_49466_sp|P02747|C1QC_HUMAN	-0.3187623867169824	-1.1236628937125048	0.48613812027854	0.3531143865481936	-0.9027170765626035	0.3913327216773846	1.0	0.5226331603731482	-13.19228610851183
sp|Q92526|TCPW_HUMAN	psvid_71945_sp|Q92526|TCPW_HUMAN	0.37473569122147854	-0.5724499805398164	1.3219213629827735	0.4155356898453152	0.9018134913055853	0.3917863459716357	1.0	0.6405176972479962	-15.289704854017444
sp|Q9HD20|AT131_HUMAN	psvid_60305_sp|Q9HD20|AT131_HUMAN	-0.3315246424370053	-1.1695174287354497	0.5064681438614391	0.36763215589232173	-0.9017835821034866	0.3918013676504936	1.0	0.5504982805723558	-13.333642161725834
sp|Q96TC7|RMD3_HUMAN	psvid_67826_sp|Q96TC7|RMD3_HUMAN	0.30567890627203953	-0.4694589061555394	1.0808167186996185	0.3400573247833672	0.8989040493886483	0.3932495269806694	1.0	0.49727267311777573	-12.879296234061679
sp|A8MTJ3|GNAT3_HUMAN	psvid_71250_sp|A8MTJ3|GNAT3_HUMAN	-0.41998663279523507	-1.4897314198911353	0.6497581543006652	0.4693030641370911	-0.8949155990862018	0.39526170401596006	1.0	0.7390696303910419	-14.457135305845348
sp|P19087|GNAT2_HUMAN	psvid_33055_sp|P19087|GNAT2_HUMAN	-0.41998663279523507	-1.4897314198911353	0.6497581543006652	0.4693030641370911	-0.8949155990862018	0.39526170401596006	1.0	0.7390696303910419	-14.457135305845348
sp|Q86YT5|S13A5_HUMAN	psvid_87204_sp|Q86YT5|S13A5_HUMAN	-0.4065055218574507	-1.4425697966880475	0.6295587529731461	0.4545272336787588	-0.8943479988368577	0.39554865616131624	1.0	0.7121895539520126	-13.925269808580458
sp|O95182|NDUA7_HUMAN	psvid_85794_sp|O95182|NDUA7_HUMAN	0.2764864310603823	-0.4293409997042741	0.9823138618250387	0.309650469911725	0.8928984707796597	0.3962821450571831	1.0	0.43683257712090356	-11.22817853595594
sp|Q03113|GNA12_HUMAN	psvid_53482_sp|Q03113|GNA12_HUMAN	-0.41909003712390946	-1.4894870282772847	0.6513069540294658	0.4695891897310719	-0.8924609984397582	0.39650370507521815	1.0	0.7395888319290971	-14.563710775950529
sp|Q9ULC5|ACSL5_HUMAN	psvid_49819_sp|Q9ULC5|ACSL5_HUMAN	-0.25809112496608444	-0.9175026444672777	0.4013203945351088	0.28928754817242447	-0.8921611960023044	0.39665559254265015	1.0	0.39492865447261155	-9.901775182539108
sp|P11488|GNAT1_HUMAN	psvid_33054_sp|P11488|GNAT1_HUMAN	-0.41855401268965586	-1.4881384047016675	0.6510303793223557	0.46923269791025873	-0.8919966885379006	0.3967389538088525	1.0	0.7389419369363459	-14.44088265844037
sp|P52209|6PGD_HUMAN	psvid_64329_sp|P52209|6PGD_HUMAN	0.2117106385588996	-0.3307393796871043	0.7541606568049035	0.23797587870951564	0.8896306621786798	0.3979392788192639	1.0	0.2804489442533707	-13.222924537797802
sp|P24534|EF1B_HUMAN	psvid_31234_sp|P24534|EF1B_HUMAN	0.3303539305702867	-0.5202367917226385	1.180944652863212	0.3731589413792257	0.8852901376268028	0.40014802242639297	1.0	0.5610247150385811	-14.178258108188817
sp|Q9H1K4|GHC2_HUMAN	psvid_43470_sp|Q9H1K4|GHC2_HUMAN	-0.3945900743074122	-1.4119622082820245	0.6227820596672	0.446326886189513	-0.8840831384284275	0.400763768960488	1.0	0.6972105196501505	-12.211982046497084
sp|P00918|CAH2_HUMAN	psvid_86295_sp|P00918|CAH2_HUMAN	-0.22253731838431356	-0.7966183249660445	0.3515436881974173	0.2518525714746569	-0.8836015335531596	0.4010096458249061	1.0	0.31317187800585466	-11.50659898915217
sp|P00747|PLMN_HUMAN	psvid_23689_sp|P00747|PLMN_HUMAN	-0.189731906109309	-0.6793503369662772	0.29988652474765914	0.21479836371342878	-0.8833023810294852	0.40116242803409047	1.0	0.22059322020370317	-10.915838602195633
sp|P26368|U2AF2_HUMAN	psvid_68906_sp|P26368|U2AF2_HUMAN	-0.2923970084305796	-1.0486075722193067	0.4638135553581476	0.331753834185379	-0.8813673823802518	0.40215166241750955	1.0	0.4809763407770321	-13.598177323984526
sp|P18405|S5A1_HUMAN	psvid_74011_sp|P18405|S5A1_HUMAN	-0.2114245855136403	-0.7586928095716515	0.33584363854437094	0.2400896527409431	-0.8806068195773833	0.40254096024093367	1.0	0.2855511837579617	-14.403122929048443
sp|Q9Y5U9|IR3IP_HUMAN	psvid_89719_sp|Q9Y5U9|IR3IP_HUMAN	0.2913882913911072	-0.4649472696295539	1.0477238524117682	0.33180867117515717	0.878181665232273	0.40378407102939556	1.0	0.48108443047881133	-11.540598200831212
sp|O95870|ABHGA_HUMAN	psvid_38020_sp|O95870|ABHGA_HUMAN	-0.29207587045616057	-1.0503555086593457	0.46620376774702454	0.3326615487864184	-0.8779970859922996	0.40387879577085606	1.0	0.4827647216523064	-13.04712593969969
sp|Q9BXK5|B2L13_HUMAN	psvid_91085_sp|Q9BXK5|B2L13_HUMAN	-0.4305183848323284	-1.5497029750315707	0.6886662053669139	0.4909925842605978	-0.8768327641458383	0.40447667991919056	1.0	0.7782975783048696	-13.496140368513213
sp|Q969Z3|MARC2_HUMAN	psvid_89237_sp|Q969Z3|MARC2_HUMAN	0.19673068535198945	-0.3149068847768045	0.7083682554807834	0.2244582841492017	0.8764688106642516	0.40466369994625234	1.0	0.24655126888837406	-10.852279691588638
sp|P51689|ARSD_HUMAN	psvid_66290_sp|P51689|ARSD_HUMAN	-0.2584112491342112	-0.9314621053583897	0.4146396070899673	0.29527120202529494	-0.8751657708633365	0.40533377736677306	1.0	0.4073875754298134	-12.459701099585255
sp|P14927|QCR7_HUMAN	psvid_93676_sp|P14927|QCR7_HUMAN	-0.2501166806333277	-0.9025239952765928	0.40229063400993736	0.28621476404548024	-0.8738776333480252	0.40599696176748284	1.0	0.3884777084338016	-9.902565116631424
sp|O15120|PLCB_HUMAN	psvid_82679_sp|O15120|PLCB_HUMAN	-0.4911026382263084	-1.7726454869106811	0.7904402104580643	0.5622200668472485	-0.8735060649475853	0.40618840227485176	1.0	0.9056116384905547	-12.433601759370088
sp|P14678|RSMB_HUMAN	psvid_21728_sp|P14678|RSMB_HUMAN	-0.525191349080683	-1.8958323819139635	0.8454496837525975	0.6013079421372495	-0.8734149547634068	0.40623535404632827	1.0	0.9747330838649207	-13.579313972640204
sp|P63162|RSMN_HUMAN	psvid_79729_sp|P63162|RSMN_HUMAN	-0.525191349080683	-1.8958323819139635	0.8454496837525975	0.6013079421372495	-0.8734149547634068	0.40623535404632827	1.0	0.9747330838649207	-13.579313972640204
sp|P04264|K2C1_HUMAN	psvid_22957_sp|P04264|K2C1_HUMAN	0.6058028022682231	-0.9761873439056712	2.1877929484421177	0.6940279887220762	0.8728794978192402	0.4065113682637485	1.0	1.1372494529613986	-12.609161439479074
sp|P42126|ECI1_HUMAN	psvid_48065_sp|P42126|ECI1_HUMAN	0.5831412499534943	-0.9420963254541272	2.1083788253611155	0.6691303162308886	0.8714913011836649	0.40722756398472665	1.0	1.0937752075084581	-14.293736247526123
sp|P19652|A1AG2_HUMAN	psvid_91368_sp|P19652|A1AG2_HUMAN	0.23752360590118604	-0.3842847539280577	0.8593319657304298	0.27279083019991596	0.8707169728803414	0.4076274403334132	1.0	0.3598192135000445	-9.847021039017175
sp|Q6UWW8|EST3_HUMAN	psvid_62167_sp|Q6UWW8|EST3_HUMAN	-0.6684867974275375	-2.4218638740970064	1.0848902792419313	0.7692164005796168	-0.8690490698375932	0.4084897137759304	1.0	1.2679701698677845	-14.625364208579992
sp|Q16853|AOC3_HUMAN	psvid_39586_sp|Q16853|AOC3_HUMAN	0.22867726305826297	-0.37196865671264956	0.8293231828291755	0.26350674853502254	0.8678231746610072	0.4091242961830506	1.0	0.33947136520172155	-12.08690671874501
sp|P13473|LAMP2_HUMAN	psvid_61668_sp|P13473|LAMP2_HUMAN	-0.32529986049005055	-1.182484188348224	0.5318844673681229	0.3760515932835018	-0.8650405058776337	0.41056731269105307	1.0	0.5665175757998381	-13.099946750664568
sp|O60493|SNX3_HUMAN	psvid_17573_sp|O60493|SNX3_HUMAN	0.4785242663220881	-0.7859951665681406	1.7430436992123168	0.5547517984428189	0.8625916448856941	0.4118401802895172	1.0	0.8923525861196948	-14.276981264241876
sp|P22760|AAAD_HUMAN	psvid_96490_sp|P22760|AAAD_HUMAN	-0.1836759849649643	-0.6692046244355738	0.30185265450564525	0.21300414919380475	-0.8623117702643631	0.4119858294748661	1.0	0.21556393719998332	-10.196174154638683
sp|Q9Y6M9|NDUB9_HUMAN	psvid_75621_sp|Q9Y6M9|NDUB9_HUMAN	-0.20683855040386456	-0.7542208142721218	0.3405437134643927	0.24013968264810193	-0.8613259921183603	0.4124991246686233	1.0	0.2856713837409173	-11.202593816079354
sp|Q93099|HGD_HUMAN	psvid_91615_sp|Q93099|HGD_HUMAN	-0.1638269889765689	-0.5975890003846257	0.2699350224314879	0.19029383785332687	-0.8609158910486745	0.4127127964961976	1.0	0.14245414262638503	-11.979330013367584
sp|P33121|ACSL1_HUMAN	psvid_68886_sp|P33121|ACSL1_HUMAN	0.16096401137631333	-0.26642144316518607	0.5883494659178128	0.1874964064358354	0.8584911809037689	0.41397770932290345	1.0	0.1314265649411716	-7.7243379069239015
sp|Q9H0V9|LMA2L_HUMAN	psvid_45737_sp|Q9H0V9|LMA2L_HUMAN	-0.6296011461500597	-2.302194706960557	1.0429924146604372	0.7337762171062254	-0.8580288260540818	0.4142192164020695	1.0	1.2064509854720185	-13.49602081670562
sp|P50993|AT1A2_HUMAN	psvid_52603_sp|P50993|AT1A2_HUMAN	0.1936630323138715	-0.3209907009013869	0.7083167655291299	0.2257814918857476	0.8577453833632696	0.41436731897728846	1.0	0.24998018222432328	-13.227466824423939
sp|P24844|MYL9_HUMAN	psvid_32754_sp|P24844|MYL9_HUMAN	0.5427055767060676	-0.9019767124538847	1.9873878658660198	0.6337902583736283	0.856285765733772	0.41513057496891087	1.0	1.0318702030757276	-12.604851823920864
sp|P00966|ASSY_HUMAN	psvid_69598_sp|P00966|ASSY_HUMAN	0.16629632769777247	-0.2766111430331463	0.6092037984286913	0.1943060023760557	0.8558476097713447	0.41535988493472176	1.0	0.15717183589752978	-10.797862483093366
sp|Q9UH99|SUN2_HUMAN	psvid_70349_sp|Q9UH99|SUN2_HUMAN	-0.3301262547280226	-1.2110613649932433	0.5508088555371982	0.3864711953173104	-0.8542066232309343	0.41621948533078246	1.0	0.5862148811682343	-14.714440735466708
sp|P09871|C1S_HUMAN	psvid_29297_sp|P09871|C1S_HUMAN	-0.2412528921193391	-0.8876112984776664	0.4051055142389882	0.28356107390644053	-0.8507969334286666	0.4180095556330602	1.0	0.38287584996815555	-11.990255008903974
sp|Q14739|LBR_HUMAN	psvid_26730_sp|Q14739|LBR_HUMAN	-0.24942309446909672	-0.9181854169022408	0.4193392279640473	0.2933897980931929	-0.8501423569945316	0.41835381780066866	1.0	0.4034843247797376	-14.451937819316694
sp|O15145|ARPC3_HUMAN	psvid_20272_sp|O15145|ARPC3_HUMAN	-0.3154252111813616	-1.1630706621871574	0.5322202398244341	0.3718668342743925	-0.8482208740040962	0.4193655255036645	1.0	0.5585675104429039	-14.309413383062644
sp|P13637|AT1A3_HUMAN	psvid_61721_sp|P13637|AT1A3_HUMAN	0.17671343268398276	-0.2988770225415009	0.6523038879094665	0.20864421178213646	0.8469606282128957	0.4200299989048477	1.0	0.20301268421784677	-13.151820155661824
sp|A1L0T0|HACL2_HUMAN	psvid_67259_sp|A1L0T0|HACL2_HUMAN	0.16505524509493963	-0.27927874308692174	0.609389233276801	0.194931823617578	0.8467331912861444	0.420149994507344	1.0	0.15937103314779572	-10.22816713004752
sp|O75821|EIF3G_HUMAN	psvid_31225_sp|O75821|EIF3G_HUMAN	-0.36214785825147366	-1.3380389455937405	0.6137432290907932	0.4281289173627408	-0.8458850677087917	0.42059767404026616	1.0	0.6637962576599855	-13.19444348938671
sp|P09104|ENOG_HUMAN	psvid_50022_sp|P09104|ENOG_HUMAN	0.23095163162368548	-0.39256708064536205	0.854470343892733	0.27354117144993817	0.8443029997988908	0.42143364884548834	1.0	0.36144346539553796	-13.394336042848726
sp|P02766|TTHY_HUMAN	psvid_39080_sp|P02766|TTHY_HUMAN	-0.41834229114840005	-1.5481590085794943	0.7114744262826942	0.4956569583696311	-0.8440157735794875	0.4215855445802365	1.0	0.7867013381653687	-14.23199974680793
sp|O00217|NDUS8_HUMAN	psvid_44242_sp|O00217|NDUS8_HUMAN	0.25797116033584944	-0.44028229540381614	0.956224616075515	0.3063277244028868	0.8421410789333645	0.42257788428286214	1.0	0.4300854989845574	-12.259492794107253
sp|P02654|APOC1_HUMAN	psvid_78187_sp|P02654|APOC1_HUMAN	0.20948944054550944	-0.35764547224923426	0.7766243533402531	0.2488052810018832	0.841981487297787	0.4226624362639829	1.0	0.3061317157916624	-10.459060979793271
sp|O60568|PLOD3_HUMAN	psvid_52166_sp|O60568|PLOD3_HUMAN	-0.32328226716450414	-1.1987307103616085	0.5521661760326001	0.38406416356728207	-0.8417402554869458	0.42279026362402444	1.0	0.5816764753483282	-13.731985359600813
sp|O75746|S2512_HUMAN	psvid_53032_sp|O75746|S2512_HUMAN	-0.29291758460519635	-1.0865318087647657	0.5006966395543729	0.34816303069068116	-0.841323054961092	0.42301139899421825	1.0	0.5130520108826132	-13.217816734717843
sp|Q9Y3B3|TMED7_HUMAN	psvid_61444_sp|Q9Y3B3|TMED7_HUMAN	-0.2025192613194231	-0.7513001067425672	0.346261584103721	0.24075324825465738	-0.8411901512755825	0.42308186084730226	1.0	0.28714344718001983	-10.925337739125736
sp|P47985|UCRI_HUMAN	psvid_62708_sp|P47985|UCRI_HUMAN	-0.18535519930904343	-0.6910506299778792	0.3203402313597924	0.22185143409512584	-0.8354924549622993	0.4261102612984898	1.0	0.2397135550591987	-11.027335776985073
sp|P33260|CP2CI_HUMAN	psvid_74061_sp|P33260|CP2CI_HUMAN	0.19604610003259193	-0.3392424793546085	0.7313346794197924	0.23483411514066396	0.8348280228158576	0.4264643875140224	1.0	0.27277550315878735	-10.182050379801925
sp|O75881|CP7B1_HUMAN	psvid_65229_sp|O75881|CP7B1_HUMAN	-0.21127637235883112	-0.7889376218836572	0.366384877165995	0.25342324422185597	-0.8336897943500087	0.42707150719616993	1.0	0.31677221862256977	-12.925462073358077
sp|Q9P0U1|TOM7_HUMAN	psvid_151841_sp|Q9P0U1|TOM7_HUMAN	-0.41843771505920646	-1.5627260254343978	0.7258505953159848	0.5020057277149316	-0.8335317546353177	0.4271558510730726	1.0	0.7981228493104243	-12.312668622723601
sp|P36957|ODO2_HUMAN	psvid_70633_sp|P36957|ODO2_HUMAN	-0.2572007402889107	-0.9622572477777461	0.4478557671999247	0.3093122615278921	-0.8315245539198185	0.428228068194779	1.0	0.43614728454915314	-12.674328164487521
sp|Q02985|FHR3_HUMAN	psvid_55751_sp|Q02985|FHR3_HUMAN	0.3235248637226693	-0.5644397095848211	1.2114894370301599	0.3895550603520085	0.8304984241003744	0.4287769266289402	1.0	0.5920194702126255	-13.42776098151697
sp|Q9Y512|SAM50_HUMAN	psvid_63908_sp|Q9Y512|SAM50_HUMAN	0.2404581302059663	-0.41969386686554666	0.9006101272774792	0.2896123998537486	0.8302756730284866	0.42889613607079236	1.0	0.39560848041622554	-13.380816967329228
sp|Q9UHQ4|BAP29_HUMAN	psvid_84150_sp|Q9UHQ4|BAP29_HUMAN	-0.18036262968459438	-0.6756695605973544	0.3149443012281656	0.21729394073210678	-0.8300398486810842	0.4290223667570429	1.0	0.227470849601324	-12.24027874870424
sp|P02452|CO1A1_HUMAN	psvid_883224_sp|P02452|CO1A1_HUMAN	-0.5789168538278155	-2.1698412447740196	1.0120075371183888	0.6979474922316735	-0.8294561700862915	0.42933490468053476	1.0	1.1440839296681478	-16.17312990447288
sp|Q96RQ3|MCCA_HUMAN	psvid_25196_sp|Q96RQ3|MCCA_HUMAN	-0.80930791113683	-3.0356235579585573	1.4170077356848974	0.97669721544165	-0.8286169944396445	0.42978452581686033	1.0	1.6257204485899333	-14.410698836246889
sp|Q99424|ACOX2_HUMAN	psvid_47377_sp|Q99424|ACOX2_HUMAN	-0.37198812078840593	-1.3972776011980188	0.653301359621207	0.44980027067018685	-0.8270073297958591	0.43064787144365135	1.0	0.7035607088563125	-13.326725051390035
sp|Q8IVS2|FABD_HUMAN	psvid_60644_sp|Q8IVS2|FABD_HUMAN	0.33407483967284257	-0.5873888071835935	1.2555384865292787	0.4042512926234022	0.826403887306959	0.430971835099351	1.0	0.6195369288288657	-15.765073062146893
sp|P11117|PPAL_HUMAN	psvid_85558_sp|P11117|PPAL_HUMAN	0.19294201973112957	-0.3408192506370661	0.7267032900993252	0.23416407607045825	0.8239608011993895	0.4322851362509614	1.0	0.2711243638279914	-12.23658334334261
sp|P61026|RAB10_HUMAN	psvid_21468_sp|P61026|RAB10_HUMAN	0.214962176459788	-0.38022451361125664	0.8101488665308326	0.2611117537130038	0.8232573731478198	0.4326637775887943	1.0	0.3341408447799108	-10.721999992334837
sp|Q9P0Z9|SOX_HUMAN	psvid_63983_sp|Q9P0Z9|SOX_HUMAN	0.2659735715710263	-0.4713949749298578	1.0033421180719104	0.3234877350611997	0.8222060459902986	0.43323010921611843	1.0	0.46460690684935246	-13.09796633790784
sp|O14950|ML12B_HUMAN	psvid_65538_sp|O14950|ML12B_HUMAN	0.3007215800919738	-0.5335799521896292	1.1350231123735768	0.36601278196172765	0.8216149678713104	0.4335487353247097	1.0	0.5474058494874604	-11.797796462294762
sp|P49585|PCY1A_HUMAN	psvid_50459_sp|P49585|PCY1A_HUMAN	0.5046500496213802	-0.8984712160610873	1.9077713153038476	0.6155572032543715	0.8198264059836526	0.43451385190314656	1.0	0.9998285623072486	-12.869160445657766
sp|Q9BRL6|SRSF8_HUMAN	psvid_31477_sp|Q9BRL6|SRSF8_HUMAN	0.374063108720033	-0.6661624149014889	1.4142886323415549	0.45635279696429676	0.8196796671529949	0.4345930979790522	1.0	0.7155180663320401	-14.775673817496003
sp|Q96KP4|CNDP2_HUMAN	psvid_32973_sp|Q96KP4|CNDP2_HUMAN	0.2134270582731128	-0.38260050119781785	0.8094546177440435	0.2614806478554814	0.8162250630152657	0.43646160248576443	1.0	0.3349642278023725	-12.23128772454061
sp|O14828|SCAM3_HUMAN	psvid_84326_sp|O14828|SCAM3_HUMAN	0.28483644592796553	-0.5112794007226906	1.0809522925786217	0.34926050656954805	0.8155415243642676	0.43683195855711004	1.0	0.5151793274776868	-12.807134255556559
sp|Q9NPD5|SO1B3_HUMAN	psvid_35240_sp|Q9NPD5|SO1B3_HUMAN	-0.6603143964888258	-2.5084857491415944	1.1878569561639427	0.8108031834443334	-0.8143954167567232	0.4374534247460306	1.0	1.3399732395047232	-13.939298399900371
sp|P19105|ML12A_HUMAN	psvid_29433_sp|P19105|ML12A_HUMAN	0.2983097302810549	-0.5367325287246841	1.133351989286794	0.3663377429482345	0.8143024736689707	0.437503848640025	1.0	0.5480267127395432	-11.789998888885274
sp|P09497|CLCB_HUMAN	psvid_77211_sp|P09497|CLCB_HUMAN	0.17811220697469565	-0.3221097064862054	0.6783341204355967	0.21945017126283445	0.81162938242309	0.43895575845709056	1.0	0.23331145462552363	-11.71307823413891
sp|P62495|ERF1_HUMAN	psvid_74785_sp|P62495|ERF1_HUMAN	-0.31438294092933283	-1.1974824188930393	0.5687165370343737	0.3874207156188547	-0.8114768474038528	0.4390387076550052	1.0	0.5880032913954295	-13.270077249796369
sp|Q9BYV7|BCDO2_HUMAN	psvid_28662_sp|Q9BYV7|BCDO2_HUMAN	-0.5725970693779994	-2.181298672702774	1.0361045339467752	0.7057464554439438	-0.8113353810864159	0.439115647162273	1.0	1.1576758457046141	-14.113429656041372
sp|P05362|ICAM1_HUMAN	psvid_44118_sp|P05362|ICAM1_HUMAN	-0.229746332215631	-0.8778394320427081	0.41834676761144607	0.2843220937029781	-0.8080495230723765	0.4409053081232434	1.0	0.3844853333754146	-13.219893494236118
sp|P62070|RRAS2_HUMAN	psvid_90147_sp|P62070|RRAS2_HUMAN	-0.3520089507275719	-1.3473074948044346	0.6432895933492908	0.4366430779574185	-0.8061709173869002	0.44193071978530524	1.0	0.6794607284354591	-12.78603354004498
sp|P60604|UB2G2_HUMAN	psvid_59158_sp|P60604|UB2G2_HUMAN	-0.21741338773237606	-0.8334241487693617	0.39859737330460954	0.2702473909509801	-0.8044976381356165	0.4428454151317899	1.0	0.3542918582209208	-11.900592616187186
sp|P62917|RL8_HUMAN	psvid_63227_sp|P62917|RL8_HUMAN	0.2482858768782754	-0.45553304166529074	0.9521047954218416	0.30876932428607223	0.8041144548680639	0.443055061679787	1.0	0.4350464753212688	-10.464329665653958
sp|Q5T9A4|ATD3B_HUMAN	psvid_58162_sp|Q5T9A4|ATD3B_HUMAN	-0.3568210495119417	-1.3693492700872099	0.6557071710633264	0.4442018340947061	-0.8032858536911526	0.44350863384863887	1.0	0.6933212507070318	-12.965208089799098
sp|Q9NUL3|STAU2_HUMAN	psvid_35627_sp|Q9NUL3|STAU2_HUMAN	0.3712048757309563	-0.6823458699199987	1.4247556213819113	0.4621986469316492	0.8031284344842549	0.44359483979386455	1.0	0.7261622792110307	-15.393695773358306
sp|Q86VU5|CMTD1_HUMAN	psvid_49087_sp|Q86VU5|CMTD1_HUMAN	-0.24132355581531773	-0.9265419114594525	0.4438947998288171	0.30060915256223913	-0.8027817974216646	0.44378470517264873	1.0	0.41839533916993926	-11.98273335595496
sp|Q9Y6L6|SO1B1_HUMAN	psvid_69219_sp|Q9Y6L6|SO1B1_HUMAN	-0.28027240005632725	-1.076281194206957	0.5157363940943024	0.3492135420347431	-0.8025817052319325	0.44389432772468573	1.0	0.5150883358129237	-13.726934805023182
sp|Q96G23|CERS2_HUMAN	psvid_56376_sp|Q96G23|CERS2_HUMAN	0.24706828426355676	-0.45594134276622444	0.950077911293338	0.3084142835401103	0.8010922238347781	0.44471092996213774	1.0	0.43432616773230337	-11.84981287068565
sp|P62906|RL10A_HUMAN	psvid_90968_sp|P62906|RL10A_HUMAN	-0.29774907487426105	-1.1455499869873014	0.5500518372387793	0.37193503593787725	-0.8005405409669253	0.4450136449707722	1.0	0.5586972664600214	-9.614657740078389
sp|Q96HS1|PGAM5_HUMAN	psvid_100570_sp|Q96HS1|PGAM5_HUMAN	-0.21940217461595735	-0.8449285411586036	0.4061241919266889	0.2744219406891935	-0.7995066796224184	0.4455813112281283	1.0	0.3633464387485473	-12.149592756762491
sp|Q8NHH9|ATLA2_HUMAN	psvid_79320_sp|Q8NHH9|ATLA2_HUMAN	-0.1922274386646463	-0.7406195665225948	0.35616468919330213	0.24058271566909978	-0.7990076848622747	0.4458554707617634	1.0	0.28673468812130093	-12.216545780725149
sp|ANT3_HUMAN|,sp|P01008|ANT3_HUMAN	psvid_26970_sp|ANT3_HUMAN|	0.14712998919686227	-0.27261040350978805	0.5668703819035126	0.18414247474306936	0.7990008247806492	0.4458592406447971	1.0	0.117093282489999	-10.631847689147378
sp|P22090|RS4Y1_HUMAN	psvid_60027_sp|P22090|RS4Y1_HUMAN	-0.15076266948724548	-0.581090278711568	0.2795649397370771	0.18878714626880308	-0.7985854570447464	0.4460875414668416	1.0	0.13660500997159744	-11.508373306109076
sp|P17693|HLAG_HUMAN	psvid_63935_sp|P17693|HLAG_HUMAN	0.2884518154849891	-0.5380346869941104	1.1149383179640886	0.36258428436409573	0.7955441753105186	0.4477615354318413	1.0	0.5408460097388887	-14.536532601787439
sp|P57088|TMM33_HUMAN	psvid_35498_sp|P57088|TMM33_HUMAN	-0.29554734894481527	-1.1441224449461833	0.5530277470565527	0.37227467477078435	-0.7938959294687146	0.4486705314624327	1.0	0.5593433467211756	-11.689625819386361
sp|P02655|APOC2_HUMAN	psvid_102240_sp|P02655|APOC2_HUMAN	-0.14227538518314287	-0.5512237105566544	0.2666729401903687	0.1794079340106341	-0.7930272758991235	0.44915008603270745	1.0	0.09376497316910676	-10.687709603830225
sp|Q7Z406|MYH14_HUMAN	psvid_24901_sp|Q7Z406|MYH14_HUMAN	0.2501918301706816	-0.46923032630112105	0.9696139866424842	0.3156145526606462	0.7927132258685544	0.4493235471660057	1.0	0.4488650172759593	-14.886324819033277
sp|P07205|PGK2_HUMAN	psvid_56005_sp|P07205|PGK2_HUMAN	0.43059082567362506	-0.8076134648239215	1.6687951161711716	0.5432071972378751	0.7926824752380179	0.44934053426115117	1.0	0.8718194396339992	-14.31241790411272
sp|P12694|ODBA_HUMAN	psvid_47964_sp|P12694|ODBA_HUMAN	-0.31296511608152855	-1.2131792865878817	0.5872490544248247	0.3949290276470284	-0.7924591361292493	0.4494639229566577	1.0	0.602108736422931	-11.71543907666101
sp|P00367|DHE3_HUMAN	psvid_67269_sp|P00367|DHE3_HUMAN	-0.2835089035875735	-1.0990402457211412	0.5320224385459941	0.3577781938083954	-0.7924152687164717	0.44948816116185203	1.0	0.5316204935252115	-10.004680730974115
sp|P51153|RAB13_HUMAN	psvid_74423_sp|P51153|RAB13_HUMAN	0.28261593354478043	-0.531359449761429	1.09659131685099	0.3570955859058762	0.7914293670918485	0.45003313584311627	1.0	0.5303072747512463	-12.053169454605882
sp|P13667|PDIA4_HUMAN	psvid_28028_sp|P13667|PDIA4_HUMAN	0.20751868952714636	-0.3905031951239869	0.8055405741782796	0.262355569546379	0.7909825961993209	0.4502802421724193	1.0	0.33691364926918327	-8.092820607827361
sp|P21695|GPDA_HUMAN	psvid_88138_sp|P21695|GPDA_HUMAN	-0.20066391353929758	-0.7795857608513163	0.3782579337727211	0.25397627557224	-0.7900892045415538	0.450774644393339	1.0	0.318035467749516	-11.894164066083032
sp|P05388|RLA0_HUMAN	psvid_64822_sp|P05388|RLA0_HUMAN	0.2928418787509153	-0.5522474343582944	1.137931191860125	0.3707454421800394	0.7898731728944816	0.4508942506922315	1.0	0.5564331100824645	-9.612204142016715
sp|Q13011|ECH1_HUMAN	psvid_55805_sp|Q13011|ECH1_HUMAN	0.1626496229698966	-0.3076671690125411	0.6329664149523343	0.20633062601005012	0.7882960766181852	0.45176805641344014	1.0	0.19613881952577658	-11.593618561989942
sp|P05141|ADT2_HUMAN	psvid_70839_sp|P05141|ADT2_HUMAN	0.29334056805660635	-0.5552140191179047	1.1418951552311174	0.37226567743291283	0.7879871442337582	0.45193935602452595	1.0	0.5593262334977055	-10.185868796726755
sp|Q9H6U8|ALG9_HUMAN	psvid_59343_sp|Q9H6U8|ALG9_HUMAN	-0.3364235697527955	-1.3103571436645183	0.6375100041589271	0.4272701451937846	-0.7873790704478395	0.45227665310709314	1.0	0.6622130731523713	-14.058561459877136
sp|P05976|MYL1_HUMAN	psvid_81173_sp|P05976|MYL1_HUMAN	-0.41947396588803576	-1.6347895374862798	0.7958416057102082	0.5331657873210515	-0.7867608459945031	0.452619753186275	1.0	0.8539210742018474	-14.236135511019931
sp|Q96JJ7|TMX3_HUMAN	psvid_29983_sp|Q96JJ7|TMX3_HUMAN	-0.3537031001711881	-1.3791868038793138	0.6717806035369376	0.44988547752533437	-0.7862069745322465	0.45292728650592223	1.0	0.7037163832343711	-15.098373622171053
sp|P63241|IF5A1_HUMAN	psvid_75227_sp|P63241|IF5A1_HUMAN	0.48357381497298757	-0.9196870862037498	1.886834716149725	0.6156184621322961	0.7855089551701389	0.45331505565432456	1.0	0.9999363431309031	-9.271745404614315
sp|P48735|IDHP_HUMAN	psvid_32184_sp|P48735|IDHP_HUMAN	-0.27605842867618957	-1.0779470753652354	0.5258302180128561	0.35179306646546654	-0.7847182192923879	0.4537545990316659	1.0	0.5200804209340069	-11.701733049685581
sp|Q99805|TM9S2_HUMAN	psvid_42686_sp|Q99805|TM9S2_HUMAN	-0.18015881005244339	-0.7042713520917712	0.3439537319868844	0.22993112459980236	-0.7835338098137509	0.45441350397441793	1.0	0.2605653467800968	-12.056721174292647
sp|P08590|MYL3_HUMAN	psvid_93158_sp|P08590|MYL3_HUMAN	-0.41736782265924965	-1.631728947161308	0.7969933018428086	0.5327470660034064	-0.7834258493252425	0.45447359573566626	1.0	0.8531739024110528	-14.243307495316788
sp|O60518|RNBP6_HUMAN	psvid_83738_sp|O60518|RNBP6_HUMAN	-0.31461355267550317	-1.2314653650997496	0.6022382597487431	0.4022280548788227	-0.782177048217796	0.4551690743801736	1.0	0.6157620809434033	-17.443218065627455
sp|P29992|GNA11_HUMAN	psvid_51781_sp|P29992|GNA11_HUMAN	-0.5605463608353389	-2.194459168349999	1.073366446679321	0.7168067527406656	-0.7820048551330259	0.45526502722705076	1.0	1.1769356592745728	-13.571405256321253
sp|Q58FF6|H90B4_HUMAN	psvid_47968_sp|Q58FF6|H90B4_HUMAN	0.21779122852628685	-0.4186932812557652	0.8542757383083389	0.2792293398572394	0.7799725796638569	0.4563985093838496	1.0	0.37366698008602084	-14.005439166966323
sp|P00740|FA9_HUMAN	psvid_55753_sp|P00740|FA9_HUMAN	-0.24096970168264287	-0.9456225081608479	0.4636831047955622	0.3091351556204182	-0.7794962730752159	0.4566644360623947	1.0	0.4357882941708716	-12.274305565003635
sp|O96008|TOM40_HUMAN	psvid_94523_sp|O96008|TOM40_HUMAN	0.29979092506509586	-0.5788438590179087	1.1784257091481005	0.3854620292630784	0.777744375076924	0.4576434238217319	1.0	0.5843129622488491	-13.094013775026557
sp|Q6S8J3|POTEE_HUMAN	psvid_32630_sp|Q6S8J3|POTEE_HUMAN	0.3094309516876086	-0.6012071304194625	1.2200690337946796	0.39950205638577235	0.7745415742962081	0.4594367974585325	1.0	0.6106694538316466	-11.60268745778875
sp|Q13247|SRSF6_HUMAN	psvid_29073_sp|Q13247|SRSF6_HUMAN	0.23152966107795603	-0.450231043019102	0.913290365175014	0.29909226135104966	0.7741078289090393	0.4596800260197468	1.0	0.4152769845339797	-13.141649979573788
sp|Q96AG4|LRC59_HUMAN	psvid_47999_sp|Q96AG4|LRC59_HUMAN	0.15113498970062889	-0.29527189394688763	0.5975418733481455	0.19584121453530223	0.7717220813772342	0.4610193897640187	1.0	0.16252596265918884	-10.652951468499555
sp|P56962|STX17_HUMAN	psvid_101381_sp|P56962|STX17_HUMAN	-0.3107390759283657	-1.2292396678612818	0.6077615160045504	0.40295138373710654	-0.7711577338349532	0.46133659267137256	1.0	0.6171121037009452	-15.572434344151382
sp|P61204|ARF3_HUMAN	psvid_8581_sp|P61204|ARF3_HUMAN	-0.16793418952157824	-0.6649657896597615	0.329097410616605	0.21805056283662894	-0.7701616878989685	0.4618967921491693	1.0	0.229530653341466	-10.786166388000064
sp|P84077|ARF1_HUMAN	psvid_25700_sp|P84077|ARF1_HUMAN	-0.16793418952157824	-0.6649657896597615	0.329097410616605	0.21805056283662894	-0.7701616878989685	0.4618967921491693	1.0	0.229530653341466	-10.786166388000064
sp|P16671|CD36_HUMAN	psvid_70753_sp|P16671|CD36_HUMAN	-0.7290409294559463	-2.8873907396533913	1.4293088807414986	0.9468802200524897	-0.76993997130443	0.4620215518366438	1.0	1.5745021983107446	-13.855969242715787
sp|O15228|GNPAT_HUMAN	psvid_74809_sp|O15228|GNPAT_HUMAN	-0.31494150928677467	-1.2500782866041917	0.6201952680306425	0.41024977197949686	-0.7676823506010737	0.46329317877662146	1.0	0.6307047953986422	-16.24464927887108
sp|A6NGU5|GGT3_HUMAN	psvid_38856_sp|A6NGU5|GGT3_HUMAN	0.22839042929610454	-0.44978936992321217	0.9065702285154212	0.2975212982093926	0.767643965896403	0.46331481926807006	1.0	0.41203941681507555	-13.037085917456546
sp|P36543|VATE1_HUMAN	psvid_87175_sp|P36543|VATE1_HUMAN	-0.26610999196326146	-1.0563124815893614	0.5240924976628384	0.34666628353201895	-0.767625825194168	0.46332504684736375	1.0	0.5101473348489504	-13.033855232849705
sp|P20339|RAB5A_HUMAN	psvid_39623_sp|P20339|RAB5A_HUMAN	-0.29902419987831497	-1.1874557033556794	0.5894073035990494	0.38975990524782217	-0.7672010277408743	0.46356458671064205	1.0	0.5924046489460872	-12.314419926233164
sp|P22234|PUR6_HUMAN	psvid_85800_sp|P22234|PUR6_HUMAN	-0.4732598181635863	-1.8794834667515823	0.9329638304244097	0.6169182361112304	-0.7671354005464308	0.46360160063323186	1.0	1.0022229970504979	-14.58943412880588
sp|Q9Y5M8|SRPRB_HUMAN	psvid_78879_sp|Q9Y5M8|SRPRB_HUMAN	0.14639127154662246	-0.28974767950692815	0.5825302226001731	0.19133661466547427	0.7650980540372131	0.46475163812416903	1.0	0.14639145628242575	-10.066822733813531
sp|P43251|BTD_HUMAN	psvid_74748_sp|P43251|BTD_HUMAN	-0.1835801876288703	-0.7316039442386855	0.3644435689809449	0.24042110912745138	-0.7635776587801667	0.4656110899587757	1.0	0.28634705375404224	-14.38756492555117
sp|A6NDB9|PALM3_HUMAN	psvid_61003_sp|A6NDB9|PALM3_HUMAN	-0.4976908369245967	-1.9840661972993976	0.9886845234502042	0.652081243579112	-0.7632344003530838	0.4658052721715467	1.0	1.0639413011630232	-13.975278849276224
sp|P08684|CP3A4_HUMAN	psvid_54083_sp|P08684|CP3A4_HUMAN	-0.2064926299837777	-0.8237711639807885	0.4107859040132331	0.2708035700901047	-0.7625181230626732	0.4662106434794752	1.0	0.3555034355353228	-6.417197904806811
sp|Q15008|PSMD6_HUMAN	psvid_50923_sp|Q15008|PSMD6_HUMAN	0.3077316035650455	-0.6135034572962542	1.2289666644263453	0.40415101065967557	0.7614272770535709	0.4668284438095928	1.0	0.6193499251684585	-14.772922710638866
sp|Q14974|IMB1_HUMAN	psvid_44398_sp|Q14974|IMB1_HUMAN	-0.2974094235441527	-1.1882290904260489	0.5934102433377435	0.3908076059862847	-0.7610123728108561	0.46706356567245155	1.0	0.5943739376949202	-14.317548813672106
sp|P27708|PYR1_HUMAN	psvid_44236_sp|P27708|PYR1_HUMAN	-0.37782600951977763	-1.5130089901413373	0.757356971101782	0.4980111682602802	-0.7586697520050613	0.46839256108841854	1.0	0.7909388406055236	-15.909601936639028
sp|Q96BI1|S67A1_HUMAN	psvid_68804_sp|Q96BI1|S67A1_HUMAN	-0.46036719305526486	-1.8447990984311824	0.9240647123206527	0.607358075607826	-0.7579831594311857	0.46878254173559586	1.0	0.9853945833150752	-14.786604801285844
sp|Q9UHA4|LTOR3_HUMAN	psvid_151859_sp|Q9UHA4|LTOR3_HUMAN	0.26501811946762244	-0.5332467169908857	1.0632829559261305	0.35020328050384525	0.7567551025973686	0.46948060078204684	1.0	0.5170051008915915	-11.809275147313121
sp|P07099|HYEP_HUMAN	psvid_64636_sp|P07099|HYEP_HUMAN	-0.249999972448536	-1.004326507884103	0.5043265629870309	0.330927300333824	-0.7554528508114855	0.4702215763194898	1.0	0.47934637144893055	-6.846464130785369
sp|Q7Z7H5|TMED4_HUMAN	psvid_30569_sp|Q7Z7H5|TMED4_HUMAN	0.18411535190130568	-0.37261086877707705	0.7408415725796884	0.24423892913666032	0.7538329477291748	0.4711443596859547	1.0	0.29543619453079145	-11.126406607091255
sp|P78527|PRKDC_HUMAN	psvid_40998_sp|P78527|PRKDC_HUMAN	-0.2093460166966179	-0.8445764104027723	0.4258843770095365	0.27867915207011296	-0.751208029526186	0.4726421600335265	1.0	0.372491340200683	-13.788760925526484
sp|P61247|RS3A_HUMAN	psvid_19780_sp|P61247|RS3A_HUMAN	-0.20982933370844714	-0.8474777149450301	0.4278190475281358	0.2797399368206103	-0.7500871562826048	0.4732826836145669	1.0	0.3747567880429239	-9.860868175113545
sp|Q9NRZ7|PLCC_HUMAN	psvid_80789_sp|Q9NRZ7|PLCC_HUMAN	-0.19123395501045426	-0.772632333593798	0.3901644235728895	0.2550627437916546	-0.7497525987827597	0.47347397607910724	1.0	0.3205106501705341	-12.215643249051219
sp|P61916|NPC2_HUMAN	psvid_77729_sp|P61916|NPC2_HUMAN	0.22880938338154166	-0.4687118188356505	0.9263305855987338	0.3060064806576802	0.7477272471150815	0.4746331001850073	1.0	0.4294314652828221	-12.9707840346193
sp|P62263|RS14_HUMAN	psvid_4635_sp|P62263|RS14_HUMAN	0.15338425772711073	-0.31440915220730375	0.6211776676615253	0.2052236040909803	0.7474006628356064	0.474820179299677	1.0	0.19279114470082992	-10.042474970831321
sp|O15533|TPSN_HUMAN	psvid_881288_sp|O15533|TPSN_HUMAN	-0.35836821335884483	-1.4529312665642216	0.7361948398465319	0.4801909772844565	-0.7463035132093996	0.47544901626584707	1.0	0.7587936801091971	-13.577723807876461
sp|Q9NW15|ANO10_HUMAN	psvid_43656_sp|Q9NW15|ANO10_HUMAN	-0.3224453553383202	-1.307338212518765	0.6624475018421246	0.4320780444991136	-0.7462664660781709	0.4754702594482864	1.0	0.6710689969549996	-14.341340358380432
sp|P62304|RUXE_HUMAN	psvid_104389_sp|P62304|RUXE_HUMAN	-0.31509748085517586	-1.278319474943555	0.6481245132332032	0.4225709147852951	-0.7456676970190301	0.47581368480640074	1.0	0.6535390264112251	-13.358226751488445
sp|Q6IB77|GLYAT_HUMAN	psvid_52645_sp|Q6IB77|GLYAT_HUMAN	-0.27558936950377744	-1.1182978229676461	0.5671190839600913	0.3697009456418771	-0.7454386383169711	0.4759451044793652	1.0	0.5544435082236808	-11.51080274050137
sp|O60716|CTND1_HUMAN	psvid_28051_sp|O60716|CTND1_HUMAN	-0.21398954962487826	-0.8684790359830895	0.440499936733333	0.287128224506023	-0.745275216301104	0.4760388802786242	1.0	0.39039932503219416	-12.839852775816016
sp|Q99735|MGST2_HUMAN	psvid_97118_sp|Q99735|MGST2_HUMAN	0.20731446289970545	-0.4271437217727825	0.8417726475721934	0.27834037961707037	0.7448235257310508	0.47629813437022867	1.0	0.37176676023362354	-11.821608272774412
sp|P35520|CBS_HUMAN	psvid_74323_sp|P35520|CBS_HUMAN	-0.22218565470945828	-0.9021754811421032	0.45780417172318666	0.2983153673440434	-0.7448012373201489	0.4763109294828002	1.0	0.413676934636371	-13.297086418711267
sp|B5MD39|GGTL3_HUMAN	psvid_87713_sp|B5MD39|GGTL3_HUMAN	0.33214961334571536	-0.6867730226196291	1.3510722493110598	0.4470071001470652	0.7430522093193559	0.47731568881738795	1.0	0.6984547749429263	-13.928012916714929
sp|Q14390|GGTL2_HUMAN	psvid_87714_sp|Q14390|GGTL2_HUMAN	0.3309315658728589	-0.6849726407001309	1.3468357724458486	0.4456828981693587	0.7425269563453285	0.477617697154272	1.0	0.6960322301844999	-13.882379794057666
sp|Q969V3|NCLN_HUMAN	psvid_48681_sp|Q969V3|NCLN_HUMAN	-0.24870994202421404	-1.0130887865790252	0.515668902530597	0.33533730497065106	-0.7416709633483256	0.47811013821381143	1.0	0.4880264427026473	-12.32900504129756
sp|P83881|RL36A_HUMAN	psvid_10446_sp|P83881|RL36A_HUMAN	0.30598631358862205	-0.6346884993183507	1.246661126495595	0.4126793393892474	0.7414626427421162	0.4782300318625269	1.0	0.6352183160166075	-11.981582158776963
sp|P48449|LSS_HUMAN	psvid_31596_sp|P48449|LSS_HUMAN	-0.15824029031359688	-0.6449369066353806	0.32845632600818686	0.21351654721780944	-0.7411148802072706	0.4784302210821273	1.0	0.21700778299521503	-10.33325586703897
sp|Q8WTV0|SCRB1_HUMAN	psvid_65913_sp|Q8WTV0|SCRB1_HUMAN	-0.2821513398710165	-1.1505584462968717	0.5862557665548386	0.3809750894607941	-0.7406031199319463	0.47872491394356675	1.0	0.5758418152142278	-14.030426530943506
sp|Q9NZR2|LRP1B_HUMAN	psvid_25103_sp|Q9NZR2|LRP1B_HUMAN	-0.3147665973328637	-1.2874216413745945	0.657888446708867	0.4267092469376623	-0.7376605958081048	0.48042161613513634	1.0	0.661178706697278	-18.353230845906232
sp|Q9H444|CHM4B_HUMAN	psvid_50788_sp|Q9H444|CHM4B_HUMAN	0.32300463826791015	-0.6777487440738899	1.3237580206097102	0.4390361462321956	0.7357130865873645	0.48154670761676766	1.0	0.683853469034914	-12.917143725937791
sp|Q13442|HAP28_HUMAN	psvid_30657_sp|Q13442|HAP28_HUMAN	0.5185667303621231	-1.0894788382455631	2.1266122989698095	0.7054586493180119	0.7350774292206029	0.4819142987609129	1.0	1.15717442917523	-13.110854627450857
sp|O95816|BAG2_HUMAN	psvid_72301_sp|O95816|BAG2_HUMAN	0.1495012174227881	-0.31456415551809375	0.61356659036367	0.20358809326130758	0.7343318316307508	0.48234569667253097	1.0	0.18777022335029275	-11.520914725003225
sp|P15880|RS2_HUMAN	psvid_36713_sp|P15880|RS2_HUMAN	0.2996997685558296	-0.6307385025503481	1.2301380396620072	0.4081885108372127	0.7342190203764729	0.4824109901504913	1.0	0.6268711130702944	-10.117534739806619
sp|Q12797|ASPH_HUMAN	psvid_35479_sp|Q12797|ASPH_HUMAN	-0.17813359055857791	-0.7312300882288882	0.3749629071117324	0.2426465492062269	-0.7341278544504707	0.4824637597852596	1.0	0.291662263515326	-11.478964362419356
sp|O60551|NMT2_HUMAN	psvid_80064_sp|O60551|NMT2_HUMAN	0.30601487806308514	-0.644687079623948	1.2567168357501184	0.4170783042887199	0.7337108521742916	0.4827051807965483	1.0	0.643376625136151	-14.256515804758756
sp|P48741|HSP77_HUMAN	psvid_39364_sp|P48741|HSP77_HUMAN	-0.1809680006121206	-0.7440855830020019	0.3821495817777607	0.2470428555230255	-0.7325368719082571	0.48338526657295405	1.0	0.30202518399538864	-11.609344770582627
sp|P07225|PROS_HUMAN	psvid_82187_sp|P07225|PROS_HUMAN	-0.2681626573231184	-1.104714700929822	0.5683893862835852	0.3670000939575282	-0.7306882525053305	0.48445741655702934	1.0	0.5492917141319499	-13.602222230860939
sp|P07384|CAN1_HUMAN	psvid_49645_sp|P07384|CAN1_HUMAN	-0.27682869820709355	-1.142482576100051	0.588825179685864	0.3797672325940491	-0.7289430852582499	0.4854709649946575	1.0	0.5735571971257439	-15.001287796435822
sp|Q8N6M3|FITM2_HUMAN	psvid_50514_sp|Q8N6M3|FITM2_HUMAN	0.22219055999261972	-0.47397167362657355	0.918352793611813	0.30541029347845744	0.7275149683463182	0.4863013880930598	1.0	0.42821684052848114	-13.806312803891386
sp|Q13724|MOGS_HUMAN	psvid_55562_sp|Q13724|MOGS_HUMAN	-0.16711104032034685	-0.6907066989974984	0.3564846183568047	0.22970436495713156	-0.7275048532557657	0.4863072730665039	1.0	0.2599931556068127	-11.100778511235644
sp|Q8IXI1|MIRO2_HUMAN	psvid_33373_sp|Q8IXI1|MIRO2_HUMAN	-0.35890994891585004	-1.4837305146713833	0.7659106168396832	0.4934651184854661	-0.7273258746583948	0.4864114105905792	1.0	0.7827536646132714	-14.175500878646059
sp|O75955|FLOT1_HUMAN	psvid_63021_sp|O75955|FLOT1_HUMAN	-0.1604311218261416	-0.6638226878267275	0.34296044417444427	0.22084071568713798	-0.7264562665764143	0.48691758927617595	1.0	0.23703144106001303	-12.261547184518403
sp|Q8N5K1|CISD2_HUMAN	psvid_86080_sp|Q8N5K1|CISD2_HUMAN	-0.15490623048241092	-0.6415296155694912	0.3317171546046694	0.21348442026262215	-0.7256090645483634	0.48741104950036385	1.0	0.2169174357498739	-10.217898244129195
sp|P11509|CP2A6_HUMAN	psvid_659594_sp|P11509|CP2A6_HUMAN	0.29749267795861556	-0.6377277529414531	1.2327131088586842	0.41028647127743967	0.725085272815267	0.48771629627888047	1.0	0.6307730147034816	-7.401593128693323
sp|P07737|PROF1_HUMAN	psvid_30177_sp|P07737|PROF1_HUMAN	0.13276948142081846	-0.28538746589720143	0.5509264287388383	0.183447808331284	0.7237452582756031	0.48849776324699545	1.0	0.11393459017137368	-10.88976639145174
sp|O43493|TGON2_HUMAN	psvid_62566_sp|O43493|TGON2_HUMAN	0.21478802076321912	-0.46225080124645335	0.8918268427728916	0.2970207450802203	0.7231414785698167	0.48885013507839903	1.0	0.41100608384352033	-13.081910958247192
sp|P61981|1433G_HUMAN	psvid_54161_sp|P61981|1433G_HUMAN	-0.16635024557810718	-0.6907929726510043	0.3580924814947899	0.23007597863401266	-0.7230230924833942	0.4889192453665797	1.0	0.2609305004405419	-11.797619136845102
sp|P67809|YBOX1_HUMAN	psvid_48893_sp|P67809|YBOX1_HUMAN	-0.2784693418655202	-1.1566707136743588	0.5997320299433185	0.3852718888569234	-0.7227865565061614	0.48905734670616324	1.0	0.5839544797193316	-11.488704404205585
sp|Q13243|SRSF5_HUMAN	psvid_59788_sp|Q13243|SRSF5_HUMAN	-0.35075773389768505	-1.4579092121005515	0.7563937443051814	0.4857135902434035	-0.7221493096825052	0.48942952641009285	1.0	0.7687732074364715	-13.567081915520536
sp|Q15582|BGH3_HUMAN	psvid_38592_sp|Q15582|BGH3_HUMAN	-0.4172098344656394	-1.7359337944091644	0.9015141254778856	0.5785316298035986	-0.72115302426468	0.4900117615092306	1.0	0.9345098904747325	-15.22154554992643
sp|Q96GQ5|RUSF1_HUMAN	psvid_48646_sp|Q96GQ5|RUSF1_HUMAN	-0.5843839903118675	-2.434808369605629	1.2660403889818939	0.8117915989233851	-0.7198694727647954	0.490762526005935	1.0	1.3416823808828202	-13.89084894141253
sp|P47813|IF1AX_HUMAN	psvid_101104_sp|P47813|IF1AX_HUMAN	0.24949953523947244	-0.5424253206991069	1.0414243911780519	0.34742189533566	0.7181456856610021	0.4917719392342008	1.0	0.5116142169359253	-11.801324142871305
sp|Q13283|G3BP1_HUMAN	psvid_63060_sp|Q13283|G3BP1_HUMAN	0.6336482924041866	-1.3787869268952635	2.6460835117036368	0.8828666670660426	0.7177168603611883	0.4920232548615204	1.0	1.464352214998939	-14.215491585227813
sp|Q14699|RFTN1_HUMAN	psvid_60680_sp|Q14699|RFTN1_HUMAN	-0.4797427892331334	-2.005023934166627	1.0455383557003606	0.6691494304273227	-0.7169441793094958	0.49247629489294004	1.0	1.093808624675187	-14.595806375573398
sp|Q15437|SC23B_HUMAN	psvid_37358_sp|Q15437|SC23B_HUMAN	0.34951372062595176	-0.7620369856211535	1.461064426873057	0.48764355636794426	0.7167401600242439	0.49259596006153183	1.0	0.7722569187524889	-15.151457158828396
sp|P18428|LBP_HUMAN	psvid_62407_sp|P18428|LBP_HUMAN	0.2804222248859345	-0.6114597539966722	1.1723042037685412	0.39127364824516453	0.7166908023159978	0.492624913028141	1.0	0.5952495241493859	-13.297942606498818
sp|Q7Z3Z0|K1C25_HUMAN	psvid_30183_sp|Q7Z3Z0|K1C25_HUMAN	0.33060856463148847	-0.7228427295953483	1.3840598588583253	0.46215501703166334	0.7153629246630848	0.49340424384781295	1.0	0.7260829169895356	-15.573046825434385
sp|P01031|CO5_HUMAN	psvid_39328_sp|P01031|CO5_HUMAN	-0.2092564778596091	-0.8782807170153537	0.4597677612961355	0.29350470243481525	-0.7129578372124483	0.49481777527774723	1.0	0.40372307441930844	-12.997212883234557
sp|P02671|FIBA_HUMAN	psvid_46503_sp|P02671|FIBA_HUMAN	0.1812670011791142	-0.39952663889961215	0.7620606412578406	0.2547974416030933	0.7114160960119843	0.49572524133303886	1.0	0.31990703520928754	-10.282786686289718
sp|P27169|PON1_HUMAN	psvid_99075_sp|P27169|PON1_HUMAN	-0.17150980449900244	-0.7211085856718197	0.3780889766738148	0.24111208127559777	-0.7113281242135768	0.4957770530486883	1.0	0.2880026017815913	-10.370365654561525
sp|Q58FF3|ENPLL_HUMAN	psvid_72761_sp|Q58FF3|ENPLL_HUMAN	0.14749022469513617	-0.32553697441277957	0.620517423803052	0.2075196968841406	0.7107287978426491	0.4961301222284904	1.0	0.19969163956536606	-11.80588994510737
sp|Q7Z3Y8|K1C27_HUMAN	psvid_30186_sp|Q7Z3Y8|K1C27_HUMAN	0.32974620711430225	-0.727936480719495	1.3874288949480995	0.46401135324313264	0.7106425409843837	0.49618095006832863	1.0	0.729458528413007	-15.603150407132109
sp|Q9NVH1|DJC11_HUMAN	psvid_42928_sp|Q9NVH1|DJC11_HUMAN	-0.32934485743614283	-1.3861968253946577	0.727507110522372	0.4636469117542724	-0.7103354925626936	0.4963619085247335	1.0	0.7287959857009314	-14.160500930349176
sp|Q969Q0|RL36L_HUMAN	psvid_91789_sp|Q969Q0|RL36L_HUMAN	0.257797251698213	-0.569844368892529	1.085438872288955	0.36309104118663255	0.7100071950431367	0.4965554361480322	1.0	0.5418166988610132	-12.048836421349142
sp|P00167|CYB5_HUMAN	psvid_88729_sp|P00167|CYB5_HUMAN	0.1381352424596276	-0.3057353147715262	0.5820057996907815	0.19472851384892426	0.7093734745328397	0.4969291416833329	1.0	0.1586591520089457	-6.616414085324336
sp|P0C7V7|SC11B_HUMAN	psvid_93377_sp|P0C7V7|SC11B_HUMAN	0.3295992866837314	-0.7306118250728761	1.389810398440339	0.4651205870610731	0.7086319028928578	0.4973666721648431	1.0	0.7314745795346687	-14.282699484888818
sp|P59190|RAB15_HUMAN	psvid_85856_sp|P59190|RAB15_HUMAN	0.22129189221179724	-0.4920985241371163	0.9346823085607108	0.31296839429100815	0.707074248545471	0.4982864848435229	1.0	0.44353843591089837	-12.12860578147397
sp|P04406|G3P_HUMAN	psvid_31422_sp|P04406|G3P_HUMAN	-0.13211939632766834	-0.5580689615571719	0.2938301689018352	0.18686647370607587	-0.7070256836733605	0.4983151801520661	1.0	0.12883713157373627	-10.095156791975711
sp|P20674|COX5A_HUMAN	psvid_88221_sp|P20674|COX5A_HUMAN	0.166195662155328	-0.36966830411108675	0.7020596284217427	0.2350865406058187	0.7069552417890079	0.49835680368046675	1.0	0.27339617194787863	-10.200696222581284
sp|P08758|ANXA5_HUMAN	psvid_79079_sp|P08758|ANXA5_HUMAN	0.3118378029202393	-0.6952063099789665	1.3188819158194451	0.44179592516438937	0.7058412836293284	0.49901532308983193	1.0	0.6889140665060313	-11.454441946945497
sp|P62854|RS26_HUMAN	psvid_5377_sp|P62854|RS26_HUMAN	0.17708861487891658	-0.3950148959068379	0.7491921256646711	0.25098503292942187	0.7055744034295253	0.4991731712313138	1.0	0.3111751363907902	-10.424718241609362
sp|O95154|ARK73_HUMAN	psvid_97357_sp|O95154|ARK73_HUMAN	-0.2199282375971383	-0.931182987582951	0.4913265123886744	0.31203146542697635	-0.7048271150994141	0.49961532698097616	1.0	0.44164790747769245	-12.627067767854879
sp|Q9BY50|SC11C_HUMAN	psvid_81600_sp|Q9BY50|SC11C_HUMAN	-0.20731016715276107	-0.8801067825262684	0.46548644822074625	0.29515966513192743	-0.7023661822495283	0.501073149939252	1.0	0.40715652628001453	-12.137308165775952
sp|Q96HR9|REEP6_HUMAN	psvid_415045_sp|Q96HR9|REEP6_HUMAN	0.15288236907947628	-0.34353178810367696	0.6492965262626296	0.21777968713410542	0.7020047236330799	0.5012874974608149	1.0	0.22879453935184382	-10.576794815896642
sp|Q53FV1|ORML2_HUMAN	psvid_91450_sp|Q53FV1|ORML2_HUMAN	0.331614562263415	-0.747670435300301	1.410899559827131	0.47348840821080546	0.7003646900596864	0.5022607703960109	1.0	0.7466595737066187	-13.872083956575201
sp|Q8NB16|MLKL_HUMAN	psvid_43635_sp|Q8NB16|MLKL_HUMAN	0.40842995379161096	-0.9217888341139089	1.7386487416971308	0.5835744755826726	0.6998763155016542	0.5025508231344974	1.0	0.9434279759521605	-15.099980253577247
sp|P31512|FMO4_HUMAN	psvid_66625_sp|P31512|FMO4_HUMAN	-0.1697958249867786	-0.723792796643808	0.38420114667025085	0.24304159221671007	-0.6986286727227278	0.5032922918027144	1.0	0.2926007431935336	-12.885945984681456
sp|Q709F0|ACD11_HUMAN	psvid_419470_sp|Q709F0|ACD11_HUMAN	-0.15002789316075527	-0.6399698411626202	0.33991405484110976	0.21494029250731725	-0.6979979947484618	0.5036673609382488	1.0	0.2209879462380209	-13.011420314507872
sp|P57721|PCBP3_HUMAN	psvid_50545_sp|P57721|PCBP3_HUMAN	-0.17467219150941293	-0.7453905333960025	0.3960461503771766	0.2503773515304872	-0.6976357503651602	0.5038828694126571	1.0	0.30977295637657315	-13.566255160942667
sp|Q6XQN6|PNCB_HUMAN	psvid_74588_sp|Q6XQN6|PNCB_HUMAN	-0.3151636041492196	-1.3458230846202717	0.7154958763218324	0.4521561199471825	-0.6970238602233996	0.5042470292667054	1.0	0.707863071276509	-14.67908589678579
sp|P30040|ERP29_HUMAN	psvid_46244_sp|P30040|ERP29_HUMAN	-0.1462405650680214	-0.6248006328571567	0.3323195027211139	0.20994699754209808	-0.6965594496710894	0.5045235278113044	1.0	0.20681539048830033	-8.892663280780738
sp|P04350|TBB4A_HUMAN	psvid_40983_sp|P04350|TBB4A_HUMAN	0.14624056506802097	-0.3323195027211143	0.6248006328571563	0.20994699754209808	0.6965594496710873	0.5045235278113056	1.0	0.20681539048830033	-8.892663280780738
sp|P25705|ATPA_HUMAN	psvid_64446_sp|P25705|ATPA_HUMAN	0.14624056506802097	-0.3323195027211143	0.6248006328571563	0.20994699754209808	0.6965594496710873	0.5045235278113056	1.0	0.20681539048830033	-8.892663280780738
sp|Q13885|TBB2A_HUMAN	psvid_40984_sp|Q13885|TBB2A_HUMAN	0.14624056506802097	-0.3323195027211143	0.6248006328571563	0.20994699754209808	0.6965594496710873	0.5045235278113056	1.0	0.20681539048830033	-8.892663280780738
sp|Q9BVA1|TBB2B_HUMAN	psvid_22585_sp|Q9BVA1|TBB2B_HUMAN	0.14624056506802097	-0.3323195027211143	0.6248006328571563	0.20994699754209808	0.6965594496710873	0.5045235278113056	1.0	0.20681539048830033	-8.892663280780738
sp|Q9Y2Q3|GSTK1_HUMAN	psvid_39406_sp|Q9Y2Q3|GSTK1_HUMAN	-0.15162439664812544	-0.649044364276178	0.3457955709799271	0.2182209418421688	-0.6948205583210698	0.505559660213489	1.0	0.22999292419050776	-11.396803987637782
sp|P08240|SRPRA_HUMAN	psvid_27191_sp|P08240|SRPRA_HUMAN	-0.20296638408218337	-0.8689962269476317	0.46306345878326494	0.292191043914364	-0.6946358839857844	0.5056697777096141	1.0	0.40099067291073665	-11.98626607795692
sp|O43169|CYB5B_HUMAN	psvid_89786_sp|O43169|CYB5B_HUMAN	0.2206320987663375	-0.5040243606153724	0.9452885581480474	0.31791087083286174	0.6940061476612182	0.5060453887690249	1.0	0.4534724446953703	-10.856468046073012
sp|Q9C0E8|LNP_HUMAN	psvid_78220_sp|Q9C0E8|LNP_HUMAN	-0.18419322592311982	-0.7916679738041721	0.42328152195793245	0.2665025938947876	-0.6911498429761527	0.5077512320451173	1.0	0.3460902950066498	-12.25739507667059
sp|P47895|AL1A3_HUMAN	psvid_38018_sp|P47895|AL1A3_HUMAN	-0.23572194034294425	-1.0134708124074494	0.5420269317215609	0.3412028113545902	-0.6908557974863038	0.5079270445191804	1.0	0.4995100228137646	-14.897282713700733
sp|P53582|MAP11_HUMAN	psvid_71806_sp|P53582|MAP11_HUMAN	-0.5023926681242394	-2.160550697773168	1.1557653615246892	0.7274432682680619	-0.6906279706462393	0.5080632902375594	1.0	1.195440679208012	-14.041401559682994
sp|P78329|CP4F2_HUMAN	psvid_30111_sp|P78329|CP4F2_HUMAN	0.2499998196632558	-0.5755532571760653	1.075552896502577	0.3621747852777937	0.6902739501081006	0.508275047703594	1.0	0.5400613352954272	-9.590783112472884
sp|P00441|SODC_HUMAN	psvid_25483_sp|P00441|SODC_HUMAN	0.24999981966325535	-0.5755532571760658	1.0755528965025765	0.3621747852777937	0.6902739501080993	0.5082750477035946	1.0	0.5400613352954272	-9.590783112472886
sp|P12074|CX6A1_HUMAN	psvid_84835_sp|P12074|CX6A1_HUMAN	0.24999981966325535	-0.5755532571760658	1.0755528965025765	0.3621747852777937	0.6902739501080993	0.5082750477035946	1.0	0.5400613352954272	-9.590783112472886
sp|P62424|RL7A_HUMAN	psvid_77737_sp|P62424|RL7A_HUMAN	0.24999981966325535	-0.5755532571760658	1.0755528965025765	0.3621747852777937	0.6902739501080993	0.5082750477035946	1.0	0.5400613352954272	-9.590783112472886
sp|Q02338|BDH_HUMAN	psvid_25318_sp|Q02338|BDH_HUMAN	-0.24999981966325535	-1.0755528965025765	0.5755532571760658	0.3621747852777937	-0.6902739501080993	0.5082750477035946	1.0	0.5400613352954272	-9.34078329280963
sp|P02656|APOC3_HUMAN	psvid_89229_sp|P02656|APOC3_HUMAN	0.2499998196632549	-0.5755532571760662	1.075552896502576	0.3621747852777937	0.6902739501080981	0.5082750477035953	1.0	0.5400613352954272	-9.34078329280963
sp|P05062|ALDOB_HUMAN	psvid_52184_sp|P05062|ALDOB_HUMAN	0.2499998196632549	-0.5755532571760662	1.075552896502576	0.3621747852777937	0.6902739501080981	0.5082750477035953	1.0	0.5400613352954272	-9.590783112472886
sp|P30086|PEBP1_HUMAN	psvid_81261_sp|P30086|PEBP1_HUMAN	0.2499998196632549	-0.5755532571760662	1.075552896502576	0.3621747852777937	0.6902739501080981	0.5082750477035953	1.0	0.5400613352954272	-9.590783112472886
sp|P00326|ADH1G_HUMAN	psvid_59638_sp|P00326|ADH1G_HUMAN	0.24999981966325446	-0.5755532571760666	1.0755528965025756	0.3621747852777937	0.6902739501080969	0.5082750477035962	1.0	0.5400613352954272	-9.34078329280963
sp|P55157|MTP_HUMAN	psvid_65098_sp|P55157|MTP_HUMAN	-0.24999981966325446	-1.0755528965025756	0.5755532571760666	0.3621747852777937	-0.6902739501080969	0.5082750477035962	1.0	0.5400613352954272	-9.34078329280963
sp|P62316|SMD2_HUMAN	psvid_55812_sp|P62316|SMD2_HUMAN	-0.23401314613054014	-1.007814846202367	0.5397885539412869	0.33947116476637096	-0.6893461666813187	0.5088302612912806	1.0	0.4961268137770045	-12.133435083281213
sp|Q03135|CAV1_HUMAN	psvid_100481_sp|Q03135|CAV1_HUMAN	0.41358736284776265	-0.9576200118073288	1.7847947375028541	0.6015563994847691	0.6875288222384447	0.5099189039007366	1.0	0.9751710964660629	-14.343364110530676
sp|Q13438|OS9_HUMAN	psvid_24520_sp|Q13438|OS9_HUMAN	-0.166045478430477	-0.7178583582111744	0.38576740135022036	0.24208341880723527	-0.6859019062461882	0.5108946963036709	1.0	0.2903218800233867	-12.10636730280962
sp|Q9BZF1|OSBL8_HUMAN	psvid_26337_sp|Q9BZF1|OSBL8_HUMAN	-0.3146927921900389	-1.3633721679885689	0.7339865836084911	0.46006154953620926	-0.6840232410365146	0.5120229177316418	1.0	0.7222735302566655	-15.531591517411355
sp|P17066|HSP76_HUMAN	psvid_39366_sp|P17066|HSP76_HUMAN	-0.1482017680717287	-0.6424788491789701	0.3460753130355127	0.21684213982112227	-0.6834546467489369	0.5123646866208497	1.0	0.22623538696871656	-11.825819064511682
sp|P00558|PGK1_HUMAN	psvid_51790_sp|P00558|PGK1_HUMAN	0.15131199603525536	-0.35463307912497555	0.6572570711954863	0.22196095453978698	0.6817054663915331	0.5134169603346931	1.0	0.2400031168057711	-11.15198948157762
sp|P07858|CATB_HUMAN	psvid_79845_sp|P07858|CATB_HUMAN	-0.15508981939861188	-0.6741501591037395	0.3639705203065158	0.22771469497595032	-0.6810707557322615	0.5137991191372993	1.0	0.25494219504724225	-11.584966768337909
sp|Q14032|BAAT_HUMAN	psvid_58179_sp|Q14032|BAAT_HUMAN	-0.22915000618390335	-0.9985991227460602	0.5402991103782535	0.3375616618619014	-0.6788389561775829	0.515144273350522	1.0	0.4923893442769347	-13.923463605395185
sp|P36269|GGT5_HUMAN	psvid_58832_sp|P36269|GGT5_HUMAN	0.18904289258040663	-0.44733675360699443	0.8254225387678077	0.27918333560755315	0.677128139360522	0.5161768834797463	1.0	0.3735687313480205	-11.729123949900174
sp|Q9H845|ACAD9_HUMAN	psvid_62073_sp|Q9H845|ACAD9_HUMAN	0.42885349776174664	-1.0275807204438119	1.8852877159673052	0.6389458958463728	0.6711890639717945	0.5197714127648031	1.0	1.040917053353808	-13.97202316547082
sp|Q01740|FMO1_HUMAN	psvid_74005_sp|Q01740|FMO1_HUMAN	-0.4183081016640351	-1.839399497033471	1.0027832937054009	0.6234408003765692	-0.6709668366449062	0.5199062082762513	1.0	1.0136919811401164	-15.586610994155501
sp|Q9H9S3|S61A2_HUMAN	psvid_28157_sp|Q9H9S3|S61A2_HUMAN	-0.20554709647488512	-0.9071287685492031	0.49603457559943287	0.3077878316572571	-0.6678207366682902	0.5218168117337995	1.0	0.4330543272863281	-13.32097825421088
sp|Q8TEB9|RHBL4_HUMAN	psvid_59023_sp|Q8TEB9|RHBL4_HUMAN	0.2948287546046737	-0.711679177975477	1.3013366871848244	0.4415606998380331	0.667697000011139	0.521892043336796	1.0	0.6884829522426053	-13.64971912921212
sp|Q96S66|CLCC1_HUMAN	psvid_91752_sp|Q96S66|CLCC1_HUMAN	0.18192487890980713	-0.4397406517971456	0.8035904096167599	0.27272817025938834	0.6670556940882956	0.522282061562009	1.0	0.359683445057152	-12.13322817468617
sp|Q9UI10|EI2BD_HUMAN	psvid_46153_sp|Q9UI10|EI2BD_HUMAN	-0.300992128354026	-1.3345872724999432	0.7326030157918912	0.4534440121383942	-0.6637911633998183	0.5242701713637204	1.0	0.7102135032397773	-14.522389134561887
sp|P34913|HYES_HUMAN	psvid_36588_sp|P34913|HYES_HUMAN	-0.17569623903659437	-0.7803822820884375	0.4289898040152488	0.2652791733770072	-0.6623069455471345	0.5251755802138504	1.0	0.34339369583929286	-12.508111764179379
sp|Q16762|THTR_HUMAN	psvid_78155_sp|Q16762|THTR_HUMAN	-0.18679631516858963	-0.8310336513007341	0.4574410209635549	0.28263054844989693	-0.6609204708871156	0.5260222179300637	1.0	0.38090454156453313	-12.309467396033694
sp|Q92901|RL3L_HUMAN	psvid_50397_sp|Q92901|RL3L_HUMAN	-0.2974469987569601	-1.3238115362027914	0.7289175386888711	0.4502719042479387	-0.6605941786524909	0.52622158512517	1.0	0.7044223293301642	-14.120565267824436
sp|Q9Y6B6|SAR1B_HUMAN	psvid_30645_sp|Q9Y6B6|SAR1B_HUMAN	-0.14053049000737516	-0.6265945554917011	0.34553357547695074	0.2132390436021598	-0.6590279511362045	0.5271791983281364	1.0	0.2162265936063466	-10.400665480506749
sp|Q6IQ22|RAB12_HUMAN	psvid_882831_sp|Q6IQ22|RAB12_HUMAN	-0.16559169976561083	-0.7399576462356109	0.4087742467043892	0.2519775762087511	-0.6571683967164849	0.5283175203686461	1.0	0.3134591082220415	-12.948691037273903
sp|Q9UDW1|QCR9_HUMAN	psvid_107074_sp|Q9UDW1|QCR9_HUMAN	0.30068177954951736	-0.7455003536718785	1.3468639127709132	0.4589659951502662	0.6551286647087519	0.5295678394595332	1.0	0.7202789007326743	-11.107279917156436
sp|Q8WUM4|PDC6I_HUMAN	psvid_52098_sp|Q8WUM4|PDC6I_HUMAN	-0.6281412407854021	-2.820044402999958	1.5637619214291538	0.9616002645936266	-0.6532249042702327	0.5307364146188397	1.0	1.5997940583989863	-14.579670474500869
sp|P40939|ECHA_HUMAN	psvid_56092_sp|P40939|ECHA_HUMAN	0.24999981966325535	-0.6235839890765299	1.1235836284030407	0.38324613792708145	0.6523218238165827	0.5312912887349865	1.0	0.5801325205181562	-8.798302343010333
sp|O75251|NDUS7_HUMAN	psvid_74582_sp|O75251|NDUS7_HUMAN	-0.3441697008613134	-1.5481136124343924	0.8597742107117656	0.5281769760096888	-0.651618144095323	0.531723887430789	1.0	0.8450145717278973	-12.481200868746335
sp|O75923|DYSF_HUMAN	psvid_35945_sp|O75923|DYSF_HUMAN	-0.5112786162570453	-2.301880610513742	1.2793233779996513	0.7855471816188617	-0.6508566617264139	0.5321922590708484	1.0	1.2962674328488366	-15.351835927796124
sp|Q9BQA9|CYBC1_HUMAN	psvid_85946_sp|Q9BQA9|CYBC1_HUMAN	-0.4231198476060256	-1.9053777993689947	1.0591381041569434	0.6502749132271007	-0.6506784115447739	0.5323019326648528	1.0	1.0607771520824154	-13.18220847344243
sp|Q16851|UGPA_HUMAN	psvid_24468_sp|Q16851|UGPA_HUMAN	0.13614578311018555	-0.34151365124158095	0.613805217461952	0.2095518845797167	0.6496996358837023	0.5329043939675601	1.0	0.205667030582677	-10.91676590404398
sp|P61158|ARP3_HUMAN	psvid_418_sp|P61158|ARP3_HUMAN	-0.25657176043395635	-1.1570081465179956	0.6438646256500828	0.39502651487273405	-0.6495051617398803	0.5330241463261398	1.0	0.6022914668721745	-13.006430533867585
sp|Q8N490|PNKD_HUMAN	psvid_34791_sp|Q8N490|PNKD_HUMAN	-0.30123522541426606	-1.3599491790936462	0.7574787282651141	0.46446377537887007	-0.6485655962481551	0.5336029342170175	1.0	0.7302809039073229	-12.568530586378937
sp|Q00325|S25A3_HUMAN	psvid_69811_sp|Q00325|S25A3_HUMAN	-0.18052699017612817	-0.8150815827836191	0.45402760243136275	0.278382674321237	-0.648485005815451	0.5336525967478551	1.0	0.371857250772243	-10.593446044850001
sp|P38646|HSPA9_HUMAN	psvid_31483_sp|P38646|HSPA9_HUMAN	-0.11929633403594497	-0.5387318285820264	0.3001391605101364	0.18400871420248918	-0.6483189372470013	0.5337549424883077	1.0	0.1164908028809121	-11.35027914137214
sp|P28332|ADH6_HUMAN	psvid_418778_sp|P28332|ADH6_HUMAN	-0.1330336343792995	-0.6008207001783283	0.3347534314197293	0.2052208208830491	-0.648246283232209	0.5337997218319389	1.0	0.19278267781207784	-11.70617557531976
sp|P13807|GYS1_HUMAN	psvid_59925_sp|P13807|GYS1_HUMAN	-0.2734519741650585	-1.2355657973370588	0.6886618490069419	0.42208475396178136	-0.6478603446307346	0.5340376276322917	1.0	0.6526405883568799	-14.104297988987412
sp|P21589|5NTD_HUMAN	psvid_58869_sp|P21589|5NTD_HUMAN	-0.3355506193441724	-1.5183033284470167	0.8472020897586718	0.5188802761126702	-0.6466821630955781	0.534764290867815	1.0	0.8283908040304465	-12.835488952274225
sp|O00767|SCD_HUMAN	psvid_48347_sp|O00767|SCD_HUMAN	-0.3143990565186505	-1.423611736792795	0.7948136237554939	0.48661785120314377	-0.646090265166621	0.535129576430179	1.0	0.7704056969051613	-13.538873631327649
sp|O94788|AL1A2_HUMAN	psvid_93336_sp|O94788|AL1A2_HUMAN	-0.23457822033301	-1.0626526688097273	0.5934962281437073	0.36328092521839644	-0.6457212698189061	0.5353573745504427	1.0	0.542180321413299	-14.664446288212638
sp|P61088|UBE2N_HUMAN	psvid_86334_sp|P61088|UBE2N_HUMAN	0.25093144910732557	-0.6349174005311058	1.136780298745757	0.38862688046019306	0.6456873204709482	0.535378335977921	1.0	0.5902735694654749	-12.926852905437965
sp|Q9NRV9|HEBP1_HUMAN	psvid_77890_sp|Q9NRV9|HEBP1_HUMAN	-0.1503574985961138	-0.6835668340312582	0.38285183683903057	0.23392193910619363	-0.6427678360166805	0.5371827492670316	1.0	0.2705263671024719	-11.222002374604546
sp|P26232|CTNA2_HUMAN	psvid_27831_sp|P26232|CTNA2_HUMAN	0.16797262420505765	-0.42784135095098363	0.7637865993610989	0.2613869472133859	0.6426205516220038	0.5372738754343142	1.0	0.33475516691082896	-14.907636153646855
sp|P00533|EGFR_HUMAN	psvid_29207_sp|P00533|EGFR_HUMAN	0.21122240607757936	-0.5387360953045743	0.9611809074597331	0.32901101918877906	0.6419918901147342	0.5376629372131596	1.0	0.47556166321026055	-13.133151580590368
sp|Q9UBI6|GBG12_HUMAN	psvid_47105_sp|Q9UBI6|GBG12_HUMAN	-0.22804365716052377	-1.0389418654292881	0.5828545511082407	0.3557456118827454	-0.6410301337341232	0.5382584662780744	1.0	0.5277079672579426	-11.320212268207738
sp|P84098|RL19_HUMAN	psvid_46147_sp|P84098|RL19_HUMAN	0.18969853504038037	-0.4849842047421279	0.8643812748228886	0.29598711853498716	0.6409013202307892	0.5383382585980299	1.0	0.40886956119431306	-11.123820135914002
sp|P15153|RAC2_HUMAN	psvid_79268_sp|P15153|RAC2_HUMAN	-0.1787386945143612	-0.8151535208482176	0.4576761318194952	0.2791987693359783	-0.6401843924292987	0.5387824810586106	1.0	0.3736016933858033	-12.37474273685883
sp|O75907|DGAT1_HUMAN	psvid_75224_sp|O75907|DGAT1_HUMAN	-0.5142752504133137	-2.3471954204971426	1.3186449196705152	0.8041124037390653	-0.6395564202491721	0.5391717634378863	1.0	1.3284011663346216	-13.807687765459637
sp|Q9UNF0|PACN2_HUMAN	psvid_48989_sp|Q9UNF0|PACN2_HUMAN	0.22348236192499904	-0.5746438769781115	1.0216086008281096	0.3501424769755508	0.638261212565204	0.5399751939737186	1.0	0.5168873952496705	-13.905517320114727
sp|Q9Y3A5|SBDS_HUMAN	psvid_58342_sp|Q9Y3A5|SBDS_HUMAN	-0.49945268502194384	-2.283557270969117	1.2846519009252293	0.7826967319925661	-0.6381177595445583	0.5400642229280616	1.0	1.2913304505045775	-13.213458315164464
sp|P20851|C4BPB_HUMAN	psvid_51310_sp|P20851|C4BPB_HUMAN	0.25183462081658314	-0.648665184524679	1.1523344261578452	0.3950543372581283	0.6374683102188916	0.540467388967031	1.0	0.6023436153663132	-12.91228334319895
sp|P39023|RL3_HUMAN	psvid_60920_sp|P39023|RL3_HUMAN	0.2499998196632549	-0.6443895752408298	1.1443892145673398	0.39237366577844984	0.6371472947025323	0.5406667351538685	1.0	0.5973152356392789	-8.652061777942313
sp|Q9Y3L5|RAP2C_HUMAN	psvid_12792_sp|Q9Y3L5|RAP2C_HUMAN	-0.2502412052733791	-1.145630235238626	0.6451478246918679	0.39281221131088095	-0.6370504736558006	0.5407268682162427	1.0	0.5981383985877177	-12.758510737794365
sp|Q9HCN8|SDF2L_HUMAN	psvid_102189_sp|Q9HCN8|SDF2L_HUMAN	-0.1513887398453706	-0.6933641068576661	0.39058662716692494	0.23776764653950386	-0.6367087450656082	0.5409391386644438	1.0	0.27994374857388	-10.150813551564323
sp|P02647|APOA1_HUMAN	psvid_54328_sp|P02647|APOA1_HUMAN	0.13681741874238362	-0.35303442691738546	0.6266692644021528	0.2149007641022793	0.6366539426414841	0.5409731846925477	1.0	0.22087805628737542	-10.94793343935612
sp|Q15125|EBP_HUMAN	psvid_108796_sp|Q15125|EBP_HUMAN	0.16267807738694717	-0.41985433405711015	0.7452104888310045	0.25556025039583247	0.6365546955560505	0.5410348452082627	1.0	0.32164120818880804	-12.853137736039068
sp|P08133|ANXA6_HUMAN	psvid_50160_sp|P08133|ANXA6_HUMAN	0.25080310141752804	-0.6491010740987464	1.1507072769338025	0.39479303109863106	0.635277428073116	0.5418287602337829	1.0	0.601853806649732	-9.379586637953086
sp|Q9ULC4|MCTS1_HUMAN	psvid_72221_sp|Q9ULC4|MCTS1_HUMAN	0.32991531604735336	-0.8570177064636686	1.5168483385583753	0.5207142031531908	0.6335823260620651	0.5428834511475537	1.0	0.8316729103234859	-13.90642826996627
sp|Q96N66|MBOA7_HUMAN	psvid_36995_sp|Q96N66|MBOA7_HUMAN	0.4112854612549479	-1.0707920251706426	1.8933629476805385	0.6501957420670036	0.6325563744041934	0.543522384719776	1.0	1.060638453128189	-15.354372783698253
sp|P13010|XRCC5_HUMAN	psvid_48170_sp|P13010|XRCC5_HUMAN	0.13608803849222406	-0.3544163939583984	0.6265924709428465	0.21518705760354917	0.6324173953944129	0.5436089709430626	1.0	0.22167318320109164	-11.856496868690632
sp|Q03154|ACY1_HUMAN	psvid_33222_sp|Q03154|ACY1_HUMAN	0.15853468780758195	-0.4131057923516468	0.7301751679668107	0.25078189878524176	0.6321616056641467	0.5437683534020635	1.0	0.31070674549925853	-11.722053121797078
sp|A3KMH1|VWA8_HUMAN	psvid_23430_sp|A3KMH1|VWA8_HUMAN	-0.5676927614350604	-2.6157550270015473	1.4803695041314264	0.8984964529560628	-0.6318252671642111	0.5439779676118346	1.0	1.4912729866738723	-15.777469055172697
sp|P28845|DHI1_HUMAN	psvid_59047_sp|P28845|DHI1_HUMAN	-0.3068066822128439	-1.4155634462907474	0.8019500818650596	0.4864178381996063	-0.6307471850712489	0.5446501744957214	1.0	0.7700446441371933	-9.236544219363413
sp|P02743|SAMP_HUMAN	psvid_107946_sp|P02743|SAMP_HUMAN	0.27857258996077316	-0.7289208016536213	1.2860659815751676	0.44199302626759923	0.6302646725292784	0.5449511893179944	1.0	0.689275276797661	-11.44009287627545
sp|Q6P2E9|EDC4_HUMAN	psvid_27065_sp|Q6P2E9|EDC4_HUMAN	0.41201209836125674	-1.0791731976524983	1.9031973943750118	0.6541913894390339	0.6298036094827772	0.5452389141908195	1.0	1.06763682858199	-15.946055266010033
sp|Q16695|H31T_HUMAN	psvid_65782_sp|Q16695|H31T_HUMAN	-0.31742923942843326	-1.466816964944526	0.8319584860876594	0.5042428698630406	-0.6295165651319006	0.5454180883175686	1.0	0.8021429610233319	-12.877663306222814
sp|Q96HY6|DDRGK_HUMAN	psvid_31516_sp|Q96HY6|DDRGK_HUMAN	0.1361974148272509	-0.35792654549732	0.6303213751518217	0.21677496487121165	0.6282894102101101	0.5461844724710471	1.0	0.2260513388871837	-11.520337206626436
sp|P50053|KHK_HUMAN	psvid_73292_sp|P50053|KHK_HUMAN	-0.21219024028937872	-0.982850539462424	0.5584700588836665	0.3380930144960774	-0.6276090637531956	0.5466096351369863	1.0	0.49343008280564854	-12.863073210385531
sp|Q14254|FLOT2_HUMAN	psvid_51775_sp|Q14254|FLOT2_HUMAN	-0.14632825186250686	-0.6787405383694167	0.386084034644403	0.2335722692514771	-0.6264795574039725	0.5473159151961089	1.0	0.26966155663594776	-12.353819425807792
sp|O00148|DX39A_HUMAN	psvid_89112_sp|O00148|DX39A_HUMAN	0.5448483392278844	-1.444235257619457	2.533931936075226	0.8726221787529954	0.6243805767193424	0.548629824755761	1.0	1.4466971158548492	-14.59802297883681
sp|Q8WXF0|SRS12_HUMAN	psvid_47227_sp|Q8WXF0|SRS12_HUMAN	-0.27186134628951475	-1.2649518351162201	0.7212291425371905	0.43567439168085714	-0.6240012070497369	0.5488674971809739	1.0	0.6776813686328217	-14.986134426935262
sp|Q9H1X3|DJC25_HUMAN	psvid_27860_sp|Q9H1X3|DJC25_HUMAN	-0.23246098482907396	-1.0838721066892885	0.6189501370311404	0.37351885529083334	-0.6223540834319399	0.5499001052697946	1.0	0.5617087630397457	-13.568328569900485
sp|P30533|AMRP_HUMAN	psvid_44289_sp|P30533|AMRP_HUMAN	-0.1375915583675673	-0.6423797007288141	0.3671965839936795	0.22145340160369095	-0.6213115597736389	0.5505542648223328	1.0	0.23865944559216815	-11.330156602476315
sp|P15311|EZRI_HUMAN	psvid_30602_sp|P15311|EZRI_HUMAN	-0.159744421682817	-0.7487106726221124	0.42922182925647845	0.2583828120252081	-0.618247090163382	0.5524797697608583	1.0	0.3280223924691276	-12.081048817663135
sp|P02533|K1C14_HUMAN	psvid_22939_sp|P02533|K1C14_HUMAN	0.41400447145134756	-1.1129639531023021	1.9409728960049972	0.6698896495013925	0.6180189106661022	0.5526232985616517	1.0	1.0951026916013131	-15.249614945930269
sp|Q96FJ2|DYL2_HUMAN	psvid_21668_sp|Q96FJ2|DYL2_HUMAN	0.38114343385095184	-1.0252718676513968	1.7875587353533005	0.6170023153243674	0.6177342035589914	0.5528024145378069	1.0	1.0023709013545656	-12.075914446981834
sp|O14949|QCR8_HUMAN	psvid_108947_sp|O14949|QCR8_HUMAN	0.14079031471468717	-0.3793520223443836	0.6609326517737579	0.22818937331018385	0.6169889187754032	0.5532714502853237	1.0	0.2561522444493635	-10.793100102567838
sp|Q96RT6|CTGE2_HUMAN	psvid_37981_sp|Q96RT6|CTGE2_HUMAN	0.2337389786688595	-0.6299014873957968	1.097379444733516	0.37888393748311255	0.6169144572914961	0.5533183243737173	1.0	0.5718853135101096	-13.898769683091036
sp|Q9BY44|EIF2A_HUMAN	psvid_54956_sp|Q9BY44|EIF2A_HUMAN	-0.3534268968236689	-1.6605195794641177	0.9536657858167799	0.5734289229299521	-0.6163395020568961	0.5536803407147992	1.0	0.925478400622787	-14.96442517298648
sp|O75828|CBR3_HUMAN	psvid_56400_sp|O75828|CBR3_HUMAN	0.1727674792985434	-0.466525743053156	0.8120607016502428	0.28046153788345674	0.6160113097944124	0.5538870460757307	1.0	0.3762949530776394	-12.958284383505053
sp|P62333|PRS10_HUMAN	psvid_47569_sp|P62333|PRS10_HUMAN	0.44826255391246006	-1.211676698569866	2.108201806394786	0.7282247007589775	0.6155552722192305	0.5541743464537475	1.0	1.196799556933574	-13.49478675817204
sp|Q14573|ITPR3_HUMAN	psvid_42447_sp|Q14573|ITPR3_HUMAN	0.2466989632162786	-0.6673339045681873	1.1607318310007444	0.40099136798579915	0.6152226279968582	0.5543839643192277	1.0	0.6134526894079563	-16.376679130283662
sp|P83111|LACTB_HUMAN	psvid_81051_sp|P83111|LACTB_HUMAN	-0.2653057794136795	-1.24924896318947	0.7186374043621112	0.4316614174268344	-0.6146154571682289	0.5547666951618071	1.0	0.6703023196396132	-11.888195476803805
sp|Q9UKV5|AMFR_HUMAN	psvid_80339_sp|Q9UKV5|AMFR_HUMAN	-0.1484837654673825	-0.6992890320976153	0.40232150116285026	0.24164137324208546	-0.6144798942134213	0.5548521682961083	1.0	0.28926755064661075	-12.83046027139033
sp|P08779|K1C16_HUMAN	psvid_420_sp|P08779|K1C16_HUMAN	0.41113900728451025	-1.117064337672498	1.9393423522415185	0.6704314160388439	0.6132454378609987	0.5556308496299173	1.0	1.096049756643025	-15.252710333213379
sp|P15259|PGAM2_HUMAN	psvid_74735_sp|P15259|PGAM2_HUMAN	-0.20190987705024943	-0.9529502118432656	0.5491304577427667	0.3294856256002596	-0.6128032950827774	0.5559099018446811	1.0	0.47649977279529043	-13.47736393898349
sp|Q9BQE5|APOL2_HUMAN	psvid_1211782_sp|Q9BQE5|APOL2_HUMAN	0.2241659004026575	-0.6120684257307715	1.0604002265360863	0.3668607095122509	0.6110381804055572	0.5570247350410236	1.0	0.5490255610076346	-12.095197899845486
sp|P28799|GRN_HUMAN	psvid_25448_sp|P28799|GRN_HUMAN	-0.16777298369427296	-0.7953632732990517	0.45981730591050574	0.27532739536294937	-0.609358118806546	0.5580870451904457	1.0	0.36529873946267916	-13.835577304039852
sp|Q9Y3Z3|SAMH1_HUMAN	psvid_28209_sp|Q9Y3Z3|SAMH1_HUMAN	-0.27724531442828315	-1.3145834721869334	0.7600928433303671	0.4550860932952758	-0.6092150881182754	0.5581775379264003	1.0	0.7132087428580726	-13.888157866096018
sp|Q13190|STX5_HUMAN	psvid_44863_sp|Q13190|STX5_HUMAN	-0.18392259518100307	-0.8733457943519713	0.5055006039899652	0.302453841103996	-0.6081013701451488	0.5588824542777281	1.0	0.422177515294781	-12.765379436233584
sp|Q96BY9|SARAF_HUMAN	psvid_99268_sp|Q96BY9|SARAF_HUMAN	-0.13862783646657917	-0.6594527115325787	0.38219703859942034	0.22848880657866585	-0.606716094947309	0.5597599633421868	1.0	0.25691391702721594	-13.149996150352194
sp|Q9HCG7|GBA2_HUMAN	psvid_43837_sp|Q9HCG7|GBA2_HUMAN	-0.47187055308957904	-2.2450075050949883	1.3012663989158302	0.7778851691999331	-0.6066069540506925	0.5598291327391258	1.0	1.282994777084907	-14.894320382591296
sp|Q27J81|INF2_HUMAN	psvid_49094_sp|Q27J81|INF2_HUMAN	-0.4887597857851773	-2.3261338923090884	1.3486143207387336	0.8060663707450433	-0.606351788790567	0.5599908660192161	1.0	1.3317811243503384	-16.240141363751977
sp|Q9UBM7|DHCR7_HUMAN	psvid_59466_sp|Q9UBM7|DHCR7_HUMAN	-0.1638344352897496	-0.7798624315097661	0.45219356093026686	0.2702549521228642	-0.6062217694914491	0.5600732874169029	1.0	0.35430834048249255	-12.26844440219331
sp|Q07065|CKAP4_HUMAN	psvid_26991_sp|Q07065|CKAP4_HUMAN	-0.12934614794908317	-0.6159491357387072	0.3572568398405409	0.21347547185332696	-0.6059063686621257	0.5602732541552041	1.0	0.21689226680327758	-10.661020558972869
sp|P20340|RAB6A_HUMAN	psvid_73124_sp|P20340|RAB6A_HUMAN	0.1998801494769582	-0.5525129061232292	0.9522732050771456	0.33007907183845153	0.6055523252767272	0.5604977693452194	1.0	0.4776720857387225	-10.952899842457997
sp|P60660|MYL6_HUMAN	psvid_16801_sp|P60660|MYL6_HUMAN	0.1581651629776597	-0.4372824566898922	0.7536127826452116	0.2612262249968484	0.6054719926361448	0.5605487191423162	1.0	0.33439644069241026	-10.819165284708578
sp|P40261|NNMT_HUMAN	psvid_91509_sp|P40261|NNMT_HUMAN	0.15953257506004537	-0.4413142083668684	0.7603793584869591	0.2635948685524064	0.6052188190770036	0.5607093081129676	1.0	0.3396668181177884	-11.364708976527721
sp|Q9HCS2|CP4FC_HUMAN	psvid_61571_sp|Q9HCS2|CP4FC_HUMAN	0.2114102586700115	-0.5849016092763331	1.007722126616356	0.3493465022161849	0.6051592253790056	0.5607471124585991	1.0	0.5153459302195008	-10.629206205371078
sp|Q8NBN7|RDH13_HUMAN	psvid_96916_sp|Q8NBN7|RDH13_HUMAN	0.18425962058631962	-0.5099838572739389	0.8785030984465781	0.3045685245183643	0.6049857610129029	0.5608571610424256	1.0	0.426500052192662	-14.058576921922914
sp|Q2M3C7|SPKAP_HUMAN	psvid_51144_sp|Q2M3C7|SPKAP_HUMAN	0.33242059211311403	-0.9202268605803365	1.5850680448065646	0.5495434938537885	0.6049031529459937	0.5609095732765109	1.0	0.8830948423153503	-17.344811983952365
sp|P31949|S10AB_HUMAN	psvid_29613_sp|P31949|S10AB_HUMAN	-0.2910696389910572	-1.3886366686734037	0.8064973906912893	0.481508838686768	-0.6044949035305338	0.5611686359380562	1.0	0.7611765787050775	-12.58333456295624
sp|P33947|ERD22_HUMAN	psvid_27932_sp|P33947|ERD22_HUMAN	0.4009009075445147	-1.1116329655389925	1.9134347806280219	0.6635571304593763	0.6041693912127409	0.5613752452242732	1.0	1.084028803420429	-13.02875730477686
sp|P01893|HLAH_HUMAN	psvid_57350_sp|P01893|HLAH_HUMAN	0.2022498957335297	-0.5623944316965374	0.9668942231635967	0.33545377380353203	0.6029143552040737	0.5621722493902009	1.0	0.4882551359213524	-12.241307771605063
sp|O00161|SNP23_HUMAN	psvid_45131_sp|O00161|SNP23_HUMAN	0.24355131524638507	-0.6773180748713802	1.1644207053641504	0.40399058884460703	0.6028638338901153	0.5622043462275017	1.0	0.6190507530700573	-13.235486813461966
sp|P04114|APOB_HUMAN	psvid_1633337_sp|P04114|APOB_HUMAN	-0.1885514377485129	-0.901562741461722	0.5244598659646962	0.3128020754421244	-0.6027819268206847	0.5622563850620869	1.0	0.4432030144040423	-13.236465895475998
sp|O00487|PSDE_HUMAN	psvid_31060_sp|O00487|PSDE_HUMAN	-0.2737861258315859	-1.3097279195249203	0.7621556678617485	0.4544735005138866	-0.6024248400005894	0.5624832887434708	1.0	0.7120915502857504	-15.235056977304529
sp|Q9Y3D6|FIS1_HUMAN	psvid_42846_sp|Q9Y3D6|FIS1_HUMAN	-0.1428813639664055	-0.6836490791138705	0.3978863511810595	0.23723784286351265	-0.6022705409971536	0.5625813511427875	1.0	0.27865625805528227	-11.37481285592207
sp|P47755|CAZA2_HUMAN	psvid_63439_sp|P47755|CAZA2_HUMAN	-0.3153420994705556	-1.5127833316731292	0.882099132732018	0.5253242139392478	-0.6002809143441159	0.563846702438524	1.0	0.8399171607166902	-13.999200173429044
sp|Q9Y536|PAL4A_HUMAN	psvid_85421_sp|Q9Y536|PAL4A_HUMAN	-0.2212905565189609	-1.0616458783944127	0.6190647653564908	0.36866861355848374	-0.6002424626902948	0.5638711726705388	1.0	0.5524755824621579	-12.492314654215656
sp|P62269|RS18_HUMAN	psvid_105195_sp|P62269|RS18_HUMAN	0.15127932667145316	-0.423919514117161	0.7264781674600673	0.2523429716381499	0.5994988712758044	0.5643445054988139	1.0	0.31429800690042914	-10.2151482659788
sp|P50897|PPT1_HUMAN	psvid_59525_sp|P50897|PPT1_HUMAN	0.2406361066702538	-0.6761020752404129	1.1573742885809204	0.40217820453241704	0.598332042757075	0.565087705626526	1.0	0.6156690205500465	-13.770517132054309
sp|Q9H9B4|SFXN1_HUMAN	psvid_43805_sp|Q9H9B4|SFXN1_HUMAN	-0.12813724737251464	-0.6163298395230727	0.36005534477804346	0.21417284024095637	-0.5982889671181141	0.5651151528901274	1.0	0.21884819321547982	-10.595460855562528
sp|Q9UNW1|MINP1_HUMAN	psvid_43393_sp|Q9UNW1|MINP1_HUMAN	-0.1375262954401637	-0.6620493364971788	0.3869967456168514	0.23011121283126637	-0.597651430141336	0.5655214721954432	1.0	0.26101927766658667	-13.793316483976056
sp|Q5XXA6|ANO1_HUMAN	psvid_30046_sp|Q5XXA6|ANO1_HUMAN	-0.41962345970819337	-2.0206758833231273	1.1814289639067403	0.7023907172162223	-0.5974217047902948	0.5656679229718174	1.0	1.1518286773065542	-16.647316471509406
sp|O00303|EIF3F_HUMAN	psvid_93468_sp|O00303|EIF3F_HUMAN	0.15512942985259492	-0.4395732940103506	0.7498321537155405	0.2608994350112541	0.5945947328168928	0.5674718910380797	1.0	0.33366655013856855	-11.801956473184962
sp|P46779|RL28_HUMAN	psvid_43422_sp|P46779|RL28_HUMAN	-0.14498393979633084	-0.7014028444645644	0.4114349648719027	0.2441041078718492	-0.593943055937613	0.5678882057995117	1.0	0.2951175875245506	-11.016807209106524
sp|Q9HA82|CERS4_HUMAN	psvid_70086_sp|Q9HA82|CERS4_HUMAN	-0.2404924156270094	-1.16565539123433	0.6846705599803112	0.40587420898530724	-0.592529434743451	0.5687918721814436	1.0	0.6225619168837635	-13.456738994253687
sp|P80723|BASP1_HUMAN	psvid_67990_sp|P80723|BASP1_HUMAN	-0.11720533933506783	-0.5692772240985675	0.3348665454284319	0.19832648243671303	-0.5909717043081659	0.5697886020357308	1.0	0.1709216830267192	-10.787644752566221
sp|P04004|VTNC_HUMAN	psvid_44441_sp|P04004|VTNC_HUMAN	-0.12336551658147465	-0.5992425968958383	0.35251156373288894	0.20876995582323163	-0.5909160448638976	0.5698242345383635	1.0	0.20338177924702622	-11.576780310874042
sp|Q8TBA6|GOGA5_HUMAN	psvid_76284_sp|Q8TBA6|GOGA5_HUMAN	0.201351729163453	-0.575517467228661	0.9782209255555671	0.34081689268176285	0.5907915173426125	0.569903960104181	1.0	0.49875653267436015	-13.291192409704962
sp|P00403|COX2_HUMAN	psvid_110282_sp|P00403|COX2_HUMAN	-0.13026141663490431	-0.6340104656696902	0.3734876323998816	0.22099754550799888	-0.5894247211455549	0.570779429940905	1.0	0.23744879567474805	-11.766159861110033
sp|P50991|TCPD_HUMAN	psvid_76277_sp|P50991|TCPD_HUMAN	-0.2850341524014586	-1.3881606312526296	0.8180923264497124	0.4839478003543698	-0.5889770594943151	0.571066333971871	1.0	0.7655841378735531	-12.507056079777866
sp|O43390|HNRPR_HUMAN	psvid_35520_sp|O43390|HNRPR_HUMAN	-0.33704608634508126	-1.6444483888691435	0.9703562161789809	0.5735647549170301	-0.5876338869424381	0.5719276534532228	1.0	0.925718915389891	-13.360117351459039
sp|O95793|STAU1_HUMAN	psvid_25761_sp|O95793|STAU1_HUMAN	-0.19259905717527248	-0.9413839164712706	0.5561858021207257	0.3284961357942749	-0.5863053965903886	0.5727802759874254	1.0	0.47454337872660235	-12.650356165456529
sp|P62195|PRS8_HUMAN	psvid_4553_sp|P62195|PRS8_HUMAN	0.26263172760126174	-0.7592603743581583	1.2845238295606818	0.4483098216061281	0.5858263971562111	0.5730878718974063	1.0	0.700836828446541	-13.366685100617854
sp|P33908|MA1A1_HUMAN	psvid_73521_sp|P33908|MA1A1_HUMAN	-0.3336893577271338	-1.6329873921502478	0.9656086766959802	0.5700093668485463	-0.585410305749934	0.5733551458020607	1.0	0.9194216317193386	-13.346687999947939
sp|Q13347|EIF3I_HUMAN	psvid_73822_sp|Q13347|EIF3I_HUMAN	-0.22942224440662562	-1.1252488704010983	0.6664043815878471	0.39300418715394847	-0.5837653946337112	0.5744124291531186	1.0	0.598498675636899	-11.720190979619808
sp|Q5K4L6|S27A3_HUMAN	psvid_537484_sp|Q5K4L6|S27A3_HUMAN	-0.16965531917803256	-0.8329928432824006	0.4936822049263355	0.2910099085076294	-0.582988119023393	0.5749124105946525	1.0	0.39852848941368185	-13.234055960614693
sp|Q9BUF5|TBB6_HUMAN	psvid_40978_sp|Q9BUF5|TBB6_HUMAN	-0.12838519000129	-0.6313835116548362	0.3746131316522562	0.22066819717688535	-0.5818019616953582	0.5756758737028113	1.0	0.23657182852716246	-10.198658578973394
sp|Q86TX2|ACOT1_HUMAN	psvid_28161_sp|Q86TX2|ACOT1_HUMAN	-0.2974910394436936	-1.46329430816088	0.8683122292734928	0.5114444611366585	-0.5816683179685539	0.5757619281944947	1.0	0.8150686302931436	-13.742545653701077
sp|Q9Y277|VDAC3_HUMAN	psvid_42268_sp|Q9Y277|VDAC3_HUMAN	-0.1325011834962435	-0.6517903870619138	0.3867880200694268	0.22781509884079595	-0.5816172157616266	0.5757948353005016	1.0	0.2551984124961245	-11.269764041251799
sp|Q96HA9|PX11C_HUMAN	psvid_80100_sp|Q96HA9|PX11C_HUMAN	-0.2250267159610173	-1.1070971625619994	0.6570437306399647	0.38696927376333434	-0.5815105519169486	0.5758635245342939	1.0	0.587153138082427	-13.418511127938968
sp|P62913|RL11_HUMAN	psvid_30934_sp|P62913|RL11_HUMAN	-0.14833072138656256	-0.731983491294901	0.4353220485217759	0.2560517579652654	-0.5792997578508494	0.5772882585034534	1.0	0.322756396997398	-10.37132478532428
sp|A8MUH7|PDZ1P_HUMAN	psvid_43534_sp|A8MUH7|PDZ1P_HUMAN	-0.20580047650464994	-1.0157874356783023	0.6041864826690025	0.3553458417715124	-0.5791554376397622	0.5773813331320472	1.0	0.5269376660101168	-12.73782605503977
sp|Q5T2N8|ATD3C_HUMAN	psvid_41659_sp|Q5T2N8|ATD3C_HUMAN	-0.3460421955498423	-1.7083751256606783	1.0162907345609937	0.5976631306720832	-0.5789920404839285	0.577486720906874	1.0	0.9683057082232011	-13.659164235258356
sp|O75964|ATP5L_HUMAN	psvid_94579_sp|O75964|ATP5L_HUMAN	0.17174053102193065	-0.5053949961654074	0.8488760582092687	0.2970631701864174	0.5781279817156652	0.5780441989859388	1.0	0.41109369866471823	-10.58034839209374
sp|P00568|KAD1_HUMAN	psvid_92468_sp|P00568|KAD1_HUMAN	-0.3516143437787682	-1.7379631571697043	1.0347344696121679	0.6081990339522544	-0.5781238116967662	0.5780468901472338	1.0	0.9868757869932195	-14.019461678764447
sp|P60709|ACTB_HUMAN	psvid_7063_sp|P60709|ACTB_HUMAN	0.14624056506802097	-0.4305672848659521	0.723048415001994	0.25304885301401664	0.5779143565607094	0.5781820729786642	1.0	0.3159157272648288	-8.746422715712715
sp|P63261|ACTG_HUMAN	psvid_7061_sp|P63261|ACTG_HUMAN	0.14624056506802097	-0.4305672848659521	0.723048415001994	0.25304885301401664	0.5779143565607094	0.5781820729786642	1.0	0.3159157272648288	-8.746422715712715
sp|P30041|PRDX6_HUMAN	psvid_87098_sp|P30041|PRDX6_HUMAN	-0.12289701668583808	-0.607911912427667	0.3621178790559908	0.21277876692599065	-0.5775812054056337	0.5783971257421974	1.0	0.21492688435385826	-10.63890867583217
sp|Q96KA5|CLP1L_HUMAN	psvid_64635_sp|Q96KA5|CLP1L_HUMAN	-0.14187708439479385	-0.7022687259152286	0.4185145571256409	0.24584696990795202	-0.5770951110274586	0.5787109848472787	1.0	0.2992235156376086	-13.344235834118239
sp|P02751|FINC_HUMAN	psvid_28124_sp|P02751|FINC_HUMAN	-0.1329879718945337	-0.6588351001098326	0.3928591563207652	0.23069209732639354	-0.5764738950133015	0.5791122264164552	1.0	0.262480513259436	-13.926531351940568
sp|O15431|COPT1_HUMAN	psvid_106450_sp|O15431|COPT1_HUMAN	-0.2510088969977975	-1.244046889672735	0.74202909567714	0.4356513613233577	-0.5761692015269264	0.5793090835066274	1.0	0.6776390559437353	-13.643215887995753
sp|Q9UI09|NDUAC_HUMAN	psvid_88718_sp|Q9UI09|NDUAC_HUMAN	-0.1896679709492486	-0.9401978223586621	0.5608618804601649	0.32926167366424114	-0.5760402321913093	0.5793924195132918	1.0	0.47605717005115283	-11.18579721276438
sp|P09496|CLCA_HUMAN	psvid_46960_sp|P09496|CLCA_HUMAN	0.2661088518503676	-0.7869984111586468	1.319216114859382	0.46200408859842346	0.5759880884553619	0.5794261150767106	1.0	0.7258083710079545	-12.228444077942367
sp|P19823|ITIH2_HUMAN	psvid_42503_sp|P19823|ITIH2_HUMAN	-0.16900359040947954	-0.8380900553630932	0.5000828745441341	0.29353200124286793	-0.575758655594237	0.5795743887535281	1.0	0.40377978919903024	-12.913078198399619
sp|Q5SSJ5|HP1B3_HUMAN	psvid_34976_sp|Q5SSJ5|HP1B3_HUMAN	0.3736729715145395	-1.1081192518050356	1.8554651948341145	0.6500705955354633	0.5748190643921449	0.5801818302438142	1.0	1.0604192079544439	-15.350479373312929
sp|Q9Y2P5|S27A5_HUMAN	psvid_39274_sp|Q9Y2P5|S27A5_HUMAN	-0.2499998196632549	-1.2422485719541072	0.7422489326275974	0.43530511712094616	-0.5743093977776383	0.5805114750506041	1.0	0.6770028674174959	-8.840783563314782
sp|P00739|HPTR_HUMAN	psvid_33247_sp|P00739|HPTR_HUMAN	0.24999981966325446	-0.7422489326275978	1.2422485719541068	0.43530511712094616	0.5743093977776373	0.5805114750506047	1.0	0.6770028674174959	-8.840783563314782
sp|P80404|GABT_HUMAN	psvid_57994_sp|P80404|GABT_HUMAN	-0.1400707773523111	-0.696539816201112	0.41639826149648984	0.2441261020192777	-0.5737640350364921	0.5808643225058645	1.0	0.2951695751309215	-11.535856420572612
sp|O00116|ADAS_HUMAN	psvid_39106_sp|O00116|ADAS_HUMAN	-0.14398104275860923	-0.7162033768183567	0.4282412913011382	0.2510371613690725	-0.573544737254775	0.5810062407499489	1.0	0.31129528266438716	-13.744881454931413
sp|Q99798|ACON_HUMAN	psvid_55477_sp|Q99798|ACON_HUMAN	-0.3951765565271881	-1.9657579194756927	1.1754048064213165	0.6890228912536542	-0.5735318253478886	0.5810145972703794	1.0	1.1285183991230008	-15.674743757449631
sp|P07919|QCR6_HUMAN	psvid_92036_sp|P07919|QCR6_HUMAN	-0.1623088204901837	-0.8076890003470636	0.4830713593666962	0.2831319204297541	-0.5732621749035641	0.5811891288713872	1.0	0.381967151990094	-10.288237378814529
sp|O94973|AP2A2_HUMAN	psvid_57742_sp|O94973|AP2A2_HUMAN	0.12581068301436282	-0.3745656963541847	0.6261870623829103	0.21951793632664932	0.5731225662906776	0.5812795021286549	1.0	0.23349356499809348	-11.912143239737741
sp|P08134|RHOC_HUMAN	psvid_84346_sp|P08134|RHOC_HUMAN	-0.10621743250987903	-0.5287327035853016	0.3162978385655435	0.18535982951476948	-0.5730337192687999	0.5813370197842219	1.0	0.12245945409765094	-11.202186685486069
sp|Q71DI3|H32_HUMAN	psvid_20393_sp|Q71DI3|H32_HUMAN	-0.3383561439712368	-1.6845918728187848	1.0078795848763111	0.5906011977998501	-0.5729012152899543	0.5814228058677687	1.0	0.9558425100091302	-12.627662633366233
sp|Q9Y5J7|TIM9_HUMAN	psvid_18911_sp|Q9Y5J7|TIM9_HUMAN	-0.19637262991445814	-0.9778356498003293	0.585090389971413	0.3428322289261936	-0.5727951264370016	0.5814914952479774	1.0	0.5026882758007586	-11.812975633108481
sp|P04908|H2A1B_HUMAN	psvid_21408_sp|P04908|H2A1B_HUMAN	-0.22472062363046952	-1.119698776126148	0.6702575288652091	0.3926319570504448	-0.5723442007080379	0.5817835063470933	1.0	0.5978000819172239	-10.996082402007445
sp|Q7L7L0|H2A3_HUMAN	psvid_21410_sp|Q7L7L0|H2A3_HUMAN	-0.22472062363046952	-1.119698776126148	0.6702575288652091	0.3926319570504448	-0.5723442007080379	0.5817835063470933	1.0	0.5978000819172239	-10.996082402007445
sp|Q93077|H2A1C_HUMAN	psvid_21409_sp|Q93077|H2A1C_HUMAN	-0.22472062363046952	-1.119698776126148	0.6702575288652091	0.3926319570504448	-0.5723442007080379	0.5817835063470933	1.0	0.5978000819172239	-10.996082402007445
sp|Q15836|VAMP3_HUMAN	psvid_103652_sp|Q15836|VAMP3_HUMAN	0.24975414735532597	-0.7449887843447396	1.2444970790553915	0.43639932767786704	0.5723064439267073	0.5818079606137702	1.0	0.679013055767817	-12.114982153972228
sp|CATD_HUMAN|,sp|P07339|CATD_HUMAN	psvid_24407_sp|CATD_HUMAN|	-0.12070847494503623	-0.6018249269317578	0.36040797704168537	0.21106849769008745	-0.5718924248102285	0.5820761492972826	1.0	0.2100523000029001	-10.477538913071573
sp|O43464|HTRA2_HUMAN	psvid_61724_sp|O43464|HTRA2_HUMAN	-0.26603556289378716	-1.3265669786111811	0.7944958528236068	0.46526110621299194	-0.571798414570245	0.5821370557190654	1.0	0.7317299219886925	-14.05061640198753
sp|Q04828|AK1C1_HUMAN	psvid_39510_sp|Q04828|AK1C1_HUMAN	0.1816578975475589	-0.5439531909441583	0.9072689860392761	0.3183296720009956	0.5706596447816864	0.5828751101970325	1.0	0.4543112829170734	-10.438454539866864
sp|Q9BYE2|TMPSD_HUMAN	psvid_32089_sp|Q9BYE2|TMPSD_HUMAN	-0.16960233962533522	-0.8474616508520284	0.508256971601358	0.29738069832167013	-0.5703206044727224	0.5830949472522604	1.0	0.41174925118655886	-16.602763872219015
sp|P08246|ELNE_HUMAN	psvid_49839_sp|P08246|ELNE_HUMAN	-0.3956783565154991	-1.9779132773261112	1.186556564295113	0.6941353727340577	-0.5700305330313347	0.5832830687192782	1.0	1.1374367323976393	-14.104455255649324
sp|P16219|ACADS_HUMAN	psvid_53529_sp|P16219|ACADS_HUMAN	-0.3447161724940213	-1.7237081561080154	1.0342758111199728	0.604971551286948	-0.5698055912888981	0.5834289743410996	1.0	0.9811901710411614	-13.077334339566658
sp|P11717|MPRI_HUMAN	psvid_46919_sp|P11717|MPRI_HUMAN	-0.23964377603878084	-1.1988864108978028	0.7195988588202412	0.42082514747502914	-0.5694616338321388	0.5836521169101114	1.0	0.6503118598595375	-12.801624384177419
sp|P14625|ENPL_HUMAN	psvid_24290_sp|P14625|ENPL_HUMAN	0.14176013415477318	-0.4257127672009493	0.7092330355104957	0.24895355848752648	0.5694240123178472	0.583676526739716	1.0	0.3064760206075471	-6.7432449172267575
sp|P42167|LAP2B_HUMAN	psvid_45490_sp|P42167|LAP2B_HUMAN	-0.2480006204656613	-1.2408300207742788	0.7448287798429563	0.43555985067722003	-0.5693835648075996	0.5837027707775726	1.0	0.6774709233493906	-14.900837035651202
sp|Q9BR76|COR1B_HUMAN	psvid_64760_sp|Q9BR76|COR1B_HUMAN	-0.3297242722461715	-1.6548838121928917	0.9954352677005487	0.5813549550036197	-0.5671651534201142	0.5851431641813489	1.0	0.9395037355579826	-15.113444961748094
sp|O95298|NDUC2_HUMAN	psvid_96887_sp|O95298|NDUC2_HUMAN	-0.2479759295763051	-1.244899783255797	0.7489479241031869	0.4373561104357128	-0.5669886018724213	0.5852578813290051	1.0	0.680770028324416	-12.035374037756032
sp|P01111|RASN_HUMAN	psvid_4666_sp|P01111|RASN_HUMAN	-0.1660502688170271	-0.8354236139836332	0.503323076349579	0.2936578572083484	-0.5654548813901324	0.5862549601874265	1.0	0.40404122712182317	-13.243457924269155
sp|P20645|MPRD_HUMAN	psvid_88591_sp|P20645|MPRD_HUMAN	-0.15360756867919312	-0.7730225688397498	0.4658074314813636	0.27174084983109714	-0.5652722760478199	0.5863737348442452	1.0	0.35754150512328126	-11.624030097091296
sp|O96005|CLPT1_HUMAN	psvid_73367_sp|O96005|CLPT1_HUMAN	-0.1467366952302136	-0.7393227586000982	0.445849368139671	0.2599708441294718	-0.5644351993454125	0.5869183757503093	1.0	0.3315887823563064	-12.075220614616779
sp|P12955|PEPD_HUMAN	psvid_63005_sp|P12955|PEPD_HUMAN	-0.2706113812978401	-1.3646336404665904	0.8234108778709102	0.47995372789421187	-0.5638280641868177	0.5873135794322714	1.0	0.758364596143534	-14.927074735666622
sp|Q92887|MRP2_HUMAN	psvid_48191_sp|Q92887|MRP2_HUMAN	-0.44635229994560355	-2.253864165053538	1.3611595651623307	0.792965637217222	-0.562889839100722	0.5879245866284228	1.0	1.3091120747785048	-14.987799776666266
sp|Q9UL25|RAB21_HUMAN	psvid_75021_sp|Q9UL25|RAB21_HUMAN	-0.43481138550180365	-2.195861750221229	1.3262389792176215	0.7725827152719531	-0.5628023730103097	0.5879815655283852	1.0	1.2738056506209197	-12.268322514493324
sp|P30153|2AAA_HUMAN	psvid_79087_sp|P30153|2AAA_HUMAN	0.3117179061477251	-0.9520488414373542	1.5754846537328044	0.5544215911594569	0.5622398389929805	0.5883480947949346	1.0	0.8917659162651188	-14.111965227466825
sp|P11234|RALB_HUMAN	psvid_82796_sp|P11234|RALB_HUMAN	-0.13545368397231794	-0.6851138096345066	0.41420644168987075	0.24113899344864806	-0.561724514294133	0.5886839735598605	1.0	0.28806698584802753	-11.888885091151858
sp|Q9Y673|ALG5_HUMAN	psvid_37557_sp|Q9Y673|ALG5_HUMAN	-0.1607257491685159	-0.813365947807572	0.4919144494705402	0.2863169315663054	-0.5613560759025352	0.5889241788540444	1.0	0.3886928020180259	-11.084208422088379
sp|O75027|ABCB7_HUMAN	psvid_50763_sp|O75027|ABCB7_HUMAN	-0.3936011609168304	-1.993408620611945	1.2062062987782842	0.701844544531523	-0.5608096037557103	0.5892805527098411	1.0	1.1508768397661169	-14.872618830977025
sp|P39656|OST48_HUMAN	psvid_68699_sp|P39656|OST48_HUMAN	0.13417162285036177	-0.41290548556509943	0.681248731265823	0.24000580923197237	0.5590348970290179	0.5904387130332615	1.0	0.28534968715843306	-10.763607271156037
sp|Q9NVI7|ATD3A_HUMAN	psvid_46364_sp|Q9NVI7|ATD3A_HUMAN	-0.2328462761219381	-1.182442469971701	0.7167499177278248	0.41659319946437046	-0.558929613880681	0.5905074589695867	1.0	0.6424778105257565	-12.15946120894314
sp|Q30154|DRB5_HUMAN	psvid_61957_sp|Q30154|DRB5_HUMAN	-0.45532798047952916	-2.312884469493138	1.40222850853408	0.8149204956337613	-0.558739144393984	0.5906318394560272	1.0	1.347092152317972	-13.446870428287463
sp|O14521|DHSD_HUMAN	psvid_106346_sp|O14521|DHSD_HUMAN	-0.35693450927192805	-1.816180043422659	1.1023110248788028	0.6401792359880982	-0.5575540242585498	0.5914060675814125	1.0	1.043080419806201	-13.084399668685773
sp|Q15041|AR6P1_HUMAN	psvid_50981_sp|Q15041|AR6P1_HUMAN	0.13500465559366193	-0.4172783461421329	0.6872876573294567	0.2422896639572063	0.5572035281600238	0.5916351491667929	1.0	0.29081314756667037	-10.239430570980103
sp|O14983|AT2A1_HUMAN	psvid_25369_sp|O14983|AT2A1_HUMAN	0.12592246296293474	-0.38934036996297117	0.6411852958888407	0.22604870735996166	0.557058982701524	0.5917296370231687	1.0	0.2506693649943546	-12.31080627092644
sp|P35558|PCKGC_HUMAN	psvid_53561_sp|P35558|PCKGC_HUMAN	-0.3142165674069406	-1.6036592881436529	0.9752261533297717	0.565685785217813	-0.555461310179385	0.5927745647436778	1.0	0.9117585096235616	-15.138411021766856
sp|P08708|RS17_HUMAN	psvid_102576_sp|P08708|RS17_HUMAN	0.12417101018082466	-0.3857962828549546	0.6341383032166039	0.2237255241795665	0.5550149480537704	0.593066678302615	1.0	0.24464054400585175	-10.1551127384575
sp|Q9H0R3|TM222_HUMAN	psvid_85401_sp|Q9H0R3|TM222_HUMAN	0.2295123470344631	-0.7142221820849589	1.1732468761538852	0.4140216541275043	0.5543486548261103	0.5935028668982111	1.0	0.6377096409440431	-13.117562823877115
sp|Q9UFG5|CS025_HUMAN	psvid_78413_sp|Q9UFG5|CS025_HUMAN	0.3300104504776229	-1.0278026750347842	1.68782357599003	0.5956802669339929	0.5540060142938917	0.5937272440283445	1.0	0.9648076069934867	-13.538868509541532
sp|P00505|AATM_HUMAN	psvid_84928_sp|P00505|AATM_HUMAN	-0.3911509900731347	-2.001241278173875	1.2189392980276055	0.7063556792778364	-0.553759248418643	0.5938888663714403	1.0	1.1587371950925944	-12.71380953082576
sp|O60763|USO1_HUMAN	psvid_46432_sp|O60763|USO1_HUMAN	-0.3772528311760066	-1.930393302664102	1.1758876403120888	0.681371473922729	-0.5536668992086231	0.593949357745074	1.0	1.1151629759994226	-14.679500834869721
sp|P0CG08|GPHRB_HUMAN,sp|B7ZAQ6|GPHRA_HUMAN	psvid_79480_sp|P0CG08|GPHRB_HUMAN	0.1866005778615456	-0.5841415657974609	0.9573427215205521	0.3381289201331113	0.5518622239945832	0.5951321405034411	1.0	0.493500389505343	-13.607053213282889
sp|Q9BYD1|RM13_HUMAN	psvid_59978_sp|Q9BYD1|RM13_HUMAN	-0.31596824176525606	-1.622048893545517	0.9901124100150049	0.5729849392906611	-0.551442490192527	0.595407415981003	1.0	0.9246922097498081	-14.309607168424996
sp|P11310|ACADM_HUMAN	psvid_73944_sp|P11310|ACADM_HUMAN	-0.22081297455906945	-1.1343116418362345	0.6926856927180955	0.400757011214012	-0.5509896729945195	0.5957044657123776	1.0	0.6130148741316525	-13.063903196341705
sp|P17174|AATC_HUMAN	psvid_26719_sp|P17174|AATC_HUMAN	0.1306582961178271	-0.4100360694297578	0.671352661665412	0.23720566398085555	0.5508228341814481	0.5958139327359879	1.0	0.27857796034353116	-11.842515373895992
sp|Q8IXB1|DJC10_HUMAN	psvid_80111_sp|Q8IXB1|DJC10_HUMAN	-0.3086294086579966	-1.5883350696321765	0.9710762523161833	0.5614140822496239	-0.549735780444441	0.5965274408266799	1.0	0.9041815790280302	-14.636128103192505
sp|A6NMY6|AXA2L_HUMAN	psvid_32028_sp|A6NMY6|AXA2L_HUMAN	-0.24896171176115223	-1.2824553863591088	0.7845319628368044	0.45339949687611014	-0.5491001059253053	0.5969448909172783	1.0	0.7101322803234058	-11.243520359876797
sp|P13929|ENOB_HUMAN	psvid_49740_sp|P13929|ENOB_HUMAN	0.16988424518129053	-0.5363132998482825	0.8760817902108635	0.30981284112465496	0.5483447508650444	0.5974411400975785	1.0	0.43716146474581996	-13.79596637317667
sp|P05026|AT1B1_HUMAN	psvid_74352_sp|P05026|AT1B1_HUMAN	-0.1430578897636714	-0.738088775657858	0.4519729961305152	0.26104340154294714	-0.5480233896666236	0.5976523335444358	1.0	0.3339881856034833	-11.490141856686135
sp|Q12905|ILF2_HUMAN	psvid_32941_sp|Q12905|ILF2_HUMAN	-0.2754442241085573	-1.425268054928824	0.8743796067117093	0.5044341917166304	-0.5460459037703179	0.5989527883936566	1.0	0.8024866560918236	-12.834463759228132
sp|Q15738|NSDHL_HUMAN	psvid_89344_sp|Q15738|NSDHL_HUMAN	-0.1492162449671386	-0.7729594623672795	0.47452697243300235	0.27363966311562105	-0.5453019612295393	0.5994424203049102	1.0	0.3616564574607974	-10.809286752407708
sp|P84085|ARF5_HUMAN	psvid_22625_sp|P84085|ARF5_HUMAN	-0.1126505395146804	-0.5839239394631781	0.3586228604338173	0.20675029531348152	-0.5448627744104355	0.5997315753904342	1.0	0.19739771208744725	-10.98011602003913
sp|Q9Y262|EIF3L_HUMAN	psvid_81098_sp|Q9Y262|EIF3L_HUMAN	0.15462207261615246	-0.4924237342688864	0.8016678795011913	0.28386264038974257	0.544707371156193	0.5998339088327116	1.0	0.383513925706519	-12.177693505605163
sp|P53801|PTTG_HUMAN	psvid_98651_sp|P53801|PTTG_HUMAN	0.3330938580562566	-1.0645669213809914	1.7307546374935046	0.6131616571788288	0.5432398685671724	0.6008007238521417	1.0	0.9956130592702145	-14.003408441186792
sp|O76054|S14L2_HUMAN	psvid_50152_sp|O76054|S14L2_HUMAN	0.1891856997071253	-0.6056694266497791	0.9840408260640297	0.3487074214748464	0.5425341935854725	0.6012659306730767	1.0	0.514107506175236	-12.526505105019044
sp|P04075|ALDOA_HUMAN	psvid_73757_sp|P04075|ALDOA_HUMAN	-0.15964312494167077	-0.8306917545994131	0.5114055047160716	0.294392813951747	-0.5422792859605512	0.6014340224158007	1.0	0.405566800506581	-13.50918009417583
sp|P01876|IGHA1_HUMAN	psvid_159720_sp|P01876|IGHA1_HUMAN	-0.31406171231661784	-1.6348967206275702	1.0067732959943345	0.5794577586142515	-0.5419924190292714	0.6016232188360695	1.0	0.9361482640057875	-14.05900706797789
sp|Q9P0S3|ORML1_HUMAN	psvid_47849_sp|Q9P0S3|ORML1_HUMAN	-0.2106211272472298	-1.0984854103269952	0.6772431558325357	0.3895110624641552	-0.5407320806623105	0.6024548219006959	1.0	0.5919367328084624	-13.893255546716489
sp|P16520|GBB3_HUMAN	psvid_70059_sp|P16520|GBB3_HUMAN	-0.31692168244218344	-1.6545792629959721	1.0207358981116053	0.5868379158213396	-0.5400497716624516	0.6029052820818323	1.0	0.9491953983006891	-14.993698329603369
sp|P62191|PRS4_HUMAN	psvid_24571_sp|P62191|PRS4_HUMAN	0.40172379134952063	-1.2945339070831234	2.097981489782165	0.7441578075848149	0.5398368293055025	0.6030459032713568	1.0	1.2244884785272174	-13.559088608510756
sp|O95167|NDUA3_HUMAN	psvid_81317_sp|O95167|NDUA3_HUMAN	-0.3818660052123306	-1.9959898868327144	1.2322578764080532	0.7081252394767613	-0.5392633730927231	0.6034246845512229	1.0	1.1618196845289532	-12.613034190990152
sp|Q9UBS3|DNJB9_HUMAN	psvid_40926_sp|Q9UBS3|DNJB9_HUMAN	0.2271637163947986	-0.7351493506296886	1.1894767834192859	0.4221721633622388	0.5380831236849788	0.6042046650653431	1.0	0.6528021381203076	-14.7597947473791
sp|P61165|TM258_HUMAN	psvid_18980_sp|P61165|TM258_HUMAN	0.22711548242272572	-0.7365145184874319	1.1907454833328832	0.422749909676375	0.5372336627974397	0.6047663717119035	1.0	0.6538697629546334	-12.76114116435449
sp|Q96A08|H2B1A_HUMAN	psvid_62088_sp|Q96A08|H2B1A_HUMAN	-0.24247210920897677	-1.2716039778103425	0.786659759392389	0.4514859480146768	-0.5370535013884741	0.6048855391898316	1.0	0.7066395534582801	-12.381532555511022
sp|P09467|F16P1_HUMAN	psvid_46462_sp|P09467|F16P1_HUMAN	0.10062680958375436	-0.32676519213069777	0.5280188112982065	0.187499278717491	0.5366783822959171	0.6051337010847269	1.0	0.13143827481391904	-10.902827362709573
sp|P01042|KNG1_HUMAN	psvid_72022_sp|P01042|KNG1_HUMAN	-0.1648006877709456	-0.8668074003451931	0.5372060248033019	0.30797429931889514	-0.5351118198350084	0.6061706514014136	1.0	0.4334330188729238	-13.044031490314303
sp|P46781|RS9_HUMAN	psvid_8817_sp|P46781|RS9_HUMAN	-0.20555088362553908	-1.0844891666852252	0.6733873994341469	0.3855951759738053	-0.5330743132520486	0.6075207381007905	1.0	0.5845639656669821	-10.088604387516042
sp|Q15165|PON2_HUMAN	psvid_29605_sp|Q15165|PON2_HUMAN	-0.11880270018049188	-0.6269255989216453	0.3893201985606616	0.22291637801275532	-0.5329473825099292	0.6076048970935443	1.0	0.24252049805132073	-10.364448321357102
sp|O75439|MPPB_HUMAN	psvid_50729_sp|O75439|MPPB_HUMAN	0.228769763861151	-0.7512347344258886	1.2087742621481907	0.42993349391569374	0.532105004840611	0.6081635753285181	1.0	0.6671211261350469	-15.495404221111247
sp|P55735|SEC13_HUMAN	psvid_29057_sp|P55735|SEC13_HUMAN	-0.28173700638165977	-1.4898822121999613	0.9264081994366418	0.5300201074616093	-0.5315590907125475	0.6085257788452092	1.0	0.8483062320043129	-13.106800522749577
sp|Q96GC9|VMP1_HUMAN	psvid_82727_sp|Q96GC9|VMP1_HUMAN	-0.23266204007632885	-1.2319439969095556	0.7666199167568978	0.4383906235728166	-0.5307185591246655	0.6090836775304356	1.0	0.6826689637939087	-14.045558457441729
sp|Q6ZNB7|ALKMO_HUMAN	psvid_50518_sp|Q6ZNB7|ALKMO_HUMAN	-0.3931681874586124	-2.081963036699293	1.2956266617820682	0.7408838136049147	-0.5306745541457788	0.6091128930335783	1.0	1.2188016144477785	-15.090731451600211
sp|Q08211|DHX9_HUMAN	psvid_39620_sp|Q08211|DHX9_HUMAN	-0.15519893853949096	-0.8218328993216927	0.5114350222427108	0.2924560738475336	-0.5306743556312699	0.6091130248317281	1.0	0.40154244173503706	-13.539361213647439
sp|P31213|S5A2_HUMAN	psvid_1265230_sp|P31213|S5A2_HUMAN	-0.4867352536762266	-2.5779624394046032	1.60449193205215	0.9174331465857667	-0.5305402965737775	0.6092020330170808	1.0	1.5238661997376544	-13.974758715495692
sp|P51687|SUOX_HUMAN	psvid_74097_sp|P51687|SUOX_HUMAN	-0.15495163066872175	-0.8222926775951889	0.5123894162577454	0.2927662765221486	-0.52926734769262	0.610047545237646	1.0	0.4021879286501572	-12.212579116147612
sp|A0FGR8|ESYT2_HUMAN	psvid_53867_sp|A0FGR8|ESYT2_HUMAN	-0.16376333799303433	-0.8697580197463588	0.5422313437602901	0.30972384386260443	-0.5287398475710537	0.6103980995616503	1.0	0.4369812074994518	-13.38925665233968
sp|P63027|VAMP2_HUMAN	psvid_80240_sp|P63027|VAMP2_HUMAN	0.2925709638809648	-0.9704880610944193	1.555629988856349	0.5541111092638725	0.5280005381405194	0.610889591361643	1.0	0.8912142586012709	-12.955081937542905
sp|O00187|MASP2_HUMAN	psvid_93107_sp|O00187|MASP2_HUMAN	0.33197478343456144	-1.107906451384738	1.771856018253861	0.6316840087893011	0.5255393184178135	0.6125273009622402	1.0	1.0281726170797971	-15.933074940952347
sp|P49753|ACOT2_HUMAN	psvid_28165_sp|P49753|ACOT2_HUMAN	-0.2804846856629921	-1.4983047514803107	0.9373353801543265	0.5342645230431634	-0.524992159436968	0.6128916954705781	1.0	0.855881354728506	-13.902583191871408
sp|Q13405|RM49_HUMAN	psvid_82180_sp|Q13405|RM49_HUMAN	-0.21134097730822665	-1.129030528022879	0.7063485734064258	0.40259557538593344	-0.5249461003281827	0.6129223748806911	1.0	0.6164480884810898	-14.010592395616149
sp|P09525|ANXA4_HUMAN	psvid_68747_sp|P09525|ANXA4_HUMAN	-0.20567971711404098	-1.1037446628030956	0.6923852285750136	0.39398615061276315	-0.5220480892390486	0.6148543165954499	1.0	0.600340868297274	-10.878250175235044
sp|Q9H0W9|BKGD_HUMAN	psvid_36835_sp|Q9H0W9|BKGD_HUMAN	-0.4168569734616252	-2.239879042991938	1.406165096068688	0.7997700512687042	-0.5212210344715333	0.615406248849024	1.0	1.3208884055754038	-13.42775143910986
sp|O14880|MGST3_HUMAN	psvid_25069_sp|O14880|MGST3_HUMAN	-0.2970884234242841	-1.5968314945340645	1.0026546476854963	0.5702046069499475	-0.5210207350190044	0.6155399567782152	1.0	0.9197675395252403	-10.531545328655675
sp|P49419|AL7A1_HUMAN	psvid_42048_sp|P49419|AL7A1_HUMAN	-0.18552588706460815	-0.9975307318346339	0.6264789577054176	0.35623109954970356	-0.5208020504080735	0.6156859547860803	1.0	0.528643086729482	-13.147158874436673
sp|P62847|RS24_HUMAN	psvid_96844_sp|P62847|RS24_HUMAN	-0.15169386254024442	-0.8158305829987025	0.5124428579182136	0.2913605204501656	-0.5206397294522619	0.6157943349837718	1.0	0.399259914211756	-10.914058419561158
sp|P60468|SC61B_HUMAN	psvid_60577_sp|P60468|SC61B_HUMAN	0.18392719581194727	-0.6222750062478872	0.9901293978717818	0.3536854475055573	0.5200304313031067	0.6162012461507669	1.0	0.5237355257227768	-11.716440843408936
sp|Q92542|NICA_HUMAN	psvid_24692_sp|Q92542|NICA_HUMAN	-0.31478248647737095	-1.6958092673846097	1.0662442944298678	0.6058642283218229	-0.5195594520397478	0.616515878662708	1.0	0.9827629940765054	-14.875000754157773
sp|P56385|ATP5I_HUMAN	psvid_85731_sp|P56385|ATP5I_HUMAN	-0.12216864979945363	-0.6582711884386143	0.41393388883970705	0.23519120364965748	-0.5194439583779542	0.6165930456607306	1.0	0.2736533018371226	-10.420993874131499
sp|Q99447|PCY2_HUMAN	psvid_47565_sp|Q99447|PCY2_HUMAN	-0.212898787346953	-1.1546634552743038	0.7288658805803978	0.4131574649260094	-0.5152969640402846	0.6193671718919783	1.0	0.6361059036308171	-15.239044082151999
sp|Q96LJ7|DHRS1_HUMAN	psvid_88758_sp|Q96LJ7|DHRS1_HUMAN	-0.1060210751478019	-0.5756142055594099	0.3635720552638061	0.2060131516024294	-0.5146325577912845	0.6198122238676786	1.0	0.19518280233399712	-10.178795348055441
sp|P15907|SIAT1_HUMAN	psvid_84701_sp|P15907|SIAT1_HUMAN	-0.18700629307137095	-1.0159291840157039	0.641916597872962	0.3636531417083473	-0.5142435789028642	0.6200728575763856	1.0	0.5428929495179508	-11.844127577300576
sp|RS27A_HUMAN|,sp|P62979|RS27A_HUMAN	psvid_34278_sp|RS27A_HUMAN|	-0.1606122254188862	-0.8726000551982153	0.5513756043604429	0.312353071661944	-0.5142008835204122	0.6201014688826902	1.0	0.4422971137769021	-9.919888643268303
sp|Q16696|CP2AD_HUMAN	psvid_64463_sp|Q16696|CP2AD_HUMAN	0.2499999098315948	-0.8584748187352405	1.35847463839843	0.486294107632151	0.5140919988705746	0.6201744384499142	1.0	0.7698212819131871	-8.944542862994185
sp|Q5SWX8|ODR4_HUMAN	psvid_34034_sp|Q5SWX8|ODR4_HUMAN	-0.1646791294871135	-0.8971356015324561	0.5677773425582291	0.3213327803270772	-0.5124877994691063	0.6212500128201637	1.0	0.4603134804120369	-12.233948706335905
sp|P27797|CALR_HUMAN	psvid_78505_sp|P27797|CALR_HUMAN	0.12163969091951499	-0.4194033577651787	0.6626827396042086	0.2373586332372913	0.5124721576817887	0.6212605049571992	1.0	0.2789500639639062	-6.141292056669576
sp|Q6P093|ADCL2_HUMAN	psvid_67034_sp|Q6P093|ADCL2_HUMAN	-0.16765881323742482	-0.9154975727797205	0.5801799463048709	0.32808107650279916	-0.511028600078354	0.6222292009152097	1.0	0.4737220871065466	-15.158456865023489
sp|P13489|RINI_HUMAN	psvid_24837_sp|P13489|RINI_HUMAN	-0.23617226161732008	-1.290065914551516	0.8177213913168759	0.46234908228845695	-0.5108094093068266	0.6223763561503511	1.0	0.7264359101107012	-13.74551581139792
sp|P24752|THIL_HUMAN	psvid_23119_sp|P24752|THIL_HUMAN	-0.14022761307229192	-0.7660178678115226	0.48556264166693874	0.27453770992755816	-0.5107772375215542	0.6223979564029618	1.0	0.36359628036980723	-10.68029107203187
sp|P38919|IF4A3_HUMAN	psvid_82276_sp|P38919|IF4A3_HUMAN	-0.27893987589651736	-1.524397866613121	0.9665181148200863	0.5463894363851927	-0.5105147671630145	0.6225741943165248	1.0	0.8774839816365532	-12.970799367936394
sp|Q8N2G8|GHDC_HUMAN	psvid_46982_sp|Q8N2G8|GHDC_HUMAN	-0.17943371277121134	-0.982728449142379	0.6238610235999563	0.35240992592973447	-0.5091619150562401	0.6234829838931211	1.0	0.521272534210954	-13.38371097865122
sp|O00400|ACATN_HUMAN	psvid_70171_sp|O00400|ACATN_HUMAN	-0.15570542412912403	-0.8528436824870774	0.5414328342288294	0.30583848102945005	-0.5091099838222474	0.6235178826634897	1.0	0.4290893044591987	-12.581916254045348
sp|P00748|FA12_HUMAN	psvid_48599_sp|P00748|FA12_HUMAN	-0.1835203534377099	-1.0065661916975417	0.6395254848221219	0.36107484558930836	-0.5082612529770311	0.6240883875131933	1.0	0.5379523955048859	-12.108877147033287
sp|Q9BV40|VAMP8_HUMAN	psvid_92535_sp|Q9BV40|VAMP8_HUMAN	-0.21044287343401002	-1.1551601152939979	0.7342743684259778	0.4144527757425637	-0.5077608011116955	0.624424909240891	1.0	0.6385094476669875	-12.487107584491497
sp|P63167|DYL1_HUMAN	psvid_18626_sp|P63167|DYL1_HUMAN	0.3159516571608587	-1.102972883011247	1.7348761973329645	0.6224901887952694	0.5075608625612764	0.6245593809935216	1.0	1.0120210808265417	-12.082323895926423
sp|O95470|SGPL1_HUMAN	psvid_33275_sp|O95470|SGPL1_HUMAN	-0.17367083573165587	-0.9537056328675868	0.6063639614042751	0.3422056595603948	-0.5075042766819152	0.6245974413847158	1.0	0.5014667169967706	-12.070421413292589
sp|Q99623|PHB2_HUMAN	psvid_90957_sp|Q99623|PHB2_HUMAN	0.1073519358735382	-0.3748648484234478	0.5895687201705242	0.21155121967294283	0.5074512736891982	0.6246330929549611	1.0	0.21143552610851027	-10.439836766502316
sp|Q96CS3|FAF2_HUMAN	psvid_59309_sp|Q96CS3|FAF2_HUMAN	-0.14696263791457742	-0.8075914597780728	0.5136661839489179	0.28982158557601917	-0.5070796836008257	0.624883065955493	1.0	0.3960460344484172	-11.565239938230514
sp|P98194|AT2C1_HUMAN	psvid_29493_sp|P98194|AT2C1_HUMAN	0.18526323976750225	-0.648548015792544	1.0190744953275486	0.36579769480217594	0.5064636611985566	0.6252975839294298	1.0	0.5469948245847565	-15.282160266119924
sp|Q9BY49|PECR_HUMAN	psvid_78667_sp|Q9BY49|PECR_HUMAN	0.12996609864618902	-0.45538706138704876	0.7153192586794268	0.25679772869161976	0.506102991285648	0.6255403417619085	1.0	0.32444568300956794	-11.142687002101182
sp|Q6UWP7|LCLT1_HUMAN	psvid_38708_sp|Q6UWP7|LCLT1_HUMAN	-0.14985234364119648	-0.8249982610357707	0.5252935737533777	0.29619031716255173	-0.5059326215547967	0.6256550300467001	1.0	0.4092898676549683	-13.408860044319782
sp|Q9H4M9|EHD1_HUMAN	psvid_71606_sp|Q9H4M9|EHD1_HUMAN	-0.26545736853690816	-1.4632295592143334	0.9323148221405171	0.5254694072865056	-0.5051813956357898	0.6261608627774162	1.0	0.8401766754308824	-13.363105096958545
sp|P61020|RAB5B_HUMAN	psvid_97097_sp|P61020|RAB5B_HUMAN	-0.1789183925158957	-0.9874257781291924	0.629588993097401	0.35469674451591726	-0.5044263734646897	0.6266694614720711	1.0	0.5256863924773559	-11.654506887448006
sp|O43708|MAAI_HUMAN	psvid_95880_sp|O43708|MAAI_HUMAN	-0.41905396159104846	-2.3140078035741785	1.4758998803920815	0.8313269250465734	-0.5040784184484003	0.6269039219720648	1.0	1.375443065731263	-13.834277489185888
sp|P26572|MGAT1_HUMAN	psvid_71578_sp|P26572|MGAT1_HUMAN	-0.38936982425303546	-2.1514586311434867	1.3727189826374158	0.7730382857020879	-0.5036876328827653	0.6271672959063559	1.0	1.2745952779355387	-13.43247845732451
sp|Q9UBV2|SE1L1_HUMAN	psvid_78488_sp|Q9UBV2|SE1L1_HUMAN	-0.1571765925945523	-0.8689387175591587	0.5545855323700541	0.312254053688295	-0.5033612558043923	0.6273873041742966	1.0	0.44209726275356204	-11.985455746562613
sp|Q92499|DDX1_HUMAN	psvid_35615_sp|Q92499|DDX1_HUMAN	0.2780902819319331	-0.981755992710639	1.5379365565745051	0.5527016575949475	0.5031471827713137	0.6275316304443678	1.0	0.8887095666974906	-12.29222062145569
sp|O14656|TOR1A_HUMAN	psvid_77347_sp|O14656|TOR1A_HUMAN	-0.17527074019507616	-0.96979882506504	0.6192573446748877	0.34856394653225026	-0.5028366873246299	0.6277409938721396	1.0	0.5138293793862758	-12.454481957201663
sp|P35908|K22E_HUMAN	psvid_22944_sp|P35908|K22E_HUMAN	0.40492702793896207	-1.4319847937716328	2.241838849649557	0.8058635637933196	0.502475910479077	0.6279843059903504	1.0	1.3314303282730355	-14.1336700819936
sp|O00763|ACACB_HUMAN	psvid_35795_sp|O00763|ACACB_HUMAN	-0.18005399091145025	-0.9974093452863262	0.6373013634634257	0.3585783982536009	-0.5021328439983407	0.6282157184149109	1.0	0.5331590091782717	-14.447225888541402
sp|P62140|PP1B_HUMAN	psvid_53190_sp|P62140|PP1B_HUMAN	-0.15266022278241653	-0.8461674750410162	0.5408470294761831	0.3042455381996437	-0.5017665129479796	0.628462871491028	1.0	0.42584074637938424	-13.694650936049491
sp|E9PAV3|NACAM_HUMAN	psvid_33698_sp|E9PAV3|NACAM_HUMAN	0.15661872503151608	-0.555152984007334	0.8683904340703662	0.3122582582756543	0.5015679197610099	0.6285968772343208	1.0	0.4421057495497964	-14.639717272511621
sp|P20337|RAB3B_HUMAN	psvid_64166_sp|P20337|RAB3B_HUMAN	0.20085610104622242	-0.7126459341225764	1.1143581362150212	0.4007584887270436	0.5011898854200576	0.6288520054207841	1.0	0.613017634535599	-13.05858757029867
sp|Q14964|RB39A_HUMAN	psvid_55640_sp|Q14964|RB39A_HUMAN	0.1493962244436826	-0.5301104500300716	0.8289028989174368	0.2981034058580082	0.5011557114340471	0.628875071379154	1.0	0.4132400389725804	-12.870965909841006
sp|Q53S08|RAB6D_HUMAN	psvid_162929_sp|Q53S08|RAB6D_HUMAN	0.26521026622093213	-0.9435748718268295	1.4739954042686938	0.5303008493355109	0.5001128445357982	0.6295791673017086	1.0	0.848807494224848	-14.387291233565792
sp|Q8N139|ABCA6_HUMAN	psvid_33642_sp|Q8N139|ABCA6_HUMAN	-0.12484103473493136	-0.6940994590006058	0.44441738953074306	0.24973687744624962	-0.49989026855595503	0.6297294920260096	1.0	0.3082919119225745	-12.535790709973279
sp|P36980|FHR2_HUMAN	psvid_86553_sp|P36980|FHR2_HUMAN	-0.14590631967753653	-0.8122246394567804	0.5204120001017073	0.29231760036148124	-0.4991362801867152	0.6302388601352368	1.0	0.4012541844578302	-12.240562285834605
sp|P22033|MUTA_HUMAN	psvid_41173_sp|P22033|MUTA_HUMAN	-0.2579854492239484	-1.436462149488217	0.9204912510403203	0.5170043669477669	-0.49900052246563087	0.6303305954012531	1.0	0.8250321085614523	-13.657465358345217
sp|P36268|GGT2_HUMAN	psvid_38858_sp|P36268|GGT2_HUMAN	0.12988513529267554	-0.46347390385118514	0.7232441744365362	0.2603099529558074	0.4989633850639819	0.6303556913506835	1.0	0.3323482012708852	-13.504927884941921
sp|Q15771|RAB30_HUMAN	psvid_14695_sp|Q15771|RAB30_HUMAN	0.19938937530531842	-0.7144602229708882	1.1132389735815251	0.40091096662014025	0.49734078612580873	0.631452670217133	1.0	0.6133024934026673	-12.948600642018327
sp|Q13765|NACA_HUMAN	psvid_44711_sp|Q13765|NACA_HUMAN	0.15509030688153524	-0.5565859791930805	0.866766592956151	0.3122163956837123	0.4967397901763235	0.6318592253093847	1.0	0.4420212493652295	-11.367438619025183
sp|P05177|CP1A2_HUMAN	psvid_82849_sp|P05177|CP1A2_HUMAN	-0.09969427885689441	-0.5574583055987341	0.3580697478849452	0.20082365718732836	-0.4964269660914479	0.632070893232641	1.0	0.17906067184288613	-10.10344128413003
sp|P02748|CO9_HUMAN	psvid_53218_sp|P02748|CO9_HUMAN	-0.1416272007620094	-0.7922594344995977	0.5090050329755789	0.28543602605285406	-0.49617843521891086	0.6322390835135956	1.0	0.3868368329659192	-11.971940335668824
sp|P16104|H2AX_HUMAN	psvid_48125_sp|P16104|H2AX_HUMAN	-0.2163581907113885	-1.2103760647245028	0.7776596833017257	0.4360812407862392	-0.4961419352075367	0.6322637863538859	1.0	0.6784287883298834	-11.505199619921923
sp|Q96AX2|RAB37_HUMAN	psvid_103114_sp|Q96AX2|RAB37_HUMAN	0.1987376641801064	-0.7145066387872969	1.1119819671475097	0.400645420158446	0.49604376883057905	0.632330226778819	1.0	0.6128063845908905	-13.086175649420113
sp|Q9UNX3|RL26L_HUMAN	psvid_34240_sp|Q9UNX3|RL26L_HUMAN	-0.19062809486712906	-1.06938539798002	0.688129208245762	0.38551577905165824	-0.49447546696029093	0.6333921521035804	1.0	0.58441429196972	-10.722752718074245
sp|Q96ER9|MITOK_HUMAN	psvid_29034_sp|Q96ER9|MITOK_HUMAN	0.16291269957648646	-0.59040033420749	0.916225733360463	0.33048267145005944	0.49295383283387934	0.634423332793891	1.0	0.47846893025597154	-14.198074294564119
sp|P36873|PP1G_HUMAN	psvid_65994_sp|P36873|PP1G_HUMAN	-0.15013436581727868	-0.845627747546126	0.5453590159115687	0.30511686438641633	-0.4920552855024771	0.6350326548566726	1.0	0.4276186366124002	-13.675951626867272
sp|P20742|PZP_HUMAN	psvid_58932_sp|P20742|PZP_HUMAN	-0.14533805049310544	-0.8187342531960825	0.5280581522098716	0.29542270747093413	-0.49196641563988397	0.6350929351120034	1.0	0.4077013495525944	-13.083517404774051
sp|Q8IY95|TM192_HUMAN	psvid_51319_sp|Q8IY95|TM192_HUMAN	-0.30409635207481545	-1.7184067239879326	1.1102140198383017	0.6204659271877264	-0.4901096720220205	0.6363530147563876	1.0	1.0084623222507592	-13.443951747404277
sp|O94808|GFPT2_HUMAN	psvid_42687_sp|O94808|GFPT2_HUMAN	0.22697968798154378	-0.8292577857406176	1.2832171617037051	0.4633773296712429	0.4898377055748096	0.6365376895820246	1.0	0.7283058418112319	-15.975432964909613
sp|PRDX1_HUMAN|,sp|Q06830|PRDX1_HUMAN	psvid_37411_sp|PRDX1_HUMAN|	-0.08669075139264937	-0.49207065412060563	0.3186891513353069	0.17784244689455136	-0.4874581569609822	0.6381546259169076	1.0	0.08481501970713162	-10.134018684357045
sp|P07477|TRY1_HUMAN	psvid_32095_sp|P07477|TRY1_HUMAN	0.22556984682868997	-0.830371366369481	1.2815110600268609	0.46324735851048693	0.4869317497113878	0.6385126026369705	1.0	0.7280695172161924	-13.680080490505855
sp|Q86UB9|TM135_HUMAN	psvid_63078_sp|Q86UB9|TM135_HUMAN	0.22850977109714332	-0.8435542851733513	1.300573827367638	0.4703205405887882	0.4858596454474961	0.6392419821171076	1.0	0.740915717753724	-15.402798422030674
sp|P52272|HNRPM_HUMAN	psvid_25963_sp|P52272|HNRPM_HUMAN	0.48427619762091245	-1.789332088826431	2.757884484068256	0.9974447628521738	0.4855168082051322	0.6394753100903019	1.0	1.6613302966425214	-12.015791623159886
sp|P62745|RHOB_HUMAN	psvid_13976_sp|P62745|RHOB_HUMAN	-0.19014704076185307	-1.084372141436579	0.7040780599128728	0.39230158897453526	-0.48469607594221525	0.6400340550252366	1.0	0.5971799248388122	-12.785787657669623
sp|Q9Y678|COPG1_HUMAN	psvid_26126_sp|Q9Y678|COPG1_HUMAN	0.5132522402162558	-1.9026910108166053	2.929195491249117	1.0598879136107477	0.4842514322743299	0.6403368641706625	1.0	1.7683746953940398	-13.063662245780247
sp|Q9H223|EHD4_HUMAN	psvid_54761_sp|Q9H223|EHD4_HUMAN	0.17016972699832866	-0.6317600034957548	0.9720994574924121	0.35181109016216805	0.48369631247237993	0.6407150087274356	1.0	0.5201152617726493	-13.849021787234221
sp|Q9UDY2|ZO2_HUMAN	psvid_27279_sp|Q9UDY2|ZO2_HUMAN	0.33113936567350954	-1.229479498486182	1.8917582298332012	0.6846522869147028	0.48366064351547905	0.6407393099998471	1.0	1.1208907894891738	-16.54224446377324
sp|P14406|CX7A2_HUMAN	psvid_80162_sp|P14406|CX7A2_HUMAN	0.12664269822206276	-0.47043929676440066	0.7237246932085262	0.26194323465594427	0.4834738274054098	0.6408665953220738	1.0	0.33599551988666376	-10.705869253626732
sp|P06899|H2B1J_HUMAN	psvid_12952_sp|P06899|H2B1J_HUMAN	-0.17943902232343145	-1.0255983650971983	0.6667203204503355	0.37121487022152355	-0.48338317432259836	0.6409283654136884	1.0	0.5573268054378292	-10.805195219967938
sp|P23527|H2B1O_HUMAN	psvid_69354_sp|P23527|H2B1O_HUMAN	-0.17943902232343145	-1.0255983650971983	0.6667203204503355	0.37121487022152355	-0.48338317432259836	0.6409283654136884	1.0	0.5573268054378292	-10.805195219967938
sp|P33778|H2B1B_HUMAN	psvid_12947_sp|P33778|H2B1B_HUMAN	-0.17943902232343145	-1.0255983650971983	0.6667203204503355	0.37121487022152355	-0.48338317432259836	0.6409283654136884	1.0	0.5573268054378292	-10.805195219967938
sp|Q16778|H2B2E_HUMAN	psvid_12940_sp|Q16778|H2B2E_HUMAN	-0.17943902232343145	-1.0255983650971983	0.6667203204503355	0.37121487022152355	-0.48338317432259836	0.6409283654136884	1.0	0.5573268054378292	-10.805195219967938
sp|Q96DA2|RB39B_HUMAN	psvid_80535_sp|Q96DA2|RB39B_HUMAN	0.1440948839751779	-0.5355921281931076	0.8237818961434634	0.29818252102046927	0.48324389867669754	0.6410232721595974	1.0	0.41340312906661564	-12.84566483218464
sp|Q13510|ASAH1_HUMAN	psvid_55195_sp|Q13510|ASAH1_HUMAN	-0.117634487416022	-0.6725615217572587	0.4372925469252147	0.243449615955459	-0.4831984924451232	0.6410542148754255	1.0	0.29356850566375703	-12.860040870558475
sp|P01019|ANGT_HUMAN	psvid_882441_sp|P01019|ANGT_HUMAN	0.09369411642368064	-0.3486560925950716	0.5360443254424329	0.19406152852378664	0.48280623746708407	0.6413215532732562	1.0	0.15630627128164803	-11.045377152086864
sp|Q9Y6K0|CEPT1_HUMAN	psvid_67341_sp|Q9Y6K0|CEPT1_HUMAN	-0.1684897250669808	-0.9650577589324663	0.6280783087985047	0.3494588836479343	-0.48214463260498297	0.6417725897372686	1.0	0.5155636318173126	-15.21014410804176
sp|Q562R1|ACTBL_HUMAN	psvid_39530_sp|Q562R1|ACTBL_HUMAN	0.10470655038832533	-0.39141431826043355	0.6008274190370841	0.21765101980192686	0.48107539529846194	0.6425018524818008	1.0	0.22844437208462207	-11.048519036838204
sp|Q96CW1|AP2M1_HUMAN	psvid_41854_sp|Q96CW1|AP2M1_HUMAN	-0.09890909373670809	-0.5677512335606247	0.3699330460872086	0.2056836878011629	-0.4808796205186908	0.6426354229440475	1.0	0.19418727303349625	-11.788072962906483
sp|Q6P1M0|S27A4_HUMAN	psvid_46048_sp|Q6P1M0|S27A4_HUMAN	-0.2597797074578958	-1.4918651905065254	0.9723057755907338	0.540522841941845	-0.48060819506651964	0.6428206299017295	1.0	0.8670383330185021	-13.375859188765157
sp|P03886|NU1M_HUMAN	psvid_49057_sp|P03886|NU1M_HUMAN	-0.16938224397416723	-0.9746846243981043	0.6359201364497699	0.3532906906850544	-0.47944157160134526	0.6436169735729559	1.0	0.5229735523634983	-15.47044781328961
sp|Q9UBF2|COPG2_HUMAN	psvid_52123_sp|Q9UBF2|COPG2_HUMAN	0.4442869617084342	-1.67035599058525	2.5589299140021184	0.9277057752826079	0.4789093412435539	0.6439804379753817	1.0	1.5415369278568216	-16.003123595967253
sp|Q9UKU0|ACSL6_HUMAN	psvid_49823_sp|Q9UKU0|ACSL6_HUMAN	-0.15121722561142814	-0.8712292967112805	0.5687948454884242	0.3158733515310521	-0.4787273914639255	0.6441047160635976	1.0	0.44938496726625077	-14.1165137438771
sp|Q9UQ80|PA2G4_HUMAN	psvid_42074_sp|Q9UQ80|PA2G4_HUMAN	0.09293342195758836	-0.3502571008390063	0.536123944754183	0.19443017891174383	0.4779783800938274	0.6446164410881604	1.0	0.15761008002928703	-10.44553017087046
sp|Q96E17|RAB3C_HUMAN	psvid_53566_sp|Q96E17|RAB3C_HUMAN	0.14280886307855933	-0.5387253888930547	0.8243431150501733	0.29899291552797747	0.47763293262778456	0.6448525181766186	1.0	0.41507248933498364	-12.935852105691238
sp|Q9Y4P3|TBL2_HUMAN	psvid_31026_sp|Q9Y4P3|TBL2_HUMAN	-0.12939414924330883	-0.7492740460515146	0.49048574756489693	0.27194480260925563	-0.47581034092874	0.6460987693348776	1.0	0.3579843825314563	-11.84055767537519
sp|P02786|TFR1_HUMAN	psvid_47937_sp|P02786|TFR1_HUMAN	-0.5563581411532001	-3.221908440433919	2.109192158127519	1.169391931752257	-0.47576704272239506	0.6461283900853838	1.0	1.9557045973741929	-13.57224616770667
sp|Q15155|NOMO1_HUMAN	psvid_34734_sp|Q15155|NOMO1_HUMAN	-0.12981374462061224	-0.752190855975066	0.4925633667338415	0.27304034469789107	-0.47543796051182946	0.6463535403202226	1.0	0.3603596505696903	-12.07999746846538
sp|O14548|CO72L_HUMAN	psvid_61314_sp|O14548|CO72L_HUMAN	0.2923329025270265	-1.109555728935113	1.694221533989166	0.6150164396782941	0.475325346880063	0.6464305966964122	1.0	0.9988770868717967	-12.28127281620796
sp|O94956|SO2B1_HUMAN	psvid_70935_sp|O94956|SO2B1_HUMAN	0.38130717567934536	-1.4480085454740237	2.2106228968327146	0.8025311116888534	0.47513070848670186	0.6465637894596037	1.0	1.3256655754158542	-15.254720303325612
sp|Q9H6V9|LDAH_HUMAN	psvid_72094_sp|Q9H6V9|LDAH_HUMAN	-0.2705593163156559	-1.5690339869196241	1.0279153542883124	0.5696481525029511	-0.4749586479423441	0.6466815431626581	1.0	0.9187816358122225	-12.77203423616113
sp|P52895|AK1C2_HUMAN	psvid_92432_sp|P52895|AK1C2_HUMAN	0.1675997893588641	-0.6373471603329266	0.9725467390506548	0.3531347612206654	0.47460575328106835	0.6469230877273914	1.0	0.5226725005810396	-10.649907156930427
sp|P10321|HLAC_HUMAN	psvid_29535_sp|P10321|HLAC_HUMAN	0.22686320497339896	-0.864283077357447	1.318009487304245	0.47869202065460015	0.47392309707433355	0.6473904679391148	1.0	0.7560821837882957	-11.868181175115211
sp|P08236|BGLR_HUMAN	psvid_25395_sp|P08236|BGLR_HUMAN	0.18773551543347367	-0.7162025905819118	1.0916736214488592	0.3965627391323466	0.47340684564623176	0.6477440284987392	1.0	0.6051696123929098	-13.7674566215377
sp|P42765|THIM_HUMAN	psvid_44529_sp|P42765|THIM_HUMAN	-0.12023469493281969	-0.699313429809872	0.4588440399442326	0.2540451030307922	-0.4732808997237248	0.6478302982439657	1.0	0.31819252656872454	-10.354097471369942
sp|Q4KMQ2|ANO6_HUMAN	psvid_31777_sp|Q4KMQ2|ANO6_HUMAN	0.30759112634782326	-1.1747220262555074	1.789904278951154	0.6502991301467222	0.47299944300774893	0.6480231091422469	1.0	1.0608195771482996	-16.498846516038448
sp|Q7Z3Y7|K1C28_HUMAN	psvid_30184_sp|Q7Z3Y7|K1C28_HUMAN	0.22611940528122476	-0.8643146911156696	1.3165535016781191	0.4783795806735218	0.4726777948232363	0.6482434872633456	1.0	0.755516848874307	-15.067035409222989
sp|P49411|EFTU_HUMAN	psvid_1211290_sp|P49411|EFTU_HUMAN	-0.19544710072516613	-1.140680090326414	0.7497858888760818	0.4146790371819414	-0.4713213912460525	0.6491732317629664	1.0	0.6389291346270892	-11.638832155733697
sp|P62136|PP1A_HUMAN	psvid_48691_sp|P62136|PP1A_HUMAN	-0.15201733720675525	-0.8875671731958711	0.5835324987823606	0.32268985651460885	-0.47109425393380194	0.6493289859395648	1.0	0.463018552481394	-13.642185458106983
sp|P18669|PGAM1_HUMAN	psvid_59043_sp|P18669|PGAM1_HUMAN	-0.10283715694076045	-0.6012299993038843	0.39555568542236336	0.2186477474687987	-0.4703325697669739	0.6498514256878056	1.0	0.23114844653988834	-11.418083318984221
sp|Q86YB8|ERO1B_HUMAN	psvid_56247_sp|Q86YB8|ERO1B_HUMAN	-0.2870852457158386	-1.6802841472201364	1.1061136557884592	0.6112042061951938	-0.46970430308877037	0.6502825076502654	1.0	0.9921674576832922	-14.381279631301595
sp|Q9NRG9|AAAS_HUMAN	psvid_75281_sp|Q9NRG9|AAAS_HUMAN	0.3734704076139943	-1.4390725635485766	2.186013378776565	0.7951728117843909	0.4696720034679202	0.6503046736142105	1.0	1.3129325408425627	-14.832272192299133
sp|P36955|PEDF_HUMAN	psvid_24473_sp|P36955|PEDF_HUMAN	-0.24908708279129543	-1.4593828647721778	0.961208699189587	0.5309635773386623	-0.4691227297356053	0.6506816746799192	1.0	0.8499906679767161	-14.677434549482399
sp|Q9H2M3|BHMT2_HUMAN	psvid_50162_sp|Q9H2M3|BHMT2_HUMAN	-0.12957768285684867	-0.7601168850997209	0.5009615193860235	0.2766210999489627	-0.4684302205462854	0.651157137973123	1.0	0.3680812447530719	-11.870640270625193
sp|P35241|RADI_HUMAN	psvid_33157_sp|P35241|RADI_HUMAN	-0.12612984431471785	-0.7400690612094484	0.48780937258001267	0.26933859286644374	-0.46829473256089055	0.6512501810299457	1.0	0.35230857130837556	-11.211002371073965
sp|P78371|TCPB_HUMAN	psvid_70358_sp|P78371|TCPB_HUMAN	0.2704333761937616	-1.0483883701829209	1.589255122570444	0.578574529262671	0.4674132069698937	0.651855704049378	1.0	0.9345857875199066	-12.199751008569347
sp|Q9NR28|DBLOH_HUMAN	psvid_52770_sp|Q9NR28|DBLOH_HUMAN	-0.23412306593412113	-1.3766757229619935	0.9084295910937512	0.5012442868142586	-0.46708375954193754	0.6520820724164305	1.0	0.7967540190522447	-13.401378614472765
sp|Q93088|BHMT1_HUMAN	psvid_52250_sp|Q93088|BHMT1_HUMAN	-0.16633940827273186	-0.9798756586312988	0.6471968420858351	0.3569029358080415	-0.4660634351357555	0.6527833935124968	1.0	0.5299365153354441	-11.008992707881085
sp|P63096|GNAI1_HUMAN	psvid_69469_sp|P63096|GNAI1_HUMAN	-0.14285695252066288	-0.8425449346743191	0.5568310296329934	0.30695705922161404	-0.4653971890495743	0.6532415345851246	1.0	0.4313658956999794	-11.74958660766308
sp|RETBP_HUMAN|,sp|P02753|RET4_HUMAN	psvid_55271_sp|RETBP_HUMAN|	-0.32135053179362294	-1.8979460464145654	1.2552449828273196	0.6916613334710009	-0.4646067609142938	0.6537852695566913	1.0	1.1331214934476188	-6.730306802057958
sp|P51690|ARSL_HUMAN	psvid_62262_sp|P51690|ARSL_HUMAN	-0.16489458037885418	-0.9739775293579568	0.6441883686002484	0.3549492474067339	-0.46455819130080483	0.6538186876574184	1.0	0.5261732273791057	-11.904001007731338
sp|Q9P246|STIM2_HUMAN	psvid_48055_sp|Q9P246|STIM2_HUMAN	-0.21192170474734429	-1.2533459867495473	0.8295025772548588	0.4568786990186933	-0.46384676108236217	0.6543082780605578	1.0	0.7164765302087394	-16.032077377976165
sp|Q9BY64|UDB28_HUMAN	psvid_42937_sp|Q9BY64|UDB28_HUMAN	0.1202533768773617	-0.4706994914971335	0.7112062452518569	0.259254352284954	0.4638432327847199	0.6543107065950828	1.0	0.3299817588388036	-12.30565225912336
sp|Q9Y3E0|GOT1B_HUMAN	psvid_13656_sp|Q9Y3E0|GOT1B_HUMAN	0.16252325764276554	-0.6365159705042536	0.9615624857897846	0.35054301049986336	0.4636328575229969	0.6544555161446082	1.0	0.517662645423971	-12.954576581453615
sp|Q6NVY1|HIBCH_HUMAN	psvid_45339_sp|Q6NVY1|HIBCH_HUMAN	-0.30630897339399654	-1.8146587108271421	1.202040764039149	0.6617215265796783	-0.4628970965736199	0.6549620902600078	1.0	1.0808174323095308	-13.443649818670643
sp|Q07021|C1QBP_HUMAN	psvid_58524_sp|Q07021|C1QBP_HUMAN	0.22726932210947215	-0.8933947572525995	1.3479334014715438	0.49164164449052267	0.462266214948057	0.6553966042889912	1.0	0.7794676332776261	-13.370607388474326
sp|A0A075B767|PAL4H_HUMAN	psvid_744_sp|A0A075B767|PAL4H_HUMAN	-0.17067545345083923	-1.0152064431380476	0.6738555362363692	0.37050050254968514	-0.4606618675988197	0.656502205795133	1.0	0.5559666742862072	-13.86917233795629
sp|A0A0B4J2A2|PAL4C_HUMAN	psvid_85826_sp|A0A0B4J2A2|PAL4C_HUMAN	-0.17067545345083923	-1.0152064431380476	0.6738555362363692	0.37050050254968514	-0.4606618675988197	0.656502205795133	1.0	0.5559666742862072	-13.86917233795629
sp|F5H284|PAL4D_HUMAN	psvid_85420_sp|F5H284|PAL4D_HUMAN	-0.17067545345083923	-1.0152064431380476	0.6738555362363692	0.37050050254968514	-0.4606618675988197	0.656502205795133	1.0	0.5559666742862072	-13.86917233795629
sp|P0DN26|PAL4F_HUMAN,sp|A0A075B759|PAL4E_HUMAN	psvid_790_sp|P0DN26|PAL4F_HUMAN	-0.17067545345083923	-1.0152064431380476	0.6738555362363692	0.37050050254968514	-0.4606618675988197	0.656502205795133	1.0	0.5559666742862072	-13.86917233795629
sp|P0DN37|PAL4G_HUMAN	psvid_89600_sp|P0DN37|PAL4G_HUMAN	-0.17067545345083923	-1.0152064431380476	0.6738555362363692	0.37050050254968514	-0.4606618675988197	0.656502205795133	1.0	0.5559666742862072	-13.86917233795629
sp|P01889|HLAB_HUMAN	psvid_43427_sp|P01889|HLAB_HUMAN	0.14280978392865684	-0.5640876097480012	0.8497071776053149	0.310119868668487	0.4604986598950167	0.6566147268306484	1.0	0.43778315306329657	-11.590242558028073
sp|P30039|PBLD_HUMAN	psvid_80880_sp|P30039|PBLD_HUMAN	-0.13769507156547878	-0.8212065327463355	0.5458163896153779	0.2998603283459981	-0.45919736140153017	0.6575122164911957	1.0	0.4168568850149189	-12.493830379888365
sp|P08238|HS90B_HUMAN	psvid_47970_sp|P08238|HS90B_HUMAN	0.10541420655482714	-0.41927877583333983	0.6301071889429941	0.23018576705054855	0.45795275661712953	0.6583711522229008	1.0	0.2612070722021755	-11.01105844644622
sp|Q7Z2K6|ERMP1_HUMAN	psvid_45196_sp|Q7Z2K6|ERMP1_HUMAN	0.26510916733978407	-1.055782046449235	1.586000381128803	0.5794824162740936	0.45749303153037896	0.6586885561056831	1.0	0.9361918813788684	-15.387665090204518
sp|Q14344|GNA13_HUMAN	psvid_71203_sp|Q14344|GNA13_HUMAN	-0.23420689894840718	-1.4023515504972852	0.9339377526004708	0.5124716389742938	-0.45701436164773845	0.6590191172091834	1.0	0.8169103639641392	-13.700158425196278
sp|Q14568|HS902_HUMAN	psvid_68314_sp|Q14568|HS902_HUMAN	-0.19657778933507197	-1.1770775738030275	0.7839219951328835	0.43015077875328533	-0.456997404270236	0.6590308291256943	1.0	0.6675212890937869	-12.741996648911204
sp|Q9UL42|PNMA2_HUMAN	psvid_52452_sp|Q9UL42|PNMA2_HUMAN	-0.16937882469172827	-1.0145177884668786	0.6757601390834219	0.3707672242068774	-0.4568333273094813	0.6591441569272084	1.0	0.5564745853405791	-15.018588956259812
sp|Q9NYL5|CP39A_HUMAN	psvid_96064_sp|Q9NYL5|CP39A_HUMAN	-0.22385693109089777	-1.341271438842818	0.8935575766610224	0.49021603911980893	-0.4566495447452854	0.659271106365645	1.0	0.7768974282240296	-14.605871691801294
sp|P13797|PLST_HUMAN	psvid_31240_sp|P13797|PLST_HUMAN	0.10338646535931018	-0.4134593098075401	0.6202322405261604	0.22674315303802284	0.4559628988751567	0.659745515835481	1.0	0.2524554106923018	-13.472980609867157
sp|P21810|PGS1_HUMAN	psvid_96543_sp|P21810|PGS1_HUMAN	-0.41170863386125855	-2.47080175818362	1.647384490461103	0.9033357528308015	-0.45576479461936376	0.6598824178614084	1.0	1.4996046098687648	-13.349541861651305
sp|O14818|PSA7_HUMAN	psvid_47175_sp|O14818|PSA7_HUMAN	-0.28973063233947816	-1.7396286964603962	1.1601674317814399	0.6360784482302725	-0.45549512508336104	0.6600687974834814	1.0	1.0358861031986515	-12.2087767305189
sp|P26639|SYTC_HUMAN	psvid_65251_sp|P26639|SYTC_HUMAN	-0.16890114316481863	-1.0157385831076244	0.6779362967779872	0.37151235526940735	-0.45463129494667176	0.6606659937381748	1.0	0.5578929996071744	-16.65401264391722
sp|P61225|RAP2B_HUMAN	psvid_73533_sp|P61225|RAP2B_HUMAN	0.2644064668359527	-1.0621527857925115	1.590965719464417	0.5819690168418991	0.45433083065276453	0.6608737752809716	1.0	0.9405895728730883	-14.057981146274296
sp|P10632|CP2C8_HUMAN	psvid_27087_sp|P10632|CP2C8_HUMAN	0.14624056506802074	-0.5894213234037475	0.881902453539789	0.32273901456995746	0.4531232930201607	0.6617091414758144	1.0	0.46311645641948945	-8.269700235124944
sp|P26038|MOES_HUMAN	psvid_62252_sp|P26038|MOES_HUMAN	-0.10010976887003098	-0.6041021567266663	0.4038826189866044	0.2211042996199095	-0.45277169662519096	0.6619524672016357	1.0	0.23773263911049372	-10.557026840662177
sp|Q8TF72|SHRM3_HUMAN	psvid_27335_sp|Q8TF72|SHRM3_HUMAN	-0.1672928968671492	-1.0106450988090296	0.6760593050747311	0.3699833617255157	-0.45216329752487877	0.6623736155409263	1.0	0.5549816159337648	-17.869821949371335
sp|Q9NR31|SAR1A_HUMAN	psvid_67761_sp|Q9NR31|SAR1A_HUMAN	-0.09532470247083014	-0.5769355380156842	0.3862861330740239	0.21128538654197931	-0.45116562025878926	0.6630645049693529	1.0	0.21067452134509992	-10.970223876392058
sp|Q9NX63|MIC19_HUMAN	psvid_33740_sp|Q9NX63|MIC19_HUMAN	0.19686433100362244	-0.8000125956336261	1.193741257640871	0.43733552327793335	0.45014484423327344	0.6637717413943574	1.0	0.6807322307109525	-11.642768811989065
sp|P17858|PFKAL_HUMAN	psvid_39972_sp|P17858|PFKAL_HUMAN	-0.39072348709739035	-2.3724316544657524	1.5909846802709715	0.8693865362936302	-0.4494243593455257	0.6642711370273896	1.0	1.4411191909272603	-13.538006582072455
sp|P38435|VKGC_HUMAN	psvid_74919_sp|P38435|VKGC_HUMAN	-0.08840220156666057	-0.5378851124275772	0.36108070929425606	0.1971906850015587	-0.4483082026210406	0.6650451362650283	1.0	0.16712396909234642	-12.371291040106701
sp|Q6UX53|TMT1B_HUMAN	psvid_37390_sp|Q6UX53|TMT1B_HUMAN	0.08431384131470843	-0.3448808204407763	0.5135085030701931	0.1882901158321553	0.4477868683763893	0.665406800529812	1.0	0.13463032214919918	-10.15068288532981
sp|Q9UI47|CTNA3_HUMAN	psvid_26958_sp|Q9UI47|CTNA3_HUMAN	0.0815195225490486	-0.3337310814797567	0.4967701265778539	0.18217277915842353	0.4474846512505389	0.6656164992622654	1.0	0.1079298468217167	-17.33763767496503
sp|Q2VIR3|IF2GL_HUMAN	psvid_50687_sp|Q2VIR3|IF2GL_HUMAN	-0.12605585258295227	-0.7718873727750956	0.519775667609191	0.2833299259773042	-0.4449083595675305	0.6674053598741905	1.0	0.38238651010484126	-11.96255471848151
sp|O15127|SCAM2_HUMAN	psvid_107322_sp|O15127|SCAM2_HUMAN	-0.19602867389518286	-1.2004700255261869	0.8084126777358212	0.4406540791342718	-0.44485841202312104	0.6674400633525713	1.0	0.6868209459356975	-13.222070489067168
sp|P62306|RUXF_HUMAN	psvid_9269_sp|P62306|RUXF_HUMAN	-0.12492295936197406	-0.7662560212991688	0.5164101025752207	0.28135642700034597	-0.44400250846880585	0.6680348745699598	1.0	0.37819927473803855	-12.416331298747142
sp|Q8TEB1|DCA11_HUMAN	psvid_33833_sp|Q8TEB1|DCA11_HUMAN	-0.16879005566510674	-1.036984133006514	0.6994040216763004	0.380881632401421	-0.4431561968501924	0.6686232625136151	1.0	0.5756651096432837	-14.467162082867334
sp|Q9H115|SNAB_HUMAN	psvid_53113_sp|Q9H115|SNAB_HUMAN	-0.10559342275248706	-0.6488061702740253	0.4376193247690512	0.23831049233926474	-0.44309179052914566	0.6686680501016239	1.0	0.2812597783322407	-12.3982588431382
sp|Q6PCB7|S27A1_HUMAN	psvid_55138_sp|Q6PCB7|S27A1_HUMAN	-0.29194084153949973	-1.7964464858876252	1.2125648028086258	0.6600351012889081	-0.4423110846217139	0.6692110570284052	1.0	1.0778664885890517	-15.35154044417149
sp|P05198|IF2A_HUMAN	psvid_48242_sp|P05198|IF2A_HUMAN	-0.10950783987653123	-0.6744374664136698	0.4554217866606073	0.24783780949795262	-0.4418528395581057	0.6695298770891193	1.0	0.3038807169397836	-10.953798385253464
sp|Q13423|NNTM_HUMAN	psvid_38304_sp|Q13423|NNTM_HUMAN	0.11364796569333802	-0.47332161635610914	0.7006175477427852	0.25750686213568647	0.44133956179177164	0.6698870693685945	1.0	0.3260479566742042	-10.794408382143136
sp|P02746|C1QB_HUMAN	psvid_80597_sp|P02746|C1QB_HUMAN	-0.26583782096756314	-1.6390580230538832	1.1073823811187569	0.6024394382174179	-0.441268954360228	0.6699362123090499	1.0	0.9767277029034501	-13.840696584755346
sp|P30085|KCY_HUMAN	psvid_62755_sp|P30085|KCY_HUMAN	0.10758138372044934	-0.4494907684189817	0.6646535358598804	0.24439069121730775	0.44020246100449845	0.6706786974432808	1.0	0.29579463527463956	-11.425690408901964
sp|P21912|SDHB_HUMAN	psvid_70441_sp|P21912|SDHB_HUMAN	0.10880904897529442	-0.45481889937942277	0.6724369973300116	0.24726675594676956	0.440047221708681	0.6707868057027724	1.0	0.302548346032408	-10.219218716185354
sp|O43707|ACTN4_HUMAN	psvid_33314_sp|O43707|ACTN4_HUMAN	-0.10889366295959135	-0.6732958767562817	0.45550855083709896	0.24760643055772033	-0.4397852782511107	0.6709692407587925	1.0	0.30334120314860696	-11.078088006746093
sp|P50402|EMD_HUMAN	psvid_46394_sp|P50402|EMD_HUMAN	-0.14586946500175912	-0.9020416869506525	0.6103027569471342	0.3317370134042584	-0.4397141684759819	0.6710187703542358	1.0	0.4809431838910219	-12.309083294382663
sp|Q8NE62|CHDH_HUMAN	psvid_74012_sp|Q8NE62|CHDH_HUMAN	0.17004075455777867	-0.7136537572470665	1.0537352663626238	0.38768176031688	0.4386091169695273	0.6717886813920692	1.0	0.5884947808016293	-13.3530237834361
sp|Q15005|SPCS2_HUMAN	psvid_62542_sp|Q15005|SPCS2_HUMAN	-0.126684029064414	-0.7851845230180853	0.5318164648892573	0.2888878761327785	-0.4385231763972939	0.6718485749671522	1.0	0.39409169086844187	-10.748434667716502
sp|Q15006|EMC2_HUMAN	psvid_40034_sp|Q15006|EMC2_HUMAN	-0.1136898166736171	-0.7055330826963413	0.4781534493491071	0.25964497474897996	-0.4378664242723371	0.6723063590531957	1.0	0.3308583061009321	-13.16498749893837
sp|P57772|SELB_HUMAN	psvid_68267_sp|P57772|SELB_HUMAN	-0.1294202432566789	-0.8034468912311635	0.5446064047178057	0.2956992873629404	-0.4376751949957488	0.6724396810093728	1.0	0.40827395053567545	-12.890654977633954
sp|O43504|LTOR5_HUMAN	psvid_22230_sp|O43504|LTOR5_HUMAN	-0.1219843293503935	-0.7574306611653088	0.5134620024645218	0.27877388533483916	-0.43757444928486194	0.6725099241905164	1.0	0.37269386487703426	-11.96195652882751
sp|O14773|TPP1_HUMAN	psvid_59353_sp|O14773|TPP1_HUMAN	0.21875271154389475	-0.9212363091567648	1.3587417322445543	0.5001196051161497	0.43740079234264523	0.6726310113892883	1.0	0.794731697594243	-12.88300932873773
sp|P52597|HNRPF_HUMAN	psvid_42052_sp|P52597|HNRPF_HUMAN	0.43657842838015304	-1.8433159189087935	2.7164727756690996	1.0002024931537397	0.4364900421349452	0.67326622208924	1.0	1.6660617873907448	-13.38328502569342
sp|P50990|TCPQ_HUMAN	psvid_85860_sp|P50990|TCPQ_HUMAN	-0.19554062868885458	-1.2184131356201873	0.8273318782424781	0.4487399307900793	-0.4357549111900375	0.6737791468459682	1.0	0.7016230341424156	-12.197399269224002
sp|P51151|RAB9A_HUMAN	psvid_74795_sp|P51151|RAB9A_HUMAN	-0.16940511385695523	-1.0574027605450054	0.718592532831095	0.38956956983036756	-0.43485201867979634	0.6744093699356015	1.0	0.5920467545945308	-13.11881505618008
sp|Q13825|AUHM_HUMAN	psvid_24138_sp|Q13825|AUHM_HUMAN	-0.1687341667412512	-1.054383862585794	0.7169155291032916	0.38853951056895	-0.4342780133072406	0.6748101689241858	1.0	0.5901091760820908	-14.62326109313878
sp|Q15907|RB11B_HUMAN	psvid_65739_sp|Q15907|RB11B_HUMAN	-0.11090018063417117	-0.6937353036542846	0.47193494238594225	0.2556930516694695	-0.43372387286272507	0.6751972008122608	1.0	0.3219426924012498	-11.323126924343386
sp|P47914|RL29_HUMAN	psvid_25389_sp|P47914|RL29_HUMAN	-0.16773885845494574	-1.050373073183866	0.7148953562739746	0.3872166020168541	-0.43319128772181287	0.6755692734911545	1.0	0.5876189351400479	-12.927999238765747
sp|P30101|PDIA3_HUMAN	psvid_68778_sp|P30101|PDIA3_HUMAN	-0.1037593447635734	-0.6498718582058449	0.4423531686786981	0.23958263598352111	-0.4330837430585334	0.6756444173367931	1.0	0.28433159675233277	-7.776217579305689
sp|Q13586|STIM1_HUMAN	psvid_31847_sp|Q13586|STIM1_HUMAN	-0.08453256807584975	-0.5298882504686293	0.36082311431692987	0.1953800466232696	-0.4326571189679611	0.6759425467392519	1.0	0.16093193758918364	-11.72476183938679
sp|Q12931|TRAP1_HUMAN	psvid_35824_sp|Q12931|TRAP1_HUMAN	-0.16792365977088908	-1.0526395743873398	0.7167922548455616	0.38812985548405166	-0.43264813927149465	0.675948822492017	1.0	0.589338259627684	-15.219480325017125
sp|P14649|MYL6B_HUMAN	psvid_65574_sp|P14649|MYL6B_HUMAN	-0.130264203395134	-0.816686279223383	0.556157872433115	0.3011372313877523	-0.4325742213768392	0.6760004834277559	1.0	0.4194791778375702	-13.649428793606376
sp|P24462|CP3A7_HUMAN	psvid_418760_sp|P24462|CP3A7_HUMAN	-0.1462405650680214	-0.9175521225929161	0.6250709924568733	0.33837872520367296	-0.4321801406988516	0.6762759353768164	1.0	0.49398946139070593	-8.642663370949144
sp|Q9P035|HACD3_HUMAN	psvid_38408_sp|Q9P035|HACD3_HUMAN	0.1377070298501084	-0.5897091381599832	0.8651231978602	0.31912157055399903	0.4315190277205245	0.6767381509671933	1.0	0.4558962034737552	-11.629151001364495
sp|Q10713|MPPA_HUMAN	psvid_44538_sp|Q10713|MPPA_HUMAN	-0.16640483129155337	-1.0457662122617108	0.7129565496786042	0.38578079141050525	-0.43134555943840075	0.6768594547884725	1.0	0.5849138460467401	-16.193472879691186
sp|Q8TD47|RS4Y2_HUMAN	psvid_55864_sp|Q8TD47|RS4Y2_HUMAN	-0.08695801564874017	-0.5472235656501019	0.3733075343526215	0.20192108953274876	-0.4306534589822367	0.6773435291877492	1.0	0.18255363031168947	-11.61644155673638
sp|Q07817|B2CL1_HUMAN	psvid_94069_sp|Q07817|B2CL1_HUMAN	-0.16937785663820515	-1.068666755687904	0.7299110424114936	0.3945231058467967	-0.42932303362728486	0.6782745087046578	1.0	0.6013477635736124	-15.021347830767542
sp|P0DTE4|UD2A1_HUMAN	psvid_882661_sp|P0DTE4|UD2A1_HUMAN	-0.18512459812806714	-1.173063356535713	0.8028141602795787	0.4334142985255202	-0.4271308047700846	0.6798098123325942	1.0	0.6735270531418729	-13.203101814125692
sp|Q86TM6|SYVN1_HUMAN	psvid_81971_sp|Q86TM6|SYVN1_HUMAN	-0.13583498247647974	-0.8614538431370198	0.5897838781840603	0.31833308169524005	-0.42670708854106143	0.6801067389300209	1.0	0.45431811053921567	-13.6065921371975
sp|P24539|AT5F1_HUMAN	psvid_51447_sp|P24539|AT5F1_HUMAN	-0.09483353950753504	-0.6018647451142762	0.41219766609920616	0.22243744608501212	-0.42633801626768875	0.6803654206541808	1.0	0.2412605242118159	-10.300505268032769
sp|Q7KZF4|SND1_HUMAN	psvid_39774_sp|Q7KZF4|SND1_HUMAN	0.11071177122212772	-0.48300329248496954	0.704426834929225	0.2604661429372408	0.42505244625518823	0.6812668204412494	1.0	0.33269773086570525	-10.63219334498066
sp|P20020|AT2B1_HUMAN	psvid_31615_sp|P20020|AT2B1_HUMAN	-0.18563719814423418	-1.1818966116010237	0.8106222153125552	0.43706461676711844	-0.4247362770231923	0.6814885906010953	1.0	0.6802348219506064	-15.92406555079802
sp|Q13488|VPP3_HUMAN	psvid_83110_sp|Q13488|VPP3_HUMAN	0.1839732532619447	-0.8038303574188366	1.171776863942726	0.4333550084564366	0.42453242646770695	0.6816315944942051	1.0	0.673418017878907	-16.78065435580104
sp|Q9P003|CNIH4_HUMAN	psvid_60018_sp|Q9P003|CNIH4_HUMAN	-0.2068406504583855	-1.3179890743280402	0.9043077734112692	0.4874670728228377	-0.424317173384875	0.6817826121049494	1.0	0.7719384350244517	-13.4645091226629
sp|Q9NSD9|SYFB_HUMAN	psvid_48416_sp|Q9NSD9|SYFB_HUMAN	-0.225332102285825	-1.4363137918063595	0.9856495872347095	0.5312644888401311	-0.4241429777807571	0.6819048355869615	1.0	0.8505278315808675	-12.739056369464915
sp|Q13445|TMED1_HUMAN	psvid_30425_sp|Q13445|TMED1_HUMAN	-0.1701713736027921	-1.08517876047667	0.7448360132710857	0.40141889499994116	-0.4239246725115345	0.6820580223413836	1.0	0.6142512314274303	-12.546397068449972
sp|P11021|BIP_HUMAN	psvid_56562_sp|P11021|BIP_HUMAN	0.10823984079844085	-0.4750081995322025	0.6914878811290842	0.25587420081962614	0.42301975131421143	0.6826931789040421	1.0	0.3223537329767143	-6.764485539902368
sp|O75369|FLNB_HUMAN	psvid_39383_sp|O75369|FLNB_HUMAN	0.3478795744909613	-1.528967223366759	2.2247263723486816	0.8233832627889712	0.4225001772717853	0.683057983784186	1.0	1.3617192925104986	-15.483904566055386
sp|P05165|PCCA_HUMAN	psvid_71252_sp|P05165|PCCA_HUMAN	-0.2908866966748307	-1.8609351203059743	1.279161726956313	0.6887890877729982	-0.42231606429092733	0.6831872747677976	1.0	1.128110444204217	-13.292803236456008
sp|Q9H553|ALG2_HUMAN	psvid_63784_sp|Q9H553|ALG2_HUMAN	-0.14657304284462924	-0.9384179484552586	0.6452718627660001	0.34738682067641574	-0.42193035003236135	0.6834581733157549	1.0	0.5115461484030468	-11.436451204400035
sp|O95210|STBD1_HUMAN	psvid_76062_sp|O95210|STBD1_HUMAN	-0.12429986119892078	-0.7965395802124182	0.5479398578145767	0.2949153515617076	-0.42147640175629336	0.6837770564184733	1.0	0.406650276459998	-10.565017019958688
sp|P12236|ADT3_HUMAN	psvid_82711_sp|P12236|ADT3_HUMAN	0.10396456020180134	-0.459073831620452	0.6670029520240547	0.24700811417491436	0.4208953238199321	0.6841853411526426	1.0	0.3019439692205131	-10.477814765259595
sp|Q9BPW8|NIPS1_HUMAN	psvid_60951_sp|Q9BPW8|NIPS1_HUMAN	0.14982454693678182	-0.6638606624692065	0.9635097563427701	0.35696828498125466	0.41971388843311247	0.6850157938301165	1.0	0.5300622879174046	-10.623752568820155
sp|Q96HD1|CREL1_HUMAN	psvid_53277_sp|Q96HD1|CREL1_HUMAN	0.08548036657775393	-0.37915047223544635	0.5501112053909543	0.20383616632485055	0.4193581939797925	0.6852659063223585	1.0	0.1885377870224205	-12.641215895463754
sp|P48651|PTSS1_HUMAN	psvid_68246_sp|P48651|PTSS1_HUMAN	-0.18368422320228683	-1.183492466352765	0.8161240199481913	0.4386215083448472	-0.4187761423178388	0.6856752737145334	1.0	0.6830926627217078	-14.290784906010177
sp|Q92928|RAB1C_HUMAN	psvid_85851_sp|Q92928|RAB1C_HUMAN	0.12805846183574676	-0.5711050634973573	0.8272219871688509	0.30672697706009133	0.4174998334452292	0.6865733067816856	1.0	0.43089792464585136	-11.833838720444746
sp|Q16706|MA2A1_HUMAN	psvid_50834_sp|Q16706|MA2A1_HUMAN	-0.2245381137923732	-1.4522651418329227	1.0031889142481762	0.5386107631779479	-0.416883822498344	0.6870069302802471	1.0	0.8636311281709107	-13.555935043990644
sp|Q01581|HMCS1_HUMAN	psvid_72414_sp|Q01581|HMCS1_HUMAN	0.1859939544433229	-0.8311719643156033	1.203159873202249	0.44623641841274925	0.41680586068008146	0.6870618179914662	1.0	0.6970450105223359	-15.606869434231161
sp|Q14258|TRI25_HUMAN	psvid_69696_sp|Q14258|TRI25_HUMAN	-0.4794350220801289	-3.1015944174196535	2.1427243732593957	1.1503560977655705	-0.4167709659742529	0.6870863856565569	1.0	1.9231705343100058	-13.805587336814792
sp|P16152|CBR1_HUMAN	psvid_80495_sp|P16152|CBR1_HUMAN	-0.13670106393123982	-0.8848883004418261	0.6114861725793465	0.328233955311813	-0.416474474133481	0.6872951469147237	1.0	0.4740246382018566	-11.110465940162836
sp|P48643|TCPE_HUMAN	psvid_26360_sp|P48643|TCPE_HUMAN	-0.28568011310097763	-1.8493398462244162	1.277979620022461	0.6859863332587846	-0.4164516102585478	0.6873112466454325	1.0	1.1232193155369348	-12.893220958601914
sp|P01116|RASK_HUMAN	psvid_86524_sp|P01116|RASK_HUMAN	-0.12835804093737258	-0.8311274268105117	0.5744113449357665	0.3083088883913757	-0.4163293559491265	0.6873973355764561	1.0	0.4341122714533695	-12.864881246277275
sp|P62750|RL23A_HUMAN	psvid_46391_sp|P62750|RL23A_HUMAN	0.09600566196551563	-0.4307287760787408	0.6227401000097721	0.23108136514671096	0.4154625878402731	0.6880078330511821	1.0	0.2634572432094529	-10.088453775637982
sp|Q9BXJ8|TACAN_HUMAN	psvid_69822_sp|Q9BXJ8|TACAN_HUMAN	0.24310825671880165	-1.092303376046521	1.5785198894841244	0.5858526058747677	0.4149648807242289	0.6883584957558598	1.0	0.9474543913103319	-12.960610855170106
sp|O43399|TPD54_HUMAN	psvid_61417_sp|O43399|TPD54_HUMAN	-0.1590616980600248	-1.0335168652680702	0.7153934691480206	0.3836284077956044	-0.4146243991002152	0.6885984299204709	1.0	0.5808541238774647	-13.160269160343363
sp|Q9UM00|TMCO1_HUMAN	psvid_80274_sp|Q9UM00|TMCO1_HUMAN	-0.08642835750180478	-0.5616381518312681	0.38878143682765853	0.20847721370273053	-0.41456980341767097	0.6886369064294655	1.0	0.20252180170299844	-11.79852092152481
sp|Q5T8D3|ACBD5_HUMAN	psvid_28355_sp|Q5T8D3|ACBD5_HUMAN	0.16686642925143902	-0.7508634846840058	1.0845963431868837	0.4026132829582673	0.41445833089599154	0.688715470061337	1.0	0.6164811376696699	-14.225000483286298
sp|P47897|SYQ_HUMAN	psvid_30149_sp|P47897|SYQ_HUMAN	-0.22331148898590936	-1.4516898706795338	1.005066892707715	0.538896515694728	-0.4143865890430251	0.688766034404148	1.0	0.864140406671009	-14.604012950992244
sp|Q9NVS9|PNPO_HUMAN	psvid_71936_sp|Q9NVS9|PNPO_HUMAN	-0.33334854134581837	-2.1696796722354597	1.502982589543823	0.805608811459046	-0.4137846267372468	0.689190367994795	1.0	1.3309896761676483	-13.196111500929838
sp|Q9GZM5|YIPF3_HUMAN	psvid_77443_sp|Q9GZM5|YIPF3_HUMAN	-0.1831427421825884	-1.1942708727623739	0.827985388397197	0.44358760672676395	-0.4128671302023066	0.6898373496690331	1.0	0.6921964944280843	-13.30824400599138
sp|Q9Y6I9|TX264_HUMAN	psvid_73601_sp|Q9Y6I9|TX264_HUMAN	-0.11468271014986797	-0.7491380126901914	0.5197725923904555	0.2783391152094543	-0.4120251300776304	0.6904313304890398	1.0	0.3717640548756733	-12.688575457712645
sp|Q9UJS0|S2513_HUMAN	psvid_50176_sp|Q9UJS0|S2513_HUMAN	-0.07990011784529161	-0.5222133611805766	0.3624131254899934	0.19404531147021614	-0.41176010510078936	0.6906183365007885	1.0	0.15624872355332597	-10.399560683748417
sp|P07355|ANXA2_HUMAN	psvid_32022_sp|P07355|ANXA2_HUMAN	-0.18855062049579274	-1.2335864452437262	0.8564852042521407	0.458463103165625	-0.41126672832312244	0.6909665308400025	1.0	0.7193630512368426	-10.679499844106292
sp|P61006|RAB8A_HUMAN	psvid_17967_sp|P61006|RAB8A_HUMAN	0.11866884105000075	-0.5395313390057321	0.7768690211057336	0.2887561267340382	0.4109656213781462	0.6911790712335628	1.0	0.3938156552398036	-10.494431886293409
sp|Q9UKY3|CES1P_HUMAN	psvid_103296_sp|Q9UKY3|CES1P_HUMAN	0.10823983478721311	-0.4927999818610447	0.7092796514354709	0.26367955331399606	0.410497641651867	0.6915094581919569	1.0	0.33985460713927124	-7.354459445178515
sp|O43920|NDUS5_HUMAN	psvid_83035_sp|O43920|NDUS5_HUMAN	-0.20929041485718036	-1.3724206834593207	0.9538398537449599	0.510271800928764	-0.41015477335067974	0.6917515624078739	1.0	0.812965479682041	-12.08251204500888
sp|Q16891|MIC60_HUMAN	psvid_51004_sp|Q16891|MIC60_HUMAN	-0.10497091287009708	-0.6894061820531893	0.4794643563129951	0.2563950448050395	-0.4094108485985602	0.6922769865187501	1.0	0.32353427132281953	-11.565961915211311
sp|Q02978|M2OM_HUMAN	psvid_75993_sp|Q02978|M2OM_HUMAN	-0.20312094913353196	-1.3434534886406537	0.9372115903735898	0.5002703087516394	-0.40602239545335866	0.6946724195991049	1.0	0.7950027166562289	-11.422258300833317
sp|P00846|ATP6_HUMAN	psvid_68413_sp|P00846|ATP6_HUMAN	0.16284509407471193	-0.75215188474389	1.077842072893314	0.4014143289274615	0.4056783286979754	0.6949158566238137	1.0	0.6142427038337113	-14.061600740075086
sp|P26599|PTBP1_HUMAN	psvid_71919_sp|P26599|PTBP1_HUMAN	0.12230073458373392	-0.5662195737352411	0.810821042902709	0.3020577378011025	0.40489191064612257	0.6954724095428961	1.0	0.4213662987065706	-12.316726688065621
sp|Q9BT40|INP5K_HUMAN	psvid_82994_sp|Q9BT40|INP5K_HUMAN	0.10469862428461107	-0.48604146392298886	0.695438712492211	0.25916100442711343	0.4039906563722883	0.6961104715631734	1.0	0.32977213936366834	-13.874222379232197
sp|P09661|RU2A_HUMAN	psvid_59339_sp|P09661|RU2A_HUMAN	-0.29286935341145925	-1.9457654397506203	1.3600267329277018	0.725134824096725	-0.4038826211060492	0.6961869745133319	1.0	1.1914258959631683	-13.92972896038691
sp|Q86UE4|LYRIC_HUMAN	psvid_79305_sp|Q86UE4|LYRIC_HUMAN	-0.11161889782202694	-0.7417963830233245	0.5185585873792706	0.2764624126452158	-0.4037398673984208	0.6962880682231587	1.0	0.36774037243729546	-12.221063891678082
sp|P98187|CP4F8_HUMAN	psvid_30112_sp|P98187|CP4F8_HUMAN	0.07909789254845112	-0.36807879369819513	0.5262745787950973	0.19617893127195773	0.4031925958389475	0.6966756879645579	1.0	0.16368578841448636	-11.880516018655552
sp|Q9H3K2|GHITM_HUMAN	psvid_40334_sp|Q9H3K2|GHITM_HUMAN	0.3610523056738826	-1.6809160428610208	2.403020654208786	0.8958230172263285	0.40303977318174133	0.6967839454525382	1.0	1.486669524400685	-13.275292112120479
sp|Q68CJ9|CR3L3_HUMAN	psvid_92174_sp|Q68CJ9|CR3L3_HUMAN	-0.19051821752100606	-1.2695436300904457	0.8885071950484336	0.4733745268115339	-0.4024682502547453	0.6971888692542642	1.0	0.74645318844334	-13.830522638365519
sp|Q16775|GLO2_HUMAN	psvid_40943_sp|Q16775|GLO2_HUMAN	-0.1035210629564669	-0.6908759981413956	0.48383387222846175	0.2576759187269761	-0.4017490787183493	0.6976985470884149	1.0	0.3264294257747114	-13.833715669599233
sp|Q06323|PSME1_HUMAN	psvid_86392_sp|Q06323|PSME1_HUMAN	-0.1092326045410803	-0.7292183034310626	0.510753094348902	0.27199121857853054	-0.40160342349266753	0.6978017928072796	1.0	0.35808514329101293	-11.932354998990682
sp|P30044|PRDX5_HUMAN	psvid_79006_sp|P30044|PRDX5_HUMAN	-0.09837782994851851	-0.65725336759384	0.460497707696803	0.24518184659749184	-0.40124434705813533	0.6980563475078122	1.0	0.29765982415093467	-12.018056472968343
sp|P62910|RL32_HUMAN	psvid_88642_sp|P62910|RL32_HUMAN	0.08766946396132758	-0.4121788848529422	0.5875178127755973	0.21928628634800976	0.39979455816126674	0.6990845332713903	1.0	0.23287067809726034	-10.193872431200143
sp|RASH_HUMAN|,sp|P01112|RASH_HUMAN	psvid_71725_sp|RASH_HUMAN|	-0.1687739876526133	-1.1333446179496498	0.7957966426444233	0.42316256908710986	-0.398839594949785	0.6997621473113446	1.0	0.654632147711332	-13.677016558271033
sp|P04196|HRG_HUMAN	psvid_62063_sp|P04196|HRG_HUMAN	-0.24996023252159016	-1.6808642719445748	1.1809438069013944	0.6277456625990052	-0.39818711209680013	0.7002252928823706	1.0	1.021256117276142	-13.448348696503789
sp|O15173|PGRC2_HUMAN	psvid_82327_sp|O15173|PGRC2_HUMAN	-0.11925442200858738	-0.8029532783059261	0.5644444342887514	0.29994253963922446	-0.39759089241568885	0.7006486170850413	1.0	0.4170258771145376	-10.46714608501222
sp|Q15286|RAB35_HUMAN	psvid_85840_sp|Q15286|RAB35_HUMAN	0.11224163496492956	-0.5312531258690301	0.7557363957988892	0.2823047764835415	0.3975902794243841	0.7006490523739766	1.0	0.3802135196933809	-11.293403209429755
sp|P09622|DLDH_HUMAN	psvid_64865_sp|P09622|DLDH_HUMAN	0.23541388214054493	-1.1144507656431681	1.585278529924258	0.5921932249794084	0.3975288338510301	0.7006926858476695	1.0	0.9586533536883077	-12.663653222679834
sp|Q03591|FHR1_HUMAN	psvid_25507_sp|Q03591|FHR1_HUMAN	-0.10090157478806683	-0.6797376149264887	0.477934465350355	0.25393863148181794	-0.39734629662006116	0.7008223153148396	1.0	0.31794955210327597	-12.16446609021912
sp|P02749|APOH_HUMAN	psvid_47424_sp|P02749|APOH_HUMAN	-0.08535277970889199	-0.5761818385932582	0.40547627917547424	0.21532947304870356	-0.39638224391877264	0.7015071117023948	1.0	0.2220680480911148	-10.956936337026626
sp|Q92504|S39A7_HUMAN	psvid_83497_sp|Q92504|S39A7_HUMAN	-0.12043210730735066	-0.8134855415115138	0.5726213268968124	0.3040464456627349	-0.3960977312030169	0.7017092647400035	1.0	0.4254341826692926	-13.497131277281131
sp|Q9Y276|BCS1_HUMAN	psvid_86464_sp|Q9Y276|BCS1_HUMAN	0.22346598544508867	-1.0638279774916959	1.5107599483818732	0.5647431130666991	0.39569492796753447	0.7019955087194756	1.0	0.9100869426738143	-13.471745046057329
sp|O95479|G6PE_HUMAN	psvid_55911_sp|O95479|G6PE_HUMAN	0.06797525843238672	-0.32405587132982927	0.4600063881946027	0.1719862649987749	0.3952365523658004	0.7023213049424911	1.0	0.03659141270047372	-10.020173891580802
sp|Q01814|AT2B2_HUMAN	psvid_60887_sp|Q01814|AT2B2_HUMAN	-0.17075890801042437	-1.158224449782701	0.8167066337618522	0.43320669572188103	-0.3941742122103572	0.7030766253393339	1.0	0.6731452567059646	-17.040351449816924
sp|Q9H2X3|CLC4M_HUMAN	psvid_82812_sp|Q9H2X3|CLC4M_HUMAN	-0.13787044552871386	-0.9354432819962586	0.6597023909388309	0.34989969620966643	-0.3940284802250852	0.7031802673873874	1.0	0.5164173480836582	-12.036911289969684
sp|Q8NI22|MCFD2_HUMAN	psvid_66567_sp|Q8NI22|MCFD2_HUMAN	-0.08435389284359207	-0.5734801048391809	0.40477231915199674	0.21458242452619655	-0.3931071849423251	0.7038356275295903	1.0	0.2199918031743051	-10.071498940282858
sp|P35914|HMGCL_HUMAN	psvid_62663_sp|P35914|HMGCL_HUMAN	-0.2669026480191339	-1.8161573063467897	1.282352010308522	0.6796667457998566	-0.3926963466559381	0.704127959871241	1.0	1.1121860464901174	-13.579258189480015
sp|P07307|ASGR2_HUMAN	psvid_70966_sp|P07307|ASGR2_HUMAN	-0.08615143649358759	-0.5862604060201972	0.4139575330330221	0.21940062212263012	-0.3926672388624074	0.7041486735103529	1.0	0.23317824293675526	-10.606175662221487
sp|P31995|FCG2C_HUMAN	psvid_75549_sp|P31995|FCG2C_HUMAN	-0.22145710690671372	-1.5071356139011545	1.064221400087727	0.5640344034446793	-0.3926304947964656	0.7041748216316296	1.0	0.908830058732962	-12.933169619814574
sp|Q96IU4|ABHEB_HUMAN	psvid_101848_sp|Q96IU4|ABHEB_HUMAN	-0.19848627801185525	-1.3521397041566472	0.9551671481329367	0.5061142567582034	-0.3921768165220492	0.7044977060676838	1.0	0.805504043560916	-12.5638666690251
sp|P36542|ATPG_HUMAN	psvid_71346_sp|P36542|ATPG_HUMAN	0.07969781192964609	-0.3839697054611679	0.5433653293204601	0.20341355179031084	0.3918018796102764	0.7047645975652613	1.0	0.18722885111276086	-10.507795575085233
sp|O75106|AOC2_HUMAN	psvid_39587_sp|O75106|AOC2_HUMAN	-0.21065587250760487	-1.4369876860568274	1.0156759410416176	0.5379986747211434	-0.39155463090460674	0.704940620250766	1.0	0.8625401404353656	-15.448052074260337
sp|Q86YQ8|CPNE8_HUMAN	psvid_37053_sp|Q86YQ8|CPNE8_HUMAN	0.18642658928332967	-0.901556641849913	1.2744098204165724	0.47730437227625416	0.39058219474140854	0.7056331037309385	1.0	0.7535709340877698	-15.723709798563604
sp|Q9HCH3|CPNE5_HUMAN	psvid_71155_sp|Q9HCH3|CPNE5_HUMAN	0.1860081367812798	-0.9003478060936687	1.2723640796562283	0.47659047175057356	0.39028924791141917	0.7058417712857521	1.0	0.7522785606729021	-15.7967282640288
sp|Q9UBL6|CPNE7_HUMAN	psvid_42742_sp|Q9UBL6|CPNE7_HUMAN	0.18598083957872102	-0.9023397640435866	1.2743014432010287	0.4774523794876784	0.3895275163950055	0.7063844791067618	1.0	0.7538388359107777	-15.889861941151132
sp|P61353|RL27_HUMAN	psvid_85833_sp|P61353|RL27_HUMAN	0.07422841101811306	-0.36072385182653394	0.50918067386276	0.19081600786342973	0.38900515658644114	0.7067567448783992	1.0	0.14443647796945697	-10.127772731842494
sp|O95342|ABCBB_HUMAN	psvid_48368_sp|O95342|ABCBB_HUMAN	-0.25354441856496734	-1.7401732742431617	1.233084437113227	0.6521924533966891	-0.38875705667012933	0.7069335852415627	1.0	1.064136086305568	-14.45036393083803
sp|P31994|FCG2B_HUMAN	psvid_75547_sp|P31994|FCG2B_HUMAN	-0.21935013477862197	-1.5064434511616878	1.0677431816044438	0.5646550882933096	-0.3884674721370451	0.7071400186328214	1.0	0.9099308409294818	-12.873681082152807
sp|Q5JWF2|GNAS1_HUMAN	psvid_26879_sp|Q5JWF2|GNAS1_HUMAN	-0.13977218610230802	-0.9606746058492555	0.6811302336446394	0.3601345158134974	-0.3881110528564047	0.7073941308632399	1.0	0.5361480153535375	-13.510547582796946
sp|P05787|K2C8_HUMAN	psvid_23834_sp|P05787|K2C8_HUMAN	0.5736561635044524	-2.7956343651269706	3.9429466921358753	1.4781267346461522	0.3880967376195787	0.7074043378420177	1.0	2.4820737102564165	-11.897088868505143
sp|Q16720|AT2B3_HUMAN	psvid_57122_sp|Q16720|AT2B3_HUMAN	-0.16826581152620523	-1.1569316916834755	0.8204000686310651	0.4337332909330699	-0.3879476513417334	0.707510642294811	1.0	0.6741136377081715	-17.013502839613203
sp|P19338|NUCL_HUMAN	psvid_34462_sp|P19338|NUCL_HUMAN	0.11478679420878768	-0.5604688295061733	0.7900424179237486	0.29623844594329807	0.38748108417622	0.7078433668522431	1.0	0.4093893987045973	-11.895919410567329
sp|P53618|COPB_HUMAN	psvid_26587_sp|P53618|COPB_HUMAN	-0.2942438536730867	-2.0269871152895886	1.4384994079434152	0.7601642296824034	-0.3870793207357597	0.708129930622124	1.0	1.2522716940357703	-12.98887220517942
sp|P61254|RL26_HUMAN	psvid_16256_sp|P61254|RL26_HUMAN	-0.12416750183739689	-0.8558929404107958	0.607557936736002	0.3210120718249107	-0.3868001011037412	0.7083291170032677	1.0	0.45967355641910046	-10.553558436323879
sp|Q13838|DX39B_HUMAN	psvid_14380_sp|Q13838|DX39B_HUMAN	0.349732781427436	-1.7124261951916782	2.41189175804655	0.9046807595038079	0.38658142969598985	0.7084851266990506	1.0	1.5019199580492686	-13.96175654333559
sp|P35609|ACTN2_HUMAN	psvid_73356_sp|P35609|ACTN2_HUMAN	-0.13935731628589432	-0.9615644740182412	0.6828498414464526	0.36070691171748337	-0.386345012415629	0.7086538133566893	1.0	0.537246536063851	-13.55582122177428
sp|P63092|GNAS2_HUMAN	psvid_49941_sp|P63092|GNAS2_HUMAN	-0.13917044306775495	-0.9605387848073518	0.6821978986718419	0.3603389184162835	-0.38622096019885793	0.7087423329151669	1.0	0.5365403550045283	-12.113233213278168
sp|Q96FN4|CPNE2_HUMAN	psvid_84443_sp|Q96FN4|CPNE2_HUMAN	0.18428084926758448	-0.9035057063764194	1.2720674049115883	0.4772180896312216	0.3861564623629223	0.7087883582767721	1.0	0.7534147517727895	-15.682144759290974
sp|P56556|NDUA6_HUMAN	psvid_44364_sp|P56556|NDUA6_HUMAN	-0.1200292813416941	-0.8288476020236648	0.5887890393402766	0.3109625901665971	-0.38599267287228617	0.7089052433643617	1.0	0.43948817817543673	-11.85608388843785
sp|P60763|RAC3_HUMAN	psvid_79269_sp|P60763|RAC3_HUMAN	0.12993168803616895	-0.6374293208897724	0.8972926969621103	0.33664559727925986	0.3859598613089416	0.7089286596542458	1.0	0.4905937639352856	-12.528104398166933
sp|Q9BWH2|FUND2_HUMAN	psvid_48363_sp|Q9BWH2|FUND2_HUMAN	0.250697859921869	-1.2302314024002292	1.7316271222439672	0.6496920096846772	0.38587185340873004	0.708991468951621	1.0	1.0597559414632423	-13.635601597751094
sp|Q8IYJ1|CPNE9_HUMAN	psvid_62010_sp|Q8IYJ1|CPNE9_HUMAN	0.18352887795948014	-0.9049684796120994	1.2720262355310596	0.4775299224409064	0.3843295871834954	0.7100925299545435	1.0	0.7539791883969023	-15.695176722504645
sp|Q5W111|SPRY7_HUMAN	psvid_37300_sp|Q5W111|SPRY7_HUMAN	-0.21053030600657907	-1.4632547046224935	1.0421940926093354	0.5495772504634218	-0.3830768210093357	0.7109874375001309	1.0	0.8831548744105469	-13.443048843091404
sp|P51649|SSDH_HUMAN	psvid_75558_sp|P51649|SSDH_HUMAN	-0.1924360269597818	-1.3387206828157936	0.95384862889623	0.5028815357230909	-0.3826667182820283	0.7112804949532882	1.0	0.7996969403185732	-14.029616591959746
sp|Q9BZQ6|EDEM3_HUMAN	psvid_57427_sp|Q9BZQ6|EDEM3_HUMAN	-0.2751652738003654	-1.9162440905097782	1.3659135429090474	0.7199505213416437	-0.38220025632815546	0.7116138878213086	1.0	1.1824067558556077	-14.604019084519532
sp|O95741|CPNE6_HUMAN	psvid_46956_sp|O95741|CPNE6_HUMAN	0.18234875168005305	-0.9064573872524448	1.271154890612551	0.47766538656335455	0.3817499798174458	0.7119357744273623	1.0	0.7542243700042872	-15.706167480516896
sp|Q96A23|CPNE4_HUMAN	psvid_35777_sp|Q96A23|CPNE4_HUMAN	0.18234875168005305	-0.9064573872524448	1.271154890612551	0.47766538656335455	0.3817499798174458	0.7119357744273623	1.0	0.7542243700042872	-15.706167480516896
sp|Q08AH3|ACS2A_HUMAN	psvid_55981_sp|Q08AH3|ACS2A_HUMAN	-0.16307417459202211	-1.1369793743927432	0.8108310252086989	0.4272576973114524	-0.3816763878525238	0.7119883884743692	1.0	0.6621901205013945	-12.46232914228477
sp|O75477|ERLN1_HUMAN	psvid_546200_sp|O75477|ERLN1_HUMAN	-0.09464099105406643	-0.6603137362836904	0.47103175417555754	0.24816381985444874	-0.38136498345961384	0.712211042767091	1.0	0.3046401166523678	-10.745195184477495
sp|P07814|SYEP_HUMAN	psvid_26022_sp|P07814|SYEP_HUMAN	0.281743746395275	-1.4031866195496376	1.9666741123401876	0.7391884430138282	0.3811528021820064	0.7123627691172996	1.0	1.2158562366674739	-14.650908903609677
sp|Q13228|SBP1_HUMAN	psvid_84417_sp|Q13228|SBP1_HUMAN	-0.1461490027720771	-1.0209844839202233	0.7286864783760693	0.38379525366349404	-0.3807994011833673	0.7126155086147362	1.0	0.5811690199492237	-11.711778600261496
sp|O75954|TSN9_HUMAN	psvid_81393_sp|O75954|TSN9_HUMAN	-0.14587225609852794	-1.0193863518652988	0.7276418396682429	0.38321555445311606	-0.38065327569153895	0.7127200231503175	1.0	0.5800747810133581	-13.276792904476993
sp|O75352|MPU1_HUMAN	psvid_59628_sp|O75352|MPU1_HUMAN	0.18602445400859624	-0.9312774860090638	1.3033263940262563	0.49016665502067747	0.3795126659538864	0.7135360500597173	1.0	0.7768083758782041	-13.306015053386389
sp|P0DTE5|UD2A2_HUMAN	psvid_84750_sp|P0DTE5|UD2A2_HUMAN	-0.11616282740009787	-0.8140523463269463	0.5817266915267506	0.3061680632729915	-0.3794087017381774	0.7136104485321558	1.0	0.4297604767874587	-12.694599707519407
sp|P61586|RHOA_HUMAN	psvid_55605_sp|P61586|RHOA_HUMAN	-0.06622428193880925	-0.4641135366717773	0.3316649727941588	0.17455625742316938	-0.3793864678151555	0.7136263599050411	1.0	0.06232269915708355	-10.646393850772988
sp|Q8WUY1|THEM6_HUMAN	psvid_89265_sp|Q8WUY1|THEM6_HUMAN	0.10769270530126107	-0.5404355250897679	0.75582093569229	0.28433750567927973	0.37874956047034375	0.7140822156345354	1.0	0.3845179030875286	-10.510259636878686
sp|Q9NYL4|FKB11_HUMAN	psvid_107318_sp|Q9NYL4|FKB11_HUMAN	-0.1296175682215197	-0.9098029825874961	0.6505678461444567	0.34227173618766593	-0.3786978430215781	0.7141192368338561	1.0	0.5015955747200502	-11.872935934990949
sp|Q8N257|H2B3B_HUMAN	psvid_69355_sp|Q8N257|H2B3B_HUMAN	-0.1310215372917498	-0.9196923498694682	0.6576492752859686	0.3459943281827199	-0.3786811708154858	0.7141311715649402	1.0	0.5088419978432593	-10.932526523607411
sp|Q9Y383|LC7L2_HUMAN	psvid_40810_sp|Q9Y383|LC7L2_HUMAN	-0.1965815301830296	-1.3830969251066485	0.9899338647405893	0.5205309875780363	-0.37765576857911604	0.7148653605430985	1.0	0.8313450794644895	-13.70098770756472
sp|Q6ZV29|PLPL7_HUMAN	psvid_160303_sp|Q6ZV29|PLPL7_HUMAN	-0.136436841634056	-0.962274506874896	0.689400823606784	0.3622996358126706	-0.37658564389118393	0.7156319039077016	1.0	0.5403005983100749	-15.486394750442308
sp|O15372|EIF3H_HUMAN	psvid_60183_sp|O15372|EIF3H_HUMAN	-0.18182659430492887	-1.2845511206716027	0.920897932061745	0.4837714615351603	-0.37585225413656154	0.71615743598878	1.0	0.7652655742833947	-12.52423711621855
sp|P14174|MIF_HUMAN	psvid_27448_sp|P14174|MIF_HUMAN	0.0790723477064641	-0.4008921739427801	0.5590368693557083	0.21056313936203405	0.37552796726928633	0.7163898640801971	1.0	0.20859780311853113	-13.233414382241827
sp|Q99518|FMO2_HUMAN	psvid_659551_sp|Q99518|FMO2_HUMAN	-0.16776298339530982	-1.1864226056042342	0.8508966388136145	0.44689171453052645	-0.3753996280095504	0.716481858045421	1.0	0.698243733014192	-15.720920507830044
sp|P48739|PIPNB_HUMAN	psvid_44769_sp|P48739|PIPNB_HUMAN	0.35711092795721555	-1.8112921550990237	2.525514011013455	0.9512906474872864	0.3753962355253663	0.7164842898542932	1.0	1.5820815149947158	-13.453613801922062
sp|P56199|ITA1_HUMAN	psvid_36218_sp|P56199|ITA1_HUMAN	0.13537039481878477	-0.6875618059032184	0.9583025955407879	0.36102499216132505	0.3749612845591978	0.7167961006500142	1.0	0.5378567667689412	-12.537718863950936
sp|P61604|CH10_HUMAN	psvid_105309_sp|P61604|CH10_HUMAN	0.06663595408060496	-0.3407724149483683	0.4740443231095782	0.17873234648747247	0.3728253748701025	0.7183281169240621	1.0	0.09000228671249766	-10.291986705523394
sp|P56937|DHB7_HUMAN	psvid_60766_sp|P56937|DHB7_HUMAN	-0.09472940100568428	-0.6741387116399995	0.48467990962863094	0.2541901284776879	-0.37267143918218426	0.7184385817078411	1.0	0.3185233487964349	-12.012178905719678
sp|Q9HC07|TM165_HUMAN	psvid_78328_sp|Q9HC07|TM165_HUMAN	0.18362389073710794	-0.9400271202512422	1.3072749017254581	0.4929520282208197	0.3724984992958644	0.718562692276492	1.0	0.7818292065896979	-14.922998398658304
sp|P04439|HLAA_HUMAN	psvid_85706_sp|P04439|HLAA_HUMAN	0.09423014974793498	-0.4823946640663752	0.6708549635622452	0.2529685540372497	0.3724974833593726	0.7185634213907993	1.0	0.3157318906621843	-11.56015244260589
sp|CRP_HUMAN|,sp|P02741|CRP_HUMAN	psvid_76331_sp|CRP_HUMAN|	0.1294736166573509	-0.6628313427605562	0.921778576075258	0.3475886488732229	0.3724909230409714	0.718568129588076	1.0	0.5119378015850257	-10.875975627003047
sp|Q9Y2S2|CRYL1_HUMAN	psvid_49001_sp|Q9Y2S2|CRYL1_HUMAN	-0.16025186299083582	-1.1414738573837582	0.8209701314020865	0.4304676163156887	-0.37227391078197425	0.7187238816731816	1.0	0.6681047258668721	-13.79167636022727
sp|Q14624|ITIH4_HUMAN	psvid_78925_sp|Q14624|ITIH4_HUMAN	-0.08651038881022055	-0.6173257892671394	0.44430501164669833	0.23287170634583954	-0.3714937729779131	0.7192839093128156	1.0	0.2679244356681235	-11.754730005086886
sp|Q9H3N1|TMX1_HUMAN	psvid_69914_sp|Q9H3N1|TMX1_HUMAN	0.0759766563141775	-0.3915228286721613	0.5434761413005162	0.20509465756053474	0.37044678402582276	0.7200357783106784	1.0	0.19239860176210696	-11.74009950106528
sp|P03915|NU5M_HUMAN	psvid_86249_sp|P03915|NU5M_HUMAN	0.250847199056198	-1.29370880568272	1.795403203795116	0.6776054200022337	0.37019656521544814	0.7202155141959853	1.0	1.108585727072845	-16.10282004068812
sp|P25787|PSA2_HUMAN	psvid_93502_sp|P25787|PSA2_HUMAN	-0.2645616168557332	-1.895235857006163	1.3661126232946965	0.7153859749946262	-0.3698166110367491	0.7204884759095719	1.0	1.1744626098487478	-13.648596686966084
sp|Q96LZ7|RMD2_HUMAN	psvid_23498_sp|Q96LZ7|RMD2_HUMAN	-0.1409872593369137	-1.0100998549857345	0.7281253363119072	0.3812845915570393	-0.3697690975687443	0.7205226128804508	1.0	0.5764269341326264	-12.125754564072476
sp|Q4KWH8|PLCH1_HUMAN	psvid_31493_sp|Q4KWH8|PLCH1_HUMAN	-0.17064866308858306	-1.2228436266622444	0.8815463004850783	0.46160385769701007	-0.3696863885409604	0.7205820383550573	1.0	0.7250802633828366	-17.23660095286811
sp|Q9UNL2|SSRG_HUMAN	psvid_104033_sp|Q9UNL2|SSRG_HUMAN	-0.14605779261165575	-1.0477618541996272	0.7556462689763157	0.3955826512573216	-0.36922193667347397	0.7209157787064305	1.0	0.6033336936606148	-13.120171385502328
sp|A8MWD9|RUXGL_HUMAN	psvid_110166_sp|A8MWD9|RUXGL_HUMAN	-0.21206971816067455	-1.525189391438893	1.1010499551175439	0.5760729976737137	-0.36812994015871287	0.7217007004298069	1.0	0.9301592173930443	-12.737606649804006
sp|P62308|RUXG_HUMAN	psvid_100787_sp|P62308|RUXG_HUMAN	-0.21206971816067455	-1.525189391438893	1.1010499551175439	0.5760729976737137	-0.36812994015871287	0.7217007004298069	1.0	0.9301592173930443	-12.737606649804006
sp|O75874|IDHC_HUMAN	psvid_25224_sp|O75874|IDHC_HUMAN	-0.07974395918898969	-0.5739660261097579	0.4144781077317785	0.21681800478761304	-0.367792145615877	0.7219435757835289	1.0	0.2261692717059848	-10.829235181515182
sp|Q9NUI1|DECR2_HUMAN	psvid_23299_sp|Q9NUI1|DECR2_HUMAN	0.1616408489978718	-0.8469825922095426	1.1702642902052862	0.4424887853898015	0.3652993122876042	0.7237369549597047	1.0	0.6901836874434673	-12.382307656747654
sp|P35749|MYH11_HUMAN	psvid_24897_sp|P35749|MYH11_HUMAN	-0.11525926070875858	-0.8346440295259806	0.6041255081084634	0.31559815048597123	-0.3652089232185853	0.723802015933436	1.0	0.448832057918771	-14.551324727915055
sp|Q15043|S39AE_HUMAN	psvid_53000_sp|Q15043|S39AE_HUMAN	-0.07768084807506703	-0.5627146800162526	0.40735298386611857	0.212787074343319	-0.36506375358934495	0.7239065122428516	1.0	0.21495038715823808	-12.419176865745914
sp|P45954|ACDSB_HUMAN	psvid_80441_sp|P45954|ACDSB_HUMAN	-0.12955475753443269	-0.9412816798606475	0.6821721647917821	0.3561091734080235	-0.3638062909039166	0.7248119162960536	1.0	0.5284082750908256	-12.586897294442396
sp|Q14764|MVP_HUMAN	psvid_69470_sp|Q14764|MVP_HUMAN	0.10964136080540632	-0.5785140850597121	0.7977968066705248	0.3018976705872689	0.36317392112408675	0.7252674103355109	1.0	0.4210383409625566	-11.776698945142485
sp|Q9NRP0|OSTC_HUMAN	psvid_92941_sp|Q9NRP0|OSTC_HUMAN	-0.21032609408041747	-1.5318118048515839	1.111159616690749	0.5797432254490552	-0.3627918099732928	0.7255426996178169	1.0	0.9366532205860464	-13.459404099867017
sp|P05091|ALDH2_HUMAN	psvid_42594_sp|P05091|ALDH2_HUMAN	-0.07568351819156405	-0.5525125266341432	0.4011454902510151	0.20918757205543842	-0.36179739287526397	0.7262593170559084	1.0	0.204604410351438	-10.845869862936809
sp|Q9UI14|PRAF1_HUMAN	psvid_106828_sp|Q9UI14|PRAF1_HUMAN	0.11764836502564924	-0.6236190795011318	0.8589158095524303	0.3251982035882573	0.36177433862644326	0.7262759342524278	1.0	0.468006908336898	-13.209847941925378
sp|Q6NT55|CP4FN_HUMAN	psvid_87073_sp|Q6NT55|CP4FN_HUMAN	-0.1835371223036355	-1.3416340552895099	0.9745598106822388	0.5080636482403488	-0.3612482863895232	0.7266551471283372	1.0	0.8090035315069294	-13.410046511428106
sp|P30048|PRDX3_HUMAN	psvid_90489_sp|P30048|PRDX3_HUMAN	-0.2415695669113611	-1.7665506556108046	1.2834115217880824	0.6690177940671815	-0.3610809294664338	0.7267758055756101	1.0	1.093578484740532	-11.760964762689072
sp|Q8IVH4|MMAA_HUMAN	psvid_95165_sp|Q8IVH4|MMAA_HUMAN	-0.2669215033590393	-1.9521445012804624	1.4183014945623837	0.7393168223103647	-0.3610380493235765	0.7268067219392083	1.0	1.216079284080831	-15.314610382028281
sp|P02763|A1AG1_HUMAN	psvid_881771_sp|P02763|A1AG1_HUMAN	-0.12703668383898936	-0.9301751864436381	0.6761018187656593	0.35234138529627357	-0.3605499925368345	0.7271586454690598	1.0	0.5211401074620919	-8.27930217573946
sp|P05089|ARGI1_HUMAN	psvid_26504_sp|P05089|ARGI1_HUMAN	0.0725211290761516	-0.38950593798102806	0.5345481961333313	0.2026938769880346	0.3577864815345787	0.7291526154543247	1.0	0.18498488541129265	-10.169313640125573
sp|P08571|CD14_HUMAN	psvid_103710_sp|P08571|CD14_HUMAN	0.09407392318788199	-0.5061945851904953	0.6943424315662593	0.2633411760311005	0.35723210705481123	0.7295528778593783	1.0	0.33910399258139684	-11.529669632464579
sp|Q9BU23|LMF2_HUMAN	psvid_49406_sp|Q9BU23|LMF2_HUMAN	-0.11319643690277337	-0.8409519349177786	0.6145590611122319	0.31927043653865317	-0.3545471924365568	0.7314926378964935	1.0	0.4561939704414316	-13.568008171466712
sp|Q7Z4H8|PLGT3_HUMAN	psvid_49382_sp|Q7Z4H8|PLGT3_HUMAN	-0.1946009854770332	-1.4457550276287858	1.0565530566747194	0.5488883262365327	-0.35453657178559433	0.7315003150033575	1.0	0.881929627015645	-14.386202933085254
sp|P13674|P4HA1_HUMAN	psvid_53884_sp|P13674|P4HA1_HUMAN	0.421850010394039	-2.3022730527771693	3.1459730735652474	1.1950881332204681	0.35298652766073174	0.7326211006426913	1.0	1.9996036982667786	-12.78837670403822
sp|O15400|STX7_HUMAN	psvid_85423_sp|O15400|STX7_HUMAN	0.08322624024858616	-0.4543243463365255	0.6207768268336978	0.2358264704406246	0.3529130554898438	0.7326742427184803	1.0	0.2752112734310384	-12.824632252294833
sp|P49458|SRP09_HUMAN	psvid_28702_sp|P49458|SRP09_HUMAN	0.12406366596132878	-0.6776535258645487	0.9257808577872063	0.35171784825116287	0.3527363384548359	0.7328020675295184	1.0	0.5199350138871779	-12.4370657593633
sp|Q58FF7|H90B3_HUMAN	psvid_47967_sp|Q58FF7|H90B3_HUMAN	0.1267275740266327	-0.6923578847479678	0.9458130328012332	0.35933740479970616	0.35267014325232954	0.7328499507926945	1.0	0.5346173871592471	-12.636228424720805
sp|P62258|1433E_HUMAN	psvid_54150_sp|P62258|1433E_HUMAN	-0.07493134403148849	-0.5593878371133367	0.4095251490503597	0.21253379253348845	-0.3525620238470159	0.7329281631841166	1.0	0.21423307351035153	-11.416375956586574
sp|O43826|G6PT1_HUMAN	psvid_28411_sp|O43826|G6PT1_HUMAN	0.11939730838896079	-0.6531528097006692	0.8919474264785908	0.3389220887004259	0.3522854141693207	0.7331282745250226	1.0	0.495052841589907	-12.247116385549422
sp|Q8N5G0|SIM20_HUMAN	psvid_104736_sp|Q8N5G0|SIM20_HUMAN	0.12339871452565943	-0.6761632399554715	0.9229606690067903	0.35077233348723663	0.35179146912437287	0.7334856689997288	1.0	0.5181063862522718	-12.577033558471019
sp|P62873|GBB1_HUMAN	psvid_83662_sp|P62873|GBB1_HUMAN	-0.11023348108926756	-0.8246712981414666	0.6042043359629314	0.3134278948797099	-0.35170284103644933	0.7335498031854693	1.0	0.4444647368642544	-11.412051802189415
sp|P22492|H1T_HUMAN	psvid_46313_sp|P22492|H1T_HUMAN	0.22886098622398654	-1.2663944751473861	1.7241164475953592	0.6559769939092928	0.34888569012167675	0.7355895299936372	1.0	1.0707633023360692	-13.360125178005758
sp|P51857|AK1D1_HUMAN	psvid_90373_sp|P51857|AK1D1_HUMAN	-0.14394688894882046	-1.0869345384596767	0.7990407605620359	0.413693993835938	-0.3479549886960811	0.7362638800750775	1.0	0.6371016593179409	-12.651691082854018
sp|P11226|MBL2_HUMAN	psvid_62834_sp|P11226|MBL2_HUMAN	0.09175290932398106	-0.5106373415281883	0.6941431601761504	0.26427199640645715	0.3471911915436652	0.7368174775060126	1.0	0.3411671427859712	-10.452034421483326
sp|P14314|GLU2B_HUMAN	psvid_46066_sp|P14314|GLU2B_HUMAN	-0.06180678338986656	-0.4681125463219859	0.3444989795422528	0.17824862698163169	-0.3467447936989477	0.7371410999378168	1.0	0.08721772212132405	-10.034648633043563
sp|P53992|SC24C_HUMAN	psvid_61435_sp|P53992|SC24C_HUMAN	-0.18751816952803635	-1.4211928079623346	1.046156468906262	0.5412200133614963	-0.3464730883903726	0.737338103555778	1.0	0.8682803163191055	-12.539118952306186
sp|P36551|HEM6_HUMAN	psvid_64219_sp|P36551|HEM6_HUMAN	0.25197125881763727	-1.4061959215417368	1.9101384391770113	0.7274472827362817	0.3463773455443414	0.7374075280716162	1.0	1.1954476604136968	-15.047063605930706
sp|O95249|GOSR1_HUMAN	psvid_77819_sp|O95249|GOSR1_HUMAN	0.12477180681857236	-0.6979837905636529	0.9475274042007976	0.36094751528133057	0.34567853091140527	0.7379143253726569	1.0	0.5377081432504848	-13.193834905324014
sp|Q9BS26|ERP44_HUMAN	psvid_54567_sp|Q9BS26|ERP44_HUMAN	-0.06359223663248237	-0.4832751939559998	0.3560907206910351	0.18411727751694656	-0.34538983787998495	0.7381237319255483	1.0	0.11697999380486758	-10.095398268569687
sp|Q02539|H11_HUMAN	psvid_41620_sp|Q02539|H11_HUMAN	0.22627348015478743	-1.2683225540151895	1.7208695143247643	0.6556876994813848	0.3450933734669082	0.7383387994663719	1.0	1.070256809239101	-13.414343745144787
sp|P07437|TBB5_HUMAN	psvid_7084_sp|P07437|TBB5_HUMAN	0.10375934476357296	-0.5827859350098381	0.790304624536984	0.3011912816525218	0.34449650798085846	0.7387718638554498	1.0	0.41959006080209654	-8.621422760796918
sp|P19224|UD16_HUMAN	psvid_62815_sp|P19224|UD16_HUMAN	0.10375934476357251	-0.5827859350098386	0.7903046245369836	0.3011912816525218	0.34449650798085696	0.7387718638554508	1.0	0.41959006080209654	-8.62142276079692
sp|P35503|UD13_HUMAN	psvid_62830_sp|P35503|UD13_HUMAN	0.10375934476357251	-0.5827859350098386	0.7903046245369836	0.3011912816525218	0.34449650798085696	0.7387718638554508	1.0	0.41959006080209654	-8.62142276079692
sp|Q9H4B7|TBB1_HUMAN	psvid_55472_sp|Q9H4B7|TBB1_HUMAN	0.09927026613247092	-0.5587041669689409	0.7572446992338827	0.28865709027351	0.34390378576327296	0.7392020191031833	1.0	0.39360811386405997	-11.672608998870857
sp|O60256|KPRB_HUMAN	psvid_72529_sp|O60256|KPRB_HUMAN	0.16818821197417133	-0.94702236356993	1.2833987875182726	0.4892491616451472	0.3437680126188103	0.7393005671091974	1.0	0.7751536718126993	-12.850201504770409
sp|P62820|RAB1A_HUMAN	psvid_85852_sp|P62820|RAB1A_HUMAN	0.07474006799896671	-0.42084584759590044	0.5703259835938339	0.21741633288371112	0.34376473472645097	0.7393029463592494	1.0	0.22780482187267787	-10.124928643326605
sp|P54136|SYRC_HUMAN	psvid_72059_sp|P54136|SYRC_HUMAN	-0.22101557361188462	-1.6876237344209737	1.2455925871972044	0.6434092617779366	-0.3435069818565418	0.739490044885379	1.0	1.04874461004861	-14.181809122661694
sp|P08754|GNAI3_HUMAN	psvid_85217_sp|P08754|GNAI3_HUMAN	-0.09345731802258861	-0.7172774278723772	0.5303627918272	0.27367339626642856	-0.34149215560435897	0.7409532017052016	1.0	0.3617293955006408	-11.411898620980116
sp|Q6PKG0|LARP1_HUMAN	psvid_25812_sp|Q6PKG0|LARP1_HUMAN	-0.14755880546428823	-1.1338490930040581	0.8387314820754816	0.4326911050696912	-0.34102574269587016	0.7412920667894985	1.0	0.672196903100908	-16.51709738006338
sp|Q9Y619|ORNT1_HUMAN	psvid_48806_sp|Q9Y619|ORNT1_HUMAN	-0.119393081154473	-0.9210219050938163	0.6822357427848703	0.3516790807615503	-0.3394944075033719	0.7424050518846476	1.0	0.5198600673160032	-11.405393275987006
sp|Q9UBQ7|GRHPR_HUMAN	psvid_82367_sp|Q9UBQ7|GRHPR_HUMAN	0.07579304845360868	-0.43324832682874925	0.5848344237359666	0.2233193188453024	0.3393931561564183	0.7424786645732149	1.0	0.24357759070575144	-11.118003365515367
sp|Q9NRW1|RAB6B_HUMAN	psvid_86759_sp|Q9NRW1|RAB6B_HUMAN	0.12135423820430624	-0.6966252418126105	0.939333718221223	0.35885220568856063	0.3381733100161762	0.743365747240134	1.0	0.5336852148264558	-12.296804423030686
sp|P14923|PLAK_HUMAN	psvid_22947_sp|P14923|PLAK_HUMAN	0.15098727308269444	-0.8668080141644934	1.1687825603298823	0.44651252591387985	0.3381479002714826	0.7433842297188834	1.0	0.6975501261259001	-14.245072482779227
sp|P25786|PSA1_HUMAN	psvid_52479_sp|P25786|PSA1_HUMAN	-0.2266558505466869	-1.7614458359639535	1.3081341348705797	0.6733210123123254	-0.33662375954717827	0.744493175176197	1.0	1.1011001838419896	-12.334571195157878
sp|O00483|CXFA4_HUMAN	psvid_106504_sp|O00483|CXFA4_HUMAN	0.08883143137723559	-0.5138225703958634	0.6914854331503346	0.2643877054212188	0.33598926710949206	0.7449550088643291	1.0	0.34142324575524435	-10.345672090961422
sp|O43678|NDUA2_HUMAN	psvid_69235_sp|O43678|NDUA2_HUMAN	-0.06819174203106648	-0.5315556358667046	0.39517215180457166	0.2032803504262967	-0.3354566336001607	0.7453427853784012	1.0	0.1868149608218366	-11.053869479545572
sp|Q9UBX3|DIC_HUMAN	psvid_92461_sp|Q9UBX3|DIC_HUMAN	-0.07386160032160838	-0.5762632792203358	0.42854007857711907	0.22040644663936532	-0.33511542628543267	0.7455912368191238	1.0	0.2358734682567108	-11.29006114992565
sp|Q9BT22|ALG1_HUMAN	psvid_67144_sp|Q9BT22|ALG1_HUMAN	-0.20894207180165525	-1.632302407450777	1.2144182638474665	0.6244361972585595	-0.3346091605819239	0.7459599338637873	1.0	1.0154413800207205	-14.557274164603076
sp|P09210|GSTA2_HUMAN	psvid_63673_sp|P09210|GSTA2_HUMAN	-0.05946589287572124	-0.4645739088312244	0.3456421230797819	0.17772316863589588	-0.3345984281742686	0.745967750676998	1.0	0.08409747220347184	-9.99551578840563
sp|O95299|NDUAA_HUMAN	psvid_68995_sp|O95299|NDUAA_HUMAN	-0.10494570295677086	-0.8200759362381717	0.6101845303246299	0.31373166177994866	-0.3345078477618869	0.7460337250057978	1.0	0.4450767822816572	-11.447355551111434
sp|Q96HE7|ERO1A_HUMAN	psvid_98250_sp|Q96HE7|ERO1A_HUMAN	0.07287820179285331	-0.4238199138253615	0.5695763174110682	0.2179042612991488	0.3344505580494492	0.7460754531594539	1.0	0.22913325395559103	-10.744812536280183
sp|P05090|APOD_HUMAN	psvid_32733_sp|P05090|APOD_HUMAN	-0.06774218599860093	-0.5296593319776577	0.39417495998045576	0.2026456539918596	-0.3342888666209549	0.7461932292278404	1.0	0.18483383718254265	-11.045203978172555
sp|Q5TCH4|CP4AM_HUMAN	psvid_42584_sp|Q5TCH4|CP4AM_HUMAN	-0.064594483340767	-0.5065229446561976	0.37733397797466356	0.19387650543056928	-0.3331733424703153	0.7470059682926489	1.0	0.15564872286686118	-10.09706034201291
sp|Q9Y6A9|SPCS1_HUMAN	psvid_93540_sp|Q9Y6A9|SPCS1_HUMAN	0.07644431091968329	-0.44749595256352614	0.6003845744028927	0.22985554502676145	0.332575448248521	0.7474417141153162	1.0	0.26037471099106	-12.306748835863665
sp|P61421|VA0D1_HUMAN	psvid_55555_sp|P61421|VA0D1_HUMAN	-0.09143369863325512	-0.7181626656042567	0.5352952683377464	0.2749495282715475	-0.332547210420935	0.7474622962319137	1.0	0.36448448926453597	-12.875496603174959
sp|Q5JTJ3|COA6_HUMAN	psvid_42157_sp|Q5JTJ3|COA6_HUMAN	-0.10860507577337764	-0.8535417218266317	0.6363315702798764	0.32680790296710166	-0.3323208367586828	0.747627304199104	1.0	0.4712004041756977	-11.676551501527182
sp|P62753|RS6_HUMAN	psvid_44788_sp|P62753|RS6_HUMAN	0.08245187923075337	-0.48333771581620255	0.6482414742777093	0.24821508252754537	0.33217916651621426	0.7477305772331713	1.0	0.3047594450491425	-10.480160116272069
sp|Q99497|PARK7_HUMAN	psvid_73787_sp|Q99497|PARK7_HUMAN	0.06498857332977437	-0.3811318441709209	0.5111089908304696	0.19571554022298354	0.33205627542775235	0.7478201652099553	1.0	0.16209275206966892	-11.311542808615693
sp|Q9Y320|TMX2_HUMAN	psvid_45912_sp|Q9Y320|TMX2_HUMAN	-0.11429773726080183	-0.8993843537685722	0.6707888792469685	0.3444219211765019	-0.3318538404012589	0.7479677497465632	1.0	0.5057842528744309	-12.182331994145622
sp|P16435|NCPR_HUMAN	psvid_60158_sp|P16435|NCPR_HUMAN	0.11518157657603223	-0.6771640808079553	0.9075272339600198	0.34760650330020026	0.33135621883506305	0.7483305854303025	1.0	0.5119724451153725	-6.992748769553035
sp|P06133|UD2B4_HUMAN	psvid_44381_sp|P06133|UD2B4_HUMAN	-0.14624056506802185	-1.152378416381027	0.8598972862449832	0.44139834310141113	-0.3313119936982254	0.7483628349303718	1.0	0.688185365942129	-9.392662920107249
sp|P84243|H33_HUMAN	psvid_20396_sp|P84243|H33_HUMAN	0.14898100529056846	-0.8782810875584748	1.1762430981396117	0.4506656668593964	0.33057988714513986	0.7488967714587785	1.0	0.7051415725654908	-11.338264064928216
sp|P48509|CD151_HUMAN	psvid_86608_sp|P48509|CD151_HUMAN	-0.16820206956581396	-1.3305764980068413	0.9941723588752134	0.509940209592319	-0.32984664947344744	0.7494316757581839	1.0	0.8123706648438418	-14.992593673390314
sp|O14579|COPE_HUMAN	psvid_68139_sp|O14579|COPE_HUMAN	-0.20925816514860118	-1.6568554402848337	1.2383391099876313	0.6350690791419901	-0.3295045720558768	0.7496812735168815	1.0	1.0341147432757851	-12.370696381230413
sp|Q9NTJ5|SAC1_HUMAN	psvid_37322_sp|Q9NTJ5|SAC1_HUMAN	-0.1051695544547524	-0.8345611984103403	0.6242220895008355	0.31998822297945034	-0.3286669536631865	0.7502925750886458	1.0	0.4576289351173092	-11.135969783588635
sp|O76062|ERG24_HUMAN	psvid_89411_sp|O76062|ERG24_HUMAN	-0.13076589318180343	-1.037877538843377	0.7763457524797701	0.39795498885216973	-0.32859468242620693	0.7503453280030777	1.0	0.6077758310171439	-13.826565406392854
sp|Q8TCT9|SPP_HUMAN	psvid_34340_sp|Q8TCT9|SPP_HUMAN	0.0825176831697152	-0.49240599626420134	0.6574413626036317	0.2522222568018175	0.3271625756427717	0.7513909497076786	1.0	0.31402097539131696	-11.926045478482528
sp|P36871|PGM1_HUMAN	psvid_86725_sp|P36871|PGM1_HUMAN	0.06000196262903712	-0.35938214354653464	0.4793860688046089	0.18398616983486796	0.3261221356088359	0.752150943493181	1.0	0.11638899546776699	-11.123969450724617
sp|P01871|IGHM_HUMAN	psvid_165137_sp|P01871|IGHM_HUMAN	0.21768887267131998	-1.3069513014084713	1.7423290467511112	0.6688682329031151	0.3254585312363788	0.7526358247232068	1.0	1.0933170030366555	-13.744554643981044
sp|P61457|PHS_HUMAN	psvid_86236_sp|P61457|PHS_HUMAN	-0.16560401729266427	-1.3287181963918016	0.997510161806473	0.5102647423731619	-0.3245452870650356	0.7533033011501772	1.0	0.8129528184181063	-13.711754823267533
sp|P05387|RLA2_HUMAN	psvid_48097_sp|P05387|RLA2_HUMAN	0.08048200568815633	-0.48492788700704714	0.6458918983833598	0.2480485049669094	0.32446075697530585	0.7533650939654405	1.0	0.3043716077721865	-8.13306161067144
sp|P21964|COMT_HUMAN	psvid_49726_sp|P21964|COMT_HUMAN	-0.09473130208491432	-0.7615266066321095	0.5720640024622808	0.29252685626611064	-0.32383796583359714	0.7538204216140565	1.0	0.4016897607682597	-10.536987494498167
sp|P21108|PRPS3_HUMAN	psvid_77988_sp|P21108|PRPS3_HUMAN	0.12880639894034962	-0.7785215853910887	1.036134383271788	0.3980498978453087	0.32359359878646854	0.7539991080268722	1.0	0.6079534206517867	-12.51671585105018
sp|Q99747|SNAG_HUMAN	psvid_66298_sp|Q99747|SNAG_HUMAN	-0.07811112087976779	-0.6301100160640212	0.4738877743044856	0.2421650248126289	-0.3225532710192356	0.7547599922649261	1.0	0.29051631149749607	-11.836729455040038
sp|P06733|ENOA_HUMAN	psvid_41467_sp|P06733|ENOA_HUMAN	-0.06233499622766869	-0.5032823376896275	0.3786123452342901	0.19344608262405108	-0.3222344716528191	0.7549932150329773	1.0	0.1541106567163544	-10.80067293436265
sp|A4FU28|CTGE9_HUMAN	psvid_29634_sp|A4FU28|CTGE9_HUMAN	-0.12177790461004445	-0.9854631436447802	0.7419073344246913	0.3789035796372995	-0.3213954978377738	0.7556071059894457	1.0	0.5719225025428663	-14.886306968742899
sp|Q9H082|RB33B_HUMAN	psvid_74342_sp|Q9H082|RB33B_HUMAN	0.14095261587978403	-0.8648591569003807	1.1467643886599488	0.44125529061220325	0.31943552605165265	0.7570419607328104	1.0	0.6879231467763703	-12.259752170944655
sp|O96000|NDUBA_HUMAN	psvid_70176_sp|O96000|NDUBA_HUMAN	0.12464240613478994	-0.7667622126841441	1.016047024953724	0.39106422769618815	0.31872617669244535	0.7575615053775431	1.0	0.5948561013517076	-12.009201580407158
sp|Q58FG1|HS904_HUMAN	psvid_52738_sp|Q58FG1|HS904_HUMAN	-0.09351930079867365	-0.7627542824486025	0.5757156808512552	0.293597156354159	-0.3185293139755878	0.7577057153906579	1.0	0.4039151416618335	-13.540400799664843
sp|Q16772|GSTA3_HUMAN	psvid_51143_sp|Q16772|GSTA3_HUMAN	-0.08218438475270107	-0.6717269941196389	0.5073582246142367	0.2586356637141311	-0.31776122276601076	0.7582684690814946	1.0	0.32859136764965247	-10.493428894713581
sp|Q13501|SQSTM_HUMAN	psvid_88748_sp|Q13501|SQSTM_HUMAN	0.28064424075018746	-1.7335316263612355	2.2948201078616104	0.8836302990664939	0.31760368679828255	0.7583839089474557	1.0	1.4656679177749163	-14.419797052197001
sp|Q8NFW8|NEUA_HUMAN	psvid_73389_sp|Q8NFW8|NEUA_HUMAN	0.14278303878818566	-0.8823358765375149	1.1679019541138862	0.449725442807055	0.3174893506068404	0.7584676966929684	1.0	0.703423992986339	-13.871348733588079
sp|Q8IYB3|SRRM1_HUMAN	psvid_27450_sp|Q8IYB3|SRRM1_HUMAN	0.16006933769065457	-0.993476994091409	1.3136156694727181	0.5060672738579954	0.31630051172913953	0.7593390992562089	1.0	0.8054196800523634	-15.227377209367088
sp|P50395|GDIB_HUMAN	psvid_85725_sp|P50395|GDIB_HUMAN	0.08075832922025983	-0.501477345538255	0.6629940039787746	0.2554300703403212	0.31616610022720426	0.7594376438242065	1.0	0.32134555233947215	-12.223709377290584
sp|P09669|COX6C_HUMAN	psvid_73958_sp|P09669|COX6C_HUMAN	0.054607556726105955	-0.3403329552217456	0.4495480686739575	0.17326262735261383	0.31517216124728326	0.7601664992825325	1.0	0.05097309099684575	-9.993086620330821
sp|Q93050|VPP1_HUMAN	psvid_66423_sp|Q93050|VPP1_HUMAN	0.08504188538057678	-0.5303192266521699	0.7004029974133235	0.26996238627324703	0.3150138304619229	0.7602826265417603	1.0	0.3536703659622953	-13.866275367191234
sp|Q9BXS5|AP1M1_HUMAN	psvid_57934_sp|Q9BXS5|AP1M1_HUMAN	-0.2241143569210542	-1.846443243989906	1.3982145301477975	0.7117248215870711	-0.31488905560621433	0.7603741468057723	1.0	1.1680885238425682	-12.853449399958492
sp|P42677|RS27_HUMAN	psvid_100492_sp|P42677|RS27_HUMAN	0.10112759283366657	-0.6321341322046143	0.8343893178719475	0.3216860493511941	0.3143673561151625	0.7607568476121566	1.0	0.4610180837226258	-10.422441174465185
sp|Q9UJ68|MSRA_HUMAN	psvid_55231_sp|Q9UJ68|MSRA_HUMAN	-0.2089815341442849	-1.7258375640537316	1.3078744957651618	0.665453285006295	-0.314043883850251	0.7609941705503835	1.0	1.0873454470775472	-14.472138712708306
sp|P20042|IF2B_HUMAN	psvid_45493_sp|P20042|IF2B_HUMAN	-0.06635035784284948	-0.5505257473411482	0.4178250316554493	0.21241047080788528	-0.3123685832929587	0.7622237190560531	1.0	0.2138832563176163	-11.745802738809012
sp|Q13813|SPTN1_HUMAN	psvid_26464_sp|Q13813|SPTN1_HUMAN	0.2842001400879939	-1.790272607685294	2.3586728878612817	0.9100828802745246	0.31227940470901455	0.7622891895863388	1.0	1.5112181114291987	-13.907641363171267
sp|Q02878|RL6_HUMAN	psvid_26499_sp|Q02878|RL6_HUMAN	0.05861624422639222	-0.36933811517832704	0.4865706036311115	0.1877459882040592	0.3122103688451805	0.7623398737045992	1.0	0.13244087406998484	-10.025164491147489
sp|P16615|AT2A2_HUMAN	psvid_52318_sp|P16615|AT2A2_HUMAN	-0.07938581733048267	-0.660332429129337	0.5015607944683717	0.2548645511584268	-0.31148238140476237	0.7628744142321379	1.0	0.3200597709026489	-10.607859670648391
sp|Q15393|SF3B3_HUMAN	psvid_35235_sp|Q15393|SF3B3_HUMAN	0.1864458811218377	-1.1786971780078916	1.551588940251567	0.5988959501025639	0.31131598250064624	0.7629966150310931	1.0	0.9704800868411566	-14.854322508284387
sp|P33897|ABCD1_HUMAN	psvid_34711_sp|P33897|ABCD1_HUMAN	0.14439805889459167	-0.91552496404286	1.2043210818320433	0.46499420087326054	0.3105373327740683	0.7635685362583382	1.0	0.7312449083575421	-15.194590271479381
sp|P21399|ACOHC_HUMAN	psvid_57639_sp|P21399|ACOHC_HUMAN	-0.07421844534893518	-0.6208620576694941	0.47242516697162373	0.23981563205318807	-0.3094812657269751	0.7643444655489551	1.0	0.28489237770310627	-12.916308942551314
sp|P27105|STOM_HUMAN	psvid_24065_sp|P27105|STOM_HUMAN	0.07746676137175745	-0.49349486219097005	0.648428384934485	0.2504840805722523	0.3092682025731057	0.7645010444616993	1.0	0.3100194384498698	-10.497605070287207
sp|O95563|MPC2_HUMAN	psvid_88302_sp|O95563|MPC2_HUMAN	-0.08071554166863848	-0.6763873492718332	0.5149562659345562	0.26132457750710025	-0.308870839622597	0.7647930946937244	1.0	0.33461597943255106	-10.461129525439471
sp|Q6YN16|HSDL2_HUMAN	psvid_58560_sp|Q6YN16|HSDL2_HUMAN	0.06647261786440106	-0.42419905067120406	0.5571442864000062	0.21526042501609785	0.30880092269366294	0.7648444857034213	1.0	0.22187665879585228	-13.122531109922768
sp|P20336|RAB3A_HUMAN	psvid_60964_sp|P20336|RAB3A_HUMAN	0.09547768066755502	-0.6118927801376539	0.802848141472764	0.3103274058826427	0.3076675757849826	0.7656776999342872	1.0	0.43820323584964654	-12.867022245818584
sp|P19404|NDUV2_HUMAN	psvid_91777_sp|P19404|NDUV2_HUMAN	0.12740197257101293	-0.8167416113690784	1.0715455565111043	0.41420110878160116	0.30758481778519114	0.7657385545648228	1.0	0.6380425816799191	-11.58056495772641
sp|Q10567|AP1B1_HUMAN	psvid_880481_sp|Q10567|AP1B1_HUMAN	0.09376791033240073	-0.6029160681821784	0.7904518888469798	0.305639185903133	0.3067928284631632	0.7663210163697671	1.0	0.4286832946844594	-11.835466632526671
sp|Q08426|ECHP_HUMAN	psvid_39857_sp|Q08426|ECHP_HUMAN	0.060846485375097625	-0.39153230057917965	0.5132252713293749	0.19846112171792907	0.30659146158398803	0.7664691348687878	1.0	0.17136771686813757	-10.130641459115534
sp|Q15181|IPYR_HUMAN	psvid_85198_sp|Q15181|IPYR_HUMAN	0.16142463168245236	-1.0413996483455505	1.3642489117104553	0.527685787343806	0.30591051636052213	0.766970089376892	1.0	0.8441371294903932	-14.6660998917436
sp|O14672|ADA10_HUMAN	psvid_41325_sp|O14672|ADA10_HUMAN	0.16160674817765175	-1.0430182687715823	1.3662317651268858	0.5284757807749801	0.30579783228791396	0.7670529993764634	1.0	0.8455482995757522	-15.495567112987299
sp|Q9UNU6|CP8B1_HUMAN	psvid_58581_sp|Q9UNU6|CP8B1_HUMAN	0.06468309483735357	-0.4177267158926798	0.547092905567387	0.2116359014564685	0.30563384752873923	0.7671736607199552	1.0	0.21167757179598126	-10.254905185730431
sp|Q8N766|EMC1_HUMAN	psvid_79495_sp|Q8N766|EMC1_HUMAN	0.13195728398891626	-0.852194886611457	1.1161094545892896	0.431753101124034	0.3056313519124153	0.7671754970667216	1.0	0.6704710477608502	-13.80695959291094
sp|O75915|PRAF3_HUMAN	psvid_86741_sp|O75915|PRAF3_HUMAN	0.07254577028171649	-0.47108051022653685	0.6161720507899698	0.23849191159003205	0.3041854534942165	0.768239690760535	1.0	0.2816988917152986	-11.374618326292335
sp|P07602|SAP_HUMAN	psvid_38042_sp|P07602|SAP_HUMAN	-0.06784858223008605	-0.5763017286921119	0.44060456423193983	0.22306125954823866	-0.3041701744511726	0.7682509390331675	1.0	0.24290089637055257	-11.801718393086711
sp|P07108|ACBP_HUMAN	psvid_99088_sp|P07108|ACBP_HUMAN	0.10635257397034703	-0.6911930537432782	0.9038982016839723	0.34988775957605084	0.3039619736889666	0.7684042200236312	1.0	0.5163942349783974	-10.6690418889217
sp|Q92506|DHB8_HUMAN	psvid_37101_sp|Q92506|DHB8_HUMAN	-0.16875899511844228	-1.4360863558164805	1.098568365579596	0.5559836521895972	-0.30353229713468877	0.7687205891834841	1.0	0.894540864174973	-14.539689723401647
sp|O14617|AP3D1_HUMAN	psvid_41470_sp|O14617|AP3D1_HUMAN	-0.1699377473970234	-1.4507307964682679	1.110855301674221	0.5618911255332317	-0.3024389239743791	0.7695258410118212	1.0	0.9050280226837942	-16.93150742001915
sp|Q96K17|BT3L4_HUMAN	psvid_5947_sp|Q96K17|BT3L4_HUMAN	-0.2359379963343442	-2.0192983157664894	1.547422323097801	0.7823702180798547	-0.3015682229231565	0.7701673089077745	1.0	1.2907648709246402	-13.597510105347247
sp|P60953|CDC42_HUMAN	psvid_47223_sp|P60953|CDC42_HUMAN	0.07758510010945363	-0.5090796868007363	0.6642498870196436	0.2573731467911361	0.30144986404667784	0.7702545213225237	1.0	0.3257460947992811	-11.084917095064094
sp|Q06520|ST2A1_HUMAN	psvid_86138_sp|Q06520|ST2A1_HUMAN	0.05720993637250693	-0.37679511091222995	0.4912149836572438	0.19040045906148517	0.3004716304493383	0.7709754616075474	1.0	0.14286070480776059	-11.042740682567274
sp|P04040|CATA_HUMAN	psvid_30671_sp|P04040|CATA_HUMAN	0.0658717381216869	-0.4343390008974205	0.5660824771407943	0.21944526897227218	0.30017388130618605	0.7711949438058697	1.0	0.23329827698350344	-10.29541401380332
sp|Q9NX62|IMPA3_HUMAN	psvid_64418_sp|Q9NX62|IMPA3_HUMAN	-0.15426681331337955	-1.3263425493811425	1.0178089227543834	0.5141962278971368	-0.30001545119121353	0.7713117374961426	1.0	0.8200015250596052	-14.240911452530167
sp|Q9NNX6|CD209_HUMAN	psvid_98020_sp|Q9NNX6|CD209_HUMAN	0.10588722855304677	-0.6988830556391749	0.9106575127452684	0.3530572570708203	0.2999151736224096	0.7713856646633996	1.0	0.5225228488747614	-13.128378513640925
sp|Q9NY65|TBA8_HUMAN	psvid_34685_sp|Q9NY65|TBA8_HUMAN	-0.05279882794573432	-0.45431980476097533	0.3487221488695067	0.17614951435871568	-0.2997387085508129	0.7715157651558715	1.0	0.07403346595082347	-10.021067130105276
sp|P61018|RAB4B_HUMAN	psvid_109057_sp|P61018|RAB4B_HUMAN	0.09747422698164243	-0.6441589594827403	0.8391074134460251	0.32535865663656416	0.29959008310795987	0.77162534652657	1.0	0.46832550011065943	-12.428269906382583
sp|Q16181|SEPT7_HUMAN	psvid_43701_sp|Q16181|SEPT7_HUMAN	-0.233102958325496	-2.0068859361608267	1.5406800195098347	0.7781685843706833	-0.2995532883327716	0.7716524761054311	1.0	1.2834858444575696	-14.612927620625179
sp|LYSC_HUMAN|,sp|P61626|LYSC_HUMAN	psvid_34346_sp|LYSC_HUMAN|	-0.12362913243505602	-1.0647084697421363	0.8174502048720241	0.4128568065223231	-0.29944796956707415	0.7717301317222578	1.0	0.6355477889819472	-11.937162821164124
sp|O15027|SC16A_HUMAN	psvid_35392_sp|O15027|SC16A_HUMAN	0.21780327160313906	-1.4401518543144087	1.8757583975206868	0.727354253258117	0.2994459310954864	0.7717316347932411	1.0	1.1952858805216249	-15.598111241389848
sp|Q8IY17|PLPL6_HUMAN	psvid_32489_sp|Q8IY17|PLPL6_HUMAN	-0.0794969727545265	-0.6857345731396086	0.5267406276305556	0.26595985031926195	-0.298905916284346	0.7721298514552748	1.0	0.3448950795584688	-12.395056366195321
sp|Q9NZ08|ERAP1_HUMAN	psvid_56529_sp|Q9NZ08|ERAP1_HUMAN	-0.1522674334767813	-1.31753410685949	1.0129992399059273	0.5112090537406985	-0.29785746626079157	0.7729032001707411	1.0	0.814646478822228	-11.936100125050762
sp|P43686|PRS6B_HUMAN	psvid_59824_sp|P43686|PRS6B_HUMAN	-0.16845458638093325	-1.459624595659633	1.1227154228977665	0.5664435564312669	-0.2973898890160185	0.7732481766139641	1.0	0.9131020040078349	-13.244552231029532
sp|Q3ZCQ8|TIM50_HUMAN	psvid_87892_sp|Q3ZCQ8|TIM50_HUMAN	-0.07456899402737704	-0.6471322864095843	0.4979942983548302	0.2511867417058067	-0.2968667594514732	0.7736342021577239	1.0	0.3116399184673095	-13.15950386120469
sp|P38606|VATA_HUMAN	psvid_24762_sp|P38606|VATA_HUMAN	0.08074533395420547	-0.5393153281676024	0.7008059960760133	0.2720241053706119	0.29683153941153917	0.7736601939618879	1.0	0.3581565278763503	-13.000810240141352
sp|A0A2R8Y4L2|RA1L3_HUMAN	psvid_1633342_sp|A0A2R8Y4L2|RA1L3_HUMAN	0.15381114229186021	-1.0345768710043663	1.3421991555880868	0.5213525158068486	0.2950233050162251	0.7749950437282507	1.0	0.8328149461511652	-12.108724432666582
sp|Q96DZ1|ERLEC_HUMAN	psvid_37797_sp|Q96DZ1|ERLEC_HUMAN	-0.14283426490641205	-1.2476723646913084	0.9620038348784843	0.48469869809982097	-0.29468671045820743	0.7752436069592388	1.0	0.7669404824436686	-13.369657278923558
sp|Q8N3C0|ASCC3_HUMAN	psvid_39422_sp|Q8N3C0|ASCC3_HUMAN	-0.1742798115287263	-1.5243184379263257	1.1757588148688731	0.5922695503773688	-0.2942575916956775	0.7755605355785044	1.0	0.9587880946872991	-15.836565413926799
sp|Q00688|FKBP3_HUMAN	psvid_68385_sp|Q00688|FKBP3_HUMAN	-0.07946007575534075	-0.6954624957220711	0.5365423442113896	0.2702437316764726	-0.29403115203599944	0.7757277919862673	1.0	0.35428388142177575	-10.767560148868892
sp|P02787|TRFE_HUMAN	psvid_26242_sp|P02787|TRFE_HUMAN	-0.052974952377036644	-0.46399051790228124	0.35804061314820795	0.18031484391028343	-0.2937914107803271	0.775904886844224	1.0	0.09861129189170266	-10.007369622647452
sp|Q92520|FAM3C_HUMAN	psvid_84954_sp|Q92520|FAM3C_HUMAN	-0.1916073177641482	-1.678457331241083	1.2952426957127867	0.6522894765688126	-0.293745836238299	0.7759385539369918	1.0	1.064306021399171	-12.3387189272675
sp|P25789|PSA4_HUMAN	psvid_83437_sp|P25789|PSA4_HUMAN	0.18350853613555884	-1.252955870663278	1.6199729429343956	0.6301850270892024	0.2911978676852684	0.7778215948525361	1.0	1.0255405181179027	-13.715710658413922
sp|P51570|GALK1_HUMAN	psvid_59539_sp|P51570|GALK1_HUMAN	-0.08901202885296033	-0.786192320687	0.6081682629810793	0.30585692135219017	-0.2910250598856456	0.7779493621639192	1.0	0.4291268655694717	-12.758786800216036
sp|Q86YS6|RAB43_HUMAN	psvid_95123_sp|Q86YS6|RAB43_HUMAN	-0.11595983780659713	-1.0258273915406888	0.7939077159274944	0.39916402124804057	-0.29050673816751554	0.7783326315202524	1.0	0.6100374101728919	-11.02693645648965
sp|P63267|ACTH_HUMAN	psvid_9912_sp|P63267|ACTH_HUMAN	0.059325989149003444	-0.40623260307786047	0.5248845813758674	0.2042431769736035	0.2904674223544357	0.7783617059275695	1.0	0.18979240285947227	-10.090181852374627
sp|Q96FZ7|CHMP6_HUMAN	psvid_72328_sp|Q96FZ7|CHMP6_HUMAN	-0.15534188421033734	-1.3750918553168365	1.0644080868961618	0.5351111833649824	-0.2902983324577307	0.7784867536542212	1.0	0.8573915890810022	-13.216226219231658
sp|O75822|EIF3J_HUMAN	psvid_47353_sp|O75822|EIF3J_HUMAN	-0.2023544739739247	-1.7919054850282214	1.387196537080372	0.6973449827366319	-0.29017843245937347	0.7785754278920207	1.0	1.1430334876961474	-12.453207926487424
sp|P34931|HS71L_HUMAN	psvid_24797_sp|P34931|HS71L_HUMAN	-0.06756461855807272	-0.59961923394564	0.46448999682949454	0.23341535691660464	-0.2894608968775453	0.7791061657173712	1.0	0.26927299688774936	-11.252543330066931
sp|P37802|TAGL2_HUMAN	psvid_63340_sp|P37802|TAGL2_HUMAN	-0.126632349171933	-1.128131717808107	0.874867019464241	0.43936341462179385	-0.28821778272307613	0.7800259453987509	1.0	0.6844538734706312	-13.174973085914734
sp|Q9BYX7|ACTBM_HUMAN	psvid_39531_sp|Q9BYX7|ACTBM_HUMAN	-0.06196219374359302	-0.5530331382422129	0.4291087507550268	0.21543558963025575	-0.28761354542179624	0.7804731520837936	1.0	0.22236198336428345	-11.809829302426866
sp|P10909|CLUS_HUMAN	psvid_53630_sp|P10909|CLUS_HUMAN	-0.05909243227917971	-0.5308256570271181	0.41264079246875873	0.20695202304326052	-0.28553686700046044	0.7820107928354427	1.0	0.19800089606891177	-11.951027102621968
sp|Q9UL12|SARDH_HUMAN	psvid_29541_sp|Q9UL12|SARDH_HUMAN	-0.29101210402605737	-2.6150514855551155	2.0330272775030007	1.0195691683506938	-0.28542654393601674	0.7820925079265029	1.0	1.6992787340285684	-13.863172422559241
sp|P02794|FRIH_HUMAN	psvid_71907_sp|P02794|FRIH_HUMAN	0.12337865124331149	-0.8627314867977635	1.1094887892843865	0.4326120724698037	0.2851946561244504	0.7822642739779121	1.0	0.6720515158203576	-9.863863365099288
sp|P22392|NDKB_HUMAN	psvid_50116_sp|P22392|NDKB_HUMAN	0.06304626954233417	-0.4417232947793308	0.5678158338639991	0.2214452513130734	0.2847036419543765	0.7826280239277429	1.0	0.23863783235213318	-11.331832375761536
sp|P10809|CH60_HUMAN	psvid_23050_sp|P10809|CH60_HUMAN	0.0798133684738227	-0.5598173687365996	0.719444105684245	0.280609607553252	0.28442849540950343	0.7828318808148751	1.0	0.37661029020060827	-10.820983043900846
sp|P01024|CO3_HUMAN	psvid_39326_sp|P01024|CO3_HUMAN	-0.05465262881977839	-0.49291999947229104	0.38361474183273425	0.19227036433325628	-0.2842488441174984	0.7829649945119869	1.0	0.149846925381931	-10.035545280302276
sp|P23258|TBG1_HUMAN	psvid_90918_sp|P23258|TBG1_HUMAN	0.20754089884960036	-1.4584696819765168	1.8735514796757176	0.7308882267041319	0.2839570966760342	0.7831811825399293	1.0	1.2014306802200077	-14.083000770109138
sp|Q9NRH3|TBG2_HUMAN	psvid_44095_sp|Q9NRH3|TBG2_HUMAN	0.20754089884960036	-1.4584696819765168	1.8735514796757176	0.7308882267041319	0.2839570966760342	0.7831811825399293	1.0	1.2014306802200077	-14.083000770109138
sp|O60506|HNRPQ_HUMAN	psvid_32727_sp|O60506|HNRPQ_HUMAN	0.10953112632630946	-0.772906154522166	0.991968407174785	0.3871302060141439	0.2829309741909101	0.7839417077366165	1.0	0.5874562323900467	-12.964634667874627
sp|Q9Y5U8|MPC1_HUMAN	psvid_41564_sp|Q9Y5U8|MPC1_HUMAN	-0.13796458574478754	-1.253022545357448	0.9770933738678729	0.48918220817631486	-0.2820310784791692	0.7846088792789487	1.0	0.7750329040949144	-11.011786021310566
sp|O76024|WFS1_HUMAN	psvid_40529_sp|O76024|WFS1_HUMAN	-0.1759528346834731	-1.5982723599080149	1.2463666905410686	0.6239795878622498	-0.2819849208309625	0.784643105044244	1.0	1.0146389221177967	-14.52110760615077
sp|Q16822|PCKGM_HUMAN	psvid_163227_sp|Q16822|PCKGM_HUMAN	-0.1113151595692683	-1.0122284542038922	0.7895981350653556	0.3952357373403753	-0.2816424453879892	0.7848970650045864	1.0	0.6026835994077178	-11.058060165480889
sp|Q9Y5L4|TIM13_HUMAN	psvid_96472_sp|Q9Y5L4|TIM13_HUMAN	0.10433216346116847	-0.7438423685054535	0.9525066954277904	0.372098945072302	0.28038822695639687	0.7858273519402931	1.0	0.5590090833169449	-10.82100421051725
sp|Q6UXV4|MIC27_HUMAN	psvid_40646_sp|Q6UXV4|MIC27_HUMAN	0.12650378482906044	-0.9022714411113368	1.1552790107694577	0.45132948687028657	0.2802914245782882	0.7858991678899384	1.0	0.7063538623526646	-12.353156594051992
sp|Q07955|SRSF1_HUMAN	psvid_62257_sp|Q07955|SRSF1_HUMAN	0.10798400276516684	-0.7708572227737598	0.9868252283040935	0.3855525962927081	0.28007593206086556	0.7860590456683639	1.0	0.5844836982708953	-11.152472801149008
sp|Q92597|NDRG1_HUMAN	psvid_49957_sp|Q92597|NDRG1_HUMAN	-0.11756117356963225	-1.0765834397636957	0.8414610926244313	0.420728470500341	-0.2794229100536636	0.7865435996268638	1.0	0.6501330694342068	-13.865195460865277
sp|P48047|ATPO_HUMAN	psvid_57016_sp|P48047|ATPO_HUMAN	-0.0702428077901156	-0.6452870457333465	0.5048014301531153	0.2522751464989785	-0.27843728867044787	0.7872751334732323	1.0	0.31414236703917237	-10.325188803815447
sp|P50440|GATM_HUMAN	psvid_62039_sp|P50440|GATM_HUMAN	0.09213261537239514	-0.6621501105213071	0.8464153412660974	0.330908080841022	0.27842358862387034	0.787285303293785	1.0	0.4793084520869555	-11.859176710558682
sp|Q9UHG3|PCYOX_HUMAN	psvid_79974_sp|Q9UHG3|PCYOX_HUMAN	0.05679855466002026	-0.40934382484023907	0.5229409341602795	0.20449928773900622	0.2777445109369273	0.7877894501023459	1.0	0.19057890737622227	-10.37005917684594
sp|Q13740|CD166_HUMAN	psvid_55431_sp|Q13740|CD166_HUMAN	-0.13642343916705935	-1.256103448769802	0.9832565704356833	0.4912099275436876	-0.2777294014582513	0.7878006685666676	1.0	0.7786894046758793	-14.48689203248668
sp|Q04446|GLGB_HUMAN	psvid_57833_sp|Q04446|GLGB_HUMAN	0.12927732299962535	-0.9322828515194013	1.190837497518652	0.4657124284944259	0.27759045086590955	0.7879038388478837	1.0	0.7325499551139574	-14.76768870888844
sp|O75306|NDUS2_HUMAN	psvid_84456_sp|O75306|NDUS2_HUMAN	0.07515936893500053	-0.5430099599871203	0.6933286978571214	0.27119436684173626	0.2771420727144457	0.788236787928702	1.0	0.35635376470337937	-11.399856208809165
sp|O95573|ACSL3_HUMAN	psvid_78642_sp|O95573|ACSL3_HUMAN	-0.08224971115848234	-0.7589607030583715	0.5944612807414068	0.2968769241643405	-0.2770498629693153	0.7883052651642731	1.0	0.41070902411543564	-11.3885023762802
sp|Q9NZB2|F120A_HUMAN	psvid_39462_sp|Q9NZB2|F120A_HUMAN	-0.08743778146480752	-0.80855175389185	0.6336761909622349	0.3163567618504713	-0.2763897978767899	0.7887955023138349	1.0	0.4503557121681916	-14.032914072029513
sp|P35542|SAA4_HUMAN	psvid_98194_sp|P35542|SAA4_HUMAN	-0.07909290641472344	-0.7317007098170113	0.5735148969875644	0.2863027195934478	-0.27625621763927366	0.7888947257847151	1.0	0.3886628840414392	-11.260750063002817
sp|Q9Y4F1|FARP1_HUMAN	psvid_46789_sp|Q9Y4F1|FARP1_HUMAN	-0.15749746532984776	-1.4570797190854203	1.1420847884257248	0.5701340554707474	-0.2762463736704967	0.7889020380502678	1.0	0.9196425444823694	-13.934572750682083
sp|Q96KC8|DNJC1_HUMAN	psvid_66781_sp|Q96KC8|DNJC1_HUMAN	-0.19355590251849142	-1.7907348069937565	1.4036230019567737	0.7006913825495162	-0.276235597210036	0.7889100430115592	1.0	1.1488670241230268	-15.306812100119664
sp|Q9NY15|STAB1_HUMAN	psvid_32684_sp|Q9NY15|STAB1_HUMAN	-0.14705804150501445	-1.3613410442484928	1.0672249612384639	0.5327127935478454	-0.2760550211786991	0.7890441822701556	1.0	0.8531127432241447	-14.640385891694708
sp|Q9UGP8|SEC63_HUMAN	psvid_68821_sp|Q9UGP8|SEC63_HUMAN	-0.0794089300676859	-0.7369211888709504	0.5781033287355786	0.28845433180541336	-0.2752911685211019	0.789611685070632	1.0	0.3931830927024907	-11.694982008520226
sp|Q8NEN9|PDZD8_HUMAN	psvid_35246_sp|Q8NEN9|PDZD8_HUMAN	0.13063981885619924	-0.9511785436216684	1.212458181334067	0.47459980966948084	0.27526310840111584	0.7896325347980582	1.0	0.748673359134473	-15.89804266109809
sp|P08263|GSTA1_HUMAN	psvid_88046_sp|P08263|GSTA1_HUMAN	-0.048161217960830616	-0.447771444420777	0.35144900849911576	0.17531125741429512	-0.2747183419431882	0.7900373521249691	1.0	0.06811024762061461	-9.989863450948182
sp|Q8NC51|SERB1_HUMAN	psvid_31401_sp|Q8NC51|SERB1_HUMAN	0.0683571250251549	-0.5013740121669736	0.6380882622172834	0.24994425926995015	0.27348947811330354	0.7909507700206645	1.0	0.3087718276665521	-11.544688989289245
sp|Q9Y2X3|NOP58_HUMAN	psvid_27130_sp|Q9Y2X3|NOP58_HUMAN	-0.06580088986749111	-0.614873942919743	0.48327216318476074	0.2408814413875978	-0.27316712108846997	0.7911904352220415	1.0	0.2874505280999329	-15.360184556646672
sp|Q14571|ITPR2_HUMAN	psvid_28721_sp|Q14571|ITPR2_HUMAN	-0.07014601694046707	-0.6556985516347336	0.5154065177537994	0.2568851954785214	-0.27306368048886687	0.7912673459351289	1.0	0.32464350078333415	-12.257693217338772
sp|P04424|ARLY_HUMAN	psvid_63485_sp|P04424|ARLY_HUMAN	-0.09879946515086102	-0.9252791354114042	0.7276802051096821	0.3625812870313281	-0.272489145702449	0.7916945708930426	1.0	0.5408402672230904	-12.274282536381321
sp|Q687X5|STEA4_HUMAN	psvid_47896_sp|Q687X5|STEA4_HUMAN	-0.09947618625212051	-0.9329057073052308	0.7339533348009898	0.36563022572361353	-0.27206773196950174	0.7920079818833667	1.0	0.5466747498346776	-13.3174634208453
sp|O75208|COQ9_HUMAN	psvid_29755_sp|O75208|COQ9_HUMAN	-0.21148438529141478	-1.9862607983526088	1.5632920277697793	0.778604410000444	-0.27161981434358196	0.7923411477853814	1.0	1.2842409725353896	-14.051644974964521
sp|Q92896|GSLG1_HUMAN	psvid_41934_sp|Q92896|GSLG1_HUMAN	-0.12787992930192527	-1.204865174285144	0.9491053156812934	0.4724794937988787	-0.27065709936685667	0.7930573772438728	1.0	0.7448308772255985	-13.761727221121749
sp|P01023|A2MG_HUMAN	psvid_44816_sp|P01023|A2MG_HUMAN	-0.07821028857436696	-0.7372836847609945	0.5808631076122606	0.28913921156962347	-0.270493538907414	0.7931790816023153	1.0	0.3946180910977762	-11.878929347337184
sp|P40222|TXLNA_HUMAN	psvid_72498_sp|P40222|TXLNA_HUMAN	-0.10341562566537199	-0.9750184023614983	0.7681871510307543	0.38237704801006783	-0.2704545845613859	0.7932080681770748	1.0	0.5784912932724604	-14.659567276040598
sp|P43034|LIS1_HUMAN	psvid_47516_sp|P43034|LIS1_HUMAN	0.08067812850043143	-0.5997445003837013	0.7611007573845642	0.29850524021755437	0.2702737427377563	0.7933426400042121	1.0	0.4140681730515362	-14.961532029172862
sp|P00395|COX1_HUMAN	psvid_151902_sp|P00395|COX1_HUMAN	0.13563238274621137	-1.0091988704981898	1.2804636359906125	0.5022439198101353	0.27005281178413243	0.7935070536821783	1.0	0.7985509877320636	-14.964823379547614
sp|A6NCS6|CB072_HUMAN	psvid_59012_sp|A6NCS6|CB072_HUMAN	-0.09578918210733178	-0.9064941295915973	0.7149157653769337	0.3556608272879177	-0.2693273331161311	0.7940470209533766	1.0	0.5275446208099563	-11.802753104901427
sp|Q14165|MLEC_HUMAN	psvid_84511_sp|Q14165|MLEC_HUMAN	-0.053414972718611065	-0.5057961293714652	0.39896618393424305	0.19846216175674924	-0.26914436608868864	0.7941832201321394	1.0	0.1713711589733221	-10.400657908908594
sp|P05166|PCCB_HUMAN	psvid_48954_sp|P05166|PCCB_HUMAN	-0.19681538524048303	-1.8649722077790993	1.4713414372981333	0.7318297950335173	-0.26893601022553204	0.7943383275992479	1.0	1.2030675697437965	-12.555252866570626
sp|P49748|ACADV_HUMAN	psvid_55352_sp|P49748|ACADV_HUMAN	-0.15341088966944927	-1.4546946271214682	1.1478728477825697	0.5708805059530997	-0.26872679671085603	0.7944940832161715	1.0	0.9209649430969825	-11.38122512686756
sp|P62736|ACTA_HUMAN	psvid_9913_sp|P62736|ACTA_HUMAN	0.05379044104498831	-0.40315349742558176	0.5107343795155583	0.20046387984303812	0.2683298412018458	0.7947896359456155	1.0	0.17790484013393568	-10.081829347983971
sp|P54840|GYS2_HUMAN	psvid_66100_sp|P54840|GYS2_HUMAN	-0.10677292577592556	-1.0142701489904975	0.8007242974386465	0.39812414389668827	-0.26819002919760815	0.794893741103244	1.0	0.60809234003214	-10.568903965608827
sp|Q9Y3I0|RTCB_HUMAN	psvid_45007_sp|Q9Y3I0|RTCB_HUMAN	-0.18931333961029662	-1.7985439621689023	1.419917282948309	0.7059785391618728	-0.2681573576373109	0.7949180692364356	1.0	1.158080173274638	-12.142006269952056
sp|P11498|PYC_HUMAN	psvid_47551_sp|P11498|PYC_HUMAN	0.10354779214670584	-0.7783113273535273	0.9854069116469389	0.3868765633737975	0.26765072364091147	0.795295352893366	1.0	0.5869785166928847	-11.173923395240479
sp|P40925|MDHC_HUMAN	psvid_74728_sp|P40925|MDHC_HUMAN	0.0671366063631087	-0.5048618729281308	0.6391350856543482	0.25093895502111946	0.26754158738510075	0.7953766326444401	1.0	0.3110689176049104	-12.225013017309013
sp|P08195|4F2_HUMAN	psvid_46256_sp|P08195|4F2_HUMAN	-0.17360601465813064	-1.652843338583697	1.3056313092674356	0.6489497467791676	-0.2675184257637246	0.7953938827113872	1.0	1.058455444919854	-14.078253572305147
sp|O43181|NDUS4_HUMAN	psvid_79004_sp|O43181|NDUS4_HUMAN	-0.05858292736199644	-0.5592038169214014	0.44203796219740854	0.2196252043247423	-0.2667404569621915	0.7959733587702877	1.0	0.233781659456453	-11.44024887754814
sp|Q9BWM7|SFXN3_HUMAN	psvid_65934_sp|Q9BWM7|SFXN3_HUMAN	-0.08842309928258008	-0.8441016676756616	0.6672554691105015	0.3315204448084968	-0.2667198981759867	0.7959886739485336	1.0	0.4805162328807348	-13.781964108679695
sp|P43307|SSRA_HUMAN	psvid_71261_sp|P43307|SSRA_HUMAN	-0.09303957934599172	-0.8885276699065338	0.7024485112145503	0.34898510643656766	-0.2666004297318138	0.7960776732860309	1.0	0.514645697399776	-11.880712223419255
sp|Q8NFQ8|TOIP2_HUMAN	psvid_26469_sp|Q8NFQ8|TOIP2_HUMAN	-0.050527965371589545	-0.48392574901620483	0.38286981827302574	0.19013404908175366	-0.2657491681033079	0.7967119208450564	1.0	0.1418430917825842	-10.662548431346664
sp|Q8TC12|RDH11_HUMAN	psvid_54668_sp|Q8TC12|RDH11_HUMAN	0.0698787369396574	-0.5309426486477626	0.6707001225270774	0.26358372637715055	0.2651102095721605	0.7971880926605995	1.0	0.33964210703287995	-10.44967757054015
sp|O14874|BCKD_HUMAN	psvid_42370_sp|O14874|BCKD_HUMAN	-0.09706278706310512	-0.9323176355430276	0.7381920614168174	0.3664310071481082	-0.2648869368848832	0.7973545035018524	1.0	0.5482048730568654	-12.514152224763098
sp|Q6ZWL3|CP4V2_HUMAN	psvid_68049_sp|Q6ZWL3|CP4V2_HUMAN	0.1338376171857889	-1.0216325782754165	1.2893078126469943	0.5069112836914571	0.26402572105152067	0.797996491720773	1.0	0.8069350495570282	-12.189531898061329
sp|P07357|CO8A_HUMAN	psvid_46901_sp|P07357|CO8A_HUMAN	-0.05687789511199659	-0.5486100213123029	0.4348542310883096	0.21572565376732453	-0.263658466754925	0.7982703084617393	1.0	0.2231642004360244	-12.097580201198793
sp|Q8WU76|SCFD2_HUMAN	psvid_73351_sp|Q8WU76|SCFD2_HUMAN	-0.08787158692394259	-0.8477039455783946	0.6719607717305094	0.33334273599510406	-0.26360732494027767	0.7983084410065232	1.0	0.48410565327896277	-14.492012340831856
sp|Q9BQE4|SELS_HUMAN	psvid_28685_sp|Q9BQE4|SELS_HUMAN	0.12439194362332184	-0.9535858443929275	1.2023697316395712	0.4729149280186179	0.26303238966147574	0.798737165488341	1.0	0.7456201902141631	-12.59747297299796
sp|O95782|AP2A1_HUMAN	psvid_49860_sp|O95782|AP2A1_HUMAN	-0.07422116981980231	-0.7175044302358004	0.5690620905961957	0.2822119900587672	-0.2629979321727141	0.7987628624353915	1.0	0.380016618846723	-12.713967444532038
sp|P04632|CPNS1_HUMAN	psvid_51988_sp|P04632|CPNS1_HUMAN	-0.14504113479687408	-1.4061980019417408	1.1161157323479927	0.5532766219084748	-0.26214940059561626	0.7993957429396894	1.0	0.8897313984986757	-14.734965476544291
sp|O60884|DNJA2_HUMAN	psvid_48547_sp|O60884|DNJA2_HUMAN	0.04716970176157309	-0.36327091271073414	0.4576103162338803	0.18006260964457144	0.2619627798057695	0.7995349557052172	1.0	0.09728522213866807	-12.017592411109002
sp|Q9UBU6|FA8A1_HUMAN	psvid_51504_sp|Q9UBU6|FA8A1_HUMAN	0.05476784166171411	-0.422980482675384	0.5325161659988122	0.20959088111701277	0.2613083230044617	0.8000232177812429	1.0	0.20578055907695597	-12.288189093766068
sp|P20338|RAB4A_HUMAN	psvid_87782_sp|P20338|RAB4A_HUMAN	-0.07177384910634821	-0.6982887720348737	0.5547410738221773	0.27485562594437	-0.26113290881255247	0.8001541024962469	1.0	0.36428203444135504	-12.077069930417476
sp|P60866|RS20_HUMAN	psvid_33096_sp|P60866|RS20_HUMAN	0.064068082415079	-0.4963324855977971	0.6244686504279551	0.24585088601047037	0.2605973216315781	0.8005537701699939	1.0	0.2992327106296461	-10.409745494275544
sp|Q9BSE5|GDAH_HUMAN	psvid_57941_sp|Q9BSE5|GDAH_HUMAN	0.057773787802825716	-0.44801268879343303	0.5635602643990845	0.2218913764563621	0.26036968504806995	0.800723656632721	1.0	0.2398191828466763	-11.175501975352631
sp|P43490|NAMPT_HUMAN	psvid_85176_sp|P43490|NAMPT_HUMAN	0.08482143397093189	-0.6600826059293804	0.8297254738712442	0.3267935984641306	0.259556595874512	0.8013305606819158	1.0	0.4711720514634777	-12.66470648235842
sp|Q9NY64|SL2A8_HUMAN	psvid_93320_sp|Q9NY64|SL2A8_HUMAN	0.08166116158620262	-0.6357613397303085	0.7990836629027137	0.3147372926796525	0.25945816871888583	0.8014040380788096	1.0	0.44710121017341664	-16.180351714616425
sp|P29966|MARCS_HUMAN	psvid_58601_sp|P29966|MARCS_HUMAN	-0.10753121219983308	-1.0526835460428936	0.8376211216432276	0.41464365304647827	-0.2593340363702123	0.8014967077649026	1.0	0.6388635045166687	-12.159970210679056
sp|A6NIZ1|RP1BL_HUMAN	psvid_57820_sp|A6NIZ1|RP1BL_HUMAN	0.051078510791139564	-0.39830313942644263	0.5004601610087218	0.197146261386911	0.2590894213859578	0.8016793321555353	1.0	0.1669741253041597	-10.7820266746907
sp|P50914|RL14_HUMAN	psvid_86383_sp|P50914|RL14_HUMAN	-0.06368636150795437	-0.6244887351975965	0.49711601218168777	0.24602716042430128	-0.2588590682350686	0.801851320686746	1.0	0.29964646147053015	-10.843109832526544
sp|Q13884|SNTB1_HUMAN	psvid_47046_sp|Q13884|SNTB1_HUMAN	-0.08802422116078912	-0.8651572666895713	0.689108824367993	0.3409326447843222	-0.2581865436103199	0.8023535126077671	1.0	0.49898256373874683	-12.402754928000721
sp|Q96BM9|ARL8A_HUMAN	psvid_48490_sp|Q96BM9|ARL8A_HUMAN	-0.07300764432471585	-0.7189886251931384	0.5729733365437067	0.28339549521792307	-0.25761751882673734	0.8027784939357435	1.0	0.3825253431460207	-10.649191851282898
sp|Q99624|S38A3_HUMAN	psvid_53394_sp|Q99624|S38A3_HUMAN	0.16848269942844052	-1.322365937967548	1.6593313368244291	0.6540436954069696	0.2576015954463172	0.8027903874506573	1.0	1.0673781984133215	-15.11505613102496
sp|Q13310|PABP4_HUMAN	psvid_56240_sp|Q13310|PABP4_HUMAN	-0.19302116439111483	-1.9089013620577455	1.5228590332755159	0.7527663085353431	-0.25641578561967787	0.8036762459836005	1.0	1.2394347041263944	-14.317065089110343
sp|Q13409|DC1I2_HUMAN	psvid_38518_sp|Q13409|DC1I2_HUMAN	-0.210065080043647	-2.080494743685044	1.6603645835977499	0.8205680298595589	-0.25599959101453157	0.8039872347600306	1.0	1.356854172179162	-15.225875949511986
sp|Q9UP52|TFR2_HUMAN	psvid_36362_sp|Q9UP52|TFR2_HUMAN	-0.11373588319308503	-1.1303304397815517	0.9028586733953816	0.445985758609997	-0.2550213341958843	0.8047183519482205	1.0	0.6965864030143122	-12.480124111626724
sp|P35232|PHB1_HUMAN	psvid_51167_sp|P35232|PHB1_HUMAN	-0.04733832007798755	-0.4713599265068684	0.3766832863508933	0.1860206673197521	-0.2544788208754107	0.8051238958718776	1.0	0.12529040241857656	-10.10131432696117
sp|Q08380|LG3BP_HUMAN	psvid_35482_sp|Q08380|LG3BP_HUMAN	0.13834549043072997	-1.1016123938150488	1.3783033746765088	0.5439765086934899	0.25432254558750145	0.80524072755051	1.0	0.8731891821535128	-14.403663585854243
sp|Q01130|SRSF2_HUMAN	psvid_31475_sp|Q01130|SRSF2_HUMAN	0.07767926571190475	-0.6201030620643663	0.7754615934881758	0.3061210379114088	0.2537534376660028	0.805666237102391	1.0	0.42966473270004213	-12.891700894545519
sp|P55769|NH2L1_HUMAN	psvid_100029_sp|P55769|NH2L1_HUMAN	0.12378639685162396	-0.9883072831865114	1.2358800768897593	0.4878817620287246	0.2537221238541315	0.8056896517331773	1.0	0.7726867612504125	-13.260442353789479
sp|Q92667|AKAP1_HUMAN	psvid_55618_sp|Q92667|AKAP1_HUMAN	-0.06620667409795278	-0.6616225690381738	0.5292092208422683	0.26121230718025806	-0.25345924475244846	0.8058862254262414	1.0	0.33436536890581015	-15.301491854956936
sp|Q9Y5S2|MRCKB_HUMAN	psvid_34216_sp|Q9Y5S2|MRCKB_HUMAN	0.14818485718653918	-1.184704990669751	1.4810747050428295	0.5847462846295701	0.25341735566633405	0.8059175502630167	1.0	0.9454992382356857	-17.01190361012086
sp|P00450|CERU_HUMAN	psvid_1633336_sp|P00450|CERU_HUMAN	-0.061905765252047384	-0.6188878304983026	0.4950762999942079	0.2443511695897981	-0.25334752993395127	0.8059697670618851	1.0	0.29570131114118403	-11.081003942435574
sp|Q9UNM6|PSD13_HUMAN	psvid_82089_sp|Q9UNM6|PSD13_HUMAN	-0.14538359815072477	-1.4550335409219344	1.1642663446204848	0.5745508073547594	-0.2530387152705834	0.8062007158769295	1.0	0.9274647316564093	-14.327159009060063
sp|O75460|ERN1_HUMAN	psvid_42688_sp|O75460|ERN1_HUMAN	0.08167108453068384	-0.6549985277797153	0.818340696841083	0.32318110869462935	0.2527099583900928	0.8064466005753654	1.0	0.46399667838990527	-17.213000441912126
sp|Q9NX40|OCAD1_HUMAN	psvid_29437_sp|Q9NX40|OCAD1_HUMAN	0.051429786894225504	-0.4126709541754974	0.5155305279639484	0.2036036094586643	0.2525976186324281	0.8065306272102455	1.0	0.18781829657836563	-11.782800629275117
sp|P02750|A2GL_HUMAN	psvid_43986_sp|P02750|A2GL_HUMAN	-0.11391391395638362	-1.1419718328350565	0.9141440049222893	0.45101480022160634	-0.25257245194705796	0.8065494514683497	1.0	0.7057792084683219	-11.884492479549714
sp|Q9BRK5|CAB45_HUMAN	psvid_55837_sp|Q9BRK5|CAB45_HUMAN	-0.07521752825760775	-0.7576163000120495	0.607181243496834	0.2993721852266779	-0.25125089092914465	0.8075381429705444	1.0	0.41585300872479386	-12.079960703768714
sp|P30519|HMOX2_HUMAN	psvid_32195_sp|P30519|HMOX2_HUMAN	-0.06111253499595426	-0.6158930288475113	0.4936679588556028	0.24338532781715122	-0.2510937513943587	0.8076557270722071	1.0	0.29341612942844814	-10.825267308408854
sp|Q9UN36|NDRG2_HUMAN	psvid_34586_sp|Q9UN36|NDRG2_HUMAN	-0.10194837172358495	-1.029278762080347	0.8253820186331771	0.40682506604527024	-0.2505951088870233	0.8080288844717423	1.0	0.6243330313179827	-12.85243476962279
sp|O15258|RER1_HUMAN	psvid_109627_sp|O15258|RER1_HUMAN	-0.08743691093960715	-0.8834767403874481	0.7086029185082338	0.3492271573944563	-0.2503725987175908	0.8081954158747641	1.0	0.5151147153522246	-11.780898008001767
sp|A0A8I5KQE6|RPSA2_HUMAN	psvid_1210968_sp|A0A8I5KQE6|RPSA2_HUMAN	0.05271673223636997	-0.4274780560568859	0.5329115205296258	0.21066415863588964	0.25024063218786624	0.808294187326988	1.0	0.2088890821979957	-10.110207828311111
sp|Q6IS14|IF5AL_HUMAN	psvid_75228_sp|Q6IS14|IF5AL_HUMAN	0.16846618545269232	-1.3721127975788314	1.709045168484216	0.6758606781760205	0.2492617056925705	0.8090269858240515	1.0	1.1055377752882856	-9.80291292244588
sp|P46940|IQGA1_HUMAN	psvid_48542_sp|P46940|IQGA1_HUMAN	-0.15259494780232696	-1.550384769388105	1.245194873783451	0.6132182686963032	-0.24884279479595822	0.8093406320615182	1.0	0.9957126958701035	-15.12127361646653
sp|Q9HB55|CP343_HUMAN	psvid_64115_sp|Q9HB55|CP343_HUMAN	0.10096149950418098	-0.8242406566428019	1.026163655651164	0.40589139770876714	0.24874018043768029	0.8094174668346703	1.0	0.6225939413526151	-11.692791159118983
sp|O75880|SCO1_HUMAN	psvid_44365_sp|O75880|SCO1_HUMAN	0.05706185151629972	-0.4660786781754028	0.5802023812080023	0.22950469730740303	0.2486304297287213	0.8094996475147228	1.0	0.2594887509233964	-12.23524057467931
sp|Q56VL3|OCAD2_HUMAN	psvid_36323_sp|Q56VL3|OCAD2_HUMAN	0.06993796398304797	-0.5720437383487745	0.7119196663148705	0.281640989195361	0.24832310162969679	0.8097297861979976	1.0	0.3788040822527477	-10.911548637705794
sp|P68104|EF1A1_HUMAN	psvid_4549_sp|P68104|EF1A1_HUMAN	-0.05259692771013791	-0.5384161157197376	0.4332222602994618	0.2131316144745647	-0.24678144460081905	0.8108845295767324	1.0	0.21592368895829842	-10.447492845816543
sp|P62314|SMD1_HUMAN	psvid_104065_sp|P62314|SMD1_HUMAN	0.07335558824985755	-0.6047321360305247	0.7514433125302398	0.29748090441500963	0.24658923366563604	0.8110285350527539	1.0	0.4119560602565113	-11.940149347759501
sp|P07947|YES_HUMAN	psvid_81488_sp|P07947|YES_HUMAN	-0.18833658211201731	-1.930283567662621	1.5536104034385865	0.7642019552182967	-0.24644870485605913	0.8111338247893122	1.0	1.2592752110406547	-14.949681397980207
sp|Q6IAN0|PEXRP_HUMAN	psvid_44217_sp|Q6IAN0|PEXRP_HUMAN	0.07571616417628935	-0.6250885573217966	0.7765208856743753	0.3074469790627811	0.24627389219143375	0.8112648069876376	1.0	0.43236183668719014	-11.931123681802305
sp|O95881|TXD12_HUMAN	psvid_96398_sp|O95881|TXD12_HUMAN	0.06332783997830571	-0.524772374549665	0.6514280545062764	0.25800287697304264	0.24545400703001657	0.8118792071763188	1.0	0.32716663968276744	-11.759087250712899
sp|Q8IVS8|GLCTK_HUMAN	psvid_41346_sp|Q8IVS8|GLCTK_HUMAN	-0.05332664536996612	-0.5488431553890141	0.4421898646490818	0.21738588426662686	-0.24530868482960114	0.8119881220957815	1.0	0.22772176473252456	-13.829734972436048
sp|O75310|UDB11_HUMAN	psvid_42939_sp|O75310|UDB11_HUMAN	-0.05742669241732923	-0.5911251917516392	0.4762718069169808	0.23413653806429366	-0.24527010133531535	0.8120170400676154	1.0	0.27105638956561157	-11.062109223882137
sp|P10606|COX5B_HUMAN	psvid_42721_sp|P10606|COX5B_HUMAN	0.05259286110234207	-0.436332881735021	0.5415186039397051	0.2144944775772091	0.2451944763165794	0.8120737211994091	1.0	0.2197465622544031	-10.20921135710855
sp|P21953|ODBB_HUMAN	psvid_91037_sp|P21953|ODBB_HUMAN	-0.11230230429592991	-1.161440052722144	0.9368354441302842	0.4602626401900583	-0.24399613283745217	0.8129720378272204	1.0	0.7226395650561365	-13.069037034793286
sp|Q9BSJ8|ESYT1_HUMAN	psvid_69158_sp|Q9BSJ8|ESYT1_HUMAN	-0.05155241505176855	-0.5333643946804612	0.4302595645769241	0.21137362958463513	-0.2438923679981882	0.813049836995755	1.0	0.2109273343894483	-11.416899162982455
sp|Q99643|C560_HUMAN	psvid_84921_sp|Q99643|C560_HUMAN	0.13166821218426472	-1.1034732149979891	1.3668096393665186	0.5418635018478727	0.24299147614712452	0.8137253851908678	1.0	0.8694265089177129	-12.389172864843605
sp|Q8N5M9|JAGN1_HUMAN	psvid_42957_sp|Q8N5M9|JAGN1_HUMAN	-0.05866358859950305	-0.6097081499804662	0.4923809727814601	0.24174635319721527	-0.2426658678554941	0.8139695881715064	1.0	0.28951811288315726	-12.420346448595712
sp|Q8N2K0|ABD12_HUMAN	psvid_69529_sp|Q8N2K0|ABD12_HUMAN	0.1717178058600064	-1.4424909816224687	1.7859265933424815	0.7081624881567486	0.24248362308340374	0.814106279280753	1.0	1.1618845648375338	-15.421121533960623
sp|Q14232|EI2BA_HUMAN	psvid_90184_sp|Q14232|EI2BA_HUMAN	0.08133473520111689	-0.6834475834565261	0.8461170538587599	0.33551431133239557	0.2424180801054957	0.8141554408605429	1.0	0.4883739938777096	-15.034265658314045
sp|Q86VI3|IQGA3_HUMAN	psvid_23820_sp|Q86VI3|IQGA3_HUMAN	0.08090549226445187	-0.6833127193059135	0.8451237038348173	0.33526683437550425	0.24131671841371705	0.8149816645777025	1.0	0.4878880561856145	-17.453384890608387
sp|P09211|GSTP1_HUMAN	psvid_40086_sp|P09211|GSTP1_HUMAN	0.1457138862005869	-1.2306742085763478	1.5221019809775216	0.6038292105860208	0.2413163915325833	0.8149819098348481	1.0	0.979177168618832	-13.883235463159718
sp|Q969H8|MYDGF_HUMAN	psvid_72099_sp|Q969H8|MYDGF_HUMAN	0.05790501781406254	-0.49239041109437465	0.6082004467224997	0.24141770456153885	0.2398540650497412	0.8160792998384291	1.0	0.28873334522381733	-11.211642810448145
sp|Q9Y2H6|FND3A_HUMAN	psvid_26322_sp|Q9Y2H6|FND3A_HUMAN	-0.10039003726068785	-1.0572989561390627	0.856518881617687	0.4198013331281355	-0.23913701395999595	0.8166175606801402	1.0	0.6484180480692778	-13.186786377261292
sp|P37268|FDFT_HUMAN	psvid_23148_sp|P37268|FDFT_HUMAN	-0.07069060976406849	-0.7487473435030748	0.6073661239749378	0.29746730868993354	-0.23764160867086467	0.81774042919123	1.0	0.4119280028957431	-11.30690846476583
sp|Q06210|GFPT1_HUMAN	psvid_43085_sp|Q06210|GFPT1_HUMAN	-0.21241038942600987	-2.255702068959154	1.830881290107134	0.8964035699897852	-0.23695843762473007	0.8182535555133276	1.0	1.4876692379114944	-14.938290167623363
sp|P24158|PRTN3_HUMAN	psvid_34923_sp|P24158|PRTN3_HUMAN	0.2006821780330248	-1.7370602306385192	2.138424586704569	0.8500985102874059	0.23606932091338106	0.8189215045682908	1.0	1.407850963108389	-13.929089398070616
sp|P17987|TCPA_HUMAN	psvid_23035_sp|P17987|TCPA_HUMAN	-0.10654660602924881	-1.1372862579052598	0.9241930458467622	0.452191291594156	-0.23562286140812047	0.8192569660357089	1.0	0.7079272750329634	-12.486478738342157
sp|Q16658|FSCN1_HUMAN	psvid_70197_sp|Q16658|FSCN1_HUMAN	-0.18619734663496557	-1.9893266890634784	1.6169319957935473	0.7910429998303306	-0.23538207995633956	0.8194379010502966	1.0	1.3057837022796581	-14.664672555681157
sp|Q14240|IF4A2_HUMAN	psvid_13934_sp|Q14240|IF4A2_HUMAN	-0.048836339245774685	-0.5218583583944346	0.42418567990288525	0.20751742440683557	-0.23533608989880095	0.8194724615338725	1.0	0.19968489062893574	-12.306718406909983
sp|P61160|ARP2_HUMAN	psvid_46235_sp|P61160|ARP2_HUMAN	0.06145552918564379	-0.5351005681692234	0.6580116265405109	0.26171252040250015	0.23482074564536845	0.8198597593968325	1.0	0.3354813334218148	-13.340211997016716
sp|Q9HCU5|SEC12_HUMAN	psvid_51181_sp|Q9HCU5|SEC12_HUMAN	-0.05885471816033139	-0.6313698901178063	0.5136604537971435	0.2511656310044068	-0.23432632054382774	0.820231384722772	1.0	0.31159128969465666	-11.74095951445624
sp|Q9Y2P4|S27A6_HUMAN	psvid_51713_sp|Q9Y2P4|S27A6_HUMAN	-0.06638821899760528	-0.7129942707778071	0.5802178327825965	0.2836697173480419	-0.23403350776477774	0.8204514944702036	1.0	0.383105769752859	-15.4397165540307
sp|O60739|EIF1B_HUMAN	psvid_103290_sp|O60739|EIF1B_HUMAN	-0.1046839058994542	-1.1275719504968995	0.9182041386979911	0.4487467472517289	-0.233280589866272	0.8210175457785768	1.0	0.7016354930710046	-12.717289598440395
sp|P05164|PERM_HUMAN	psvid_26163_sp|P05164|PERM_HUMAN	0.1491300894496912	-1.308603584804704	1.6068637637040863	0.6395159745350347	0.23319212558860228	0.821084061368777	1.0	1.04191705170903	-12.925056280376122
sp|P34897|GLYM_HUMAN	psvid_50504_sp|P34897|GLYM_HUMAN	-0.1197136041122393	-1.2899057401549674	1.0504785319304888	0.5133698819555432	-0.23319171677197506	0.821084368758298	1.0	0.8185205397285834	-11.787948781218375
sp|Q96A57|TM230_HUMAN	psvid_25004_sp|Q96A57|TM230_HUMAN	-0.0654414256914726	-0.7051941183898092	0.574311267006864	0.28066311011279416	-0.2331671792034682	0.8211028186335517	1.0	0.37672420811246743	-12.389477803950998
sp|P32929|CGL_HUMAN	psvid_82667_sp|P32929|CGL_HUMAN	-0.1016973759466997	-1.0968442775436706	0.8934495256502714	0.4365765515472645	-0.2329428266045795	0.8212715154911028	1.0	0.6793385502554953	-13.42337280168977
sp|Q92954|PRG4_HUMAN	psvid_159274_sp|Q92954|PRG4_HUMAN	-0.1579232952549825	-1.7032906454756436	1.3874440549656786	0.6779613618355093	-0.23293848904223943	0.8212747771193325	1.0	1.109207469184924	-14.493893837088496
sp|O94979|SC31A_HUMAN	psvid_25878_sp|O94979|SC31A_HUMAN	0.2925206001538392	-2.573579936506013	3.158621136813691	1.2573744506210407	0.23264398287189453	0.8214962394634012	1.0	2.1059338411361033	-13.95356408494992
sp|Q9H853|TBA4B_HUMAN	psvid_83767_sp|Q9H853|TBA4B_HUMAN	-0.0517492557299466	-0.5589135983259793	0.4554150868660861	0.22249585403219557	-0.23258525852107959	0.821540400933868	1.0	0.2414143905099251	-10.620496036359656
sp|Q9NZP8|C1RL_HUMAN	psvid_66144_sp|Q9NZP8|C1RL_HUMAN	0.07691514483539708	-0.6772454864948255	0.8310757761656197	0.3308545172682459	0.23247421697747842	0.8216239074384195	1.0	0.47920276889204005	-13.039911175329248
sp|O75347|TBCA_HUMAN	psvid_32947_sp|O75347|TBCA_HUMAN	-0.08218315890297845	-0.8926132846807745	0.7282469668748176	0.3555402614571763	-0.23115007725468847	0.8226198834680876	1.0	0.527312317995305	-12.293479398718187
sp|Q8TCT8|SPP2A_HUMAN	psvid_40457_sp|Q8TCT8|SPP2A_HUMAN	0.1301508995887808	-1.153623930233148	1.4139257294107095	0.5631992495453898	0.2310921040712281	0.8226634968077051	1.0	0.9073487238786551	-15.433804769043677
sp|P00751|CFAB_HUMAN	psvid_85533_sp|P00751|CFAB_HUMAN	0.0682730649949006	-0.6053817430454772	0.7419278730352784	0.29553615908921577	0.2310142528931307	0.8227220654216696	1.0	0.4079362598664796	-11.545756702853234
sp|P08559|ODPA_HUMAN	psvid_81212_sp|P08559|ODPA_HUMAN	0.18010792051795876	-1.5981063480758921	1.9583221891118097	0.7801126165885934	0.23087425672663098	0.8228273895872914	1.0	1.2868539843693672	-12.447530157088503
sp|O95674|CDS2_HUMAN	psvid_89073_sp|O95674|CDS2_HUMAN	0.0740590331344384	-0.6571398329592973	0.8052578992281741	0.3207810615118181	0.23087096471781562	0.822829866329735	1.0	0.4592124553015919	-12.29950002452838
sp|Q99613|EIF3C_HUMAN	psvid_30062_sp|Q99613|EIF3C_HUMAN	0.0926083689823547	-0.8227065287553337	1.007923266720043	0.4015538017481512	0.2306250584085799	0.8230148798165647	1.0	0.6145031735273854	-12.672239599541737
sp|P17516|AK1C4_HUMAN	psvid_24139_sp|P17516|AK1C4_HUMAN	0.04618931175935348	-0.4104786277095856	0.5028572512282925	0.20034279752627748	0.2305513965546736	0.8230703033392768	1.0	0.17751462344160934	-11.02199230340181
sp|P28288|ABCD3_HUMAN	psvid_75028_sp|P28288|ABCD3_HUMAN	-0.04851545319833761	-0.5281863512347669	0.43115544483809165	0.21043432502906484	-0.23054914254904343	0.8230719992801062	1.0	0.20822599185162977	-11.146480615575493
sp|Q92930|RAB8B_HUMAN	psvid_67046_sp|Q92930|RAB8B_HUMAN	0.0822492300911688	-0.7315132139831354	0.896011674165473	0.3570021682653197	0.23038860097354413	0.8231927951992123	1.0	0.5301274978123528	-11.537670137962401
sp|Q9NS69|TOM22_HUMAN	psvid_85921_sp|Q9NS69|TOM22_HUMAN	-0.12141532763665586	-1.3229847806042712	1.0801541253309594	0.5271352876437787	-0.23033048722532967	0.8232365228122165	1.0	0.843153622754165	-12.061163517507408
sp|P13796|PLSL_HUMAN	psvid_32869_sp|P13796|PLSL_HUMAN	0.05330938529127316	-0.4746172239870553	0.5812359945696016	0.2316043773827836	0.23017434253052219	0.82335401689831	1.0	0.264766459683245	-13.93038927111417
sp|P01834|IGKC_HUMAN	psvid_159525_sp|P01834|IGKC_HUMAN	-0.095587467490311	-1.0435847355092467	0.8524098005286247	0.4158917416953896	-0.22983737811346552	0.8236075882361643	1.0	0.6411777583370448	-11.287488283652962
sp|O60613|SEP15_HUMAN	psvid_165868_sp|O60613|SEP15_HUMAN	-0.050211465266345456	-0.5516648726160611	0.4512419420833702	0.2199904345690533	-0.22824385689635276	0.8248070342545709	1.0	0.23476097384072114	-11.295131649286077
sp|P48444|COPD_HUMAN	psvid_59906_sp|P48444|COPD_HUMAN	-0.19871401846034464	-2.18335651560046	1.7859284786797707	0.8706738432940326	-0.22823014609988407	0.8248173564993103	1.0	1.4433384789001786	-13.49688590831392
sp|O00124|UBXN8_HUMAN	psvid_62858_sp|O00124|UBXN8_HUMAN	0.08327837718186393	-0.7492099882146263	0.9157667425783541	0.36521733543537865	0.22802416287985638	0.8249724363563948	1.0	0.5458854400654398	-13.178401492548504
sp|O00159|MYO1C_HUMAN	psvid_36556_sp|O00159|MYO1C_HUMAN	-0.08758359020239803	-0.9654401597751382	0.7902729793703421	0.3851206221736225	-0.22741859344762133	0.8254284019461156	1.0	0.5836692572064569	-12.814944830332347
sp|Q9BYZ2|LDH6B_HUMAN	psvid_51617_sp|Q9BYZ2|LDH6B_HUMAN	-0.06541474112843426	-0.721516829434871	0.5906873471780025	0.28783568206474613	-0.2272641830199488	0.8255446769689452	1.0	0.39188528656380883	-14.636400701252468
sp|P62701|RS4X_HUMAN	psvid_81301_sp|P62701|RS4X_HUMAN	0.04137880957526052	-0.37547645342411895	0.45823407257464	0.182876752088107	0.22626610054472585	0.8262963678652626	1.0	0.11128010949708822	-10.017991360521936
sp|Q9BWS9|CHID1_HUMAN	psvid_62902_sp|Q9BWS9|CHID1_HUMAN	-0.1209239288635291	-1.339129330123625	1.0972814723965667	0.534433571872564	-0.22626559263452012	0.8262967504382829	1.0	0.8561829180503396	-12.233604910428937
sp|P54646|AAPK2_HUMAN	psvid_84922_sp|P54646|AAPK2_HUMAN	-0.1457545659647037	-1.6153611577514186	1.3238520258220112	0.6447246903384473	-0.22607256732821893	0.826442146352343	1.0	1.0510507343165085	-15.196602936234033
sp|O76094|SRP72_HUMAN	psvid_55030_sp|O76094|SRP72_HUMAN	0.09618877018445149	-0.8749888370836997	1.0673663774526028	0.4260610871024627	0.22576286146807678	0.8266754463664806	1.0	0.6599830966106949	-15.267348729957853
sp|P03951|FA11_HUMAN	psvid_81860_sp|P03951|FA11_HUMAN	-0.10330822869102452	-1.1491471642798698	0.9425307068978208	0.4588154324155808	-0.22516293348531294	0.8271274208755499	1.0	0.7200047179888787	-15.581117358677517
sp|O15523|DDX3Y_HUMAN	psvid_50631_sp|O15523|DDX3Y_HUMAN	-0.1537912376934809	-1.7121804420267959	1.404597966639834	0.6836741225888522	-0.224948162599929	0.8272892417234776	1.0	1.1191832508654835	-13.436145347342402
sp|Q01484|ANK2_HUMAN	psvid_26878_sp|Q01484|ANK2_HUMAN	0.0839653258099684	-0.7676743381032425	0.9356049897231793	0.3736191179768957	0.22473508921232654	0.8274497921543057	1.0	0.5618992901068549	-18.981496092088797
sp|P16989|YBOX3_HUMAN	psvid_69836_sp|P16989|YBOX3_HUMAN	-0.1716432356377382	-1.9134247297720284	1.570138258496552	0.7641293532017212	-0.22462588947610604	0.8275320772758998	1.0	1.2591492986016941	-13.21193874375648
sp|Q92820|GGH_HUMAN	psvid_29058_sp|Q92820|GGH_HUMAN	0.08743917476522167	-0.7999352613613873	0.9748136108918306	0.38929616384642163	0.22460836475058782	0.8275452828660151	1.0	0.59153258710054	-12.780830671384107
sp|Q96A33|CCD47_HUMAN	psvid_41895_sp|Q96A33|CCD47_HUMAN	0.0643324907132854	-0.5885686364740103	0.717233617900581	0.28643140239026904	0.22459999209734333	0.8275515920195475	1.0	0.3889337475869051	-10.649225185718084
sp|P0CG38|POTEI_HUMAN	psvid_32632_sp|P0CG38|POTEI_HUMAN	0.059552556394182776	-0.5450589670165877	0.6641640798049533	0.26524648119068794	0.22451779992274407	0.8276135280495832	1.0	0.3433215178023103	-13.58231076160614
sp|A4FU01|MTMRB_HUMAN	psvid_74870_sp|A4FU01|MTMRB_HUMAN	0.0805985432635552	-0.7394002478005722	0.9005973343276826	0.3597380888200639	0.22404784416328372	0.8279676882351361	1.0	0.5353869115123572	-16.750911876189345
sp|Q96H55|MYO19_HUMAN	psvid_52938_sp|Q96H55|MYO19_HUMAN	0.08032961347546141	-0.7373046787636341	0.897963905714557	0.35870076986593424	0.22394603029562749	0.8280444209551517	1.0	0.533394198583572	-17.204938594903467
sp|P12956|XRCC6_HUMAN	psvid_53670_sp|P12956|XRCC6_HUMAN	0.0472098125114182	-0.43336259823057993	0.5277822232534164	0.21082982373135864	0.22392378685272438	0.8280611851370826	1.0	0.20936618542558794	-11.584790056217152
sp|Q86VR2|RETR3_HUMAN	psvid_43886_sp|Q86VR2|RETR3_HUMAN	0.055958810034267614	-0.5147557074268333	0.6266733274953685	0.25037567373348174	0.22349938873787828	0.828381058368551	1.0	0.3097690809135525	-12.750578049799255
sp|Q9Y5I4|PCDC2_HUMAN	psvid_42310_sp|Q9Y5I4|PCDC2_HUMAN	0.07729251019308148	-0.7110527108171939	0.8656377312033569	0.3458514893279749	0.2234846822353398	0.8283921434152374	1.0	0.5085644150199751	-17.008589439803647
sp|P11233|RALA_HUMAN	psvid_82803_sp|P11233|RALA_HUMAN	0.04434188694533692	-0.4080807130552249	0.49676448694589875	0.19848034318684543	0.22340694415060713	0.8284507392763422	1.0	0.1714313238551363	-11.712264038358978
sp|Q9BUN8|DERL1_HUMAN	psvid_108755_sp|Q9BUN8|DERL1_HUMAN	-0.08578021637013933	-0.9610344942011737	0.789474061460895	0.3839789821274236	-0.2233982076177105	0.8284573245962694	1.0	0.5815157403361152	-12.512045832267159
sp|B2MG_HUMAN|,sp|P61769|B2MG_HUMAN	psvid_66466_sp|B2MG_HUMAN|	0.07194348331988687	-0.6628694327585265	0.8067563993983002	0.32236656559859966	0.22317290624198463	0.8286271545165957	1.0	0.46237453696167363	-12.130153169059465
sp|Q9Y2V2|CHSP1_HUMAN	psvid_82947_sp|Q9Y2V2|CHSP1_HUMAN	0.08153767222765262	-0.7517112166684033	0.9147865611237086	0.3655509813787849	0.22305417405831848	0.8287166574624746	1.0	0.5465232801087958	-13.982013219132252
sp|P05386|RLA1_HUMAN	psvid_48096_sp|P05386|RLA1_HUMAN	0.07966233768261244	-0.735646174907232	0.8949708502724569	0.35768043723233073	0.22271930301535586	0.828969104834075	1.0	0.5314324722534645	-9.755614191145819
sp|Q6P2Q9|PRP8_HUMAN	psvid_16096_sp|Q6P2Q9|PRP8_HUMAN	-0.11064699503118369	-1.2430872685520151	1.0217932784896477	0.49680792720509676	-0.22271584041271827	0.8289717152763203	1.0	0.7887733806506989	-14.201334588167938
sp|P69849|NOMO3_HUMAN	psvid_34733_sp|P69849|NOMO3_HUMAN	-0.05663274287837616	-0.6367968797912014	0.523531394034449	0.2545212750181236	-0.22250691174772536	0.8291292298939222	1.0	0.3192781586033043	-12.02047325329905
sp|Q99460|PSMD1_HUMAN	psvid_52632_sp|Q99460|PSMD1_HUMAN	0.09018589852256298	-0.8342942103557921	1.0146660074009182	0.405574631504616	0.2223657288129387	0.8292356745399568	1.0	0.6220037245326402	-14.616249541007939
sp|Q8IWB9|TEX2_HUMAN	psvid_36395_sp|Q8IWB9|TEX2_HUMAN	0.0922534391050176	-0.8543336538990579	1.0388405321090932	0.4152730899726361	0.22215125740773745	0.8293973820084083	1.0	0.6400308071576167	-15.736462951259941
sp|P15531|NDKA_HUMAN	psvid_71632_sp|P15531|NDKA_HUMAN	-0.06493688140153164	-0.7333751748749855	0.6035014120719222	0.2932476447632715	-0.2214404192536752	0.8299334019326547	1.0	0.4031888907220171	-11.791501888865902
sp|Q9UBR2|CATZ_HUMAN	psvid_46983_sp|Q9UBR2|CATZ_HUMAN	0.122491045401945	-1.1386474245884977	1.3836295153923877	0.5532685509731949	0.2213952793566239	0.8299674436269134	1.0	0.8897170555322859	-13.472168618453376
sp|P55263|ADK_HUMAN	psvid_39566_sp|P55263|ADK_HUMAN	-0.06428205224891315	-0.7272794980328343	0.598715393535008	0.2908607142327355	-0.22100630681074768	0.8302607980982832	1.0	0.39821710971349666	-14.312743104003074
sp|P38117|ETFB_HUMAN	psvid_54313_sp|P38117|ETFB_HUMAN	0.06621730191140696	-0.6172683469181953	0.7497029507410092	0.29984900432209777	0.22083549038660918	0.8303896329099248	1.0	0.4168336058114139	-12.094855350472374
sp|P42766|RL35_HUMAN	psvid_18346_sp|P42766|RL35_HUMAN	-0.05321753503853799	-0.6041159678419854	0.4976808977649094	0.2416822457670942	-0.22019629480695482	0.8308717810130044	1.0	0.2893651165159612	-10.944424784218032
sp|P51858|HDGF_HUMAN	psvid_26666_sp|P51858|HDGF_HUMAN	0.16254054362323922	-1.5204475416600265	1.845528628906505	0.7383363535463958	0.22014430529191795	0.8309110002548463	1.0	1.214375752995126	-14.251446806258507
sp|P09651|ROA1_HUMAN	psvid_31212_sp|P09651|ROA1_HUMAN	0.10137670904576046	-0.9503365626506979	1.1530899807422188	0.46139253675703606	0.21971900490263946	0.8312318520904179	1.0	0.7246957840514663	-12.1820522935947
sp|P04792|HSPB1_HUMAN	psvid_56555_sp|P04792|HSPB1_HUMAN	0.06038268117438372	-0.566556729384667	0.6873220917334344	0.27504185105908596	0.21953997525057375	0.8313669242188902	1.0	0.36468349636805525	-10.216297588640902
sp|Q9HCC0|MCCB_HUMAN	psvid_37035_sp|Q9HCC0|MCCB_HUMAN	-0.168065983937562	-1.9209145605528557	1.5847825926777317	0.7689845446287276	-0.21855573705802595	0.8321096055275663	1.0	1.2675682009117326	-13.439759252280698
sp|Q14103|HNRPD_HUMAN	psvid_49097_sp|Q14103|HNRPD_HUMAN	0.09227503285540584	-0.8707339984142788	1.0552840641250905	0.4224774867970813	0.2184140829727245	0.8322165087494655	1.0	0.6533663846706524	-12.497802701080303
sp|Q8WWQ8|STAB2_HUMAN	psvid_30038_sp|Q8WWQ8|STAB2_HUMAN	-0.14484570875974967	-1.6664989758884088	1.3768075583689094	0.6675578599979439	-0.2169785084399962	0.833300112110333	1.0	1.0910258694007064	-15.572409357047265
sp|Q96CN7|ISOC1_HUMAN	psvid_70174_sp|Q96CN7|ISOC1_HUMAN	0.10422705107426955	-0.9956509805925038	1.2041050827410429	0.48252268827556827	0.21600445659198844	0.8340355615859527	1.0	0.7630091389408798	-14.36659298952345
sp|P11712|CP2C9_HUMAN	psvid_41130_sp|P11712|CP2C9_HUMAN	0.1037593597916393	-0.993121754563681	1.2006404741469596	0.48120792376893434	0.21562271663976654	0.8343238379740872	1.0	0.7606325604861752	-8.225182248327144
sp|P0C0L5|CO4B_HUMAN	psvid_24128_sp|P0C0L5|CO4B_HUMAN	-0.06029189429192661	-0.6998145347386482	0.579230746154795	0.2805621848940907	-0.214896723571946	0.834872154713553	1.0	0.37650930699166674	-10.769287714086442
sp|P07305|H10_HUMAN	psvid_104041_sp|P07305|H10_HUMAN	-0.16548209280718984	-1.9221402281524842	1.5911760425381045	0.7706558195034134	-0.21472892128917073	0.8349989033389815	1.0	1.270465552232795	-13.465020218588272
sp|Q658P3|STEA3_HUMAN	psvid_75204_sp|Q658P3|STEA3_HUMAN	-0.08158339548648419	-0.9478959316305877	0.7847291406576193	0.3800561896791508	-0.21466140455535834	0.8350499032016638	1.0	0.5741039155861506	-12.160773661263834
sp|P40926|MDHM_HUMAN	psvid_39980_sp|P40926|MDHM_HUMAN	-0.06776443682409061	-0.7893488127317586	0.6538199390835774	0.3165631305072774	-0.2140629476196464	0.8355019932398868	1.0	0.45076993927039744	-11.699894046110519
sp|P04844|RPN2_HUMAN	psvid_79108_sp|P04844|RPN2_HUMAN	0.053388685809981684	-0.515560707215279	0.6223380788352424	0.24960130370025924	0.21389586119347756	0.8356282261961419	1.0	0.30797798338408855	-10.643126379505272
sp|P50502|F10A1_HUMAN	psvid_44443_sp|P50502|F10A1_HUMAN	-0.07680518580502005	-0.8958748061163667	0.7422644345063266	0.3593304563766562	-0.21374527107858501	0.8357420005654832	1.0	0.5346040403269829	-13.629621081407628
sp|A0A0U1RRL7|MMPOS_HUMAN	psvid_100287_sp|A0A0U1RRL7|MMPOS_HUMAN	0.08251590836562617	-0.7978295852041198	0.9628614019353722	0.3862125271516034	0.21365414781907233	0.8358108483042197	1.0	0.5857274987400057	-11.49254607935547
sp|O60610|DIAP1_HUMAN	psvid_27014_sp|O60610|DIAP1_HUMAN	0.1903946174907989	-1.84675075149661	2.2275399864782077	0.8937071489302516	0.21303915686329375	0.8362755406526425	1.0	1.4830257864008771	-15.649272996128127
sp|Q99832|TCPH_HUMAN	psvid_63242_sp|Q99832|TCPH_HUMAN	0.09851887142675286	-0.9571454304005336	1.1541831732540393	0.46312587593219523	0.2127259057344848	0.8365122618542331	1.0	0.7278486178734866	-12.402858874260037
sp|Q9BRP8|PYM1_HUMAN	psvid_104080_sp|Q9BRP8|PYM1_HUMAN	-0.06595978803658387	-0.7732223789862411	0.6413028029130734	0.3102800827693646	-0.2125814439904371	0.8366214362650742	1.0	0.43810745832947084	-12.519847267267117
sp|P19971|TYPH_HUMAN	psvid_41146_sp|P19971|TYPH_HUMAN	-0.06001314902185273	-0.7065399345926378	0.5865136365489323	0.28363494281545193	-0.21158588016745347	0.8373739171794199	1.0	0.38303218259053823	-14.684851705462155
sp|Q99685|MGLL_HUMAN	psvid_58073_sp|Q99685|MGLL_HUMAN	0.07552364831869562	-0.7387658383176247	0.8898131349550159	0.35723338480618855	0.2114126269572196	0.837504885844901	1.0	0.530572435509591	-11.22818248229801
sp|Q9NS86|LANC2_HUMAN	psvid_53082_sp|Q9NS86|LANC2_HUMAN	0.122301515387095	-1.1976110059868694	1.4422140367610594	0.5790530583984831	0.21120951459154816	0.8376584329626581	1.0	0.9354323574005347	-15.074401434996403
sp|Q5JPE7|NOMO2_HUMAN	psvid_34735_sp|Q5JPE7|NOMO2_HUMAN	-0.05394103296156372	-0.6367420801383135	0.528860014215186	0.25567810240503136	-0.2109724393843993	0.8378376642682697	1.0	0.3219087610034891	-12.074054203272025
sp|Q99442|SEC62_HUMAN	psvid_54725_sp|Q99442|SEC62_HUMAN	-0.06628820415667924	-0.783029415200226	0.6504530068868675	0.31443840679908935	-0.2108145911037965	0.837957004722357	1.0	0.4464998079003984	-12.05103777036091
sp|Q15166|PON3_HUMAN	psvid_75382_sp|Q15166|PON3_HUMAN	-0.0561659448166707	-0.663558068093633	0.5512261784602916	0.26646634601553615	-0.21078063198793584	0.8379826799297934	1.0	0.346010523734178	-10.228780327752963
sp|P54868|HMCS2_HUMAN	psvid_40373_sp|P54868|HMCS2_HUMAN	-0.0594537153171073	-0.7041441669835748	0.5852367363493602	0.28282933278727446	-0.21021057020922387	0.8384137126073957	1.0	0.38132597501902304	-11.484540197913429
sp|P37108|SRP14_HUMAN	psvid_105690_sp|P37108|SRP14_HUMAN	0.07245225116101572	-0.7140950352641291	0.8589995375861605	0.34506272529743404	0.20996835024288407	0.8385968763139715	1.0	0.507030921633118	-11.881944703048074
sp|P30084|ECHM_HUMAN	psvid_59972_sp|P30084|ECHM_HUMAN	-0.04884682816386787	-0.5805177094555211	0.4828240531277853	0.23324701060709355	-0.2094210255331021	0.8390107945040293	1.0	0.26885578993682613	-10.91987080469356
sp|P53990|IST1_HUMAN	psvid_74386_sp|P53990|IST1_HUMAN	-0.11692562212317359	-1.4006841960196115	1.1668329517732643	0.5631921179793048	-0.20761231982914607	0.8403790152157522	1.0	0.9073360734744105	-13.512365590111777
sp|P09543|CN37_HUMAN	psvid_61195_sp|P09543|CN37_HUMAN	0.04349510098995424	-0.4340575445787844	0.5210477465586929	0.20950503573904464	0.2076088569256678	0.8403816353266039	1.0	0.2055305871441849	-12.316763941290862
sp|P67936|TPM4_HUMAN	psvid_50416_sp|P67936|TPM4_HUMAN	0.20563428588077537	-2.0530627768933956	2.4643313486549463	0.9909031250295199	0.2075220883723112	0.8404472870536064	1.0	1.6501050999024098	-13.200042167748698
sp|P63220|RS21_HUMAN	psvid_80408_sp|P63220|RS21_HUMAN	0.0800313734578535	-0.8000706922942686	0.9601334392099756	0.38610573399674525	0.20727838623222347	0.8406316865297322	1.0	0.5855262560545045	-9.25579906970693
sp|Q8IZ83|A16A1_HUMAN	psvid_29152_sp|Q8IZ83|A16A1_HUMAN	0.1528126073240843	-1.527903044958091	1.8335282596062596	0.7373394243878504	0.20724865953146543	0.8406541802209901	1.0	1.2126434916775786	-12.612559754439285
sp|Q08830|FGL1_HUMAN	psvid_75605_sp|Q08830|FGL1_HUMAN	-0.04127301324849686	-0.4954075848976196	0.4128615584006259	0.19923139479287064	-0.2071611920972898	0.8407203662407703	1.0	0.17390321618464682	-10.643089700833675
sp|P62241|RS8_HUMAN	psvid_83725_sp|P62241|RS8_HUMAN	0.03707996547797565	-0.37305079694686394	0.44721072790281524	0.1799266758059028	0.20608375779684793	0.8415357626747519	1.0	0.09656380757637956	-10.030729059147351
sp|P07954|FUMH_HUMAN	psvid_55024_sp|P07954|FUMH_HUMAN	0.07923423188883483	-0.7991861666764318	0.9576546304541015	0.38536797712877996	0.20560668397819887	0.8418968738790812	1.0	0.5841356457970817	-13.28071447399375
sp|O43175|SERA_HUMAN	psvid_67941_sp|O43175|SERA_HUMAN	0.04253589503237576	-0.42978168561188307	0.5148534756766345	0.20720838326674357	0.20528076307423546	0.8421435956322165	1.0	0.19876563916445628	-12.073295899188428
sp|P11177|ODPB_HUMAN	psvid_84787_sp|P11177|ODPB_HUMAN	0.11964599838202883	-1.2101697935732258	1.4494617903372835	0.5833976789891526	0.20508480354145095	0.8422919456069281	1.0	0.9431154407348631	-11.573085670260513
sp|Q9BWJ5|SF3B5_HUMAN	psvid_17729_sp|Q9BWJ5|SF3B5_HUMAN	0.08345586781991177	-0.8459444539317015	1.012856189571525	0.40773315660843573	0.20468256374856986	0.84259647955019	1.0	0.6260236620196336	-13.062687160200113
sp|Q9Y624|JAM1_HUMAN	psvid_33820_sp|Q9Y624|JAM1_HUMAN	-0.06337443296731138	-0.7698887718441887	0.6431399059095659	0.3099518203700162	-0.20446543237479897	0.8427608803223282	1.0	0.4374429116608163	-12.32113433572761
sp|Q9Y2T7|YBOX2_HUMAN	psvid_95827_sp|Q9Y2T7|YBOX2_HUMAN	-0.15000172224621444	-1.8242147283977441	1.5242112839053152	0.734486676899923	-0.20422660745778623	0.8429417157023625	1.0	1.2076858315582124	-13.24313161387306
sp|Q9HAW7|UD17_HUMAN	psvid_62827_sp|Q9HAW7|UD17_HUMAN	0.10375934476357251	-1.0552340161506468	1.2627527056777919	0.5084569162222311	0.20406713224493234	0.8430624738907013	1.0	0.8097093065991949	-8.871422580460175
sp|Q9HAW9|UD18_HUMAN	psvid_62823_sp|Q9HAW9|UD18_HUMAN	0.10375934476357251	-1.0552340161506468	1.2627527056777919	0.5084569162222311	0.20406713224493234	0.8430624738907013	1.0	0.8097093065991949	-8.871422580460175
sp|Q6DD88|ATLA3_HUMAN	psvid_26304_sp|Q6DD88|ATLA3_HUMAN	-0.04672331395350371	-0.569594291154054	0.4761476632470466	0.2293864431111036	-0.20368820981662467	0.843349419915587	1.0	0.2591897590671614	-10.651434201856897
sp|Q6UW02|CP20A_HUMAN	psvid_42878_sp|Q6UW02|CP20A_HUMAN	-0.07158129198047813	-0.8733003307018594	0.7301377467409031	0.3517186584946242	-0.20351860855733422	0.8434778615855005	1.0	0.519936580249052	-11.217341748372153
sp|Q12907|LMAN2_HUMAN	psvid_59741_sp|Q12907|LMAN2_HUMAN	-0.03576283415016723	-0.4365317747023478	0.3650061064020133	0.17581959181377427	-0.20340642235164977	0.8435628246504348	1.0	0.07175722557206007	-9.996887982681752
sp|P46778|RL21_HUMAN	psvid_10179_sp|P46778|RL21_HUMAN	0.043530857409415535	-0.4448125512433579	0.5318742660621889	0.21423900429005094	0.20318829222376603	0.8437280294176794	1.0	0.21903318755754153	-10.855718001602924
sp|Q10471|GALT2_HUMAN	psvid_29986_sp|Q10471|GALT2_HUMAN	-0.10959740070098034	-1.345777063964615	1.1265822625626543	0.5423189818653191	-0.20209029070680407	0.8445597439750949	1.0	0.8702377270694955	-11.839480904667361
sp|Q5VTE0|EF1A3_HUMAN	psvid_59806_sp|Q5VTE0|EF1A3_HUMAN	-0.043650671272563724	-0.536823716570722	0.4495223740255946	0.21635779309247277	-0.2017522486648176	0.8448158455212831	1.0	0.22490627000405994	-10.489713066616998
sp|Q9UBR1|BUP1_HUMAN	psvid_78389_sp|Q9UBR1|BUP1_HUMAN	0.12676087720470708	-1.3115467663520883	1.5650685207615025	0.6309936654381572	0.20089088710056272	0.8454685030028726	1.0	1.0269604874339562	-13.556271136174807
sp|P23246|SFPQ_HUMAN	psvid_31897_sp|P23246|SFPQ_HUMAN	-0.15087469235539652	-1.8652627857787778	1.5635134010679848	0.7521117139985751	-0.20060143931714158	0.8456878470773547	1.0	1.2382985153033537	-13.88779272639016
sp|O00519|FAAH1_HUMAN	psvid_43087_sp|O00519|FAAH1_HUMAN	-0.16797304832394033	-2.078859251838523	1.7429131551906425	0.8383165417998826	-0.20036947853050688	0.8458636376160422	1.0	1.387513819151759	-15.292519241521006
sp|Q9HBH5|RDH14_HUMAN	psvid_64848_sp|Q9HBH5|RDH14_HUMAN	-0.06775545892542434	-0.8386069450734223	0.7030960272225736	0.338176889298975	-0.2003550835950921	0.8458745470586609	1.0	0.4935943137785646	-12.288401260911916
sp|O14653|GOSR2_HUMAN	psvid_71810_sp|O14653|GOSR2_HUMAN	-0.060535422043144216	-0.7492594703125082	0.6281886262262197	0.3021471196650368	-0.20035081621911327	0.8458777811676559	1.0	0.42154939555099824	-11.635518392538671
sp|Q92781|RDH5_HUMAN	psvid_64251_sp|Q92781|RDH5_HUMAN	0.0807359597768671	-0.8383279706245017	0.9997998901782359	0.40319852349658963	0.20023872874512147	0.8459627298117485	1.0	0.6175732444638184	-14.11843174399123
sp|Q9UHQ9|NB5R1_HUMAN	psvid_65336_sp|Q9UHQ9|NB5R1_HUMAN	-0.059212557194626037	-0.733912813758719	0.6154876993694669	0.29599480324574307	-0.20004593508172552	0.8461088488674899	1.0	0.40888545925429004	-10.990738450068623
sp|Q15067|ACOX1_HUMAN	psvid_75737_sp|Q15067|ACOX1_HUMAN	-0.05814297892856324	-0.7237919039116547	0.6075059460545282	0.29202393309360464	-0.19910347180320398	0.8468232354400173	1.0	0.40064262992338956	-12.641930763384762
sp|P14136|GFAP_HUMAN	psvid_30558_sp|P14136|GFAP_HUMAN	0.07968690472199524	-0.8339773975144364	0.9933512069584269	0.4008296762036897	0.1988049025629049	0.8470495818495731	1.0	0.6131506298081942	-15.786762998511389
sp|O95497|VNN1_HUMAN	psvid_56830_sp|O95497|VNN1_HUMAN	-0.14782681180654222	-1.851226994807369	1.5555733711942845	0.7472912557995988	-0.19781686278179197	0.8477987247090452	1.0	1.2299299170924891	-13.709736271146618
sp|P30419|NMT1_HUMAN	psvid_62349_sp|P30419|NMT1_HUMAN	0.04384359373156732	-0.463707996231687	0.5513951836948217	0.22266574163362013	0.1969031850607207	0.8484916302954513	1.0	0.24186160465501028	-12.182917782275934
sp|P50454|SERPH_HUMAN	psvid_32310_sp|P50454|SERPH_HUMAN	0.04864590648669731	-0.514732431999063	0.6120242449724577	0.24715725069116712	0.1968216847802791	0.8485534443877025	1.0	0.30229253176765686	-10.86833854092335
sp|Q9BRR6|ADPGK_HUMAN	psvid_53027_sp|Q9BRR6|ADPGK_HUMAN	0.07538746480574732	-0.7993417479508338	0.9501166775623284	0.38374863312148805	0.19645011942461038	0.8488352730255242	1.0	0.5810810341992236	-13.466796365718693
sp|Q15233|NONO_HUMAN	psvid_65729_sp|Q15233|NONO_HUMAN	0.11130735076124898	-1.1810907913872146	1.4037054929097126	0.566982345239495	0.19631537330184845	0.8489374822761401	1.0	0.9140571432812739	-13.44627455751627
sp|P09493|TPM1_HUMAN	psvid_50423_sp|P09493|TPM1_HUMAN	-0.12679317030534953	-1.6002744677649843	1.3466881271542852	0.6464245455439745	-0.19614535243034661	0.8490664528422766	1.0	1.0540302860924406	-13.95607229892261
sp|P13639|EF2_HUMAN	psvid_47501_sp|P13639|EF2_HUMAN	0.042366962229384963	-0.45068049012461076	0.5354144145833807	0.21630269476038413	0.19586885996181533	0.8492761984195075	1.0	0.22475476331275598	-11.37902207585706
sp|Q14643|ITPR1_HUMAN	psvid_34224_sp|Q14643|ITPR1_HUMAN	-0.051947614282962906	-0.6582894506296726	0.5543942220637468	0.2660055792228053	-0.1952876869528055	0.8497171140286148	1.0	0.3449958481398424	-15.835240235457277
sp|P15954|COX7C_HUMAN	psvid_105138_sp|P15954|COX7C_HUMAN	0.11923638382290891	-1.2734040330407599	1.5118768006865777	0.6109591958373194	0.1951625978220943	0.8498120220528168	1.0	0.991736112909698	-12.051556252837242
sp|Q96DG6|CMBL_HUMAN	psvid_85086_sp|Q96DG6|CMBL_HUMAN	-0.048779124604541924	-0.618736117666158	0.5211778684570741	0.25004334351217544	-0.1950826761447729	0.8498726618314347	1.0	0.3090010022258057	-11.871299658137746
sp|O43264|ZW10_HUMAN	psvid_24311_sp|O43264|ZW10_HUMAN	0.08117428539544758	-0.8795741159595803	1.0419226867504756	0.42148573571904285	0.1925908245909355	0.8517638546438173	1.0	0.6515333087438494	-14.764603879497987
sp|P55072|TERA_HUMAN	psvid_31360_sp|P55072|TERA_HUMAN	0.0472760624355506	-0.5155230660665477	0.610075190937649	0.246903148008555	0.19147614283926637	0.8526101707765937	1.0	0.30169852667919433	-10.316295929984005
sp|O43852|CALU_HUMAN	psvid_61808_sp|O43852|CALU_HUMAN	0.041923974758716565	-0.45768594509625377	0.541533894613687	0.21918168622045783	0.1912749896291449	0.8527629166979913	1.0	0.23258908673761755	-10.198022039641188
sp|P51991|ROA3_HUMAN	psvid_49958_sp|P51991|ROA3_HUMAN	0.07380030327816067	-0.8077528807041585	0.9553534872604799	0.38674234773870647	0.1908255036193299	0.8531042580223327	1.0	0.5867257016550156	-11.785498828885133
sp|P02774|VTDB_HUMAN	psvid_371851_sp|P02774|VTDB_HUMAN	-0.04367755940902818	-0.5656779834427492	0.47832286462469287	0.22900452653285472	-0.19072793044884143	0.8531783597490439	1.0	0.2582228203257377	-10.800185308617415
sp|O75323|NIPS2_HUMAN	psvid_44331_sp|O75323|NIPS2_HUMAN	0.1217049119831195	-1.3348550059775335	1.5782648299437725	0.6390010410370189	0.19046121080743095	0.8533809272083321	1.0	1.0410137887790243	-14.233865164627211
sp|P00480|OTC_HUMAN	psvid_75352_sp|P00480|OTC_HUMAN	0.06170636092132176	-0.677941600016354	0.8013543218589975	0.32448772701491485	0.19016546939689175	0.8536055494138644	1.0	0.4665954836273017	-12.110856265681914
sp|Q9NRX5|SERC1_HUMAN	psvid_61108_sp|Q9NRX5|SERC1_HUMAN	0.08155429592158514	-0.8981920468073776	1.061300638650548	0.42982023961813515	0.1897404738177066	0.8539283676397004	1.0	0.6669125361980791	-15.3140774380886
sp|Q9NTN3|S35D1_HUMAN	psvid_86857_sp|Q9NTN3|S35D1_HUMAN	0.060448568071458375	-0.6657630301106987	0.7866601662536155	0.31859311898495574	0.1897359499290153	0.853931804051782	1.0	0.4548387263059581	-13.41329133625829
sp|P52758|RIDA_HUMAN	psvid_110492_sp|P52758|RIDA_HUMAN	-0.05351035099025703	-0.6970048607278058	0.5899841587472917	0.2823046663261316	-0.18954823413524224	0.8540743986077706	1.0	0.38021328595188686	-11.452681551398264
sp|P68431|H31_HUMAN	psvid_20395_sp|P68431|H31_HUMAN	-0.1283092684070084	-1.675709253899485	1.4190907170854683	0.6788530903794041	-0.1890088890002661	0.8544841327490688	1.0	1.1107650009787264	-12.575984527075596
sp|Q9NVJ2|ARL8B_HUMAN	psvid_20634_sp|Q9NVJ2|ARL8B_HUMAN	-0.0543625511783552	-0.7121885491897224	0.603463446833012	0.2885919709633496	-0.18837166881977843	0.854968281257257	1.0	0.39347162862907853	-10.54739425411485
sp|Q14141|SEPT6_HUMAN	psvid_52707_sp|Q14141|SEPT6_HUMAN	0.08029045919378275	-0.8920346388567135	1.052615557244279	0.42656449777267086	0.18822583598265594	0.855079091536919	1.0	0.6609117291946256	-15.397399851978285
sp|Q15365|PCBP1_HUMAN	psvid_17976_sp|Q15365|PCBP1_HUMAN	-0.04981347077399789	-0.6533355318638172	0.5537085903158214	0.26476852793337663	-0.18813969757966245	0.8551445449181373	1.0	0.34226557025843435	-12.166467679150022
sp|B2RPK0|HGB1A_HUMAN	psvid_58488_sp|B2RPK0|HGB1A_HUMAN	0.08783029699752909	-0.9766788067429151	1.1523394007379733	0.46700614035563703	0.18807096825460173	0.8551967706321126	1.0	0.734899892526071	-13.013064374160418
sp|Q9BUV8|RCAF1_HUMAN	psvid_72280_sp|Q9BUV8|RCAF1_HUMAN	0.08131319656567726	-0.9054710962434398	1.0680974893747943	0.43290782796416205	0.1878302754377745	0.8553796730659752	1.0	0.6725955584713035	-13.734772011865063
sp|P52815|RM12_HUMAN	psvid_67649_sp|P52815|RM12_HUMAN	0.080306431263788	-0.8961761353712668	1.0567889978988427	0.42838840266038136	0.1874617304415066	0.8556597481672378	1.0	0.6642745121623894	-12.61933985710937
sp|P37059|DHB2_HUMAN	psvid_73637_sp|P37059|DHB2_HUMAN	0.036371745163743974	-0.41034204083825326	0.4830855311657412	0.19597585432704143	0.18559299199710275	0.8570802229148943	1.0	0.16298910774759348	-10.08805128368181
sp|P51159|RB27A_HUMAN	psvid_84564_sp|P51159|RB27A_HUMAN	-0.06719855303534983	-0.8928270921126835	0.7584299860419839	0.3622078909867003	-0.1855248179499691	0.8571320541031345	1.0	0.5401247812208904	-11.673222950173436
sp|Q93100|KPBB_HUMAN	psvid_37883_sp|Q93100|KPBB_HUMAN	-0.14723101755244627	-1.9584688620159578	1.6640068269110653	0.7946002453495327	-0.18528941869088095	0.8573110284466012	1.0	1.311941517401953	-15.729041391477097
sp|Q9ULA0|DNPEP_HUMAN	psvid_659581_sp|Q9ULA0|DNPEP_HUMAN	0.12910016676723712	-1.4654772558373221	1.7236775893717964	0.6995500977982871	0.18454742151213696	0.8578752265717305	1.0	1.1468777037145728	-14.380011795014953
sp|Q92614|MY18A_HUMAN	psvid_24178_sp|Q92614|MY18A_HUMAN	-0.16768021906013963	-2.240198087836854	1.9048376497165749	0.9092252638465915	-0.1844209853460818	0.8579713743940379	1.0	1.5097421135685436	-16.209302280130224
sp|P68133|ACTS_HUMAN	psvid_9911_sp|P68133|ACTS_HUMAN	0.034397486900532126	-0.39200077675774825	0.4607957505588125	0.18706332023436803	0.18388151593501162	0.8583816395149969	1.0	0.1296509148222733	-10.05236500279379
sp|P10515|ODP2_HUMAN	psvid_33532_sp|P10515|ODP2_HUMAN	-0.06203018964794982	-0.8329742432040625	0.7089138639081629	0.33821749914236154	-0.1834032532475212	0.8587453949375768	1.0	0.4936738248432885	-12.43357773098132
sp|P35221|CTNA1_HUMAN	psvid_45204_sp|P35221|CTNA1_HUMAN	0.04805263902619794	-0.5493027190098698	0.6454079970622657	0.2620631605657021	0.18336281575200883	0.8587761523800818	1.0	0.33626266355886647	-12.686551651896645
sp|Q6IAA8|LTOR1_HUMAN	psvid_8991_sp|Q6IAA8|LTOR1_HUMAN	-0.048339173632716115	-0.6500696472835528	0.5533913000181205	0.2639825484316053	-0.1831150351411969	0.8589646240375636	1.0	0.3405261456050978	-11.552960401045448
sp|Q9GZV4|IF5A2_HUMAN	psvid_44504_sp|Q9GZV4|IF5A2_HUMAN	0.06892886000684495	-0.7927196811490743	0.9305774011627642	0.378010068804828	0.1823466243234751	0.8595491678975699	1.0	0.5702302961544555	-10.703767544027698
sp|Q03519|TAP2_HUMAN	psvid_37658_sp|Q03519|TAP2_HUMAN	0.0768887989075453	-0.8843922899069966	1.0381698877220873	0.42171942870824264	0.18232216415321745	0.8595677766850536	1.0	0.6519653246543261	-14.669277607384451
sp|Q06136|KDSR_HUMAN	psvid_58670_sp|Q06136|KDSR_HUMAN	0.06769305343927678	-0.7799081641733462	0.9152942710518998	0.3718474288356341	0.18204523734705938	0.8597784632604037	1.0	0.5585305897669103	-11.753668817119305
sp|O15371|EIF3D_HUMAN	psvid_40790_sp|O15371|EIF3D_HUMAN	-0.1381133252645772	-1.8737098267713195	1.597483176242165	0.7614159620949942	-0.1813901101896603	0.8602769325716793	1.0	1.25444305890523	-13.220179871930974
sp|O95487|SC24B_HUMAN	psvid_26055_sp|O95487|SC24B_HUMAN	0.09541966181946471	-1.1049423608977496	1.295781684536679	0.5266055811912861	0.1811975892917932	0.8604234292817117	1.0	0.8422071511563829	-13.202281784490044
sp|Q15363|TMED2_HUMAN	psvid_41617_sp|Q15363|TMED2_HUMAN	0.05087312227071594	-0.5920780779056084	0.6938243224470403	0.2820663133610755	0.1803587307697847	0.8610618159413826	1.0	0.37970740498101213	-10.248358474972662
sp|P84103|SRSF3_HUMAN	psvid_22022_sp|P84103|SRSF3_HUMAN	0.07236945285141472	-0.8424228679673118	0.9871617736701412	0.4013245443100459	0.1803265060098224	0.8610863417186271	1.0	0.6140750177996528	-11.560340773345251
sp|P61019|RAB2A_HUMAN	psvid_89618_sp|P61019|RAB2A_HUMAN	0.03228242508307888	-0.3758582265919016	0.44042307675805936	0.17905360300933743	0.18029475274728424	0.8611105088013945	1.0	0.0918089857301326	-10.092306046309249
sp|P62834|RAP1A_HUMAN	psvid_57819_sp|P62834|RAP1A_HUMAN	0.03323786875089674	-0.3897654040123271	0.4562411415141206	0.18557391860419703	0.17910851374426393	0.8620134532019292	1.0	0.12338259098047132	-10.392989403311004
sp|P23141|EST1_HUMAN	psvid_33457_sp|P23141|EST1_HUMAN	0.04622942693398269	-0.5425060657713581	0.6349649196393234	0.2582815770880753	0.17898848015094093	0.8621048325902335	1.0	0.3277944696816163	-5.682597064449628
sp|P11586|C1TC_HUMAN	psvid_787176_sp|P11586|C1TC_HUMAN	0.06581022325256436	-0.7726103546117111	0.9042308011168398	0.367819830462068	0.1789197259155149	0.8621571749212762	1.0	0.5508564297190458	-11.18451171297161
sp|Q9H061|T126A_HUMAN	psvid_58309_sp|Q9H061|T126A_HUMAN	-0.14581541668375975	-2.0150810969624176	1.723450263594898	0.8200573838014267	-0.17781123560868797	0.8630011629545298	1.0	1.355971623047134	-13.24308274112282
sp|Q7Z4R8|CF120_HUMAN	psvid_152111_sp|Q7Z4R8|CF120_HUMAN	-0.0420141533766607	-0.581371304408957	0.4973429976556356	0.23661902044026192	-0.17756033854965525	0.863192217971524	1.0	0.27714853244480653	-12.675708656566568
sp|P35606|COPB2_HUMAN	psvid_44614_sp|P35606|COPB2_HUMAN	-0.08864068254798507	-1.2295969142173035	1.0523155491213334	0.5005439260165496	-0.17708871877321378	0.8635513762362326	1.0	0.7954947509455362	-12.483822993491364
sp|P63010|AP2B1_HUMAN	psvid_41382_sp|P63010|AP2B1_HUMAN	0.04410813586422302	-0.5264081367267375	0.6146244084551835	0.2502887025922071	0.17622903234305373	0.8642061493597647	1.0	0.30956815958289535	-11.65666522263188
sp|Q02252|MMSA_HUMAN	psvid_37592_sp|Q02252|MMSA_HUMAN	0.04312304320288707	-0.5153749570851522	0.6016210434909264	0.24501621883212574	0.17600077010588866	0.8643800219877965	1.0	0.2972698188527708	-12.140362453172209
sp|O94874|UFL1_HUMAN	psvid_80091_sp|O94874|UFL1_HUMAN	-0.03942579814942304	-0.550063033597363	0.4712114372985169	0.22401943168967078	-0.17599276032464334	0.8643861233647204	1.0	0.24540796503098414	-12.083859907649462
sp|P60033|CD81_HUMAN	psvid_97981_sp|P60033|CD81_HUMAN	0.0663151340529975	-0.794033068467601	0.926663336573596	0.3774396029205038	0.1756973394945118	0.8646111641367908	1.0	0.569149364757351	-11.984071016019621
sp|A0M8Q6|IGLC7_HUMAN	psvid_166234_sp|A0M8Q6|IGLC7_HUMAN	-0.10116287000858515	-1.4139335609537962	1.211607820936626	0.5759198971583518	-0.17565441046182498	0.8646438669841422	1.0	0.9298882395332525	-13.271725854747668
sp|P08910|ABHD2_HUMAN	psvid_33718_sp|P08910|ABHD2_HUMAN	-0.04976188015205185	-0.6961830707565544	0.5966593104524507	0.283588617708911	-0.17547206426715561	0.8647827792921338	1.0	0.38293414505388373	-11.04602541460036
sp|P23284|PPIB_HUMAN	psvid_33371_sp|P23284|PPIB_HUMAN	-0.0424812203044489	-0.5947051095106994	0.5097426689018016	0.2422637309575052	-0.17535113546113268	0.8648749062321471	1.0	0.2907513988618286	-8.402061913194888
sp|Q14318|FKBP8_HUMAN	psvid_58791_sp|Q14318|FKBP8_HUMAN	-0.057166776872518366	-0.8039336406186247	0.689600086873588	0.3276108297788558	-0.17449599242829408	0.8655264400143946	1.0	0.4727911286539918	-11.557098560205558
sp|Q5T1J5|CHCH9_HUMAN	psvid_44270_sp|Q5T1J5|CHCH9_HUMAN	-0.0651082913420491	-0.9173946543219523	0.7871780716378541	0.3739028285004096	-0.17413158280501687	0.8658041167401967	1.0	0.562438346280551	-13.94679268995181
sp|Q9Y6H1|CHCH2_HUMAN	psvid_44269_sp|Q9Y6H1|CHCH2_HUMAN	-0.0651082913420491	-0.9173946543219523	0.7871780716378541	0.3739028285004096	-0.17413158280501687	0.8658041167401967	1.0	0.562438346280551	-13.94679268995181
sp|P53597|SUCA_HUMAN	psvid_57510_sp|P53597|SUCA_HUMAN	0.08026132225921234	-0.9733310448988388	1.1338536894172635	0.46221690652127273	0.17364428069772142	0.8661754670225105	1.0	0.7261954928165869	-14.923569139707467
sp|P49755|TMEDA_HUMAN	psvid_39246_sp|P49755|TMEDA_HUMAN	-0.033440239147072504	-0.4761272264817485	0.4092467481876035	0.19420927506810684	-0.17218662257683326	0.8672864888728778	1.0	0.15682981183980657	-10.042394427722625
sp|P62995|TRA2B_HUMAN	psvid_43109_sp|P62995|TRA2B_HUMAN	-0.1429561871929952	-2.042264517994823	1.7563521436088325	0.8332372638208462	-0.1715672034847113	0.8677587020156952	1.0	1.3787425731444227	-13.244635451107511
sp|O43747|AP1G1_HUMAN	psvid_35173_sp|O43747|AP1G1_HUMAN	0.09530875731141775	-1.1742144971194821	1.3648320117423176	0.5569470031400133	0.17112715711562534	0.8680942045953803	1.0	0.8962518196347192	-13.42534426828724
sp|P52907|CAZA1_HUMAN	psvid_86737_sp|P52907|CAZA1_HUMAN	0.06484833842660631	-0.8010450600339171	0.9307417368871297	0.3798723116162967	0.1707108847988601	0.8684116071112613	1.0	0.573756023031627	-13.003934112306183
sp|Q96DC8|ECHD3_HUMAN	psvid_59818_sp|Q96DC8|ECHD3_HUMAN	-0.06586220443820157	-0.9472078802873145	0.8154834714109114	0.38665131275174347	-0.17034005127118138	0.8686943842531173	1.0	0.5865542116998758	-14.225679960306284
sp|Q04760|LGUL_HUMAN	psvid_67812_sp|Q04760|LGUL_HUMAN	-0.10771468494713421	-1.5587638491588784	1.34333447926461	0.6365834423244431	-0.1692074876371604	0.8695581375448332	1.0	1.036772244541258	-13.486176948985392
sp|Q96M27|PRRC1_HUMAN	psvid_71554_sp|Q96M27|PRRC1_HUMAN	-0.17305822530294224	-2.507937472273223	2.1618210216673384	1.0243246783823996	-0.16894860482736154	0.8697556012637983	1.0	1.707432373641491	-13.315366137817268
sp|Q9BQB6|VKOR1_HUMAN	psvid_92921_sp|Q9BQB6|VKOR1_HUMAN	-0.08784209590793068	-1.2814312771778473	1.105747085361986	0.5236342974958915	-0.1677546645206522	0.8706664073485073	1.0	0.8368960249478626	-12.798280856728752
sp|P51970|NDUA8_HUMAN	psvid_79003_sp|P51970|NDUA8_HUMAN	0.08127330357401386	-1.0241090287165142	1.186655635864542	0.4849374559657877	0.16759543436823673	0.8707878926101235	1.0	0.7673716877921787	-13.359901859795478
sp|Q9BUP3|HTAI2_HUMAN	psvid_105012_sp|Q9BUP3|HTAI2_HUMAN	-0.04004628132094812	-0.5859554987928907	0.5058629361509944	0.2394934488961401	-0.16721242900600083	0.8710801228068393	1.0	0.28411679055133027	-11.143846862627287
sp|O95486|SC24A_HUMAN	psvid_60625_sp|O95486|SC24A_HUMAN	-0.10933032623046923	-1.6012849735445729	1.3826243210836344	0.6545289081883718	-0.16703666539813736	0.8712142360872694	1.0	1.068227848868215	-13.310622831792806
sp|P10644|KAP0_HUMAN	psvid_35851_sp|P10644|KAP0_HUMAN	0.10578445839291017	-1.340291591344098	1.5518605081299184	0.634401708990052	0.16674680552376786	0.8714354180562754	1.0	1.032943443206653	-14.324316880112162
sp|P04003|C4BPA_HUMAN	psvid_64954_sp|P04003|C4BPA_HUMAN	0.035825803078161744	-0.4540847423982099	0.5257363485545334	0.214926516042488	0.16668861403345633	0.8714798233894999	1.0	0.22094965123301316	-10.740725654114788
sp|Q53EP0|FND3B_HUMAN	psvid_27249_sp|Q53EP0|FND3B_HUMAN	-0.08484391712751549	-1.246709112057616	1.077021277802585	0.5097168059824841	-0.16645305026578044	0.8716595845967186	1.0	0.8119698917195431	-14.853582769079166
sp|Q9Y224|RTRAF_HUMAN	psvid_96947_sp|Q9Y224|RTRAF_HUMAN	-0.09198047485562855	-1.3536333617866705	1.1696724120754134	0.5534942285828262	-0.1661814524988572	0.8718668534673166	1.0	0.8901181019278394	-12.446653288433035
sp|Q9BZM1|PG12A_HUMAN	psvid_58451_sp|Q9BZM1|PG12A_HUMAN	0.08064294495644297	-1.029842938012348	1.191128827925234	0.4871764123974332	0.16553130017028686	0.8723630571730063	1.0	0.7714138716145198	-13.801715524055467
sp|Q96EY1|DNJA3_HUMAN	psvid_30198_sp|Q96EY1|DNJA3_HUMAN	-0.07742973733596425	-1.1476493443929736	0.9927898697210451	0.46951137032876405	-0.16491557442314111	0.8728330409269324	1.0	0.7394476261435711	-13.164292764771202
sp|Q9P1U1|ARP3B_HUMAN	psvid_42114_sp|Q9P1U1|ARP3B_HUMAN	0.08256708874301744	-1.061343886201032	1.226478063687067	0.5018401885357008	0.16452865001493128	0.8731284077037453	1.0	0.797825285260584	-15.591483937214605
sp|P31153|METK2_HUMAN	psvid_59069_sp|P31153|METK2_HUMAN	-0.061061510054435164	-0.9095683108600141	0.7874452907511438	0.3722447132836743	-0.1640359362414971	0.8735045612790764	1.0	0.559286358590783	-13.210424223589632
sp|Q969M3|YIPF5_HUMAN	psvid_88888_sp|Q969M3|YIPF5_HUMAN	0.0814241434769114	-1.0511304566802764	1.2139787436340992	0.4968580829444859	0.1638780695573568	0.873625088957498	1.0	0.788863659363334	-14.53743512976964
sp|Q92599|SEPT8_HUMAN	psvid_67550_sp|Q92599|SEPT8_HUMAN	-0.06466519461062248	-0.9701335320678752	0.8408031428466303	0.3972340602859245	-0.16278864547535832	0.8744569343036205	1.0	0.6064265483993748	-15.625975165867946
sp|A6NHL2|TBAL3_HUMAN	psvid_55882_sp|A6NHL2|TBAL3_HUMAN	-0.05074550656877852	-0.7621763003744007	0.6606852872368436	0.31210869684240883	-0.16258921036859522	0.8746092336496677	1.0	0.441803835680004	-13.023599338283056
sp|P22307|SCP2_HUMAN	psvid_76199_sp|P22307|SCP2_HUMAN	-0.04847042561773929	-0.7295026533176671	0.6325618020821885	0.29877267465200824	-0.16223178935019614	0.874882193263706	1.0	0.4146190245468992	-11.56768280550897
sp|Q71RG4|TMUB2_HUMAN	psvid_82998_sp|Q71RG4|TMUB2_HUMAN	0.08183969572275007	-1.0720215542312819	1.235700945676782	0.5062054302340208	0.1616728917445932	0.875309054263193	1.0	0.8056677537550658	-14.857542664846573
sp|Q9NWS8|RMND1_HUMAN	psvid_65450_sp|Q9NWS8|RMND1_HUMAN	-0.1218477757471561	-1.843701363770866	1.6000058122765537	0.755386868534027	-0.1613051283028325	0.8755899589681525	1.0	1.243982712110506	-14.788791367777634
sp|O00560|SDCB1_HUMAN	psvid_82107_sp|O00560|SDCB1_HUMAN	0.08017554344711986	-1.0534049963185503	1.21375608321279	0.4973081684300039	0.1612190358751458	0.875655720681634	1.0	0.7896737442451611	-14.751398779582885
sp|Q6ZU15|SEP14_HUMAN	psvid_37476_sp|Q6ZU15|SEP14_HUMAN	-0.06413035843379511	-0.9725441702314718	0.8442834533638816	0.3985262564713818	-0.1609187786059971	0.8758850801890866	1.0	0.6088446186748332	-15.464710346773892
sp|Q00266|METK1_HUMAN	psvid_60161_sp|Q00266|METK1_HUMAN	0.03664799215331804	-0.4842212987492246	0.5575172830558607	0.2285082920563586	0.16037926599302266	0.8762972322458085	1.0	0.25696343882464234	-11.59799896544644
sp|Q3SY69|AL1L2_HUMAN	psvid_74272_sp|Q3SY69|AL1L2_HUMAN	-0.03864541950836653	-0.5892599561537685	0.5119691171370354	0.24155769892332865	-0.15998421776915805	0.8765990482241663	1.0	0.2890677623951582	-14.02992680781204
sp|Q6NUM9|RETST_HUMAN	psvid_44100_sp|Q6NUM9|RETST_HUMAN	-0.04010357072049553	-0.6117122890930208	0.5315051476520297	0.2507679647104959	-0.15992302193302044	0.8766458036100384	1.0	0.3106746040527125	-10.880745755851578
sp|P00338|LDHA_HUMAN	psvid_51626_sp|P00338|LDHA_HUMAN	0.028705856492683424	-0.38089432555087627	0.4383060385362431	0.17969390720379383	0.15974863555127464	0.8767790426348226	1.0	0.09531708856755773	-10.77442905498432
sp|Q9C0K3|ARP3C_HUMAN	psvid_51710_sp|Q9C0K3|ARP3C_HUMAN	0.07979138593487711	-1.0632062453232323	1.2227890171929865	0.5014394995156723	0.1591246521503503	0.8772558277843319	1.0	0.7971049757590143	-14.600042764123813
sp|O75832|PSD10_HUMAN	psvid_98849_sp|O75832|PSD10_HUMAN	0.04453249897159539	-0.594606675194186	0.6836716731373768	0.28039395607651724	0.15882118000946793	0.8774877296350483	1.0	0.37615099473097385	-13.39494167013773
sp|Q99714|HCD2_HUMAN	psvid_79401_sp|Q99714|HCD2_HUMAN	0.07139794690745882	-0.9537617332281272	1.0965576270430448	0.44974332655878624	0.1587526544390567	0.8775400959889048	1.0	0.7034566682304741	-11.89873214788061
sp|O95202|LETM1_HUMAN	psvid_45183_sp|O95202|LETM1_HUMAN	-0.07523624227236247	-1.1558613574163394	1.0053888728716145	0.47407632534235594	-0.15870069491031924	0.8775798032109684	1.0	0.7477249279242839	-13.527780495180606
sp|O14657|TOR1B_HUMAN	psvid_65748_sp|O14657|TOR1B_HUMAN	-0.06640358121974055	-1.0219834892392967	0.8891763267998157	0.41921828857784776	-0.15839857904340826	0.8778106859224633	1.0	0.6473391470361342	-13.044821779087226
sp|Q8N4Q1|MIA40_HUMAN	psvid_74483_sp|Q8N4Q1|MIA40_HUMAN	-0.0691759298004464	-1.0647246917689832	0.9263728321680904	0.4367528499560121	-0.158386899610188	0.8778196118153633	1.0	0.6796623213837205	-11.616250498998806
sp|Q14847|LASP1_HUMAN	psvid_70626_sp|Q14847|LASP1_HUMAN	-0.08596726432874746	-1.3294800430574776	1.1575455143999827	0.545536060928432	-0.15758310125721528	0.8784339509635894	1.0	0.8759652839507398	-14.063124873030768
sp|Q14749|GNMT_HUMAN	psvid_29758_sp|Q14749|GNMT_HUMAN	0.05473244752633999	-0.7392560700135968	0.8487209650662768	0.348327235305101	0.15712939437078371	0.8787807552015396	1.0	0.5133704347759396	-12.806963197871838
sp|P04080|CYTB_HUMAN	psvid_71441_sp|P04080|CYTB_HUMAN	0.05298388077162919	-0.7159713713063255	0.8219391328495839	0.33734500073066676	0.1570614079262169	0.8788327250188417	1.0	0.49196481786018986	-12.324963728735469
sp|P31930|QCR1_HUMAN	psvid_65377_sp|P31930|QCR1_HUMAN	0.03991410834316422	-0.5393823999796139	0.6192106166659423	0.25414064146818366	0.15705519633765913	0.8788374732773981	1.0	0.3184104797973679	-10.240152267493386
sp|Q8IZP2|ST134_HUMAN	psvid_50259_sp|Q8IZP2|ST134_HUMAN	0.0682043386608373	-0.9218181082920139	1.0582267856136887	0.4343284244280422	0.1570340203974772	0.8788536606148234	1.0	0.675207798017648	-13.536795239337605
sp|O75340|PDCD6_HUMAN	psvid_41785_sp|O75340|PDCD6_HUMAN	-0.12223522582405	-1.9044272336314074	1.6599567819833074	0.78185767318878	-0.15633948481379964	0.8793846115070257	1.0	1.2898770291610955	-13.361654715364196
sp|Q96HV5|TM41A_HUMAN	psvid_89321_sp|Q96HV5|TM41A_HUMAN	-0.06432731697583094	-1.002404962100531	0.8737503281488691	0.4115399472529158	-0.15630880405468384	0.8794080674775187	1.0	0.6331023030832886	-14.50294567392206
sp|Q99729|ROAA_HUMAN	psvid_56645_sp|Q99729|ROAA_HUMAN	-0.09238737286062237	-1.4437716833199952	1.2589969375987504	0.5928599095557155	-0.15583339566653567	0.87977154139752	1.0	0.9598302319028573	-13.630086203969798
sp|P17813|EGLN_HUMAN	psvid_78615_sp|P17813|EGLN_HUMAN	0.09934084959339984	-1.3580367415619046	1.5567184407487042	0.6393597588735923	0.15537551154050736	0.8801216454752269	1.0	1.0416430342279794	-15.054163422417973
sp|P31943|HNRH1_HUMAN	psvid_64172_sp|P31943|HNRH1_HUMAN	0.1110275327122432	-1.5188621659480537	1.74091723137254	0.7150417922234611	0.15527418665557585	0.8801991235330306	1.0	1.1738634702313546	-13.023587601669437
sp|P55795|HNRH2_HUMAN	psvid_36262_sp|P55795|HNRH2_HUMAN	0.11913736884561876	-1.630114144828321	1.8683888825195585	0.7674064928535428	0.1552467563867169	0.8802200983174305	1.0	1.2648321635349742	-13.393612265828121
sp|P60228|EIF3E_HUMAN	psvid_78761_sp|P60228|EIF3E_HUMAN	-0.04827045077474734	-0.7570909446850804	0.6605500431355857	0.3109635435741218	-0.15522864905622455	0.8802339442935677	1.0	0.43949010601379096	-12.088462128376747
sp|P36578|RL4_HUMAN	psvid_54845_sp|P36578|RL4_HUMAN	0.02829569204385729	-0.38730060559958734	0.4438919896873019	0.1823244368945115	0.1551941831046405	0.8802602991950584	1.0	0.10865922643680903	-10.251230406319651
sp|O75438|NDUB1_HUMAN	psvid_61949_sp|O75438|NDUB1_HUMAN	0.04203959550228786	-0.5759851177216937	0.6600643087262694	0.27113092312031994	0.1550527509679592	0.8803684490211197	1.0	0.3562157731084599	-11.431989113401059
sp|O15270|SPTC2_HUMAN	psvid_72102_sp|O15270|SPTC2_HUMAN	0.08075946826887792	-1.1087156514546626	1.2702345879924184	0.5218294355203502	0.15476219387345863	0.8805906394757219	1.0	0.8336681166205974	-15.666427037531243
sp|Q14152|EIF3A_HUMAN	psvid_43104_sp|Q14152|EIF3A_HUMAN	-0.04907366471270613	-0.7762996491321328	0.6781523197067205	0.3190381359414407	-0.15381755089527474	0.8813130894381938	1.0	0.4557292903245522	-12.556506588143849
sp|Q16850|CP51A_HUMAN	psvid_33865_sp|Q16850|CP51A_HUMAN	0.0394084560633754	-0.5454707571599696	0.6242876692867204	0.256589805556304	0.15358543172802677	0.8814906289051433	1.0	0.3239752232244636	-10.64311260757852
sp|Q9HCE6|ARGAL_HUMAN	psvid_418934_sp|Q9HCE6|ARGAL_HUMAN	-0.1147628737192572	-1.8194215334792607	1.5898957860407463	0.7478433566430441	-0.15345843845482615	0.881587764401736	1.0	1.230888545975038	-15.528135723508942
sp|Q969I6|S38A4_HUMAN	psvid_60944_sp|Q969I6|S38A4_HUMAN	0.044268719042867666	-0.6140222819429811	0.7025597200287165	0.28879597038768845	0.15328717704557995	0.8817187633556418	1.0	0.3938991410561662	-13.308866183554922
sp|P68032|ACTC_HUMAN	psvid_9914_sp|P68032|ACTC_HUMAN	0.028210828391466602	-0.3965516843852057	0.4529733411681389	0.18634570710816842	0.1513897412999754	0.8831703794935829	1.0	0.12666323548001154	-10.049271673539257
sp|Q9NVA2|SEP11_HUMAN	psvid_60377_sp|Q9NVA2|SEP11_HUMAN	-0.06625369903689338	-1.0696094724968737	0.9371020744230869	0.4401778298754136	-0.15051575645153595	0.8838391703119767	1.0	0.6859476500855368	-15.309140754528116
sp|P59665|DEF1_HUMAN	psvid_55115_sp|P59665|DEF1_HUMAN	-0.04370133898471584	-0.7062986555950613	0.6188959776256296	0.29068517531029825	-0.15033907022628826	0.8839743860970272	1.0	0.39785063942608573	-11.482886215070831
sp|P59666|DEF3_HUMAN	psvid_55114_sp|P59666|DEF3_HUMAN	-0.04370133898471584	-0.7062986555950613	0.6188959776256296	0.29068517531029825	-0.15033907022628826	0.8839743860970272	1.0	0.39785063942608573	-11.482886215070831
sp|O14681|EI24_HUMAN	psvid_63611_sp|O14681|EI24_HUMAN	0.0699673280558466	-0.9913092770079572	1.1312439331196504	0.465588024977029	0.15027733597593843	0.8840216314992673	1.0	0.7323239316028115	-13.905130627271415
sp|O94826|TOM70_HUMAN	psvid_51475_sp|O94826|TOM70_HUMAN	-0.047501442496159285	-0.7697902348473941	0.6747873498550755	0.31687216196915713	-0.14990727554281924	0.8843048500570185	1.0	0.45139002649289633	-11.464187942535677
sp|Q16718|NDUA5_HUMAN	psvid_69389_sp|Q16718|NDUA5_HUMAN	-0.030500111791824658	-0.495345214271727	0.4343449906880777	0.20393016500241318	-0.14956155109011823	0.8845694593565732	1.0	0.188828056852651	-10.860775004969629
sp|Q7L2E3|DHX30_HUMAN	psvid_77251_sp|Q7L2E3|DHX30_HUMAN	-0.07925106035505536	-1.2894064874679303	1.1309043667578196	0.5309020028674267	-0.14927625046998627	0.8847878331651956	1.0	0.8498807457431982	-16.172940310012965
sp|P0C0L4|CO4A_HUMAN	psvid_24131_sp|P0C0L4|CO4A_HUMAN	-0.04328886155243916	-0.7046214238117806	0.6180437007069023	0.2901303204519555	-0.14920488656616512	0.8848424578966101	1.0	0.3966915097441679	-10.791370274123853
sp|Q15029|U5S1_HUMAN	psvid_52330_sp|Q15029|U5S1_HUMAN	0.0820344056726805	-1.1752562372185549	1.3393250485639159	0.5515804875493665	0.14872608354431394	0.8852089692504659	1.0	0.8867166906931045	-13.718020088027188
sp|P08631|HCK_HUMAN	psvid_37528_sp|P08631|HCK_HUMAN	0.08273209725771036	-1.1858192605629816	1.3512834550784023	0.5565206266222709	0.14865953443602262	0.8852599131780983	1.0	0.8954945932976757	-15.776324945700061
sp|Q9Y696|CLIC4_HUMAN	psvid_66353_sp|Q9Y696|CLIC4_HUMAN	-0.11994530008631887	-1.9610525746307232	1.7211619744580855	0.8077041325851476	-0.14850153075535283	0.8853808686332109	1.0	1.3346138167961992	-14.332323414770457
sp|P49721|PSB2_HUMAN	psvid_54034_sp|P49721|PSB2_HUMAN	-0.1289841884777987	-2.110488751540792	1.8525203745851946	0.8692972139379304	-0.14837754729880961	0.8854757830370821	1.0	1.440965196341902	-13.100242858927874
sp|P83731|RL24_HUMAN	psvid_44469_sp|P83731|RL24_HUMAN	-0.10366467633652299	-1.7087582740585565	1.5014289213855105	0.7041636030615668	-0.14721674890012645	0.8863645157863943	1.0	1.154918038953944	-12.361817683308724
sp|P22897|MRC1_HUMAN	psvid_35243_sp|P22897|MRC1_HUMAN	-0.057976970639103786	-0.9602130112132261	0.8442590699350185	0.39581603343526606	-0.146474538021931	0.8869328574861132	1.0	0.6037709634438249	-12.71981417342004
sp|Q5T2W1|NHRF3_HUMAN	psvid_43533_sp|Q5T2W1|NHRF3_HUMAN	0.04284172890848037	-0.6290826503296278	0.7147661081465886	0.29477701022588654	0.14533605885903692	0.8878047719098234	1.0	0.4063635215048707	-12.453809907210756
sp|P31040|SDHA_HUMAN	psvid_67745_sp|P31040|SDHA_HUMAN	0.025368776178262387	-0.3725589073462905	0.42329645970281526	0.17457311635051298	0.14531891684471177	0.8878179015056507	1.0	0.062457502922686446	-9.994319506395108
sp|P13671|CO6_HUMAN	psvid_26930_sp|P13671|CO6_HUMAN	-0.06400387412954078	-1.0700751091179856	0.9420673608589041	0.44136911814456653	-0.14501212590178744	0.888052888278208	1.0	0.6881317970025103	-13.662795680882224
sp|P60842|IF4A1_HUMAN	psvid_17725_sp|P60842|IF4A1_HUMAN	-0.03507540207789095	-0.5865978969145004	0.5164470927587185	0.24195602529648053	-0.1449660203126223	0.8880882038989114	1.0	0.2900182275283461	-11.666458967210882
sp|P31946|1433B_HUMAN	psvid_54151_sp|P31946|1433B_HUMAN	-0.03394046162407349	-0.5684970198181737	0.5006160965700267	0.2345129733196621	-0.14472743722288497	0.8882709562212144	1.0	0.27198479371457973	-11.612718850340151
sp|Q8NBQ5|DHB11_HUMAN	psvid_357377_sp|Q8NBQ5|DHB11_HUMAN	0.07222405229232587	-1.0675502118413434	1.211998316425995	0.500025390200454	0.1444407698244526	0.8884905499516752	1.0	0.7945622599994678	-9.796565693667528
sp|P08574|CY1_HUMAN	psvid_76571_sp|P08574|CY1_HUMAN	-0.044920125334765526	-0.7575515539862995	0.6677113033167684	0.3126354221126724	-0.1436821363082028	0.8890717292535524	1.0	0.4428668425669362	-11.120797199340023
sp|P45880|VDAC2_HUMAN	psvid_77241_sp|P45880|VDAC2_HUMAN	-0.029134965695105652	-0.4933032610171463	0.435033329626935	0.20363324588969967	-0.14307568279340274	0.8895363762045132	1.0	0.1879100939709623	-11.227307604805564
sp|O14662|STX16_HUMAN	psvid_56434_sp|O14662|STX16_HUMAN	-0.10061995974583704	-1.7117013090057571	1.510461389514083	0.7067904633911697	-0.14236179597424678	0.8900833929519627	1.0	1.1594946124686576	-14.741920664851193
sp|Q14204|DYHC1_HUMAN	psvid_31713_sp|Q14204|DYHC1_HUMAN	-0.0940506414050799	-1.6001055809080058	1.412004298097846	0.6607147858007386	-0.1423468089806668	0.8900948774210254	1.0	1.0790558800647818	-14.224132069552454
sp|P21333|FLNA_HUMAN	psvid_43869_sp|P21333|FLNA_HUMAN	0.1257569750231724	-1.88996727355143	2.1414812235977747	0.8843095827366633	0.1422092188959365	0.8902003133894554	1.0	1.4668382552519135	-16.30151464576955
sp|P67812|SC11A_HUMAN	psvid_34817_sp|P67812|SC11A_HUMAN	0.03943472378854551	-0.5934667508247169	0.6723361984018079	0.2776574421448992	0.14202653270848034	0.890340310277648	1.0	0.37030444895117276	-11.937767540541756
sp|P17844|DDX5_HUMAN	psvid_65510_sp|P17844|DDX5_HUMAN	-0.1067502796709201	-1.823860305362593	1.6103597460207528	0.7533058410177409	-0.1417090826306311	0.8905835896494751	1.0	1.2403711379142977	-12.417615708061364
sp|Q9GZP9|DERL2_HUMAN	psvid_38448_sp|Q9GZP9|DERL2_HUMAN	-0.04538815661483975	-0.7829504179742095	0.69217410474453	0.32357271886084316	-0.14027188934416793	0.891685141694697	1.0	0.464775996763486	-12.792675695774658
sp|P10620|MGST1_HUMAN	psvid_97758_sp|P10620|MGST1_HUMAN	-0.06847662294291745	-1.1834097051150085	1.0464564592291736	0.48912742373968315	-0.13999751316205317	0.8918954684346188	1.0	0.7749340846384393	-7.3334663512843825
sp|O15126|SCAM1_HUMAN	psvid_39773_sp|O15126|SCAM1_HUMAN	0.04303325088468135	-0.6624848578600353	0.748551359629398	0.3095147685991186	0.13903456393842623	0.8926337011838293	1.0	0.43655765248071005	-14.120603195567472
sp|Q96JB5|CK5P3_HUMAN	psvid_46568_sp|Q96JB5|CK5P3_HUMAN	0.03394964986327054	-0.5289165301044784	0.5968158298310194	0.24693256386424722	0.1374855115582673	0.8938214931976577	1.0	0.3017673194280579	-12.17845836531988
sp|P02792|FRIL_HUMAN	psvid_74784_sp|P02792|FRIL_HUMAN	-0.051580635519512086	-0.9100620680710046	0.8069007970319805	0.3766206404192526	-0.13695647551895385	0.894227215470438	1.0	0.5675968421713924	-9.790401287436275
sp|P23634|AT2B4_HUMAN	psvid_43608_sp|P23634|AT2B4_HUMAN	-0.06427376643428051	-1.1358709832634362	1.0073234503948751	0.4701157354960939	-0.13671902806328112	0.8944093266166233	1.0	0.7405441725946684	-15.613127553931893
sp|O60814|H2B1K_HUMAN	psvid_12954_sp|O60814|H2B1K_HUMAN	-0.04770644304482463	-0.8456028252157161	0.7501899391260668	0.3500416375323077	-0.13628790957881826	0.894739991257207	1.0	0.5166921726205336	-10.445200203477714
sp|P57053|H2BFS_HUMAN	psvid_69359_sp|P57053|H2BFS_HUMAN	-0.04770644304482463	-0.8456028252157161	0.7501899391260668	0.3500416375323077	-0.13628790957881826	0.894739991257207	1.0	0.5166921726205336	-10.445200203477714
sp|P58876|H2B1D_HUMAN	psvid_12944_sp|P58876|H2B1D_HUMAN	-0.04770644304482463	-0.8456028252157161	0.7501899391260668	0.3500416375323077	-0.13628790957881826	0.894739991257207	1.0	0.5166921726205336	-10.445200203477714
sp|P62807|H2B1C_HUMAN	psvid_12948_sp|P62807|H2B1C_HUMAN	-0.04770644304482463	-0.8456028252157161	0.7501899391260668	0.3500416375323077	-0.13628790957881826	0.894739991257207	1.0	0.5166921726205336	-10.445200203477714
sp|Q5QNW6|H2B2F_HUMAN	psvid_12939_sp|Q5QNW6|H2B2F_HUMAN	-0.04770644304482463	-0.8456028252157161	0.7501899391260668	0.3500416375323077	-0.13628790957881826	0.894739991257207	1.0	0.5166921726205336	-10.445200203477714
sp|Q93079|H2B1H_HUMAN	psvid_69358_sp|Q93079|H2B1H_HUMAN	-0.04770644304482463	-0.8456028252157161	0.7501899391260668	0.3500416375323077	-0.13628790957881826	0.894739991257207	1.0	0.5166921726205336	-10.445200203477714
sp|Q99877|H2B1N_HUMAN	psvid_12946_sp|Q99877|H2B1N_HUMAN	-0.04770644304482463	-0.8456028252157161	0.7501899391260668	0.3500416375323077	-0.13628790957881826	0.894739991257207	1.0	0.5166921726205336	-10.445200203477714
sp|Q99879|H2B1M_HUMAN	psvid_69353_sp|Q99879|H2B1M_HUMAN	-0.04770644304482463	-0.8456028252157161	0.7501899391260668	0.3500416375323077	-0.13628790957881826	0.894739991257207	1.0	0.5166921726205336	-10.445200203477714
sp|Q99880|H2B1L_HUMAN	psvid_69356_sp|Q99880|H2B1L_HUMAN	-0.04770644304482463	-0.8456028252157161	0.7501899391260668	0.3500416375323077	-0.13628790957881826	0.894739991257207	1.0	0.5166921726205336	-10.445200203477714
sp|O75494|SRS10_HUMAN	psvid_79632_sp|O75494|SRS10_HUMAN	-0.11143233833705946	-1.9754101730096956	1.7525454963355767	0.8177375761468114	-0.13626906918247522	0.8947544421939333	1.0	1.3519619877280868	-13.41610603456035
sp|O43681|GET3_HUMAN	psvid_51700_sp|O43681|GET3_HUMAN	-0.028662067634665167	-0.508772852938669	0.45144871766933864	0.21062730605130292	-0.13607954339825193	0.8948998143173602	1.0	0.2087828523161396	-13.078653027000989
sp|Q9UI17|M2GD_HUMAN	psvid_65395_sp|Q9UI17|M2GD_HUMAN	-0.09507264802492532	-1.6892588891475957	1.499113593097745	0.6993784842785966	-0.13593876586436887	0.8950077977331784	1.0	1.146578554435419	-15.725417602061235
sp|P06737|PYGL_HUMAN	psvid_72592_sp|P06737|PYGL_HUMAN	-0.040596560058153486	-0.7224854578272109	0.6412923377109039	0.2991485006370906	-0.1357070484113937	0.8951855416324745	1.0	0.4153927339479613	-10.312659795641093
sp|Q9HBI6|CP4FB_HUMAN	psvid_72297_sp|Q9HBI6|CP4FB_HUMAN	0.05200790734060279	-0.8287554622537096	0.9327712769349151	0.3863958517175411	0.13459747849110204	0.8960367474423749	1.0	0.5860729269545271	-9.816011718659468
sp|P07900|HS90A_HUMAN	psvid_68313_sp|P07900|HS90A_HUMAN	0.03259961944189671	-0.5236185479655943	0.5888177868493877	0.24401604330477733	0.13359621359477422	0.8968049887555201	1.0	0.2949093842974306	-10.980530721646272
sp|Q8TD22|SFXN5_HUMAN	psvid_62514_sp|Q8TD22|SFXN5_HUMAN	-0.05402881215255917	-0.9770054109122065	0.8689477866070882	0.40491503314603344	-0.1334324678754853	0.896930636981676	1.0	0.6207744048771136	-13.194984630733442
sp|P34896|GLYC_HUMAN	psvid_90832_sp|P34896|GLYC_HUMAN	-0.029746975815528653	-0.5380406797660452	0.4785467281349879	0.22299131122027513	-0.13339970805474127	0.8969557751870407	1.0	0.24271728489261635	-11.10779757860695
sp|P00352|AL1A1_HUMAN	psvid_25280_sp|P00352|AL1A1_HUMAN	0.02980877316510888	-0.48077400298132644	0.5403915493115442	0.22399554008732303	0.13307752981817472	0.8972030047505527	1.0	0.24534563380166652	-10.23219564829201
sp|Q9Y285|SYFA_HUMAN	psvid_58177_sp|Q9Y285|SYFA_HUMAN	0.11930143123897663	-1.930433197782249	2.1690360602602023	0.8992301282243393	0.13267063401729506	0.8975152608154534	1.0	1.4925362324307174	-13.268494673826089
sp|P31150|GDIA_HUMAN	psvid_84214_sp|P31150|GDIA_HUMAN	0.05754289166861559	-0.9336079237111345	1.0486937070483657	0.4348234460131969	0.13233622104836815	0.8977719068679754	1.0	0.676117692887827	-14.054736293081303
sp|Q32P28|P3H1_HUMAN	psvid_51227_sp|Q32P28|P3H1_HUMAN	0.04747592072320472	-0.7703245402090196	0.8652763816554291	0.35877366900766383	0.13232833071200267	0.8977779624789209	1.0	0.5335342943189663	-14.480661771121483
sp|Q8NEW0|ZNT7_HUMAN	psvid_105053_sp|Q8NEW0|ZNT7_HUMAN	0.057797611865738396	-0.9391810377004614	1.0547762614319383	0.4373801496998852	0.132145027398699	0.8979186445918148	1.0	0.6808141635325676	-13.805095010366353
sp|P0CG39|POTEJ_HUMAN	psvid_32629_sp|P0CG39|POTEJ_HUMAN	0.040571707537316204	-0.6593424906123884	0.7404859056870208	0.3070563014533902	0.13213116729823834	0.8979292821329538	1.0	0.43156769903858505	-13.87732487138166
sp|Q9Y3E5|PTH2_HUMAN	psvid_68452_sp|Q9Y3E5|PTH2_HUMAN	0.05229143016040405	-0.8575211241187904	0.9621039844395985	0.3991398926773568	0.13101028265965295	0.8987896258135972	1.0	0.609992291031007	-11.152260668904791
sp|O60701|UGDH_HUMAN	psvid_74311_sp|O60701|UGDH_HUMAN	-0.03402277592189673	-0.6262230902413622	0.5581775383975688	0.25980161384806877	-0.13095675357041142	0.8988307160124508	1.0	0.33120951860759	-11.512861290136364
sp|P51659|DHB4_HUMAN	psvid_26690_sp|P51659|DHB4_HUMAN	0.030597209762323718	-0.5031983165438064	0.5643927360684539	0.23417910434339909	0.1306573011631991	0.89906058870167	1.0	0.27116145549968723	-10.7348724642804
sp|P62491|RB11A_HUMAN	psvid_65738_sp|P62491|RB11A_HUMAN	-0.0326777028763674	-0.6031594872440017	0.5378040814912669	0.2502735724143564	-0.13056793236748843	0.899129194018442	1.0	0.3095331995549153	-11.520682564786254
sp|Q8TBQ9|KISHA_HUMAN	psvid_89725_sp|Q8TBQ9|KISHA_HUMAN	0.08038659238333512	-1.3249859048980765	1.4857590896647468	0.6165448312383647	0.13038239607308713	0.899271626627841	1.0	1.0015661178683015	-12.452222481460858
sp|P60891|PRPS1_HUMAN	psvid_86841_sp|P60891|PRPS1_HUMAN	-0.05417454471353089	-1.0042588824595198	0.8959097930324581	0.416807350941435	-0.1299750222522896	0.8995843730611918	1.0	0.6428746218097479	-11.223211467136782
sp|Q5VT66|MARC1_HUMAN	psvid_49997_sp|Q5VT66|MARC1_HUMAN	-0.02484967093668944	-0.4621126986337558	0.41241335676037694	0.19182975342108252	-0.12954023290715655	0.8999181871246426	1.0	0.1482243272319966	-12.500693920596316
sp|Q2TAY7|SMU1_HUMAN	psvid_46300_sp|Q2TAY7|SMU1_HUMAN	0.07830560698232159	-1.3061249436269384	1.4627361575915816	0.6073574812640616	0.12892836492167378	0.9003879906417549	1.0	0.9853935364185734	-15.284608078520815
sp|P62851|RS25_HUMAN	psvid_40431_sp|P62851|RS25_HUMAN	-0.03224478003042863	-0.6068034043841595	0.5423138443233022	0.2520621050817282	-0.12792394961540782	0.9011592886951255	1.0	0.31365326645744457	-11.244413789914645
sp|P50416|CPT1A_HUMAN	psvid_26148_sp|P50416|CPT1A_HUMAN	0.03701669711300992	-0.6233567467539081	0.6973901409799279	0.28970954981033686	0.1277717532516395	0.9012761710831898	1.0	0.3958117099631648	-11.318522470287014
sp|P63000|RAC1_HUMAN	psvid_76440_sp|P63000|RAC1_HUMAN	-0.03174362173083667	-0.5995353409462172	0.5360480974845439	0.2490934256785089	-0.1274366099561632	0.9015335603294977	1.0	0.3068006300267127	-11.316741620306763
sp|P04843|RPN1_HUMAN	psvid_70578_sp|P04843|RPN1_HUMAN	-0.021901347902997692	-0.41400322874090867	0.3702005329349133	0.17201730389423406	-0.12732060907351436	0.9016226515847934	1.0	0.03700602092793139	-9.991832820410433
sp|Q53EU6|GPAT3_HUMAN	psvid_57619_sp|Q53EU6|GPAT3_HUMAN	0.08085460058008964	-1.3704791423673615	1.5321883435275407	0.6367082886188737	0.12698845299387687	0.9018777629413216	1.0	1.036991310914077	-15.395629702133522
sp|Q14677|EPN4_HUMAN	psvid_59839_sp|Q14677|EPN4_HUMAN	0.15976950715685012	-2.73093715676201	3.0504761710757102	1.2681692972596945	0.12598436778282346	0.902649020001178	1.0	2.1243514436602204	-13.148976073583071
sp|Q96QV6|H2A1A_HUMAN	psvid_48115_sp|Q96QV6|H2A1A_HUMAN	0.058278820871535686	-1.0019601889552414	1.1185178306983128	0.46513282610161066	0.12529500736377694	0.9031785939398198	1.0	0.7314968200163844	-11.596158977878357
sp|Q9C037|TRIM4_HUMAN	psvid_71060_sp|Q9C037|TRIM4_HUMAN	0.06790058157350298	-1.1753202186416958	1.3111213817887017	0.5454079683097857	0.12449503036034891	0.9037932085996178	1.0	0.8757373035133287	-15.05294778779228
sp|Q00839|HNRPU_HUMAN	psvid_45766_sp|Q00839|HNRPU_HUMAN	-0.06456852834815718	-1.2514973190291225	1.1223602623328082	0.5207123466255065	-0.12400037903190823	0.9041732786372912	1.0	0.8316695884753722	-13.838918074959711
sp|Q13370|PDE3B_HUMAN	psvid_46314_sp|Q13370|PDE3B_HUMAN	-0.06532912140613156	-1.269100899101786	1.138442656289523	0.5281014599080059	-0.12370562546354585	0.9043997676980764	1.0	0.8448796785991035	-16.93064951857304
sp|P11168|GTR2_HUMAN	psvid_49999_sp|P11168|GTR2_HUMAN	-0.0322911492711242	-0.6273455530076286	0.5627632544653802	0.2610537189528516	-0.12369541947401345	0.9044076101599493	1.0	0.33401123063361426	-12.354418458354285
sp|O95721|SNP29_HUMAN	psvid_92333_sp|O95721|SNP29_HUMAN	0.047188340766152415	-0.8257807928713086	0.9201574744036134	0.3829764764971317	0.12321472378083732	0.9047769976705878	1.0	0.5796233789116151	-12.162951699639045
sp|Q92841|DDX17_HUMAN	psvid_44969_sp|Q92841|DDX17_HUMAN	-0.07014254972012424	-1.3708953815629668	1.2306102821227183	0.5706475946716805	-0.12291745444135349	0.9050054445909157	1.0	0.9205523397822696	-12.574521907674686
sp|P01857|IGHG1_HUMAN	psvid_35056_sp|P01857|IGHG1_HUMAN	-0.04781439449381031	-0.9369190211573718	0.8412902321697512	0.39005520818141404	-0.12258365864857754	0.9052619726183414	1.0	0.592959835422195	-12.687488365313428
sp|P22695|QCR2_HUMAN	psvid_59582_sp|P22695|QCR2_HUMAN	-0.03171782524088984	-0.6231853696090176	0.5597497191272379	0.25948014354261023	-0.12223604013723437	0.9055291360888675	1.0	0.3304885515176145	-10.323154634746551
sp|Q03518|TAP1_HUMAN	psvid_883479_sp|Q03518|TAP1_HUMAN	-0.0402543958749928	-0.7984854307230841	0.7179766389730985	0.3326402262207485	-0.12101481631472605	0.9064678121822045	1.0	0.4827227319410355	-14.041519674579083
sp|Q93084|AT2A3_HUMAN	psvid_26964_sp|Q93084|AT2A3_HUMAN	-0.032345098062379396	-0.6425979670991028	0.577907770974344	0.2677213712953674	-0.12081627217833951	0.9066204349273904	1.0	0.3487681238523514	-12.921075946595554
sp|Q8IZV5|RDH10_HUMAN	psvid_80919_sp|Q8IZV5|RDH10_HUMAN	-0.05656398385847661	-1.1280782941357812	1.014950326418828	0.4700793639247714	-0.12032858321244827	0.9069953433333899	1.0	0.7404781868971495	-12.431024713121133
sp|Q13131|AAPK1_HUMAN	psvid_79206_sp|Q13131|AAPK1_HUMAN	-0.07123619731237163	-1.4266927824177813	1.284220387793038	0.5946464393826859	-0.11979588642004368	0.9074048792990499	1.0	0.9629833512571163	-13.547015770999359
sp|P00734|THRB_HUMAN	psvid_80667_sp|P00734|THRB_HUMAN	0.035628875403168614	-0.6441103590937901	0.7153681099001273	0.2982054312502347	0.11947762069186181	0.9076495751089523	1.0	0.41345035288792426	-11.160747608102952
sp|Q9NZN3|EHD3_HUMAN	psvid_70898_sp|Q9NZN3|EHD3_HUMAN	0.04935460489836396	-0.9020936620044843	1.0008028718012123	0.4174057143457734	0.11824132541098673	0.9086001880368355	1.0	0.6439831400547602	-11.866674772579328
sp|Q9BVG9|PTSS2_HUMAN	psvid_61642_sp|Q9BVG9|PTSS2_HUMAN	-0.06562463362379445	-1.3310377127561834	1.1997884455085945	0.5551438460833024	-0.11821194468207635	0.9086227813759942	1.0	0.8930490786070394	-15.886386485905113
sp|Q9H361|PABP3_HUMAN	psvid_38457_sp|Q9H361|PABP3_HUMAN	0.08441920854081353	-1.5470649654909854	1.7159033825726124	0.7157412975508659	0.11794653854637202	0.9088268786690635	1.0	1.1750811229210214	-13.287256427444632
sp|P29144|TPP2_HUMAN	psvid_64211_sp|P29144|TPP2_HUMAN	0.06323426256713027	-1.1629410368445843	1.2894095619788448	0.5379300110873503	0.1175510963578906	0.9091309868820003	1.0	0.8624177455827943	-11.856133070493108
sp|Q7L1Q6|5MP2_HUMAN	psvid_4705_sp|Q7L1Q6|5MP2_HUMAN	0.08007327660232555	-1.4726671345544695	1.6328136877591206	0.6811959652017857	0.11754807822240407	0.9091333079893757	1.0	1.1148565120249765	-14.347895967443927
sp|Q2TV78|MST1L_HUMAN	psvid_58569_sp|Q2TV78|MST1L_HUMAN	0.0508528519223872	-0.9368535808995662	1.0385592847443406	0.4333123759823509	0.1173584110241487	0.9092791740348232	1.0	0.6733396144738759	-13.632497949488616
sp|P22303|ACES_HUMAN	psvid_22952_sp|P22303|ACES_HUMAN	0.07881034284957611	-1.4659136215120518	1.623534307211204	0.6776791048348592	0.11629448552760245	0.9100974668249447	1.0	1.1087144380156653	-14.669173983845322
sp|Q4VXU2|PAP1L_HUMAN	psvid_883404_sp|Q4VXU2|PAP1L_HUMAN	0.09125396850765588	-1.7103474288669187	1.8928553658822305	0.7903726817280167	0.115456885868252	0.9107417659925637	1.0	1.3046231888734001	-14.871955659030103
sp|O95292|VAPB_HUMAN	psvid_59440_sp|O95292|VAPB_HUMAN	0.024423218783784506	-0.4593447763821737	0.5081912139497426	0.21223174461937208	0.11507806632597037	0.9110331847481065	1.0	0.21337562121494946	-10.439933540514273
sp|P61224|RAP1B_HUMAN	psvid_57822_sp|P61224|RAP1B_HUMAN	0.02045449729014681	-0.3857331525396535	0.42664214711994713	0.17819681009829494	0.11478599015809503	0.9112578831286583	1.0	0.08691460090595594	-10.298962082137688
sp|Q8IX05|CD302_HUMAN	psvid_70450_sp|Q8IX05|CD302_HUMAN	0.037757084423097886	-0.7147873463946279	0.7903015152408237	0.3301454809991057	0.11436498936418932	0.9115817798444018	1.0	0.47780322464980085	-12.027425650203657
sp|P08709|FA7_HUMAN	psvid_78968_sp|P08709|FA7_HUMAN	0.04268308683359834	-0.808663372268169	0.8940295459353657	0.37349048737444723	0.1142815902317906	0.9116459449837764	1.0	0.561654853639793	-14.236597297389086
sp|P14209|CD99_HUMAN	psvid_63586_sp|P14209|CD99_HUMAN	-0.09024170707190038	-1.8964785357721112	1.7159951216283105	0.7924062715626761	-0.11388313080099421	0.9119525187855493	1.0	1.308143769816549	-12.865337128384386
sp|P50225|ST1A1_HUMAN	psvid_56215_sp|P50225|ST1A1_HUMAN	-0.03861434657639151	-0.8119029354776095	0.7346742423248265	0.33924606000539004	-0.11382400896793907	0.9119980083154758	1.0	0.49568658851658126	-11.659798142586475
sp|Q9BWD1|THIC_HUMAN	psvid_69241_sp|Q9BWD1|THIC_HUMAN	0.026670113937504514	-0.5080646261155223	0.5614048539905313	0.2345911427048992	0.11368764238065812	0.912102932817382	1.0	0.272177372736439	-13.093032412801826
sp|P19022|CADH2_HUMAN	psvid_83022_sp|P19022|CADH2_HUMAN	0.08196108280419523	-1.5650610135077911	1.7289831791161816	0.7225578715827076	0.11343185927054641	0.912299744828022	1.0	1.1869432450674051	-16.106870774559233
sp|P12111|CO6A3_HUMAN	psvid_43301_sp|P12111|CO6A3_HUMAN	0.07511599610735864	-1.4352721445672347	1.585504136781952	0.6626157855643426	0.11336282313797152	0.9123528656900408	1.0	1.0823820086028069	-14.650532491489205
sp|P22059|OSBP1_HUMAN	psvid_37445_sp|P22059|OSBP1_HUMAN	0.034805445038243565	-0.6666137007332115	0.7362245908096986	0.30771653045265523	0.1131087920010156	0.912548337652944	1.0	0.4329094969188115	-13.299379256429132
sp|O60762|DPM1_HUMAN	psvid_34961_sp|O60762|DPM1_HUMAN	-0.021425331185184415	-0.4553340343143459	0.41248337194397705	0.19035819233771267	-0.11255271402858216	0.9129762505533967	1.0	0.14269964697998966	-11.02389741412389
sp|Q05639|EF1A2_HUMAN	psvid_59807_sp|Q05639|EF1A2_HUMAN	0.025586925037007102	-0.4931385271278278	0.544312377201842	0.22756777792555047	0.11243650252356002	0.9130656813619863	1.0	0.2545670212766936	-11.777399962278682
sp|Q9BV23|ABHD6_HUMAN	psvid_87476_sp|Q9BV23|ABHD6_HUMAN	0.030711142435498218	-0.5931850040764962	0.6546072889474926	0.27370675397846456	0.1122045473452752	0.9132441868526124	1.0	0.36180151614354533	-11.147082222246654
sp|Q32P51|RA1L2_HUMAN	psvid_31215_sp|Q32P51|RA1L2_HUMAN	0.05246138560818947	-1.0180818958539757	1.1230046670703546	0.46965336811361397	0.11170235150000782	0.9136306788899388	1.0	0.7397052829715949	-12.255232339245222
sp|Q5XG92|EST4A_HUMAN	psvid_42952_sp|Q5XG92|EST4A_HUMAN	0.07594320190759296	-1.474122392661211	1.626008796476397	0.6800225080969778	0.11167748273526663	0.9136498186251105	1.0	1.1128073477581906	-14.538877252456928
sp|Q9Y315|DEOC_HUMAN	psvid_65846_sp|Q9Y315|DEOC_HUMAN	-0.14104125785263788	-3.021500460849765	2.7394179451444893	1.2636736784277953	-0.11161208804168092	0.9137001485937745	1.0	2.1166816095274696	-12.686478349487384
sp|O75891|AL1L1_HUMAN	psvid_46225_sp|O75891|AL1L1_HUMAN	-0.03180564012241227	-0.6823392289300882	0.6187279486852637	0.2853927499664194	-0.1114451580362664	0.913828625430373	1.0	0.3867455733505805	-11.433576284416539
sp|Q8WUD1|RAB2B_HUMAN	psvid_80324_sp|Q8WUD1|RAB2B_HUMAN	-0.032499466914677644	-0.698531259959221	0.6335323261298658	0.2921918994689187	-0.11122644732365246	0.9139969590597765	1.0	0.40099245451559323	-10.924285673012772
sp|Q9Y394|DHRS7_HUMAN	psvid_24281_sp|Q9Y394|DHRS7_HUMAN	0.041587544272696064	-0.8196613470906533	0.9028364356360454	0.3778347401895384	0.11006807963670555	0.9148885881881974	1.0	0.5698981241355014	-10.71712775683801
sp|P42330|AK1C3_HUMAN	psvid_90372_sp|P42330|AK1C3_HUMAN	0.03364367652082478	-0.6656143103660567	0.7329016634077062	0.30676841787585	0.10967125219011452	0.915194066976223	1.0	0.430982223972424	-10.904927411094814
sp|Q8NBJ5|GT251_HUMAN	psvid_52711_sp|Q8NBJ5|GT251_HUMAN	-0.03762623228547701	-0.8259701129345698	0.7507176483636158	0.3458509013039736	-0.10879321737666008	0.9158700330463521	1.0	0.5085632722199709	-13.208619658589857
sp|P27144|KAD4_HUMAN	psvid_24285_sp|P27144|KAD4_HUMAN	-0.068990562450018	-1.51550326160049	1.377522136700454	0.6345932695474524	-0.10871618997664008	0.9159293369964031	1.0	1.0332796605888654	-12.72070551795595
sp|Q14444|CAPR1_HUMAN	psvid_78123_sp|Q14444|CAPR1_HUMAN	-0.09974352778128637	-2.1945145017558314	1.9950274461932587	0.9189878264520689	-0.10853628841457633	0.916067846661161	1.0	1.5265409718417118	-14.934179702826036
sp|Q9BRX8|PXL2A_HUMAN	psvid_91433_sp|Q9BRX8|PXL2A_HUMAN	0.023679088802490256	-0.47401095975092655	0.5213691373559071	0.2183394278655338	0.10845081455958208	0.9161336556794087	1.0	0.23031406481207084	-10.527952006790589
sp|P16403|H12_HUMAN	psvid_52364_sp|P16403|H12_HUMAN	0.06596687408556878	-1.325269778498043	1.4572035266691805	0.6103433565400367	0.10808157962024373	0.9164179491208746	1.0	0.9906518530242984	-11.933800291044165
sp|Q8WVC6|DCAKD_HUMAN	psvid_76249_sp|Q8WVC6|DCAKD_HUMAN	-0.05057477894132534	-1.1172618140211559	1.0161122561385052	0.4679616111028505	-0.10807463206679534	0.9164232985298687	1.0	0.7366347943485165	-12.943280983605213
sp|Q9NRG7|D39U1_HUMAN	psvid_36339_sp|Q9NRG7|D39U1_HUMAN	-0.04542581590652839	-1.005286901169059	0.9144352693560023	0.4210964651508753	-0.10787508247131142	0.9165769476789822	1.0	0.6508135804884951	-13.66749215626763
sp|P54819|KAD2_HUMAN	psvid_40045_sp|P54819|KAD2_HUMAN	-0.02033247704199681	-0.4520937093692467	0.4114287552852531	0.18941608479987834	-0.10734292741547506	0.9169867143147529	1.0	0.1390708566439334	-10.10272083003823
sp|P13987|CD59_HUMAN	psvid_44080_sp|P13987|CD59_HUMAN	0.06682024483374649	-1.3587528548189032	1.4923933444863962	0.6254069492917497	0.10684282435527452	0.9173718242721101	1.0	1.017147249151719	-11.98285307352854
sp|O75844|FACE1_HUMAN	psvid_83741_sp|O75844|FACE1_HUMAN	-0.021888166874942883	-0.4893745086718792	0.44559817492199344	0.20508889156930626	-0.10672526779709154	0.9174623533501185	1.0	0.19238103581726196	-11.875072077534313
sp|P62888|RL30_HUMAN	psvid_97380_sp|P62888|RL30_HUMAN	-0.03720012616543267	-0.8330391721271173	0.758638919796252	0.3491390725480351	-0.10654816114949327	0.9175987437213117	1.0	0.5149440466793455	-9.734383085387229
sp|Q9NYU2|UGGG1_HUMAN	psvid_23108_sp|Q9NYU2|UGGG1_HUMAN	-0.019294110905872852	-0.4329576686784852	0.39436944686673947	0.18147653302575423	-0.10631738762132253	0.9177764674272408	1.0	0.10452410172979236	-10.624970551751778
sp|Q86VB7|C163A_HUMAN	psvid_47983_sp|Q86VB7|C163A_HUMAN	-0.02865729890296942	-0.6445576770504378	0.5872430792444989	0.270198965355545	-0.10605998755494982	0.9179747025447549	1.0	0.354186290174966	-12.071213897626766
sp|Q9BZK3|NACP4_HUMAN	psvid_81120_sp|Q9BZK3|NACP4_HUMAN	0.03953902220838712	-0.811655474039036	0.8907335184558103	0.3734238204142162	0.10588243182914497	0.9181114495404838	1.0	0.5615281578199106	-12.921494841541268
sp|P05155|IC1_HUMAN	psvid_79219_sp|P05155|IC1_HUMAN	0.022355676562912485	-0.4600451009763545	0.5047564541021794	0.21163193854479392	0.10563470105992859	0.9183022476051338	1.0	0.21166624863138953	-11.29649912701204
sp|Q9NSE4|SYIM_HUMAN	psvid_32737_sp|Q9NSE4|SYIM_HUMAN	0.11159198749870658	-2.3061645057913567	2.52934848078877	1.0606833932032569	0.10520763143250457	0.9186311825032849	1.0	1.7697372117938523	-16.634583756574685
sp|Q71UM5|RS27L_HUMAN	psvid_100491_sp|Q71UM5|RS27L_HUMAN	0.033104660086430204	-0.6852543355590061	0.7514636557318665	0.3151481380171696	0.10504475861642763	0.9187566337304963	1.0	0.44792750367590134	-10.600795094161288
sp|P62841|RS15_HUMAN	psvid_100762_sp|P62841|RS15_HUMAN	0.02179956822588336	-0.4523611269802962	0.4959602634320629	0.20801696800760805	0.10479706744445029	0.9189474200710307	1.0	0.20116478330257978	-10.187657023258767
sp|P14618|KPYM_HUMAN	psvid_37927_sp|P14618|KPYM_HUMAN	-0.04737784058245609	-1.0805091632815014	0.9857534821165892	0.4532405310568734	-0.10453134116664212	0.9191521042535812	1.0	0.709842219232109	-14.421705318900958
sp|O00757|F16P2_HUMAN	psvid_68491_sp|O00757|F16P2_HUMAN	-0.023426703088326395	-0.5376506579566949	0.4907972517800421	0.22559294570395896	-0.10384501614278659	0.9196807974000589	1.0	0.2494932441934958	-13.908281253583823
sp|O43633|CHM2A_HUMAN	psvid_42492_sp|O43633|CHM2A_HUMAN	-0.04233625468074953	-0.9731820352578552	0.8885095258963561	0.40836728753767276	-0.10367200305397606	0.9198140803059054	1.0	0.627203776218241	-13.538592887724375
sp|Q9HD89|RETN_HUMAN	psvid_65419_sp|Q9HD89|RETN_HUMAN	-0.06462718184044958	-1.4889875954645608	1.3597332317836617	0.6248749370997816	-0.10342418619060369	0.9200049939255741	1.0	1.0162123888763845	-13.06780196847128
sp|O00461|GOLI4_HUMAN	psvid_46370_sp|O00461|GOLI4_HUMAN	0.06724970826284293	-1.4233162965706725	1.5578157130963584	0.6539197029096996	0.10284092674315629	0.9204543479455853	1.0	1.0671610692146984	-13.49499774684393
sp|Q9H1E5|TMX4_HUMAN	psvid_77976_sp|Q9H1E5|TMX4_HUMAN	-0.06710176158969716	-1.5555531286901334	1.421349605510739	0.6529919994241158	-0.10276046513414451	0.920516339441935	1.0	1.0655364276650143	-15.155043825341082
sp|Q9NQ94|A1CF_HUMAN	psvid_39347_sp|Q9NQ94|A1CF_HUMAN	-0.06592069073782403	-1.5289334912515282	1.3970921097758802	0.6418319569631297	-0.10270708714743985	0.9205574647275052	1.0	1.045978910841628	-13.44006825917415
sp|P53985|MOT1_HUMAN	psvid_87023_sp|P53985|MOT1_HUMAN	0.06655848720904611	-1.4106577333087038	1.543774707726796	0.64806307732897	0.10270371748899942	0.9205600609029074	1.0	1.0569017931835363	-14.802671692252808
sp|P25311|ZA2G_HUMAN	psvid_23271_sp|P25311|ZA2G_HUMAN	0.02076746197925905	-0.44087742883697434	0.48241235279549244	0.20252621411827348	0.1025420934750256	0.9206845863584976	1.0	0.18445933986163582	-10.947219113553471
sp|P04083|ANXA1_HUMAN	psvid_46613_sp|P04083|ANXA1_HUMAN	0.07934924486914019	-1.6862342656172875	1.8449327553555679	0.7745714318558495	0.102442772358673	0.9207611108274973	1.0	1.2772524619314143	-13.239317923501808
sp|Q13637|RAB32_HUMAN	psvid_31410_sp|Q13637|RAB32_HUMAN	-0.027033278343425948	-0.6289813352708733	0.5749147785840214	0.26407800344073473	-0.10236853502072484	0.9208183094314293	1.0	0.34073759115849256	-11.904315073332905
sp|Q92575|UBXN4_HUMAN	psvid_44387_sp|Q92575|UBXN4_HUMAN	-0.03006301405302736	-0.7000859040315608	0.6399598759255061	0.2939428161763275	-0.10227504262255369	0.9208903444208427	1.0	0.40463295552484563	-11.83119044423139
sp|P54619|AAKG1_HUMAN	psvid_30519_sp|P54619|AAKG1_HUMAN	-0.036550472972974646	-0.8513916509417767	0.7782907049958274	0.3574754149015111	-0.1022461166540495	0.9209126317557144	1.0	0.5310380909326331	-12.799848393932287
sp|Q9H254|SPTN4_HUMAN	psvid_35000_sp|Q9H254|SPTN4_HUMAN	-0.06483770577565373	-1.5145790508684516	1.384903639317144	0.6360096947098135	-0.10194452429728552	0.9211450117504744	1.0	1.035765453340731	-17.282640114180488
sp|O14756|H17B6_HUMAN	psvid_48182_sp|O14756|H17B6_HUMAN	0.036800488051875746	-0.7863733225407323	0.8599742986444838	0.3611309877725853	0.10190343475883074	0.9211766722773033	1.0	0.5380600827735766	-9.23418362700394
sp|P14866|HNRPL_HUMAN	psvid_68276_sp|P14866|HNRPL_HUMAN	0.07594710758726064	-1.6624416824839845	1.8143358976585058	0.7626409548176356	0.09958435500676892	0.9229638196769352	1.0	1.2565678560524771	-13.11273876435336
sp|Q16795|NDUA9_HUMAN	psvid_68578_sp|Q16795|NDUA9_HUMAN	-0.03325751290622447	-0.8001463550889519	0.733631329276503	0.3364384550692235	-0.09885169904071048	0.9235285209581482	1.0	0.49018751043027914	-11.615051430059577
sp|P07910|HNRPC_HUMAN	psvid_51657_sp|P07910|HNRPC_HUMAN	-0.05903878652639616	-1.4236995763986986	1.3056220033459063	0.5986843758626332	-0.09861420960139182	0.9237115779200942	1.0	0.970106952091943	-11.722211110240343
sp|P07948|LYN_HUMAN	psvid_41237_sp|P07948|LYN_HUMAN	0.06456207635898537	-1.4299646767585783	1.559088829476549	0.6556573054934203	0.09846923967452577	0.923823323153181	1.0	1.0702035948800874	-15.192015536250821
sp|Q9H8H3|TMT1A_HUMAN	psvid_41230_sp|Q9H8H3|TMT1A_HUMAN	0.08048201470499805	-1.7897195597857587	1.9506835891957548	0.8204679658643116	0.09809281782283272	0.9241134836845173	1.0	1.3566812336210057	-8.425542601046528
sp|Q12906|ILF3_HUMAN	psvid_28959_sp|Q12906|ILF3_HUMAN	0.04990827057218361	-1.1098643444991587	1.209680885643526	0.5087987794106203	0.09809038974109979	0.9241153553827273	1.0	0.810322772227526	-13.291704137120277
sp|P62879|GBB2_HUMAN	psvid_21038_sp|P62879|GBB2_HUMAN	0.030669137186786433	-0.6823766305596604	0.7437149049332332	0.31281719500764704	0.09804172429215953	0.9241528694774913	1.0	0.44323350972207265	-11.380077556117701
sp|P35268|RL22_HUMAN	psvid_77830_sp|P35268|RL22_HUMAN	0.029634588434007014	-0.6603471257477411	0.7196163026157552	0.30269886478542674	0.09790122092137346	0.9242611785834844	1.0	0.42267907359861745	-10.31701153563646
sp|P22314|UBA1_HUMAN	psvid_65281_sp|P22314|UBA1_HUMAN	0.06840779808471797	-1.526539529780147	1.663355125949583	0.6997123773197169	0.09776559669668479	0.9243657281036249	1.0	1.147160578101051	-14.66675877981022
sp|Q07075|AMPE_HUMAN	psvid_67756_sp|Q07075|AMPE_HUMAN	0.04446645831616092	-0.9925145012908907	1.0814474179232125	0.4549293884540169	0.09774364867319507	0.9243826474633572	1.0	0.712922981873318	-14.24430005000881
sp|Q9BTU6|P4K2A_HUMAN	psvid_47878_sp|Q9BTU6|P4K2A_HUMAN	-0.06272332101662359	-1.5332987070895956	1.4078520650563484	0.6451497058491966	-0.09722289330359725	0.9247841008176325	1.0	1.0517957681742824	-14.635989311698527
sp|Q9HCM4|E41L5_HUMAN	psvid_32887_sp|Q9HCM4|E41L5_HUMAN	0.04067737561824991	-0.9144930913589919	0.9958478425954918	0.4190386644861396	0.09707308433729361	0.9248995936287071	1.0	0.6470066997476117	-14.582869528539245
sp|P35613|BASI_HUMAN	psvid_69182_sp|P35613|BASI_HUMAN	-0.021732248627287287	-0.5343955512480817	0.4909310539935071	0.2249082787715523	-0.09662716173005592	0.9252433815610953	1.0	0.24772042825924187	-12.102617833701451
sp|Q13505|MTX1_HUMAN	psvid_59325_sp|Q13505|MTX1_HUMAN	0.019847586719351717	-0.4499327127034196	0.48962788614212305	0.20609526370197878	0.09630297350283627	0.9254933276862217	1.0	0.19543037524863238	-13.216441150574791
sp|O96011|PX11B_HUMAN	psvid_66965_sp|O96011|PX11B_HUMAN	-0.031424580535447166	-0.7801881175310365	0.7173389564601421	0.3284867815809737	-0.09566467297163019	0.9259854769063363	1.0	0.4745248734628063	-13.354456568692207
sp|P57105|SYJ2B_HUMAN	psvid_91317_sp|P57105|SYJ2B_HUMAN	-0.036375293185552326	-0.908723730418239	0.8359731440471343	0.38270417348787816	-0.09504807029940708	0.9264609282490215	1.0	0.5791091597094736	-11.331128966434612
sp|P15144|AMPN_HUMAN	psvid_43272_sp|P15144|AMPN_HUMAN	0.04030768885989122	-0.9292047826736447	1.0098201603934271	0.42533058267571944	0.09476790642779293	0.9266769679045325	1.0	0.6586351753006379	-11.193862509935428
sp|O14678|ABCD4_HUMAN	psvid_59000_sp|O14678|ABCD4_HUMAN	-0.05312440348837688	-1.3312053344835406	1.2249565275067869	0.5607013040554738	-0.09474635265538983	0.9266935886910195	1.0	0.9029167217473109	-13.512795731462067
sp|P05023|AT1A1_HUMAN	psvid_83273_sp|P05023|AT1A1_HUMAN	-0.022549925458699605	-0.5701362369180025	0.5250363860006033	0.24022919947572535	-0.0938683786480262	0.9273706539317669	1.0	0.28588638984686465	-12.022872054467548
sp|Q6UW68|TM205_HUMAN	psvid_95127_sp|Q6UW68|TM205_HUMAN	0.0188376128637886	-0.4427274895228584	0.4804027152504356	0.20249121048475335	0.09302928664751592	0.9280177928037034	1.0	0.18434948559956643	-10.622177375147889
sp|P21397|AOFA_HUMAN	psvid_72509_sp|P21397|AOFA_HUMAN	0.0188203740277908	-0.4425364406113674	0.480177188666949	0.20239983347661286	0.09298611419048167	0.9280510905324141	1.0	0.1840624916480049	-10.095435757081756
sp|Q09666|AHNK_HUMAN	psvid_23288_sp|Q09666|AHNK_HUMAN	0.07247212782343393	-1.7081978001202307	1.8531420557670986	0.7811899281784662	0.09277145699051736	0.9282166519394086	1.0	1.2887203026029939	-15.658904834348348
sp|Q9NZ43|USE1_HUMAN	psvid_62779_sp|Q9NZ43|USE1_HUMAN	0.026137743851669892	-0.6194171191860912	0.671692606889431	0.2832085549252241	0.09229150531335846	0.9285868437071076	1.0	0.38212947683629633	-12.607797260642375
sp|Q9Y3A6|TMED5_HUMAN	psvid_86377_sp|Q9Y3A6|TMED5_HUMAN	-0.030636750318357553	-0.7878388549715323	0.7265653543348172	0.33218882874811545	-0.09222691333063487	0.9286366655801944	1.0	0.4818335862990192	-11.573851710837712
sp|Q9NQE9|HINT3_HUMAN	psvid_97340_sp|Q9NQE9|HINT3_HUMAN	-0.046932935569932166	-1.2144024287129076	1.1205365575730433	0.5121754431783525	-0.0916344900854392	0.9290936360921714	1.0	0.8163793311529575	-12.528601628939882
sp|Q9P2B2|FPRP_HUMAN	psvid_24684_sp|Q9P2B2|FPRP_HUMAN	-0.045245548439266425	-1.171659718951899	1.081168622073366	0.49416424186942803	-0.09155973784768821	0.9291512988116649	1.0	0.7840130969828444	-13.779505680549567
sp|Q3LXA3|TKFC_HUMAN	psvid_50975_sp|Q3LXA3|TKFC_HUMAN	-0.019872397091416527	-0.5184389874772444	0.47869419329441126	0.21872397170510846	-0.09085605448957926	0.9296941307957601	1.0	0.23135444345133	-11.14987805338156
sp|Q92947|GCDH_HUMAN	psvid_80610_sp|Q92947|GCDH_HUMAN	0.038314131232499715	-0.9256085717527662	1.0022368342177657	0.42287831972556117	0.09060320533189016	0.9298891919307378	1.0	0.6541070149269341	-13.744193745269364
sp|P22626|ROA2_HUMAN	psvid_432_sp|P22626|ROA2_HUMAN	-0.038916130166947394	-1.0190207060342544	0.9411884457003595	0.42997739851390954	-0.09050738550781869	0.9299631136845002	1.0	0.6672019861521354	-10.868667339363185
sp|Q5JNZ5|RS26L_HUMAN	psvid_97694_sp|Q5JNZ5|RS26L_HUMAN	-0.025670142317170797	-0.6762535038634679	0.6249132192291263	0.28541458554723004	-0.08993984055843893	0.9304009700571215	1.0	0.38679162068271733	-11.159250337239488
sp|P63208|SKP1_HUMAN	psvid_6979_sp|P63208|SKP1_HUMAN	0.055808710777734305	-1.3610443621153148	1.4726617836707834	0.6215814244310511	0.08978503633505039	0.9305204046074836	1.0	1.0104235420429526	-13.643060586181946
sp|P0DP25|CALM3_HUMAN,sp|P0DP23|CALM1_HUMAN,sp|P0DP24|CALM2_HUMAN	psvid_61549_sp|P0DP25|CALM3_HUMAN	0.018776317473883974	-0.46118035356654935	0.4987329885143173	0.21055969525572502	0.08917336934345442	0.9309923359934646	1.0	0.2085878676732422	-10.433394546270753
sp|P35580|MYH10_HUMAN	psvid_26405_sp|P35580|MYH10_HUMAN	-0.039425549881318744	-1.0607065082061822	0.9818554084435447	0.4480417094509813	-0.08799526706928645	0.931901381014761	1.0	0.7003466759347713	-13.883571489128178
sp|O15488|GLYG2_HUMAN	psvid_87167_sp|O15488|GLYG2_HUMAN	0.06341885094848054	-1.5814112102852278	1.7082489121821889	0.7215962134457938	0.0878868954226359	0.9319850078391824	1.0	1.1852701837279587	-12.880338775296249
sp|Q8IXQ6|PARP9_HUMAN	psvid_73729_sp|Q8IXQ6|PARP9_HUMAN	0.0446671459350072	-1.1162700286171547	1.2056043204871691	0.509309678215	0.08770134919005293	0.932128189808026	1.0	0.8112394710807763	-14.139659788535564
sp|P04899|GNAI2_HUMAN	psvid_86428_sp|P04899|GNAI2_HUMAN	-0.018799325453852322	-0.5121930797351004	0.4745944288273958	0.21645461936664215	-0.08685111691707093	0.9327843286174505	1.0	0.22517236451190561	-10.790620406606521
sp|P11217|PYGM_HUMAN	psvid_53905_sp|P11217|PYGM_HUMAN	-0.03553630643514971	-0.9693001272790573	0.8982275144087579	0.4096474482404917	-0.08674851164772157	0.9328635145272567	1.0	0.6295849698676158	-13.025781108117446
sp|Q460N5|PAR14_HUMAN	psvid_51830_sp|Q460N5|PAR14_HUMAN	-0.053561086657475165	-1.4695561380073794	1.362433964692429	0.6212050055467052	-0.08622127345921424	0.933270424487525	1.0	1.0097617705174704	-16.166092764846017
sp|Q14520|HABP2_HUMAN	psvid_72883_sp|Q14520|HABP2_HUMAN	-0.0341414985630899	-0.9379244512954475	0.8696414541692677	0.39649467251307974	-0.08610834124628403	0.9333575855856417	1.0	0.6050421421474356	-13.81278455910666
sp|Q9Y639|NPTN_HUMAN	psvid_47165_sp|Q9Y639|NPTN_HUMAN	-0.03736473174497901	-1.0284313937148193	0.9537019302248614	0.4347865274382203	-0.08593810844400701	0.9334889730735079	1.0	0.6760498396903863	-13.246623583197765
sp|P30038|AL4A1_HUMAN	psvid_32999_sp|P30038|AL4A1_HUMAN	-0.025493713864988443	-0.7023370302267616	0.6513496024967848	0.29693497565117327	-0.08585621754083085	0.9335521781079963	1.0	0.41082893703809537	-12.19608020523272
sp|P49327|FAS_HUMAN	psvid_52701_sp|P49327|FAS_HUMAN	0.021326180947505158	-0.5453233846786694	0.5879757465736797	0.24859235646499608	0.08578775812243473	0.9336050168347999	1.0	0.3056369797392795	-12.171707370630841
sp|Q9Y490|TLN1_HUMAN	psvid_37836_sp|Q9Y490|TLN1_HUMAN	0.03741421648621124	-0.9620785674794928	1.0369070004519152	0.43848311462345635	0.08532647036668761	0.9339610595131922	1.0	0.6828386998138833	-13.38383319058169
sp|Q15366|PCBP2_HUMAN	psvid_88152_sp|Q15366|PCBP2_HUMAN	-0.02023768354034594	-0.5634707738240203	0.5229954067433285	0.2383194168236078	-0.08491831597307437	0.9342761045086124	1.0	0.2812813876718313	-12.907257060933182
sp|Q9Y4W6|AFG32_HUMAN	psvid_43496_sp|Q9Y4W6|AFG32_HUMAN	-0.03921296352148618	-1.0977644493265246	1.0193385222835523	0.46439249980718966	-0.08443926966470591	0.93464588488024	1.0	0.7301513533779138	-12.953116771761989
sp|Q9Y6N5|SQOR_HUMAN	psvid_59234_sp|Q9Y6N5|SQOR_HUMAN	-0.01866720256942811	-0.5289291429753088	0.4915947378364526	0.22385478764062425	-0.08338978480726701	0.9354560503576665	1.0	0.24497823545809816	-11.031387816418688
sp|Q8NBJ7|SUMF2_HUMAN	psvid_32694_sp|Q8NBJ7|SUMF2_HUMAN	0.018202084962005927	-0.48269972941371686	0.5191038993377287	0.2197484476241539	0.0828314609673048	0.9358870890691148	1.0	0.23411239523565533	-11.178614824951149
sp|P00439|PH4H_HUMAN	psvid_31594_sp|P00439|PH4H_HUMAN	0.0526393654198678	-1.3976846961743121	1.5029634270140477	0.6362653357215022	0.0827317825827752	0.9359640453947681	1.0	1.0362140514680889	-13.16372150010795
sp|O00571|DDX3X_HUMAN	psvid_62443_sp|O00571|DDX3X_HUMAN	-0.04984088971505818	-1.4417634474258605	1.3420816679957441	0.610644266983145	-0.08162017136637408	0.9368223084812487	1.0	0.9911816539774815	-13.118753076028066
sp|O75131|CPNE3_HUMAN	psvid_27999_sp|O75131|CPNE3_HUMAN	0.0938734449615648	-2.529403662657143	2.7171505525802724	1.1508464444386945	0.0815690446064244	0.936861785002785	1.0	1.9240087331098927	-13.745595165760509
sp|P49368|TCPG_HUMAN	psvid_27914_sp|P49368|TCPG_HUMAN	0.03035018410229462	-0.8181372469729894	0.8788376151775786	0.3722362156738812	0.08153474279054199	0.9368882705778403	1.0	0.5592701955229741	-11.741017365501902
sp|Q96A26|F162A_HUMAN	psvid_54187_sp|Q96A26|F162A_HUMAN	-0.019234638862705378	-0.5640089311077022	0.5255396533822915	0.23899555080586937	-0.08048115874060449	0.9377018180206674	1.0	0.2829160876575753	-10.968499574997153
sp|P24723|KPCL_HUMAN	psvid_80000_sp|P24723|KPCL_HUMAN	0.037937245817468934	-1.075310520427761	1.151185012062699	0.4883880661489235	0.07767848652940013	0.9398663333124484	1.0	0.7736002907792114	-15.925947764763167
sp|O75356|ENTP5_HUMAN	psvid_47461_sp|O75356|ENTP5_HUMAN	-0.014387151858179514	-0.44186197035193014	0.4130876666355711	0.187535610905089	-0.07671690613182151	0.9406090879301263	1.0	0.13158632134568857	-10.081733005408825
sp|P29692|EF1D_HUMAN	psvid_32162_sp|P29692|EF1D_HUMAN	-0.040340581070236414	-1.2497457438889996	1.1690645817485268	0.5305728576952449	-0.07603212355315694	0.9411380726209113	1.0	0.8492931336037748	-13.234137074250553
sp|Q15293|RCN1_HUMAN	psvid_60363_sp|Q15293|RCN1_HUMAN	-0.013232650812609048	-0.4114287058571443	0.3849634042319262	0.1746908524481076	-0.07574896239366537	0.9413568195408011	1.0	0.06339128549221468	-10.001689472919761
sp|P32969|RL9_HUMAN	psvid_13150_sp|P32969|RL9_HUMAN	-0.026174317519213286	-0.816197658412135	0.7638490233737084	0.3465876899736011	-0.0755200437765315	0.9415336669817255	1.0	0.5099947012809541	-9.72887018106412
sp|P10253|LYAG_HUMAN	psvid_70365_sp|P10253|LYAG_HUMAN	-0.03343408941508974	-1.0429524151836507	0.9760842363534712	0.4428813762877999	-0.07549219995505771	0.9415551775165887	1.0	0.6909029303228644	-14.746790365447609
sp|P09110|THIK_HUMAN	psvid_80719_sp|P09110|THIK_HUMAN	0.021024519536194664	-0.6161431284850634	0.6581921675574527	0.27952903645100263	0.07521408080938295	0.9417700391367548	1.0	0.37430678985303606	-10.998385145274595
sp|Q14108|SCRB2_HUMAN	psvid_70545_sp|Q14108|SCRB2_HUMAN	-0.0169384106792001	-0.5333112103697116	0.49943438901131143	0.2265356560322089	-0.07477149944462513	0.9421119667767986	1.0	0.2519225022870373	-11.50533634971593
sp|P78417|GSTO1_HUMAN	psvid_86359_sp|P78417|GSTO1_HUMAN	0.018078970324130417	-0.5345295310271168	0.5706874716753776	0.24243246247209502	0.07457322398072569	0.9422651536966158	1.0	0.2911530467787342	-12.300592709054637
sp|P01911|DRB1_HUMAN	psvid_95348_sp|P01911|DRB1_HUMAN	-0.04368319689874944	-1.3799189394016862	1.2925525456041873	0.5862141474589968	-0.07451747298849504	0.942308227170939	1.0	0.9480932536370859	-13.630670897085418
sp|O14979|HNRDL_HUMAN	psvid_30372_sp|O14979|HNRDL_HUMAN	-0.06019468378916848	-1.9375784832482918	1.817189115669955	0.82361884841652	-0.07308560738368006	0.9434145611628673	1.0	1.3621263838183182	-14.487558185700331
sp|Q9P0L0|VAPA_HUMAN	psvid_79444_sp|Q9P0L0|VAPA_HUMAN	-0.01490307483293618	-0.48376339319416367	0.4539572435282913	0.20569166282788365	-0.0724534705395746	0.9439030242956834	1.0	0.19421141229842995	-10.141811074468817
sp|Q6NXT6|TAPT1_HUMAN	psvid_61561_sp|Q6NXT6|TAPT1_HUMAN	0.025934692354629973	-0.7935795251162011	0.8454489098254611	0.3595255036550067	0.0721358904750089	0.9441484333703621	1.0	0.5349786670727531	-13.91990238924771
sp|P10114|RAP2A_HUMAN	psvid_77499_sp|P10114|RAP2A_HUMAN	0.03949704225995054	-1.2092063162150957	1.2882004007349968	0.5478131975024808	0.07209947193682145	0.9441765760917323	1.0	0.8800171884146379	-14.275363172809977
sp|Q5JRA6|TGO1_HUMAN	psvid_31913_sp|Q5JRA6|TGO1_HUMAN	-0.014508902204474428	-0.47378121556508573	0.4447634111561369	0.2014853510233957	-0.07200971252143144	0.9442459387614888	1.0	0.18117252875546952	-11.581133375894087
sp|P62987|RL40_HUMAN	psvid_18614_sp|P62987|RL40_HUMAN	0.032769585654785605	-1.0173446641421107	1.0828838354516819	0.46069103684216006	0.07113137229542622	0.9449247130608766	1.0	0.72341926817572	-10.327372502200612
sp|Q96AC1|FERM2_HUMAN	psvid_68828_sp|Q96AC1|FERM2_HUMAN	0.05060030292122297	-1.5802433431681215	1.6814439490105675	0.715460294334318	0.0707241244859056	0.9452394470043425	1.0	1.1745919797029176	-15.083900068918812
sp|O43772|MCAT_HUMAN	psvid_55316_sp|O43772|MCAT_HUMAN	0.01854948066641704	-0.582494978067338	0.619593939400172	0.2636815898230533	0.07034803104329314	0.9455301128577712	1.0	0.33985912257651435	-10.435155634334848
sp|P16402|H13_HUMAN	psvid_38364_sp|P16402|H13_HUMAN	0.0412004654308058	-1.3095179866591882	1.3919189175207998	0.5925677937381857	0.06952869505596082	0.9461633707647253	1.0	0.9593145833784005	-12.023183506453968
sp|O00186|STXB3_HUMAN	psvid_37230_sp|O00186|STXB3_HUMAN	-0.027331084058202837	-0.9253605352816838	0.8706983671652782	0.3939705789907702	-0.0693734139443015	0.9462833907850626	1.0	0.6003116637646386	-14.258199129975932
sp|Q9NZ01|TECR_HUMAN	psvid_23937_sp|Q9NZ01|TECR_HUMAN	-0.015031471959046971	-0.5094460752568212	0.47938313133872723	0.21690247158079282	-0.06930060247583661	0.9463396687896718	1.0	0.22640060687770783	-10.519680206360004
sp|Q14554|PDIA5_HUMAN	psvid_69506_sp|Q14554|PDIA5_HUMAN	0.013664533264466705	-0.4365647255305724	0.4638937920595058	0.19751811204455177	0.06918116583346322	0.9464319853712678	1.0	0.16822531905938762	-10.718797310813693
sp|P00738|HPT_HUMAN	psvid_50866_sp|P00738|HPT_HUMAN	0.024215378958055034	-0.7814488797865615	0.8298796377026716	0.3534494487428531	0.0685115765328936	0.9469495490932596	1.0	0.5232800237687976	-7.184472473504885
sp|P08670|VIME_HUMAN	psvid_29719_sp|P08670|VIME_HUMAN	0.10269096727332894	-3.3359363348233018	3.5413182693699596	1.5085451677501258	0.06807284890679427	0.9472886810584233	1.0	2.533835120644209	-13.294989544861957
sp|Q8IYT4|KATL2_HUMAN	psvid_51903_sp|Q8IYT4|KATL2_HUMAN	-0.02502523445525151	-0.8644015880624265	0.8143511191519235	0.36823913466451086	-0.06795919308807599	0.9473765376895564	1.0	0.551656428893118	-15.509033118206412
sp|P05181|CP2E1_HUMAN	psvid_37478_sp|P05181|CP2E1_HUMAN	-0.023277339075416625	-0.8115012593047524	0.7649465811539191	0.3457982739920706	-0.06731479254274818	0.9478746774678743	1.0	0.5084609907131796	-8.331181848121247
sp|P10412|H14_HUMAN	psvid_37904_sp|P10412|H14_HUMAN	0.039817313464369786	-1.309007053308872	1.3886416802376116	0.5917368478400505	0.06728888628401354	0.9478947042416046	1.0	0.9578476557325396	-12.009749836595343
sp|P18077|RL35A_HUMAN	psvid_77140_sp|P18077|RL35A_HUMAN	-0.015381253907261971	-0.5374273296659164	0.5066648218513925	0.22902455420174625	-0.06715984651022494	0.9479944587220197	1.0	0.2582735763433702	-10.262820233228943
sp|Q8TAA3|PSMA8_HUMAN	psvid_76109_sp|Q8TAA3|PSMA8_HUMAN	0.0329418309017071	-1.087211309741459	1.1530949715448733	0.49141749279634184	0.06703430664272098	0.9480915085181492	1.0	0.7790635810129675	-12.86679445054471
sp|P11142|HSP7C_HUMAN	psvid_16258_sp|P11142|HSP7C_HUMAN	0.011429563390754183	-0.37861503962328924	0.4014741664047976	0.17111476452393865	0.06679472354447362	0.9482767230535644	1.0	0.022009403655181756	-9.978416356288339
sp|Q9Y385|UB2J1_HUMAN	psvid_77498_sp|Q9Y385|UB2J1_HUMAN	0.03690213276172161	-1.2238366412899362	1.2976409068133794	0.5530932021133008	0.06671955580130638	0.948334833672377	1.0	0.8894054353117795	-14.493144668474589
sp|Q9H2F3|3BHS7_HUMAN	psvid_73123_sp|Q9H2F3|3BHS7_HUMAN	0.023335216964667893	-0.7742963590691053	0.8209667929984411	0.34992546558825993	0.06668624967159519	0.9483605820525255	1.0	0.5164672449279925	-11.692340464028746
sp|Q14534|ERG1_HUMAN	psvid_47688_sp|Q14534|ERG1_HUMAN	-0.02214711122914803	-0.7807235957629386	0.7364293733046425	0.3327917769438364	-0.06654945453440603	0.9484663366241219	1.0	0.48302115412851443	-11.73332863852844
sp|Q08477|CP4F3_HUMAN	psvid_45213_sp|Q08477|CP4F3_HUMAN	0.023033546120894588	-0.7699827701111654	0.8160498623529546	0.3479007251147749	0.06620723803693039	0.9487309045244882	1.0	0.5125432521028438	-9.73238490231488
sp|P23378|GCSP_HUMAN	psvid_67539_sp|P23378|GCSP_HUMAN	-0.07022572972026886	-2.488015791586027	2.347564332145489	1.060698119926511	-0.06620708418445613	0.9487310234694898	1.0	1.7697624358202446	-12.59779729087295
sp|O95831|AIFM1_HUMAN	psvid_53533_sp|O95831|AIFM1_HUMAN	0.01309252628494395	-0.43774902081270045	0.46393407338258835	0.1977867263720196	0.06619517156231228	0.9487402332498245	1.0	0.16912484100468334	-10.399571290435361
sp|P15291|B4GT1_HUMAN	psvid_69069_sp|P15291|B4GT1_HUMAN	0.043058076727893635	-1.4461766475951852	1.5322928010509724	0.6533356626504616	0.06590498451165976	0.9489645825780068	1.0	1.0661382878752643	-14.607684563332402
sp|P04217|A1BG_HUMAN	psvid_84267_sp|P04217|A1BG_HUMAN	-0.01797242888174866	-0.6417482007136595	0.6058033429501621	0.27365394492822265	-0.06567575295310539	0.9491418094004234	1.0	0.36168733838756173	-11.713594349770274
sp|Q9UJM8|HAOX1_HUMAN	psvid_54014_sp|Q9UJM8|HAOX1_HUMAN	0.019653782460184566	-0.6671828044919602	0.7064903694123293	0.30131907975281075	0.06522581469553035	0.9494896808315899	1.0	0.41985219849292565	-11.082751645612532
sp|Q00610|CLH1_HUMAN	psvid_68932_sp|Q00610|CLH1_HUMAN	0.016783603472733333	-0.5712617016314513	0.604828908576918	0.2579787878995144	0.0650580755471676	0.9496193718957039	1.0	0.3271123493163357	-10.346065078560558
sp|P17980|PRS6A_HUMAN	psvid_70738_sp|P17980|PRS6A_HUMAN	0.0637925089070972	-2.173423480026583	2.3010084978407774	0.9814792569294797	0.06499628846631933	0.9496671442801041	1.0	1.6339301148407337	-13.921830793652514
sp|B2RXH8|HNRC2_HUMAN	psvid_44841_sp|B2RXH8|HNRC2_HUMAN	-0.0248146240899616	-0.90943676987815	0.8598075216982268	0.3880887185708787	-0.06394059631864711	0.9504834146748559	1.0	0.5892608346644382	-12.611892158709686
sp|B7ZW38|HNRC3_HUMAN,sp|P0DMR1|HNRC4_HUMAN	psvid_73479_sp|B7ZW38|HNRC3_HUMAN	-0.0248146240899616	-0.90943676987815	0.8598075216982268	0.3880887185708787	-0.06394059631864711	0.9504834146748559	1.0	0.5892608346644382	-12.611892158709686
sp|O60812|HNRC1_HUMAN	psvid_51655_sp|O60812|HNRC1_HUMAN	-0.0248146240899616	-0.90943676987815	0.8598075216982268	0.3880887185708787	-0.06394059631864711	0.9504834146748559	1.0	0.5892608346644382	-12.611892158709686
sp|P29401|TKT_HUMAN	psvid_58607_sp|P29401|TKT_HUMAN	0.03705647049368599	-1.2855414859868692	1.3596544269742412	0.5802311739072166	0.06386501132669511	0.9505418600224234	1.0	0.9375162882920401	-13.008784913589288
sp|P62857|RS28_HUMAN	psvid_94812_sp|P62857|RS28_HUMAN	0.015615859844808622	-0.543630751440274	0.5748624711298912	0.24534463869357032	0.06364866959376464	0.9507091458672196	1.0	0.2980429112813264	-10.247159104298117
sp|P62318|SMD3_HUMAN	psvid_19791_sp|P62318|SMD3_HUMAN	0.025839654797190637	-0.9056715184882246	0.9573508280826059	0.4086591990670684	0.06323032702109779	0.9510326357725543	1.0	0.6277468916093756	-12.357378904314828
sp|P30837|AL1B1_HUMAN	psvid_883231_sp|P30837|AL1B1_HUMAN	-0.03162009763860052	-1.1738396140046905	1.1105994187274895	0.5010981361293017	-0.06310160696834317	0.9511321724810732	1.0	0.796491255146894	-13.664409777391484
sp|Q9P2E9|RRBP1_HUMAN	psvid_32461_sp|Q9P2E9|RRBP1_HUMAN	-0.02320229872327273	-0.8615895826263571	0.8151849851798116	0.3678052242137434	-0.06308311354976603	0.9511464731554692	1.0	0.5508285576543653	-12.398272211634513
sp|P61313|RL15_HUMAN	psvid_17606_sp|P61313|RL15_HUMAN	0.022077080816542693	-0.7796219110907318	0.8237760727238171	0.3517098638443487	0.0627707183848362	0.951388046311755	1.0	0.5199195783802744	-9.741544969948118
sp|Q9UBC5|MYO1A_HUMAN	psvid_24971_sp|Q9UBC5|MYO1A_HUMAN	-0.021172628305926366	-0.7955150543685077	0.7531697977566549	0.3397083843045081	-0.06232589268961824	0.951732036256753	1.0	0.49659062450059704	-15.883185428019557
sp|P02790|HEMO_HUMAN	psvid_51814_sp|P02790|HEMO_HUMAN	0.014421281593801627	-0.5214472940230993	0.5502898572107026	0.23508856275384218	0.06134403743367958	0.9524913562590069	1.0	0.2734011410460893	-11.027310923226914
sp|P43155|CACP_HUMAN	psvid_85002_sp|P43155|CACP_HUMAN	-0.033691589558547896	-1.2899518865173185	1.2225687074002227	0.5511284689846959	-0.061132007244364406	0.9526553370197455	1.0	0.8859131081227656	-13.282360561239713
sp|Q14118|DAG1_HUMAN	psvid_61403_sp|Q14118|DAG1_HUMAN	-0.016531608250954566	-0.6407492040429368	0.6076859875410277	0.27384777558836876	-0.06036787487295084	0.9532463244092471	1.0	0.3621063485463971	-14.658507315645325
sp|Q9Y2R0|COA3_HUMAN	psvid_79221_sp|Q9Y2R0|COA3_HUMAN	0.04598156903471917	-1.6936683163283341	1.7856314543977725	0.7631942044260971	0.060248844616549675	0.9533383863132606	1.0	1.2575274298481605	-12.698156187147951
sp|P62244|RS15A_HUMAN	psvid_9975_sp|P62244|RS15A_HUMAN	0.02333758887167603	-0.86127165527696	0.9079468330203121	0.3880830585489301	0.06013555180413419	0.9534260113744422	1.0	0.5892501816210469	-9.808836562552017
sp|P07237|PDIA1_HUMAN	psvid_33235_sp|P07237|PDIA1_HUMAN	-0.013785385386365423	-0.5364296414257138	0.508858870652983	0.2292869792605289	-0.06012284444072894	0.9534358397844115	1.0	0.2589381285814775	-6.696854875244776
sp|O75533|SF3B1_HUMAN	psvid_32119_sp|O75533|SF3B1_HUMAN	-0.05105636412337233	-2.0183305346226623	1.9162178063759177	0.8630542605582278	-0.05915776847025681	0.9541822945400417	1.0	1.4302005636438981	-14.48977370613824
sp|Q14696|MESD_HUMAN	psvid_41661_sp|Q14696|MESD_HUMAN	0.014289265979873012	-0.5406665280902002	0.5692450600499462	0.2434622330105076	0.058691920316266466	0.954542629948869	1.0	0.2935984061428551	-11.054947080512505
sp|P35573|GDE_HUMAN	psvid_41656_sp|P35573|GDE_HUMAN	0.023587049102342217	-0.9029797964472118	0.9501538946518963	0.40649009463718194	0.05802613498711487	0.9550576366297091	1.0	0.623709197798438	-9.502976235879155
sp|O94906|PRP6_HUMAN	psvid_61944_sp|O94906|PRP6_HUMAN	0.040366033908725285	-1.549113693998082	1.6298457618155326	0.6973137104182794	0.05788791085795798	0.9551645602971293	1.0	1.1429789645629052	-15.767657198437323
sp|P62081|RS7_HUMAN	psvid_86864_sp|P62081|RS7_HUMAN	-0.01620829272411628	-0.6619254168932327	0.6295088314450001	0.2832797397975918	-0.05721656174810589	0.9556838978480493	1.0	0.3822802360399097	-10.387239348399165
sp|P53621|COPA_HUMAN	psvid_40294_sp|P53621|COPA_HUMAN	0.025885981848620343	-1.0298587162603592	1.0816306799575999	0.4631611462338587	0.05588979572036474	0.9567103134756707	1.0	0.7279127529980579	-12.007556911286823
sp|P62249|RS16_HUMAN	psvid_84008_sp|P62249|RS16_HUMAN	0.009525572796127424	-0.3805955937126696	0.39964673930492445	0.1711483533603811	0.05565681824627176	0.9568905588436228	1.0	0.022743520226075835	-9.98078856324014
sp|Q9H330|TM245_HUMAN	psvid_36294_sp|Q9H330|TM245_HUMAN	0.028598010401212903	-1.160997162489364	1.2181931832917898	0.5218821035210072	0.05479783692192035	0.957555140849201	1.0	0.8337623296503318	-15.357122784798843
sp|Q13200|PSMD2_HUMAN	psvid_47390_sp|Q13200|PSMD2_HUMAN	-0.024562708635668784	-1.0521816513333855	1.003056234062048	0.45082221889819996	-0.05448424590895171	0.9577977706214633	1.0	0.705427499880187	-12.795902260335728
sp|Q9NUQ7|UFSP2_HUMAN	psvid_53550_sp|Q9NUQ7|UFSP2_HUMAN	-0.013470676769036238	-0.5776593495127068	0.5507179959746343	0.24751274889485073	-0.05442417341806866	0.9578442500805472	1.0	0.3031226330177334	-11.592971304222893
sp|O95169|NDUB8_HUMAN	psvid_46674_sp|O95169|NDUB8_HUMAN	-0.018101277687395445	-0.7788965683018713	0.7426940129270804	0.33376517967031144	-0.05423357135479391	0.9579917243749201	1.0	0.48493675370190864	-11.30212173718715
sp|Q9NYU1|UGGG2_HUMAN	psvid_41231_sp|Q9NYU1|UGGG2_HUMAN	0.027278172781353582	-1.1301498477832128	1.18470619334592	0.5077701925930337	0.053721492870725515	0.9583879426261929	1.0	0.8084768385516732	-15.826361086686664
sp|Q07954|LRP1_HUMAN	psvid_31050_sp|Q07954|LRP1_HUMAN	-0.014021935538071073	-0.6101375481019206	0.5820936770257784	0.2615192772433616	-0.05361721585450353	0.9584686279582085	1.0	0.3350503998770056	-11.586394598906333
sp|Q9NYQ3|HAOX2_HUMAN	psvid_96753_sp|Q9NYQ3|HAOX2_HUMAN	0.025135250594386704	-1.0546043780269696	1.104874879215743	0.4736878574167994	0.05306289827959453	0.9588975448779823	1.0	0.7470210141629924	-13.045350535793293
sp|Q9BT09|CNPY3_HUMAN	psvid_94382_sp|Q9BT09|CNPY3_HUMAN	0.016029544550452357	-0.6760598898869095	0.7081189789878142	0.3036235335346792	0.05279414399747607	0.9591055052225447	1.0	0.4245701539864368	-11.166656466766568
sp|P49821|NDUV1_HUMAN	psvid_49307_sp|P49821|NDUV1_HUMAN	-0.0188311159835699	-0.8339064964150089	0.7962442644478691	0.35757816084116867	-0.0526629365151146	0.9592070339307909	1.0	0.5312357415375171	-11.344235372338076
sp|P41567|EIF1_HUMAN	psvid_107427_sp|P41567|EIF1_HUMAN	0.02755910258879002	-1.1713783241190243	1.2264965292966044	0.5259806028969923	0.05239566333245026	0.9594138530698986	1.0	0.8410903056206445	-12.347779380678208
sp|Q06278|AOXA_HUMAN	psvid_38112_sp|Q06278|AOXA_HUMAN	-0.018373303295150745	-0.8230578662343814	0.7863112596440799	0.35301965067425206	-0.05204612054897947	0.9596843382723194	1.0	0.5224502315898594	-11.43802265269736
sp|P13073|COX41_HUMAN	psvid_77518_sp|P13073|COX41_HUMAN	0.011798445972635907	-0.5105757903972213	0.5341726823424932	0.2291685201104605	0.05148371149296156	0.9601195563889361	1.0	0.25863826569420045	-10.324082738449745
sp|O43795|MYO1B_HUMAN	psvid_31037_sp|O43795|MYO1B_HUMAN	0.015258977717268696	-0.6677959277032803	0.6983138831378177	0.29966003476210173	0.05092096358255683	0.9605550508068599	1.0	0.41644507210742127	-12.266844077119824
sp|Q7Z5P4|DHB13_HUMAN	psvid_87928_sp|Q7Z5P4|DHB13_HUMAN	-0.023277330058575796	-1.0676554065568087	1.021100746439657	0.4581745453032836	-0.05080450299387022	0.9606451780508318	1.0	0.7188374667451533	-7.750699973177287
sp|P02760|AMBP_HUMAN	psvid_46379_sp|P02760|AMBP_HUMAN	-0.01344217999749775	-0.6167178225185478	0.5898334625235523	0.26466042271914353	-0.05079029142095239	0.9606561762319616	1.0	0.3420265447931855	-11.564201739075967
sp|Q9NP58|ABCB6_HUMAN	psvid_30892_sp|Q9NP58|ABCB6_HUMAN	0.02161060697257211	-0.9485220306235379	0.9917432445686821	0.4256026530208622	0.05077648557682464	0.9606668604324964	1.0	0.6591372492163052	-14.07971777151837
sp|O15144|ARPC2_HUMAN	psvid_95074_sp|O15144|ARPC2_HUMAN	0.036537073066222	-1.615076628145294	1.688150774277738	0.724572234517353	0.0504257150987297	0.9609383208902978	1.0	1.1904473422429205	-14.092785749493439
sp|Q9UBS4|DJB11_HUMAN	psvid_58443_sp|Q9UBS4|DJB11_HUMAN	0.013413512456525112	-0.6017082438182674	0.6285352687313176	0.26985737955390443	0.049705931624692674	0.96149537639162	1.0	0.353441274309033	-10.615021475635395
sp|Q14558|KPRA_HUMAN	psvid_81136_sp|Q14558|KPRA_HUMAN	-0.01687133812627417	-0.7929490583750912	0.7592063821225429	0.34046966763919073	-0.04955313124737267	0.9616136346766779	1.0	0.49807834636832155	-11.611727955570462
sp|P11908|PRPS2_HUMAN	psvid_86843_sp|P11908|PRPS2_HUMAN	0.02131068939664349	-0.9726788365618341	1.0153002153551212	0.43606880433498113	0.04887001588921953	0.9621423369828023	1.0	0.6784059432801477	-11.930908720446693
sp|P11216|PYGB_HUMAN	psvid_48062_sp|P11216|PYGB_HUMAN	0.024315091850991344	-1.112825567796515	1.1614557514984978	0.49887001307687234	0.04874033558566399	0.9622427062697396	1.0	0.7924840685468757	-11.929311856400513
sp|Q01082|SPTB2_HUMAN	psvid_25064_sp|Q01082|SPTB2_HUMAN	0.05005432963893597	-2.353727008911858	2.45383566818973	1.0545524140949276	0.04746499933992871	0.9632298218199954	1.0	1.7592352184035605	-14.138701052322611
sp|P21796|VDAC1_HUMAN	psvid_27241_sp|P21796|VDAC1_HUMAN	0.016229352570304556	-0.7689944560414599	0.801453161182069	0.3444821081253485	0.04711232365194159	0.9635028061173633	1.0	0.5059013771320574	-9.723897698589663
sp|P36776|LONM_HUMAN	psvid_45506_sp|P36776|LONM_HUMAN	-0.02980706348915474	-1.4796036049171952	1.4199894779388857	0.636033909653014	-0.04686395337854844	0.9636950571267764	1.0	1.0358079462540912	-13.082361445064532
sp|P49448|DHE4_HUMAN	psvid_76282_sp|P49448|DHE4_HUMAN	-0.015432479288485457	-0.7962296348207202	0.7653646762437493	0.3425401104833362	-0.045053057484887485	0.965096855758596	1.0	0.5021188538273383	-10.58162785199432
sp|Q9BZV2|S19A3_HUMAN	psvid_109803_sp|Q9BZV2|S19A3_HUMAN	-0.021926419338976544	-1.1332361989822282	1.089383360304275	0.48753786050965675	-0.04497377765914498	0.9651582285310849	1.0	0.7720661810272029	-15.392852486838636
sp|O00410|IPO5_HUMAN	psvid_53917_sp|O00410|IPO5_HUMAN	-0.020926925007941133	-1.0816000281857792	1.039746178169897	0.4653232653000362	-0.04497287492050853	0.9651589273681979	1.0	0.7318428696998934	-14.792447404965571
sp|P69905|HBA_HUMAN	psvid_29358_sp|P69905|HBA_HUMAN	0.02327255380384452	-1.159041746285298	1.205586853892987	0.5186879436087334	0.044868121749519436	0.9652400201614456	1.0	0.8280465129902193	-9.616348500793592
sp|Q7Z4W1|DCXR_HUMAN	psvid_38673_sp|Q7Z4W1|DCXR_HUMAN	-0.010593220489391708	-0.5502007021469496	0.5290142611681662	0.2367288418957154	-0.04474833064092068	0.9653327548265105	1.0	0.2774164163237091	-10.104389886995747
sp|Q92604|LGAT1_HUMAN	psvid_69463_sp|Q92604|LGAT1_HUMAN	0.010854929931725987	-0.5563923244693316	0.5781021843327836	0.24885456589741076	0.04361957311324111	0.9662065942329483	1.0	0.30624617699780876	-12.200079260099828
sp|Q6UXB4|CLC4G_HUMAN	psvid_41268_sp|Q6UXB4|CLC4G_HUMAN	0.023559350697453407	-1.2354780403910752	1.282596741785982	0.5523467958232222	0.042653186142485644	0.9669547709933484	1.0	0.8880788472761815	-13.339863707487531
sp|Q86Y82|STX12_HUMAN	psvid_23188_sp|Q86Y82|STX12_HUMAN	0.021791676083484646	-1.179589556745511	1.2231729089124803	0.5270527144086931	0.04134629324114761	0.9679666220528419	1.0	0.8430060894596091	-13.09158426041942
sp|P63244|RACK1_HUMAN	psvid_68088_sp|P63244|RACK1_HUMAN	0.01774161215332315	-0.9713285859679194	1.0068118102745656	0.43391066750145024	0.04088770680721707	0.968321693387017	1.0	0.6744397754224898	-9.078413623986643
sp|O00748|EST2_HUMAN	psvid_42951_sp|O00748|EST2_HUMAN	-0.007583062846597599	-0.4359973569078625	0.4208312312146673	0.18794776412876893	-0.040346651005660296	0.9687406281208754	1.0	0.1332562312059843	-10.073463733178942
sp|P35222|CTNB1_HUMAN	psvid_30133_sp|P35222|CTNB1_HUMAN	0.01332540741102628	-0.7659602817982859	0.7926110966203385	0.3418770216931461	0.038977195206136385	0.969801030979599	1.0	0.5008257094678671	-13.06598629358343
sp|P54855|UDB15_HUMAN	psvid_32010_sp|P54855|UDB15_HUMAN	-0.007981770843421554	-0.4782085134521038	0.4622449717652607	0.20629112084252152	-0.03869178087172582	0.9700220422564101	1.0	0.19602003075709112	-10.13428783330112
sp|P61978|HNRPK_HUMAN	psvid_15783_sp|P61978|HNRPK_HUMAN	0.021497059175984212	-1.2557706955736634	1.2987648139256318	0.560344559055818	0.03836400091437813	0.9702758628157018	1.0	0.9022835999689973	-12.398955319282027
sp|Q9HCE1|MOV10_HUMAN	psvid_57584_sp|Q9HCE1|MOV10_HUMAN	-0.020853174802540675	-1.2634131978212106	1.2217068482161293	0.5451180816314081	-0.03825441772199541	0.9703607207442401	1.0	0.875221339046195	-15.406855576496175
sp|P80303|NUCB2_HUMAN	psvid_33474_sp|P80303|NUCB2_HUMAN	-0.009946408296554132	-0.6054072159772362	0.585514399384128	0.26123201065249874	-0.03807499805138828	0.9704996587981654	1.0	0.33440935691474677	-10.276627669915595
sp|Q96AQ6|PBIP1_HUMAN	psvid_32380_sp|Q96AQ6|PBIP1_HUMAN	-0.02181023021366002	-1.3639514411188556	1.3203309806915355	0.5888049097134862	-0.03704152233423619	0.9712999767257737	1.0	0.9526701995314443	-14.065594774581541
sp|Q6PEY2|TBA3E_HUMAN	psvid_34682_sp|Q6PEY2|TBA3E_HUMAN	-0.006240814923744509	-0.3956262433654034	0.3831446135179144	0.17082558092580108	-0.03653325743089518	0.9716935868867345	1.0	0.014206504291588477	-9.972164005522998
sp|O14745|NHRF1_HUMAN	psvid_84351_sp|O14745|NHRF1_HUMAN	0.013458830574143654	-0.8321878677671471	0.8591055289154345	0.3709899702211908	0.03627815211855798	0.97189114845207	1.0	0.5568986795090471	-13.11954969645242
sp|Q9NRP2|COXM2_HUMAN	psvid_81588_sp|Q9NRP2|COXM2_HUMAN	0.014855010871945407	-0.919075412703024	0.9487854344469148	0.4097205377971075	0.036256446776660164	0.9719079578449149	1.0	0.6297208745687751	-11.826720043132894
sp|Q13162|PRDX4_HUMAN	psvid_68755_sp|Q13162|PRDX4_HUMAN	-0.012476213762069754	-0.8055917623949351	0.7806393348707956	0.3479442589279997	-0.03585693237333013	0.972217358712152	1.0	0.5126276971728159	-9.222021489859038
sp|Q9UF12|HYPDH_HUMAN	psvid_884553_sp|Q9UF12|HYPDH_HUMAN	-0.011845927825290037	-0.7760283961121167	0.7523365404615366	0.33525115359566837	-0.0353344878853926	0.9726219692994071	1.0	0.48785726169713706	-12.368157070160754
sp|P40227|TCPZ_HUMAN	psvid_67086_sp|P40227|TCPZ_HUMAN	-0.012338774761055493	-0.8477660969851855	0.8230885474630745	0.3665066723512634	-0.033665893943753085	0.973914278154425	1.0	0.548349405218404	-12.300955874615344
sp|O75165|DJC13_HUMAN	psvid_25390_sp|O75165|DJC13_HUMAN	0.011628464717018616	-0.7795368592999263	0.8027937887339636	0.347088684403078	0.0335028632149654	0.9740405481892593	1.0	0.5109674743252052	-13.778620110254202
sp|Q02318|CP27A_HUMAN	psvid_31044_sp|Q02318|CP27A_HUMAN	-0.007958087218188581	-0.5511654696008249	0.5352492951644477	0.2383081386226058	-0.033394105900811565	0.9741247829822545	1.0	0.2812540790081918	-10.750621692228624
sp|Q7Z434|MAVS_HUMAN	psvid_44044_sp|Q7Z434|MAVS_HUMAN	0.018677216940724328	-1.2682702844011473	1.305624718282596	0.564591118413339	0.03308096130384162	0.9743673218639026	1.0	0.9098173962195484	-15.600081326503194
sp|P61009|SPCS3_HUMAN	psvid_69242_sp|P61009|SPCS3_HUMAN	-0.007890251997206388	-0.5519242075601289	0.5361437035657162	0.23867076093301218	-0.03305914795076615	0.9743842169952054	1.0	0.2821314421516742	-11.818501125949133
sp|P01877|IGHA2_HUMAN	psvid_159721_sp|P01877|IGHA2_HUMAN	0.016083574862120642	-1.0933084894452043	1.1254756391694456	0.4866965479889981	0.0330464124485309	0.9743940810504442	1.0	0.7705477504268627	-14.632749997106874
sp|Q6IC98|GRAM4_HUMAN	psvid_46340_sp|Q6IC98|GRAM4_HUMAN	-0.020032716342654133	-1.4202569705723596	1.3801915378870513	0.6142862680107305	-0.03261136930103767	0.9747310387029167	1.0	0.9975922365011402	-13.701659182139426
sp|Q99536|VAT1_HUMAN	psvid_75428_sp|Q99536|VAT1_HUMAN	-0.0170854848565396	-1.218450373219514	1.1842794035064348	0.5270455439993786	-0.03241747331149003	0.9748812203292008	1.0	0.8429932779880699	-11.33311756434398
sp|P07478|TRY2_HUMAN	psvid_33408_sp|P07478|TRY2_HUMAN	0.017022641541732497	-1.1954270694349887	1.2294723525184537	0.5319085181225525	0.03200294968355904	0.9752022920368972	1.0	0.8516773846331798	-14.11600397360359
sp|P31937|3HIDH_HUMAN	psvid_61648_sp|P31937|3HIDH_HUMAN	0.01517389650939105	-1.067236103135922	1.0975838961547042	0.474859364227623	0.031954506223273026	0.9752398145147808	1.0	0.7491435536998688	-13.915025492792406
sp|P53675|CLH2_HUMAN	psvid_27468_sp|P53675|CLH2_HUMAN	0.007592020056681026	-0.5359639886044747	0.5511480287178367	0.2384610829348581	0.031837564281946104	0.9753303936005349	1.0	0.28162429771284014	-12.753170253391087
sp|P19440|GGT1_HUMAN	psvid_54296_sp|P19440|GGT1_HUMAN	0.0120792151487783	-0.8599352399419956	0.8840936702395522	0.38255765364084793	0.031574888213107055	0.9755338545503417	1.0	0.5788324329017078	-12.612145763473904
sp|Q00796|DHSO_HUMAN	psvid_38362_sp|Q00796|DHSO_HUMAN	-0.006161718369380509	-0.45131899592528524	0.4389955591865242	0.19529300530368743	-0.03155114726100314	0.9755522436679112	1.0	0.1606297295380056	-11.161616400953367
sp|Q9NP72|RAB18_HUMAN	psvid_89916_sp|Q9NP72|RAB18_HUMAN	-0.008685498527813973	-0.6368764509961286	0.6195054539405006	0.2755909095448095	-0.03151591081926365	0.9755795369179914	1.0	0.36586616286013063	-10.534955866487302
sp|P53999|TCP4_HUMAN	psvid_8208_sp|P53999|TCP4_HUMAN	-0.023366508239754946	-1.7946993897293484	1.7479663732498385	0.777093713302036	-0.030069099569041288	0.9767002288387759	1.0	1.2816233905503092	-12.280442037334478
sp|Q92616|GCN1_HUMAN	psvid_880596_sp|Q92616|GCN1_HUMAN	-0.026245453331886104	-2.0266857946279786	1.9741948879642064	0.8776044465169635	-0.02990578891897034	0.97682673182472	1.0	1.4552844444615949	-15.022690277841896
sp|P68871|HBB_HUMAN	psvid_33160_sp|P68871|HBB_HUMAN	0.014879171482509168	-1.1407390711841858	1.1704974141492042	0.5069762328344782	0.029348854085960756	0.9772581474292583	1.0	0.8070516485044671	-9.589831818022988
sp|P25398|RS12_HUMAN	psvid_12007_sp|P25398|RS12_HUMAN	0.008907593448501228	-0.6855233057715251	0.7033384926685275	0.30465074732466796	0.02923870539207428	0.9773434722905597	1.0	0.42666784092975896	-10.333654257920307
sp|Q9UKR5|ERG28_HUMAN	psvid_54526_sp|Q9UKR5|ERG28_HUMAN	-0.012013755961157724	-0.9506879043864462	0.9266603924641308	0.4118016366110795	-0.02917364792433779	0.97739386812458	1.0	0.6335884045238277	-12.436447709872958
sp|Q9UHE5|NAT8_HUMAN	psvid_105838_sp|Q9UHE5|NAT8_HUMAN	0.010935834986422144	-0.8477273697609347	0.869599039733779	0.37670038490552915	0.029030591484966728	0.9775046851182225	1.0	0.5677480534973867	-11.978681702685144
sp|P26885|FKBP2_HUMAN	psvid_58963_sp|P26885|FKBP2_HUMAN	0.009872062461835363	-0.7725091023321938	0.7922532272558646	0.343235024269455	0.02876181556018988	0.9777128906250193	1.0	0.5034731767181759	-9.720719053535431
sp|P35998|PRS7_HUMAN	psvid_59834_sp|P35998|PRS7_HUMAN	-0.016011960609897624	-1.304490140376626	1.2724662191568308	0.5652626356608723	-0.02832658590847309	0.9780500422231581	1.0	0.9110082061111938	-13.658314702951738
sp|P55884|EIF3B_HUMAN	psvid_31084_sp|P55884|EIF3B_HUMAN	0.01073481859606984	-0.8750782088100718	0.8965478460022115	0.3886111650450954	0.027623546520656822	0.9785946629893779	1.0	0.5902440003159987	-12.19193407664179
sp|P0DMM9|ST1A3_HUMAN,sp|P0DMN0|ST1A4_HUMAN	psvid_86388_sp|P0DMM9|ST1A3_HUMAN	-0.014250380011279873	-1.190462081087322	1.1619613210647624	0.5160106990448006	-0.027616442910309968	0.9786001659761259	1.0	0.8232524072581708	-13.064523414626969
sp|Q9UBQ5|EIF3K_HUMAN	psvid_92222_sp|Q9UBQ5|EIF3K_HUMAN	-0.009833310968116571	-0.8485288613793041	0.8288622394430709	0.36794046246736123	-0.026725277514127305	0.9792905386624782	1.0	0.551086611595992	-12.824492719051053
sp|Q6P1A2|MBOA5_HUMAN	psvid_86564_sp|Q6P1A2|MBOA5_HUMAN	-0.013173683524707158	-1.1417322643086585	1.1153848972592442	0.4951050067352509	-0.026607857617064183	0.9793815035066509	1.0	0.7857074528671733	-13.236989850459986
sp|Q7RTV2|GSTA5_HUMAN	psvid_84544_sp|Q7RTV2|GSTA5_HUMAN	0.0058389542274071005	-0.503991396255897	0.5156693047107112	0.223665446710377	0.026105749963998354	0.9797704883709404	1.0	0.2444835036722299	-11.83020394239959
sp|Q8N5I4|DHRSX_HUMAN	psvid_74942_sp|Q8N5I4|DHRSX_HUMAN	-0.010942956496097445	-0.9665204442199993	0.9446345312278044	0.41921722678051027	-0.02610330825414017	0.9797723799876101	1.0	0.6473371819505451	-12.080119847219517
sp|P20853|CP2A7_HUMAN	psvid_53338_sp|P20853|CP2A7_HUMAN	-0.011414667205127405	-1.0240367939361772	1.0012074595259224	0.4442430312542354	-0.02569464550271114	0.9800889769319779	1.0	0.6933966801679525	-9.088848211859553
sp|P21549|AGT1_HUMAN	psvid_98716_sp|P21549|AGT1_HUMAN	-0.008761727905781225	-0.7906646298615976	0.7731411740500351	0.3430252076682024	-0.02554251906249459	0.9802068324367706	1.0	0.5030643586463617	-9.720163886257403
sp|A2RRP1|NBAS_HUMAN	psvid_48669_sp|A2RRP1|NBAS_HUMAN	-0.010212372984871099	-0.9287518047148406	0.9083270587450984	0.4029684229748645	-0.025342861630396542	0.9803615119611062	1.0	0.6171438993814378	-14.377532488391452
sp|P08962|CD63_HUMAN	psvid_77164_sp|P08962|CD63_HUMAN	0.014774708698030992	-1.3366842054371795	1.3662336228332415	0.5928926386085597	0.02491970339302116	0.9806893459378532	1.0	0.9598880044337622	-14.16879957178184
sp|P26927|HGFL_HUMAN	psvid_26034_sp|P26927|HGFL_HUMAN	-0.005235426843769986	-0.4861151747843818	0.47564432109684185	0.21096465429166852	-0.024816606655500513	0.9807692188056767	1.0	0.20975396244714578	-12.275993516593758
sp|Q6UXH1|CREL2_HUMAN	psvid_44689_sp|Q6UXH1|CREL2_HUMAN	-0.005363469783388641	-0.501399836234644	0.49067289666786673	0.2176139482118681	-0.024646718776347862	0.9809008377464662	1.0	0.22834342080705688	-11.71629135299314
sp|P22413|ENPP1_HUMAN	psvid_25706_sp|P22413|ENPP1_HUMAN	0.00649151591675956	-0.6007603944420732	0.6137434262755923	0.2664048338185116	0.024367110099743565	0.9811174631191236	1.0	0.34587513562524774	-13.035845827754748
sp|P46976|GLYG_HUMAN	psvid_65454_sp|P46976|GLYG_HUMAN	0.00980526370177115	-0.9508839844974484	0.9704945119009907	0.4214597848963708	0.02326500428547906	0.9819713297541797	1.0	0.6514853319315809	-13.526281910952601
sp|Q8IX95|CTGE3_HUMAN	psvid_64301_sp|Q8IX95|CTGE3_HUMAN	0.01354795945172782	-1.3338762680623257	1.3609721869657814	0.5911225988598433	0.02291903486325698	0.9822393778481016	1.0	0.9567631584720194	-13.470649127834411
sp|Q68CK6|ACS2B_HUMAN	psvid_63539_sp|Q68CK6|ACS2B_HUMAN	-0.007773862580621849	-0.78401883438762	0.7684711092263763	0.34054304183991874	-0.022827841492871138	0.982310032492066	1.0	0.4982216772723301	-12.284610205905626
sp|P62829|RL23_HUMAN	psvid_41166_sp|P62829|RL23_HUMAN	0.008138181537931555	-0.8263796453108214	0.8426560083866845	0.36610767160675717	0.02222892927158577	0.9827740607322203	1.0	0.547587159336318	-11.18099609694411
sp|Q9H0U4|RAB1B_HUMAN	psvid_18407_sp|Q9H0U4|RAB1B_HUMAN	-0.006506072598101653	-0.6741699155795898	0.6611577703833865	0.29290788896984654	-0.0222120087682972	0.9827871705864102	1.0	0.4024824866639292	-10.53548902334732
sp|Q68D91|MBLC2_HUMAN	psvid_26960_sp|Q68D91|MBLC2_HUMAN	0.013913153819792079	-1.4363777531299193	1.4642040607695035	0.6362507905922086	0.021867405157708353	0.9830541675642851	1.0	1.0361885280910055	-14.212261151230848
sp|P08865|RSSA_HUMAN	psvid_97390_sp|P08865|RSSA_HUMAN	0.007617461162330308	-0.7877003619405911	0.8029352842652517	0.34891040914376653	0.02183214075218827	0.9830814903585969	1.0	0.5145009371272765	-9.735444029223887
sp|P0C0S5|H2AZ_HUMAN	psvid_48126_sp|P0C0S5|H2AZ_HUMAN	-0.010426294843472128	-1.1013614553494215	1.0805088656624773	0.47859940032073606	-0.021785014432706955	0.9831180037779416	1.0	0.7559146003788949	-11.30025484978848
sp|Q71UI9|H2AV_HUMAN	psvid_48127_sp|Q71UI9|H2AV_HUMAN	-0.010426294843472128	-1.1013614553494215	1.0805088656624773	0.47859940032073606	-0.021785014432706955	0.9831180037779416	1.0	0.7559146003788949	-11.30025484978848
sp|P0DMV8|HS71A_HUMAN,sp|P0DMV9|HS71B_HUMAN	psvid_39363_sp|P0DMV8|HS71A_HUMAN	0.005904257737636698	-0.6131007907096259	0.6249093061848993	0.2715610017051535	0.021741920601866194	0.9831513928662614	1.0	0.35715079075596745	-10.248852927945805
sp|Q86VD7|S2542_HUMAN	psvid_30325_sp|Q86VD7|S2542_HUMAN	0.015619072100136133	-1.63930885800032	1.6705470022005922	0.7260262054004958	0.021513096888176687	0.9833286860003972	1.0	1.1929762504262054	-14.004472110734602
sp|P28331|NDUS1_HUMAN	psvid_83076_sp|P28331|NDUS1_HUMAN	0.005606187370981619	-0.5929028330105585	0.6041152077525217	0.2625692787354195	0.021351269264942255	0.9834540710000826	1.0	0.33738909043654836	-11.144530865829815
sp|P62277|RS13_HUMAN	psvid_32084_sp|P62277|RS13_HUMAN	-0.0052537890713413304	-0.5678519413781457	0.557344363235463	0.24681497861954946	-0.021286346155837375	0.9835043739452046	1.0	0.30149228636318653	-10.171315579713553
sp|P02042|HBD_HUMAN	psvid_33159_sp|P02042|HBD_HUMAN	-0.010592334380476132	-1.1601487896716551	1.1389641209107029	0.5043168925658519	-0.0210033305182079	0.9837236576324803	1.0	0.802275939142753	-10.894429221137006
sp|P02100|HBE_HUMAN	psvid_35318_sp|P02100|HBE_HUMAN	-0.011076499528379191	-1.2370383060061267	1.2148853069493684	0.5378363505345801	-0.020594553561449968	0.9840403851631326	1.0	0.8622507902035248	-13.089125455555166
sp|P69891|HBG1_HUMAN	psvid_1633386_sp|P69891|HBG1_HUMAN	-0.011076499528379191	-1.2370383060061267	1.2148853069493684	0.5378363505345801	-0.020594553561449968	0.9840403851631326	1.0	0.8622507902035248	-13.089125455555166
sp|P69892|HBG2_HUMAN	psvid_35490_sp|P69892|HBG2_HUMAN	-0.011076499528379191	-1.2370383060061267	1.2148853069493684	0.5378363505345801	-0.020594553561449968	0.9840403851631326	1.0	0.8622507902035248	-13.089125455555166
sp|Q9UJZ1|STML2_HUMAN	psvid_24488_sp|Q9UJZ1|STML2_HUMAN	-0.008752928245187253	-0.9780952548951382	0.9605893984047637	0.42525593915683824	-0.020582730161374872	0.9840495461847457	1.0	0.6584974186786069	-11.543057700905479
sp|P0CG47|UBB_HUMAN	psvid_34274_sp|P0CG47|UBB_HUMAN	0.010917811439768332	-1.2043038752325481	1.2261394981120848	0.5331245994751787	0.020478911403668303	0.9841299872709932	1.0	0.853847581042951	-11.007864033316046
sp|P32754|HPPD_HUMAN	psvid_50850_sp|P32754|HPPD_HUMAN	0.004221383883121099	-0.46616872183926616	0.47461148960550836	0.20636278916075365	0.02045612922896047	0.9841476394330613	1.0	0.19623549513890076	-11.525948455178561
sp|P20073|ANXA7_HUMAN	psvid_62835_sp|P20073|ANXA7_HUMAN	-0.011538461430792513	-1.332851690468723	1.309774767607138	0.5796675567410684	-0.019905308304060607	0.984574431146699	1.0	0.9365193740184755	-12.546657835151445
sp|Q08043|ACTN3_HUMAN	psvid_34128_sp|Q08043|ACTN3_HUMAN	-0.005883715496146635	-0.6810285565953355	0.6692611256030422	0.2961898449857032	-0.01986467664490873	0.984605913920153	1.0	0.4092888911462958	-14.091052262207668
sp|P23786|CPT2_HUMAN	psvid_36827_sp|P23786|CPT2_HUMAN	-0.003556883539730382	-0.4213957525639713	0.41428198548451056	0.18330826559201885	-0.019403836091312878	0.9849629906226725	1.0	0.11329092673554615	-10.965862869013577
sp|O95954|FTCD_HUMAN	psvid_61920_sp|O95954|FTCD_HUMAN	0.004633089930917489	-0.5438589059110924	0.5531250857729274	0.24062652831627934	0.019254277420433705	0.9850788751116492	1.0	0.28683973304268023	-10.811523001107156
sp|P0CG48|UBC_HUMAN	psvid_34279_sp|P0CG48|UBC_HUMAN	0.009684848953197989	-1.2039559224826328	1.2233256203890288	0.532431043055392	0.018189865297148753	0.9859036379851513	1.0	0.8526099424969824	-12.587045826168346
sp|O75643|U520_HUMAN	psvid_27287_sp|O75643|U520_HUMAN	0.013779083829319916	-1.7475684456363374	1.7751266132949772	0.7727130831201002	0.017832082994741115	0.9861808707134073	1.0	1.2740316159536191	-14.512229218935833
sp|P05109|S10A8_HUMAN	psvid_25696_sp|P05109|S10A8_HUMAN	0.016346753551416793	-2.1180283185639563	2.15072182566679	0.9363623674024709	0.017457721626258575	0.9864709520815863	1.0	1.5564224611739692	-11.952256950529902
sp|Q9NQ39|RS10L_HUMAN	psvid_44006_sp|Q9NQ39|RS10L_HUMAN	-0.006396780257369006	-0.846790598228628	0.83399703771389	0.3686855020125689	-0.01735023542409577	0.9865542403009051	1.0	0.5525077888222059	-12.035765353644372
sp|Q86U17|SPA11_HUMAN	psvid_60593_sp|Q86U17|SPA11_HUMAN	-0.008805820434350409	-1.198152527004928	1.1805408861362272	0.5217730999467742	-0.016876723685542022	0.9869211540919852	1.0	0.8335673417410072	-14.085259733994961
sp|P02649|APOE_HUMAN	psvid_63525_sp|P02649|APOE_HUMAN	-0.003705646244212879	-0.5069793468319777	0.4995680543435519	0.22078900746657923	-0.01678365370963408	0.986993272349229	1.0	0.23689373930231192	-10.574125676483703
sp|Q9Y6C9|MTCH2_HUMAN	psvid_72512_sp|Q9Y6C9|MTCH2_HUMAN	0.004061309484786335	-0.5619381348206545	0.5700607537902271	0.2483071445793561	0.016355991252955622	0.9873246619327848	1.0	0.3049736901638964	-10.644295552701589
sp|P11940|PABP1_HUMAN	psvid_38730_sp|P11940|PABP1_HUMAN	-0.01077480291075572	-1.5141517657267183	1.4926021599052068	0.6595399423427102	-0.016336846669942725	0.9873394968601759	1.0	1.0769999463298843	-12.62662937792642
sp|P47756|CAPZB_HUMAN	psvid_31859_sp|P47756|CAPZB_HUMAN	0.005184926131320378	-0.7380829496467601	0.7484528019094009	0.32607580404694153	0.01590098396437278	0.9876772434797568	1.0	0.4697487243788276	-12.415059192692052
sp|Q53GQ0|DHB12_HUMAN	psvid_65944_sp|Q53GQ0|DHB12_HUMAN	0.0033913216480856434	-0.4935409562426423	0.5003235995388136	0.21800698960717269	0.015556022557792638	0.9879445532464215	1.0	0.22941233932473423	-10.161962621733196
sp|O95168|NDUB4_HUMAN	psvid_99900_sp|O95168|NDUB4_HUMAN	0.006899034181470753	-1.0106417114297148	1.0244397797926563	0.44640085706429317	0.015454796002950136	0.9880229937665599	1.0	0.6973458437337107	-12.00541777150259
sp|Q9UJ14|GGT7_HUMAN	psvid_63697_sp|Q9UJ14|GGT7_HUMAN	0.012714889210572622	-1.917843297731844	1.9432730761529893	0.8469467517450037	0.015012619369961035	0.9883656383085013	1.0	1.402411815900242	-14.783856322689285
sp|P09382|LEG1_HUMAN	psvid_79765_sp|P09382|LEG1_HUMAN	0.007942848346408127	-1.2170104201916234	1.2328961168844397	0.5373938992591762	0.01478030985717875	0.9885456569543428	1.0	0.8614620510710139	-11.208602241985043
sp|Q9NRK6|ABCBA_HUMAN	psvid_34336_sp|Q9NRK6|ABCBA_HUMAN	-0.0098097011606888	-1.527536870761468	1.5079174684400904	0.6658354588961474	-0.014732920918558127	0.9885823791368659	1.0	1.0880138427910988	-15.665955285943085
sp|B5ME19|EIFCL_HUMAN	psvid_30063_sp|B5ME19|EIFCL_HUMAN	-0.005935251234409744	-0.9532368243730626	0.9413663219042431	0.41558653643245247	-0.014281625399513954	0.9889320941603035	1.0	0.6406119654009959	-12.818714857784501
sp|Q15436|SC23A_HUMAN	psvid_53264_sp|Q15436|SC23A_HUMAN	-0.005712958679779501	-0.924621297204506	0.913195379844947	0.4031302644638335	-0.014171495378492067	0.9890174357935366	1.0	0.6174458853610323	-11.175662706428962
sp|P41091|IF2G_HUMAN	psvid_50686_sp|P41091|IF2G_HUMAN	-0.0037423399067790797	-0.628343634191915	0.6208589543783568	0.27401610627874834	-0.013657372034080763	0.9894158406983858	1.0	0.36247008192127794	-11.540028149801273
sp|P10768|ESTD_HUMAN	psvid_77018_sp|P10768|ESTD_HUMAN	-0.002810293077824433	-0.4854500696380754	0.47982948348242654	0.2117367887616181	-0.01327257815829244	0.9897140275503162	1.0	0.21196570308712961	-13.202478391572875
sp|P33261|CP2CJ_HUMAN	psvid_356276_sp|P33261|CP2CJ_HUMAN	-0.004354258888703111	-0.7844124906352011	0.7757039728577949	0.34221594045606135	-0.0127237173198312	0.990139357118998	1.0	0.501486766575321	-9.717960151748866
sp|P46776|RL27A_HUMAN	psvid_89445_sp|P46776|RL27A_HUMAN	0.002551895953314176	-0.506128228920354	0.5112320208269824	0.2231608362560307	0.011435232078026476	0.9911378577372758	1.0	0.24316214114891865	-11.151791875010517
sp|P09429|HMGB1_HUMAN	psvid_6810_sp|P09429|HMGB1_HUMAN	-0.004489125082022927	-0.9520558592920604	0.9430776091280145	0.4157028640881623	-0.010798879367525533	0.9916310000031955	1.0	0.6408276248353394	-11.553588611565957
sp|P40429|RL13A_HUMAN	psvid_40434_sp|P40429|RL13A_HUMAN	0.0019282913199334395	-0.409945209771545	0.4138017924114119	0.18069122507607419	0.010671748554040713	0.9917295206341606	1.0	0.10056088995762473	-10.064011405839125
sp|Q9H488|OFUT1_HUMAN	psvid_38200_sp|Q9H488|OFUT1_HUMAN	0.002358525023320013	-0.544884682224635	0.5496017322712751	0.24007867772544786	0.009823967066401474	0.9923865166765795	1.0	0.2855248121792567	-11.479254032049255
sp|P51571|SSRD_HUMAN	psvid_89039_sp|P51571|SSRD_HUMAN	0.002080518372785889	-0.48214410141851916	0.48630513816409093	0.212432068414749	0.009793805560109305	0.9924098907282961	1.0	0.21394454721818257	-11.159710216011536
sp|P26373|RL13_HUMAN	psvid_30483_sp|P26373|RL13_HUMAN	0.001960715993309492	-0.46273290528838135	0.46665433727500033	0.20386370934744072	0.009617778463786726	0.9925463053698228	1.0	0.1886228728388774	-10.864764087779097
sp|P61619|S61A1_HUMAN	psvid_60555_sp|P61619|S61A1_HUMAN	0.0031791556009110877	-0.7893855155605789	0.7957438267624011	0.34770258587812913	0.009143318830609422	0.9929139957190238	1.0	0.5121588675986058	-11.728320024940302
sp|P35579|MYH9_HUMAN	psvid_24900_sp|P35579|MYH9_HUMAN	0.002407747712198649	-0.6379436563739085	0.6427591517983058	0.2809257681712431	0.008570761336250812	0.9933577109932376	1.0	0.377283276519963	-11.332922538525786
sp|P62937|PPIA_HUMAN	psvid_85825_sp|P62937|PPIA_HUMAN	0.0014455867000142675	-0.38747814522656976	0.3903693186265983	0.17062303206382973	0.008472400721805697	0.9934339378353323	1.0	0.002044368316746344	-9.966505635317773
sp|P12109|CO6A1_HUMAN	psvid_27181_sp|P12109|CO6A1_HUMAN	-0.0023564648767759877	-0.649833500982402	0.64512057122885	0.28405182307799515	-0.00829589773880433	0.9935707230977014	1.0	0.3839140160728041	-14.324134055135348
sp|Q13217|DNJC3_HUMAN	psvid_67334_sp|Q13217|DNJC3_HUMAN	0.0015160507122988776	-0.4461889240846144	0.44922102550921217	0.19641069443489115	0.0077187788407389315	0.9940179769041999	1.0	0.164478150620344	-10.613491249533238
sp|P01011|AACT_HUMAN	psvid_50388_sp|P01011|AACT_HUMAN	0.001521105549322943	-0.4500271581674265	0.4530693692660724	0.1980967669338652	0.007678598560019739	0.9940491157777903	1.0	0.1701586838292008	-10.215946798934059
sp|Q9H2A2|AL8A1_HUMAN	psvid_24222_sp|Q9H2A2|AL8A1_HUMAN	-0.007631085604354659	-2.333199774120205	2.3179376029114955	1.0202400839406227	-0.007479695930863645	0.9942032612944395	1.0	1.700429129653275	-13.560932073374055
sp|Q15392|DHC24_HUMAN	psvid_81984_sp|Q15392|DHC24_HUMAN	0.0025618715115163226	-0.7799884679182001	0.7851122109412327	0.34330924213511793	0.0074622853016815495	0.9942167541923755	1.0	0.5036177671966462	-9.721053347524482
sp|TRFL_HUMAN|,sp|P02788|TRFL_HUMAN	psvid_28989_sp|TRFL_HUMAN|	0.007194299563562545	-2.311614081654815	2.32600268078194	1.017274299047363	0.007072133416031173	0.9945191147967896	1.0	1.6953436363003562	-13.470270969110446
sp|Q8N0U8|VKORL_HUMAN	psvid_95269_sp|Q8N0U8|VKORL_HUMAN	0.0016242388506526595	-0.5470827223839311	0.5503312000852364	0.24072083484493484	0.006747396218108605	0.9947707809223769	1.0	0.28706577618841667	-12.725708047863252
sp|Q8NBX0|SCPDL_HUMAN	psvid_92466_sp|Q8NBX0|SCPDL_HUMAN	0.0013125997289091806	-0.47245733776787946	0.4750825372256978	0.20784554039929956	0.00631526529935402	0.9951056764107998	1.0	0.20065776035409386	-10.155765315989825
sp|P37837|TALDO_HUMAN	psvid_75681_sp|P37837|TALDO_HUMAN	0.001615522662541835	-0.6751054596973898	0.6783365050224734	0.29688130703543897	0.005441644941117795	0.9957827231563059	1.0	0.4107180779112052	-13.119903840718045
sp|Q9Y281|COF2_HUMAN	psvid_66580_sp|Q9Y281|COF2_HUMAN	-0.0018193141366267263	-0.7940740023806723	0.7904353741074188	0.3475665946260645	-0.005234433241733334	0.9959433106298768	1.0	0.5118950082259818	-12.454540913337121
sp|O00330|ODPX_HUMAN	psvid_56029_sp|O00330|ODPX_HUMAN	0.0027772525690417105	-1.21836776927062	1.2239222744087035	0.5357231999801578	0.005184118532004167	0.9959823041726387	1.0	0.8584831081572298	-14.069853886098219
sp|Q9P0J0|NDUAD_HUMAN	psvid_50395_sp|Q9P0J0|NDUAD_HUMAN	0.0015224773794497715	-0.7088089290002896	0.7118538837591891	0.31162638938565435	0.004885585532249723	0.9962136653574806	1.0	0.4408297995697509	-11.64990423335269
sp|O75795|UDB17_HUMAN	psvid_32011_sp|O75795|UDB17_HUMAN	0.0011124845158390073	-0.5374952921254176	0.5397202611570956	0.23629026567357078	0.0047081267299258	0.9963511949858557	1.0	0.27634580502425926	-10.261351402196741
sp|Q9H936|GHC1_HUMAN	psvid_58898_sp|Q9H936|GHC1_HUMAN	0.0018430716150046322	-0.9085610341350869	0.9122471773650962	0.39939940963994036	0.004614607759851639	0.9964236717424193	1.0	0.6104775419610773	-12.81463377970011
sp|P28838|AMPL_HUMAN	psvid_55206_sp|P28838|AMPL_HUMAN	0.0010109780180349581	-0.5056059046942923	0.5076278607303623	0.2222556802972877	0.004548716220357926	0.9964747373928322	1.0	0.24078132157520296	-11.939443812685758
sp|P21980|TGM2_HUMAN	psvid_36987_sp|P21980|TGM2_HUMAN	-0.0010815284079570553	-0.5437541255723992	0.5415910687564851	0.23807352533485604	-0.004542833590739919	0.9964792964054899	1.0	0.28068568530545296	-12.014155090762543
sp|P00736|C1R_HUMAN	psvid_68503_sp|P00736|C1R_HUMAN	0.0007642034404837794	-0.4285408099479101	0.43006921682887767	0.1883385277151404	0.004057605471141982	0.9968553465635535	1.0	0.13482370235880514	-12.168966681587026
sp|P36537|UDB10_HUMAN	psvid_65573_sp|P36537|UDB10_HUMAN	0.0007010076744462523	-0.43023255911283487	0.43163457446172737	0.18905298326512582	0.003707995834496655	0.99712629337234	1.0	0.13765165086425812	-10.08956957430363
sp|P12814|ACTN1_HUMAN	psvid_44478_sp|P12814|ACTN1_HUMAN	-0.0011839399223330105	-0.8049252468975381	0.8025573670528721	0.35260583896932707	-0.00335768666166643	0.997397782713714	1.0	0.5216510125928718	-12.112819397282756
sp|P09601|HMOX1_HUMAN	psvid_49595_sp|P09601|HMOX1_HUMAN	-0.0008791961654881497	-0.6327907180691088	0.6310323257381325	0.27722314431462236	-0.0031714385451538786	0.9975421250093064	1.0	0.3693733926118071	-11.039020952602304
sp|P62280|RS11_HUMAN	psvid_42815_sp|P62280|RS11_HUMAN	0.000834534743922255	-0.6023889891649025	0.604058058652747	0.2646375579903681	0.0031535007738872395	0.997556026787663	1.0	0.3419759809627857	-10.252227822155866
sp|Q15287|RNPS1_HUMAN	psvid_60270_sp|Q15287|RNPS1_HUMAN	-0.0011200121560110965	-0.9746977648246739	0.9724577405126517	0.42711404441005807	-0.002622278922150848	0.9979677242658088	1.0	0.6619252297242488	-13.84824986578538
sp|O43676|NDUB3_HUMAN	psvid_107485_sp|O43676|NDUB3_HUMAN	0.0006473088650382763	-0.6049155425206976	0.6062101602507741	0.2656638341322831	0.0024365712674159446	0.9981116480457733	1.0	0.344242482308677	-11.984649846432088
sp|Q99470|SDF2_HUMAN	psvid_104963_sp|Q99470|SDF2_HUMAN	-0.0008671767224175397	-0.8583727332244466	0.8566383797796115	0.376192518099092	-0.0023051408007777516	0.9982135069476562	1.0	0.566784896023647	-13.236401491670243
sp|P46977|STT3A_HUMAN	psvid_87075_sp|P46977|STT3A_HUMAN	0.0004237607996957493	-0.4928171093523917	0.4936646309517832	0.2163875482379594	0.001958341887721485	0.9984822770313841	1.0	0.22498806285326892	-12.387278012781987
sp|O60488|ACSL4_HUMAN	psvid_50204_sp|O60488|ACSL4_HUMAN	0.0015418614509372652	-1.830057698889639	1.8331414217915136	0.8035330448055011	0.0019188525735248135	0.998512881368943	1.0	1.3273989211400608	-13.539562306122226
sp|A5A3E0|POTEF_HUMAN	psvid_32631_sp|A5A3E0|POTEF_HUMAN	0.00038699525502572385	-0.4835115514622932	0.48428554197234464	0.21228901832037114	0.001822964080231879	0.998587195251012	1.0	0.2135383802721652	-12.900329875749742
sp|Q9HAV0|GBB4_HUMAN	psvid_70096_sp|Q9HAV0|GBB4_HUMAN	0.0005337603733455154	-0.753444842898895	0.754512363645586	0.33077466053381693	0.0016136676627046106	0.9987494006782376	1.0	0.47904519666605067	-12.34697985112571
sp|Q13595|TRA2A_HUMAN	psvid_37594_sp|Q13595|TRA2A_HUMAN	0.0009378292767472374	-1.3277371234614959	1.3296127820149903	0.5828971863981256	0.0016089102823472698	0.9987530876647497	1.0	0.9422306382888873	-14.485543702463152
sp|P14780|MMP9_HUMAN	psvid_46749_sp|P14780|MMP9_HUMAN	-0.0010877381797609331	-1.6711275554759581	1.6689520791164363	0.7326558754408693	-0.0014846508657374734	0.9988493891606158	1.0	1.2045035871260026	-15.707176562412172
sp|P13804|ETFA_HUMAN	psvid_52406_sp|P13804|ETFA_HUMAN	0.0003426808044455498	-0.6199091107334046	0.6205944723422957	0.2721079549220913	0.0012593560689677912	0.9990239934898135	1.0	0.3583385077058013	-12.401864588013783
sp|Q00341|VIGLN_HUMAN	psvid_61789_sp|Q00341|VIGLN_HUMAN	0.0006011756932529089	-1.2824982144388346	1.2837005658253404	0.5629029303486001	0.0010679917634832828	0.9991723016023278	1.0	0.9068230812796144	-11.810456646840345
sp|P24557|THAS_HUMAN	psvid_24249_sp|P24557|THAS_HUMAN	0.0001983816115775916	-0.5866797695162081	0.5870765327393633	0.25746675087530907	0.0007705135164177671	0.9994028485147142	1.0	0.32595741855067145	-12.655309570830426
sp|Q9NRW7|VPS45_HUMAN	psvid_40083_sp|Q9NRW7|VPS45_HUMAN	-0.0004267791744352323	-1.6427932646400378	1.6419397062911674	0.7205154288786219	-0.0005923248237715775	0.999540945542504	1.0	1.1833897125097161	-15.500119093071962
sp|P05556|ITB1_HUMAN	psvid_33130_sp|P05556|ITB1_HUMAN	-0.00011071370202975217	-0.44182733080197917	0.44160590339791966	0.19378356817988643	-0.0005713265736080279	0.9995572192807598	1.0	0.15531762309281671	-11.2949290554931
sp|Q13576|IQGA2_HUMAN	psvid_42335_sp|Q13576|IQGA2_HUMAN	-9.382993071627155e-05	-0.8878297111120287	0.8876420512505961	0.389454731827996	-0.000240926410820223	0.9998132809154644	1.0	0.5918308006067388	-11.905134492293403
sp|P50226|ST1A2_HUMAN	psvid_37719_sp|P50226|ST1A2_HUMAN	7.300364330342646e-05	-0.791338028627881	0.7914840359144879	0.34719647799832554	0.0002102660825487364	0.9998370428114967	1.0	0.5111767169004569	-11.975464399280568
sp|P01009|A1AT_HUMAN	psvid_25500_sp|P01009|A1AT_HUMAN	1.3322676295501878e-15	-1.1257593165079123	1.125759316507915	0.4938769537286638	2.6975699503527275e-15	0.9999999999999979	1.0	0.7834955924306684	-9.319542637573235
sp|P02675|FIBB_HUMAN	psvid_42040_sp|P02675|FIBB_HUMAN	1.3322676295501878e-15	-1.1257593165079123	1.125759316507915	0.4938769537286638	2.6975699503527275e-15	0.9999999999999979	1.0	0.7834955924306684	-9.319542637573235
sp|P30050|RL12_HUMAN	psvid_109445_sp|P30050|RL12_HUMAN	8.881784197001252e-16	-0.778320661663689	0.7783206616636907	0.3414536586727319	2.6011682614635696e-15	0.999999999999998	1.0	0.4999996393265098	-9.715783022304514
sp|P49326|FMO5_HUMAN	psvid_67434_sp|P49326|FMO5_HUMAN	8.881784197001252e-16	-0.778320661663689	0.7783206616636907	0.3414536586727319	2.6011682614635696e-15	0.999999999999998	1.0	0.4999996393265098	-9.715783022304514
sp|Q02928|CP4AB_HUMAN	psvid_28839_sp|Q02928|CP4AB_HUMAN	8.881784197001252e-16	-0.778320661663689	0.7783206616636907	0.3414536586727319	2.6011682614635696e-15	0.999999999999998	1.0	0.4999996393265098	-9.715783022304514
sp|P00325|ADH1B_HUMAN	psvid_162542_sp|P00325|ADH1B_HUMAN	-4.440892098500626e-16	-0.5988565646807515	0.5988565646807507	0.2627217483772543	-1.6903404936707957e-15	0.9999999999999987	1.0	0.3377281184338596	-8.673302433178705
sp|P08319|ADH4_HUMAN	psvid_56289_sp|P08319|ADH4_HUMAN	4.440892098500626e-16	-0.7783206616636894	0.7783206616636903	0.3414536586727319	1.3005841307317848e-15	0.999999999999999	1.0	0.49999963932650976	-9.715783022304514
sp|P18859|ATP5J_HUMAN	psvid_60821_sp|P18859|ATP5J_HUMAN	4.440892098500626e-16	-0.7783206616636894	0.7783206616636903	0.3414536586727319	1.3005841307317848e-15	0.999999999999999	1.0	0.4999996393265098	-9.715783022304514
sp|P23396|RS3_HUMAN	psvid_64401_sp|P23396|RS3_HUMAN	4.440892098500626e-16	-0.7783206616636894	0.7783206616636903	0.3414536586727319	1.3005841307317848e-15	0.999999999999999	1.0	0.49999963932650976	-9.215783382978003
sp|P51648|AL3A2_HUMAN	psvid_73585_sp|P51648|AL3A2_HUMAN	4.440892098500626e-16	-0.87022566785009	0.8702256678500909	0.38177290260184443	1.1632287331644609e-15	0.9999999999999991	1.0	0.5773498527197525	-9.465783202641258
sp|P20815|CP3A5_HUMAN	psvid_41984_sp|P20815|CP3A5_HUMAN	-4.440892098500626e-16	-0.9687979062629898	0.9687979062629889	0.4250170988662738	-1.0448737498671543e-15	0.9999999999999992	1.0	0.6580566013124176	-9.069542817909982
sp|P35504|UD15_HUMAN	psvid_62829_sp|P35504|UD15_HUMAN	-4.440892098500626e-16	-1.0805869500985978	1.080586950098597	0.4740595821219583	-9.367793133982356e-16	0.9999999999999992	1.0	0.747694590554608	-8.92330225284196
sp|Q9HAW8|UD110_HUMAN	psvid_42124_sp|Q9HAW8|UD110_HUMAN	-4.440892098500626e-16	-0.96879790626299	0.9687979062629891	0.42501709886627387	-1.0448737498671543e-15	0.9999999999999992	1.0	0.6580566013124176	-9.06954281790998
sp|O60656|UD19_HUMAN	psvid_62814_sp|O60656|UD19_HUMAN	0.0	-0.7642379585554958	0.7642379585554958	0.3352754974891188	0.0	1.0	1.0	0.48790506890883917	-8.569543088415132
sp|P02679|FIBG_HUMAN	psvid_40573_sp|P02679|FIBG_HUMAN	0.0	-0.8702256678500905	0.8702256678500905	0.38177290260184443	0.0	1.0	1.0	0.5773498527197525	-9.465783202641258
sp|P16662|UD2B7_HUMAN	psvid_160990_sp|P16662|UD2B7_HUMAN	0.0	-0.8702256678500905	0.8702256678500905	0.38177290260184443	0.0	1.0	1.0	0.5773498527197525	-9.465783202641258
sp|P20813|CP2B6_HUMAN	psvid_58442_sp|P20813|CP2B6_HUMAN	0.0	-0.7642379585554958	0.7642379585554958	0.3352754974891188	0.0	1.0	1.0	0.48790506890883917	-8.569543088415132
sp|P22309|UD11_HUMAN	psvid_62824_sp|P22309|UD11_HUMAN	0.0	-0.7642379585554958	0.7642379585554958	0.3352754974891188	0.0	1.0	1.0	0.48790506890883917	-8.569543088415132
sp|P22310|UD14_HUMAN	psvid_62822_sp|P22310|UD14_HUMAN	0.0	-0.7642379585554958	0.7642379585554958	0.3352754974891188	0.0	1.0	1.0	0.48790506890883917	-8.569543088415132
sp|P27338|AOFB_HUMAN	psvid_86668_sp|P27338|AOFB_HUMAN	0.0	-0.8702256678500905	0.8702256678500905	0.38177290260184443	0.0	1.0	1.0	0.5773498527197525	-9.465783202641258
sp|P31513|FMO3_HUMAN	psvid_72482_sp|P31513|FMO3_HUMAN	0.0	-0.44537675608742977	0.44537675608742977	0.19538929177182401	0.0	1.0	1.0	0.16096401137631355	-7.8853019183002155
sp|P68371|TBB4B_HUMAN	psvid_40982_sp|P68371|TBB4B_HUMAN	0.0	-0.5988565646807511	0.5988565646807511	0.2627217483772543	0.0	1.0	1.0	0.3377281184338596	-8.673302433178705
sp|Q14697|GANAB_HUMAN	psvid_54848_sp|Q14697|GANAB_HUMAN	0.0	-0.7783206616636899	0.7783206616636899	0.3414536586727319	0.0	1.0	1.0	0.4999996393265098	-9.215783382978003
sp|Q9HDC9|APMAP_HUMAN	psvid_40265_sp|Q9HDC9|APMAP_HUMAN	0.0	-0.7783206616636899	0.7783206616636899	0.3414536586727319	0.0	1.0	1.0	0.49999963932650976	-9.715783022304514
