feature	first_member_id	log2fc	ci_low	ci_high	se	t	p	q	residual_sd	mean_log2_abundance
sp|Q9H0C2|ADT4_HUMAN	psvid_79092_sp|Q9H0C2|ADT4_HUMAN	0.5879780877509253	0.27675773060827225	0.8991984448935784	0.131439966743534	4.473358464082615	0.002936429936334384	1.0	0.08673199292104178	-12.91149904797934
sp|Q8N8J7|F241A_HUMAN	psvid_81790_sp|Q8N8J7|F241A_HUMAN	-1.248250367505236	-1.9118171394345578	-0.5846835955759143	0.2802490018174675	-4.454076051690096	0.003005029914955644	1.0	0.4218291780555485	-13.910984148657356
sp|Q08722|CD47_HUMAN	psvid_40342_sp|Q08722|CD47_HUMAN	1.2276211217864592	0.5699053857734092	1.8853368577995093	0.2777778910800119	4.419434235796873	0.003132756689122172	1.0	0.41725770829981873	-15.04390687069981
sp|P61966|AP1S1_HUMAN	psvid_87408_sp|P61966|AP1S1_HUMAN	-1.4521216731816393	-2.274900634539594	-0.6293427118236848	0.34749024874551643	-4.178884669207212	0.004203377817398032	1.0	0.5434673156092394	-13.569891439918516
sp|O00168|PLM_HUMAN	psvid_36643_sp|O00168|PLM_HUMAN	1.204219514435962	0.4553383662691436	1.9531006626027803	0.3162804455133627	3.807442197323844	0.006732262321900123	1.0	0.48757554975703327	-12.743770359923776
sp|O75452|RDH16_HUMAN	psvid_59530_sp|O75452|RDH16_HUMAN	-0.7499994589897652	-1.2325484731170477	-0.26745044486248254	0.20379844991933696	-3.680103844198096	0.007949927483781125	1.0	0.27386108120357655	-9.19454272774161
sp|P56134|ATPK_HUMAN	psvid_86283_sp|P56134|ATPK_HUMAN	0.858438115505344	0.2827969756318648	1.434079255378823	0.24311472737787215	3.531000054024195	0.009688023244329458	1.0	0.3519625243103041	-11.056189082180017
sp|Q13418|ILK_HUMAN	psvid_43230_sp|Q13418|ILK_HUMAN	-0.8893769918311403	-1.4905726744957657	-0.28818130916651497	0.25390736409821	-3.5027617059863374	0.010061383778373291	1.0	0.3725578238111432	-14.391887540350538
sp|Q5UCC4|EMC10_HUMAN	psvid_107450_sp|Q5UCC4|EMC10_HUMAN	-0.6683748484772325	-1.1242087806391432	-0.21254091631532185	0.19251567421238103	-3.471794445889581	0.010488782291391724	1.0	0.25012258501175	-15.189833058394349
sp|P06756|ITAV_HUMAN	psvid_73598_sp|P06756|ITAV_HUMAN	-0.7260417403792725	-1.2366421536221344	-0.21544132713641073	0.21564560220947873	-3.366828411710402	0.01208956389702637	1.0	0.29803175742330285	-14.935728668191167
sp|Q16878|CDO1_HUMAN	psvid_51126_sp|Q16878|CDO1_HUMAN	0.8300493277492116	0.24530843740847597	1.4147902180899472	0.2469578914619054	3.361096593575554	0.012184245473668231	1.0	0.35932828518793536	-14.800793284744476
sp|Q6P4E1|GOLM2_HUMAN	psvid_73679_sp|Q6P4E1|GOLM2_HUMAN	-1.121382933636938	-1.9255111768627335	-0.3172546904111425	0.33961335472244863	-3.3019400387048856	0.013209370711278088	1.0	0.5294348968910977	-14.553585283361322
sp|P20648|ATP4A_HUMAN	psvid_31806_sp|P20648|ATP4A_HUMAN	0.5981549081437252	0.1659717416313629	1.0303380746560875	0.1825270735984088	3.277074991405218	0.013667581734769627	1.0	0.2283429704606829	-15.231325694311451
sp|Q9Y2D2|S35A3_HUMAN	psvid_58610_sp|Q9Y2D2|S35A3_HUMAN	-1.2900038178809852	-2.2248916064734416	-0.3551160292885289	0.3948379886512489	-3.2671724984913117	0.013854787521623002	1.0	0.6269990938979961	-14.939240148320401
sp|P11279|LAMP1_HUMAN	psvid_34906_sp|P11279|LAMP1_HUMAN	0.40018129390428303	0.10785382660439174	0.6925087612041743	0.12346079457298216	3.2413633436298785	0.01435575171256278	1.0	0.04318194019532668	-12.593240392087804
sp|O95197|RTN3_HUMAN	psvid_52886_sp|O95197|RTN3_HUMAN	0.5268831059481509	0.14013438582404775	0.913631826072254	0.16333841197899446	3.2257146348154087	0.014668925332388616	1.0	0.18351838142167123	-14.680596306271706
sp|O75521|ECI2_HUMAN	psvid_38263_sp|O75521|ECI2_HUMAN	-0.4426355725979034	-0.7755660486508008	-0.10970509654500604	0.14060895984462699	-3.1479898086652236	0.0163365670512171	1.0	0.1202548728640855	-12.513031188653677
sp|O15269|SPTC1_HUMAN	psvid_86951_sp|O15269|SPTC1_HUMAN	-0.7434818313858282	-1.3110784266438387	-0.1758852361278178	0.2397172160889836	-3.1014953515472414	0.017430063880279976	1.0	0.34541914916072225	-14.109334831919973
sp|O75348|VATG1_HUMAN	psvid_99175_sp|O75348|VATG1_HUMAN	0.7834267423881687	0.18485163273070804	1.3820018520456294	0.2528005983580986	3.098990854754325	0.017491140685491725	1.0	0.3704582522907476	-12.521455452443941
sp|Q14678|KANK1_HUMAN	psvid_34616_sp|Q14678|KANK1_HUMAN	1.216406662441651	0.2802083681893114	2.1526049566939904	0.3953914640791861	3.0764616157672995	0.018050921433661205	1.0	0.6279685641131382	-15.822123140563525
sp|Q8WVM8|SCFD1_HUMAN	psvid_86181_sp|Q8WVM8|SCFD1_HUMAN	-0.5589437110584767	-0.9976873411115079	-0.12020008100544555	0.1852978020864956	-3.016461635079547	0.01963681201663694	1.0	0.2344685384458555	-12.921625576985944
sp|Q86VP6|CAND1_HUMAN	psvid_33136_sp|Q86VP6|CAND1_HUMAN	-0.5862777458326853	-1.049416976655227	-0.12313851501014367	0.19560097435733523	-2.997315058163458	0.02017354021568148	1.0	0.25669497739788116	-15.016572751700354
sp|O15245|S22A1_HUMAN	psvid_56180_sp|O15245|S22A1_HUMAN	-0.5549250252408595	-0.9949740242457676	-0.11487602623595145	0.18584910809101923	-2.985890171552968	0.02050120888421628	1.0	0.23567919142779875	-14.350749500721578
sp|O75083|WDR1_HUMAN	psvid_95037_sp|O75083|WDR1_HUMAN	-1.0427891243891656	-1.8715382227668007	-0.2140400260115305	0.35001166032194964	-2.9792982423213603	0.02069283149914835	1.0	0.5479497490632514	-15.21383493689165
sp|P36956|SRBP1_HUMAN	psvid_64569_sp|P36956|SRBP1_HUMAN	-1.2493739930092587	-2.242871058604549	-0.2558769274139683	0.4195908727197677	-2.9776005014381677	0.02074249056275731	1.0	0.6702284001698163	-15.931955895132322
sp|O14561|ACPM_HUMAN	psvid_87262_sp|O14561|ACPM_HUMAN	1.581876969758241	0.3159041661876809	2.847849773328801	0.5346675414399739	2.958617920769809	0.021306415680494736	1.0	0.868721026739694	-12.52404017721433
sp|Q5HYI8|RABL3_HUMAN	psvid_64949_sp|Q5HYI8|RABL3_HUMAN	-0.5908481754607067	-1.0643920057824594	-0.11730434513895399	0.19999522486431356	-2.9543114134928303	0.0214365982492921	1.0	0.26594723855613916	-12.668696896425534
sp|P30273|FCERG_HUMAN	psvid_67242_sp|P30273|FCERG_HUMAN	0.6853412223519353	0.1291403306599811	1.2415421140438894	0.2349043853619273	2.9175326858883484	0.022583306099965315	1.0	0.3360954473979575	-12.363947009462315
sp|P07148|FABPL_HUMAN	psvid_73804_sp|P07148|FABPL_HUMAN	-0.7880006050468795	-1.4348406689536468	-0.14116054114011223	0.27318468903793547	-2.8844976920996284	0.023668645916240728	1.0	0.4087350146214499	-8.029302220823672
sp|Q9H0U3|MAGT1_HUMAN	psvid_56110_sp|Q9H0U3|MAGT1_HUMAN	-0.45396058244541626	-0.8271321568628356	-0.08078900802799693	0.1576042768583261	-2.880382382347982	0.02380766171508201	1.0	0.16899613328212393	-12.46251407723904
sp|Q9BXR6|FHR5_HUMAN	psvid_81273_sp|Q9BXR6|FHR5_HUMAN	0.8759051625627126	0.14580975711645305	1.6060005680089722	0.3083465255695878	2.840651961116513	0.025194919090576574	1.0	0.4732276090860972	-15.787335592975595
sp|P54707|AT12A_HUMAN	psvid_41279_sp|P54707|AT12A_HUMAN	0.7394648205188559	0.1194846111223592	1.3594450299153524	0.2618407704846003	2.82410114800035	0.025797723997952868	1.0	0.3875321676417431	-15.826169353515102
sp|Q02325|PLGB_HUMAN	psvid_44984_sp|Q02325|PLGB_HUMAN	-1.1609391216334681	-2.1468560021623126	-0.1750222411046235	0.4163894777911359	-2.788108690430943	0.027161617810163644	1.0	0.664651297470174	-12.494638120824114
sp|Q02809|PLOD1_HUMAN	psvid_38014_sp|Q02809|PLOD1_HUMAN	-0.6031566348550181	-1.1181421490947763	-0.08817112061525989	0.21749759394450177	-2.7731646310024187	0.027749982586177963	1.0	0.30175217052025777	-15.506033686825774
sp|Q8N1S5|S39AB_HUMAN	psvid_89442_sp|Q8N1S5|S39AB_HUMAN	0.5103307753561417	0.062030161718171994	0.9586313889941114	0.1893340727729823	2.6953984979134993	0.031035027433162974	1.0	0.24327309260386396	-13.588981635604721
sp|Q15800|MSMO1_HUMAN	psvid_105695_sp|Q15800|MSMO1_HUMAN	-0.7291045367046243	-1.376142331621399	-0.08206674178784967	0.27326819821971954	-2.6680914261321855	0.032282996966300104	1.0	0.40889027051226273	-12.749523620427922
sp|P30046|DOPD_HUMAN	psvid_99364_sp|P30046|DOPD_HUMAN	0.4986500544932828	0.051442771966140555	0.9458573370204251	0.1888723182587011	2.640143664728437	0.033614589850833335	1.0	0.24227257351524267	-10.73193914026679
sp|Q9Y282|ERGI3_HUMAN	psvid_49848_sp|Q9Y282|ERGI3_HUMAN	-0.466866367991138	-0.8862478109357917	-0.04748492504648427	0.17712042817377083	-2.6358696893680764	0.033823220102679775	1.0	0.21617462796793194	-12.785514258989199
sp|P62266|RS23_HUMAN	psvid_40300_sp|P62266|RS23_HUMAN	0.6091716756429939	0.057010540473314775	1.161332810812673	0.23319824548144244	2.612248108408135	0.03500085845900333	1.0	0.332773981349626	-10.709432573016727
sp|P11766|ADHX_HUMAN	psvid_81665_sp|P11766|ADHX_HUMAN	0.4428239654974657	0.03554295813317715	0.8501049728617542	0.17200996282739103	2.574408820388106	0.036976955601195516	1.0	0.2043728198765683	-13.056040437747704
sp|Q8WU67|ABHD3_HUMAN	psvid_41702_sp|Q8WU67|ABHD3_HUMAN	-0.9514649831647302	-1.831066503953611	-0.0718634623758494	0.3714885353307992	-2.561223006027574	0.03769248426881419	1.0	0.5859637062787839	-14.795049624982802
sp|Q9H078|CLPB_HUMAN	psvid_39230_sp|Q9H078|CLPB_HUMAN	-0.973302878895348	-1.8741917853452676	-0.07241397244542824	0.380478992410897	-2.558098865664133	0.03786411030134992	1.0	0.6017968591220296	-14.700479968305505
sp|Q14195|DPYL3_HUMAN	psvid_62000_sp|Q14195|DPYL3_HUMAN	-0.8161953104750697	-1.5767102548987437	-0.05568036605139559	0.3211938316656742	-2.5411300903332257	0.0388105466247399	1.0	0.4964299971827894	-16.239398229710286
sp|Q9HBR0|S38AA_HUMAN	psvid_26541_sp|Q9HBR0|S38AA_HUMAN	-0.5025787833986843	-0.9714317329493307	-0.0337258338480379	0.19801409092367783	-2.538096056974033	0.03898233606694594	1.0	0.2617909663050742	-15.311328619957372
sp|P62826|RAN_HUMAN	psvid_87118_sp|P62826|RAN_HUMAN	-0.7879683118734087	-1.5272105552413442	-0.04872606850547301	0.31220957644219677	-2.5238441461429515	0.039799884916251825	1.0	0.48022166872533334	-13.350523296679883
sp|A6NHQ2|FBLL1_HUMAN	psvid_42411_sp|A6NHQ2|FBLL1_HUMAN	0.5823467218553664	0.03341879175615314	1.1312746519545795	0.23183274236706145	2.511926123590149	0.04049716070611884	1.0	0.33010925263801544	-15.166003117073359
sp|P55899|FCGRN_HUMAN	psvid_66619_sp|P55899|FCGRN_HUMAN	-0.48142869135579947	-0.936732830254597	-0.02612455245700196	0.1922919227536915	-2.503634497287054	0.04098970797016029	1.0	0.24964333920777498	-12.599855116670923
sp|Q96RQ1|ERGI2_HUMAN	psvid_42509_sp|Q96RQ1|ERGI2_HUMAN	0.6616333671707868	0.03456708927931207	1.2886996450622616	0.2648334815523259	2.498299547672793	0.041309887471818525	1.0	0.3931484499179657	-14.154402115912053
sp|Q9BW72|HIG2A_HUMAN	psvid_84413_sp|Q9BW72|HIG2A_HUMAN	0.490704157482325	0.019652899370349808	0.9617554155943002	0.19894251863594548	2.466562506832882	0.043268688656005985	1.0	0.26374173973198234	-11.285372907305486
sp|Q7L2H7|EIF3M_HUMAN	psvid_67794_sp|Q7L2H7|EIF3M_HUMAN	-0.7848098324209496	-1.5417391767740358	-0.027880488067863363	0.31967949899681974	-2.4549895594923874	0.044006569991078125	1.0	0.4937034362173518	-12.450707230836052
sp|Q9Y5C1|ANGL3_HUMAN	psvid_86071_sp|Q9Y5C1|ANGL3_HUMAN	-0.6576801858752348	-1.2935271384217464	-0.021833233328723223	0.26854188801789275	-2.449078580364394	0.044388434622247855	1.0	0.40008486047564773	-14.384714993884925
sp|P60900|PSA6_HUMAN	psvid_16249_sp|P60900|PSA6_HUMAN	-0.6697162583394496	-1.3204045813145528	-0.019027935364346216	0.27480995239990363	-2.4370160268609125	0.0451783190093039	1.0	0.4117545660731148	-13.00050011200876
sp|O00442|RTCA_HUMAN	psvid_43288_sp|O00442|RTCA_HUMAN	0.8308220803774589	0.020351241368224193	1.6412929193866934	0.3422920695292078	2.4272314620674105	0.04582964205765092	1.0	0.5342120435645177	-15.172295412315925
sp|P22792|CPN2_HUMAN	psvid_104749_sp|P22792|CPN2_HUMAN	-0.7721689544692367	-1.5319331970809107	-0.012404711857562645	0.32087678228590516	-2.4064344854381665	0.04724624601682511	1.0	0.4958593248321744	-14.701138723006157
sp|Q14257|RCN2_HUMAN	psvid_77669_sp|Q14257|RCN2_HUMAN	-0.672419220446713	-1.3352033027643064	-0.009635138129119536	0.279918442796584	-2.402196917533434	0.04754035888480725	1.0	0.4212181933377665	-13.4877966942936
sp|P11215|ITAM_HUMAN	psvid_23094_sp|P11215|ITAM_HUMAN	1.0146918843898316	0.00962054640317489	2.019763222376488	0.42447911972317454	2.3904400410827424	0.04836622383014429	1.0	0.6787367691383517	-16.588502432517153
sp|O95232|LC7L3_HUMAN	psvid_55565_sp|O95232|LC7L3_HUMAN	0.8292004308522638	0.0030644843328238025	1.6553363773717038	0.3489080288098904	2.376558755843565	0.049360265671896324	1.0	0.545988313336085	-15.514977247871458
sp|Q8NHW5|RLA0L_HUMAN	psvid_64823_sp|Q8NHW5|RLA0L_HUMAN	0.4129862474788135	0.0009026750789694615	0.8250698198786576	0.17403826519923019	2.3729623310485644	0.04962120074413121	1.0	0.2090950055127488	-10.336847895015312
sp|O15155|BET1_HUMAN	psvid_90448_sp|O15155|BET1_HUMAN	-0.39576216120052354	-0.7924350704445935	0.000910748043546461	0.16752976726134533	-2.362339348225424	0.050400209701817314	1.0	0.1937438127941881	-12.199713931028928
sp|Q9NXA8|SIR5_HUMAN	psvid_80693_sp|Q9NXA8|SIR5_HUMAN	-0.4909342780190502	-0.9876564210890695	0.00578786505096901	0.20978429099345158	-2.340186082066434	0.05206521805504057	1.0	0.2861581082417057	-13.729744008501353
sp|P02652|APOA2_HUMAN	psvid_85363_sp|P02652|APOA2_HUMAN	0.45392041447346854	-0.005613601550583158	0.9134544304975203	0.1940783576571699	2.3388512761185725	0.052167316035189495	1.0	0.2534596999107094	-10.707345706067038
sp|P12694|ODBA_HUMAN	psvid_47964_sp|P12694|ODBA_HUMAN	-0.31296511608152855	-0.6319198276995591	0.005989595536502024	0.13470647316477155	-2.3233116325353786	0.05337106275565242	1.0	0.09970351655150061	-11.71543907666101
sp|Q02543|RL18A_HUMAN	psvid_66518_sp|Q02543|RL18A_HUMAN	0.46128647011636037	-0.011386889483413598	0.9339598297161343	0.19962759260594026	2.31073502462622	0.0543659848909272	1.0	0.2651777847115798	-10.001147552484527
sp|Q4G148|GXLT1_HUMAN	psvid_60419_sp|Q4G148|GXLT1_HUMAN	-0.4619089749040475	-0.9393295980204361	0.015511648212341245	0.2016325390833348	-2.290845401263039	0.05597811650570206	1.0	0.2693643923768524	-14.89657891923742
sp|Q5J8M3|EMC4_HUMAN	psvid_28301_sp|Q5J8M3|EMC4_HUMAN	-0.8943855510114092	-1.8231796829820848	0.03440858095926658	0.392264410139011	-2.280057858663385	0.05687272859689535	1.0	0.6224893501888354	-14.059659890796317
sp|P62330|ARF6_HUMAN	psvid_88144_sp|P62330|ARF6_HUMAN	-0.45285385890728547	-0.9257460432467333	0.020038325432162274	0.19972001045665366	-2.2674435970228974	0.05793726123532657	1.0	0.26537129177885843	-11.300301898163461
sp|Q9NP73|ALG13_HUMAN	psvid_40268_sp|Q9NP73|ALG13_HUMAN	0.6620492112504697	-0.03066101442737057	1.35475943692831	0.2925573695176599	2.2629722585419465	0.05831943621384685	1.0	0.4444681537208979	-16.64225298115079
sp|P23526|SAHH_HUMAN	psvid_29720_sp|P23526|SAHH_HUMAN	0.3511983164894641	-0.016908880184155428	0.7193055131630837	0.15546540121300118	2.2590127047515334	0.058660001084149066	1.0	0.1633921571917798	-12.54755987606826
sp|P46783|RS10_HUMAN	psvid_64450_sp|P46783|RS10_HUMAN	0.7405093318553995	-0.036839927409879514	1.5178585911206786	0.32830359081911065	2.2555626942972022	0.05895838244343558	1.0	0.5092034427653693	-9.870846781367753
sp|Q9UKA9|PTBP2_HUMAN	psvid_60200_sp|Q9UKA9|PTBP2_HUMAN	0.5819538274866103	-0.02970130375131308	1.1936089587245338	0.258324779415293	2.2527990880465962	0.059198507572245575	1.0	0.3809116387962836	-16.083791988064107
sp|Q8NBN3|GPHCC_HUMAN	psvid_49917_sp|Q8NBN3|GPHCC_HUMAN	-0.9164675404011002	-1.8814040213518903	0.048468940549689976	0.4075286723858471	-2.248841866845116	0.059544069609283504	1.0	0.6491941829288512	-15.752244325888478
sp|P48723|HSP13_HUMAN	psvid_66749_sp|P48723|HSP13_HUMAN	-0.8882539648366921	-1.825244671479221	0.04873674180583687	0.3957261293921171	-2.2446179285688235	0.059915176456799536	1.0	0.6285546977680442	-14.199979774500012
sp|P36406|TRI23_HUMAN	psvid_34633_sp|P36406|TRI23_HUMAN	-1.078619390656384	-2.2177221003412444	0.06048331902847659	0.48108556796565594	-2.242053103395912	0.06014165836295039	1.0	0.7767093820050486	-15.115283006567783
sp|Q9Y5J9|TIM8B_HUMAN	psvid_98593_sp|Q9Y5J9|TIM8B_HUMAN	-0.7114259344229752	-1.4638800186399838	0.041028149794033575	0.3177894296939783	-2.238670855440526	0.0604416461616813	1.0	0.49029734122331653	-12.761183766996373
sp|Q14194|DPYL1_HUMAN	psvid_77888_sp|Q14194|DPYL1_HUMAN	-0.7088919909956233	-1.4619397252835773	0.04415574329233085	0.3180401502647621	-2.2289386745839628	0.06131330971015397	1.0	0.49074935998562913	-16.04502202420234
sp|P21281|VATB2_HUMAN	psvid_48913_sp|P21281|VATB2_HUMAN	-0.3283496512340456	-0.6794460682521866	0.022746765784095457	0.14828111438573296	-2.2143726973880775	0.06264170800493836	1.0	0.14361996168489047	-12.841483462575237
sp|A0AV96|RBM47_HUMAN	psvid_59937_sp|A0AV96|RBM47_HUMAN	0.7272848343023153	-0.05446363115151709	1.5090332997561475	0.33016153970275763	2.2028151278828094	0.06371638756698986	1.0	0.5125341970697684	-15.670983612120171
sp|Q9BTV4|TMM43_HUMAN	psvid_35234_sp|Q9BTV4|TMM43_HUMAN	-0.5929632772755271	-1.230661045221924	0.04473449067086965	0.2693235564050215	-2.201676248414754	0.06382328755601932	1.0	0.40154380373322296	-12.854930804210952
sp|P13640|MT1G_HUMAN	psvid_62246_sp|P13640|MT1G_HUMAN	0.7297020625842126	-0.056944516140438606	1.5163486413088636	0.33223019565872836	2.196374899450058	0.06432327875626155	1.0	0.5162392878912201	-12.266976558334232
sp|P02795|MT2_HUMAN	psvid_62248_sp|P02795|MT2_HUMAN	0.7267034757351896	-0.05972074018536011	1.5131276916557392	0.3321362835514214	2.1879677461456306	0.06512429556550806	1.0	0.5160711620688732	-12.243844917992622
sp|P04731|MT1A_HUMAN	psvid_34319_sp|P04731|MT1A_HUMAN	0.7267034757351896	-0.05972074018536011	1.5131276916557392	0.3321362835514214	2.1879677461456306	0.06512429556550806	1.0	0.5160711620688732	-12.243844917992622
sp|P80294|MT1H_HUMAN	psvid_80675_sp|P80294|MT1H_HUMAN	0.7267034757351896	-0.05972074018536011	1.5131276916557392	0.3321362835514214	2.1879677461456306	0.06512429556550806	1.0	0.5160711620688732	-12.243844917992622
sp|P80297|MT1X_HUMAN	psvid_62249_sp|P80297|MT1X_HUMAN	0.7267034757351896	-0.05972074018536011	1.5131276916557392	0.3321362835514214	2.1879677461456306	0.06512429556550806	1.0	0.5160711620688732	-12.243844917992622
sp|P49773|HINT1_HUMAN	psvid_79904_sp|P49773|HINT1_HUMAN	0.5454484567833426	-0.045722189984027106	1.1366191035507125	0.24967341745977073	2.1846476983126544	0.0654433830308931	1.0	0.3645110479397708	-11.288389087393089
sp|Q96S06|LMF1_HUMAN	psvid_52093_sp|Q96S06|LMF1_HUMAN	-0.7500399575191969	-1.5636864319066843	0.06360651686829044	0.3436332588149582	-2.182675681934161	0.06563365663945746	1.0	0.5366018809609989	-14.575638218866189
sp|O14966|RAB7L_HUMAN	psvid_25052_sp|O14966|RAB7L_HUMAN	0.8713363293968026	-0.07741228180333926	1.8200849405969444	0.40069193110963747	2.174579176036333	0.06642071475535269	1.0	0.6372459153051335	-13.613558849287202
sp|P59998|ARPC4_HUMAN	psvid_8322_sp|P59998|ARPC4_HUMAN	0.5189827691646038	-0.04740963820172861	1.0853751765309363	0.23920864262069158	2.169582016263286	0.06691121667656498	1.0	0.3444369967292315	-13.704538076550241
sp|P12235|ADT1_HUMAN	psvid_82712_sp|P12235|ADT1_HUMAN	0.41315515444700956	-0.04024915414222119	0.8665594630362403	0.19148955354172717	2.1575858672466937	0.06810362156703137	1.0	0.24792177275420083	-10.307844653172909
sp|P40616|ARL1_HUMAN	psvid_91489_sp|P40616|ARL1_HUMAN	-0.42158035841075625	-0.8861016769691594	0.04294096014764687	0.196184681566292	-2.148895393080431	0.06898075129388107	1.0	0.2579311161833622	-12.352298695212312
sp|P63104|1433Z_HUMAN	psvid_19362_sp|P63104|1433Z_HUMAN	-0.2801569476757799	-0.5889396126816283	0.028625717330068468	0.13041043841725644	-2.1482708828828567	0.06904421792127924	1.0	0.08229539661025238	-11.674433804883305
sp|P06753|TPM3_HUMAN	psvid_10853_sp|P06753|TPM3_HUMAN	0.544644257997843	-0.06441952459657863	1.1537080405922646	0.25723035621415696	2.117340527042616	0.07226187042184884	1.0	0.3788457786980365	-12.913096936675428
sp|P06576|ATPB_HUMAN	psvid_44001_sp|P06576|ATPB_HUMAN	0.2528738650546185	-0.03338984165555958	0.5391375717647966	0.12089984227034302	2.091597973214635	0.0750538904919773	1.0	0.011130262082645845	-7.451660379272444
sp|Q9Y679|AUP1_HUMAN	psvid_89405_sp|Q9Y679|AUP1_HUMAN	0.5169878938453611	-0.06828191361849378	1.102257701309216	0.24718127289399153	2.0915334231937606	0.07506102517247855	1.0	0.3597552896625274	-11.815605633464422
sp|Q9H7Z7|PGES2_HUMAN	psvid_80086_sp|Q9H7Z7|PGES2_HUMAN	-0.646077353194527	-1.377821829088412	0.08566712269935828	0.30904298953738124	-2.0905743701278126	0.07516710852102132	1.0	0.4744897113105384	-13.708639690435813
sp|P62273|RS29_HUMAN	psvid_103923_sp|P62273|RS29_HUMAN	0.624516556091157	-0.08307611859132613	1.3321092307736402	0.29884278291475325	2.0897829621313098	0.07525476078729387	1.0	0.4559519516718079	-11.922807929568823
sp|Q9HD20|AT131_HUMAN	psvid_60305_sp|Q9HD20|AT131_HUMAN	-0.3315246424370053	-0.7108470944180719	0.04779780954406132	0.16020202190891342	-2.0694160940459376	0.07754586071889677	1.0	0.17565943042217969	-13.333642161725834
sp|Q9BSR8|YIPF4_HUMAN	psvid_62004_sp|Q9BSR8|YIPF4_HUMAN	0.5806344001952168	-0.08371763232256968	1.2449864327130034	0.2805806466577358	2.0694028868765826	0.07754736871863208	1.0	0.422442004773348	-14.066934572130037
sp|BID_HUMAN|,sp|P55957|BID_HUMAN	psvid_48133_sp|BID_HUMAN|	0.4017198123847825	-0.059093945260908776	0.8625335700304737	0.1946188402841194	2.0641362973816992	0.07815104098095274	1.0	0.25460993168151386	-12.69408922172041
sp|Q8NC56|LEMD2_HUMAN	psvid_31405_sp|Q8NC56|LEMD2_HUMAN	0.4343199909457387	-0.06482142332161189	0.9334614052130893	0.2108060394698055	2.060282485445337	0.07859573506221906	1.0	0.28823927212064177	-13.650513765235727
sp|Q14117|DPYS_HUMAN	psvid_84271_sp|Q14117|DPYS_HUMAN	-0.3931916618619793	-0.8453577972818165	0.0589744735578579	0.19096662682285181	-2.0589548467372754	0.07874951400125536	1.0	0.2467972211775114	-12.585113775290825
sp|P46777|RL5_HUMAN	psvid_67743_sp|P46777|RL5_HUMAN	0.5611708466504908	-0.08555647268079625	1.2078981659817778	0.2731370727978293	2.0545392864551144	0.07926311743918653	1.0	0.408646483850925	-9.746368625966504
sp|Q08170|SRSF4_HUMAN	psvid_37590_sp|Q08170|SRSF4_HUMAN	0.387068573718524	-0.059623893763630476	0.8337610412006784	0.188654892660281	2.051728255018199	0.07959181938834821	1.0	0.24180087651141904	-13.63907091441414
sp|P27695|APEX1_HUMAN	psvid_60122_sp|P27695|APEX1_HUMAN	-0.39927526380512113	-0.86262739562744	0.06407686801719764	0.19569089039170806	-2.040336486823198	0.08093780183849629	1.0	0.2568855431563524	-13.095822350239892
sp|O75153|CLU_HUMAN	psvid_37447_sp|O75153|CLU_HUMAN	-0.4761443892549653	-1.029921507225003	0.07763272871507243	0.2338807353014766	-2.0358427069301213	0.08147494860570764	1.0	0.3341036877960987	-13.849044979621647
sp|Q15070|OXA1L_HUMAN	psvid_75881_sp|Q15070|OXA1L_HUMAN	-0.6445804074171244	-1.401512243473885	0.11235142863963599	0.31968055133623313	-2.016326625823316	0.08384899808093853	1.0	0.49370533169994707	-14.433758747015652
sp|Q7Z2W4|ZCCHV_HUMAN	psvid_62867_sp|Q7Z2W4|ZCCHV_HUMAN	-1.0815570826949452	-2.3541532720771636	0.19103910668727342	0.5374648443503839	-2.012330841847317	0.08434344621730613	1.0	0.8735095074112533	-15.936744287861185
sp|P07360|CO8G_HUMAN	psvid_94344_sp|P07360|CO8G_HUMAN	-0.3496148513168862	-0.7646776944050531	0.06544799177128069	0.17529652235113508	-1.9944197787140092	0.0865954406377051	1.0	0.2119986802204447	-12.205667169841082
sp|P06748|NPM_HUMAN	psvid_47126_sp|P06748|NPM_HUMAN	0.7125335297137134	-0.1341597160972977	1.5592267755247247	0.3575901431806494	1.9925983512183996	0.08682775083848852	1.0	0.561396566420277	-12.897349163399983
sp|Q13733|AT1A4_HUMAN	psvid_47339_sp|Q13733|AT1A4_HUMAN	0.356463118719045	-0.06801938562642545	0.7809456230645155	0.17927479669591975	1.9883615839412525	0.08737050094552683	1.0	0.2210595008318086	-14.473184457378327
sp|P05546|HEP2_HUMAN	psvid_74899_sp|P05546|HEP2_HUMAN	-1.0740106273858872	-2.3583089273189444	0.21028767254716985	0.5424070821774754	-1.9800822346830482	0.0884407958701026	1.0	0.8819665095089979	-13.758211461465049
sp|Q969E2|SCAM4_HUMAN	psvid_86477_sp|Q969E2|SCAM4_HUMAN	0.7272669421338422	-0.1456910436400266	1.600224927907711	0.3686827226601569	1.9726092312826384	0.08941793437034663	1.0	0.5810132634303427	-14.798456647982308
sp|O15229|KMO_HUMAN	psvid_89061_sp|O15229|KMO_HUMAN	-0.3852185426494401	-0.8496989787097757	0.07926189341089551	0.19616741536225665	-1.9637233938066025	0.09059364134215883	1.0	0.25789458318490066	-12.285740704895096
sp|Q58FF8|H90B2_HUMAN	psvid_47966_sp|Q58FF8|H90B2_HUMAN	0.35316260127149013	-0.07329312018480655	0.7796183227277869	0.18010815989171444	1.960836207997574	0.09097891357487467	1.0	0.22293591522259232	-12.640344825601883
sp|O95445|APOM_HUMAN	psvid_92082_sp|O95445|APOM_HUMAN	0.7946264436540287	-0.1738793019691297	1.763132189277187	0.4090361060066494	1.9426804430832103	0.0934387950775873	1.0	0.6518260275443972	-13.64987866233535
sp|P56381|ATP5E_HUMAN	psvid_47979_sp|P56381|ATP5E_HUMAN	-0.36763525766274263	-0.8161083233475339	0.08083780802204865	0.18940690570559376	-1.9409812767554506	0.09367232279445338	1.0	0.24343075232873648	-11.187885043804936
sp|Q5VTU8|AT5EL_HUMAN	psvid_104079_sp|Q5VTU8|AT5EL_HUMAN	-0.36763525766274263	-0.8161083233475339	0.08083780802204865	0.18940690570559376	-1.9409812767554506	0.09367232279445338	1.0	0.24343075232873648	-11.187885043804936
sp|P08637|FCG3A_HUMAN	psvid_105020_sp|P08637|FCG3A_HUMAN	-0.5226836521618496	-1.161111979533964	0.11574467521026466	0.2696320989036617	-1.938506781229345	0.09401343271116239	1.0	0.4021193886370529	-14.821904467167919
sp|O75400|PR40A_HUMAN	psvid_26128_sp|O75400|PR40A_HUMAN	0.8711504926392166	-0.19303237201393952	1.9353333572923728	0.44944412256083555	1.9382843136886279	0.09404415950093367	1.0	0.7220623599724516	-16.287861294533535
sp|Q9NQH7|XPP3_HUMAN	psvid_32520_sp|Q9NQH7|XPP3_HUMAN	0.37349551315401097	-0.08353229064938245	0.8305233169574044	0.19301989074337297	1.9350104888961261	0.09449747336322376	1.0	0.2512012302699254	-15.37207289619597
sp|Q9Y265|RUVB1_HUMAN	psvid_26087_sp|Q9Y265|RUVB1_HUMAN	-0.582126855230988	-1.2967503887010747	0.13249667823909894	0.3018121768634837	-1.9287719312077216	0.09536723460602223	1.0	0.461360627903547	-14.451863115323938
sp|Q9Y5K3|PCY1B_HUMAN	psvid_67456_sp|Q9Y5K3|PCY1B_HUMAN	0.7673043579857519	-0.17582071439778313	1.7104294303692869	0.39831690088403765	1.9263665595980772	0.0957046734644801	1.0	0.6330904713383142	-13.972505824875029
sp|Q9Y3U8|RL36_HUMAN	psvid_51350_sp|Q9Y3U8|RL36_HUMAN	0.4227861157461259	-0.0975197270723126	0.9430919585645644	0.21974456717551658	1.9239889348819894	0.09603936784184272	1.0	0.30624719696214897	-10.673450219931068
sp|P26440|IVD_HUMAN	psvid_34697_sp|P26440|IVD_HUMAN	-1.0210820752552014	-2.279994748279141	0.23783059776873805	0.531685784935442	-1.9204614909521842	0.09653803060776744	1.0	0.8636153121350468	-13.843563259732765
sp|Q9NVV5|AIG1_HUMAN	psvid_78704_sp|Q9NVV5|AIG1_HUMAN	-0.5545838381383672	-1.2384604985380574	0.12929282226132288	0.2888266253688937	-1.9201271261956698	0.09658542977812246	1.0	0.4376281238796778	-13.272724360516467
sp|P31947|1433S_HUMAN	psvid_49003_sp|P31947|1433S_HUMAN	-0.4311334147755179	-0.9630362105260111	0.10076938097497523	0.22464239301734254	-1.9191988163259734	0.09671714524270364	1.0	0.31597764298760017	-13.583000471656067
sp|P18827|SDC1_HUMAN	psvid_104949_sp|P18827|SDC1_HUMAN	-0.6682598839783926	-1.5035354110015258	0.16701564304474048	0.35276801460415075	-1.8943324119911005	0.1003113894782476	1.0	0.5528448694898993	-15.036465118394101
sp|P51153|RAB13_HUMAN	psvid_74423_sp|P51153|RAB13_HUMAN	0.28261593354478043	-0.07365440688689923	0.63888627397646	0.15046625525393584	1.8782678751978037	0.10270227379817888	1.0	0.14980862080352828	-12.053169454605882
sp|O43148|MCES_HUMAN	psvid_30375_sp|O43148|MCES_HUMAN	0.7304178805389068	-0.19039216949807836	1.651227930575892	0.38889243449616795	1.8782002830299445	0.10271244974269637	1.0	0.6165758589734265	-16.10558910484552
sp|Q04941|PLP2_HUMAN	psvid_38196_sp|Q04941|PLP2_HUMAN	0.3738891558683255	-0.09777872178342634	0.8455570335200773	0.1992029400702815	1.8769258914372065	0.10290449192101134	1.0	0.2642879697736089	-13.883380642505074
sp|P52565|GDIR1_HUMAN	psvid_95598_sp|P52565|GDIR1_HUMAN	-0.5648890891510003	-1.2819027618670789	0.1521245835650782	0.30282162183003375	-1.8654186109209154	0.10465443479678313	1.0	0.46319698246006324	-13.590124114863631
sp|P01860|IGHG3_HUMAN	psvid_1265178_sp|P01860|IGHG3_HUMAN	-0.697557311726372	-1.5843454446089416	0.1892308211561976	0.37452370971098975	-1.8625184297802106	0.10510001209019339	1.0	0.5913138590497352	-13.819698097385006
sp|P50135|HNMT_HUMAN	psvid_60196_sp|P50135|HNMT_HUMAN	-0.754538914737299	-1.7147559578113527	0.2056781283367548	0.40553547771419496	-1.860599025738181	0.10539591672380204	1.0	0.6457128031410081	-14.053088001391679
sp|Q9NX14|NDUBB_HUMAN	psvid_89575_sp|Q9NX14|NDUBB_HUMAN	0.2766996395937307	-0.07781351227947614	0.6312127914669374	0.14972412897463874	1.8480631110607422	0.10734847533671282	1.0	0.14772579559102142	-12.265069987040416
sp|Q13085|ACACA_HUMAN	psvid_30800_sp|Q13085|ACACA_HUMAN	-0.5351306540596514	-1.221610972838589	0.15134966471928624	0.2899262474306439	-1.845747526490044	0.10771295873559607	1.0	0.4396461030598437	-16.23293070283706
sp|Q9BZF1|OSBL8_HUMAN	psvid_26337_sp|Q9BZF1|OSBL8_HUMAN	-0.3146927921900389	-0.7187484063740306	0.0893628219939529	0.17064775896564716	-1.844107382936035	0.10797184921954679	1.0	0.20117112339981114	-15.531591517411355
sp|P13693|TCTP_HUMAN	psvid_68918_sp|P13693|TCTP_HUMAN	0.6268422993578744	-0.17814022796093065	1.4318248266766793	0.339974150763574	1.8437940000732445	0.10802138401073154	1.0	0.5300786451755591	-13.356394338938244
sp|Q9P2R3|ANFY1_HUMAN	psvid_38492_sp|Q9P2R3|ANFY1_HUMAN	-0.78855270106805	-1.8029296115068278	0.2258242093707279	0.428409210109504	-1.840653007591716	0.10851908061077596	1.0	0.6855711277794835	-16.49609854453643
sp|O14975|S27A2_HUMAN	psvid_39450_sp|O14975|S27A2_HUMAN	0.4999996393265107	-0.14622026192026072	1.146219540573282	0.2729227712117565	1.832018768923348	0.10989864726543523	1.0	0.40824799597519146	-9.465783202641258
sp|O75947|ATP5H_HUMAN	psvid_84557_sp|O75947|ATP5H_HUMAN	0.4999996393265107	-0.14622026192026072	1.146219540573282	0.2729227712117565	1.832018768923348	0.10989864726543523	1.0	0.40824799597519146	-9.465783202641258
sp|P46782|RS5_HUMAN	psvid_17903_sp|P46782|RS5_HUMAN	0.49999963932651026	-0.14622026192026116	1.1462195405732816	0.2729227712117565	1.8320187689233463	0.10989864726543551	1.0	0.40824799597519146	-9.715783022304514
sp|P68366|TBA4A_HUMAN	psvid_51224_sp|P68366|TBA4A_HUMAN	-0.49999963932651026	-1.1462195405732816	0.14622026192026116	0.2729227712117565	-1.8320187689233463	0.10989864726543551	1.0	0.40824799597519146	-9.215783382978003
sp|P07327|ADH1A_HUMAN	psvid_59640_sp|P07327|ADH1A_HUMAN	-0.4999996393265098	-1.1462195405732811	0.1462202619202616	0.2729227712117565	-1.8320187689233447	0.10989864726543584	1.0	0.40824799597519146	-9.215783382978003
sp|P14854|CX6B1_HUMAN	psvid_98045_sp|P14854|CX6B1_HUMAN	0.4999996393265098	-0.1462202619202616	1.1462195405732811	0.2729227712117565	1.8320187689233447	0.10989864726543584	1.0	0.40824799597519146	-9.215783382978003
sp|P55084|ECHB_HUMAN	psvid_32785_sp|P55084|ECHB_HUMAN	0.4999996393265098	-0.1462202619202616	1.1462195405732811	0.2729227712117565	1.8320187689233447	0.10989864726543584	1.0	0.40824799597519146	-9.215783382978003
sp|Q9Y4L1|HYOU1_HUMAN	psvid_53465_sp|Q9Y4L1|HYOU1_HUMAN	0.4999996393265098	-0.1462202619202616	1.1462195405732811	0.2729227712117565	1.8320187689233447	0.10989864726543584	1.0	0.40824799597519146	-9.465783202641258
sp|P0DPH7|TBA3C_HUMAN,sp|P0DPH8|TBA3D_HUMAN	psvid_34681_sp|P0DPH7|TBA3C_HUMAN	-0.49999963932650937	-1.1462195405732802	0.1462202619202616	0.27292277121175634	-1.8320187689233443	0.1098986472654359	1.0	0.4082479959751912	-9.715783022304514
sp|Q9BUR5|MIC26_HUMAN	psvid_77802_sp|Q9BUR5|MIC26_HUMAN	-0.5936837604661998	-1.3638445350095667	0.1764770140771672	0.32526762555816396	-1.8252162644451007	0.11099746229918747	1.0	0.5037544810477802	-12.581947955178059
sp|P42785|PCP_HUMAN	psvid_84276_sp|P42785|PCP_HUMAN	-0.5635770929820416	-1.2963598225550985	0.1692056365910154	0.3094814827976378	-1.8210365540692157	0.11167786740678659	1.0	0.47528406713125393	-15.914463424055734
sp|Q8N1G4|LRC47_HUMAN	psvid_61917_sp|Q8N1G4|LRC47_HUMAN	-0.4143191101466299	-0.9539402774088228	0.12530205711556297	0.2279021492367824	-1.8179692974995456	0.11217973687744111	1.0	0.3224057093064703	-12.798836833080285
sp|P02765|FETUA_HUMAN	psvid_419634_sp|P02765|FETUA_HUMAN	-0.7255201375864369	-1.6705101138738627	0.21946983870098902	0.39910451937197267	-1.8178700124170704	0.11219601835126997	1.0	0.6344687942411907	-13.4613893999114
sp|P39060|COIA1_HUMAN	psvid_46243_sp|P39060|COIA1_HUMAN	-0.42979572593295723	-0.9898954594412422	0.13030400757532778	0.23655101170533813	-1.816926179408339	0.11235090862759473	1.0	0.33929285192827485	-15.373458685225367
sp|P10599|THIO_HUMAN	psvid_26384_sp|P10599|THIO_HUMAN	-0.3226181864526887	-0.7443027315616878	0.09906635865631042	0.17809311413386616	-1.8115140948694302	0.11324306091191785	1.0	0.21838633145326283	-10.78898852393081
sp|Q9H0V9|LMA2L_HUMAN	psvid_45737_sp|Q9H0V9|LMA2L_HUMAN	-0.6296011461500597	-1.4532462074760497	0.19404391517593034	0.34785603507145074	-1.8099474572023384	0.11350258390806323	1.0	0.5441178657426874	-13.49602081670562
sp|Q6P2S7|TTC41_HUMAN	psvid_32133_sp|Q6P2S7|TTC41_HUMAN	-0.9759800937781717	-2.2550303428173937	0.3030701552610504	0.5401906345090542	-1.806732718839488	0.1140369195877337	1.0	0.878174297366717	-16.867539130716363
sp|Q9BTZ2|DHRS4_HUMAN	psvid_69585_sp|Q9BTZ2|DHRS4_HUMAN	-0.368700209879393	-0.852032511067259	0.11463209130847296	0.20412926126515946	-1.8062094948771674	0.11412411578815354	1.0	0.274545585733341	-13.52971075000297
sp|P49221|TGM4_HUMAN	psvid_35676_sp|P49221|TGM4_HUMAN	-0.4184489572645571	-0.9688695499428974	0.1319716354137832	0.23246314945726942	-1.8000657663010582	0.11515279120673816	1.0	0.33134018651713343	-16.699460706150944
sp|O75911|DHRS3_HUMAN	psvid_43424_sp|O75911|DHRS3_HUMAN	0.3346526219806538	-0.1063329130598587	0.7756381570211663	0.1862446421958707	1.796844290579402	0.11569573769266121	1.0	0.23654615821983233	-11.745244216037069
sp|Q96NT0|VMA22_HUMAN	psvid_74347_sp|Q96NT0|VMA22_HUMAN	-0.6676718225679816	-1.5524331455015088	0.21708950036554553	0.3736677122603619	-1.7868063005207295	0.11740335892685609	1.0	0.5898054926193614	-14.003227085330646
sp|O14735|CDIPT_HUMAN	psvid_34903_sp|O14735|CDIPT_HUMAN	-0.41880684271508084	-0.9757874387768514	0.1381737533466897	0.23523368360378835	-1.7803863643120543	0.11850815063420375	1.0	0.33673551273950025	-13.247497154336031
sp|A8MTJ3|GNAT3_HUMAN	psvid_71250_sp|A8MTJ3|GNAT3_HUMAN	-0.41998663279523507	-0.9802769239139886	0.14030365832351843	0.2366314912928968	-1.774855199958934	0.11946798487681325	1.0	0.33944892403271837	-14.457135305845348
sp|P19087|GNAT2_HUMAN	psvid_33055_sp|P19087|GNAT2_HUMAN	-0.41998663279523507	-0.9802769239139886	0.14030365832351843	0.2366314912928968	-1.774855199958934	0.11946798487681325	1.0	0.33944892403271837	-14.457135305845348
sp|P68036|UB2L3_HUMAN	psvid_68541_sp|P68036|UB2L3_HUMAN	-0.565394648147794	-1.320202647202013	0.18941335090642486	0.3187835757413662	-1.7736003080864715	0.1196867834238946	1.0	0.4920893139736942	-13.975782685446
sp|P33908|MA1A1_HUMAN	psvid_73521_sp|P33908|MA1A1_HUMAN	-0.3336893577271338	-0.7792578727325925	0.11187915727832481	0.18818020560087856	-1.7732436664187379	0.11974903623829752	1.0	0.24076974678935004	-13.346687999947939
sp|P05107|ITB2_HUMAN	psvid_889170_sp|P05107|ITB2_HUMAN	-0.46700316339633385	-1.0906018155140151	0.15659548872134743	0.26336897382998076	-1.7731897444298441	0.11975845117337554	1.0	0.3904021974795817	-13.769657830174017
sp|Q03113|GNA12_HUMAN	psvid_53482_sp|Q03113|GNA12_HUMAN	-0.41909003712390946	-0.9790422326780075	0.14086215843018857	0.23648870092345423	-1.7721355628722362	0.11994265681652949	1.0	0.33917200130463043	-14.563710775950529
sp|P11488|GNAT1_HUMAN	psvid_33054_sp|P11488|GNAT1_HUMAN	-0.41855401268965586	-0.9781036622401219	0.14099563686081018	0.23631869072933995	-1.7711422291562766	0.12011647833455143	1.0	0.338842212529425	-14.44088265844037
sp|P10176|COX8A_HUMAN	psvid_109873_sp|P10176|COX8A_HUMAN	-0.4183075428083405	-0.9785266292791259	0.14191154366244496	0.23660141891380554	-1.767984083648843	0.12067071999025472	1.0	0.33939060758666595	-12.89211969748182
sp|P14678|RSMB_HUMAN	psvid_21728_sp|P14678|RSMB_HUMAN	-0.525191349080683	-1.2286650172297753	0.1782823190684094	0.29710317279819165	-1.7677069690447937	0.12071946913722588	1.0	0.45277844662764977	-13.579313972640204
sp|P63162|RSMN_HUMAN	psvid_79729_sp|P63162|RSMN_HUMAN	-0.525191349080683	-1.2286650172297753	0.1782823190684094	0.29710317279819165	-1.7677069690447937	0.12071946913722588	1.0	0.45277844662764977	-13.579313972640204
sp|P32119|PRDX2_HUMAN	psvid_30088_sp|P32119|PRDX2_HUMAN	-0.2784830485337464	-0.6515718169831323	0.09460571991563949	0.1575693048089897	-1.767368643730021	0.12077901183920421	1.0	0.16890539382377137	-11.778377865741211
sp|O00203|AP3B1_HUMAN	psvid_32180_sp|O00203|AP3B1_HUMAN	-0.6666047224482154	-1.5637066585191846	0.23049721362275366	0.37887961354880073	-1.7594103736657103	0.12218773834580925	1.0	0.5989833378585009	-17.00163323013033
sp|Q9NZJ7|MTCH1_HUMAN	psvid_45889_sp|Q9NZJ7|MTCH1_HUMAN	-0.6234756347559207	-1.4698047145026853	0.2228534449908438	0.35743634226668236	-1.744298385559091	0.12490610411855464	1.0	0.5611240440428756	-13.302990955833135
sp|O75489|NDUS3_HUMAN	psvid_96908_sp|O75489|NDUS3_HUMAN	0.28580858121521	-0.10368594728440661	0.6753031097148267	0.16449806928700333	1.737458575982151	0.12615533816826807	1.0	0.18637743946174407	-11.056489446203237
sp|P53007|TXTP_HUMAN	psvid_74158_sp|P53007|TXTP_HUMAN	0.2806698111441621	-0.10211263971990436	0.6634522620082286	0.16166330851075905	1.7361379878321797	0.1263978998709106	1.0	0.17934488797245857	-10.59682233791877
sp|Q9Y241|HIG1A_HUMAN	psvid_27490_sp|Q9Y241|HIG1A_HUMAN	0.40213402461925574	-0.14708518393094017	0.9513532331694516	0.23195576012291064	1.7336669044397501	0.12685297480517782	1.0	0.33034955469580246	-11.177354691721836
sp|P06744|G6PI_HUMAN	psvid_55291_sp|P06744|G6PI_HUMAN	-0.2935648606140804	-0.6953647576069699	0.1082350363788091	0.16969508544742545	-1.7299549945129788	0.12753949287742095	1.0	0.19891677649146133	-12.042125638965754
sp|Q99653|CHP1_HUMAN	psvid_31111_sp|Q99653|CHP1_HUMAN	-0.2810648044571544	-0.6668594840319328	0.104729875117624	0.16293548506500166	-1.725006706458241	0.12846017804751683	1.0	0.18251930605193248	-11.234632775863144
sp|P22830|HEMH_HUMAN	psvid_52142_sp|P22830|HEMH_HUMAN	-0.37282538185378566	-0.8857781322070527	0.14012736849948138	0.2166390819239806	-1.7209516332081363	0.12921937819689788	1.0	0.300029312518867	-12.080186070938293
sp|P30049|ATPD_HUMAN	psvid_90404_sp|P30049|ATPD_HUMAN	0.5424809497992968	-0.20427164744133408	1.2892335470399279	0.31538147905268943	1.7200786534096597	0.12938337632391822	1.0	0.4859530115267441	-8.798302343010333
sp|P26572|MGAT1_HUMAN	psvid_71578_sp|P26572|MGAT1_HUMAN	-0.38936982425303546	-0.9255719427696741	0.14683229426360322	0.2264581574056048	-1.7193897041016841	0.12951294203561767	1.0	0.31956277476639916	-13.43247845732451
sp|P84095|RHOG_HUMAN	psvid_79270_sp|P84095|RHOG_HUMAN	-0.35438171999389345	-0.8424750842129054	0.13371164422511844	0.2061400357923246	-1.719130971486367	0.12956163183380576	1.0	0.27869354942240193	-11.647990253336117
sp|P19827|ITIH1_HUMAN	psvid_43385_sp|P19827|ITIH1_HUMAN	-0.256143276023431	-0.6098286741407488	0.09754212209388685	0.14937453768458053	-1.7147720086290976	0.13038454466307225	1.0	0.1467380193085269	-12.447196273469753
sp|P61326|MGN_HUMAN	psvid_52873_sp|P61326|MGN_HUMAN	-0.6694650697068956	-1.5962338809361294	0.25730374152233826	0.391409041636307	-1.710397559821715	0.13121536711352463	1.0	0.6209897850562833	-13.699963802717114
sp|Q96A72|MGN2_HUMAN	psvid_52871_sp|Q96A72|MGN2_HUMAN	-0.6682636026728859	-1.5939440331164527	0.257416827770681	0.3909493778290105	-1.7093353783649305	0.13141785968547595	1.0	0.6201837962781139	-13.721175594281867
sp|P18621|RL17_HUMAN	psvid_66069_sp|P18621|RL17_HUMAN	0.5073365439893296	-0.19683207254260182	1.211505160521261	0.29739667542497183	1.7059254050650006	0.13206993598526207	1.0	0.4533141280888292	-9.77259330125033
sp|P51809|VAMP7_HUMAN	psvid_61910_sp|P51809|VAMP7_HUMAN	-0.9635122044915256	-2.301696816074773	0.37467240709172134	0.5651652817896754	-1.7048326136390202	0.1322795544837958	1.0	0.9208595270086927	-13.249949988720864
sp|O75381|PEX14_HUMAN	psvid_55422_sp|O75381|PEX14_HUMAN	-0.4796989212144771	-1.146151650906933	0.18675380847797862	0.2814678494400724	-1.7042760733374995	0.1323864307986977	1.0	0.4240806071087355	-12.573317094925217
sp|P54727|RD23B_HUMAN	psvid_72712_sp|P54727|RD23B_HUMAN	-0.8040021621214555	-1.9220649766579965	0.3140606524150855	0.4721996353615912	-1.7026742545147953	0.13269449605716555	1.0	0.7613894416464807	-14.869677078671884
sp|O15239|NDUA1_HUMAN	psvid_94709_sp|O15239|NDUA1_HUMAN	-0.46142705910916426	-1.1035742474890968	0.1807201292707683	0.2712027126375422	-1.70141019100297	0.13293808277274205	1.0	0.40504681853909924	-12.891250997943498
sp|P06681|CO2_HUMAN	psvid_72746_sp|P06681|CO2_HUMAN	-0.24350160544103439	-0.5827544018803612	0.09575119099829238	0.14327911159486528	-1.6994913126594289	0.13330866270006722	1.0	0.1287239507204839	-13.58865290962633
sp|Q96BI1|S67A1_HUMAN	psvid_68804_sp|Q96BI1|S67A1_HUMAN	-0.46036719305526486	-1.1031576403337509	0.18242325422322114	0.2714743848668578	-1.6958034301506855	0.13402362606600346	1.0	0.4055527548116367	-14.786604801285844
sp|O75380|NDUS6_HUMAN	psvid_88323_sp|O75380|NDUS6_HUMAN	0.3188515511453991	-0.12808836994938871	0.7657914722401868	0.18875940155203122	1.6891956030995796	0.13531375616765687	1.0	0.24202765171329046	-11.239522390630123
sp|O95758|PTBP3_HUMAN	psvid_68339_sp|O95758|PTBP3_HUMAN	0.8089009593826093	-0.33279652976753615	1.9505984485327548	0.4821814401308161	1.6775862612280432	0.13760886172673956	1.0	0.7785973992815391	-15.527546665447076
sp|Q96K19|RN170_HUMAN	psvid_84528_sp|Q96K19|RN170_HUMAN	0.48515684211574417	-0.1998304092104809	1.1701440934419693	0.2892956693472171	1.677027669340779	0.13772021367125087	1.0	0.4384890909006969	-13.19555234700789
sp|P51148|RAB5C_HUMAN	psvid_56495_sp|P51148|RAB5C_HUMAN	-0.36867837591526165	-0.8909250604643659	0.15356830863384263	0.2205642570405219	-1.6715236678059235	0.1388219560547737	1.0	0.30788198956650675	-11.138500960922087
sp|Q96SB4|SRPK1_HUMAN	psvid_59276_sp|Q96SB4|SRPK1_HUMAN	-0.8137871863152286	-1.9691712129974297	0.34159684036697247	0.4879617755001472	-1.6677273245043005	0.13958670930469838	1.0	0.7885513187593274	-15.21242952714338
sp|O60337|MARH6_HUMAN	psvid_40820_sp|O60337|MARH6_HUMAN	0.47830924443464795	-0.20242066455732177	1.1590391534266176	0.28749763486140145	1.66369801499492	0.1404027314836262	1.0	0.4351870442705852	-16.41362555382659
sp|O15321|TM9S1_HUMAN	psvid_82741_sp|O15321|TM9S1_HUMAN	-0.75003213361087	-1.8266608183870483	0.3265965511653084	0.4547004566839798	-1.649508203885856	0.14331233952476322	1.0	0.7311594894332111	-15.464015824397148
sp|Q9Y5Y5|PEX16_HUMAN	psvid_52725_sp|Q9Y5Y5|PEX16_HUMAN	-0.74914163534162	-1.8260574668402287	0.32777419615698866	0.4548217294567292	-1.647110476090153	0.14380955076782234	1.0	0.7313692808104737	-14.862027945812937
sp|P50991|TCPD_HUMAN	psvid_76277_sp|P50991|TCPD_HUMAN	-0.2850341524014586	-0.6961004331794416	0.1260321283765245	0.1736086249977552	-1.6418202287193056	0.14491230743218914	1.0	0.2080990944651361	-12.507056079777866
sp|O95140|MFN2_HUMAN	psvid_59678_sp|O95140|MFN2_HUMAN	-0.5345227476124932	-1.3060487088632151	0.23700321363822874	0.32584419483229793	-1.6404243380416696	0.1452046013760813	1.0	0.504789927146504	-14.349733731556832
sp|P14550|AK1A1_HUMAN	psvid_75053_sp|P14550|AK1A1_HUMAN	-0.24407542064406185	-0.5986559624634192	0.11050512117529554	0.1497525902628469	-1.629857755486291	0.14743518141859815	1.0	0.14780602411819263	-11.275645895729763
sp|Q9NR77|PXMP2_HUMAN	psvid_74152_sp|Q9NR77|PXMP2_HUMAN	0.45130570850270635	-0.20735098000822272	1.1099623970136354	0.27817529042163586	1.6223788526243768	0.14903329143458652	1.0	0.4179935149190051	-11.2055089461725
sp|Q13155|AIMP2_HUMAN	psvid_87848_sp|Q13155|AIMP2_HUMAN	-0.5669284614791898	-1.3956442414321768	0.261787318473797	0.3499975887082933	-1.6198067637308735	0.149586632028183	1.0	0.5479247454766771	-14.38481748986218
sp|Q14315|FLNC_HUMAN	psvid_24329_sp|Q14315|FLNC_HUMAN	0.4768479891564166	-0.22028561889284926	1.1739815972056824	0.29442552890521445	1.6195877814315827	0.1496338308136014	1.0	0.4478865099966528	-18.24518506719109
sp|Q5BJF2|SGMR2_HUMAN	psvid_70595_sp|Q5BJF2|SGMR2_HUMAN	-0.5382164273851262	-1.3255738549969396	0.24914100022668717	0.3325304136616447	-1.6185479741795001	0.1498581375609163	1.0	0.5167767036680163	-12.396172843832609
sp|Q8TCJ2|STT3B_HUMAN	psvid_33161_sp|Q8TCJ2|STT3B_HUMAN	-0.27215245747165095	-0.6714169075240932	0.12711199258079137	0.16862427162087484	-1.6139577941872032	0.15085208472335657	1.0	0.19636732402871385	-12.464374589595266
sp|P27348|1433T_HUMAN	psvid_10809_sp|P27348|1433T_HUMAN	-0.3122344113726476	-0.771116374229793	0.1466475514844977	0.193802971280263	-1.6110919729972466	0.15147575777697223	1.0	0.2528728582729055	-12.180614269631231
sp|P51589|CP2J2_HUMAN	psvid_34830_sp|P51589|CP2J2_HUMAN	-0.2947113970307571	-0.7282009968584897	0.13877820279697556	0.18307882912334134	-1.60975137563398	0.15176832922049188	1.0	0.22956841565891706	-12.466198160281284
sp|P28845|DHI1_HUMAN	psvid_59047_sp|P28845|DHI1_HUMAN	-0.3068066822128439	-0.7583472575072789	0.14473389308159107	0.19070242944568197	-1.608824193297611	0.151970985133246	1.0	0.2462282876726402	-9.236544219363413
sp|Q08257|QOR_HUMAN	psvid_93173_sp|Q08257|QOR_HUMAN	-0.3356909543165001	-0.8330216510963451	0.16163974246334484	0.2100413059269075	-1.5982139933624178	0.15430808871892068	1.0	0.2866820816411683	-12.186978470519808
sp|Q9P2X0|DPM3_HUMAN	psvid_108581_sp|Q9P2X0|DPM3_HUMAN	-0.3873412858696703	-0.9619373791258079	0.18725480738646727	0.24267336520641924	-1.5961425578789654	0.15476824677933407	1.0	0.3511142141059394	-11.382233478268592
sp|Q9P2W9|STX18_HUMAN	psvid_56067_sp|Q9P2W9|STX18_HUMAN	-0.40154148973094994	-0.9975220446427677	0.19443906518086784	0.2517048211004263	-1.5952872415214532	0.1549586225026384	1.0	0.3683768499179606	-13.250681690622605
sp|Q9NPA0|EMC7_HUMAN	psvid_58949_sp|Q9NPA0|EMC7_HUMAN	-0.761515620061409	-1.8946689324224772	0.37163769229965915	0.47857291553648046	-1.5912217247140903	0.15586650158937398	1.0	0.7723793782885615	-13.551364218283592
sp|Q9NQR4|NIT2_HUMAN	psvid_90393_sp|Q9NQR4|NIT2_HUMAN	-0.4867842507084257	-1.2131850667893427	0.23961656537249132	0.3067861626557664	-1.5867216646750413	0.15687717830778974	1.0	0.4703981064326592	-12.552918384477291
sp|O60831|PRAF2_HUMAN	psvid_92670_sp|O60831|PRAF2_HUMAN	-0.5413986139493092	-1.3517101570114027	0.2689129291127844	0.3422247929082733	-1.5819970533064815	0.1579448289418217	1.0	0.5340921298533972	-13.300497062928923
sp|Q8TBY0|RBM46_HUMAN	psvid_56990_sp|Q8TBY0|RBM46_HUMAN	0.6204861598021734	-0.3168385919890069	1.5578109115933536	0.39586720911978235	1.5674098422595677	0.16128382482748926	1.0	0.6288017699046741	-15.31811390578704
sp|P00387|NB5R3_HUMAN	psvid_29323_sp|P00387|NB5R3_HUMAN	0.3962403847312763	-0.20375160663358216	0.9962323760961348	0.2533990003592072	1.5637014517404706	0.16214301970062164	1.0	0.37159377526436926	-9.517662829938875
sp|Q8IZ81|ELMD2_HUMAN	psvid_65291_sp|Q8IZ81|ELMD2_HUMAN	-0.3397641661053865	-0.8542858786219304	0.17475754641115737	0.2173017131748934	-1.5635595372961015	0.16217598364394684	1.0	0.30135934610654647	-11.869084189145575
sp|O00264|PGRC1_HUMAN	psvid_53194_sp|O00264|PGRC1_HUMAN	0.29248113013604193	-0.150956517619023	0.7359187778911069	0.18728026087008368	1.5617296172976611	0.16260159307755664	1.0	0.23880984274195577	-8.527061868110685
sp|Q9NZN4|EHD2_HUMAN	psvid_60518_sp|Q9NZN4|EHD2_HUMAN	-0.9637035028889951	-2.430123111292607	0.5027161055146172	0.6193237046903346	-1.5560578346841292	0.1639273169230423	1.0	1.0131291115649126	-14.803840281307536
sp|P18085|ARF4_HUMAN	psvid_37945_sp|P18085|ARF4_HUMAN	-0.3268550057476678	-0.8246734958226201	0.17096348432728453	0.21024731923232007	-1.5546215140393682	0.16426462171841605	1.0	0.2871018502633842	-10.647563046692031
sp|Q6UX07|DHR13_HUMAN	psvid_33439_sp|Q6UX07|DHR13_HUMAN	-0.5663979181691476	-1.43559496093966	0.3027991246013648	0.3670943361297125	-1.5429219751541232	0.16703605252414125	1.0	0.5782087905103787	-14.475285809326161
sp|P78362|SRPK2_HUMAN	psvid_27129_sp|P78362|SRPK2_HUMAN	0.8335430614274455	-0.4485090872533801	2.115595210108271	0.5414584487120915	1.5394404933750763	0.1678690300452257	1.0	0.8803435526596505	-15.685996961929877
sp|P0DPI2|GAL3A_HUMAN	psvid_91468_sp|P0DPI2|GAL3A_HUMAN	0.581357409896397	-0.3140775435400579	1.476792363332852	0.3781755845962789	1.5372684900243485	0.16839063518465885	1.0	0.5977444324646884	-14.452252229139244
sp|O75695|XRP2_HUMAN	psvid_85324_sp|O75695|XRP2_HUMAN	-0.6246804005925708	-1.5878551632877307	0.338494362102589	0.40678463304646223	-1.5356538813038714	0.16877934701068073	1.0	0.647894812130456	-14.836869441088231
sp|P25325|THTM_HUMAN	psvid_44389_sp|P25325|THTM_HUMAN	-0.3513511289843452	-0.8933755558907522	0.1906732979220619	0.22891713543695177	-1.5348397939441896	0.16897564833510678	1.0	0.32439980639678223	-13.019578119008017
sp|Q9BVK6|TMED9_HUMAN	psvid_65675_sp|Q9BVK6|TMED9_HUMAN	0.4558728593445074	-0.24882620734971772	1.1605719260387324	0.2976207043166906	1.5317242810480844	0.16972883173852263	1.0	0.4537229405196611	-9.599091712628123
sp|P46459|NSF_HUMAN	psvid_33044_sp|P46459|NSF_HUMAN	0.2174070643903483	-0.11883927840083874	0.5536534071815353	0.1420093740649828	1.530934600774058	0.1699202279655226	1.0	0.12474853246143816	-13.627001605694446
sp|A0A804HLA8|GBG5B_HUMAN	psvid_884047_sp|A0A804HLA8|GBG5B_HUMAN	0.5820340002377744	-0.31880704180095476	1.4828750422765036	0.38045877748449297	1.5298214542086557	0.17019035968713922	1.0	0.6017613066609573	-13.120333103242306
sp|P63218|GBG5_HUMAN	psvid_70701_sp|P63218|GBG5_HUMAN	0.5820340002377744	-0.31880704180095476	1.4828750422765036	0.38045877748449297	1.5298214542086557	0.17019035968713922	1.0	0.6017613066609573	-13.120333103242306
sp|Q86UL3|GPAT4_HUMAN	psvid_84967_sp|Q86UL3|GPAT4_HUMAN	-0.6856205380226794	-1.7468541488542433	0.37561307280888445	0.44819854265151543	-1.5297250498999615	0.17021377303649332	1.0	0.7199054353524759	-15.336472264375704
sp|Q9H6U8|ALG9_HUMAN	psvid_59343_sp|Q9H6U8|ALG9_HUMAN	-0.3364235697527955	-0.857471531739154	0.18462439223356297	0.22005799178451937	-1.5287950554516614	0.17043978906758067	1.0	0.3068726013904188	-14.058561459877136
sp|P07099|HYEP_HUMAN	psvid_64636_sp|P07099|HYEP_HUMAN	-0.249999972448536	-0.6377132994169414	0.13771335451986944	0.1637458014335267	-1.5267565351898476	0.17093617282697834	1.0	0.1845255106483527	-6.846464130785369
sp|Q8N490|PNKD_HUMAN	psvid_34791_sp|Q8N490|PNKD_HUMAN	-0.30123522541426606	-0.7690495092391263	0.16657905841059412	0.19757542364076477	-1.5246593926680752	0.17144821418393547	1.0	0.26086737980967334	-12.568530586378937
sp|Q8WWP7|GIMA1_HUMAN	psvid_43189_sp|Q8WWP7|GIMA1_HUMAN	-0.9205666935467951	-2.352613551743488	0.5114801646498977	0.6048068100194297	-1.5220838758697532	0.17207897926819607	1.0	0.9884318917986125	-14.459301159525886
sp|Q6P2E9|EDC4_HUMAN	psvid_27065_sp|Q6P2E9|EDC4_HUMAN	0.41201209836125674	-0.22942313237945366	1.0534473291019673	0.2709020263672695	1.5208896880035896	0.17237216639942665	1.0	0.40448670326944697	-15.946055266010033
sp|Q9HCL2|GPAT1_HUMAN	psvid_31164_sp|Q9HCL2|GPAT1_HUMAN	-1.1662158865501735	-2.9906151094671367	0.6581833363667895	0.7705118501525882	-1.5135599618866629	0.17418173972994744	1.0	1.269230817348401	-14.727120542762723
sp|P09960|LKHA4_HUMAN	psvid_49809_sp|P09960|LKHA4_HUMAN	-0.5645889800731716	-1.4483760103368595	0.3191980501905164	0.37325623212038045	-1.5126042956225407	0.17441895226255572	1.0	0.5890802739357023	-15.566463268065917
sp|P13645|K1C10_HUMAN	psvid_22937_sp|P13645|K1C10_HUMAN	0.9875433179437043	-0.5634410974106965	2.538527733298105	0.6550385773141398	1.5076109287989365	0.17566319905209699	1.0	1.0737958474676095	-13.051525128149438
sp|P35575|G6PC1_HUMAN	psvid_99891_sp|P35575|G6PC1_HUMAN	-0.4648840117918738	-1.196317294811239	0.2665492712274916	0.30891156117757457	-1.5049097224452537	0.1763396593948535	1.0	0.47425158177377913	-13.719939340955309
sp|P38405|GNAL_HUMAN	psvid_65187_sp|P38405|GNAL_HUMAN	-0.5933883213368745	-1.529660481311584	0.342883838637835	0.39542266032926726	-1.5006431873245751	0.17741296767883538	1.0	0.6280232034557264	-13.977244868027078
sp|Q6DRA6|H2B2D_HUMAN	psvid_30702_sp|Q6DRA6|H2B2D_HUMAN	-0.5658814931390634	-1.4593819077100545	0.3276189214319276	0.3773585566663737	-1.499585694142255	0.17767991509734968	1.0	0.5963063504759821	-14.31676905248043
sp|Q6DN03|H2B2C_HUMAN	psvid_30703_sp|Q6DN03|H2B2C_HUMAN	-0.5643204845492669	-1.4571912390051036	0.3285502699065699	0.37709262771058344	-1.496503625582359	0.17846002446916479	1.0	0.5958382023365401	-14.551425118708645
sp|RETBP_HUMAN|,sp|P02753|RET4_HUMAN	psvid_55271_sp|RETBP_HUMAN|	-0.32135053179362294	-0.8300301806179756	0.18732911703072974	0.21483439174237143	-1.4958058120367677	0.17863708237569717	1.0	0.2963975704744107	-6.730306802057958
sp|O94905|ERLN2_HUMAN	psvid_28780_sp|O94905|ERLN2_HUMAN	-0.25664702723677557	-0.663440774532494	0.15014672005894286	0.1718041747234369	-1.493834638476714	0.17913809768272249	1.0	0.20389074019684403	-10.374349100107057
sp|P02743|SAMP_HUMAN	psvid_107946_sp|P02743|SAMP_HUMAN	0.27857258996077316	-0.16308528328797456	0.7202304632095209	0.18652859570245425	1.4934578202966005	0.17923401952638174	1.0	0.23716773000477465	-11.44009287627545
sp|O43657|TSN6_HUMAN	psvid_82331_sp|O43657|TSN6_HUMAN	-0.7127940439182145	-1.8456122075362265	0.42002411969979736	0.478431369719729	-1.4898564120822138	0.18015314605897503	1.0	0.7721354094841094	-14.176083186160405
sp|P11182|ODB2_HUMAN	psvid_1633339_sp|P11182|ODB2_HUMAN	0.22074383016497912	-0.13088120948180648	0.5723688698117647	0.14850437144181644	1.4864466818168103	0.18102730348351162	1.0	0.144260214563135	-11.684699146158916
sp|Q6UWM9|UD2A3_HUMAN	psvid_26922_sp|Q6UWM9|UD2A3_HUMAN	-0.2637998241779269	-0.6845415339090395	0.15694188555318567	0.17769491958177513	-1.4845659335607866	0.18151112209560546	1.0	0.21748216869528061	-11.270852334391392
sp|O75746|S2512_HUMAN	psvid_53032_sp|O75746|S2512_HUMAN	-0.29291758460519635	-0.7601649137179666	0.17432974450757388	0.1973359775158828	-1.4843597619274496	0.18156423073101174	1.0	0.26036272613470446	-13.217816734717843
sp|O75976|CBPD_HUMAN	psvid_46119_sp|O75976|CBPD_HUMAN	-0.37789845330798233	-0.9807785348718101	0.22498162825584544	0.25461874858901484	-1.4841737122742509	0.18161216817860434	1.0	0.3739059308430937	-14.803198570189487
sp|Q969X5|ERGI1_HUMAN	psvid_44747_sp|Q969X5|ERGI1_HUMAN	-0.24932889613912446	-0.6482783264017229	0.14962053412347393	0.1684912270119656	-1.479773757724597	0.18274921420604298	1.0	0.19604938491671153	-10.655716016990189
sp|Q96PC5|MIA2_HUMAN	psvid_160167_sp|Q96PC5|MIA2_HUMAN	0.20084673957113042	-0.12077716491923751	0.5224706440614983	0.13583377288768553	1.4786215187971037	0.18304804434799443	1.0	0.1038709006316868	-12.079827718396743
sp|Q9UL46|PSME2_HUMAN	psvid_85740_sp|Q9UL46|PSME2_HUMAN	-0.3628144311991228	-0.9461715101464128	0.22054264774816712	0.2463734562880506	-1.4726198051746848	0.18461175317686399	1.0	0.35821053409190423	-12.556331651616766
sp|P61026|RAB10_HUMAN	psvid_21468_sp|P61026|RAB10_HUMAN	0.214962176459788	-0.13080559286272797	0.560729945782304	0.1460306276812918	1.4720348729099322	0.1847647994488254	1.0	0.1370555630703578	-10.721999992334837
sp|P51888|PRELP_HUMAN	psvid_42092_sp|P51888|PRELP_HUMAN	0.5805852756150065	-0.356398597924768	1.517569149154781	0.3957232435179184	1.4671497950276897	0.18604746486120402	1.0	0.6285496436584384	-13.930757926354936
sp|P06213|INSR_HUMAN	psvid_33217_sp|P06213|INSR_HUMAN	-0.7337710156191561	-1.922524924003204	0.4549828927648918	0.5020551213898441	-1.4615347685087858	0.18753174377031734	1.0	0.8127888602021703	-15.367965033953464
sp|P83111|LACTB_HUMAN	psvid_81051_sp|P83111|LACTB_HUMAN	-0.2653057794136795	-0.695288965800309	0.16467740697295002	0.18159793992213646	-1.4609514817592884	0.18768654244463315	1.0	0.22627283084725133	-11.888195476803805
sp|Q16698|DECR_HUMAN	psvid_45398_sp|Q16698|DECR_HUMAN	0.42260612465575864	-0.26252117815722176	1.1077334274687392	0.2893548183146257	1.4605117935041405	0.18780330780310978	1.0	0.4385976425424793	-9.283379471978778
sp|Q6NUQ4|TM214_HUMAN	psvid_37700_sp|Q6NUQ4|TM214_HUMAN	-0.6956897361862602	-1.8252752326877284	0.43389576031520805	0.4770660938033574	-1.4582669890453746	0.1884004707716851	1.0	0.7697819630728197	-13.682847287473589
sp|Q9Y694|S22A7_HUMAN	psvid_41954_sp|Q9Y694|S22A7_HUMAN	-0.6048657167174682	-1.5941318840852459	0.38440045065030926	0.41780400656671374	-1.447725984458421	0.19122757844893565	1.0	0.6671160066303846	-14.745675525182136
sp|Q9P0U1|TOM7_HUMAN	psvid_151841_sp|Q9P0U1|TOM7_HUMAN	-0.41843771505920646	-1.1036708875329166	0.26679545741450383	0.28939953102176746	-1.4458824918680786	0.19172591656296056	1.0	0.4386796973004443	-12.312668622723601
sp|P53680|AP2S1_HUMAN	psvid_18452_sp|P53680|AP2S1_HUMAN	-0.42258092830205696	-1.1156003144725508	0.2704384578684369	0.2926879395267875	-1.4437934442576557	0.1922920474712974	1.0	0.44470721508848854	-12.491233474032711
sp|Q9Y6M9|NDUB9_HUMAN	psvid_75621_sp|Q9Y6M9|NDUB9_HUMAN	-0.20683855040386456	-0.5465249091663846	0.13284780835865545	0.1434622211377788	-1.4417631956584596	0.19284368557275938	1.0	0.12929002509392068	-11.202593816079354
sp|Q7L576|CYFP1_HUMAN	psvid_40213_sp|Q7L576|CYFP1_HUMAN	-0.40348245906780056	-1.066134092703059	0.2591691745674577	0.279862504777101	-1.441716743688683	0.1928563236706558	1.0	0.4211147846939829	-14.058211953591709
sp|Q8WWZ4|ABCAA_HUMAN	psvid_23160_sp|Q8WWZ4|ABCAA_HUMAN	-0.41801680598412183	-1.1048092058301187	0.2687755938618751	0.29005805090729353	-1.441148779275655	0.19301090893340525	1.0	0.4398878750180751	-17.623592338045746
sp|O95870|ABHGA_HUMAN	psvid_38020_sp|O95870|ABHGA_HUMAN	-0.29207587045616057	-0.7728579294918612	0.18870618857954008	0.20305219886877218	-1.4384275180635806	0.1937531137212195	1.0	0.2723147485073943	-13.04712593969969
sp|P60174|TPIS_HUMAN	psvid_37841_sp|P60174|TPIS_HUMAN	-0.2029798046117457	-0.5379627720229807	0.13200316279948926	0.1414758035124325	-1.4347315906490568	0.19476526132659314	1.0	0.12305053125033123	-10.545801310849372
sp|O95139|NDUB6_HUMAN	psvid_89961_sp|O95139|NDUB6_HUMAN	-0.5447550009328701	-1.4451046032879962	0.35559460142225596	0.38025122417319196	-1.4326186644562966	0.19534602841744936	1.0	0.6013962655885398	-11.547140629060667
sp|P62328|TYB4_HUMAN	psvid_18957_sp|P62328|TYB4_HUMAN	-0.44508270065492583	-1.1838452920177134	0.2936798907078617	0.31200700150724087	-1.426515105445788	0.1970324184221487	1.0	0.47985528986516257	-10.397295011626223
sp|P30838|AL3A1_HUMAN	psvid_72865_sp|P30838|AL3A1_HUMAN	-0.4753716753379682	-1.2665576170951827	0.31581426641924637	0.3341473380060828	-1.4226409169517746	0.19810960430998142	1.0	0.5196698752267624	-14.205215724221407
sp|P43353|AL3B1_HUMAN	psvid_67272_sp|P43353|AL3B1_HUMAN	-0.47543030671885855	-1.2667702757441335	0.31590966230641626	0.3342123894672961	-1.4225394440841972	0.19813788877991606	1.0	0.5197862279690596	-14.252019633459835
sp|Q8IWB7|WDFY1_HUMAN	psvid_66168_sp|Q8IWB7|WDFY1_HUMAN	-0.30641208936102027	-0.8169655016369554	0.20414132291491482	0.21562575194779768	-1.4210366182755465	0.19855720900229976	1.0	0.2979918026317613	-13.605109383759743
sp|P48448|AL3B2_HUMAN	psvid_95892_sp|P48448|AL3B2_HUMAN	-0.47400254753227244	-1.2645312316919046	0.3165261366273596	0.33386975360395266	-1.419722938108823	0.19892440436398656	1.0	0.5191733422786282	-13.970515085972
sp|P49638|TTPA_HUMAN	psvid_48776_sp|P49638|TTPA_HUMAN	0.5605731621661163	-0.3749131575566522	1.4960594818888848	0.3950907706754889	1.4188465126828986	0.19916971775522369	1.0	0.6274418854512802	-13.935881596467596
sp|Q8N128|F177A_HUMAN	psvid_43856_sp|Q8N128|F177A_HUMAN	-0.418744487619672	-1.1176705800683107	0.2801816048289666	0.2951825619348175	-1.4185949362148957	0.1992401845601048	1.0	0.4492704755071731	-13.247528440555492
sp|P61106|RAB14_HUMAN	psvid_86141_sp|P61106|RAB14_HUMAN	-0.28361904464233456	-0.7573969484441823	0.1901588591595132	0.20009408282695365	-1.4174284448361993	0.19956721154879548	1.0	0.2661540096240789	-9.857592544625682
sp|Q99424|ACOX2_HUMAN	psvid_47377_sp|Q99424|ACOX2_HUMAN	-0.37198812078840593	-0.9957747671724246	0.2517985255956128	0.2634483708216886	-1.4119962846161649	0.20109645556846106	1.0	0.39055118656322907	-13.326725051390035
sp|Q9UEU0|VTI1B_HUMAN	psvid_42541_sp|Q9UEU0|VTI1B_HUMAN	0.4687569574545023	-0.31814965127827843	1.255663566187283	0.3323400160314529	1.4104740170986174	0.20152687403082872	1.0	0.5164358842618161	-13.220821934505246
sp|P31689|DNJA1_HUMAN	psvid_11314_sp|P31689|DNJA1_HUMAN	-0.2290490594290504	-0.6140104470188346	0.1559123281607338	0.16258355477419137	-1.408808287819586	0.20199879875268606	1.0	0.1816442174053193	-11.776283843306192
sp|Q9NZ45|CISD1_HUMAN	psvid_94852_sp|Q9NZ45|CISD1_HUMAN	0.32190172089090563	-0.22497135536928825	0.8687747971510995	0.23096490093553285	1.3937257115130024	0.2063169843580347	1.0	0.32841266330124685	-11.108834703492478
sp|Q8WXH0|SYNE2_HUMAN	psvid_29254_sp|Q8WXH0|SYNE2_HUMAN	-0.3684422210337024	-0.9946366248924159	0.2577521828250111	0.2644652566234593	-1.3931592593210969	0.20648075091863308	1.0	0.39245833046395845	-16.301483058230737
sp|P61803|DAD1_HUMAN	psvid_89287_sp|P61803|DAD1_HUMAN	0.282625323991442	-0.1994903962745176	0.7647410442574016	0.2036154537578861	1.3880347428221462	0.20796755646027182	1.0	0.27348217344050757	-12.09152654932055
sp|P15121|ALDR_HUMAN	psvid_40208_sp|P15121|ALDR_HUMAN	0.5806589898431196	-0.41074665248259645	1.5720646321688356	0.4187075866535111	1.3867887956938945	0.2083304847864336	1.0	0.6686900281366583	-15.086694373454531
sp|Q96FJ2|DYL2_HUMAN	psvid_21668_sp|Q96FJ2|DYL2_HUMAN	0.38114343385095184	-0.27043531800929965	1.0327221857112034	0.2751860137351128	1.3850392637244675	0.2088410501709543	1.0	0.41245263327214493	-12.075914446981834
sp|P49189|AL9A1_HUMAN	psvid_53393_sp|P49189|AL9A1_HUMAN	-0.24816403066887327	-0.6733884128434342	0.1770603515056876	0.17958811937853178	-1.3818510463144766	0.20977432318349665	1.0	0.2217658239413788	-13.070538956998448
sp|Q99943|PLCA_HUMAN	psvid_64624_sp|Q99943|PLCA_HUMAN	-0.44903202777445994	-1.2187515320094948	0.32068747646057494	0.32508126064558374	-1.3812916403816096	0.2099384566265048	1.0	0.5034197304192888	-13.127889318351382
sp|P63241|IF5A1_HUMAN	psvid_75227_sp|P63241|IF5A1_HUMAN	0.48357381497298757	-0.3509069519729804	1.3180545819189555	0.3524323577754305	1.3721039067619332	0.21265053153246607	1.0	0.5522490368595087	-9.271745404614315
sp|Q969Z3|MARC2_HUMAN	psvid_89237_sp|Q969Z3|MARC2_HUMAN	0.19673068535198945	-0.14367837597873773	0.5371397466827166	0.14376744539239616	1.368395221985314	0.21375403207460406	1.0	0.13022973402391824	-10.852279691588638
sp|P46952|3HAO_HUMAN	psvid_67945_sp|P46952|3HAO_HUMAN	0.4513515617449779	-0.33000907873266894	1.2327122022226247	0.3299977467476947	1.367741344276712	0.2139491141935088	1.0	0.5122406816430005	-13.06770147912615
sp|P11717|MPRI_HUMAN	psvid_46919_sp|P11717|MPRI_HUMAN	-0.23964377603878084	-0.6545487268145945	0.17526117473703284	0.17522983853753335	-1.3675968547300257	0.21399224336206282	1.0	0.2118452713152616	-12.801624384177419
sp|P09471|GNAO_HUMAN	psvid_12517_sp|P09471|GNAO_HUMAN	-0.3469697808586125	-0.948751767227631	0.25481220551040595	0.2541549820243463	-1.3651897676567097	0.2147118736097481	1.0	0.37302719601285056	-12.799850865687734
sp|P04196|HRG_HUMAN	psvid_62063_sp|P04196|HRG_HUMAN	-0.24996023252159016	-0.6838133026010843	0.18389283755790398	0.183232336169739	-1.364170963197441	0.21501710177862965	1.0	0.22990884728097064	-13.448348696503789
sp|Q00765|REEP5_HUMAN	psvid_91714_sp|Q00765|REEP5_HUMAN	0.20549467965179957	-0.15120701695038907	0.5621963762539882	0.15064843305627135	1.3640678199091631	0.2150480242821772	1.0	0.15031706077743878	-10.466286957231352
sp|O95255|MRP6_HUMAN	psvid_55070_sp|O95255|MRP6_HUMAN	-0.2531941931374022	-0.694418957042027	0.18803057076722263	0.18634567746950031	-1.35873392168618	0.21665249328184125	1.0	0.2367674020099542	-15.131279173609167
sp|Q04917|1433F_HUMAN	psvid_35291_sp|Q04917|1433F_HUMAN	-0.4385937026706297	-1.2032899286056602	0.3261025232644007	0.3229597428285681	-1.358044500621992	0.21686064391226312	1.0	0.49960685890356904	-13.157005172514069
sp|Q86UP2|KTN1_HUMAN	psvid_53602_sp|Q86UP2|KTN1_HUMAN	-0.6029185790271594	-1.6559314835025862	0.45009432544826744	0.44472663168791565	-1.3557060361751712	0.21756798865375385	1.0	0.713890767238313	-16.950004648743402
sp|Q8NBU5|ATAD1_HUMAN	psvid_53995_sp|Q8NBU5|ATAD1_HUMAN	-0.6850152290493798	-1.884967521468075	0.5149370633693153	0.5067846167178784	-1.3516890735275031	0.21878779442462237	1.0	0.8209130416486209	-13.770996410775172
sp|Q86YT5|S13A5_HUMAN	psvid_87204_sp|Q86YT5|S13A5_HUMAN	-0.4065055218574507	-1.1187678462686732	0.3057568025537718	0.3008149501941839	-1.351347469914779	0.21889180424342833	1.0	0.45954535169158656	-13.925269808580458
sp|P0DJI8|SAA1_HUMAN	psvid_36397_sp|P0DJI8|SAA1_HUMAN	0.3962403847312763	-0.2998648845326247	1.0923456539951775	0.29399122307448283	1.3477966470818368	0.2199755202284871	1.0	0.4470922120757899	-8.871422625544344
sp|P0DJI9|SAA2_HUMAN	psvid_85654_sp|P0DJI9|SAA2_HUMAN	0.3962403847312763	-0.29986488453262516	1.092345653995178	0.293991223074483	1.347796647081836	0.2199755202284872	1.0	0.44709221207579025	-9.017663190612364
sp|Q9UHB9|SRP68_HUMAN	psvid_34373_sp|Q9UHB9|SRP68_HUMAN	-0.5042744006436215	-1.390521462872936	0.381972661585693	0.3742951953897458	-1.3472638891838593	0.22013852502684284	1.0	0.5909112296354609	-15.530902075673042
sp|Q8NHH9|ATLA2_HUMAN	psvid_79320_sp|Q8NHH9|ATLA2_HUMAN	-0.1922274386646463	-0.53123546524175	0.1467805879124574	0.1431757361510293	-1.3425978719039007	0.2215707002048483	1.0	0.12840358914822195	-12.216545780725149
sp|Q9BRJ6|CHOLN_HUMAN	psvid_86802_sp|Q9BRJ6|CHOLN_HUMAN	0.6228799637983364	-0.476511421831066	1.7222713494277389	0.4643139944056442	1.341505901831945	0.22190704569972747	1.0	0.7477772094302224	-13.71501880458529
sp|P36957|ODO2_HUMAN	psvid_70633_sp|P36957|ODO2_HUMAN	-0.2572007402889107	-0.7111751400464394	0.19677365946861802	0.19173032430906975	-1.34147136722255	0.22191769025745808	1.0	0.24843886722822486	-12.674328164487521
sp|P01861|IGHG4_HUMAN	psvid_160640_sp|P01861|IGHG4_HUMAN	-0.21252449612017887	-0.5876546165862664	0.16260562434590864	0.1584314439172747	-1.341428764804725	0.22193082216264112	1.0	0.1711340935124286	-15.01466125555091
sp|Q16563|SYPL1_HUMAN	psvid_84043_sp|Q16563|SYPL1_HUMAN	-0.6017259285975705	-1.664034848551292	0.460582991356151	0.44865268580768	-1.3411842782448138	0.22200619666683127	1.0	0.720691912336894	-14.55952317340352
sp|O43674|NDUB5_HUMAN	psvid_27616_sp|O43674|NDUB5_HUMAN	-0.35296090683602044	-0.9767713894653474	0.2708495757933065	0.2634584377572816	-1.339721399096716	0.22245766757502336	1.0	0.3905700763949104	-13.33513719743557
sp|H3BR10|SMLR1_HUMAN	psvid_103269_sp|H3BR10|SMLR1_HUMAN	0.6624311540166472	-0.5100171678855956	1.83487947591889	0.4951686639467022	1.337788923751339	0.2230552988158876	1.0	0.8009510765907738	-13.732374878473987
sp|Q96G23|CERS2_HUMAN	psvid_56376_sp|Q96G23|CERS2_HUMAN	0.24706828426355676	-0.19107818471915727	0.6852147532462708	0.18504559868970094	1.3351751460885073	0.22386586659609886	1.0	0.23391382274590686	-11.84981287068565
sp|Q9H0W9|BKGD_HUMAN	psvid_36835_sp|Q9H0W9|BKGD_HUMAN	-0.4168569734616252	-1.1575995345627572	0.3238855876395068	0.31284321658953995	-1.3324788627542932	0.22470472342016354	1.0	0.48136740671469236	-13.42775143910986
sp|CATG_HUMAN|,sp|P08311|CATG_HUMAN	psvid_66643_sp|CATG_HUMAN|	0.4631822447993552	-0.3599551227679356	1.286319612366646	0.3476416170578864	1.3323555698517822	0.22474314753186622	1.0	0.5437365351828791	-12.392642071321848
sp|O60568|PLOD3_HUMAN	psvid_52166_sp|O60568|PLOD3_HUMAN	-0.32328226716450414	-0.8996560757763615	0.25309154144735324	0.24342416071793582	-1.3280615457851068	0.22608496834191882	1.0	0.35255696304434	-13.731985359600813
sp|Q8WW59|SPRY4_HUMAN	psvid_1265238_sp|Q8WW59|SPRY4_HUMAN	-0.5226649334677869	-1.4550202707628561	0.4096904038272824	0.3937684399965136	-1.3273408439549257	0.2263108626977193	1.0	0.6251252697113345	-14.276980278475104
sp|O43776|SYNC_HUMAN	psvid_59595_sp|O43776|SYNC_HUMAN	-0.6040265067245136	-1.6832906403363184	0.4752376268872911	0.455813505041386	-1.3251614970681276	0.22699515062793799	1.0	0.7330848077782978	-14.599860229751473
sp|P08603|CFAH_HUMAN	psvid_25506_sp|P08603|CFAH_HUMAN	-0.1898682341388569	-0.5292495993571653	0.14951313107945158	0.14333341098642427	-1.32466138098702	0.22715243569776247	1.0	0.12889199851813227	-11.739194047559106
sp|P08575|PTPRC_HUMAN	psvid_33321_sp|P08575|PTPRC_HUMAN	-0.8157200839066352	-2.2744173782006394	0.6429772103873688	0.6160622833647214	-1.3240870378421015	0.22733318240817818	1.0	1.0075825904727256	-16.537864017992533
sp|A6NHG4|DDTL_HUMAN	psvid_99367_sp|A6NHG4|DDTL_HUMAN	0.29136892856334207	-0.23116431518598757	0.8139021723126717	0.22068528168072693	1.3202916222789864	0.22853076598410557	1.0	0.3081231406308504	-11.473682884259826
sp|P03928|ATP8_HUMAN	psvid_107160_sp|P03928|ATP8_HUMAN	0.255611562287934	-0.20316216974350898	0.714385294319377	0.19375726136507124	1.319236040430603	0.22886481524830982	1.0	0.25277540048379105	-10.243079572849615
sp|O75907|DGAT1_HUMAN	psvid_75224_sp|O75907|DGAT1_HUMAN	-0.5142752504133137	-1.4418260537245697	0.4132755528979424	0.39173930606437457	-1.3127997177000226	0.23091087971333688	1.0	0.6215688195046131	-13.807687765459637
sp|P05141|ADT2_HUMAN	psvid_70839_sp|P05141|ADT2_HUMAN	0.29334056805660635	-0.23671638089520242	0.8233975170084151	0.2238628230558521	1.3103585671454705	0.2316910623453798	1.0	0.3144348301467723	-10.185868796726755
sp|Q6UWW8|EST3_HUMAN	psvid_62167_sp|Q6UWW8|EST3_HUMAN	-0.6684867974275375	-1.8765786985048303	0.5396051036497553	0.5102222770984977	-1.3101873975966891	0.23174585346163204	1.0	0.82681527949839	-14.625364208579992
sp|Q92526|TCPW_HUMAN	psvid_71945_sp|Q92526|TCPW_HUMAN	0.37473569122147854	-0.30261473622382673	1.0520861186667838	0.28607035373434986	1.3099424191626126	0.23182429030498067	1.0	0.4325627328839588	-15.289704854017444
sp|P15313|VATB1_HUMAN	psvid_48912_sp|P15313|VATB1_HUMAN	-0.370120531248074	-1.042058272916161	0.30181721042001297	0.2837843746130526	-1.3042315375987243	0.23365934578687345	1.0	0.4283536167589457	-14.195545697852156
sp|O43741|AAKB2_HUMAN	psvid_87839_sp|O43741|AAKB2_HUMAN	-0.23633907361144368	-0.6675380553090937	0.1948599080862063	0.18211141563662586	-1.2977718765473791	0.23575019777564277	1.0	0.22741789528197687	-13.48378915909176
sp|Q02818|NUCB1_HUMAN	psvid_56539_sp|Q02818|NUCB1_HUMAN	-0.17955617908352162	-0.5074083696525205	0.14829601148547716	0.13846421044183696	-1.2967696021272275	0.23607606229762498	1.0	0.11312051252034244	-10.08152239842464
sp|P50151|GBG10_HUMAN	psvid_93521_sp|P50151|GBG10_HUMAN	-0.418489771770695	-1.184739222627571	0.3477596790861809	0.32361572765535446	-1.293168829595266	0.23724998583276743	1.0	0.500786249809565	-13.370162358517522
sp|Q9NQC3|RTN4_HUMAN	psvid_38604_sp|Q9NQC3|RTN4_HUMAN	0.37745151459388815	-0.3148343649995101	1.0697373941872863	0.29237815233617837	1.2909703121726135	0.2379692289799896	1.0	0.4441399883142911	-11.112031824784346
sp|P55061|BI1_HUMAN	psvid_39659_sp|P55061|BI1_HUMAN	0.47686145796985535	-0.4008442281602741	1.3545671440999847	0.37068785363122997	1.28642320836401	0.239462797770476	1.0	0.5845514762800625	-14.722305985660096
sp|P17858|PFKAL_HUMAN	psvid_39972_sp|P17858|PFKAL_HUMAN	-0.39072348709739035	-1.109984054990154	0.32853708079537347	0.3037705694824662	-1.286245365254	0.23952137747904195	1.0	0.46492222737883865	-13.538006582072455
sp|Q5TEC6|H37_HUMAN	psvid_93838_sp|Q5TEC6|H37_HUMAN	-0.4195885600672158	-1.192935014802714	0.35375789466828256	0.3266130571435321	-1.2846656031967056	0.24004227871941936	1.0	0.5061702543035148	-13.076582225936374
sp|P30613|KPYR_HUMAN	psvid_45483_sp|P30613|KPYR_HUMAN	-0.22077946327741982	-0.6283688383771041	0.18680991182226447	0.1721401980255552	-1.282556113039	0.2407393746673878	1.0	0.20467761985766364	-12.701889501263537
sp|P62899|RL31_HUMAN	psvid_85869_sp|P62899|RL31_HUMAN	0.22045594499730647	-0.1873935487483207	0.6283054387429337	0.1722500558333349	1.2798599334598444	0.2416328896518304	1.0	0.2049345555101406	-11.481768716342675
sp|P25787|PSA2_HUMAN	psvid_93502_sp|P25787|PSA2_HUMAN	-0.2645616168557332	-0.7547859279566245	0.225662694245158	0.2070400141544665	-1.2778284330020937	0.24230801799453436	1.0	0.2805432062154238	-13.648596686966084
sp|Q6NXT2|H3C_HUMAN	psvid_65781_sp|Q6NXT2|H3C_HUMAN	-0.41873391538399574	-1.1953188778700476	0.3578510471020562	0.32798079977752803	-1.276702525477181	0.24268289061802173	1.0	0.5086244746635792	-13.065885075431183
sp|Q16531|DDB1_HUMAN	psvid_46097_sp|Q16531|DDB1_HUMAN	-0.2703935508101285	-0.7761332589861463	0.23534615736588926	0.21359274513354118	-1.2659304071450304	0.24629479857766284	1.0	0.29389073259575554	-14.080037236616988
sp|P13473|LAMP2_HUMAN	psvid_61668_sp|P13473|LAMP2_HUMAN	-0.32529986049005055	-0.935098650944777	0.28449892996467585	0.25754077745267	-1.263100405720539	0.24725133132641453	1.0	0.3794319880436957	-13.099946750664568
sp|P23528|COF1_HUMAN	psvid_5656_sp|P23528|COF1_HUMAN	0.32025046227154474	-0.28035484662471577	0.9208557711678053	0.2536580272322268	1.262528396069058	0.24744505593596694	1.0	0.3720850581731423	-11.34767894055267
sp|P57088|TMM33_HUMAN	psvid_35498_sp|P57088|TMM33_HUMAN	-0.29554734894481527	-0.8499747870302866	0.2588800891406561	0.23415538974609595	-1.2621846939559627	0.24756152142269505	1.0	0.3346384033229805	-11.689625819386361
sp|P62805|H4_HUMAN	psvid_20925_sp|P62805|H4_HUMAN	0.41561551948076714	-0.3654218353999459	1.1966528743614802	0.32986121118009953	1.25997087682385	0.24831281388115	1.0	0.5119959939977369	-9.836816088302992
sp|O15120|PLCB_HUMAN	psvid_82679_sp|O15120|PLCB_HUMAN	-0.4911026382263084	-1.4190263147628306	0.4368210383102137	0.3918967843372565	-1.253142811714622	0.25064234168805727	1.0	0.6218448994530069	-12.433601759370088
sp|Q99459|CDC5L_HUMAN	psvid_31149_sp|Q99459|CDC5L_HUMAN	-0.5639659048807029	-1.6330090716262127	0.505077261864807	0.4514968094456131	-1.2491027468681097	0.2520294764011901	1.0	0.725615909869418	-16.209989550458122
sp|Q00325|S25A3_HUMAN	psvid_69811_sp|Q00325|S25A3_HUMAN	-0.18052699017612817	-0.5227855122820846	0.1617315319298282	0.14454854167099906	-1.2489021894597745	0.2520985073506015	1.0	0.13261311013961766	-10.593446044850001
sp|P54652|HSP72_HUMAN	psvid_52200_sp|P54652|HSP72_HUMAN	-0.20698283473371504	-0.599702577501317	0.18573690803388693	0.16586019758740383	-1.2479355369430372	0.25243145138561385	1.0	0.18970583266118313	-11.61367960455814
sp|Q6NUK4|REEP3_HUMAN	psvid_74835_sp|Q6NUK4|REEP3_HUMAN	0.4353896504948094	-0.39460504348709147	1.2653843444767103	0.3505377218119618	1.24206219018096	0.2544624893871048	1.0	0.5488844006529073	-14.702806670907579
sp|Q9H6K4|OPA3_HUMAN	psvid_78814_sp|Q9H6K4|OPA3_HUMAN	-0.6191026744782446	-1.799400330569061	0.5611949816125716	0.4984837305900841	-1.2419716762779336	0.25449389838758285	1.0	0.8066509295871978	-13.518258466759274
sp|O15145|ARPC3_HUMAN	psvid_20272_sp|O15145|ARPC3_HUMAN	-0.3154252111813616	-0.9180287201194938	0.2871782977567706	0.254501941651778	-1.2393823368661832	0.25539381914114256	1.0	0.37368465143089497	-14.309413383062644
sp|P78371|TCPB_HUMAN	psvid_70358_sp|P78371|TCPB_HUMAN	0.2704333761937616	-0.24807564775820257	0.7889424001457258	0.21898570353876132	1.2349362164909266	0.2569453847590192	1.0	0.3047313658457262	-12.199751008569347
sp|P61011|SRP54_HUMAN	psvid_8086_sp|P61011|SRP54_HUMAN	0.9497231571681883	-0.8722557618427216	2.771702076179098	0.7694896655248165	1.234224707255096	0.25719442371149465	1.0	1.267504618726273	-15.3219664076585
sp|Q96KK5|H2A1H_HUMAN	psvid_48116_sp|Q96KK5|H2A1H_HUMAN	-0.3599179941438644	-1.0507575550266481	0.3309215667389195	0.2917673179904785	-1.233578855311032	0.2574206593608472	1.0	0.44302117561504795	-10.889437525992324
sp|Q99878|H2A1J_HUMAN	psvid_48120_sp|Q99878|H2A1J_HUMAN	-0.3599179941438644	-1.0507575550266481	0.3309215667389195	0.2917673179904785	-1.233578855311032	0.2574206593608472	1.0	0.44302117561504795	-10.889437525992324
sp|Q9BTM1|H2AJ_HUMAN	psvid_48122_sp|Q9BTM1|H2AJ_HUMAN	-0.359362050425752	-1.0491350735984324	0.33041097274692843	0.29131687932883765	-1.2335778525902206	0.25742101073572926	1.0	0.44219583612197677	-10.900166380274277
sp|P0C0S8|H2A1_HUMAN	psvid_48117_sp|P0C0S8|H2A1_HUMAN	-0.3586955082697574	-1.049491549431238	0.33210053289172325	0.29174893798869034	-1.2294663718147356	0.2588651943646738	1.0	0.4429875030670756	-10.910925008309999
sp|P20671|H2A1D_HUMAN	psvid_48113_sp|P20671|H2A1D_HUMAN	-0.3586955082697574	-1.049491549431238	0.33210053289172325	0.29174893798869034	-1.2294663718147356	0.2588651943646738	1.0	0.4429875030670756	-10.910925008309999
sp|Q01518|CAP1_HUMAN	psvid_53378_sp|Q01518|CAP1_HUMAN	-0.5606097198101061	-1.641116520955398	0.5198970813351858	0.45633832989787815	-1.2284957959493834	0.25920711770406624	1.0	0.7339925112079873	-13.269856875932366
sp|P51572|BAP31_HUMAN	psvid_40168_sp|P51572|BAP31_HUMAN	-0.24999981966325402	-0.7325488337905366	0.2325491944640286	0.20379844991933696	-1.2267012813993603	0.25984031557614146	1.0	0.27386108120357655	-9.84078293213614
sp|Q9Y2B0|CNPY2_HUMAN	psvid_64909_sp|Q9Y2B0|CNPY2_HUMAN	-0.24999981966325402	-0.7325488337905366	0.2325491944640286	0.20379844991933696	-1.2267012813993603	0.25984031557614146	1.0	0.27386108120357655	-9.84078293213614
sp|Q06033|ITIH3_HUMAN	psvid_56970_sp|Q06033|ITIH3_HUMAN	-0.289516809228465	-0.8483543423969901	0.2693207239400601	0.2360179374160953	-1.226672906297169	0.25985033831825477	1.0	0.3382586006039939	-14.531670420230132
sp|Q9UMX5|NENF_HUMAN	psvid_36799_sp|Q9UMX5|NENF_HUMAN	-0.33073065878633834	-0.9696716608540124	0.3082103432813357	0.2698486205526736	-1.2256155251376604	0.2602240637243973	1.0	0.4025232103628482	-11.19143217064251
sp|Q96KP4|CNDP2_HUMAN	psvid_32973_sp|Q96KP4|CNDP2_HUMAN	0.2134270582731128	-0.19932506120531607	0.6261791777515417	0.17432061757033615	1.2243362904964337	0.26067681136414556	1.0	0.209748259755528	-12.23128772454061
sp|O15260|SURF4_HUMAN	psvid_82724_sp|O15260|SURF4_HUMAN	0.25338045948821186	-0.23728051141250706	0.7440414303889308	0.20722443187731257	1.222734487399758	0.2612446642480126	1.0	0.28092171253814185	-11.264277680613812
sp|P16070|CD44_HUMAN	psvid_58845_sp|P16070|CD44_HUMAN	-0.39474008958579354	-1.1612966932427358	0.3718165140711487	0.32374544974100644	-1.2192915449516966	0.26246876523328394	1.0	0.5010194304717404	-15.536629613203502
sp|Q14139|UBE4A_HUMAN	psvid_72001_sp|Q14139|UBE4A_HUMAN	-0.3659733950695534	-1.0773942548836906	0.34544746474458377	0.3004595683044123	-1.218045400034541	0.26291301394044797	1.0	0.4588981627507836	-14.582272592316677
sp|Q9Y617|SERC_HUMAN	psvid_25441_sp|Q9Y617|SERC_HUMAN	-0.24588207102652282	-0.7249158278184482	0.23315168576540263	0.2023138256116715	-1.2153498174587327	0.26387616178566387	1.0	0.27078167914036816	-12.847875410792259
sp|P49585|PCY1A_HUMAN	psvid_50459_sp|P49585|PCY1A_HUMAN	0.5046500496213802	-0.48005625038063837	1.4893563496233986	0.4158782044745467	1.2134563537875105	0.2645544900852861	1.0	0.6637602538552033	-12.869160445657766
sp|O95864|FADS2_HUMAN	psvid_64365_sp|O95864|FADS2_HUMAN	-0.4005791090487385	-1.1834742072109097	0.3823159891134328	0.3306458054700578	-1.2115051890020534	0.2652550304397894	1.0	0.5134018654742896	-13.889993472153417
sp|Q9ULC5|ACSL5_HUMAN	psvid_49819_sp|Q9ULC5|ACSL5_HUMAN	-0.25809112496608444	-0.7626534700206635	0.24647122008849465	0.21309550076640607	-1.2111523895992637	0.265381865575938	1.0	0.2928849041224067	-9.901775182539108
sp|Q15493|RGN_HUMAN	psvid_66275_sp|Q15493|RGN_HUMAN	-0.6680100372149815	-1.9743163113853135	0.6382962369553504	0.5517018706945197	-1.2108170602612698	0.2655024674990128	1.0	0.8978606737574709	-13.904389419247465
sp|P0CG22|DR4L1_HUMAN	psvid_29435_sp|P0CG22|DR4L1_HUMAN	-0.41921521500222214	-1.2390065468919562	0.40057611688751193	0.3462284613690406	-1.2108051814821366	0.26550674057610396	1.0	0.5412225062278909	-14.917358549252846
sp|Q92692|NECT2_HUMAN	psvid_57939_sp|Q92692|NECT2_HUMAN	-0.6481841159668864	-1.9160168603198624	0.6196486283860896	0.5354530638165632	-1.2105339566960491	0.26560432232763065	1.0	0.8700658350525474	-15.344707014615375
sp|P26641|EF1G_HUMAN	psvid_74056_sp|P26641|EF1G_HUMAN	-0.4369405099629504	-1.2929743156069624	0.4190932956810616	0.36153501004311134	-1.2085703951903506	0.2663116792998493	1.0	0.5683814497743237	-13.44050023628283
sp|P49006|MRP_HUMAN	psvid_87632_sp|P49006|MRP_HUMAN	0.3247107274372598	-0.31172727404407363	0.9611487289185933	0.26879151003185753	1.2080393737092912	0.2665032482544298	1.0	0.40055088330301947	-11.87724536097279
sp|Q8IUE6|H2A2B_HUMAN	psvid_48121_sp|Q8IUE6|H2A2B_HUMAN	-0.5193062275822209	-1.5374469372738213	0.49883448210937953	0.42999880294064896	-1.2076922633989255	0.2666285330399958	1.0	0.6883338575441221	-12.129653853733894
sp|P30043|BLVRB_HUMAN	psvid_70183_sp|P30043|BLVRB_HUMAN	-0.18079425497930446	-0.5377735689190161	0.17618505896040715	0.15076568121428538	-1.1991738008488753	0.2697187484075357	1.0	0.15064370514791545	-11.422118186988385
sp|P62333|PRS10_HUMAN	psvid_47569_sp|P62333|PRS10_HUMAN	0.44826255391246006	-0.43748841787357107	1.334013525698491	0.3740856778891375	1.1982884681442023	0.2700416398229751	1.0	0.5905420464772024	-13.49478675817204
sp|Q9BX93|PG12B_HUMAN	psvid_72380_sp|Q9BX93|PG12B_HUMAN	-0.24184820384320282	-0.7200276472996135	0.2363312396132079	0.20195301722034528	-1.197546870910718	0.2703123592606152	1.0	0.2700314170549064	-12.097074583710278
sp|P39019|RS19_HUMAN	psvid_93803_sp|P39019|RS19_HUMAN	0.22525970035809895	-0.22028889546649666	0.6708082961826946	0.18817179298772488	1.1970959981913625	0.2704770614419141	1.0	0.2407514563062065	-10.135758218326863
sp|Q9UK55|ZPI_HUMAN	psvid_24559_sp|Q9UK55|ZPI_HUMAN	-0.50232221716103	-1.4979645748209178	0.49332014049885786	0.4204969095877114	-1.1945919356542871	0.27139332179727627	1.0	0.6718060924779687	-14.373567780020702
sp|P07741|APT_HUMAN	psvid_77584_sp|P07741|APT_HUMAN	0.6257322448480664	-0.6153105768451721	1.866775066541305	0.5241386800924814	1.1938295504877818	0.27167280289416007	1.0	0.8506852508304886	-13.606209611033023
sp|P08684|CP3A4_HUMAN	psvid_54083_sp|P08684|CP3A4_HUMAN	-0.2064926299837777	-0.6167598209845384	0.203774561016983	0.1732711395751835	-1.191731239778562	0.27244326570060956	1.0	0.20731518119744846	-6.417197904806811
sp|P60604|UB2G2_HUMAN	psvid_59158_sp|P60604|UB2G2_HUMAN	-0.21741338773237606	-0.6495799959691217	0.21475322050436957	0.18252008042091758	-1.191175169499101	0.27264775194167434	1.0	0.2283274202559427	-11.900592616187186
sp|P40763|STAT3_HUMAN	psvid_52586_sp|P40763|STAT3_HUMAN	-0.3514266549087677	-1.0508779913009785	0.34802468148344323	0.2954043920461548	-1.1896460051746955	0.2732107422308086	1.0	0.4496758776305012	-12.991450893540481
sp|P08519|APOA_HUMAN	psvid_882150_sp|P08519|APOA_HUMAN	-0.49464610292782396	-1.4807853753264228	0.4914931694707749	0.4164834021739523	-1.1876730269342775	0.2739385703375635	1.0	0.6648149773107848	-14.535710981552882
sp|Q8N0Y7|PGAM4_HUMAN	psvid_60934_sp|Q8N0Y7|PGAM4_HUMAN	-0.2690905208175911	-0.805671925826466	0.26749088419128375	0.22661834424037194	-1.187417204549731	0.2740330616216418	1.0	0.3198785027953546	-12.768805043201448
sp|Q8TDB6|DTX3L_HUMAN	psvid_47508_sp|Q8TDB6|DTX3L_HUMAN	0.5334870412113797	-0.5311070002721117	1.598081082694871	0.4496177778750353	1.1865345799552762	0.27435927996033227	1.0	0.7223630354463698	-14.447573328170806
sp|P25786|PSA1_HUMAN	psvid_52479_sp|P25786|PSA1_HUMAN	-0.2266558505466869	-0.6799004111128253	0.2265887100194514	0.19142208599225388	-1.1840632149200319	0.27527442754732556	1.0	0.24777679836599792	-12.334571195157878
sp|O43760|SNG2_HUMAN	psvid_85440_sp|O43760|SNG2_HUMAN	0.472984204546532	-0.47289131259218287	1.418859721685247	0.39947851630813747	1.184004108450468	0.27529634594105235	1.0	0.635123188380166	-13.393790025368773
sp|Q99735|MGST2_HUMAN	psvid_97118_sp|Q99735|MGST2_HUMAN	0.20731446289970545	-0.20892071050144545	0.6235496363008564	0.17579164117551335	1.1793192299326631	0.27703828345379206	1.0	0.21313608344457813	-11.821608272774412
sp|Q16629|SRSF7_HUMAN	psvid_64230_sp|Q16629|SRSF7_HUMAN	0.3632988620115829	-0.37028369551578455	1.0968814195389505	0.30981927997993114	1.1726154099742145	0.27954690961899414	1.0	0.47589586844395093	-12.677750282487008
sp|Q96RT6|CTGE2_HUMAN	psvid_37981_sp|Q96RT6|CTGE2_HUMAN	0.2337389786688595	-0.23855065588954788	0.7060286132272668	0.19946553120629743	1.171826416600845	0.2798433995809255	1.0	0.26483833128041595	-13.898769683091036
sp|P00846|ATP6_HUMAN	psvid_68413_sp|P00846|ATP6_HUMAN	0.16284509407471193	-0.16637684849935985	0.4920670366487837	0.13904270781150344	1.171187591480718	0.2800836508380185	1.0	0.11507745865501	-14.061600740075086
sp|P00414|COX3_HUMAN	psvid_167787_sp|P00414|COX3_HUMAN	-0.4617523533284844	-1.395519555266123	0.4720148486091543	0.39436472310398607	-1.1708764153499844	0.2802007411022899	1.0	0.6261700085737811	-14.788882447488387
sp|P06454|PTMA_HUMAN	psvid_82774_sp|P06454|PTMA_HUMAN	-0.6215703567831046	-1.882276693096322	0.6391359795301128	0.53244331585423	-1.1673925435346726	0.2815144474482632	1.0	0.8649125921748406	-12.2480439965612
sp|Q86YB7|ECHD2_HUMAN	psvid_31293_sp|Q86YB7|ECHD2_HUMAN	-0.1931191872854483	-0.584952548887411	0.19871417431651445	0.16548584575514144	-1.1669831120855745	0.2816691728077858	1.0	0.18879421809153912	-13.130378867858497
sp|P20290|BTF3_HUMAN	psvid_77721_sp|P20290|BTF3_HUMAN	0.36788293705720276	-0.38260900036820844	1.118374874482614	0.31696074190696666	1.1606577358567094	0.2840685475949573	1.0	0.4888028889148934	-11.457575221977327
sp|Q9HD45|TM9S3_HUMAN	psvid_26171_sp|Q9HD45|TM9S3_HUMAN	-0.35771482281863465	-1.0901066057812454	0.3746769601439761	0.30931637145997554	-1.1564690906278838	0.2856667247926792	1.0	0.4749849821823928	-12.94935634576675
sp|A1L0T0|HACL2_HUMAN	psvid_67259_sp|A1L0T0|HACL2_HUMAN	0.16505524509493963	-0.17492601968248045	0.5050365098723597	0.14358677094919478	1.149515683121957	0.28833624023113796	1.0	0.12967406380584354	-10.22816713004752
sp|Q5XKP0|MIC13_HUMAN	psvid_151646_sp|Q5XKP0|MIC13_HUMAN	-0.47436276396765287	-1.452204398605116	0.5034788706698102	0.4129790002081334	-1.148636525655259	0.288675226268175	1.0	0.6587056222935894	-12.740320943446026
sp|Q5BJD5|TM41B_HUMAN	psvid_35221_sp|Q5BJD5|TM41B_HUMAN	0.26912297212037295	-0.28637856202105927	0.8246245062618052	0.23460902057915275	1.147112636402554	0.28926358844687017	1.0	0.33552106543828364	-13.065792670559807
sp|P04626|ERBB2_HUMAN	psvid_44554_sp|P04626|ERBB2_HUMAN	0.3315456039305067	-0.3539234627808274	1.0170146706418408	0.2894991579582344	1.1452385777866003	0.2899885059016904	1.0	0.4388625185913933	-17.69999473608576
sp|Q15303|ERBB4_HUMAN	psvid_23246_sp|Q15303|ERBB4_HUMAN	0.3313820578117621	-0.3543410121951499	1.0171051278186742	0.2896064330254248	1.144249643731739	0.29037164628631557	1.0	0.4390593598478545	-17.759723069700193
sp|Q16134|ETFD_HUMAN	psvid_78198_sp|Q16134|ETFD_HUMAN	0.21873268363701293	-0.23418857828375678	0.6716539455577826	0.19128554491381794	1.143487782809522	0.29066709700109894	1.0	0.24748329535392488	-10.154326045062545
sp|O75439|MPPB_HUMAN	psvid_50729_sp|O75439|MPPB_HUMAN	0.228769763861151	-0.2458815235224998	0.7034210512448018	0.20046294529469358	1.1412072367032449	0.2915529780424016	1.0	0.2669250066159014	-15.495404221111247
sp|P08697|A2AP_HUMAN	psvid_52443_sp|P08697|A2AP_HUMAN	-0.2211714016310955	-0.6801351472933119	0.23779234403112093	0.1938375112097118	-1.1410144520056869	0.2916279674139256	1.0	0.25294649094831373	-12.832759325203803
sp|Q07020|RL18_HUMAN	psvid_66690_sp|Q07020|RL18_HUMAN	0.1935900365968206	-0.20846130463634788	0.5956413778299892	0.16980127973009887	1.1400976300327903	0.2919848102805518	1.0	0.19916870387401314	-10.201463567745314
sp|P62906|RL10A_HUMAN	psvid_90968_sp|P62906|RL10A_HUMAN	-0.29774907487426105	-0.9174635460455233	0.32196539629700116	0.26172853931885015	-1.137625555276297	0.29294877686570514	1.0	0.3873212156795841	-9.614657740078389
sp|P49257|LMAN1_HUMAN	psvid_37424_sp|P49257|LMAN1_HUMAN	-0.286351756390792	-0.8828061216856258	0.31010260890404173	0.251904928900437	-1.1367453492899688	0.29329263826214375	1.0	0.3687571506407324	-9.869944726241961
sp|Q96GC9|VMP1_HUMAN	psvid_82727_sp|Q96GC9|VMP1_HUMAN	-0.23266204007632885	-0.7180317647507586	0.2527076845981009	0.20498974120861535	-1.1349935792130776	0.2939779730992665	1.0	0.2763232822528676	-14.045558457441729
sp|P35754|GLRX1_HUMAN	psvid_65892_sp|P35754|GLRX1_HUMAN	-0.5211650557522516	-1.6090827408430008	0.5667526293384977	0.45946822264742154	-1.1342787815647783	0.29425799728483043	1.0	0.7394041520795861	-12.733058510218939
sp|P13747|HLAE_HUMAN	psvid_65666_sp|P13747|HLAE_HUMAN	0.42599348500262924	-0.46557981932798276	1.3175667893332412	0.3765446661219629	1.1313225848873127	0.29541842549150765	1.0	0.5948734377670183	-12.961171592719632
sp|Q10589|BST2_HUMAN	psvid_44089_sp|Q10589|BST2_HUMAN	0.4112920567794931	-0.4498501142289739	1.2724342277879601	0.3636924633015755	1.1308786908747344	0.2955929961909587	1.0	0.5721974269335353	-13.212480584313266
sp|Q13509|TBB3_HUMAN	psvid_40981_sp|Q13509|TBB3_HUMAN	0.28595570717399044	-0.314246558027787	0.8861579723757679	0.2534878068447	1.1280846630590873	0.29669375148028415	1.0	0.37176222652540775	-9.8979658619121
sp|Q6FI13|H2A2A_HUMAN	psvid_48118_sp|Q6FI13|H2A2A_HUMAN	-0.36144352228157484	-1.1201516712874178	0.3972646267242681	0.3204307545591107	-1.127992607260482	0.2967300755890024	1.0	0.495056340716879	-10.56565751578928
sp|Q5SWX8|ODR4_HUMAN	psvid_34034_sp|Q5SWX8|ODR4_HUMAN	-0.1646791294871135	-0.5104359419170853	0.1810776829428583	0.14602600017682893	-1.1277384115684654	0.2968303970861128	1.0	0.13704184716663229	-12.233948706335905
sp|P00367|DHE3_HUMAN	psvid_67269_sp|P00367|DHE3_HUMAN	-0.2835089035875735	-0.8805209567917186	0.31350314961657155	0.252140461308812	-1.124408601919478	0.29814711759762824	1.0	0.36920465974998734	-10.004680730974115
sp|P18124|RL7_HUMAN	psvid_58755_sp|P18124|RL7_HUMAN	0.29324827130526865	-0.3244654908223211	0.9109620334328584	0.2608835652542415	1.1240580487294647	0.2982860162784668	1.0	0.38573219778165485	-9.862407157957147
sp|P00747|PLMN_HUMAN	psvid_23689_sp|P00747|PLMN_HUMAN	-0.189731906109309	-0.5894070050642497	0.20994319284563173	0.16879770397145505	-1.1240194720977608	0.29830130462229665	1.0	0.19678138287728028	-10.915838602195633
sp|P05388|RLA0_HUMAN	psvid_64822_sp|P05388|RLA0_HUMAN	0.2928418787509153	-0.32469828994799044	0.910382047449821	0.2608102502734908	1.1228158342850232	0.29877864195055137	1.0	0.3855942592392254	-9.612204142016715
sp|P07203|GPX1_HUMAN	psvid_59464_sp|P07203|GPX1_HUMAN	-0.3129170261884502	-0.9729620952084758	0.3471280428315754	0.27876165530347863	-1.1225253553893118	0.2988939333540126	1.0	0.41907875661734767	-13.456266957041514
sp|Q16777|H2A2C_HUMAN	psvid_48129_sp|Q16777|H2A2C_HUMAN	-0.3588312198233061	-1.115952375679351	0.39828993603273877	0.3197605081499529	-1.1221874205148277	0.2990281059063704	1.0	0.493849347550971	-10.555584906958952
sp|P0C7P4|UCRIL_HUMAN	psvid_62707_sp|P0C7P4|UCRIL_HUMAN	-0.2780885524692822	-0.8650619554941336	0.30888485055556913	0.24790076485119397	-1.1217736768025257	0.29919244445995363	1.0	0.36112981423892204	-11.647125373301296
sp|O43464|HTRA2_HUMAN	psvid_61724_sp|O43464|HTRA2_HUMAN	-0.26603556289378716	-0.8276146760766304	0.2955435502890561	0.23717580892943446	-1.121680849723334	0.2992293254233376	1.0	0.3405040170406327	-14.05061640198753
sp|A6NNZ2|TBB8B_HUMAN	psvid_34264_sp|A6NNZ2|TBB8B_HUMAN	0.2822173605866829	-0.31505869608775994	0.8794934172611257	0.25225195982283827	1.1187915478828785	0.30037912933211164	1.0	0.3694164623838507	-9.863075865940747
sp|P27635|RL10_HUMAN	psvid_881227_sp|P27635|RL10_HUMAN	0.18396565029920664	-0.20546185463898592	0.5733931552373992	0.16446976273673297	1.1185378226250668	0.3004802721270349	1.0	0.1863079348733817	-10.35351824108006
sp|Q6XQN6|PNCB_HUMAN	psvid_74588_sp|Q6XQN6|PNCB_HUMAN	-0.3151636041492196	-0.982959852911391	0.35263264461295174	0.28203526766253073	-1.117461680453129	0.30090956530919677	1.0	0.4251279784177514	-14.67908589678579
sp|O14602|IF1AY_HUMAN	psvid_54566_sp|O14602|IF1AY_HUMAN	0.43495276775769387	-0.48713621791226425	1.357041753427652	0.3894325767240365	1.1168885033105853	0.3011384207833395	1.0	0.6175234794705959	-12.053804625296891
sp|P33121|ACSL1_HUMAN	psvid_68886_sp|P33121|ACSL1_HUMAN	0.16096401137631333	-0.1803708312358287	0.5022988539884554	0.14415843736335254	1.1165771100209847	0.30126281201264066	1.0	0.1314265649411716	-7.7243379069239015
sp|P13489|RINI_HUMAN	psvid_24837_sp|P13489|RINI_HUMAN	-0.23617226161732008	-0.7383807903685237	0.2660362671338835	0.2121013963335323	-1.1134875380355158	0.302499267142938	1.0	0.2908706860328463	-13.74551581139792
sp|Q96AG4|LRC59_HUMAN	psvid_47999_sp|Q96AG4|LRC59_HUMAN	0.15113498970062889	-0.17065699039370336	0.4729269697949611	0.1359047574852173	1.112065482454271	0.30306976729034163	1.0	0.1041288698800941	-10.652951468499555
sp|Q13228|SBP1_HUMAN	psvid_84417_sp|Q13228|SBP1_HUMAN	-0.1461490027720771	-0.457852075050721	0.16555406950656681	0.1316438353529134	-1.1101849348302406	0.3038255517489977	1.0	0.08758787322842052	-11.711778600261496
sp|O75251|NDUS7_HUMAN	psvid_74582_sp|O75251|NDUS7_HUMAN	-0.3441697008613134	-1.0796822309863545	0.39134282926372765	0.3106343794046062	-1.1079575336155143	0.30472272067915995	1.0	0.4773716449479502	-12.481200868746335
sp|Q2TAA5|ALG11_HUMAN	psvid_23458_sp|Q2TAA5|ALG11_HUMAN	-0.5313271810971201	-1.6675378104759493	0.6048834482817091	0.47986413456478705	-1.1072450363038853	0.30501016038881823	1.0	0.7746047015848657	-12.887916298088374
sp|Q8NBK3|SUMF1_HUMAN	psvid_69945_sp|Q8NBK3|SUMF1_HUMAN	-0.5658723218355646	-1.7762705456265007	0.6445259019553715	0.5111963232167025	-1.1069569481149892	0.30512644518356113	1.0	0.8284872220785242	-15.255541762148157
sp|Q14498|RBM39_HUMAN	psvid_29481_sp|Q14498|RBM39_HUMAN	-0.7481530471527651	-2.3515272264827085	0.8552211321771783	0.6771647290153621	-1.104831682891435	0.3059854084848486	1.0	1.1113205505231942	-15.665939693591328
sp|P02585|TNNC2_HUMAN	psvid_85347_sp|P02585|TNNC2_HUMAN	0.43451396079312676	-0.4973006990108352	1.3663286205970886	0.3935400917223114	1.104116124208578	0.30627505612389366	1.0	0.6247251406440021	-14.030742881064798
sp|P09871|C1S_HUMAN	psvid_29297_sp|P09871|C1S_HUMAN	-0.2412528921193391	-0.7590733866562792	0.27656760241760103	0.21869491188154583	-1.103148171321021	0.306667223766438	1.0	0.3041499028404237	-11.990255008903974
sp|P17568|NDUB7_HUMAN	psvid_50327_sp|P17568|NDUB7_HUMAN	-0.5224210942084531	-1.6439254785256447	0.5990832901087386	0.47365313866602615	-1.1029613266783678	0.30674297112556353	1.0	0.7638967265220646	-13.035291718361151
sp|P19823|ITIH2_HUMAN	psvid_42503_sp|P19823|ITIH2_HUMAN	-0.16900359040947954	-0.5326227972830404	0.19461561646408126	0.1535699556981866	-1.100499050358684	0.3077426053716468	1.0	0.15832741385546564	-12.913078198399619
sp|Q13405|RM49_HUMAN	psvid_82180_sp|Q13405|RM49_HUMAN	-0.21134097730822665	-0.6663345521738068	0.24365259755735347	0.19216075997702545	-1.0998133923569744	0.30802143881495786	1.0	0.2493622374598419	-14.010592395616149
sp|Q9BVT8|TMUB1_HUMAN	psvid_80494_sp|Q9BVT8|TMUB1_HUMAN	-0.5302599043701752	-1.6720125992043255	0.6114927904639751	0.4822047555505922	-1.0996571441206808	0.30808500825021934	1.0	0.778637564998677	-12.825555370460744
sp|P51149|RAB7A_HUMAN	psvid_80050_sp|P51149|RAB7A_HUMAN	0.2003559906236001	-0.23140264747165912	0.6321146287188593	0.1823477794110426	1.0987575021243552	0.3084512337650646	1.0	0.22794414085487974	-10.134253521176733
sp|P01031|CO5_HUMAN	psvid_39328_sp|P01031|CO5_HUMAN	-0.2092564778596091	-0.6606416669399819	0.2421287112207638	0.19063680405087735	-1.0976709292910853	0.30889402556522777	1.0	0.24608688564245723	-12.997212883234557
sp|Q13442|HAP28_HUMAN	psvid_30657_sp|Q13442|HAP28_HUMAN	0.5185667303621231	-0.6010924583094959	1.638225919033742	0.4728738437107858	1.096628069534934	0.3093194882308104	1.0	0.762552513977544	-13.110854627450857
sp|P10301|RRAS_HUMAN	psvid_90151_sp|P10301|RRAS_HUMAN	-0.615528550418051	-1.944940990400261	0.713883889564159	0.561460466481015	-1.0962990044088246	0.309453837719371	1.0	0.9145334771483682	-12.940970573762822
sp|O60725|ICMT_HUMAN	psvid_106406_sp|O60725|ICMT_HUMAN	0.4785750397687685	-0.5577619953325366	1.5149120748700735	0.4376837899661275	1.0934264661841955	0.31062863529542223	1.0	0.7016783133621407	-15.234008166896244
sp|Q13347|EIF3I_HUMAN	psvid_73822_sp|Q13347|EIF3I_HUMAN	-0.22942224440662562	-0.7269874350053612	0.26814294619211	0.2101403414143015	-1.091757264990395	0.3113129542328991	1.0	0.28688389968165	-11.720190979619808
sp|P48449|LSS_HUMAN	psvid_31596_sp|P48449|LSS_HUMAN	-0.15824029031359688	-0.5023826664303894	0.18590208580319567	0.14534416349602153	-1.0887282055734446	0.3125578845955123	1.0	0.13501047993923868	-10.33325586703897
sp|Q9UH99|SUN2_HUMAN	psvid_70349_sp|Q9UH99|SUN2_HUMAN	-0.3301262547280226	-1.0483825710271089	0.3881300615710638	0.303346436571345	-1.0882813012717858	0.31274190039978433	1.0	0.46415125333821106	-14.714440735466708
sp|P61513|RL37A_HUMAN	psvid_82606_sp|P61513|RL37A_HUMAN	0.3162032278739235	-0.37256510447934377	1.0049715602271907	0.2908925609163031	1.0870103617565625	0.31326569641521246	1.0	0.44141811480295184	-10.590281053957202
sp|P14384|CBPM_HUMAN	psvid_29039_sp|P14384|CBPM_HUMAN	0.5008974354224058	-0.5908995483872213	1.592694419232033	0.4611065952117324	1.0862942335327086	0.3135611482506055	1.0	0.7422358343054917	-14.887526581929388
sp|Q9BVC6|TM109_HUMAN	psvid_98278_sp|Q9BVC6|TM109_HUMAN	-0.1853305073853022	-0.5894567793362165	0.21879576456561212	0.17067760037647176	-1.0858513769616507	0.3137439693606849	1.0	0.2012415329749766	-13.08170769270266
sp|O43819|SCO2_HUMAN	psvid_50098_sp|O43819|SCO2_HUMAN	-0.5486298441271793	-1.7463816800359273	0.6491219917815687	0.5058552818467811	-1.0845588922670462	0.31427802779729835	1.0	0.8193170230511132	-13.860423056210491
sp|P20962|PTMS_HUMAN	psvid_26160_sp|P20962|PTMS_HUMAN	0.22564539122698113	-0.26721839027405014	0.7185091727280124	0.20815476096858934	1.0840270488025547	0.31449799988193966	1.0	0.28282853404776864	-11.720857386340647
sp|Q5T9A4|ATD3B_HUMAN	psvid_58162_sp|Q5T9A4|ATD3B_HUMAN	-0.3568210495119417	-1.137183386320047	0.42354128729616347	0.3295761258668204	-1.0826665571526586	0.3150612683311219	1.0	0.5114850373817625	-12.965208089799098
sp|Q9NXW2|DJB12_HUMAN	psvid_419179_sp|Q9NXW2|DJB12_HUMAN	-0.2284229780419409	-0.7289222997983751	0.2720763437144933	0.21137953445851582	-1.0806295823627614	0.3159061326039599	1.0	0.28940524328514944	-12.760880245650897
sp|P38919|IF4A3_HUMAN	psvid_82276_sp|P38919|IF4A3_HUMAN	-0.27893987589651736	-0.8901322237511725	0.3322524719581378	0.2581293287286326	-1.0806206225010664	0.3159098528605653	1.0	0.38054288167567035	-12.970799367936394
sp|O00217|NDUS8_HUMAN	psvid_44242_sp|O00217|NDUS8_HUMAN	0.25797116033584944	-0.30738920597651354	0.8233315266482124	0.2387727731838169	1.080404423402382	0.31599963236657563	1.0	0.34359468190983083	-12.259492794107253
sp|P02786|TFR1_HUMAN	psvid_47937_sp|P02786|TFR1_HUMAN	-0.5563581411532001	-1.7772001312626853	0.664483848956285	0.5156071153325862	-1.0790350338635804	0.3165687664715938	1.0	0.836055974188884	-13.57224616770667
sp|P49207|RL34_HUMAN	psvid_17293_sp|P49207|RL34_HUMAN	-0.4995200129701649	-1.5966362995507848	0.597596273610455	0.4633531352058935	-1.0780546736738934	0.3169767219087329	1.0	0.7461174413953652	-11.408503596102207
sp|P48643|TCPE_HUMAN	psvid_26360_sp|P48643|TCPE_HUMAN	-0.28568011310097763	-0.9142653772666987	0.3429051510647434	0.2654750061209752	-1.0761092626956947	0.3177875141057089	1.0	0.39435018160087904	-12.893220958601914
sp|P22090|RS4Y1_HUMAN	psvid_60027_sp|P22090|RS4Y1_HUMAN	-0.15076266948724548	-0.4827544584703111	0.18122911949582016	0.14021251727777806	-1.0752440111218193	0.3181486616575241	1.0	0.11896026755777872	-11.508373306109076
sp|Q8WWI5|CTL1_HUMAN	psvid_80849_sp|Q8WWI5|CTL1_HUMAN	0.5668973325718616	-0.6827162350050859	1.8165109001488091	0.5277584258066271	1.0741606478483303	0.31860131172364237	1.0	0.8568880456539221	-15.238457590018971
sp|Q16864|VATF_HUMAN	psvid_103841_sp|Q16864|VATF_HUMAN	0.5795671254132775	-0.6989649740339345	1.8580992248604895	0.539971800607033	1.0733285048621644	0.3189493482045766	1.0	0.8777998411836461	-13.42675904377187
sp|Q93099|HGD_HUMAN	psvid_91615_sp|Q93099|HGD_HUMAN	-0.1638269889765689	-0.5254231478621603	0.19776916990902244	0.15271554706405796	-1.072759074803629	0.31918768316397544	1.0	0.15601157000994123	-11.979330013367584
sp|P63167|DYL1_HUMAN	psvid_18626_sp|P63167|DYL1_HUMAN	0.3159516571608587	-0.3845659298091382	1.0164692441308556	0.2958547094411067	1.06792843608174	0.3212152992593549	1.0	0.4504986605839192	-12.082323895926423
sp|P02655|APOC2_HUMAN	psvid_102240_sp|P02655|APOC2_HUMAN	-0.14227538518314287	-0.4580134256847548	0.17346265531846905	0.1333479529559757	-1.0669484010010601	0.3216279167052974	1.0	0.09448705027592474	-10.687709603830225
sp|Q86VU5|CMTD1_HUMAN	psvid_49087_sp|Q86VU5|CMTD1_HUMAN	-0.24132355581531773	-0.7776513224271013	0.2950042107964659	0.22651122328342482	-1.0653933713181125	0.3222834909689634	1.0	0.3196673773458466	-11.98273335595496
sp|Q8IXI1|MIRO2_HUMAN	psvid_33373_sp|Q8IXI1|MIRO2_HUMAN	-0.35890994891585004	-1.1566384614080731	0.43881856357637317	0.336910509694857	-1.0652975748394378	0.32232391209155453	1.0	0.5246091900234833	-14.175500878646059
sp|P11509|CP2A6_HUMAN	psvid_659594_sp|P11509|CP2A6_HUMAN	0.29749267795861556	-0.36473588739401397	0.9597212433112451	0.2796838272589929	1.0636749392131684	0.32300919616967605	1.0	0.42078444459079367	-7.401593128693323
sp|Q15185|TEBP_HUMAN	psvid_44918_sp|Q15185|TEBP_HUMAN	0.5790839507994159	-0.7104108094769872	1.868578711075819	0.544601741231865	1.0633163777434014	0.3231607837082398	1.0	0.885720646977492	-13.024106427882204
sp|P22760|AAAD_HUMAN	psvid_96490_sp|P22760|AAAD_HUMAN	-0.1836759849649643	-0.5927736609532024	0.22542169102327386	0.1727772097572135	-1.0630799352707787	0.3232607746227812	1.0	0.20616527480635002	-10.196174154638683
sp|Q969V3|NCLN_HUMAN	psvid_48681_sp|Q969V3|NCLN_HUMAN	-0.24870994202421404	-0.8031752561392762	0.30575537209084813	0.23417138620633882	-1.0620851080629665	0.3236817554624769	1.0	0.3346695392892733	-12.32900504129756
sp|P22234|PUR6_HUMAN	psvid_85800_sp|P22234|PUR6_HUMAN	-0.4732598181635863	-1.5299338964084466	0.583414260081274	0.4462728819490323	-1.0604718263334587	0.32436537870091686	1.0	0.7165699156683315	-14.58943412880588
sp|ANT3_HUMAN|,sp|P01008|ANT3_HUMAN	psvid_26970_sp|ANT3_HUMAN|	0.14712998919686227	-0.1819105989889575	0.47617057738268204	0.13896611508800844	1.0587472284425854	0.325097446371117	1.0	0.11481981009044408	-10.631847689147378
sp|O14818|PSA7_HUMAN	psvid_47175_sp|O14818|PSA7_HUMAN	-0.28973063233947816	-0.9377021195843067	0.3582408549053504	0.2736625313207893	-1.0587150200692022	0.3251111309082224	1.0	0.4096232387493441	-12.2087767305189
sp|P07306|ASGR1_HUMAN	psvid_62919_sp|P07306|ASGR1_HUMAN	-0.26835965583679355	-0.8688839329067664	0.33216462123317925	0.25362380446913313	-1.0581012156903191	0.32537200898428464	1.0	0.3720201580564333	-9.869603747335814
sp|P46940|IQGA1_HUMAN	psvid_48542_sp|P46940|IQGA1_HUMAN	-0.15259494780232696	-0.4941176533309899	0.18892775772633597	0.14423777888113293	-1.0579402219447738	0.3254404619076844	1.0	0.1316684966614514	-15.12127361646653
sp|O60313|OPA1_HUMAN	psvid_38847_sp|O60313|OPA1_HUMAN	-0.26937158267808803	-0.8723148609554392	0.33357169559926314	0.25464543891865804	-1.0578299922510452	0.3254873370915807	1.0	0.37395648895089223	-12.760396572901609
sp|P00966|ASSY_HUMAN	psvid_69598_sp|P00966|ASSY_HUMAN	0.16629632769777247	-0.20614613431480033	0.5387387897103453	0.15729634549058014	1.0572167279482747	0.32574822610973636	1.0	0.1681961788790739	-10.797862483093366
sp|O76095|JTB_HUMAN	psvid_76479_sp|O76095|JTB_HUMAN	-0.4190980285878836	-1.3590963549682287	0.5209002977924616	0.3969963594051704	-1.0556722213166605	0.32640601413843967	1.0	0.6307789201132729	-14.22168018033762
sp|Q9NRZ7|PLCC_HUMAN	psvid_80789_sp|Q9NRZ7|PLCC_HUMAN	-0.19123395501045426	-0.620511008262644	0.23804309824173553	0.18129971355751365	-1.0547945788661668	0.3267802636396481	1.0	0.2256066025628207	-12.215643249051219
sp|O95716|RAB3D_HUMAN	psvid_86907_sp|O95716|RAB3D_HUMAN	0.21892507423276708	-0.27253109029710665	0.7103812387626408	0.20756027181121145	1.0547542278798545	0.32679747856390007	1.0	0.28161056001578594	-12.300167906760148
sp|Q58FG0|HS905_HUMAN	psvid_40567_sp|Q58FG0|HS905_HUMAN	0.7848500484650005	-0.9781676840568361	2.547867780986837	0.7445881569524487	1.0540726992990879	0.3270883479744768	1.0	1.2254341163448381	-13.42571193152613
sp|P12955|PEPD_HUMAN	psvid_63005_sp|P12955|PEPD_HUMAN	-0.2706113812978401	-0.8791453800178954	0.3379226174222152	0.2570066087206855	-1.0529354970476277	0.3275741532386274	1.0	0.37842312293413005	-14.927074735666622
sp|P04406|G3P_HUMAN	psvid_31422_sp|P04406|G3P_HUMAN	-0.13211939632766834	-0.43055026929612117	0.1663114766407845	0.12603849047135912	-1.0482464192769037	0.32958336378727543	1.0	0.06044588536822347	-10.095156791975711
sp|P56378|ATP68_HUMAN	psvid_151851_sp|P56378|ATP68_HUMAN	-0.6394767378335229	-2.0843056848924997	0.8053522092254537	0.6102051629755039	-1.0479700543916801	0.32970208763680775	1.0	0.9976187489474206	-11.127695921988185
sp|P09622|DLDH_HUMAN	psvid_64865_sp|P09622|DLDH_HUMAN	0.23541388214054493	-0.2968325917985495	0.7676603560796393	0.22478754113713448	1.04727282014677	0.3300017641161783	1.0	0.316264658458698	-12.663653222679834
sp|P05787|K2C8_HUMAN	psvid_23834_sp|P05787|K2C8_HUMAN	0.5736561635044524	-0.7239684627029574	1.8712807897118622	0.5480352868951749	1.0467504141100645	0.33022643985031835	1.0	0.8915924334224639	-11.897088868505143
sp|P61960|UFM1_HUMAN	psvid_165824_sp|P61960|UFM1_HUMAN	-0.4168088644569976	-1.3597761536359103	0.5261584247219151	0.3982502631507009	-1.046600349135925	0.330291002056679	1.0	0.6329738434812711	-13.441667139785828
sp|P51687|SUOX_HUMAN	psvid_74097_sp|P51687|SUOX_HUMAN	-0.15495163066872175	-0.507084589154684	0.19718132781724046	0.14871888451526294	-1.041909581111867	0.33231415811782966	1.0	0.14487362770011672	-12.212579116147612
sp|O75964|ATP5L_HUMAN	psvid_94579_sp|O75964|ATP5L_HUMAN	0.17174053102193065	-0.21881566814997666	0.562296730193838	0.1649464524170134	1.0411896012636916	0.33262555740684935	1.0	0.1874765591109969	-10.58034839209374
sp|P50993|AT1A2_HUMAN	psvid_52603_sp|P50993|AT1A2_HUMAN	0.1936630323138715	-0.24861712634183747	0.6359431909695805	0.1867914100438647	1.0367876781292733	0.33453446546198207	1.0	0.2377424209034373	-13.227466824423939
sp|Q9UHQ4|BAP29_HUMAN	psvid_84150_sp|Q9UHQ4|BAP29_HUMAN	-0.18036262968459438	-0.5940388244796424	0.2333135651104536	0.17471088904871912	-1.0323491035198111	0.33646802612627896	1.0	0.21064959510025802	-12.24027874870424
sp|P13637|AT1A3_HUMAN	psvid_61721_sp|P13637|AT1A3_HUMAN	0.17671343268398276	-0.2295983593822154	0.5830252247501809	0.17160062705090795	1.0297947957472091	0.337584742029592	1.0	0.20341335474988342	-13.151820155661824
sp|Q8TEB9|RHBL4_HUMAN	psvid_59023_sp|Q8TEB9|RHBL4_HUMAN	0.2948287546046737	-0.38550353995001385	0.9751610491593613	0.28732970745172637	1.0260991013405993	0.3392056275643765	1.0	0.43487842536914934	-13.64971912921212
sp|P05156|CFAI_HUMAN	psvid_25954_sp|P05156|CFAI_HUMAN	-0.2233963309721405	-0.739114949568206	0.292322287623925	0.2178072112622674	-1.0256608570372039	0.3393982416536264	1.0	0.3023727642617136	-12.773951609784081
sp|P20339|RAB5A_HUMAN	psvid_39623_sp|P20339|RAB5A_HUMAN	-0.29902419987831497	-0.9895714229760226	0.3915230232193927	0.29164385283832367	-1.0253060264022869	0.3395542573769835	1.0	0.4427949764544396	-12.314419926233164
sp|Q8WXI7|MUC16_HUMAN	psvid_33803_sp|Q8WXI7|MUC16_HUMAN	-0.7323540975139498	-2.428873403282439	0.9641652082545396	0.7165033906434412	-1.022122305459398	0.34095663411430777	1.0	1.1779397212026788	-20.115575275434242
sp|Q8IXI2|MIRO1_HUMAN	psvid_47137_sp|Q8IXI2|MIRO1_HUMAN	-0.49949255850781293	-1.6612194974411907	0.6622343804255648	0.49064062396303765	-1.0180415850470672	0.34276077168796454	1.0	0.7931617565478759	-15.036127007711325
sp|A0A096LP55|QCR6L_HUMAN	psvid_766_sp|A0A096LP55|QCR6L_HUMAN	-0.3140164492530584	-1.0449035673180793	0.41687066881196244	0.30868089534294013	-1.0172850150126411	0.34309608205999326	1.0	0.47383360385136813	-12.114051755591916
sp|P04070|PROC_HUMAN	psvid_37486_sp|P04070|PROC_HUMAN	-0.4232604130853872	-1.410278758849699	0.5637579326789246	0.416854667649692	-1.0153668554842197	0.34394735874141763	1.0	0.6654619399180471	-13.895550361669425
sp|Q8IXB1|DJC10_HUMAN	psvid_80111_sp|Q8IXB1|DJC10_HUMAN	-0.3086294086579966	-1.0312987453209503	0.41403992800495704	0.30521021969655804	-1.0112027341837961	0.34580108136872156	1.0	0.4675376740033362	-14.636128103192505
sp|P55735|SEC13_HUMAN	psvid_29057_sp|P55735|SEC13_HUMAN	-0.28173700638165977	-0.9419711584840263	0.3784971457207068	0.2788415121428025	-1.0103840142617444	0.34616646439198456	1.0	0.41922651447983705	-13.106800522749577
sp|P33260|CP2CI_HUMAN	psvid_74061_sp|P33260|CP2CI_HUMAN	0.19604610003259193	-0.26370950244978086	0.6558017025149647	0.19417194188469264	1.0096520544096543	0.34649338297203713	1.0	0.25365900586637163	-10.182050379801925
sp|Q16836|HCDH_HUMAN	psvid_53988_sp|Q16836|HCDH_HUMAN	-0.23558846271352207	-0.788191077488947	0.31701415206190287	0.23338469878812826	-1.009442623860249	0.3465869662566157	1.0	0.3331373922620509	-11.778133156985175
sp|Q66PJ3|AR6P4_HUMAN	psvid_882652_sp|Q66PJ3|AR6P4_HUMAN	-0.5000762684628111	-1.67403897393673	0.673886437011108	0.4958082446223546	-1.0086082147417845	0.346960014958411	1.0	0.802050943778814	-14.631066704043569
sp|Q96L21|RL10L_HUMAN	psvid_62019_sp|Q96L21|RL10L_HUMAN	0.25115986324468764	-0.3386608501914292	0.8409805766808045	0.24910329025538439	1.0082559045574824	0.34711762034506655	1.0	0.36342437081472756	-11.968410833407928
sp|P26583|HMGB2_HUMAN	psvid_79104_sp|P26583|HMGB2_HUMAN	0.6227185680840819	-0.8399490109312988	2.0853861470994626	0.6177390827120754	1.0080608229450934	0.3472049138226842	1.0	1.0104343767650168	-14.467415609792845
sp|Q13724|MOGS_HUMAN	psvid_55562_sp|Q13724|MOGS_HUMAN	-0.16711104032034685	-0.5603786809097133	0.22615660026901968	0.1660915952765935	-1.0061378484688261	0.348066307231942	1.0	0.19026816829166532	-11.100778511235644
sp|Q8NHP1|ARK74_HUMAN	psvid_418942_sp|Q8NHP1|ARK74_HUMAN	-0.5391718789420912	-1.810797389725124	0.7324536318409416	0.5370548905672604	-1.0039418473083723	0.3490520397248767	1.0	0.8728078234039379	-13.865381215009597
sp|O75923|DYSF_HUMAN	psvid_35945_sp|O75923|DYSF_HUMAN	-0.5112786162570453	-1.718346229254665	0.6957889967405744	0.5097896820318891	-1.0029206833281161	0.34951115610356864	1.0	0.8260726728049196	-15.351835927796124
sp|Q9HCS2|CP4FC_HUMAN	psvid_61571_sp|Q9HCS2|CP4FC_HUMAN	0.2114102586700115	-0.289503694667693	0.712324212007716	0.21155464884291325	0.999317480501178	0.3511349164824245	1.0	0.2897609621065329	-10.629206205371078
sp|O95399|UTS2_HUMAN	psvid_89590_sp|O95399|UTS2_HUMAN	0.2525164363479542	-0.34626067546744455	0.8512935481633529	0.2528859114049869	0.9985389654371017	0.3514865187673594	1.0	0.37062019003610186	-12.449384229506595
sp|P07737|PROF1_HUMAN	psvid_30177_sp|P07737|PROF1_HUMAN	0.13276948142081846	-0.1821857645187256	0.4477247273603625	0.13301734961064873	0.9981365724805388	0.35166835951355946	1.0	0.09318175655036952	-10.88976639145174
sp|P52597|HNRPF_HUMAN	psvid_42052_sp|P52597|HNRPF_HUMAN	0.43657842838015304	-0.5999297421646228	1.4730865989249289	0.4377560668480287	0.9973098294756827	0.3520421927198328	1.0	0.7018037239814395	-13.38328502569342
sp|Q3ZCM7|TBB8_HUMAN	psvid_34265_sp|Q3ZCM7|TBB8_HUMAN	0.2543540785519598	-0.3502163841118222	0.8589245412157418	0.25533265958636014	0.9961674270890937	0.35255926726444925	1.0	0.3752577282616644	-9.842960061580492
sp|Q9Y673|ALG5_HUMAN	psvid_37557_sp|Q9Y673|ALG5_HUMAN	-0.1607257491685159	-0.5427876478687677	0.2213361495317358	0.16135899245213636	-0.9960755624833968	0.35260087265147927	1.0	0.17858091178814123	-11.084208422088379
sp|P78527|PRKDC_HUMAN	psvid_40998_sp|P78527|PRKDC_HUMAN	-0.2093460166966179	-0.7079710628829534	0.2892790294897176	0.2105879579663358	-0.99410250575716	0.353495388117259	1.0	0.28779548577521835	-13.788760925526484
sp|P35270|SPRE_HUMAN	psvid_81942_sp|P35270|SPRE_HUMAN	0.37012986063040065	-0.5126468672662611	1.2529065885270625	0.37282954374195293	0.9927589345939258	0.3541055232617028	1.0	0.5883281526454986	-13.623182241902423
sp|P21695|GPDA_HUMAN	psvid_88138_sp|P21695|GPDA_HUMAN	-0.20066391353929758	-0.6793567334746828	0.2780289063960877	0.202169835258673	-0.9925512046965433	0.3541999292336301	1.0	0.2704823557496733	-11.894164066083032
sp|Q96JJ7|TMX3_HUMAN	psvid_29983_sp|Q96JJ7|TMX3_HUMAN	-0.3537031001711881	-1.1993895965153838	0.49198339617300757	0.3571649553245201	-0.9903074052990822	0.3552209008541913	1.0	0.5606431322049806	-15.098373622171053
sp|Q9Y5M8|SRPRB_HUMAN	psvid_78879_sp|Q9Y5M8|SRPRB_HUMAN	0.14639127154662246	-0.20368482015189227	0.4964673632451372	0.14785019294052107	0.9901324349675653	0.35530061137463004	1.0	0.14237878459732675	-10.066822733813531
sp|O14521|DHSD_HUMAN	psvid_106346_sp|O14521|DHSD_HUMAN	-0.35693450927192805	-1.2112989574086166	0.4974299388647606	0.3608299780932088	-0.9892041430652014	0.35572374111830585	1.0	0.5671338136013866	-13.084399668685773
sp|P02654|APOC1_HUMAN	psvid_78187_sp|P02654|APOC1_HUMAN	0.20948944054550944	-0.2919505827416997	0.7109294638327186	0.2117768278073695	0.9891990673127815	0.35572605579579386	1.0	0.29021208112739033	-10.459060979793271
sp|P61247|RS3A_HUMAN	psvid_19780_sp|P61247|RS3A_HUMAN	-0.20982933370844714	-0.7133930393148814	0.2937343718979871	0.21267373807370157	-0.9866255025607877	0.3569011706322979	1.0	0.29203089100630664	-9.860868175113545
sp|P09497|CLCB_HUMAN	psvid_77211_sp|P09497|CLCB_HUMAN	0.17811220697469565	-0.24934869315674807	0.6055731071061394	0.1805326843439246	0.9865925808502475	0.35691622242193144	1.0	0.22388905289620853	-11.71307823413891
sp|Q96F07|CYFP2_HUMAN	psvid_59039_sp|Q96F07|CYFP2_HUMAN	-0.2960516104869799	-1.0074669247198254	0.4153637037458655	0.3004572261985576	-0.9853369620450859	0.35749065687495873	1.0	0.4588938970340455	-15.052303150945399
sp|Q13243|SRSF5_HUMAN	psvid_59788_sp|Q13243|SRSF5_HUMAN	-0.35075773389768505	-1.1941810720140742	0.4926656042187041	0.35620913917891395	-0.9846960544196178	0.35778414154957416	1.0	0.558948999968895	-13.567081915520536
sp|P00167|CYB5_HUMAN	psvid_88729_sp|P00167|CYB5_HUMAN	0.1381352424596276	-0.19423727671299057	0.4705077616322458	0.14037331383977836	0.9840562901955475	0.35807728812674816	1.0	0.11948660747481525	-6.616414085324336
sp|P00748|FA12_HUMAN	psvid_48599_sp|P00748|FA12_HUMAN	-0.1835203534377099	-0.6277655411467827	0.26072483427136295	0.1876213151175416	-0.9781423465811306	0.360795897347162	1.0	0.2395533725770772	-12.108877147033287
sp|P0CG04|IGLC1_HUMAN	psvid_30846_sp|P0CG04|IGLC1_HUMAN	-0.6862769676675171	-2.3477344416235675	0.9751805062885333	0.7016954711046753	-0.9780267878701213	0.3608491769867087	1.0	1.1528764004202936	-11.94850403158146
sp|Q99447|PCY2_HUMAN	psvid_47565_sp|Q99447|PCY2_HUMAN	-0.212898787346953	-0.7284194672250438	0.3026218925311378	0.21772361435766027	-0.977839670607427	0.3609354623393127	1.0	0.30220524212690836	-15.239044082151999
sp|P78329|CP4F2_HUMAN	psvid_30111_sp|P78329|CP4F2_HUMAN	0.2499998196632558	-0.35598262377015033	0.8559822630966619	0.2559289917386198	0.9768327455397492	0.36140005814044796	1.0	0.3763860548494005	-9.590783112472884
sp|P00441|SODC_HUMAN	psvid_25483_sp|P00441|SODC_HUMAN	0.24999981966325535	-0.35598262377015066	0.8559822630966614	0.25592899173861977	0.9768327455397476	0.3614000581404484	1.0	0.37638605484940046	-9.590783112472886
sp|P12074|CX6A1_HUMAN	psvid_84835_sp|P12074|CX6A1_HUMAN	0.24999981966325535	-0.35598262377015066	0.8559822630966614	0.25592899173861977	0.9768327455397476	0.3614000581404484	1.0	0.37638605484940046	-9.590783112472886
sp|Q71U36|TBA1A_HUMAN	psvid_8301_sp|Q71U36|TBA1A_HUMAN	0.24999981966325535	-0.3559826237701508	0.8559822630966615	0.2559289917386198	0.9768327455397474	0.36140005814044884	1.0	0.3763860548494006	-9.090783473146375
sp|Q9Y2P5|S27A5_HUMAN	psvid_39274_sp|Q9Y2P5|S27A5_HUMAN	-0.2499998196632549	-0.855982263096661	0.3559826237701512	0.2559289917386198	-0.9768327455397458	0.36140005814044934	1.0	0.3763860548494005	-8.840783563314782
sp|P00326|ADH1G_HUMAN	psvid_59638_sp|P00326|ADH1G_HUMAN	0.24999981966325446	-0.35598262377015155	0.8559822630966605	0.25592899173861977	0.9768327455397442	0.36140005814045034	1.0	0.37638605484940046	-9.34078329280963
sp|O00763|ACACB_HUMAN	psvid_35795_sp|O00763|ACACB_HUMAN	-0.18005399091145025	-0.6165914659530117	0.25648348413011124	0.18436606052562546	-0.9766113697831285	0.36150226270076846	1.0	0.23241639339421127	-14.447225888541402
sp|Q13283|G3BP1_HUMAN	psvid_63060_sp|Q13283|G3BP1_HUMAN	0.6336482924041866	-0.9042358340312662	2.1715324188396394	0.64950583660384	0.975585216781777	0.3619763064295726	1.0	1.0644058393688636	-14.215491585227813
sp|Q9H9B4|SFXN1_HUMAN	psvid_43805_sp|Q9H9B4|SFXN1_HUMAN	-0.12813724737251464	-0.4392679930566734	0.18299349831164413	0.13140212048170052	-0.9751535736469293	0.3621758518974706	1.0	0.08657232268517703	-10.595460855562528
sp|P0DOY2|IGLC2_HUMAN	psvid_30853_sp|P0DOY2|IGLC2_HUMAN	-0.39315834791757354	-1.3481717361798276	0.5618550403446804	0.4033377801673912	-0.9747620164776207	0.3623569390368686	1.0	0.6418723019483509	-11.558172091894738
sp|P0DOY3|IGLC3_HUMAN	psvid_166891_sp|P0DOY3|IGLC3_HUMAN	-0.39315834791757354	-1.3481717361798276	0.5618550403446804	0.4033377801673912	-0.9747620164776207	0.3623569390368686	1.0	0.6418723019483509	-11.558172091894738
sp|Q9UDW1|QCR9_HUMAN	psvid_107074_sp|Q9UDW1|QCR9_HUMAN	0.30068177954951736	-0.4303776579020985	1.0317412170011333	0.30875367224818906	0.973856528928397	0.3627759748658923	1.0	0.4739654852925767	-11.107279917156436
sp|Q96TC7|RMD3_HUMAN	psvid_67826_sp|Q96TC7|RMD3_HUMAN	0.30567890627203953	-0.43779301364820544	1.0491508261922844	0.31399592663623827	0.9735123303881775	0.3629353584993111	1.0	0.48345067977611866	-12.879296234061679
sp|P30041|PRDX6_HUMAN	psvid_87098_sp|P30041|PRDX6_HUMAN	-0.12289701668583808	-0.4220264092340812	0.17623237586240503	0.12633350134783355	-0.9727983106196525	0.36326616200432593	1.0	0.06213543262748045	-10.63890867583217
sp|O95182|NDUA7_HUMAN	psvid_85794_sp|O95182|NDUA7_HUMAN	0.2764864310603823	-0.39688331029426627	0.9498561724150308	0.28438916150073085	0.9722115624989166	0.36353817410304234	1.0	0.42946791609642104	-11.22817853595594
sp|Q86WU2|LDHD_HUMAN	psvid_83402_sp|Q86WU2|LDHD_HUMAN	-0.6688187327019208	-2.2984753794278436	0.960837914024002	0.68826479545119	-0.9717462481332909	0.3637540015256988	1.0	1.1301302176786752	-14.166061830171188
sp|P18405|S5A1_HUMAN	psvid_74011_sp|P18405|S5A1_HUMAN	-0.2114245855136403	-0.726907243082134	0.30405807205485336	0.21770755611791384	-0.9711403190761528	0.3640351978096361	1.0	0.3021730593113533	-14.403122929048443
sp|O60551|NMT2_HUMAN	psvid_80064_sp|O60551|NMT2_HUMAN	0.30601487806308514	-0.4402617787474775	1.052291534873648	0.3151804716543482	0.9709195384372837	0.3641376979330262	1.0	0.4855901063432775	-14.256515804758756
sp|B9A064|IGLL5_HUMAN	psvid_30844_sp|B9A064|IGLL5_HUMAN	-0.6810151800841293	-2.3439975062717777	0.9819671461035191	0.7023394730859409	-0.9696381966001186	0.3647330136422585	1.0	1.1539667418214081	-12.962569915394916
sp|Q7Z7H5|TMED4_HUMAN	psvid_30569_sp|Q7Z7H5|TMED4_HUMAN	0.18411535190130568	-0.2660056609229094	0.6342363647255207	0.19010289525842908	0.9685036708726407	0.36526074053114865	1.0	0.24493526458003376	-11.126406607091255
sp|P0CF74|IGLC6_HUMAN	psvid_30849_sp|P0CF74|IGLC6_HUMAN	-0.581467587332245	-2.0072137550256173	0.8442785803611275	0.6021457933757205	-0.9656591372538695	0.3665864522188167	1.0	0.983902156937463	-12.284228349673626
sp|Q9H9S3|S61A2_HUMAN	psvid_28157_sp|Q9H9S3|S61A2_HUMAN	-0.20554709647488512	-0.7096098102407701	0.29851561729099985	0.21288448783469133	-0.9655334616700497	0.3666451088870598	1.0	0.29245773135537295	-13.32097825421088
sp|P22087|FBRL_HUMAN	psvid_35253_sp|P22087|FBRL_HUMAN	0.2750608410240658	-0.3999054024788725	0.9500270845270041	0.2850634239146802	0.96491102662961	0.36693572433589183	1.0	0.43070960807941944	-13.661818464900989
sp|P15907|SIAT1_HUMAN	psvid_84701_sp|P15907|SIAT1_HUMAN	-0.18700629307137095	-0.6463673815866682	0.27235479544392627	0.19400532391924732	-0.9639235114455434	0.3673971573903867	1.0	0.25330411812267456	-11.844127577300576
sp|P09496|CLCA_HUMAN	psvid_46960_sp|P09496|CLCA_HUMAN	0.2661088518503676	-0.3875644218125738	0.919782125513309	0.27607060842749337	0.9639159103757251	0.3674007108373854	1.0	0.41409377600074176	-12.228444077942367
sp|P52209|6PGD_HUMAN	psvid_64329_sp|P52209|6PGD_HUMAN	0.2117106385588996	-0.3087849746324387	0.7322062517502379	0.21982471428328246	0.9630884282013602	0.3677877100708785	1.0	0.3064071583310329	-13.222924537797802
sp|O60664|PLIN3_HUMAN	psvid_56447_sp|O60664|PLIN3_HUMAN	0.28241570066229427	-0.412965331520203	0.9777967328447915	0.29368535073769825	0.9616267885098929	0.3684720546937494	1.0	0.44653266223231375	-13.124435302160588
sp|Q9Y3B3|TMED7_HUMAN	psvid_61444_sp|Q9Y3B3|TMED7_HUMAN	-0.2025192613194231	-0.7011878068019277	0.2961492841630815	0.21060632934182785	-0.9616010209774897	0.36848412785509765	1.0	0.2878328793863238	-10.925337739125736
sp|O15143|ARC1B_HUMAN	psvid_47209_sp|O15143|ARC1B_HUMAN	-0.6088049195974032	-2.1105852431371224	0.8929754039423159	0.6342578538063806	-0.9598697374321401	0.3692959981549052	1.0	1.0385123516798116	-14.975698089052209
sp|P17174|AATC_HUMAN	psvid_26719_sp|P17174|AATC_HUMAN	0.1306582961178271	-0.19179401111963695	0.45311060335529113	0.13618363827094082	0.9594272687727661	0.36950370876572536	1.0	0.10513752932457915	-11.842515373895992
sp|Q92542|NICA_HUMAN	psvid_24692_sp|Q92542|NICA_HUMAN	-0.31478248647737095	-1.0926957635184789	0.46313079056373696	0.32854179656624866	-0.9581200619443766	0.37011787879440977	1.0	0.5096306389575993	-14.875000754157773
sp|P62917|RL8_HUMAN	psvid_63227_sp|P62917|RL8_HUMAN	0.2482858768782754	-0.36552453365640714	0.862096287412958	0.25923503426394745	0.9577635892588351	0.3702854966848664	1.0	0.3826279949484398	-10.464329665653958
sp|P47985|UCRI_HUMAN	psvid_62708_sp|P47985|UCRI_HUMAN	-0.18535519930904343	-0.6437420593498455	0.2730316607317587	0.19359387089135446	-0.9574435309114997	0.3704360413784271	1.0	0.252426917421239	-11.027335776985073
sp|P27482|CALL3_HUMAN	psvid_32071_sp|P27482|CALL3_HUMAN	0.43254354942398887	-0.6382465260503651	1.5033336248983429	0.452234594169374	0.9564583404293695	0.3708997345585295	1.0	0.7268928358520043	-13.78197834174859
sp|O14936|CSKP_HUMAN	psvid_47747_sp|O14936|CSKP_HUMAN	0.5800820433093725	-0.8563384515672285	2.0165025381859736	0.6066539599457179	0.9561992199989546	0.3710217664728769	1.0	0.9915757292830206	-16.343714230716415
sp|P14625|ENPL_HUMAN	psvid_24290_sp|P14625|ENPL_HUMAN	0.14176013415477318	-0.2097707317566776	0.49329100006622395	0.14846459836027973	0.9548413272958393	0.37166176144008467	1.0	0.14414629174836827	-6.7432449172267575
sp|Q14651|PLSI_HUMAN	psvid_56616_sp|Q14651|PLSI_HUMAN	0.3726357927831421	-0.5529583093795587	1.2982298949458428	0.3909129181755667	0.9532450207127307	0.3724151981598135	1.0	0.6201198625206054	-15.68287787816901
sp|P31327|CPSM_HUMAN	psvid_70920_sp|P31327|CPSM_HUMAN	0.29414234088842406	-0.4372743582866545	1.0255590400635026	0.3089045572014801	0.9522110763052696	0.372903826323506	1.0	0.47423889105079786	-9.936193847093067
sp|Q7Z406|MYH14_HUMAN	psvid_24901_sp|Q7Z406|MYH14_HUMAN	0.2501918301706816	-0.3724786588635922	0.8728623192049554	0.2629769759351909	0.9513830223385785	0.37329550464820843	1.0	0.3896664349732726	-14.886324819033277
sp|P13667|PDIA4_HUMAN	psvid_28028_sp|P13667|PDIA4_HUMAN	0.20751868952714636	-0.3092670069618163	0.724304386016109	0.21825787806325325	0.9507958721517737	0.37357342222210616	1.0	0.3032753780085932	-8.092820607827361
sp|Q96EE3|SEH1_HUMAN	psvid_75431_sp|Q96EE3|SEH1_HUMAN	-0.39548432983773907	-1.3804966477091476	0.5895279880336695	0.4160074472366361	-0.9506664663451976	0.3736346953897541	1.0	0.663985506754021	-14.639096150587704
sp|Q13011|ECH1_HUMAN	psvid_55805_sp|Q13011|ECH1_HUMAN	0.1626496229698966	-0.2425071579755202	0.5678064039153135	0.1711128227674808	0.950540236197935	0.3736944722466665	1.0	0.20226702860465906	-11.593618561989942
sp|O15228|GNPAT_HUMAN	psvid_74809_sp|O15228|GNPAT_HUMAN	-0.31494150928677467	-1.1011277801948247	0.4712447616212755	0.3320357904962213	-0.9485167512095622	0.3746536939051327	1.0	0.5158912467134761	-16.24464927887108
sp|P25705|ATPA_HUMAN	psvid_64446_sp|P25705|ATPA_HUMAN	0.14624056506802097	-0.21902660433108273	0.5115077344671246	0.15426595174915397	0.9479769411841261	0.37490990314398104	1.0	0.1601985126201142	-8.892663280780738
sp|P17152|TMM11_HUMAN	psvid_87536_sp|P17152|TMM11_HUMAN	0.3296522319737951	-0.4943456708316175	1.1536501347792076	0.34800505319078856	0.9472627737766446	0.3752490714957393	1.0	0.5443828672546367	-14.742774464140542
sp|P50148|GNAQ_HUMAN	psvid_51782_sp|P50148|GNAQ_HUMAN	-0.6017800618559752	-2.107539417975442	0.9039792942634914	0.6359383477006593	-0.9462867965610361	0.3757129531082015	1.0	1.041367212945529	-13.94926546612694
sp|P36021|MOT8_HUMAN	psvid_98866_sp|P36021|MOT8_HUMAN	-0.292276500422048	-1.0244534677395207	0.43990046689542484	0.3092256467994419	-0.945188419677276	0.376235530690583	1.0	0.4748206300757988	-14.920040327248568
sp|O60220|TIM8A_HUMAN	psvid_69186_sp|O60220|TIM8A_HUMAN	0.2621373496597674	-0.3954155847427515	0.9196902840622864	0.2777091338866507	0.9439277203131567	0.3768360150173752	1.0	0.41713037575638173	-11.057160025649662
sp|P56537|IF6_HUMAN	psvid_40056_sp|P56537|IF6_HUMAN	0.3006677401197022	-0.4547140180678688	1.0560494983072732	0.31902589562718275	0.9424555944858656	0.37753812150282934	1.0	0.4925259593835707	-12.787127500012183
sp|Q96BY9|SARAF_HUMAN	psvid_99268_sp|Q96BY9|SARAF_HUMAN	-0.13862783646657917	-0.4874555986190003	0.21019992568584195	0.14732297680488665	-0.9409790616040615	0.3782433229963893	1.0	0.14085036332223375	-13.149996150352194
sp|P04264|K2C1_HUMAN	psvid_22957_sp|P04264|K2C1_HUMAN	0.6058028022682231	-0.9223086542335566	2.1339142587700026	0.6453784735262096	0.9386783524994977	0.37934413909260817	1.0	1.0573991376897642	-12.609161439479074
sp|O00303|EIF3F_HUMAN	psvid_93468_sp|O00303|EIF3F_HUMAN	0.15512942985259492	-0.23633229216734064	0.5465911518725305	0.16532888849581973	0.938308067416284	0.379521534420968	1.0	0.1884113019631652	-11.801956473184962
sp|P36543|VATE1_HUMAN	psvid_87175_sp|P36543|VATE1_HUMAN	-0.26610999196326146	-0.9388541274158647	0.4066341434893418	0.284124944790377	-0.9365949623310735	0.3803430594964796	1.0	0.42898117005179726	-13.033855232849705
sp|P05186|PPBT_HUMAN	psvid_55825_sp|P05186|PPBT_HUMAN	0.8452538966933685	-1.2948623419119163	2.9853701352986532	0.9038509235455913	0.9351695890043895	0.38102762307974575	1.0	1.4939849287550155	-13.374900784627517
sp|A6NKH3|RL37L_HUMAN	psvid_88664_sp|A6NKH3|RL37L_HUMAN	0.4773860015624818	-0.7317472995947574	1.686519302719721	0.5106620992011762	0.9348373460831577	0.381187322602218	1.0	0.8275702540825265	-12.726804274061859
sp|P00918|CAH2_HUMAN	psvid_86295_sp|P00918|CAH2_HUMAN	-0.22253731838431356	-0.7865797846428894	0.3415051478742622	0.2382161748274899	-0.9341822340379256	0.3815023636266833	1.0	0.3425182909230345	-11.50659898915217
sp|P15880|RS2_HUMAN	psvid_36713_sp|P15880|RS2_HUMAN	0.2996997685558296	-0.46024733816898256	1.0596468752806416	0.3209540126225391	0.9337779144961003	0.381696897250141	1.0	0.49599834396351034	-10.117534739806619
sp|P62854|RS26_HUMAN	psvid_5377_sp|P62854|RS26_HUMAN	0.17708861487891658	-0.27243216603089015	0.6266093957887233	0.18984939492961841	0.9327847209866929	0.3821750776705256	1.0	0.2443877099772785	-10.424718241609362
sp|P09417|DHPR_HUMAN	psvid_94834_sp|P09417|DHPR_HUMAN	0.272591023052275	-0.41994214603540214	0.9651241921399522	0.29248259191462517	0.9319905888000457	0.38255774269226345	1.0	0.44433123312742007	-12.742356432267304
sp|Q9NPJ3|ACO13_HUMAN	psvid_91932_sp|Q9NPJ3|ACO13_HUMAN	-0.41942447893544266	-1.4858712712087105	0.6470223133378252	0.45040026364951397	-0.9312260955109574	0.3829263979044773	1.0	0.7237177586066519	-14.161280804290568
sp|P62304|RUXE_HUMAN	psvid_104389_sp|P62304|RUXE_HUMAN	-0.31509748085517586	-1.1175377976284624	0.4873428359181108	0.3389004804142889	-0.9297640430311133	0.38363217487202844	1.0	0.5281626638287428	-13.358226751488445
sp|O75881|CP7B1_HUMAN	psvid_65229_sp|O75881|CP7B1_HUMAN	-0.21127637235883112	-0.7496736434549526	0.32712089873729033	0.22738525222900655	-0.9291560041283958	0.38392598120080534	1.0	0.3213888572026638	-12.925462073358077
sp|Q8NFI4|F10A5_HUMAN	psvid_52224_sp|Q8NFI4|F10A5_HUMAN	-0.3540117611849496	-1.2590446111086826	0.5510210887387834	0.38222913432765937	-0.9261768122612001	0.3853679781062703	1.0	0.604874076918935	-14.050061222583286
sp|Q96RQ3|MCCA_HUMAN	psvid_25196_sp|Q96RQ3|MCCA_HUMAN	-0.80930791113683	-2.8797533482689373	1.2611375259952773	0.8744263450485222	-0.9255301097909181	0.38568153274177014	1.0	1.4444502837181252	-14.410698836246889
sp|P04839|CY24B_HUMAN	psvid_47971_sp|P04839|CY24B_HUMAN	-0.31649254979657915	-1.1273581527600087	0.4943730531668503	0.34245879307353927	-0.9241770285881252	0.3863381946061108	1.0	0.5345091968448762	-14.261853676424257
sp|P98194|AT2C1_HUMAN	psvid_29493_sp|P98194|AT2C1_HUMAN	0.18526323976750225	-0.2896823344900605	0.660208814025065	0.20058723361977351	0.9236043412348021	0.38661637676845906	1.0	0.2671846122407918	-15.282160266119924
sp|P24534|EF1B_HUMAN	psvid_31234_sp|P24534|EF1B_HUMAN	0.3303539305702867	-0.5176424704147836	1.178350331555357	0.3581405142242168	0.922414296762488	0.38719491893364355	1.0	0.5623716546127804	-14.178258108188817
sp|Q96HS1|PGAM5_HUMAN	psvid_100570_sp|Q96HS1|PGAM5_HUMAN	-0.21940217461595735	-0.7846972422343449	0.3458928930024302	0.23874519510941544	-0.9189804825827246	0.38886790389529974	1.0	0.34354136973869864	-12.149592756762491
sp|Q93088|BHMT1_HUMAN	psvid_52250_sp|Q93088|BHMT1_HUMAN	-0.16633940827273186	-0.5951421770942935	0.2624633605488298	0.18109940554951223	-0.9184978148768963	0.38910349620174195	1.0	0.22515863096442335	-11.008992707881085
sp|Q58FF6|H90B4_HUMAN	psvid_47968_sp|Q58FF6|H90B4_HUMAN	0.21779122852628685	-0.34395787244429077	0.7795403294968645	0.23724760111350537	0.9179912779058613	0.3893508538037859	1.0	0.34064311404988834	-14.005439166966323
sp|Q86X29|LSR_HUMAN	psvid_45990_sp|Q86X29|LSR_HUMAN	-0.5063038107942677	-1.8128178600205347	0.8002102384319993	0.5517896218515873	-0.9175667514284026	0.3895582535592292	1.0	0.8980106636760781	-14.27269549025455
sp|P20645|MPRD_HUMAN	psvid_88591_sp|P20645|MPRD_HUMAN	-0.15360756867919312	-0.5507091418117114	0.24349400445332509	0.1677108080125323	-0.9159073914169843	0.39036971445532825	1.0	0.1941790269545913	-11.624030097091296
sp|P19652|A1AG2_HUMAN	psvid_91368_sp|P19652|A1AG2_HUMAN	0.23752360590118604	-0.3786419901841944	0.8536892019865665	0.2602297169810445	0.9127458948836638	0.3919192373823615	1.0	0.38450164009599297	-9.847021039017175
sp|P30533|AMRP_HUMAN	psvid_44289_sp|P30533|AMRP_HUMAN	-0.1375915583675673	-0.49503522956634555	0.21985211283121092	0.15096179660740813	-0.9114329682057805	0.392564077364293	1.0	0.15118905552388087	-11.330156602476315
sp|P51689|ARSD_HUMAN	psvid_66290_sp|P51689|ARSD_HUMAN	-0.2584112491342112	-0.9302787928298177	0.4134562945613953	0.28375472739057334	-0.9106852650899515	0.3929316620608144	1.0	0.42829897929746674	-12.459701099585255
sp|P11117|PPAL_HUMAN	psvid_85558_sp|P11117|PPAL_HUMAN	0.19294201973112957	-0.3096128989862116	0.6954969384484707	0.21224768973813937	0.9090417896617476	0.39374052434474577	1.0	0.2911673822950774	-12.23658334334261
sp|P53992|SC24C_HUMAN	psvid_61435_sp|P53992|SC24C_HUMAN	-0.18751816952803635	-0.6766219154327586	0.301585576376686	0.20656675766999144	-0.9077848325799504	0.39435998992123894	1.0	0.2795710792001984	-12.539118952306186
sp|Q13438|OS9_HUMAN	psvid_24520_sp|Q13438|OS9_HUMAN	-0.166045478430477	-0.6007571218482559	0.26866616498730184	0.18359494371915228	-0.9044120446175199	0.3960257736608753	1.0	0.23071213328330392	-12.10636730280962
sp|Q16853|AOC3_HUMAN	psvid_39586_sp|Q16853|AOC3_HUMAN	0.22867726305826297	-0.37080127430311793	0.8281558004196439	0.25318214957938984	0.9032124240913638	0.39661950900628173	1.0	0.3711823722093664	-12.08690671874501
sp|P09104|ENOG_HUMAN	psvid_50022_sp|P09104|ENOG_HUMAN	0.23095163162368548	-0.37527718902796425	0.8371804522753352	0.25603304602886495	0.9020383704596014	0.3972012283961058	1.0	0.37658285985965256	-13.394336042848726
sp|Q99805|TM9S2_HUMAN	psvid_42686_sp|Q99805|TM9S2_HUMAN	-0.18015881005244339	-0.6532943910579341	0.2929767709530473	0.1998228059485164	-0.9015928346980606	0.39742214739686355	1.0	0.2655864673039399	-12.056721174292647
sp|Q16851|UGPA_HUMAN	psvid_24468_sp|Q16851|UGPA_HUMAN	0.13614578311018555	-0.22218354973135163	0.4944751159517227	0.15133584455831675	0.8996268102083524	0.39839808661864956	1.0	0.15222572605014098	-10.91676590404398
sp|Q9UI09|NDUAC_HUMAN	psvid_88718_sp|Q9UI09|NDUAC_HUMAN	-0.1896679709492486	-0.6889823069151021	0.3096463650166049	0.2108790707538421	-0.899415813391206	0.3985029311173065	1.0	0.2883878374923131	-11.18579721276438
sp|Q8NBN7|RDH13_HUMAN	psvid_96916_sp|Q8NBN7|RDH13_HUMAN	0.18425962058631962	-0.30094882701102804	0.6694680681836673	0.20492162788260163	0.8991711733418439	0.3986245184907154	1.0	0.276182709708156	-14.058576921922914
sp|O75821|EIF3G_HUMAN	psvid_31225_sp|O75821|EIF3G_HUMAN	-0.36214785825147366	-1.3200437266256744	0.5957480101227269	0.40455515904816763	-0.8951754789224062	0.40061427922468984	1.0	0.6439999373255286	-13.19444348938671
sp|Q96S66|CLCC1_HUMAN	psvid_91752_sp|Q96S66|CLCC1_HUMAN	0.18192487890980713	-0.2998755943315966	0.6637253521512109	0.20348231317928112	0.8940574542688607	0.40117233820565934	1.0	0.27320637955889604	-12.13322817468617
sp|P67809|YBOX1_HUMAN	psvid_48893_sp|P67809|YBOX1_HUMAN	-0.2784693418655202	-1.016014859358553	0.4590761756275127	0.31149298580970197	-0.8939827044312431	0.4012096698044722	1.0	0.4789254482521776	-11.488704404205585
sp|P02747|C1QC_HUMAN	psvid_49466_sp|P02747|C1QC_HUMAN	-0.3187623867169824	-1.1634613885362293	0.5259366151022645	0.35674789954863717	-0.893522812945179	0.4014394053375776	1.0	0.5599039956813743	-13.19228610851183
sp|P62263|RS14_HUMAN	psvid_4635_sp|P62263|RS14_HUMAN	0.15338425772711073	-0.2531462741201708	0.5599147895743923	0.1716930090204393	0.8933634432887771	0.40151903992325805	1.0	0.20363008905267765	-10.042474970831321
sp|Q13190|STX5_HUMAN	psvid_44863_sp|Q13190|STX5_HUMAN	-0.18392259518100307	-0.6717336761363857	0.3038884857743796	0.20602081703965583	-0.8927379175746148	0.401831718026216	1.0	0.2784482135540737	-12.765379436233584
sp|Q9P0Z9|SOX_HUMAN	psvid_63983_sp|Q9P0Z9|SOX_HUMAN	0.2659735715710263	-0.44099176903600235	0.972938912178055	0.2985778363323	0.8908014567933735	0.4028008223314362	1.0	0.4554688538950308	-13.09796633790784
sp|P17693|HLAG_HUMAN	psvid_63935_sp|P17693|HLAG_HUMAN	0.2884518154849891	-0.4785905755648784	1.0554942065348567	0.3239506158790983	0.890419098917973	0.4029923768977316	1.0	0.5013881940571173	-14.536532601787439
sp|Q9BXK5|B2L13_HUMAN	psvid_91085_sp|Q9BXK5|B2L13_HUMAN	-0.4305183848323284	-1.5753414748789636	0.7143047052143068	0.4835014979884063	-0.8904178924439478	0.40299298142597806	1.0	0.780871272871969	-13.496140368513213
sp|P14927|QCR7_HUMAN	psvid_93676_sp|P14927|QCR7_HUMAN	-0.2501166806333277	-0.9152406537662662	0.41500729249961077	0.28090666597637903	-0.8903906917408632	0.40300661106617197	1.0	0.4230442760693803	-9.902565116631424
sp|P00505|AATM_HUMAN	psvid_84928_sp|P00505|AATM_HUMAN	-0.3911509900731347	-1.4332257202453447	0.6509237400990753	0.4401070326364603	-0.8887633258890354	0.4038226630091458	1.0	0.7058820583257484	-12.71380953082576
sp|Q9UDX4|S14L3_HUMAN	psvid_87457_sp|Q9UDX4|S14L3_HUMAN	0.3310107352784133	-0.5510113775532199	1.2130328481100465	0.3725108416494479	0.8885935609624797	0.4039078624867873	1.0	0.5877663124455542	-15.80052836884915
sp|Q9H1K4|GHC2_HUMAN	psvid_43470_sp|Q9H1K4|GHC2_HUMAN	-0.3945900743074122	-1.4481173180530462	0.6589371694382218	0.4449438563488974	-0.886831155609887	0.4047931362273906	1.0	0.7142671914206592	-12.211982046497084
sp|Q13247|SRSF6_HUMAN	psvid_29073_sp|Q13247|SRSF6_HUMAN	0.23152966107795603	-0.3878366262430726	0.8508959483989846	0.2615814882900694	0.8851148549977332	0.40565661870153435	1.0	0.38704477859856334	-13.141649979573788
sp|P01893|HLAH_HUMAN	psvid_57350_sp|P01893|HLAH_HUMAN	0.2022498957335297	-0.340257239477021	0.7447570309440804	0.22912100116098727	0.882720897293142	0.4068632889995372	1.0	0.3247999196829064	-12.241307771605063
sp|Q9UKS6|PACN3_HUMAN	psvid_30920_sp|Q9UKS6|PACN3_HUMAN	-0.5013560331914291	-1.8472579361218653	0.8445458697390071	0.5684245818153475	-0.8820097674000565	0.4072222386169782	1.0	0.9264232099107375	-13.05320118534334
sp|P52272|HNRPM_HUMAN	psvid_25963_sp|P52272|HNRPM_HUMAN	0.48427619762091245	-0.8162446463494284	1.7847970415912533	0.5492584676984383	0.8816909089270457	0.4073832607126271	1.0	0.8936837683741801	-12.015791623159886
sp|P27169|PON1_HUMAN	psvid_99075_sp|P27169|PON1_HUMAN	-0.17150980449900244	-0.6324325264800938	0.2894129174820889	0.19466485998781974	-0.8810516932009911	0.4077062020661616	1.0	0.254707776247106	-10.370365654561525
sp|P02671|FIBA_HUMAN	psvid_46503_sp|P02671|FIBA_HUMAN	0.1812670011791142	-0.3068378549799102	0.6693718573381386	0.20614488926729305	0.8793184338617219	0.4085828125845732	1.0	0.27870353563951233	-10.282786686289718
sp|Q9Y5U9|IR3IP_HUMAN	psvid_89719_sp|Q9Y5U9|IR3IP_HUMAN	0.2913882913911072	-0.4938007920062498	1.0765773747884642	0.33161464101086646	0.878695495780474	0.4088982049864624	1.0	0.5151371614195546	-11.540598200831212
sp|O75955|FLOT1_HUMAN	psvid_63021_sp|O75955|FLOT1_HUMAN	-0.1604311218261416	-0.5928907349165711	0.2720284912642879	0.1826438273010301	-0.8783823915479063	0.4090567962166412	1.0	0.22860251857527447	-12.261547184518403
sp|P53582|MAP11_HUMAN	psvid_71806_sp|P53582|MAP11_HUMAN	-0.5023926681242394	-1.8591835399620944	0.8543982037136155	0.5730233995925742	-0.8767402316928873	0.4098893063241735	1.0	0.9342709170309159	-14.041401559682994
sp|O43493|TGON2_HUMAN	psvid_62566_sp|O43493|TGON2_HUMAN	0.21478802076321912	-0.3653435807953892	0.7949196223218274	0.24501121686196442	0.8766456634686542	0.4099372862954672	1.0	0.3556019408449961	-13.081910958247192
sp|O60493|SNX3_HUMAN	psvid_17573_sp|O60493|SNX3_HUMAN	0.4785242663220881	-0.8145044642739516	1.7715529969181278	0.5460942687308704	0.8762667797891089	0.41012955715618593	1.0	0.888273285877606	-14.276981264241876
sp|O95816|BAG2_HUMAN	psvid_72301_sp|O95816|BAG2_HUMAN	0.1495012174227881	-0.2548163192443906	0.5538187540899668	0.17075837860118626	0.8755132172574372	0.4105121605413682	1.0	0.2014320640776118	-11.520914725003225
sp|Q9Y3A5|SBDS_HUMAN	psvid_58342_sp|Q9Y3A5|SBDS_HUMAN	-0.49945268502194384	-1.8538070174887415	0.8549016474448539	0.5719943581222752	-0.8731776422787302	0.4116996456086463	1.0	0.9325151536169658	-13.213458315164464
sp|P20674|COX5A_HUMAN	psvid_88221_sp|P20674|COX5A_HUMAN	0.166195662155328	-0.2845286300591762	0.6169199543698323	0.1903576826499888	0.8730704211235457	0.41175422045272314	1.0	0.2454851023196592	-10.200696222581284
sp|Q9H1X3|DJC25_HUMAN	psvid_27860_sp|Q9H1X3|DJC25_HUMAN	-0.23246098482907396	-0.8647306287570304	0.3998086590988825	0.2670310571385402	-0.8705391324892569	0.41304415903993197	1.0	0.397261913707297	-13.568328569900485
sp|P62195|PRS8_HUMAN	psvid_4553_sp|P62195|PRS8_HUMAN	0.26263172760126174	-0.45180873135433375	0.9770721865568572	0.30173485766650937	0.870405658903135	0.4131122583222575	1.0	0.46121992287846386	-13.366685100617854
sp|P59190|RAB15_HUMAN	psvid_85856_sp|P59190|RAB15_HUMAN	0.22129189221179724	-0.38085879421418356	0.823442578637778	0.25431069781257554	0.8701635209026368	0.41323581988153585	1.0	0.373322294850982	-12.12860578147397
sp|P61204|ARF3_HUMAN	psvid_8581_sp|P61204|ARF3_HUMAN	-0.16793418952157824	-0.6251878614602329	0.28931948241707645	0.19311528328279337	-0.8696058989575643	0.4135204731335314	1.0	0.25140509461324584	-10.786166388000064
sp|P84077|ARF1_HUMAN	psvid_25700_sp|P84077|ARF1_HUMAN	-0.16793418952157824	-0.6251878614602329	0.28931948241707645	0.19311528328279337	-0.8696058989575643	0.4135204731335314	1.0	0.25140509461324584	-10.786166388000064
sp|P42126|ECI1_HUMAN	psvid_48065_sp|P42126|ECI1_HUMAN	0.5831412499534943	-1.0050149509088155	2.1712974508158043	0.6707376090092864	0.869402941061891	0.413624113853077	1.0	1.100424850186338	-14.293736247526123
sp|P62495|ERF1_HUMAN	psvid_74785_sp|P62495|ERF1_HUMAN	-0.31438294092933283	-1.1715638636279848	0.5427979817693191	0.36201948036792275	-0.8684144306539068	0.4141291677539445	1.0	0.5692385993879653	-13.270077249796369
sp|Q9HCN8|SDF2L_HUMAN	psvid_102189_sp|Q9HCN8|SDF2L_HUMAN	-0.1513887398453706	-0.5642159793698516	0.2614384996791104	0.1743523435681003	-0.8682919698537901	0.4141917671007839	1.0	0.20982160040031608	-10.150813551564323
sp|P07858|CATB_HUMAN	psvid_79845_sp|P07858|CATB_HUMAN	-0.15508981939861188	-0.5783864129175831	0.2682067741203593	0.17877394231406962	-0.8675191551470653	0.4145869719375289	1.0	0.219928292734273	-11.584966768337909
sp|Q58FF3|ENPLL_HUMAN	psvid_72761_sp|Q58FF3|ENPLL_HUMAN	0.14749022469513617	-0.25538092902142334	0.5503613784116956	0.17014751712453594	0.8668373608248645	0.4149358575612801	1.0	0.19998897691117754	-11.80588994510737
sp|Q9Y678|COPG1_HUMAN	psvid_26126_sp|Q9Y678|COPG1_HUMAN	0.5132522402162558	-0.8890455368982735	1.9155500173307851	0.5922426633036095	0.8666249022879667	0.41504461967926376	1.0	0.9670370228770736	-13.063662245780247
sp|P26368|U2AF2_HUMAN	psvid_68906_sp|P26368|U2AF2_HUMAN	-0.2923970084305796	-1.093136144414853	0.5083421275536939	0.33818200830537687	-0.8646143237949736	0.4160749018376461	1.0	0.5268800470955244	-13.598177323984526
sp|O14828|SCAM3_HUMAN	psvid_84326_sp|O14828|SCAM3_HUMAN	0.28483644592796553	-0.49549793544426657	1.0651708273001976	0.3295643192433874	0.8642818087282386	0.416245471184496	1.0	0.5114638749692658	-12.807134255556559
sp|P05362|ICAM1_HUMAN	psvid_44118_sp|P05362|ICAM1_HUMAN	-0.229746332215631	-0.8593098560142831	0.3998171915830211	0.26588816165745593	-0.8640713102210752	0.4163534762041018	1.0	0.395123721453335	-13.219893494236118
sp|Q15005|SPCS2_HUMAN	psvid_62542_sp|Q15005|SPCS2_HUMAN	-0.126684029064414	-0.4740875627407516	0.22071950461192358	0.1467214719892945	-0.8634321026554141	0.4166815726201752	1.0	0.13909285418664183	-10.748434667716502
sp|A0FGR8|ESYT2_HUMAN	psvid_53867_sp|A0FGR8|ESYT2_HUMAN	-0.16376333799303433	-0.6134472875253223	0.2859206115392536	0.18991830712581734	-0.8622830546006509	0.4172718336273538	1.0	0.24453660765585314	-13.38925665233968
sp|Q12797|ASPH_HUMAN	psvid_35479_sp|Q12797|ASPH_HUMAN	-0.17813359055857791	-0.6680327039963849	0.31176552287922904	0.2069026710500073	-0.8609535568321588	0.4179555453804141	1.0	0.28026120492287604	-11.478964362419356
sp|Q9UNW1|MINP1_HUMAN	psvid_43393_sp|Q9UNW1|MINP1_HUMAN	-0.1375262954401637	-0.5165273372016281	0.24147474632130067	0.1600662783831254	-0.859183438444097	0.4188671083042921	1.0	0.17531486378973607	-13.793316483976056
sp|Q27J81|INF2_HUMAN	psvid_49094_sp|Q27J81|INF2_HUMAN	-0.4887597857851773	-1.835737553169723	0.8582179815993685	0.5688789595089117	-0.8591630567723972	0.418877612666946	1.0	0.9271987204114922	-16.240141363751977
sp|Q92901|RL3L_HUMAN	psvid_50397_sp|Q92901|RL3L_HUMAN	-0.2974469987569601	-1.117295687977491	0.5224016904635705	0.34625268550952304	-0.859046041243713	0.41893792413636116	1.0	0.541265613311255	-14.120565267824436
sp|P50579|MAP2_HUMAN	psvid_50381_sp|P50579|MAP2_HUMAN	-0.3769213706963668	-1.4162578235971315	0.6624150822043979	0.43895055599464355	-0.8586875345043788	0.41912274264212357	1.0	0.7038760855794284	-12.364223269625997
sp|Q9NUL3|STAU2_HUMAN	psvid_35627_sp|Q9NUL3|STAU2_HUMAN	0.3712048757309563	-0.6528600048831057	1.3952697563450183	0.43250080131948393	0.8582755791399125	0.4193351878106264	1.0	0.6926805924351056	-15.393695773358306
sp|O14656|TOR1A_HUMAN	psvid_77347_sp|O14656|TOR1A_HUMAN	-0.17527074019507616	-0.6590022652285061	0.3084607848383538	0.20429786838799013	-0.8579176159695048	0.4195198523252549	1.0	0.27489423264085494	-12.454481957201663
sp|Q14739|LBR_HUMAN	psvid_26730_sp|Q14739|LBR_HUMAN	-0.24942309446909672	-0.9387527133459443	0.4399065244077509	0.29112961315372854	-0.8567424377313034	0.42012651071119633	1.0	0.44185263022057825	-14.451937819316694
sp|Q9NVH1|DJC11_HUMAN	psvid_42928_sp|Q9NVH1|DJC11_HUMAN	-0.32934485743614283	-1.2398773035639843	0.5811875886916986	0.384551818964383	-0.8564381734640725	0.42028368309237835	1.0	0.6089555719310387	-14.160500930349176
sp|Q07065|CKAP4_HUMAN	psvid_26991_sp|Q07065|CKAP4_HUMAN	-0.12934614794908317	-0.4879171204320413	0.22922482453387494	0.15143789799313667	-0.8541200694356261	0.4214825267618774	1.0	0.1525077857675448	-10.661020558972869
sp|Q8WWC4|MAIP1_HUMAN	psvid_90971_sp|Q8WWC4|MAIP1_HUMAN	-0.4192334674698386	-1.5826448704992118	0.7441779355595346	0.4913520359888803	-0.8532242399812223	0.42194647790951967	1.0	0.7943858600238056	-14.320932403234107
sp|Q8N5K1|CISD2_HUMAN	psvid_86080_sp|Q8N5K1|CISD2_HUMAN	-0.15490623048241092	-0.585142016222153	0.2753295552573311	0.18170462205205037	-0.8525167314568206	0.4223131570320261	1.0	0.2265109447368312	-10.217898244129195
sp|O95470|SGPL1_HUMAN	psvid_33275_sp|O95470|SGPL1_HUMAN	-0.17367083573165587	-0.6563208858575262	0.30897921439421455	0.20384112119063877	-0.8519911719345055	0.4225856860888887	1.0	0.2739494089237663	-12.070421413292589
sp|Q9NPD5|SO1B3_HUMAN	psvid_35240_sp|Q9NPD5|SO1B3_HUMAN	-0.6603143964888258	-2.4992392193114714	1.1786104263338197	0.7766465528631107	-0.8502122285286327	0.4235090958647801	1.0	1.279589500021761	-13.939298399900371
sp|Q9UNF0|PACN2_HUMAN	psvid_48989_sp|Q9UNF0|PACN2_HUMAN	0.22348236192499904	-0.3990981100516088	0.8460628339016069	0.2629389583736966	0.8499400899252797	0.42365048465395816	1.0	0.38959506216000583	-13.905517320114727
sp|Q15738|NSDHL_HUMAN	psvid_89344_sp|Q15738|NSDHL_HUMAN	-0.1492162449671386	-0.5657742804644128	0.26734179053013557	0.17592799788291774	-0.8481665611089592	0.42457274627133956	1.0	0.2134488231961911	-10.809286752407708
sp|P61088|UBE2N_HUMAN	psvid_86334_sp|P61088|UBE2N_HUMAN	0.25093144910732557	-0.4496605737579773	0.9515234719726284	0.2958861464964888	0.84806758301644	0.4246242587676584	1.0	0.4505560904339722	-12.926852905437965
sp|Q9Y512|SAM50_HUMAN	psvid_63908_sp|Q9Y512|SAM50_HUMAN	0.2404581302059663	-0.432107951489358	0.9130242119012906	0.2840497460464703	0.8465352761365522	0.42542230961039235	1.0	0.4288426189983117	-13.380816967329228
sp|P84098|RL19_HUMAN	psvid_46147_sp|P84098|RL19_HUMAN	0.18969853504038037	-0.34132354195346615	0.7207206120342269	0.22427043263163104	0.8458472782810574	0.42578097973349494	1.0	0.3152417853651614	-11.123820135914002
sp|Q9BQA9|CYBC1_HUMAN	psvid_85946_sp|Q9BQA9|CYBC1_HUMAN	-0.4231198476060256	-1.6097902199032996	0.7635505246912484	0.5011751663751116	-0.8442554140628261	0.4266116876058774	1.0	0.8112767864544749	-13.18220847344243
sp|P24844|MYL9_HUMAN	psvid_32754_sp|P24844|MYL9_HUMAN	0.5427055767060676	-0.9811278495732276	2.0665390029853627	0.6435717017734432	0.8432713483370597	0.4271257980374934	1.0	1.0543314131062844	-12.604851823920864
sp|Q8IVS2|FABD_HUMAN	psvid_60644_sp|Q8IVS2|FABD_HUMAN	0.33407483967284257	-0.6075514594998578	1.2757011388455428	0.39768391304610545	0.8400511781177119	0.42881122354562906	1.0	0.6319825505004696	-15.765073062146893
sp|Q8NHM4|TRY6_HUMAN	psvid_33404_sp|Q8NHM4|TRY6_HUMAN	0.5594885171646875	-1.0179864652690922	2.136963499598467	0.6662265320093236	0.8397872049275541	0.42894959643893565	1.0	1.0927752773466846	-14.24099900619677
sp|Q9BRL6|SRSF8_HUMAN	psvid_31477_sp|Q9BRL6|SRSF8_HUMAN	0.374063108720033	-0.6837765175873678	1.4319027350274338	0.44676513637603976	0.8372701409833961	0.4302706237916155	1.0	0.7174226782148231	-14.775673817496003
sp|Q9UNX3|RL26L_HUMAN	psvid_34240_sp|Q9UNX3|RL26L_HUMAN	-0.19062809486712906	-0.7308107453478391	0.34955455561358095	0.22813928454581717	-0.8355776833728312	0.4311605023729469	1.0	0.3228719061992634	-10.722752718074245
sp|O96008|TOM40_HUMAN	psvid_94523_sp|O96008|TOM40_HUMAN	0.29979092506509586	-0.550295205706789	1.1498770558369809	0.35902308506952935	0.8350185197897165	0.43145479312119644	1.0	0.5639348981858088	-13.094013775026557
sp|P38646|HSPA9_HUMAN	psvid_31483_sp|P38646|HSPA9_HUMAN	-0.11929633403594497	-0.45769439258125477	0.21910172450936483	0.14291812389664563	-0.8347180244418597	0.4316130044346161	1.0	0.1276027601945989	-11.35027914137214
sp|Q08380|LG3BP_HUMAN	psvid_35482_sp|Q08380|LG3BP_HUMAN	0.13834549043072997	-0.2541551762516898	0.5308461571131498	0.1657676735841059	0.8345746033561683	0.43168853042764055	1.0	0.189480736577131	-14.403663585854243
sp|P00740|FA9_HUMAN	psvid_55753_sp|P00740|FA9_HUMAN	-0.24096970168264287	-0.9246724407686203	0.4427330374033346	0.2887531719100639	-0.8345179382399864	0.4317183730457822	1.0	0.4374932675322559	-12.274305565003635
sp|Q9BUF5|TBB6_HUMAN	psvid_40978_sp|Q9BUF5|TBB6_HUMAN	-0.12838519000129	-0.49353730449931316	0.23676692449673314	0.15421735977236123	-0.8324950588623625	0.4327846811821886	1.0	0.16006831599412744	-10.198658578973394
sp|Q9UFG5|CS025_HUMAN	psvid_78413_sp|Q9UFG5|CS025_HUMAN	0.3300104504776229	-0.6093103879618349	1.2693312889170807	0.3967102309743796	0.83186775815453	0.4331157261606056	1.0	0.6302779615894454	-13.538868509541532
sp|Q02985|FHR3_HUMAN	psvid_55751_sp|Q02985|FHR3_HUMAN	0.3235248637226693	-0.5976643008189507	1.2447140282642892	0.3890525486941552	0.8315711201701985	0.4332723333242386	1.0	0.6168567764386743	-13.42776098151697
sp|P08134|RHOC_HUMAN	psvid_84346_sp|P08134|RHOC_HUMAN	-0.10621743250987903	-0.40901906900793583	0.19658420398817777	0.12788442695909236	-0.8305736283578598	0.4337992443330239	1.0	0.07041004531990412	-11.202186685486069
sp|O14950|ML12B_HUMAN	psvid_65538_sp|O14950|ML12B_HUMAN	0.3007215800919738	-0.5581531549185819	1.1595963151025295	0.362734840494074	0.8290396910381337	0.43461041187659394	1.0	0.570503988849445	-11.797796462294762
sp|Q9UL25|RAB21_HUMAN	psvid_75021_sp|Q9UL25|RAB21_HUMAN	-0.43481138550180365	-1.6776198341566353	0.807997063153028	0.5248843702242068	-0.8283946144482679	0.4349518583664229	1.0	0.8519632597109845	-12.268322514493324
sp|P50990|TCPQ_HUMAN	psvid_85860_sp|P50990|TCPQ_HUMAN	-0.19554062868885458	-0.7564972061767383	0.36541594879902917	0.23691288888206544	-0.8253693144833253	0.43655571942784843	1.0	0.3399944849071533	-12.197399269224002
sp|P46779|RL28_HUMAN	psvid_43422_sp|P46779|RL28_HUMAN	-0.14498393979633084	-0.5609927482603306	0.27102486866766895	0.1756960388181219	-0.825197544415991	0.43664690857441935	1.0	0.21291668640508687	-11.016807209106524
sp|Q9BYV7|BCDO2_HUMAN	psvid_28662_sp|Q9BYV7|BCDO2_HUMAN	-0.5725970693779994	-2.218595452324381	1.0734013135683826	0.6951665202775137	-0.8236833228812802	0.437451359784688	1.0	1.1418206816649956	-14.113429656041372
sp|Q9UBR1|BUP1_HUMAN	psvid_78389_sp|Q9UBR1|BUP1_HUMAN	0.12676087720470708	-0.237691290602551	0.49121304501196517	0.15392174617368448	0.8235410548271118	0.437526995436752	1.0	0.15927484866533403	-13.556271136174807
sp|Q709F0|ACD11_HUMAN	psvid_419470_sp|Q709F0|ACD11_HUMAN	-0.15002789316075527	-0.5816140960341856	0.281558309712675	0.1822749535842532	-0.8230856198869236	0.43776918581963187	1.0	0.227782056678494	-13.011420314507872
sp|Q14032|BAAT_HUMAN	psvid_58179_sp|Q14032|BAAT_HUMAN	-0.22915000618390335	-0.8885353885294167	0.43023537616161	0.2784830450115455	-0.8228508352255453	0.4378940761611157	1.0	0.4185631717742124	-13.923463605395185
sp|P43251|BTD_HUMAN	psvid_74748_sp|P43251|BTD_HUMAN	-0.1835801876288703	-0.7122498844602152	0.3450895092024746	0.2232769347346229	-0.8222084732893059	0.43823589994199863	1.0	0.3132738750451799	-14.38756492555117
sp|O94808|GFPT2_HUMAN	psvid_42687_sp|O94808|GFPT2_HUMAN	0.22697968798154378	-0.42672937523484433	0.8806887511979319	0.2760857236910256	0.8221348244560535	0.43827510315214363	1.0	0.41412180772613544	-15.975432964909613
sp|P07384|CAN1_HUMAN	psvid_49645_sp|P07384|CAN1_HUMAN	-0.27682869820709355	-1.0743043477685879	0.5206469513544009	0.3368037162462831	-0.8219288708936524	0.43838474519078297	1.0	0.5244184029859005	-15.001287796435822
sp|P19105|ML12A_HUMAN	psvid_29433_sp|P19105|ML12A_HUMAN	0.2983097302810549	-0.5612465987241951	1.157866059286305	0.36302270306456186	0.8217384966912163	0.43848611056663844	1.0	0.5710130966942988	-11.789998888885274
sp|P62316|SMD2_HUMAN	psvid_55812_sp|P62316|SMD2_HUMAN	-0.23401314613054014	-0.9099595269175709	0.4419332346564906	0.28547737245329124	-0.8197257250881714	0.43955882888517744	1.0	0.4314715992740261	-12.133435083281213
sp|Q96N66|MBOA7_HUMAN	psvid_36995_sp|Q96N66|MBOA7_HUMAN	0.4112854612549479	-0.7770371302748222	1.599608052784718	0.5018729601922197	0.8195011364976181	0.43967863927180373	1.0	0.8124758562540524	-15.354372783698253
sp|P16671|CD36_HUMAN	psvid_70753_sp|P16671|CD36_HUMAN	-0.7290409294559463	-2.8373012290142405	1.3792193701023479	0.8903969721159255	-0.8187819054724151	0.4400624793846988	1.0	1.4713397634849774	-13.855969242715787
sp|P24462|CP3A7_HUMAN	psvid_418760_sp|P24462|CP3A7_HUMAN	-0.1462405650680214	-0.5697922035099064	0.2773110733738636	0.1788816572993414	-0.8175268905480999	0.44073282221776533	1.0	0.22017179619985813	-8.642663370949144
sp|P30040|ERP29_HUMAN	psvid_46244_sp|P30040|ERP29_HUMAN	-0.1462405650680214	-0.5697922035099066	0.2773110733738638	0.17888165729934147	-0.8175268905480997	0.44073282221776533	1.0	0.22017179619985833	-8.892663280780738
sp|P04350|TBB4A_HUMAN	psvid_40983_sp|P04350|TBB4A_HUMAN	0.14624056506802097	-0.27731107337386424	0.5697922035099061	0.17888165729934147	0.8175268905480972	0.4407328222177667	1.0	0.22017179619985833	-8.892663280780738
sp|Q13885|TBB2A_HUMAN	psvid_40984_sp|Q13885|TBB2A_HUMAN	0.14624056506802097	-0.27731107337386424	0.5697922035099061	0.17888165729934147	0.8175268905480972	0.4407328222177667	1.0	0.22017179619985833	-8.892663280780738
sp|Q9BVA1|TBB2B_HUMAN	psvid_22585_sp|Q9BVA1|TBB2B_HUMAN	0.14624056506802097	-0.27731107337386424	0.5697922035099061	0.17888165729934147	0.8175268905480972	0.4407328222177667	1.0	0.22017179619985833	-8.892663280780738
sp|P10632|CP2C8_HUMAN	psvid_27087_sp|P10632|CP2C8_HUMAN	0.14624056506802074	-0.2773110733738644	0.5697922035099059	0.17888165729934144	0.8175268905480961	0.44073282221776733	1.0	0.22017179619985822	-8.269700235124944
sp|Q9UI10|EI2BD_HUMAN	psvid_46153_sp|Q9UI10|EI2BD_HUMAN	-0.300992128354026	-1.1729099719182545	0.5709257152102024	0.36824343180303276	-0.817372700662375	0.4408152294056906	1.0	0.5802377926102857	-14.522389134561887
sp|O00161|SNP23_HUMAN	psvid_45131_sp|O00161|SNP23_HUMAN	0.24355131524638507	-0.4622822908026538	0.949384921295424	0.2980998626096605	0.8170125041798404	0.44100777959239923	1.0	0.45459711504676226	-13.235486813461966
sp|Q96GQ5|RUSF1_HUMAN	psvid_48646_sp|Q96GQ5|RUSF1_HUMAN	-0.5843839903118675	-2.2782202872988924	1.1094523066751572	0.715370255946707	-0.8168972437056461	0.4410694068604547	1.0	1.1760223675844792	-13.89084894141253
sp|P28332|ADH6_HUMAN	psvid_418778_sp|P28332|ADH6_HUMAN	-0.1330336343792995	-0.5189609927317549	0.25289372397315585	0.1629915202623311	-0.8161997272323426	0.4414424829608511	1.0	0.18265842696240628	-11.70617557531976
sp|P23258|TBG1_HUMAN	psvid_90918_sp|P23258|TBG1_HUMAN	0.20754089884960036	-0.3947311105854614	0.8098129082846621	0.25436193704520554	0.8159274978815557	0.4415881486708073	1.0	0.3734193874317911	-14.083000770109138
sp|Q9NRH3|TBG2_HUMAN	psvid_44095_sp|Q9NRH3|TBG2_HUMAN	0.20754089884960036	-0.3947311105854614	0.8098129082846621	0.25436193704520554	0.8159274978815557	0.4415881486708073	1.0	0.3734193874317911	-14.083000770109138
sp|O76054|S14L2_HUMAN	psvid_50152_sp|O76054|S14L2_HUMAN	0.1891856997071253	-0.3607980389523818	0.7391694383666324	0.23227864970849205	0.8144773527164546	0.44236466807366476	1.0	0.33098006014144304	-12.526505105019044
sp|P13674|P4HA1_HUMAN	psvid_53884_sp|P13674|P4HA1_HUMAN	0.421850010394039	-0.80483428162859	1.648534302416668	0.5180745373747032	0.8142650911425343	0.4424784096709788	1.0	0.8402883329252042	-12.78837670403822
sp|P61981|1433G_HUMAN	psvid_54161_sp|P61981|1433G_HUMAN	-0.16635024557810718	-0.650090358790421	0.31738986763420657	0.20430149549631052	-0.8142390009137809	0.4424923916884492	1.0	0.27490173110142485	-11.797619136845102
sp|Q9Y2Q3|GSTK1_HUMAN	psvid_39406_sp|Q9Y2Q3|GSTK1_HUMAN	-0.15162439664812544	-0.5925867241681986	0.28933793087194765	0.186234840794244	-0.8141569858866694	0.44253634639103073	1.0	0.23652469080238767	-11.396803987637782
sp|P03915|NU5M_HUMAN	psvid_86249_sp|P03915|NU5M_HUMAN	0.250847199056198	-0.4793665230133075	0.9810609211257035	0.30839649509332795	0.8133918609557668	0.4429465510929825	1.0	0.4733181788580041	-16.10282004068812
sp|O43169|CYB5B_HUMAN	psvid_89786_sp|O43169|CYB5B_HUMAN	0.2206320987663375	-0.4220374270105989	0.8633016245432739	0.27142331520583635	0.8128708419872447	0.44322603647049874	1.0	0.40545765711571474	-10.856468046073012
sp|P01116|RASK_HUMAN	psvid_86524_sp|P01116|RASK_HUMAN	-0.12835804093737258	-0.5022893954513105	0.2455733135765653	0.1579251603363083	-0.8127776515409496	0.44327603879637256	1.0	0.1698273784756959	-12.864881246277275
sp|P31512|FMO4_HUMAN	psvid_66625_sp|P31512|FMO4_HUMAN	-0.1697958249867786	-0.6661221368616548	0.3265304868880976	0.20961711671345484	-0.8100284349340054	0.44475293992198844	1.0	0.2858171214384569	-12.885945984681456
sp|P27797|CALR_HUMAN	psvid_78505_sp|P27797|CALR_HUMAN	0.12163969091951499	-0.2342238530686317	0.47750323490766167	0.15029444994049082	0.8093425337241548	0.44512194802622806	1.0	0.1493281097411424	-6.141292056669576
sp|Q9Y6L6|SO1B1_HUMAN	psvid_69219_sp|Q9Y6L6|SO1B1_HUMAN	-0.28027240005632725	-1.10157802678067	0.5410332266680156	0.34686800456771916	-0.8080087997900354	0.4458400969373223	1.0	0.5423604396558511	-13.726934805023182
sp|O60716|CTND1_HUMAN	psvid_28051_sp|O60716|CTND1_HUMAN	-0.21398954962487826	-0.8414164953145424	0.4134373960647859	0.2649858050180359	-0.8075509916854351	0.4460867903437429	1.0	0.3934338577256922	-12.839852775816016
sp|P48741|HSP77_HUMAN	psvid_39364_sp|P48741|HSP77_HUMAN	-0.1809680006121206	-0.7116326155945172	0.349696614370276	0.2241194630892514	-0.8074622262505308	0.44613463332007053	1.0	0.3149429770315029	-11.609344770582627
sp|Q9NZR2|LRP1B_HUMAN	psvid_25103_sp|Q9NZR2|LRP1B_HUMAN	-0.3147665973328637	-1.2393208033056093	0.609787608639882	0.39047373122173334	-0.806114655518584	0.4468613901986759	1.0	0.6193496776085197	-18.353230845906232
sp|Q9C0E8|LNP_HUMAN	psvid_78220_sp|Q9C0E8|LNP_HUMAN	-0.18419322592311982	-0.7282137632206924	0.3598273113744528	0.22976016731905635	-0.801676061052567	0.4492610055890144	1.0	0.3260534830021981	-12.25739507667059
sp|Q14344|GNA13_HUMAN	psvid_71203_sp|Q14344|GNA13_HUMAN	-0.23420689894840718	-0.9265343616841476	0.45812056378733323	0.2923957144484281	-0.8009929262821528	0.4496311209078301	1.0	0.44417214820443246	-13.700158425196278
sp|Q9UKV5|AMFR_HUMAN	psvid_80339_sp|Q9UKV5|AMFR_HUMAN	-0.1484837654673825	-0.588587462477445	0.2916199315426799	0.18587220909907806	-0.7988486615997238	0.4507942390720394	1.0	0.23572986318050632	-12.83046027139033
sp|Q03154|ACY1_HUMAN	psvid_33222_sp|Q03154|ACY1_HUMAN	0.15853468780758195	-0.3118728112889782	0.628942186904142	0.1986706351886226	0.797977454781203	0.45126740658718006	1.0	0.26317102347954274	-11.722053121797078
sp|O15533|TPSN_HUMAN	psvid_881288_sp|O15533|TPSN_HUMAN	-0.35836821335884483	-1.4221407971513516	0.7054043704336619	0.4492708456480578	-0.797666300473851	0.45143648345238496	1.0	0.7217623306786157	-13.577723807876461
sp|Q96HR9|REEP6_HUMAN	psvid_415045_sp|Q96HR9|REEP6_HUMAN	0.15288236907947628	-0.3013905114349004	0.607155249593853	0.1918563838673643	0.796858389581491	0.45187569619113094	1.0	0.2487094304873938	-10.576794815896642
sp|P20851|C4BPB_HUMAN	psvid_51310_sp|P20851|C4BPB_HUMAN	0.25183462081658314	-0.49987294114055014	1.0035421827737165	0.31747414549498754	0.7932445031828875	0.45384397791818926	1.0	0.4897288366910312	-12.91228334319895
sp|Q9H845|ACAD9_HUMAN	psvid_62073_sp|Q9H845|ACAD9_HUMAN	0.42885349776174664	-0.8515456231647285	1.7092526186882218	0.5407603134260428	0.7930565300635711	0.4539465185675776	1.0	0.8791490623046868	-13.97202316547082
sp|P00558|PGK1_HUMAN	psvid_51790_sp|P00558|PGK1_HUMAN	0.15131199603525536	-0.3019975368238786	0.6046215288943892	0.19144952621534533	0.7903492843594574	0.4554251182195089	1.0	0.2478357660328688	-11.15198948157762
sp|Q02978|M2OM_HUMAN	psvid_75993_sp|Q02978|M2OM_HUMAN	-0.20312094913353196	-0.8119439534388306	0.4057020551717667	0.25712866656054484	-0.7899583965123704	0.4556388816946841	1.0	0.3786537013110281	-11.422258300833317
sp|P02766|TTHY_HUMAN	psvid_39080_sp|P02766|TTHY_HUMAN	-0.41834229114840005	-1.6741796726820104	0.8374950903852103	0.5303869746168411	-0.7887491796920848	0.4563006005965372	1.0	0.8613908511309428	-14.23199974680793
sp|Q9NYL4|FKB11_HUMAN	psvid_107318_sp|Q9NYL4|FKB11_HUMAN	-0.1296175682215197	-0.5196026003446026	0.2603674639015631	0.16470522726518927	-0.7869669370773796	0.45727710456368786	1.0	0.18688567638089082	-11.872935934990949
sp|P0CG08|GPHRB_HUMAN,sp|B7ZAQ6|GPHRA_HUMAN	psvid_79480_sp|P0CG08|GPHRB_HUMAN	0.1866005778615456	-0.3755834428227194	0.7487845985458106	0.23743128393306137	0.7859140327698081	0.45785467511376654	1.0	0.3409989317327612	-13.607053213282889
sp|P48735|IDHP_HUMAN	psvid_32184_sp|P48735|IDHP_HUMAN	-0.27605842867618957	-1.1104476016041829	0.5583307442518037	0.3523936742047701	-0.7833807723681686	0.4592463526414012	1.0	0.5521803638660717	-11.701733049685581
sp|Q9UP52|TFR2_HUMAN	psvid_36362_sp|Q9UP52|TFR2_HUMAN	-0.11373588319308503	-0.45779518490358057	0.2303234185174105	0.14530907807519247	-0.7827169829969646	0.45961149396802237	1.0	0.13490538328288207	-12.480124111626724
sp|P18428|LBP_HUMAN	psvid_62407_sp|P18428|LBP_HUMAN	0.2804222248859345	-0.5704256583921626	1.1312701081640317	0.359344801569705	0.7803708963117941	0.460903641936575	1.0	0.5645046128638816	-13.297942606498818
sp|Q9Y3D6|FIS1_HUMAN	psvid_42846_sp|Q9Y3D6|FIS1_HUMAN	-0.1428813639664055	-0.5774086266695779	0.2916458987367669	0.18351707286514218	-0.7785725967381907	0.4618957727756027	1.0	0.23053972788746363	-11.37481285592207
sp|Q6S8J3|POTEE_HUMAN	psvid_32630_sp|Q6S8J3|POTEE_HUMAN	0.3094309516876086	-0.6332622310651667	1.252124134440384	0.39813449778153776	0.7772020596351283	0.4626528870263427	1.0	0.6327712288496448	-11.60268745778875
sp|A6NGU5|GGT3_HUMAN	psvid_38856_sp|A6NGU5|GGT3_HUMAN	0.22839042929610454	-0.4675663310217596	0.9243471896139687	0.29392850220651834	0.7770271599439315	0.46274956649271226	1.0	0.4469774828232245	-13.037085917456546
sp|P02746|C1QB_HUMAN	psvid_80597_sp|P02746|C1QB_HUMAN	-0.26583782096756314	-1.0767423486354786	0.5450667067003522	0.34247523242831057	-0.7762249523349408	0.4631931807104493	1.0	0.5345384957827014	-13.840696584755346
sp|P17066|HSP76_HUMAN	psvid_39366_sp|P17066|HSP76_HUMAN	-0.1482017680717287	-0.6013439583330308	0.3049404221895734	0.19137885119364773	-0.7743894748420761	0.4642092786752633	1.0	0.24768387761966654	-11.825819064511682
sp|P00395|COX1_HUMAN	psvid_151902_sp|P00395|COX1_HUMAN	0.13563238274621137	-0.28009137041681537	0.551356135909238	0.17557564933067332	0.772501102876549	0.46525624671904103	1.0	0.2126402536619618	-14.964823379547614
sp|P61916|NPC2_HUMAN	psvid_77729_sp|P61916|NPC2_HUMAN	0.22880938338154166	-0.4733343102351686	0.9309530769982519	0.2965414749391216	0.7715931925829769	0.4657601916489814	1.0	0.4517529809908395	-12.9707840346193
sp|P02533|K1C14_HUMAN	psvid_22939_sp|P02533|K1C14_HUMAN	0.41400447145134756	-0.8572025288652221	1.6852114717679172	0.5368781379849462	0.7711330414853957	0.46601574532812035	1.0	0.8725052818282375	-15.249614945930269
sp|Q15008|PSMD6_HUMAN	psvid_50923_sp|Q15008|PSMD6_HUMAN	0.3077316035650455	-0.6375118845717525	1.2529750917018434	0.3992115868830972	0.7708483763402383	0.46617388738860155	1.0	0.634656139915298	-14.772922710638866
sp|P62191|PRS4_HUMAN	psvid_24571_sp|P62191|PRS4_HUMAN	0.40172379134952063	-0.833574620454832	1.6370222031538733	0.5217126015040223	0.7700097528627999	0.4666399864351487	1.0	0.8465265833716622	-13.559088608510756
sp|P07205|PGK2_HUMAN	psvid_56005_sp|P07205|PGK2_HUMAN	0.43059082567362506	-0.8955802929778565	1.7567619443251066	0.560091535567152	0.7687865256481805	0.4673204135932807	1.0	0.9121954891463661	-14.31241790411272
sp|P03886|NU1M_HUMAN	psvid_49057_sp|P03886|NU1M_HUMAN	-0.16938224397416723	-0.6912463323703493	0.3524818444220148	0.2204026724125817	-0.7685126596699924	0.4674728455884111	1.0	0.3075599313113054	-15.47044781328961
sp|Q92928|RAB1C_HUMAN	psvid_85851_sp|Q92928|RAB1C_HUMAN	0.12805846183574676	-0.2669933255544396	0.5231102492259332	0.16684510702729768	0.7675290220815106	0.4680206106888493	1.0	0.19209329506281383	-11.833838720444746
sp|P07225|PROS_HUMAN	psvid_82187_sp|P07225|PROS_HUMAN	-0.2681626573231184	-1.0964033326854925	0.5600780180392556	0.3497969343161346	-0.7666238066019243	0.4685250897895071	1.0	0.5475681916718101	-13.602222230860939
sp|P08779|K1C16_HUMAN	psvid_420_sp|P08779|K1C16_HUMAN	0.41113900728451025	-0.8590350774712829	1.6813130920403034	0.5364418992112239	0.7664185215380135	0.4686395471091243	1.0	0.8717585635717953	-15.252710333213379
sp|P57721|PCBP3_HUMAN	psvid_50545_sp|P57721|PCBP3_HUMAN	-0.17467219150941293	-0.7147399458298302	0.3653955628110044	0.2280907596111809	-0.7658012617747914	0.46898381661090016	1.0	0.32277652381180405	-13.566255160942667
sp|P62070|RRAS2_HUMAN	psvid_90147_sp|P62070|RRAS2_HUMAN	-0.3520089507275719	-1.4425207491515797	0.7385028476964359	0.4605638134801773	-0.7643000609788949	0.46982181054001426	1.0	0.7412977995778188	-12.78603354004498
sp|P00568|KAD1_HUMAN	psvid_92468_sp|P00568|KAD1_HUMAN	-0.3516143437787682	-1.4428354781700312	0.7396067906124948	0.4608633925205782	-0.7629470022682875	0.47057797905472876	1.0	0.7418155417748552	-14.019461678764447
sp|Q9HA82|CERS4_HUMAN	psvid_70086_sp|Q9HA82|CERS4_HUMAN	-0.2404924156270094	-0.9870674889426225	0.5060826576886037	0.3153065040767118	-0.7627258319051337	0.4707016604117508	1.0	0.4858176539552219	-13.456738994253687
sp|P02452|CO1A1_HUMAN	psvid_883224_sp|P02452|CO1A1_HUMAN	-0.5789168538278155	-2.3769458786050257	1.2191121709493946	0.7593747317509125	-0.7623599122043343	0.4709063358509197	1.0	1.2504200220531323	-16.17312990447288
sp|Q15582|BGH3_HUMAN	psvid_38592_sp|Q15582|BGH3_HUMAN	-0.4172098344656394	-1.7136849396396192	0.8792652707083404	0.5475498012804413	-0.7619577862871966	0.471131332584789	1.0	0.8907623078737846	-15.22154554992643
sp|Q9Y6B6|SAR1B_HUMAN	psvid_30645_sp|Q9Y6B6|SAR1B_HUMAN	-0.14053049000737516	-0.5775530200537811	0.2964920400390307	0.18457091734890935	-0.7613902126396165	0.47144902418948564	1.0	0.23286824866185515	-10.400665480506749
sp|P05976|MYL1_HUMAN	psvid_81173_sp|P05976|MYL1_HUMAN	-0.41947396588803576	-1.7255364393953931	0.8865885076193216	0.5515989045796819	-0.7604691786102707	0.47196486893429906	1.0	0.897684675925305	-14.236135511019931
sp|O43390|HNRPR_HUMAN	psvid_35520_sp|O43390|HNRPR_HUMAN	-0.33704608634508126	-1.3876482974113278	0.7135561247211653	0.4437085059314881	-0.7596115058410075	0.47244557004920756	1.0	0.7121262826056571	-13.360117351459039
sp|P01876|IGHA1_HUMAN	psvid_159720_sp|P01876|IGHA1_HUMAN	-0.31406171231661784	-1.2941285287342963	0.6660051041010606	0.4139187774832291	-0.7587520291450001	0.47292761413701806	1.0	0.6603444410741389	-14.05900706797789
sp|P08590|MYL3_HUMAN	psvid_93158_sp|P08590|MYL3_HUMAN	-0.41736782265924965	-1.7225035359832601	0.8877678906647608	0.5512074991819221	-0.7571882154700155	0.47380554300890104	1.0	0.8970156397543412	-14.243307495316788
sp|P61165|TM258_HUMAN	psvid_18980_sp|P61165|TM258_HUMAN	0.22711548242272572	-0.48356124856798277	0.9377922134134342	0.30014529494291897	0.7566851329983969	0.474088208461093	1.0	0.45832571413283846	-12.76114116435449
sp|P29992|GNA11_HUMAN	psvid_51781_sp|P29992|GNA11_HUMAN	-0.5605463608353389	-2.315002745445761	1.1939100237750833	0.7409723803525898	-0.7565010190644412	0.47419168443954957	1.0	1.2193222788181168	-13.571405256321253
sp|O60518|RNBP6_HUMAN	psvid_83738_sp|O60518|RNBP6_HUMAN	-0.31461355267550317	-1.2997551656417867	0.6705280602907805	0.41606205337849167	-0.7561697831388128	0.47437788448486085	1.0	0.6640806760432094	-17.443218065627455
sp|P16520|GBB3_HUMAN	psvid_70059_sp|P16520|GBB3_HUMAN	-0.31692168244218344	-1.3101366253228937	0.6762932604385268	0.4194717217729515	-0.7555257386664181	0.4747400669679741	1.0	0.6700208984420144	-14.993698329603369
sp|P62306|RUXF_HUMAN	psvid_9269_sp|P62306|RUXF_HUMAN	-0.12492295936197406	-0.5178620695814109	0.2680161508574627	0.16595284464570847	-0.7527617837987121	0.4762965097203029	1.0	0.18993108644446247	-12.416331298747142
sp|P35520|CBS_HUMAN	psvid_74323_sp|P35520|CBS_HUMAN	-0.22218565470945828	-0.9218326871652139	0.4774613777462974	0.2954870417941351	-0.7519302821551624	0.4767654173129551	1.0	0.4498269072620704	-13.297086418711267
sp|P12236|ADT3_HUMAN	psvid_82711_sp|P12236|ADT3_HUMAN	0.10396456020180134	-0.22398570858295697	0.43191482898655964	0.13850563253111176	0.7506161179289828	0.47750714472514416	1.0	0.11326148620225987	-10.477814765259595
sp|P30101|PDIA3_HUMAN	psvid_68778_sp|P30101|PDIA3_HUMAN	-0.1037593447635734	-0.431989230709728	0.2244705411825812	0.13862372528934994	-0.7484962948946585	0.4787052262508616	1.0	0.11366266735792865	-7.776217579305689
sp|Q9UHA4|LTOR3_HUMAN	psvid_151859_sp|Q9UHA4|LTOR3_HUMAN	0.26501811946762244	-0.573655690275814	1.1036919292110587	0.35420323616819854	0.7482091985793566	0.4788676422169556	1.0	0.5553917212454089	-11.809275147313121
sp|P34913|HYES_HUMAN	psvid_36588_sp|P34913|HYES_HUMAN	-0.17569623903659437	-0.7321340583503743	0.3807415802771855	0.23500444873509257	-0.747629417154766	0.47919574844800983	1.0	0.33628997709286057	-12.508111764179379
sp|O43826|G6PT1_HUMAN	psvid_28411_sp|O43826|G6PT1_HUMAN	0.11939730838896079	-0.2589709398515439	0.4977655566294655	0.1597990260731734	0.7471716901095986	0.47945488882387005	1.0	0.17463535076417688	-12.247116385549422
sp|P48739|PIPNB_HUMAN	psvid_44769_sp|P48739|PIPNB_HUMAN	0.35711092795721555	-0.7767450036978298	1.490966859612261	0.47886965787519387	0.7457372211506625	0.4802676156945233	1.0	0.7728908283865774	-13.453613801922062
sp|P56962|STX17_HUMAN	psvid_101381_sp|P56962|STX17_HUMAN	-0.3107390759283657	-1.2980084511202756	0.6765302992635444	0.4169606867414959	-0.7452478994045195	0.4805450614079333	1.0	0.6656466777830662	-15.572434344151382
sp|P08236|BGLR_HUMAN	psvid_25395_sp|P08236|BGLR_HUMAN	0.18773551543347367	-0.410341644280549	0.7858126751474963	0.25259029552120726	0.743241204283367	0.48168397960799336	1.0	0.37005899503887174	-13.7674566215377
sp|Q02338|BDH_HUMAN	psvid_25318_sp|Q02338|BDH_HUMAN	-0.24999981966325535	-1.0474564411657288	0.547456801839218	0.33679567998712606	-0.7422892706723897	0.48222488827588184	1.0	0.524404045807528	-9.34078329280963
sp|P02656|APOC3_HUMAN	psvid_89229_sp|P02656|APOC3_HUMAN	0.2499998196632549	-0.5474568018392184	1.0474564411657283	0.33679567998712606	0.7422892706723884	0.48222488827588256	1.0	0.524404045807528	-9.34078329280963
sp|P05062|ALDOB_HUMAN	psvid_52184_sp|P05062|ALDOB_HUMAN	0.2499998196632549	-0.5474568018392184	1.0474564411657283	0.33679567998712606	0.7422892706723884	0.48222488827588256	1.0	0.524404045807528	-9.590783112472886
sp|P30086|PEBP1_HUMAN	psvid_81261_sp|P30086|PEBP1_HUMAN	0.2499998196632549	-0.5474568018392184	1.0474564411657283	0.33679567998712606	0.7422892706723884	0.48222488827588256	1.0	0.524404045807528	-9.590783112472886
sp|P02647|APOA1_HUMAN	psvid_54328_sp|P02647|APOA1_HUMAN	0.13681741874238362	-0.2999549477249878	0.5735897852097551	0.184465263937254	0.741697465539757	0.48256136866119287	1.0	0.23263525453868175	-10.94793343935612
sp|Q16762|THTR_HUMAN	psvid_78155_sp|Q16762|THTR_HUMAN	-0.18679631516858963	-0.7837811802862317	0.4101885499490524	0.2521289787656436	-0.7408760233872944	0.48302867239600583	1.0	0.369182845923984	-12.309467396033694
sp|Q2M3C7|SPKAP_HUMAN	psvid_51144_sp|Q2M3C7|SPKAP_HUMAN	0.33242059211311403	-0.7316923264523534	1.3965335106785814	0.44941458171870025	0.7396746915550336	0.4837126315983366	1.0	0.722011210586062	-17.344811983952365
sp|Q14974|IMB1_HUMAN	psvid_44398_sp|Q14974|IMB1_HUMAN	-0.2974094235441527	-1.250671592811324	0.6558527457230185	0.40259817505740536	-0.7387252152887824	0.48425365701769707	1.0	0.6405793723635157	-14.317548813672106
sp|O14880|MGST3_HUMAN	psvid_25069_sp|O14880|MGST3_HUMAN	-0.2970884234242841	-1.2493339225422375	0.6551570756936693	0.40216879732701133	-0.7387157467184499	0.4842590543748791	1.0	0.6398286545518007	-10.531545328655675
sp|O15523|DDX3Y_HUMAN	psvid_50631_sp|O15523|DDX3Y_HUMAN	-0.1537912376934809	-0.6470263280585753	0.3394438526716135	0.20831157855337756	-0.7382750337810607	0.48451031771395764	1.0	0.28314952332134136	-13.436145347342402
sp|P84085|ARF5_HUMAN	psvid_22625_sp|P84085|ARF5_HUMAN	-0.1126505395146804	-0.47505171774808486	0.24975063871872405	0.15305553676548986	-0.7360108748452688	0.4858025479648202	1.0	0.1569356435467142	-10.98011602003913
sp|A6NDB9|PALM3_HUMAN	psvid_61003_sp|A6NDB9|PALM3_HUMAN	-0.4976908369245967	-2.102777132458653	1.1073954586094596	0.677887819558011	-0.7341787572597124	0.48684987216097997	1.0	1.1125461695955432	-13.975278849276224
sp|Q9NW15|ANO10_HUMAN	psvid_43656_sp|Q9NW15|ANO10_HUMAN	-0.3224453553383202	-1.363026689148051	0.7181359784714105	0.4394763156421693	-0.733703600994193	0.4871217381571322	1.0	0.7047880981791573	-14.341340358380432
sp|P09661|RU2A_HUMAN	psvid_59339_sp|P09661|RU2A_HUMAN	-0.29286935341145925	-1.2427095737226055	0.656970866899687	0.40115295835915504	-0.730069035535446	0.48920462331844644	1.0	0.6380522598839434	-13.92972896038691
sp|P47895|AL1A3_HUMAN	psvid_38018_sp|P47895|AL1A3_HUMAN	-0.23572194034294425	-1.0003954788591691	0.5289515981732806	0.32295016108526353	-0.7299019128859027	0.489300538896863	1.0	0.4995896290723055	-14.897282713700733
sp|Q8N6M3|FITM2_HUMAN	psvid_50514_sp|Q8N6M3|FITM2_HUMAN	0.22219055999261972	-0.49892205570896797	0.9433031756942074	0.3045527583618642	0.7295634463721286	0.4894948307882674	1.0	0.46634353445877375	-13.806312803891386
sp|O94788|AL1A2_HUMAN	psvid_93336_sp|O94788|AL1A2_HUMAN	-0.23457822033301	-0.9972209364825564	0.5280644958165364	0.3220924690409867	-0.728294644800154	0.4902236220043105	1.0	0.49804699520161355	-14.664446288212638
sp|P62913|RL11_HUMAN	psvid_30934_sp|P62913|RL11_HUMAN	-0.14833072138656256	-0.6315286522606423	0.3348672094875172	0.20407251166902912	-0.726853019906619	0.4910525507639208	1.0	0.27442820373478216	-10.37132478532428
sp|Q9H444|CHM4B_HUMAN	psvid_50788_sp|Q9H444|CHM4B_HUMAN	0.32300463826791015	-0.7302217465245948	1.3762310230604151	0.44481679238959587	0.7261520783257758	0.4914559233073042	1.0	0.7140470066524177	-12.917143725937791
sp|P08240|SRPRA_HUMAN	psvid_27191_sp|P08240|SRPRA_HUMAN	-0.20296638408218337	-0.8665988209598147	0.4606660527954479	0.2802767345747372	-0.7241642242983296	0.49260106590501584	1.0	0.42188043008429843	-11.98626607795692
sp|P33947|ERD22_HUMAN	psvid_27932_sp|P33947|ERD22_HUMAN	0.4009009075445147	-0.910488239683211	1.7122900547722404	0.5538485576007339	0.7238457192724544	0.4927847101495	1.0	0.9015295861924482	-13.02875730477686
sp|Q9BY50|SC11C_HUMAN	psvid_81600_sp|Q9BY50|SC11C_HUMAN	-0.20731016715276107	-0.8864863291356209	0.4718659948300987	0.28684142953768715	-0.7227343954005894	0.49342583212179664	1.0	0.4339808427233546	-12.137308165775952
sp|O14949|QCR8_HUMAN	psvid_108947_sp|O14949|QCR8_HUMAN	0.14079031471468717	-0.32155353465933006	0.6031341640887045	0.19526505510031003	0.721021560372702	0.49441503870441283	1.0	0.2559825608716231	-10.793100102567838
sp|P17987|TCPA_HUMAN	psvid_23035_sp|P17987|TCPA_HUMAN	-0.10654660602924881	-0.4565438662822744	0.24345065422377676	0.14781689948032276	-0.7208012507624827	0.49454236765963644	1.0	0.14228259041019867	-12.486478738342157
sp|Q6IB77|GLYAT_HUMAN	psvid_52645_sp|Q6IB77|GLYAT_HUMAN	-0.27558936950377744	-1.1810252462011022	0.6298465071935474	0.38239934756886257	-0.7206847272513959	0.4946097216620153	1.0	0.6051732736851174	-11.51080274050137
sp|P13010|XRCC5_HUMAN	psvid_48170_sp|P13010|XRCC5_HUMAN	0.13608803849222406	-0.31105855372723995	0.583234630711688	0.18884668647774652	0.7206270919043132	0.49464303880607247	1.0	0.242216985822963	-11.856496868690632
sp|P07814|SYEP_HUMAN	psvid_26022_sp|P07814|SYEP_HUMAN	0.281743746395275	-0.6442583075566474	1.2077458003471975	0.3910852114345957	0.7204152398444584	0.4947655163376109	1.0	0.6204219815147112	-14.650908903609677
sp|Q9BY44|EIF2A_HUMAN	psvid_54956_sp|Q9BY44|EIF2A_HUMAN	-0.3534268968236689	-1.5174000935580323	0.8105462999106945	0.4915893024279352	-0.718947493523783	0.4956146074162301	1.0	0.7947940913073338	-14.96442517298648
sp|Q96HY6|DDRGK_HUMAN	psvid_31516_sp|Q96HY6|DDRGK_HUMAN	0.1361974148272509	-0.3123697260840397	0.5847645557385415	0.18944663718317442	0.7189223142322801	0.49562918196259664	1.0	0.2435167406326377	-11.520337206626436
sp|Q15437|SC23B_HUMAN	psvid_37358_sp|Q15437|SC23B_HUMAN	0.34951372062595176	-0.8018183383809545	1.500845779632858	0.4862504783942111	0.7187935768828084	0.49570370347925496	1.0	0.7856052252163742	-15.151457158828396
sp|P80723|BASP1_HUMAN	psvid_67990_sp|P80723|BASP1_HUMAN	-0.11720533933506783	-0.5039775510744519	0.2695668724043162	0.16334833336447072	-0.7175178155846476	0.4964425935952815	1.0	0.18354294437915258	-10.787644752566221
sp|Q16695|H31T_HUMAN	psvid_65782_sp|Q16695|H31T_HUMAN	-0.31742923942843326	-1.3670736969378499	0.7322152180809833	0.443304010875914	-0.7160531636093982	0.4972917732038712	1.0	0.7114251740884504	-12.877663306222814
sp|O14773|TPP1_HUMAN	psvid_59353_sp|O14773|TPP1_HUMAN	0.21875271154389475	-0.5049012191296447	0.9424066422174342	0.30562605047702324	0.715752833249862	0.4974660167936857	1.0	0.4682926962745782	-12.88300932873773
sp|Q14573|ITPR3_HUMAN	psvid_42447_sp|Q14573|ITPR3_HUMAN	0.2466989632162786	-0.5701748981054662	1.0635728245380234	0.34499630471337567	0.7150771177715572	0.4978581946154096	1.0	0.5390293192623578	-16.376679130283662
sp|Q9NRV9|HEBP1_HUMAN	psvid_77890_sp|Q9NRV9|HEBP1_HUMAN	-0.1503574985961138	-0.648544347522868	0.3478293503306404	0.2104028909168816	-0.7146170755586796	0.4981253136034785	1.0	0.28741870597481856	-11.222002374604546
sp|Q8WTV0|SCRB1_HUMAN	psvid_65913_sp|Q8WTV0|SCRB1_HUMAN	-0.2821513398710165	-1.2178966410234326	0.6535939612813997	0.39520014819440386	-0.7139454303347648	0.49851546585501366	1.0	0.6276334700990677	-14.030426530943506
sp|Q6IQ22|RAB12_HUMAN	psvid_882831_sp|Q6IQ22|RAB12_HUMAN	-0.16559169976561083	-0.7152020230242823	0.3840186234930606	0.23212094245464146	-0.7133854361200905	0.4988409135647125	1.0	0.330672146321513	-12.948691037273903
sp|B5MD39|GGTL3_HUMAN	psvid_87713_sp|B5MD39|GGTL3_HUMAN	0.33214961334571536	-0.7711743606756674	1.435473587367098	0.4659748731868512	0.7128058452467816	0.4991778960777672	1.0	0.7506455904205588	-13.928012916714929
sp|Q14390|GGTL2_HUMAN	psvid_87714_sp|Q14390|GGTL2_HUMAN	0.3309315658728589	-0.7685810938648203	1.430444225610538	0.4643652129856404	0.7126536541036986	0.4992664068148842	1.0	0.747865676327071	-13.882379794057666
sp|P08559|ODPA_HUMAN	psvid_81212_sp|P08559|ODPA_HUMAN	0.18010792051795876	-0.41930363440076224	0.7795194754366798	0.2531538603951075	0.7114563461005771	0.4999630894619589	1.0	0.37112869514553576	-12.447530157088503
sp|P61006|RAB8A_HUMAN	psvid_17967_sp|P61006|RAB8A_HUMAN	0.11866884105000075	-0.2767871073122828	0.5141247894122842	0.16701579928284038	0.7105246423365953	0.5005056618318812	1.0	0.19250547508818106	-10.494431886293409
sp|P50402|EMD_HUMAN	psvid_46394_sp|P50402|EMD_HUMAN	-0.14586946500175912	-0.6319844582004595	0.34024552819694126	0.2053044959082902	-0.7105030231141125	0.500518256211924	1.0	0.27697255277679866	-12.309083294382663
sp|Q96LJ7|DHRS1_HUMAN	psvid_88758_sp|Q96LJ7|DHRS1_HUMAN	-0.1060210751478019	-0.45966060950607474	0.24761845921047093	0.14935516770821086	-0.7098587666878121	0.5008936654998266	1.0	0.14668316238003865	-10.178795348055441
sp|O14548|CO72L_HUMAN	psvid_61314_sp|O14548|CO72L_HUMAN	0.2923329025270265	-0.6831500554466773	1.2678158605007304	0.4119828430637562	0.7095754288044142	0.5010588249437327	1.0	0.6569681057006304	-12.28127281620796
sp|P04004|VTNC_HUMAN	psvid_44441_sp|P04004|VTNC_HUMAN	-0.12336551658147465	-0.5355210924870291	0.2887900593240797	0.17406867496574696	-0.7087175024785498	0.5015591315988284	1.0	0.20916540904542158	-11.576780310874042
sp|P30153|2AAA_HUMAN	psvid_79087_sp|P30153|2AAA_HUMAN	0.3117179061477251	-0.7297452688716564	1.3531810811671066	0.4398487500816569	0.7086933999240771	0.5015731918863328	1.0	0.70543409025555	-14.111965227466825
sp|P15259|PGAM2_HUMAN	psvid_74735_sp|P15259|PGAM2_HUMAN	-0.20190987705024943	-0.8766325045910596	0.4728127504905607	0.2849605358059	-0.7085538230029851	0.5016546194819812	1.0	0.43052017548723626	-13.47736393898349
sp|P27708|PYR1_HUMAN	psvid_44236_sp|P27708|PYR1_HUMAN	-0.37782600951977763	-1.6405866792793828	0.8849346602398276	0.5333109375045373	-0.7084535173564919	0.5017131419661071	1.0	0.866398280964126	-15.909601936639028
sp|Q9UBI6|GBG12_HUMAN	psvid_47105_sp|Q9UBI6|GBG12_HUMAN	-0.22804365716052377	-0.9915200547281393	0.5354327404070918	0.3224445638039122	-0.7072336852892446	0.502425197701114	1.0	0.4986803491983052	-11.320212268207738
sp|P83881|RL36A_HUMAN	psvid_10446_sp|P83881|RL36A_HUMAN	0.30598631358862205	-0.7212102362889072	1.3331828634661513	0.4338234220748261	0.7053245583772223	0.5035409334937976	1.0	0.6949775277115149	-11.981582158776963
sp|P01019|ANGT_HUMAN	psvid_882441_sp|P01019|ANGT_HUMAN	0.09369411642368064	-0.22125988669637414	0.4086481195437354	0.13301682472161563	0.7043779357969824	0.5040947558217852	1.0	0.09317967223061832	-11.045377152086864
sp|P36955|PEDF_HUMAN	psvid_24473_sp|P36955|PEDF_HUMAN	-0.24908708279129543	-1.0875030778829449	0.589328912300354	0.35409435142310025	-0.7034483373999555	0.504639001953919	1.0	0.5551985491527884	-14.677434549482399
sp|Q9NVI7|ATD3A_HUMAN	psvid_46364_sp|Q9NVI7|ATD3A_HUMAN	-0.2328462761219381	-1.0166950241370354	0.5510024718931592	0.33104856737838667	-0.7033598663962684	0.5046908183311712	1.0	0.514123352937902	-12.15946120894314
sp|P40939|ECHA_HUMAN	psvid_56092_sp|P40939|ECHA_HUMAN	0.24999981966325535	-0.591612207883562	1.0916118472100726	0.3554441551553348	0.7033448603311578	0.5046996075402362	1.0	0.5575926825601634	-8.798302343010333
sp|A8MUH7|PDZ1P_HUMAN	psvid_43534_sp|A8MUH7|PDZ1P_HUMAN	-0.20580047650464994	-0.8995228858723957	0.4879219328630958	0.29298485244892125	-0.7024270189549442	0.5052373851175128	1.0	0.44525075332338404	-12.73782605503977
sp|P09467|F16P1_HUMAN	psvid_46462_sp|P09467|F16P1_HUMAN	0.10062680958375436	-0.2388109473751242	0.44006456654263293	0.14335722732213313	0.7019304953327486	0.5055284604584259	1.0	0.12896565718807393	-10.902827362709573
sp|Q71DI3|H32_HUMAN	psvid_20393_sp|Q71DI3|H32_HUMAN	-0.3383561439712368	-1.4822544327527802	0.8055421448103066	0.4831109199149022	-0.7003694804307813	0.5064442747199004	1.0	0.7801985234154302	-12.627662633366233
sp|Q03135|CAV1_HUMAN	psvid_100481_sp|Q03135|CAV1_HUMAN	0.41358736284776265	-0.984856523268985	1.8120312489645103	0.5906150213677401	0.7002655670524284	0.5065052764976796	1.0	0.9642639783161998	-14.343364110530676
sp|O95154|ARK73_HUMAN	psvid_97357_sp|O95154|ARK73_HUMAN	-0.2199282375971383	-0.9637744991131609	0.5239180239188843	0.3141540250567641	-0.7000650001457079	0.5066230316100407	1.0	0.483736304544951	-12.627067767854879
sp|P47813|IF1AX_HUMAN	psvid_101104_sp|P47813|IF1AX_HUMAN	0.24949953523947244	-0.595017362619388	1.0940164330983329	0.35667099025286736	0.6995229274536343	0.506941377052171	1.0	0.5597676792541822	-11.801324142871305
sp|Q9H2M3|BHMT2_HUMAN	psvid_50162_sp|Q9H2M3|BHMT2_HUMAN	-0.12957768285684867	-0.5687690485914936	0.30961368287779617	0.1854868975674002	-0.698581325992388	0.5074946622192468	1.0	0.23488408449071485	-11.870640270625193
sp|P40261|NNMT_HUMAN	psvid_91509_sp|P40261|NNMT_HUMAN	0.15953257506004537	-0.3819495643409183	0.701014714461009	0.22868810719363467	0.6975989132874585	0.5080723428564223	1.0	0.3239501445927165	-11.364708976527721
sp|Q7Z2K6|ERMP1_HUMAN	psvid_45196_sp|Q7Z2K6|ERMP1_HUMAN	0.26510916733978407	-0.6368088791071301	1.1670272137866982	0.38091363662318867	0.6959823483611276	0.5090238405876918	1.0	0.6025612269224732	-15.387665090204518
sp|P46781|RS9_HUMAN	psvid_8817_sp|P46781|RS9_HUMAN	-0.20555088362553908	-0.9063930281738791	0.49529126092280096	0.29599178221390166	-0.6944479407100415	0.5099280407729905	1.0	0.45074905898093076	-10.088604387516042
sp|P21589|5NTD_HUMAN	psvid_58869_sp|P21589|5NTD_HUMAN	-0.3355506193441724	-1.480539522117729	0.8094382834293843	0.4835715268885474	-0.6939006965592278	0.5102507718927719	1.0	0.7809918900158209	-12.835488952274225
sp|Q14254|FLOT2_HUMAN	psvid_51775_sp|Q14254|FLOT2_HUMAN	-0.14632825186250686	-0.6471504255161611	0.35449392179114736	0.2115158868585429	-0.6918073816382783	0.511486490740178	1.0	0.2896822351683291	-12.353819425807792
sp|P36269|GGT5_HUMAN	psvid_58832_sp|P36269|GGT5_HUMAN	0.18904289258040663	-0.4583314173071851	0.8364172024679983	0.2734103210454209	0.6914255901444242	0.5117120753651634	1.0	0.4091544713759762	-11.729123949900174
sp|P26038|MOES_HUMAN	psvid_62252_sp|P26038|MOES_HUMAN	-0.10010976887003098	-0.4431740856631904	0.24295454792312843	0.14488885882717897	-0.6909417996689466	0.5119980184793858	1.0	0.13364220557747566	-10.557026840662177
sp|Q5T2N8|ATD3C_HUMAN	psvid_41659_sp|Q5T2N8|ATD3C_HUMAN	-0.3460421955498423	-1.5341467940663354	0.8420624029666508	0.5017808936105908	-0.6896280826076846	0.512775003665324	1.0	0.812317657431864	-13.659164235258356
sp|Q9BQE5|APOL2_HUMAN	psvid_1211782_sp|Q9BQE5|APOL2_HUMAN	0.2241659004026575	-0.5471968040121107	0.9955286048174257	0.32577524538025876	0.6880998589717936	0.5136798053418389	1.0	0.5046661179554817	-12.095197899845486
sp|Q7Z3Z0|K1C25_HUMAN	psvid_30183_sp|Q7Z3Z0|K1C25_HUMAN	0.33060856463148847	-0.8077315794637021	1.468948708726679	0.4807635080700044	0.6876739999645486	0.513932121532835	1.0	0.7761544680487128	-15.573046825434385
sp|Q969Q0|RL36L_HUMAN	psvid_91789_sp|Q969Q0|RL36L_HUMAN	0.257797251698213	-0.6317372428392048	1.147331746235631	0.3756836006895015	0.6862084243897557	0.5148010616999635	1.0	0.5933570839541891	-12.048836421349142
sp|P15311|EZRI_HUMAN	psvid_30602_sp|P15311|EZRI_HUMAN	-0.159744421682817	-0.7114187480284593	0.3919299046628253	0.2329926479548882	-0.6856200102663607	0.5151501961617578	1.0	0.3323731336393543	-12.081048817663135
sp|Q15165|PON2_HUMAN	psvid_29605_sp|Q15165|PON2_HUMAN	-0.11880270018049188	-0.5293986690589543	0.29179326869797045	0.17340999473783375	-0.6850971903903305	0.5154605370321564	1.0	0.20763788843541892	-10.364448321357102
sp|Q13445|TMED1_HUMAN	psvid_30425_sp|Q13445|TMED1_HUMAN	-0.1701713736027921	-0.7584505013293759	0.41810775412379164	0.24845222110215265	-0.6849259501400276	0.5155622095048691	1.0	0.3621824819510178	-12.546397068449972
sp|Q9Y6K0|CEPT1_HUMAN	psvid_67341_sp|Q9Y6K0|CEPT1_HUMAN	-0.1684897250669808	-0.7511256336440866	0.414146183510125	0.24606887913781622	-0.6847258607319232	0.5156810271137083	1.0	0.35762768883788965	-15.21014410804176
sp|O14983|AT2A1_HUMAN	psvid_25369_sp|O14983|AT2A1_HUMAN	0.12592246296293474	-0.3107119840189548	0.5625569099448242	0.18440701539351648	0.6828507185272845	0.5167953764337114	1.0	0.23250675813550623	-12.31080627092644
sp|P10321|HLAC_HUMAN	psvid_29535_sp|P10321|HLAC_HUMAN	0.22686320497339896	-0.5608672523808667	1.0145936623276646	0.3326879580375732	0.6819098782883433	0.5173550705778666	1.0	0.5170586920330161	-11.868181175115211
sp|Q7Z3Y8|K1C27_HUMAN	psvid_30186_sp|Q7Z3Y8|K1C27_HUMAN	0.32974620711430225	-0.8152236064088174	1.474716020637422	0.48356346478597273	0.6819088519440759	0.5173556813476116	1.0	0.7809780039824455	-15.603150407132109
sp|Q9BY49|PECR_HUMAN	psvid_78667_sp|Q9BY49|PECR_HUMAN	0.12996609864618902	-0.3214527644179487	0.5813849617103267	0.1906510258304126	0.6816962986697807	0.5174821800753603	1.0	0.24611753185617066	-11.142687002101182
sp|O75352|MPU1_HUMAN	psvid_59628_sp|O75352|MPU1_HUMAN	0.18602445400859624	-0.46029420454099845	0.8323431125581909	0.2729644801048314	0.6814969256701604	0.5176008525716302	1.0	0.40832555846696766	-13.306015053386389
sp|P00533|EGFR_HUMAN	psvid_29207_sp|P00533|EGFR_HUMAN	0.21122240607757936	-0.5229986944337592	0.945443506588918	0.31008896050259377	0.681167126153827	0.5177971966049536	1.0	0.4763842145589989	-13.133151580590368
sp|P61020|RAB5B_HUMAN	psvid_97097_sp|P61020|RAB5B_HUMAN	-0.1789183925158957	-0.8014152994802034	0.443578514448412	0.2629036657516506	-0.6805473480347332	0.5181663055085577	1.0	0.3895288025840442	-11.654506887448006
sp|P62269|RS18_HUMAN	psvid_105195_sp|P62269|RS18_HUMAN	0.15127932667145316	-0.3758758907981603	0.6784345441410666	0.22263731360325675	0.679487747238252	0.518797737605079	1.0	0.3120050088186069	-10.2151482659788
sp|Q9Y6I9|TX264_HUMAN	psvid_73601_sp|Q9Y6I9|TX264_HUMAN	-0.11468271014986797	-0.5144733894479122	0.28510796914817627	0.16884651786201546	-0.6792127643614708	0.5189616837841969	1.0	0.19689784258479406	-12.688575457712645
sp|P08708|RS17_HUMAN	psvid_102576_sp|P08708|RS17_HUMAN	0.12417101018082466	-0.30931713042115	0.5576591507827993	0.18307821283786802	0.6782402354494748	0.5195417739174353	1.0	0.2295670484844785	-10.1551127384575
sp|P08758|ANXA5_HUMAN	psvid_79079_sp|P08758|ANXA5_HUMAN	0.3118378029202393	-0.7768261480555849	1.4005017538960636	0.4597833985697702	0.6782276260740616	0.5195492978040787	1.0	0.7399489444782377	-11.454441946945497
sp|P07919|QCR6_HUMAN	psvid_92036_sp|P07919|QCR6_HUMAN	-0.1623088204901837	-0.7304554089812556	0.4058377680008882	0.23994949874853222	-0.6764290875234702	0.5206231744440021	1.0	0.34586749552636037	-10.288237378814529
sp|Q15125|EBP_HUMAN	psvid_108796_sp|Q15125|EBP_HUMAN	0.16267807738694717	-0.40773723299138287	0.7330933877652772	0.24090766463507435	0.6752714889058057	0.5213150990001382	1.0	0.34771537602801933	-12.853137736039068
sp|P08133|ANXA6_HUMAN	psvid_50160_sp|P08133|ANXA6_HUMAN	0.25080310141752804	-0.6287937015688646	1.1303999044039208	0.37148654282681315	0.6751337464583538	0.5213974696516878	1.0	0.5859601923781045	-9.379586637953086
sp|P62424|RL7A_HUMAN	psvid_77737_sp|P62424|RL7A_HUMAN	0.24999981966325535	-0.6276665371560358	1.1276661764825464	0.3706712433961024	0.6744516174838614	0.5218055072662763	1.0	0.5845221755813956	-9.590783112472886
sp|P55157|MTP_HUMAN	psvid_65098_sp|P55157|MTP_HUMAN	-0.24999981966325446	-1.1276661764825455	0.6276665371560367	0.3706712433961024	-0.674451617483859	0.5218055072662777	1.0	0.5845221755813956	-9.34078329280963
sp|Q7KZF4|SND1_HUMAN	psvid_39774_sp|Q7KZF4|SND1_HUMAN	0.11071177122212772	-0.2782256940650338	0.4996492365092892	0.16426280071141466	0.6739917421512364	0.5220807104098151	1.0	0.18579932979675998	-10.63219334498066
sp|Q9Y536|PAL4A_HUMAN	psvid_85421_sp|Q9Y536|PAL4A_HUMAN	-0.2212905565189609	-0.9996246334873761	0.5570435204494543	0.3287195160732846	-0.6731895908170736	0.5225609609593217	1.0	0.509949328141085	-12.492314654215656
sp|O94973|AP2A2_HUMAN	psvid_57742_sp|O94973|AP2A2_HUMAN	0.12581068301436282	-0.31683486158317214	0.5684562276118978	0.1869457261576405	0.6729797230468589	0.5226866554384679	1.0	0.23807959053404834	-11.912143239737741
sp|Q92520|FAM3C_HUMAN	psvid_84954_sp|Q92520|FAM3C_HUMAN	-0.1916073177641482	-0.8667802187387985	0.48356558321050214	0.2851507030742394	-0.6719510620118055	0.5233030191271372	1.0	0.43087029051940223	-12.3387189272675
sp|P26232|CTNA2_HUMAN	psvid_27831_sp|P26232|CTNA2_HUMAN	0.16797262420505765	-0.42499564750666297	0.7609408959167783	0.2504326215332836	0.6707298081880813	0.5240353768586818	1.0	0.3659569367270906	-14.907636153646855
sp|P24539|AT5F1_HUMAN	psvid_51447_sp|P24539|AT5F1_HUMAN	-0.09483353950753504	-0.42994355121560973	0.24027647220053966	0.14152945905831288	-0.6700621915643851	0.5244360037403439	1.0	0.12322204878134313	-10.300505268032769
sp|Q6UX53|TMT1B_HUMAN	psvid_37390_sp|Q6UX53|TMT1B_HUMAN	0.08431384131470843	-0.21365430003780445	0.3822819826672213	0.12584306164797257	0.6699919742143907	0.5244781513309046	1.0	0.05930239864382621	-10.15068288532981
sp|P13807|GYS1_HUMAN	psvid_59925_sp|P13807|GYS1_HUMAN	-0.2734519741650585	-1.2410009413478464	0.6940969930177295	0.4086320227791324	-0.6691888029364274	0.5249604021507699	1.0	0.6511206255108496	-14.104297988987412
sp|O00767|SCD_HUMAN	psvid_48347_sp|O00767|SCD_HUMAN	-0.3143990565186505	-1.4275556370316949	0.7987575239943938	0.470127549708824	-0.6687526751269421	0.5252223845601821	1.0	0.7578141713001286	-13.538873631327649
sp|PRDX1_HUMAN|,sp|Q06830|PRDX1_HUMAN	psvid_37411_sp|PRDX1_HUMAN|	-0.08669075139264937	-0.3936277796030542	0.22024627681775544	0.12963095714796866	-0.668750376452866	0.5252237655935861	1.0	0.07879519184813344	-10.134018684357045
sp|Q15233|NONO_HUMAN	psvid_65729_sp|Q15233|NONO_HUMAN	0.11130735076124898	-0.2827950596464494	0.5054097611689474	0.1664441497115521	0.6687369364086676	0.5252318403594501	1.0	0.19112325281360945	-13.44627455751627
sp|Q14699|RFTN1_HUMAN	psvid_60680_sp|Q14699|RFTN1_HUMAN	-0.4797427892331334	-2.1797406632195835	1.2202550847533167	0.7179725197681607	-0.66819101849197	0.5255598932471495	1.0	1.1804254721801295	-14.595806375573398
sp|Q8WUY1|THEM6_HUMAN	psvid_89265_sp|Q8WUY1|THEM6_HUMAN	0.10769270530126107	-0.2740892641697574	0.4894746747722795	0.16124076789600908	0.6678999778189881	0.5257348379260681	1.0	0.17828361939665038	-10.510259636878686
sp|P0C7V7|SC11B_HUMAN	psvid_93377_sp|P0C7V7|SC11B_HUMAN	0.3295992866837314	-0.8397363570071628	1.4989349303746256	0.4938540638211216	0.6674021959716326	0.5260341395444555	1.0	0.7986901169537148	-14.282699484888818
sp|O75106|AOC2_HUMAN	psvid_39587_sp|O75106|AOC2_HUMAN	-0.21065587250760487	-0.9587313102749032	0.5374195652596935	0.3159401639550156	-0.6667587617559083	0.5264211760564459	1.0	0.486961470867143	-15.448052074260337
sp|P28799|GRN_HUMAN	psvid_25448_sp|P28799|GRN_HUMAN	-0.16777298369427296	-0.7648469155779771	0.4293009481894312	0.2521665949835435	-0.6653259671655634	0.5272836674984555	1.0	0.3692543057892329	-13.835577304039852
sp|O00148|DX39A_HUMAN	psvid_89112_sp|O00148|DX39A_HUMAN	0.5448483392278844	-1.3950399073579773	2.4847365858137462	0.8192871731091302	0.6650273031374676	0.5274635640730995	1.0	1.3515364157538763	-14.59802297883681
sp|P60709|ACTB_HUMAN	psvid_7063_sp|P60709|ACTB_HUMAN	0.14624056506802097	-0.3746699466312048	0.6671510767672467	0.21999994140074788	0.6647300182759223	0.5276426680875048	1.0	0.30675679720948634	-8.746422715712715
sp|P63261|ACTG_HUMAN	psvid_7061_sp|P63261|ACTG_HUMAN	0.14624056506802097	-0.3746699466312048	0.6671510767672467	0.21999994140074788	0.6647300182759223	0.5276426680875048	1.0	0.30675679720948634	-8.746422715712715
sp|Q9ULC4|MCTS1_HUMAN	psvid_72221_sp|Q9ULC4|MCTS1_HUMAN	0.32991531604735336	-0.8457039118884722	1.5055345439831789	0.4965078558537726	0.6644714925608696	0.5277984519821969	1.0	0.8032539412961968	-13.90642826996627
sp|O95167|NDUA3_HUMAN	psvid_81317_sp|O95167|NDUA3_HUMAN	-0.3818660052123306	-1.7426558818346432	0.9789238714099819	0.5747123284939553	-0.6644472134659402	0.527813083695842	1.0	0.9371522716356819	-12.613034190990152
sp|CATD_HUMAN|,sp|P07339|CATD_HUMAN	psvid_24407_sp|CATD_HUMAN|	-0.12070847494503623	-0.5509039253559747	0.30948697546590226	0.18168758693800705	-0.6643738131995925	0.5278573196595602	1.0	0.22647292987970333	-10.477538913071573
sp|O75828|CBR3_HUMAN	psvid_56400_sp|O75828|CBR3_HUMAN	0.1727674792985434	-0.4456896984023685	0.7912246569994553	0.26119753738360735	0.6614437526063224	0.5296250661235764	1.0	0.3863228016402652	-12.958284383505053
sp|P00403|COX2_HUMAN	psvid_110282_sp|P00403|COX2_HUMAN	-0.13026141663490431	-0.5966571367619373	0.3361343034921287	0.19697631127235207	-0.6613049853228113	0.5297088779472978	1.0	0.25960400902456254	-11.766159861110033
sp|Q9HCG7|GBA2_HUMAN	psvid_43837_sp|Q9HCG7|GBA2_HUMAN	-0.47187055308957904	-2.166053953248605	1.2223128470694469	0.7155168505647561	-0.6594820970563202	0.5308106232187592	1.0	1.176270422288213	-14.894320382591296
sp|Q01740|FMO1_HUMAN	psvid_74005_sp|Q01740|FMO1_HUMAN	-0.4183081016640351	-1.9213166347622972	1.084700431434227	0.6347765725207062	-0.6589847826345072	0.5311114455386443	1.0	1.03939359306102	-15.586610994155501
sp|Q53FV1|ORML2_HUMAN	psvid_91450_sp|Q53FV1|ORML2_HUMAN	0.331614562263415	-0.8607395176716726	1.5239686421985026	0.5035756081384752	0.6585199062545267	0.5313927422881591	1.0	0.8154012111522413	-13.872083956575201
sp|Q8N139|ABCA6_HUMAN	psvid_33642_sp|Q8N139|ABCA6_HUMAN	-0.12484103473493136	-0.5742496825924239	0.3245676131225612	0.18980203695855782	-0.6577433874547388	0.5318628207001146	1.0	0.24428536296516826	-12.535790709973279
sp|Q96HA9|PX11C_HUMAN	psvid_80100_sp|Q96HA9|PX11C_HUMAN	-0.2250267159610173	-1.0355566061599	0.5855031742378654	0.34231700904947177	-0.6573635256567002	0.5320928704829389	1.0	0.5342564948636335	-13.418511127938968
sp|O94979|SC31A_HUMAN	psvid_25878_sp|O94979|SC31A_HUMAN	0.2925206001538392	-0.76206630717977	1.3471075074874483	0.44539139181232773	0.656772011159787	0.5324512233698175	1.0	0.7150426704889159	-13.95356408494992
sp|P02751|FINC_HUMAN	psvid_28124_sp|P02751|FINC_HUMAN	-0.1329879718945337	-0.613236689697602	0.3472607459085346	0.20282694897019946	-0.6556721016104872	0.533117972154922	1.0	0.2718473918120807	-13.926531351940568
sp|O75954|TSN9_HUMAN	psvid_81393_sp|O75954|TSN9_HUMAN	-0.14587225609852794	-0.672709318669533	0.3809648064724771	0.2225029449209626	-0.6555969681675208	0.5331635358397387	1.0	0.3117382587693029	-13.276792904476993
sp|P15153|RAC2_HUMAN	psvid_79268_sp|P15153|RAC2_HUMAN	-0.1787386945143612	-0.8244300962423514	0.466952707213629	0.27269956614956087	-0.6554418000662778	0.5332576431391435	1.0	0.4078328714106219	-12.37474273685883
sp|Q9H3K2|GHITM_HUMAN	psvid_40334_sp|Q9H3K2|GHITM_HUMAN	0.3610523056738826	-0.9468893923666779	1.668994003714443	0.5523925712035995	0.6536154258685836	0.5343660883805218	1.0	0.899041231076953	-13.275292112120479
sp|Q9Y277|VDAC3_HUMAN	psvid_42268_sp|Q9Y277|VDAC3_HUMAN	-0.1325011834962435	-0.6125124675978724	0.34751010060538534	0.20272667186073423	-0.6535952190211407	0.534378360106999	1.0	0.27163924169000736	-11.269764041251799
sp|Q04760|LGUL_HUMAN	psvid_67812_sp|Q04760|LGUL_HUMAN	-0.10771468494713421	-0.498156170004415	0.28272680011014656	0.16489800436705304	-0.6532200638848715	0.5346062255458243	1.0	0.1873579654834432	-13.486176948985392
sp|Q9BY64|UDB28_HUMAN	psvid_42937_sp|Q9BY64|UDB28_HUMAN	0.1202533768773617	-0.31653537119532943	0.5570421249500528	0.1844721825002882	0.6518781056714273	0.5354218099970132	1.0	0.23265051488245345	-12.30565225912336
sp|Q9Y4P3|TBL2_HUMAN	psvid_31026_sp|Q9Y4P3|TBL2_HUMAN	-0.12939414924330883	-0.6006819361403786	0.34189363765376096	0.1990424135654808	-0.6500833009681168	0.5365138176443546	1.0	0.26395131698442503	-11.84055767537519
sp|Q9UBM7|DHCR7_HUMAN	psvid_59466_sp|Q9UBM7|DHCR7_HUMAN	-0.1638344352897496	-0.7609307123095805	0.4332618417300813	0.25217603216810414	-0.6496828183121512	0.5367576697600791	1.0	0.36927223319573227	-12.26844440219331
sp|Q9H553|ALG2_HUMAN	psvid_63784_sp|Q9H553|ALG2_HUMAN	-0.14657304284462924	-0.6812398820789616	0.3880937963897031	0.2258097516918491	-0.649099703385042	0.5371128482022358	1.0	0.31828385945810705	-11.436451204400035
sp|Q8NB16|MLKL_HUMAN	psvid_43635_sp|Q8NB16|MLKL_HUMAN	0.40842995379161096	-1.086232127036678	1.9030920346198998	0.631251554366804	0.6470161553919641	0.5383831328873661	1.0	1.0334044709834898	-15.099980253577247
sp|Q9P035|HACD3_HUMAN	psvid_38408_sp|Q9P035|HACD3_HUMAN	0.1377070298501084	-0.36792574810421064	0.6433398078044275	0.21354758451193856	0.6448540739284727	0.5397032520127979	1.0	0.2937994269739945	-11.629151001364495
sp|P14406|CX7A2_HUMAN	psvid_80162_sp|P14406|CX7A2_HUMAN	0.12664269822206276	-0.3386751599325766	0.5919605563767021	0.19652108995230003	0.6444229382851566	0.5399667317217618	1.0	0.258642521826183	-10.705869253626732
sp|P21964|COMT_HUMAN	psvid_49726_sp|P21964|COMT_HUMAN	-0.09473130208491432	-0.44290432551761755	0.2534417213477889	0.1470464562188442	-0.644227032196743	0.5400864818246431	1.0	0.14004425722609326	-10.536987494498167
sp|Q9H223|EHD4_HUMAN	psvid_54761_sp|Q9H223|EHD4_HUMAN	0.17016972699832866	-0.45601696603604247	0.7963564200326998	0.264462000054691	0.6434562506641309	0.5405577902412945	1.0	0.39245222594455237	-13.849021787234221
sp|P47914|RL29_HUMAN	psvid_25389_sp|P47914|RL29_HUMAN	-0.16773885845494574	-0.787897372340989	0.4524196554310975	0.261916075122097	-0.6404297956005609	0.542410811346436	1.0	0.3876736980736156	-12.927999238765747
sp|P31213|S5A2_HUMAN	psvid_1265230_sp|P31213|S5A2_HUMAN	-0.4867352536762266	-2.2881198938791885	1.3146493865267355	0.7607919333247889	-0.6397744670466097	0.5428125640274482	1.0	1.2528140918608734	-13.974758715495692
sp|Q6ZNB7|ALKMO_HUMAN	psvid_50518_sp|Q6ZNB7|ALKMO_HUMAN	-0.3931681874586124	-1.848977332501174	1.0626409575839493	0.6148425101948514	-0.6394616197471649	0.5430044209245527	1.0	1.0055078886330318	-15.090731451600211
sp|Q9UBV2|SE1L1_HUMAN	psvid_78488_sp|Q9UBV2|SE1L1_HUMAN	-0.1571765925945523	-0.7392300563879954	0.42487687119889084	0.2458228909778596	-0.6393895701466982	0.5430486119749484	1.0	0.35715679382384746	-11.985455746562613
sp|Q92499|DDX1_HUMAN	psvid_35615_sp|Q92499|DDX1_HUMAN	0.2780902819319331	-0.7535855338574742	1.3097660977213403	0.43571518316622165	0.6382386767225506	0.5437548013908131	1.0	0.6982618431839275	-12.29222062145569
sp|Q9BR76|COR1B_HUMAN	psvid_64760_sp|Q9BR76|COR1B_HUMAN	-0.3297242722461715	-1.5542130413647393	0.8947644968723962	0.5171472861494172	-0.637582911246112	0.5441574305689143	1.0	0.8386979594209136	-15.113444961748094
sp|P05198|IF2A_HUMAN	psvid_48242_sp|P05198|IF2A_HUMAN	-0.10950783987653123	-0.5165983113020409	0.2975826315489784	0.1719294923925953	-0.6369345849429585	0.5445556710884882	1.0	0.20418437647723803	-10.953798385253464
sp|P39023|RL3_HUMAN	psvid_60920_sp|P39023|RL3_HUMAN	0.2499998196632549	-0.6803245036399256	1.1803241429664353	0.39291066702176203	0.6362764888981959	0.5449600945704419	1.0	0.6236220902273126	-8.652061777942313
sp|Q96LZ7|RMD2_HUMAN	psvid_23498_sp|Q96LZ7|RMD2_HUMAN	-0.1409872593369137	-0.6661673250875415	0.3841928064137141	0.22180313335026672	-0.6356414231275519	0.5453505387117853	1.0	0.310347895501479	-12.125754564072476
sp|P61158|ARP3_HUMAN	psvid_418_sp|P61158|ARP3_HUMAN	-0.25657176043395635	-1.214230915334854	0.7010873944669413	0.40445518611791226	-0.6343638782249589	0.5461365009449843	1.0	0.6438252364690432	-13.006430533867585
sp|P60660|MYL6_HUMAN	psvid_16801_sp|P60660|MYL6_HUMAN	0.1581651629776597	-0.43223855534991795	0.7485688813052374	0.24934951496975868	0.6343110913884958	0.546168990920099	1.0	0.36389377473423823	-10.819165284708578
sp|P05177|CP1A2_HUMAN	psvid_82849_sp|P05177|CP1A2_HUMAN	-0.09969427885689441	-0.4723496969680688	0.27296113925427995	0.15738628479524197	-0.6334368905562242	0.5467072271991555	1.0	0.16843005710116676	-10.10344128413003
sp|Q16696|CP2AD_HUMAN	psvid_64463_sp|Q16696|CP2AD_HUMAN	0.2499999098315948	-0.6857380495463039	1.1857378692094935	0.39519704748914386	0.6325955910347796	0.5472255109231635	1.0	0.6276280390076595	-8.944542862994185
sp|P62847|RS24_HUMAN	psvid_96844_sp|P62847|RS24_HUMAN	-0.15169386254024442	-0.7224533150782789	0.4190655899977901	0.24105300870717133	-0.6292966984889226	0.5492606757175996	1.0	0.34799546473773874	-10.914058419561158
sp|P11021|BIP_HUMAN	psvid_56562_sp|P11021|BIP_HUMAN	0.10823984079844085	-0.2994299968379247	0.5159096784348064	0.172174180356411	0.6286647659618754	0.5496510525637986	1.0	0.2047571147246448	-6.764485539902368
sp|Q9Y3Z3|SAMH1_HUMAN	psvid_28209_sp|Q9Y3Z3|SAMH1_HUMAN	-0.27724531442828315	-1.3230035809157297	0.7685129520591634	0.44166272743489327	-0.6277308389559603	0.5502282941289616	1.0	0.7085798213656016	-13.888157866096018
sp|Q8WUM4|PDC6I_HUMAN	psvid_52098_sp|Q8WUM4|PDC6I_HUMAN	-0.6281412407854021	-2.997794210955163	1.7415117293843587	1.0007928480400263	-0.6276436147755923	0.5502822243602992	1.0	1.656988137819351	-14.579670474500869
sp|O15372|EIF3H_HUMAN	psvid_60183_sp|O15372|EIF3H_HUMAN	-0.18182659430492887	-0.8678440168540189	0.5041908282441612	0.2897307490846633	-0.6275709253483366	0.5503271702752354	1.0	0.43928745079898585	-12.52423711621855
sp|Q13813|SPTN1_HUMAN	psvid_26464_sp|Q13813|SPTN1_HUMAN	0.2842001400879939	-0.7891480060408791	1.3575482862168669	0.4533149628343437	0.6269374792110051	0.5507189417516061	1.0	0.7287624032306055	-13.907641363171267
sp|Q15155|NOMO1_HUMAN	psvid_34734_sp|Q15155|NOMO1_HUMAN	-0.12981374462061224	-0.6204734805672119	0.3608459913259873	0.2072239103101186	-0.6264419218146252	0.551025549756996	1.0	0.2809206422969911	-12.07999746846538
sp|Q9BXS5|AP1M1_HUMAN	psvid_57934_sp|Q9BXS5|AP1M1_HUMAN	-0.2241143569210542	-1.0712382252505595	0.6230095114084511	0.3577720111343705	-0.6264166842187168	0.5510411673545481	1.0	0.5617188017973492	-12.853449399958492
sp|Q99798|ACON_HUMAN	psvid_55477_sp|Q99798|ACON_HUMAN	-0.3951765565271881	-1.8891866033260456	1.0988334902716694	0.6309761760723667	-0.6262939418521964	0.5511171269302482	1.0	1.0329365409992852	-15.674743757449631
sp|P04908|H2A1B_HUMAN	psvid_21408_sp|P04908|H2A1B_HUMAN	-0.22472062363046952	-1.0743990328117816	0.6249577855508426	0.35885088903197726	-0.626222842129965	0.5511611301530485	1.0	0.5636299364951193	-10.996082402007445
sp|Q7L7L0|H2A3_HUMAN	psvid_21410_sp|Q7L7L0|H2A3_HUMAN	-0.22472062363046952	-1.0743990328117816	0.6249577855508426	0.35885088903197726	-0.626222842129965	0.5511611301530485	1.0	0.5636299364951193	-10.996082402007445
sp|Q93077|H2A1C_HUMAN	psvid_21409_sp|Q93077|H2A1C_HUMAN	-0.22472062363046952	-1.0743990328117816	0.6249577855508426	0.35885088903197726	-0.626222842129965	0.5511611301530485	1.0	0.5636299364951193	-10.996082402007445
sp|P11234|RALB_HUMAN	psvid_82796_sp|P11234|RALB_HUMAN	-0.13545368397231794	-0.6484719981789864	0.3775646302343505	0.21666677198509926	-0.6251705452169355	0.5518126388411482	1.0	0.3000849285489392	-11.888885091151858
sp|P61254|RL26_HUMAN	psvid_16256_sp|P61254|RL26_HUMAN	-0.12416750183739689	-0.5946706770101717	0.346335673335378	0.198711042764757	-0.6248646281041961	0.5520021284608212	1.0	0.26325587273123646	-10.553558436323879
sp|P02763|A1AG1_HUMAN	psvid_881771_sp|P02763|A1AG1_HUMAN	-0.12703668383898936	-0.6086819051771903	0.3546085374992117	0.2034167445089628	-0.6245143886539388	0.5522191201668124	1.0	0.27307052141678	-8.27930217573946
sp|P16104|H2AX_HUMAN	psvid_48125_sp|P16104|H2AX_HUMAN	-0.2163581907113885	-1.0371317421389468	0.6044153607161699	0.3466432893210801	-0.6241522550029395	0.5524435350128181	1.0	0.5419606388869833	-11.505199619921923
sp|P36542|ATPG_HUMAN	psvid_71346_sp|P36542|ATPG_HUMAN	0.07969781192964609	-0.22272139270164193	0.3821170165609341	0.1277229117153234	0.6239899393092558	0.5525441401616396	1.0	0.06958974116747094	-10.507795575085233
sp|Q6P1M0|S27A4_HUMAN	psvid_46048_sp|Q6P1M0|S27A4_HUMAN	-0.2597797074578958	-1.246946306603351	0.7273868916875593	0.4169172805830682	-0.6230965219157816	0.5530980881573634	1.0	0.6655710432365101	-13.375859188765157
sp|O00187|MASP2_HUMAN	psvid_93107_sp|O00187|MASP2_HUMAN	0.33197478343456144	-0.9311374118026321	1.595086978671755	0.5334593998272077	0.6223056216501032	0.5535887510396857	1.0	0.8666524902107302	-15.933074940952347
sp|Q96CW1|AP2M1_HUMAN	psvid_41854_sp|Q96CW1|AP2M1_HUMAN	-0.09890909373670809	-0.4760290530639612	0.27821086559054503	0.15927182709830395	-0.6210080937645083	0.5543942850585223	1.0	0.17329044918413877	-11.788072962906483
sp|O00116|ADAS_HUMAN	psvid_39106_sp|O00116|ADAS_HUMAN	-0.14398104275860923	-0.6931390814844245	0.405176995967206	0.2319299258241645	-0.6207954503799873	0.554526365908584	1.0	0.3302990940800606	-13.744881454931413
sp|P50053|KHK_HUMAN	psvid_73292_sp|P50053|KHK_HUMAN	-0.21219024028937872	-1.0236550126959032	0.5992745321171457	0.3427118446810793	-0.6191505884100349	0.5555486901075823	1.0	0.5349601744129616	-12.863073210385531
sp|O96005|CLPT1_HUMAN	psvid_73367_sp|O96005|CLPT1_HUMAN	-0.1467366952302136	-0.709737484240288	0.41626409377986084	0.23777623566619094	-0.6171209449047472	0.5568117222409207	1.0	0.3416668893755128	-12.075220614616779
sp|P80404|GABT_HUMAN	psvid_57994_sp|P80404|GABT_HUMAN	-0.1400707773523111	-0.6784766624734678	0.3983351077688456	0.22738889025312087	-0.6159965739592181	0.5575121490527521	1.0	0.3213960171715641	-11.535856420572612
sp|P49419|AL7A1_HUMAN	psvid_42048_sp|P49419|AL7A1_HUMAN	-0.18552588706460815	-0.8993010799632172	0.5282493058340009	0.3014538909932213	-0.6154370290373198	0.5578609137099872	1.0	0.4607085634656658	-13.147158874436673
sp|Q96KA5|CLP1L_HUMAN	psvid_64635_sp|Q96KA5|CLP1L_HUMAN	-0.14187708439479385	-0.687907133690718	0.4041529649011303	0.23060885919981589	-0.6152282478959816	0.5579910804931048	1.0	0.3277159268907971	-13.344235834118239
sp|Q53S08|RAB6D_HUMAN	psvid_162929_sp|Q53S08|RAB6D_HUMAN	0.26521026622093213	-0.7555801174138508	1.286000649855715	0.4311178590916368	0.6151688236245394	0.558028132491858	1.0	0.690278264767938	-14.387291233565792
sp|P05386|RLA1_HUMAN	psvid_48096_sp|P05386|RLA1_HUMAN	0.07966233768261244	-0.22722629510196413	0.386550970467189	0.12961051795427386	0.6146286500507392	0.5583650068661303	1.0	0.07870160561578465	-9.755614191145819
sp|Q15907|RB11B_HUMAN	psvid_65739_sp|Q15907|RB11B_HUMAN	-0.11090018063417117	-0.5381690474612386	0.31636868619289626	0.18045158151577864	-0.6145702891746287	0.5584014103648401	1.0	0.22370710234659286	-11.323126924343386
sp|P56385|ATP5I_HUMAN	psvid_85731_sp|P56385|ATP5I_HUMAN	-0.12216864979945363	-0.5936525335681675	0.3493152339692602	0.19912523258967332	-0.6135267148749551	0.5590525950331167	1.0	0.26412502298242113	-10.420993874131499
sp|Q9Y3L5|RAP2C_HUMAN	psvid_12792_sp|Q9Y3L5|RAP2C_HUMAN	-0.2502412052733791	-1.218651306309364	0.7181688957626058	0.4089957117295118	-0.6118431027435208	0.5601041136512204	1.0	0.6517555148545875	-12.758510737794365
sp|Q9H0R3|TM222_HUMAN	psvid_85401_sp|Q9H0R3|TM222_HUMAN	0.2295123470344631	-0.6610065625767246	1.120031256645651	0.3760993558982742	0.610243924737113	0.5611039873197055	1.0	0.5940892871458789	-13.117562823877115
sp|P04114|APOB_HUMAN	psvid_1633337_sp|P04114|APOB_HUMAN	-0.1885514377485129	-0.920655317100443	0.5435524416034172	0.30919477902508263	-0.6098144294125263	0.5613727065611076	1.0	0.47476470963464856	-13.236465895475998
sp|Q15393|SF3B3_HUMAN	psvid_35235_sp|Q15393|SF3B3_HUMAN	0.1864458811218377	-0.5378433047644661	0.9107350670081414	0.3058943424512565	0.6095107206879687	0.5615627719387102	1.0	0.4687797321058301	-14.854322508284387
sp|P01111|RASN_HUMAN	psvid_4666_sp|P01111|RASN_HUMAN	-0.1660502688170271	-0.8139903769333925	0.48188983929933826	0.2736492787442564	-0.6067995851442102	0.5632611320401051	1.0	0.4095986096198714	-13.243457924269155
sp|Q30154|DRB5_HUMAN	psvid_61957_sp|Q30154|DRB5_HUMAN	-0.45532798047952916	-2.2326710128538974	1.3220150518948388	0.7506382654784306	-0.6065877552742652	0.5633939584947874	1.0	1.2356589801823747	-13.446870428287463
sp|Q5T8D3|ACBD5_HUMAN	psvid_28355_sp|Q5T8D3|ACBD5_HUMAN	0.16686642925143902	-0.48562726146508484	0.8193601199679629	0.2755724265454602	0.605526580954614	0.5640596395498798	1.0	0.41316967875389443	-14.225000483286298
sp|Q15041|AR6P1_HUMAN	psvid_50981_sp|Q15041|AR6P1_HUMAN	0.13500465559366193	-0.3939553995867944	0.6639647107741182	0.22339956389712787	0.6043192441316919	0.5648175745783587	1.0	0.3135169720830553	-10.239430570980103
sp|Q8IYB3|SRRM1_HUMAN	psvid_27450_sp|Q8IYB3|SRRM1_HUMAN	0.16006933769065457	-0.46811710535013873	0.7882557807314479	0.2653065690820925	0.6033372571378929	0.5654344841548451	1.0	0.39403473156613217	-15.227377209367088
sp|O95793|STAU1_HUMAN	psvid_25761_sp|O95793|STAU1_HUMAN	-0.19259905717527248	-0.9491655305233309	0.5639674161727859	0.3195262450346723	-0.602764436938109	0.5657945281257605	1.0	0.49342738280702253	-12.650356165456529
sp|Q9BZQ6|EDEM3_HUMAN	psvid_57427_sp|Q9BZQ6|EDEM3_HUMAN	-0.2751652738003654	-1.3573001700103753	0.8069696224096445	0.45702593517899337	-0.6020780280064355	0.5662261458736235	1.0	0.7351816304075448	-14.604019084519532
sp|P39656|OST48_HUMAN	psvid_68699_sp|P39656|OST48_HUMAN	0.13417162285036177	-0.39354257102538426	0.6618858167261078	0.2228733901919062	0.6020082645794218	0.56627002436421	1.0	0.31247350818584957	-10.763607271156037
sp|Q15286|RAB35_HUMAN	psvid_85840_sp|Q15286|RAB35_HUMAN	0.11224163496492956	-0.32935294880761684	0.5538362187374759	0.1865018661956717	0.6018258007518771	0.5663847965090049	1.0	0.2371092484855294	-11.293403209429755
sp|Q9H6V9|LDAH_HUMAN	psvid_72094_sp|Q9H6V9|LDAH_HUMAN	-0.2705593163156559	-1.3351241184679474	0.7940054858366357	0.4496054290147108	-0.6017705722739468	0.5664195386488194	1.0	0.7223416543116526	-12.77203423616113
sp|Q9Y262|EIF3L_HUMAN	psvid_81098_sp|Q9Y262|EIF3L_HUMAN	0.15462207261615246	-0.4537704484805023	0.7630145937128072	0.25694685744257034	0.6017667394539422	0.5664219497770311	1.0	0.37831023602890823	-12.177693505605163
sp|Q8N2G8|GHDC_HUMAN	psvid_46982_sp|Q8N2G8|GHDC_HUMAN	-0.17943371277121134	-0.8862378938880334	0.5273704683456107	0.29850977266761036	-0.6010982862226429	0.5668425489232427	1.0	0.4553447345904586	-13.38371097865122
sp|Q7Z3Y7|K1C28_HUMAN	psvid_30184_sp|Q7Z3Y7|K1C28_HUMAN	0.22611940528122476	-0.6647186798850097	1.1169574904474593	0.3762341556418573	0.6010071172179037	0.5668999278483902	1.0	0.5943266684147179	-15.067035409222989
sp|Q13510|ASAH1_HUMAN	psvid_55195_sp|Q13510|ASAH1_HUMAN	-0.117634487416022	-0.5813077032777494	0.34603872844570543	0.19582649615943235	-0.6007077168977674	0.5670883851085378	1.0	0.2571728409003133	-12.860040870558475
sp|Q9NTJ5|SAC1_HUMAN	psvid_37322_sp|Q9NTJ5|SAC1_HUMAN	-0.1051695544547524	-0.5199266564267069	0.309587547517202	0.17516739647223675	-0.6003945744059814	0.5672855318020649	1.0	0.21170157291713673	-11.135969783588635
sp|Q9UBS3|DNJB9_HUMAN	psvid_40926_sp|Q9UBS3|DNJB9_HUMAN	0.2271637163947986	-0.6687954873670405	1.1231229201566377	0.378396995065589	0.6003317134043927	0.5673251123775133	1.0	0.5981340846649621	-14.7597947473791
sp|Q2VIR3|IF2GL_HUMAN	psvid_50687_sp|Q2VIR3|IF2GL_HUMAN	-0.12605585258295227	-0.6233626275158317	0.3712509223499272	0.21003120283854126	-0.6001767874455114	0.5674226688014502	1.0	0.2866614905713295	-11.96255471848151
sp|Q9Y5J7|TIM9_HUMAN	psvid_18911_sp|Q9Y5J7|TIM9_HUMAN	-0.19637262991445814	-0.9712796043391293	0.578534344510213	0.32727212282268847	-0.6000285885053831	0.5675159984731298	1.0	0.5073530558854457	-11.812975633108481
sp|O95573|ACSL3_HUMAN	psvid_78642_sp|O95573|ACSL3_HUMAN	-0.08224971115848234	-0.407748342810288	0.2432489204933233	0.13747021471274967	-0.5983093234439685	0.5685993811868585	1.0	0.10969632255265546	-11.3885023762802
sp|P20340|RAB6A_HUMAN	psvid_73124_sp|P20340|RAB6A_HUMAN	0.1998801494769582	-0.5921338895595379	0.9918941885134543	0.3344970743788847	0.5975542531967082	0.5690755667963848	1.0	0.5202953828942377	-10.952899842457997
sp|O75822|EIF3J_HUMAN	psvid_47353_sp|O75822|EIF3J_HUMAN	-0.2023544739739247	-1.0061269485829984	0.601418000635149	0.3394631003638339	-0.5961015313801198	0.5699923843893451	1.0	0.5291667772539882	-12.453207926487424
sp|P53618|COPB_HUMAN	psvid_26587_sp|P53618|COPB_HUMAN	-0.2942438536730867	-1.463477078834475	0.8749893714883017	0.4938108086554385	-0.5958635342030318	0.5701426676352805	1.0	0.7986157166073351	-12.98887220517942
sp|P60468|SC61B_HUMAN	psvid_60577_sp|P60468|SC61B_HUMAN	0.18392719581194727	-0.5469712085536657	0.9148256001775602	0.30868566196871006	0.5958397764214622	0.5701576707526377	1.0	0.47384224178360496	-11.716440843408936
sp|P51690|ARSL_HUMAN	psvid_62262_sp|P51690|ARSL_HUMAN	-0.16489458037885418	-0.8203879198668924	0.49059875910918405	0.27683929012209124	-0.595632868102402	0.5702883438090702	1.0	0.41551886173391517	-11.904001007731338
sp|O75369|FLNB_HUMAN	psvid_39383_sp|O75369|FLNB_HUMAN	0.3478795744909613	-1.04250834532993	1.7382674943118526	0.5872126862771437	0.5924251682920461	0.5723164084635406	1.0	0.9584662756545369	-15.483904566055386
sp|P36980|FHR2_HUMAN	psvid_86553_sp|P36980|FHR2_HUMAN	-0.14590631967753653	-0.7299298623570981	0.43811722300202505	0.2466549287842903	-0.5915402558411371	0.5728766331621615	1.0	0.35874896342724905	-12.240562285834605
sp|P31949|S10AB_HUMAN	psvid_29613_sp|P31949|S10AB_HUMAN	-0.2910696389910572	-1.4590107756906359	0.8768714977085215	0.49326511149729235	-0.5900876267277925	0.5737969631828737	1.0	0.7976770634449933	-12.58333456295624
sp|Q8WXF0|SRS12_HUMAN	psvid_47227_sp|Q8WXF0|SRS12_HUMAN	-0.27186134628951475	-1.363126531436553	0.8194038388575235	0.4608819967980338	-0.5898719155407777	0.5739337028442546	1.0	0.7418476934713871	-14.986134426935262
sp|Q15006|EMC2_HUMAN	psvid_40034_sp|Q15006|EMC2_HUMAN	-0.1136898166736171	-0.5703001895605061	0.3429205562132719	0.19284359409527835	-0.589544170274312	0.5741414973604949	1.0	0.25082429447074656	-13.16498749893837
sp|Q5K4L6|S27A3_HUMAN	psvid_537484_sp|Q5K4L6|S27A3_HUMAN	-0.16965531917803256	-0.8521057155852818	0.5127950772292167	0.2882242608788099	-0.5886226185843799	0.5747260068001255	1.0	0.43652200221836196	-13.234055960614693
sp|P62140|PP1B_HUMAN	psvid_53190_sp|P62140|PP1B_HUMAN	-0.15266022278241653	-0.7681204527748182	0.46280000720998515	0.25993181456664477	-0.5873087257015069	0.5755599626121362	1.0	0.3839407000890519	-13.694650936049491
sp|Q9UQ80|PA2G4_HUMAN	psvid_42074_sp|Q9UQ80|PA2G4_HUMAN	0.09293342195758836	-0.2824085663365447	0.4682754102517214	0.15852092360468337	0.5862533465256867	0.576230342405967	1.0	0.17136443660531106	-10.44553017087046
sp|O15173|PGRC2_HUMAN	psvid_82327_sp|O15173|PGRC2_HUMAN	-0.11925442200858738	-0.6010331119534907	0.362524267936316	0.20347311328055384	-0.5860942514019353	0.5763314393071162	1.0	0.2731873188233397	-10.46714608501222
sp|Q9UI47|CTNA3_HUMAN	psvid_26958_sp|Q9UI47|CTNA3_HUMAN	0.0815195225490486	-0.24782842726586685	0.41086747236396404	0.13909592536994977	0.5860669342558616	0.5763487990048943	1.0	0.11525622026820254	-17.33763767496503
sp|Q14232|EI2BA_HUMAN	psvid_90184_sp|Q14232|EI2BA_HUMAN	0.08133473520111689	-0.24777050928965222	0.410439979691886	0.13899342185756017	0.5851696728818458	0.5769191654996607	1.0	0.11491171670172275	-15.034265658314045
sp|RS27A_HUMAN|,sp|P62979|RS27A_HUMAN	psvid_34278_sp|RS27A_HUMAN|	-0.1606122254188862	-0.810714890201644	0.4894904393638716	0.27456260709758556	-0.5849748700914728	0.5770430398893778	1.0	0.41129530469349934	-9.919888643268303
sp|Q96CS3|FAF2_HUMAN	psvid_59309_sp|Q96CS3|FAF2_HUMAN	-0.14696263791457742	-0.7424210366574352	0.44849576082828035	0.25148429507149567	-0.5843809764454544	0.5774207896777814	1.0	0.36795764014366356	-11.565239938230514
sp|P20742|PZP_HUMAN	psvid_58932_sp|P20742|PZP_HUMAN	-0.14533805049310544	-0.7344582101302805	0.44378210914406957	0.24880742025227667	-0.5841387300496941	0.5775749130752328	1.0	0.3628601344492441	-13.083517404774051
sp|Q99623|PHB2_HUMAN	psvid_90957_sp|Q99623|PHB2_HUMAN	0.1073519358735382	-0.3281199948391784	0.5428238665862548	0.1839160414059477	0.5837007748366344	0.57785361181951	1.0	0.23142245399151207	-10.439836766502316
sp|Q9P0S3|ORML1_HUMAN	psvid_47849_sp|Q9P0S3|ORML1_HUMAN	-0.2106211272472298	-1.0650749945166813	0.6438327400222217	0.3608677431287113	-0.5836518537820856	0.5778847482212641	1.0	0.5672006510020055	-13.893255546716489
sp|Q13423|NNTM_HUMAN	psvid_38304_sp|Q13423|NNTM_HUMAN	0.11364796569333802	-0.34836688402532706	0.5756628154120031	0.19512610627268465	0.5824334214639499	0.5786605469557559	1.0	0.255687657205642	-10.794408382143136
sp|P50897|PPT1_HUMAN	psvid_59525_sp|P50897|PPT1_HUMAN	0.2406361066702538	-0.7387329708729659	1.2200051842134734	0.41362409632773994	0.58177487435254	0.5790801063686081	1.0	0.6598306023907012	-13.770517132054309
sp|O15431|COPT1_HUMAN	psvid_106450_sp|O15431|COPT1_HUMAN	-0.2510088969977975	-1.2730613150564505	0.7710435210608555	0.4316508633084099	-0.5815090813763862	0.5792494923670777	1.0	0.6912042308915872	-13.643215887995753
sp|P23246|SFPQ_HUMAN	psvid_31897_sp|P23246|SFPQ_HUMAN	-0.15087469235539652	-0.7653784237362614	0.46362903902546837	0.25952784952128305	-0.5813429758451559	0.5793553635077965	1.0	0.38317976520086783	-13.88779272639016
sp|Q86VI3|IQGA3_HUMAN	psvid_23820_sp|Q86VI3|IQGA3_HUMAN	0.08090549226445187	-0.24861924913860167	0.4104302336675054	0.13917059105274365	0.5813404373183257	0.5793569815821691	1.0	0.11550667627847493	-17.453384890608387
sp|Q8TBA6|GOGA5_HUMAN	psvid_76284_sp|Q8TBA6|GOGA5_HUMAN	0.201351729163453	-0.6203097140202073	1.0230131723471132	0.34701827913204675	0.5802337838429399	0.5800626180664757	1.0	0.5426277798167225	-13.291192409704962
sp|P04439|HLAA_HUMAN	psvid_85706_sp|P04439|HLAA_HUMAN	0.09423014974793498	-0.29089056854709994	0.4793508680429699	0.16265084607477226	0.5793400527693315	0.5806328496025086	1.0	0.18181171905120794	-11.56015244260589
sp|A4FU01|MTMRB_HUMAN	psvid_74870_sp|A4FU01|MTMRB_HUMAN	0.0805985432635552	-0.2489498955695822	0.4101469820966926	0.13918059936148902	0.5790932330605888	0.5807903859662626	1.0	0.11554021674446675	-16.750911876189345
sp|O15400|STX7_HUMAN	psvid_85423_sp|O15400|STX7_HUMAN	0.08322624024858616	-0.2571339121121851	0.42358639260935743	0.14374678930985874	0.5789780811673277	0.5808638917876188	1.0	0.13016629033750976	-12.824632252294833
sp|Q92896|GSLG1_HUMAN	psvid_41934_sp|Q92896|GSLG1_HUMAN	-0.12787992930192527	-0.6511197943882487	0.3953599357843982	0.22098371423150048	-0.5786848580522972	0.5810510913697731	1.0	0.30871754985158106	-13.761727221121749
sp|Q9BYE2|TMPSD_HUMAN	psvid_32089_sp|Q9BYE2|TMPSD_HUMAN	-0.16960233962533522	-0.864907070486101	0.5257023912354306	0.29365312584314784	-0.5775601371119978	0.5817694574436298	1.0	0.4464737044893165	-16.602763872219015
sp|P36268|GGT2_HUMAN	psvid_38858_sp|P36268|GGT2_HUMAN	0.12988513529267554	-0.4039577465581623	0.6637280171435134	0.22546176375147484	0.5760849783639905	0.5827124225332325	1.0	0.31759688294397476	-13.504927884941921
sp|P18669|PGAM1_HUMAN	psvid_59043_sp|P18669|PGAM1_HUMAN	-0.10283715694076045	-0.5256486974339323	0.3199743835524113	0.1785690863266102	-0.5758956326442028	0.5828335213224876	1.0	0.21946484992458046	-11.418083318984221
sp|Q04828|AK1C1_HUMAN	psvid_39510_sp|Q04828|AK1C1_HUMAN	0.1816578975475589	-0.5654983317410172	0.928814126836135	0.3155519479238315	0.5756830174643948	0.5829695196145094	1.0	0.4862607503618331	-10.438454539866864
sp|A3KMH1|VWA8_HUMAN	psvid_23430_sp|A3KMH1|VWA8_HUMAN	-0.5676927614350604	-2.903841112686574	1.7684555898164533	0.986642597597538	-0.5753783212050493	0.5831644488179301	1.0	1.6332115048262301	-15.777469055172697
sp|Q12905|ILF2_HUMAN	psvid_32941_sp|Q12905|ILF2_HUMAN	-0.2754442241085573	-1.409493081133456	0.8586046329163415	0.4789511374558689	-0.575098799371652	0.5833433055198121	1.0	0.7730312587088498	-12.834463759228132
sp|P36873|PP1G_HUMAN	psvid_65994_sp|P36873|PP1G_HUMAN	-0.15013436581727868	-0.7683595811536924	0.46809084951913504	0.26109957102383796	-0.575008090701044	0.5834013537216104	1.0	0.38613854069898845	-13.675951626867272
sp|Q07817|B2CL1_HUMAN	psvid_94069_sp|Q07817|B2CL1_HUMAN	-0.16937785663820515	-0.8669646098560756	0.5282088965796653	0.29461690901427356	-0.5749088102407562	0.5834648911528281	1.0	0.44823644809415886	-15.021347830767542
sp|O75208|COQ9_HUMAN	psvid_29755_sp|O75208|COQ9_HUMAN	-0.21148438529141478	-1.0835004376865376	0.660531667103708	0.3682849090559515	-0.574241246630296	0.5838922208034761	1.0	0.5803110162790809	-14.051644974964521
sp|P05026|AT1B1_HUMAN	psvid_74352_sp|P05026|AT1B1_HUMAN	-0.1430578897636714	-0.7329380455228316	0.4468222659954888	0.24912839496587216	-0.5742335785660593	0.5838971304258521	1.0	0.36347223706044673	-11.490141856686135
sp|P16219|ACADS_HUMAN	psvid_53529_sp|P16219|ACADS_HUMAN	-0.3447161724940213	-1.7714604233357873	1.0820280783477447	0.6025673211222876	-0.572079102882619	0.5852775085114331	1.0	0.9846197611801751	-13.077334339566658
sp|P56556|NDUA6_HUMAN	psvid_44364_sp|P56556|NDUA6_HUMAN	-0.1200292813416941	-0.6170803097587099	0.37702174707532166	0.20992319154439418	-0.5717771364785607	0.5854711278473161	1.0	0.2864413225664237	-11.85608388843785
sp|O60763|USO1_HUMAN	psvid_46432_sp|O60763|USO1_HUMAN	-0.3772528311760066	-1.9413164270699663	1.186810764717953	0.660562403168386	-0.5711085423065472	0.5858999570043865	1.0	1.0831679441401818	-14.679500834869721
sp|Q8TD47|RS4Y2_HUMAN	psvid_55864_sp|Q8TD47|RS4Y2_HUMAN	-0.08695801564874017	-0.44824878150194336	0.274332750204463	0.15258656819394373	-0.5698929904381427	0.586680057288118	1.0	0.15566011763995827	-11.61644155673638
sp|O95299|NDUAA_HUMAN	psvid_68995_sp|O95299|NDUAA_HUMAN	-0.10494570295677086	-0.5425789318436689	0.3326875259301272	0.18482883825106877	-0.5677993972683751	0.5880250394980797	1.0	0.23343661538768823	-11.447355551111434
sp|O00487|PSDE_HUMAN	psvid_31060_sp|O00487|PSDE_HUMAN	-0.2737861258315859	-1.416855330288247	0.8692830786250751	0.48276076667592177	-0.5671258824878349	0.5884580960137585	1.0	0.7795953727456313	-15.235056977304529
sp|P62136|PP1A_HUMAN	psvid_48691_sp|P62136|PP1A_HUMAN	-0.15201733720675525	-0.7875202616486311	0.4834855872351206	0.268396592115506	-0.5663907131180479	0.5889310016589393	1.0	0.39981355503267385	-13.642185458106983
sp|Q14677|EPN4_HUMAN	psvid_59839_sp|Q14677|EPN4_HUMAN	0.15976950715685012	-0.5082062671634752	0.8277452814771754	0.2821110880028517	0.5663354400137407	0.5889665653868124	1.0	0.4252678958477513	-13.148976073583071
sp|Q13838|DX39B_HUMAN	psvid_14380_sp|Q13838|DX39B_HUMAN	0.349732781427436	-1.113182407675161	1.8126479705300331	0.6178436576888793	0.566053850476761	0.5891477641484684	1.0	1.0106122205656016	-13.96175654333559
sp|P16435|NCPR_HUMAN	psvid_60158_sp|P16435|NCPR_HUMAN	0.11518157657603223	-0.36812815660639436	0.5984913097584588	0.20411972995457406	0.5642843864317545	0.5902871108920169	1.0	0.27452587220685043	-6.992748769553035
sp|Q7Z4H8|PLGT3_HUMAN	psvid_49382_sp|Q7Z4H8|PLGT3_HUMAN	-0.1946009854770332	-1.0142437326319005	0.6250417616778342	0.34616570849262607	-0.5621613600157582	0.5916557569086858	1.0	0.5411108349591728	-14.386202933085254
sp|P13929|ENOB_HUMAN	psvid_49740_sp|P13929|ENOB_HUMAN	0.16988424518129053	-0.5463890597993599	0.886157550161941	0.30250893691630865	0.5615842193392464	0.5920281300259821	1.0	0.4626282788985232	-13.79596637317667
sp|P04424|ARLY_HUMAN	psvid_63485_sp|P04424|ARLY_HUMAN	-0.09879946515086102	-0.5158654598854471	0.3182665295837251	0.1761425280180038	-0.5609063652178454	0.5924656524573473	1.0	0.21394042088732987	-12.274282536381321
sp|Q9HCH3|CPNE5_HUMAN	psvid_71155_sp|Q9HCH3|CPNE5_HUMAN	0.1860081367812798	-0.6001975697813817	0.9722138433439413	0.3320439988982012	0.560191231880407	0.5929274342080942	1.0	0.5159059427420111	-15.7967282640288
sp|Q86YQ8|CPNE8_HUMAN	psvid_37053_sp|Q86YQ8|CPNE8_HUMAN	0.18642658928332967	-0.6022625295980266	0.975115708164686	0.3330928365628598	0.5596835741261823	0.5932553660368463	1.0	0.5177832905049338	-15.723709798563604
sp|Q86TX2|ACOT1_HUMAN	psvid_28161_sp|Q86TX2|ACOT1_HUMAN	-0.2974910394436936	-1.5563218394203615	0.9613397605329743	0.5316512068933456	-0.5595605456856853	0.5933348541108737	1.0	0.8635560944631802	-13.742545653701077
sp|Q9UBL6|CPNE7_HUMAN	psvid_42742_sp|Q9UBL6|CPNE7_HUMAN	0.18598083957872102	-0.6013617933597332	0.9733234725171752	0.3325241653191771	0.5593002222867177	0.5935030675307955	1.0	0.5167655193543876	-15.889861941151132
sp|P47755|CAZA2_HUMAN	psvid_63439_sp|P47755|CAZA2_HUMAN	-0.3153420994705556	-1.6503617419631915	1.0196775430220804	0.5638285972750967	-0.5592871681120096	0.5935115034653322	1.0	0.9185773408614446	-13.999200173429044
sp|O95298|NDUC2_HUMAN	psvid_96887_sp|O95298|NDUC2_HUMAN	-0.2479759295763051	-1.2980182571923127	0.8020663980397025	0.4434720462642758	-0.5591692456496575	0.5935877109679195	1.0	0.7117164348923123	-12.035374037756032
sp|A6NMY6|AXA2L_HUMAN	psvid_32028_sp|A6NMY6|AXA2L_HUMAN	-0.24896171176115223	-1.3086526089613313	0.8107291854390268	0.44754699713480917	-0.5562805992555023	0.5954562174877678	1.0	0.7187769915809906	-11.243520359876797
sp|O95479|G6PE_HUMAN	psvid_55911_sp|O95479|G6PE_HUMAN	0.06797525843238672	-0.2221676331364315	0.35811815000120495	0.12253816674722796	0.5547272350875483	0.5964623646127578	1.0	0.03511869256312595	-10.020173891580802
sp|Q96M27|PRRC1_HUMAN	psvid_71554_sp|Q96M27|PRRC1_HUMAN	-0.17305822530294224	-0.9123190646831048	0.5662026140772203	0.31221743023187526	-0.554287520637194	0.5967473496507104	1.0	0.4802358723184177	-13.315366137817268
sp|Q15836|VAMP3_HUMAN	psvid_103652_sp|Q15836|VAMP3_HUMAN	0.24975414735532597	-0.817434460384191	1.316942755094843	0.4507135599939717	0.5541305377159419	0.5968491108954392	1.0	0.7242601196659356	-12.114982153972228
sp|Q96FN4|CPNE2_HUMAN	psvid_84443_sp|Q96FN4|CPNE2_HUMAN	0.18428084926758448	-0.6039949696806521	0.9725566682158211	0.33291828458315287	0.5535317758179688	0.5972373361233312	1.0	0.5174709166311348	-15.682144759290974
sp|P01042|KNG1_HUMAN	psvid_72022_sp|P01042|KNG1_HUMAN	-0.1648006877709456	-0.8697606233259383	0.5401592477840471	0.2977308789681772	-0.5535223230525586	0.5972434662378917	1.0	0.4539239672057825	-13.044031490314303
sp|Q9NYL5|CP39A_HUMAN	psvid_96064_sp|Q9NYL5|CP39A_HUMAN	-0.22385693109089777	-1.1815950058448552	0.7338811436630597	0.40448851691592563	-0.5534321043220795	0.5973019748163183	1.0	0.6438834818945017	-14.605871691801294
sp|Q96HD1|CREL1_HUMAN	psvid_53277_sp|Q96HD1|CREL1_HUMAN	0.08548036657775393	-0.28037952813908623	0.4513402612945941	0.15451628176216023	0.553212681556303	0.5974442880490036	1.0	0.16086822043182913	-12.641215895463754
sp|Q9BXJ8|TACAN_HUMAN	psvid_69822_sp|Q9BXJ8|TACAN_HUMAN	0.24310825671880165	-0.7993234089841765	1.2855399224217798	0.4402577798264079	0.5521952543681531	0.5981044183307008	1.0	0.7061435060037291	-12.960610855170106
sp|Q5XXA6|ANO1_HUMAN	psvid_30046_sp|Q5XXA6|ANO1_HUMAN	-0.41962345970819337	-2.2210573121488784	1.3818103927324916	0.7608127174886176	-0.5515463267929289	0.5985256698951907	1.0	1.2528492015610455	-16.647316471509406
sp|Q9UKU0|ACSL6_HUMAN	psvid_49823_sp|Q9UKU0|ACSL6_HUMAN	-0.15121722561142814	-0.8006555916301336	0.4982211404072773	0.2742820489481879	-0.5513201691153808	0.598672519069989	1.0	0.41077425492332403	-14.1165137438771
sp|Q8IYJ1|CPNE9_HUMAN	psvid_62010_sp|Q8IYJ1|CPNE9_HUMAN	0.18352887795948014	-0.6054347462884454	0.9724925022074057	0.3332087704194496	0.5507924588192876	0.5990152510528475	1.0	0.5179907491654745	-15.695176722504645
sp|Q9BT40|INP5K_HUMAN	psvid_82994_sp|Q9BT40|INP5K_HUMAN	0.10469862428461107	-0.34603571713415715	0.5554329657033793	0.19036192680383013	0.5499977124758989	0.5995316209694651	1.0	0.2454942571136656	-13.874222379232197
sp|Q13586|STIM1_HUMAN	psvid_31847_sp|Q13586|STIM1_HUMAN	-0.08453256807584975	-0.448926262181859	0.2798611260301595	0.15389705054831446	-0.54927997498764	0.5999981686463919	1.0	0.15920845235501466	-11.72476183938679
sp|Q16706|MA2A1_HUMAN	psvid_50834_sp|Q16706|MA2A1_HUMAN	-0.2245381137923732	-1.1924756936980245	0.7433994661132781	0.40879614842900386	-0.5492667058025598	0.6000067958543737	1.0	0.6514071452292022	-13.555935043990644
sp|O75027|ABCB7_HUMAN	psvid_50763_sp|O75027|ABCB7_HUMAN	-0.3936011609168304	-2.0907645742536016	1.3035622524199408	0.7167754212976423	-0.5491275917417191	0.600097247603038	1.0	1.178400005404467	-14.872618830977025
sp|P04075|ALDOA_HUMAN	psvid_73757_sp|P04075|ALDOA_HUMAN	-0.15964312494167077	-0.8484516593248196	0.529165409441478	0.290909539733239	-0.5487723953228273	0.600328230129239	1.0	0.44144923932565194	-13.50918009417583
sp|Q92887|MRP2_HUMAN	psvid_48191_sp|Q92887|MRP2_HUMAN	-0.44635229994560355	-2.373430111927658	1.4807255120364509	0.8138768486889868	-0.5484273212398153	0.6005526774245271	1.0	1.3424125435008218	-14.987799776666266
sp|O95741|CPNE6_HUMAN	psvid_46956_sp|O95741|CPNE6_HUMAN	0.18234875168005305	-0.606286082426927	0.9709835857870331	0.33306991007757397	0.5474789110718015	0.6011697937986298	1.0	0.5177422632509235	-15.706167480516896
sp|Q96A23|CPNE4_HUMAN	psvid_35777_sp|Q96A23|CPNE4_HUMAN	0.18234875168005305	-0.606286082426927	0.9709835857870331	0.33306991007757397	0.5474789110718015	0.6011697937986298	1.0	0.5177422632509235	-15.706167480516896
sp|P35558|PCKGC_HUMAN	psvid_53561_sp|P35558|PCKGC_HUMAN	-0.3142165674069406	-1.67325207817583	1.0448189433619488	0.5739713943483002	-0.5474429048223022	0.6011932294561529	1.0	0.9358882679308335	-15.138411021766856
sp|Q08211|DHX9_HUMAN	psvid_39620_sp|Q08211|DHX9_HUMAN	-0.15519893853949096	-0.8267413874722971	0.5163435103933152	0.2836174277447427	-0.5472122773751791	0.6013433516839943	1.0	0.4280459305674516	-13.539361213647439
sp|P98187|CP4F8_HUMAN	psvid_30112_sp|P98187|CP4F8_HUMAN	0.07909789254845112	-0.26316161962830686	0.4213574047252091	0.1445489598148327	0.5472048546719088	0.6013481836862741	1.0	0.13261437798691808	-11.880516018655552
sp|P38435|VKGC_HUMAN	psvid_74919_sp|P38435|VKGC_HUMAN	-0.08840220156666057	-0.4714201691852536	0.29461576605193246	0.16176277602203218	-0.5464928566422483	0.6018117773907217	1.0	0.1795942044498635	-12.371291040106701
sp|P63027|VAMP2_HUMAN	psvid_80240_sp|P63027|VAMP2_HUMAN	0.2925709638809648	-0.9750762302240308	1.5602181579859604	0.5353746990249805	0.5464788762221905	0.6018208822549509	1.0	0.8699316798791887	-12.955081937542905
sp|P00739|HPTR_HUMAN	psvid_33247_sp|P00739|HPTR_HUMAN	0.24999981966325446	-0.8332278713790013	1.3332275107055103	0.45748746320282396	0.5464626678795321	0.601831438167699	1.0	0.7359797046498531	-8.840783563314782
sp|P56937|DHB7_HUMAN	psvid_60766_sp|P56937|DHB7_HUMAN	-0.09472940100568428	-0.5064166199642413	0.31695781795287264	0.17387087035520465	-0.5448261736549629	0.6028977557265512	1.0	0.20870725482913632	-12.012178905719678
sp|P42167|LAP2B_HUMAN	psvid_45490_sp|P42167|LAP2B_HUMAN	-0.2480006204656613	-1.3265143673828876	0.830513126451565	0.45549658874745935	-0.5444620807098077	0.6031351357416169	1.0	0.7325366515140838	-14.900837035651202
sp|Q562R1|ACTBL_HUMAN	psvid_39530_sp|Q562R1|ACTBL_HUMAN	0.10470655038832533	-0.35126111809382177	0.5606742188704724	0.19257215604938446	0.5437263233500574	0.6036149897512377	1.0	0.2502435044679774	-11.048519036838204
sp|Q6PCB7|S27A1_HUMAN	psvid_55138_sp|Q6PCB7|S27A1_HUMAN	-0.29194084153949973	-1.5682566042499053	0.9843749211709059	0.5390357589237289	-0.5415982830571506	0.6050040627496805	1.0	0.8761980494167134	-15.35154044417149
sp|Q5JTJ3|COA6_HUMAN	psvid_42157_sp|Q5JTJ3|COA6_HUMAN	-0.10860507577337764	-0.5835827350798568	0.3663725835331015	0.20060078433284786	-0.5413990585060431	0.6051341961467114	1.0	0.26721291059084	-11.676551501527182
sp|Q8IY95|TM192_HUMAN	psvid_51319_sp|Q8IY95|TM192_HUMAN	-0.30409635207481545	-1.6388937828404804	1.0307010786908495	0.5637347489732978	-0.5394316256513388	0.6064201492705183	1.0	0.9184170993717164	-13.443951747404277
sp|O94956|SO2B1_HUMAN	psvid_70935_sp|O94956|SO2B1_HUMAN	0.38130717567934536	-1.2927871108968958	2.0554014622555865	0.7070324684842549	0.539306457165675	0.6065020126330745	1.0	1.1619114050502986	-15.254720303325612
sp|P30039|PBLD_HUMAN	psvid_80880_sp|P30039|PBLD_HUMAN	-0.13769507156547878	-0.7453287131303913	0.46993856999943373	0.2566263543066883	-0.5365585773038826	0.6083007228899148	1.0	0.3777045887343278	-12.493830379888365
sp|P24752|THIL_HUMAN	psvid_23119_sp|P24752|THIL_HUMAN	-0.14022761307229192	-0.7597189484801664	0.47926372233558256	0.2616343007620017	-0.5359680006172103	0.608687684131123	1.0	0.387144064109722	-10.68029107203187
sp|P48651|PTSS1_HUMAN	psvid_68246_sp|P48651|PTSS1_HUMAN	-0.18368422320228683	-0.9958189844699524	0.6284505380653788	0.34299480597074383	-0.5355306261341882	0.6089743500299105	1.0	0.535464399865695	-14.290784906010177
sp|E9PAV3|NACAM_HUMAN	psvid_33698_sp|E9PAV3|NACAM_HUMAN	0.15661872503151608	-0.5387654036860897	0.8520028537491219	0.2936866585199893	0.5332851203414679	0.6104472700470704	1.0	0.44653505488551876	-14.639717272511621
sp|P21912|SDHB_HUMAN	psvid_70441_sp|P21912|SDHB_HUMAN	0.10880904897529442	-0.3749639306239205	0.5925820285745094	0.2043153761975633	0.5325543823489879	0.6109270097914985	1.0	0.2749304265496475	-10.219218716185354
sp|P21810|PGS1_HUMAN	psvid_96543_sp|P21810|PGS1_HUMAN	-0.41170863386125855	-2.25330541909193	1.429888151369413	0.7777750222642621	-0.5293415474602032	0.613038713314991	1.0	1.2814947421966951	-13.349541861651305
sp|Q9UJS0|S2513_HUMAN	psvid_50176_sp|Q9UJS0|S2513_HUMAN	-0.07990011784529161	-0.4373045337195815	0.2775042980289983	0.15094521761947616	-0.5293318934205323	0.6130450645995831	1.0	0.1511430020424576	-10.399560683748417
sp|Q5SSJ5|HP1B3_HUMAN	psvid_34976_sp|Q5SSJ5|HP1B3_HUMAN	0.3736729715145395	-1.2996482830428975	2.0469942260719765	0.7067059882251351	0.5287530850743246	0.6134259213223163	1.0	1.1613587657965199	-15.350479373312929
sp|Q9NR31|SAR1A_HUMAN	psvid_67761_sp|Q9NR31|SAR1A_HUMAN	-0.09532470247083014	-0.5225375686149939	0.3318881636733336	0.1804279303383105	-0.5283256438850239	0.6137072605311232	1.0	0.22365402952314534	-10.970223876392058
sp|Q13765|NACA_HUMAN	psvid_44711_sp|Q13765|NACA_HUMAN	0.15509030688153524	-0.5405433790757768	0.8507239928388473	0.2937920558519272	0.5278914245377064	0.6139931326279336	1.0	0.44672787746485	-11.367438619025183
sp|Q8IY17|PLPL6_HUMAN	psvid_32489_sp|Q8IY17|PLPL6_HUMAN	-0.0794969727545265	-0.436074586378639	0.277080640869586	0.1505960281857754	-0.5278822669642984	0.6139991623724508	1.0	0.15017091742397656	-12.395056366195321
sp|Q9UL42|PNMA2_HUMAN	psvid_52452_sp|Q9UL42|PNMA2_HUMAN	-0.16937882469172827	-0.9297058601097764	0.5909482107263199	0.32111447068274546	-0.527471790142622	0.6142694710757929	1.0	0.4962871602573811	-15.018588956259812
sp|Q96A08|H2B1A_HUMAN	psvid_62088_sp|Q96A08|H2B1A_HUMAN	-0.24247210920897677	-1.3317619387153987	0.8468177202974452	0.46004773042133196	-0.5270585923484725	0.6145416366194748	1.0	0.7404058298357944	-12.381532555511022
sp|P08246|ELNE_HUMAN	psvid_49839_sp|P08246|ELNE_HUMAN	-0.3956783565154991	-2.1746071793449477	1.3832504663139498	0.7513080039447434	-0.5266526570168153	0.614809082007148	1.0	1.2367907226737964	-14.104455255649324
sp|Q99832|TCPH_HUMAN	psvid_63242_sp|Q99832|TCPH_HUMAN	0.09851887142675286	-0.34522199588770447	0.5422597387412103	0.18740832180147146	0.5256910177719725	0.615442896860652	1.0	0.23908913986191613	-12.402858874260037
sp|P11310|ACADM_HUMAN	psvid_73944_sp|P11310|ACADM_HUMAN	-0.22081297455906945	-1.2159620435523615	0.7743360944342226	0.42028857538191716	-0.5253841943203339	0.6156451979077676	1.0	0.6714433448617655	-13.063903196341705
sp|P62910|RL32_HUMAN	psvid_88642_sp|P62910|RL32_HUMAN	0.08766946396132758	-0.30847277010094465	0.4838116980235998	0.16730564333549575	0.5240078111742184	0.616553143995344	1.0	0.19320432417263195	-10.193872431200143
sp|P08238|HS90B_HUMAN	psvid_47970_sp|P08238|HS90B_HUMAN	0.10541420655482714	-0.3713365437805414	0.5821649568901957	0.2013496268186357	0.5235381272883027	0.6168631410920331	1.0	0.26877506283113617	-11.01105844644622
sp|P01889|HLAB_HUMAN	psvid_43427_sp|P01889|HLAB_HUMAN	0.14280978392865684	-0.5038827636750114	0.7895023315323251	0.2731223874001137	0.5228783524048728	0.6172987422514989	1.0	0.4086191791842727	-11.590242558028073
sp|P61586|RHOA_HUMAN	psvid_55605_sp|P61586|RHOA_HUMAN	-0.06622428193880925	-0.3675811572619864	0.23513259338436793	0.12727425041883642	-0.5203274167467274	0.6189844936903565	1.0	0.06726426503527488	-10.646393850772988
sp|P51151|RAB9A_HUMAN	psvid_74795_sp|P51151|RAB9A_HUMAN	-0.16940511385695523	-0.9407765088277572	0.6019662811138468	0.32577891572626877	-0.5200002384417521	0.6192008835874785	1.0	0.5046727087230864	-13.11881505618008
sp|Q14258|TRI25_HUMAN	psvid_69696_sp|Q14258|TRI25_HUMAN	-0.4794350220801289	-2.6637101973194395	1.7048401531591817	0.9225008898135295	-0.5197122597649092	0.6193913810924985	1.0	1.5253657554911544	-13.805587336814792
sp|Q9NRG9|AAAS_HUMAN	psvid_75281_sp|Q9NRG9|AAAS_HUMAN	0.3734704076139943	-1.3297237739757286	2.076664589203717	0.7193224397057042	0.5191974933616584	0.619731976578669	1.0	1.182709392004504	-14.832272192299133
sp|Q9H115|SNAB_HUMAN	psvid_53113_sp|Q9H115|SNAB_HUMAN	-0.10559342275248706	-0.5873090999532147	0.3761222544482406	0.20344650064802905	-0.5190230474161268	0.6198474215844372	1.0	0.2731321790206215	-12.3982588431382
sp|Q9BV40|VAMP8_HUMAN	psvid_92535_sp|Q9BV40|VAMP8_HUMAN	-0.21044287343401002	-1.1740118729896076	0.7531261261215876	0.4069511339794371	-0.517120744636243	0.6211070759624886	1.0	0.648185604881165	-12.487107584491497
sp|Q6UWP7|LCLT1_HUMAN	psvid_38708_sp|Q6UWP7|LCLT1_HUMAN	-0.14985234364119648	-0.8363889699016388	0.5366842826192458	0.28995002818060617	-0.516821276347162	0.6213055004006194	1.0	0.43968972666618494	-13.408860044319782
sp|Q96HE7|ERO1A_HUMAN	psvid_98250_sp|Q96HE7|ERO1A_HUMAN	0.07287820179285331	-0.2619624510245531	0.40771885461025975	0.14141569875048288	0.5153473230821516	0.6222826186239879	1.0	0.12285819094647635	-10.744812536280183
sp|P13797|PLST_HUMAN	psvid_31240_sp|P13797|PLST_HUMAN	0.10338646535931018	-0.3726934085107478	0.5794663392293682	0.20106629066061882	0.5141909418014624	0.6230497836603709	1.0	0.26818438440194187	-13.472980609867157
sp|Q9BYD1|RM13_HUMAN	psvid_59978_sp|Q9BYD1|RM13_HUMAN	-0.31596824176525606	-1.7723334986761576	1.1403970151456455	0.6150773769823308	-0.5137048663949363	0.6233724053403823	1.0	1.0059073843572777	-14.309607168424996
sp|P02748|CO9_HUMAN	psvid_53218_sp|P02748|CO9_HUMAN	-0.1416272007620094	-0.795110104850794	0.5118557033267752	0.27599020825468373	-0.5131602373056505	0.6237339961883055	1.0	0.4139446652852487	-11.971940335668824
sp|P05091|ALDH2_HUMAN	psvid_42594_sp|P05091|ALDH2_HUMAN	-0.07568351819156405	-0.4257498127938027	0.2743827764106746	0.14784605526128783	-0.5119075923791733	0.6245660764236245	1.0	0.14236683203452807	-10.845869862936809
sp|O43708|MAAI_HUMAN	psvid_95880_sp|O43708|MAAI_HUMAN	-0.41905396159104846	-2.3573488949558996	1.519240971773803	0.8186142574981323	-0.5119065026692435	0.6245668005291366	1.0	1.3504016965206886	-13.834277489185888
sp|P53801|PTTG_HUMAN	psvid_98651_sp|P53801|PTTG_HUMAN	0.3330938580562566	-1.2087914136196718	1.874979129732185	0.651195669499646	0.5115111688506669	0.6248295267835084	1.0	1.0672740752056546	-14.003408441186792
sp|Q9Y3I0|RTCB_HUMAN	psvid_45007_sp|Q9Y3I0|RTCB_HUMAN	-0.18931333961029662	-1.0666677060429992	0.688041026822406	0.3705394782171983	-0.5109127386942754	0.6252273358149436	1.0	0.5842897343497363	-12.142006269952056
sp|P61604|CH10_HUMAN	psvid_105309_sp|P61604|CH10_HUMAN	0.06663595408060496	-0.24349205797499335	0.3767639661362033	0.13097862866387514	0.5087544033737745	0.6266632118929614	1.0	0.08476834154474758	-10.291986705523394
sp|O00400|ACATN_HUMAN	psvid_70171_sp|O00400|ACATN_HUMAN	-0.15570542412912403	-0.8810467976865307	0.5696359494282827	0.30633872055610634	-0.5082786265035875	0.626979966232878	1.0	0.46958624743349775	-12.581916254045348
sp|Q14624|ITIH4_HUMAN	psvid_78925_sp|Q14624|ITIH4_HUMAN	-0.08651038881022055	-0.48999542357413756	0.31697464595369645	0.17040678199136525	-0.5076698697039191	0.6273853768089437	1.0	0.20060209512508842	-11.754730005086886
sp|Q9UBX3|DIC_HUMAN	psvid_92461_sp|Q9UBX3|DIC_HUMAN	-0.07386160032160838	-0.41863529588303094	0.2709120952398142	0.14561079324854984	-0.5072536085668496	0.6276626716280334	1.0	0.13580732265599987	-11.29006114992565
sp|Q4KMQ2|ANO6_HUMAN	psvid_31777_sp|Q4KMQ2|ANO6_HUMAN	0.30759112634782326	-1.1302774777149582	1.7454597304106048	0.6072655504760421	0.5065183198794978	0.6281526463248718	1.0	0.9926165653492542	-16.498846516038448
sp|P49753|ACOT2_HUMAN	psvid_28165_sp|P49753|ACOT2_HUMAN	-0.2804846856629921	-1.5930736722354053	1.032104300909421	0.5543552945154114	-0.5059655575368451	0.6285211234321503	1.0	0.902395548792971	-13.902583191871408
sp|P63096|GNAI1_HUMAN	psvid_69469_sp|P63096|GNAI1_HUMAN	-0.14285695252066288	-0.811725597916919	0.5260116928755932	0.28248818076633314	-0.505709485377834	0.6286918623315353	1.0	0.425963650705047	-11.74958660766308
sp|Q9GZM5|YIPF3_HUMAN	psvid_77443_sp|Q9GZM5|YIPF3_HUMAN	-0.1831427421825884	-1.0407607539307104	0.6744752695655336	0.36220407937890575	-0.5056341234384628	0.6287421153713566	1.0	0.569565163587758	-13.30824400599138
sp|Q14964|RB39A_HUMAN	psvid_55640_sp|Q14964|RB39A_HUMAN	0.1493962244436826	-0.5506044694453559	0.8493969183327211	0.2956364062105761	0.5053377097855485	0.6289397911705163	1.0	0.45009982617169875	-12.870965909841006
sp|Q9BPW8|NIPS1_HUMAN	psvid_60951_sp|Q9BPW8|NIPS1_HUMAN	0.14982454693678182	-0.5522104747457272	0.8518595686192908	0.2964955787273554	0.50531798005175	0.6289529499256563	1.0	0.4516691733952137	-10.623752568820155
sp|Q6P093|ADCL2_HUMAN	psvid_67034_sp|Q6P093|ADCL2_HUMAN	-0.16765881323742482	-0.9577522138610596	0.6224345873862099	0.333685917128663	-0.5024449778405803	0.6308706433226925	1.0	0.5188444680696814	-15.158456865023489
sp|Q10471|GALT2_HUMAN	psvid_29986_sp|Q10471|GALT2_HUMAN	-0.10959740070098034	-0.6263959289935349	0.40720112759157423	0.21826329741259426	-0.5021338997449616	0.6310784677713966	1.0	0.3032862270906639	-11.839480904667361
sp|P09525|ANXA4_HUMAN	psvid_68747_sp|P09525|ANXA4_HUMAN	-0.20567971711404098	-1.177973361942928	0.766613927714846	0.4106358771469435	-0.5008810202924373	0.6319158516916284	1.0	0.6546180735116576	-10.878250175235044
sp|Q8N766|EMC1_HUMAN	psvid_79495_sp|Q8N766|EMC1_HUMAN	0.13195728398891626	-0.49194655760219175	0.7558611255800243	0.2634978667295519	0.500790710857459	0.6319762340183516	1.0	0.3906440599874232	-13.80695959291094
sp|P43686|PRS6B_HUMAN	psvid_59824_sp|P43686|PRS6B_HUMAN	-0.16845458638093325	-0.9667017797948008	0.6297926070329343	0.3371295679972038	-0.49967312977522765	0.6327237159267772	1.0	0.5250005109284384	-13.244552231029532
sp|P42765|THIM_HUMAN	psvid_44529_sp|P42765|THIM_HUMAN	-0.12023469493281969	-0.6913013433614886	0.45083195349584926	0.24118274899157774	-0.49852112323762576	0.6334947054688164	1.0	0.348245436050431	-10.354097471369942
sp|P16152|CBR1_HUMAN	psvid_80495_sp|P16152|CBR1_HUMAN	-0.13670106393123982	-0.7867123548723771	0.5133102270098975	0.2745240165156131	-0.49795666574572783	0.6338726517286742	1.0	0.4112236422308017	-11.110465940162836
sp|O43747|AP1G1_HUMAN	psvid_35173_sp|O43747|AP1G1_HUMAN	0.09530875731141775	-0.3578933581126071	0.5485108727354426	0.19140415982534423	0.4979450676431835	0.6338804187512821	1.0	0.2477382729160557	-13.42534426828724
sp|Q96ER9|MITOK_HUMAN	psvid_29034_sp|Q96ER9|MITOK_HUMAN	0.16291269957648646	-0.6120806934029377	0.9379060925559106	0.3273086206021623	0.49773421572817017	0.6340216307942717	1.0	0.5074185461598517	-14.198074294564119
sp|Q9Y3E0|GOT1B_HUMAN	psvid_13656_sp|Q9Y3E0|GOT1B_HUMAN	0.16252325764276554	-0.6112134733155362	0.9362599886010673	0.32677788535148433	0.4973508457218716	0.6342784238316233	1.0	0.5064661009011958	-12.954576581453615
sp|P35908|K22E_HUMAN	psvid_22944_sp|P35908|K22E_HUMAN	0.40492702793896207	-1.5233590234588081	2.3332130793367325	0.8143871332670202	0.4972168780645447	0.6343681722481327	1.0	1.343273135934446	-14.1336700819936
sp|P62745|RHOB_HUMAN	psvid_13976_sp|P62745|RHOB_HUMAN	-0.19014704076185307	-1.0970773597289805	0.7167832782052743	0.38303050628883323	-0.4964279284284166	0.6348968440332521	1.0	0.6062825809011175	-12.785787657669623
sp|P07307|ASGR2_HUMAN	psvid_70966_sp|P07307|ASGR2_HUMAN	-0.08615143649358759	-0.4973554389868153	0.3250525659996401	0.17366679001574378	-0.4960731783306268	0.6351346351363331	1.0	0.20823405610926102	-10.606175662221487
sp|P04040|CATA_HUMAN	psvid_30671_sp|P04040|CATA_HUMAN	0.0658717381216869	-0.24971297282530847	0.38145644906868226	0.1332831961651776	0.4942238783053506	0.6363749801554944	1.0	0.09423254625363933	-10.29541401380332
sp|P20337|RAB3B_HUMAN	psvid_64166_sp|P20337|RAB3B_HUMAN	0.20085610104622242	-0.7619069730233333	1.163619175115778	0.4066107615820282	0.49397635287550656	0.6365410932396203	1.0	0.6475911345276367	-13.05858757029867
sp|Q8TEB1|DCA11_HUMAN	psvid_33833_sp|Q8TEB1|DCA11_HUMAN	-0.16879005566510674	-0.9784682426085408	0.6408881312783273	0.3419573029923252	-0.4935997979516613	0.6367938404182207	1.0	0.5336153232157291	-14.467162082867334
sp|P25789|PSA4_HUMAN	psvid_83437_sp|P25789|PSA4_HUMAN	0.18350853613555884	-0.70012811175315	1.0671451840242678	0.37319272003348636	0.4917259268055731	0.6380523717489016	1.0	0.588968327895745	-13.715710658413922
sp|Q8NE62|CHDH_HUMAN	psvid_74012_sp|Q8NE62|CHDH_HUMAN	0.17004075455777867	-0.6496767438623783	0.9897582529779356	0.346197278740517	0.491167218807714	0.6384278601517595	1.0	0.5411670158358693	-13.3530237834361
sp|Q9UGP8|SEC63_HUMAN	psvid_68821_sp|Q9UGP8|SEC63_HUMAN	-0.0794089300676859	-0.4627107692545586	0.3038929091191868	0.16188266557500577	-0.49053386775925695	0.6388536513442933	1.0	0.17989445311875074	-11.694982008520226
sp|Q9BU23|LMF2_HUMAN	psvid_49406_sp|Q9BU23|LMF2_HUMAN	-0.11319643690277337	-0.6597210918930602	0.43332821808751343	0.23081774963556717	-0.49041478431141716	0.6389337254715878	1.0	0.328124752683521	-13.568008171466712
sp|Q15771|RAB30_HUMAN	psvid_14695_sp|Q15771|RAB30_HUMAN	0.19938937530531842	-0.7653430535391934	1.1641218041498302	0.4074424935693024	0.4893681401726549	0.6396377325565652	1.0	0.649043694211382	-12.948600642018327
sp|P84243|H33_HUMAN	psvid_20396_sp|P84243|H33_HUMAN	0.14898100529056846	-0.5724801027790607	0.8704421133601976	0.3046999396892243	0.4889433369843137	0.6399235828938438	1.0	0.4666108998505323	-11.338264064928216
sp|P14314|GLU2B_HUMAN	psvid_46066_sp|P14314|GLU2B_HUMAN	-0.06180678338986656	-0.3614238246448748	0.2378102578651417	0.12653945358819538	-0.4884388357721848	0.6402631473733679	1.0	0.06329047284614583	-10.034648633043563
sp|Q96AX2|RAB37_HUMAN	psvid_103114_sp|Q96AX2|RAB37_HUMAN	0.1987376641801064	-0.7648111863135156	1.1622865146737285	0.406942624278914	0.48836777551199406	0.6403109833184756	1.0	0.6481707430253614	-13.086175649420113
sp|Q96DA2|RB39B_HUMAN	psvid_80535_sp|Q96DA2|RB39B_HUMAN	0.1440948839751779	-0.5561501304764334	0.8443398984267891	0.2957395918984088	0.4872356895138908	0.6410733220665387	1.0	0.45028835111606985	-12.84566483218464
sp|O15371|EIF3D_HUMAN	psvid_40790_sp|O15371|EIF3D_HUMAN	-0.1381133252645772	-0.8101520939046147	0.5339254433754603	0.2838270420720688	-0.48661087490566785	0.6414942671162434	1.0	0.42843224726253115	-13.220179871930974
sp|P61353|RL27_HUMAN	psvid_85833_sp|P61353|RL27_HUMAN	0.07422841101811306	-0.28736018875327224	0.43581701078949836	0.15271235456813972	0.4860668360986642	0.6418609078677784	1.0	0.15600287680729386	-10.127772731842494
sp|P05089|ARGI1_HUMAN	psvid_26504_sp|P05089|ARGI1_HUMAN	0.0725211290761516	-0.28128275995386165	0.42632501810616485	0.14942458081725696	0.48533600482268296	0.6423536013478683	1.0	0.14687968249715846	-10.169313640125573
sp|P19404|NDUV2_HUMAN	psvid_91777_sp|P19404|NDUV2_HUMAN	0.12740197257101293	-0.4949045224191916	0.7497084675612175	0.26282324767176185	0.4847439246703335	0.6427528968798822	1.0	0.38937781405151606	-11.58056495772641
sp|Q9UM00|TMCO1_HUMAN	psvid_80274_sp|Q9UM00|TMCO1_HUMAN	-0.08642835750180478	-0.5092141240128742	0.33635740900926464	0.17855820101248268	-0.4840346565530346	0.64323139025849	1.0	0.21944021173120243	-11.79852092152481
sp|Q9UNU6|CP8B1_HUMAN	psvid_58581_sp|Q9UNU6|CP8B1_HUMAN	0.06468309483735357	-0.25187990181345093	0.3812460914881581	0.1336963627123627	0.48380594299722424	0.643385726002964	1.0	0.09584684377465477	-10.254905185730431
sp|P35241|RADI_HUMAN	psvid_33157_sp|P35241|RADI_HUMAN	-0.12612984431471785	-0.7434416686388317	0.49118198000939595	0.2607138119257417	-0.4837865833922255	0.6433987907182467	1.0	0.38541279911429027	-11.211002371073965
sp|Q86UE4|LYRIC_HUMAN	psvid_79305_sp|Q86UE4|LYRIC_HUMAN	-0.11161889782202694	-0.6584516927485291	0.4352138971044752	0.2309478886256395	-0.48330772143562767	0.6437219909727085	1.0	0.3283793811924242	-12.221063891678082
sp|Q9Y6A9|SPCS1_HUMAN	psvid_93540_sp|Q9Y6A9|SPCS1_HUMAN	0.07644431091968329	-0.29829002159989493	0.4511786434392615	0.15826428790278935	0.4830168064613393	0.6439183798312642	1.0	0.17070330899542677	-12.306748835863665
sp|Q9UDY2|ZO2_HUMAN	psvid_27279_sp|Q9UDY2|ZO2_HUMAN	0.33113936567350954	-1.2931122421996077	1.9553909735466268	0.685982045911337	0.4827230794846622	0.6441166979829923	1.0	1.1262627765073367	-16.54224446377324
sp|Q9BS26|ERP44_HUMAN	psvid_54567_sp|Q9BS26|ERP44_HUMAN	-0.06359223663248237	-0.37597301964815183	0.2487885463831871	0.13193005787882467	-0.48201477096971085	0.6445950606833072	1.0	0.08877776558114411	-10.095398268569687
sp|Q96E17|RAB3C_HUMAN	psvid_53566_sp|Q96E17|RAB3C_HUMAN	0.14280886307855933	-0.5596850864001158	0.8453028125572345	0.2966894010557518	0.48134130363397676	0.6450500607525361	1.0	0.4520230801404381	-12.935852105691238
sp|Q86UB9|TM135_HUMAN	psvid_63078_sp|Q86UB9|TM135_HUMAN	0.22850977109714332	-0.8982812504656597	1.3553007926599463	0.4758858827902474	0.4801776630929433	0.645836610606889	1.0	0.7677471581695703	-15.402798422030674
sp|Q06210|GFPT1_HUMAN	psvid_43085_sp|Q06210|GFPT1_HUMAN	-0.21241038942600987	-1.2636496309898364	0.8388288521378167	0.44397754767472525	-0.47842597117462743	0.6470215647680665	1.0	0.7125925825220907	-14.938290167623363
sp|O43707|ACTN4_HUMAN	psvid_33314_sp|O43707|ACTN4_HUMAN	-0.10889366295959135	-0.6484758254710454	0.4306884995518627	0.22788567607549234	-0.47784338548561445	0.6474159061601161	1.0	0.3223733168251748	-11.078088006746093
sp|P16615|AT2A2_HUMAN	psvid_52318_sp|P16615|AT2A2_HUMAN	-0.07938581733048267	-0.472791191648206	0.31401955698724066	0.1661497653681675	-0.47779674653511206	0.6474474804542207	1.0	0.19040939330125986	-10.607859670648391
sp|Q9NR28|DBLOH_HUMAN	psvid_52770_sp|Q9NR28|DBLOH_HUMAN	-0.23412306593412113	-1.3975589385032825	0.9293128066350402	0.49136237038835695	-0.4764774025106518	0.6483409911679667	1.0	0.7944036412478513	-13.401378614472765
sp|Q9H4M9|EHD1_HUMAN	psvid_71606_sp|Q9H4M9|EHD1_HUMAN	-0.26545736853690816	-1.587312534928064	1.0563977978542476	0.5582687479231423	-0.4755010369547931	0.6490026243972636	1.0	0.9090819297429295	-13.363105096958545
sp|P02749|APOH_HUMAN	psvid_47424_sp|P02749|APOH_HUMAN	-0.08535277970889199	-0.5112758711288492	0.3405703117110652	0.17988321035786703	-0.47448997346160143	0.649688129370715	1.0	0.22243011904564614	-10.956936337026626
sp|P26639|SYTC_HUMAN	psvid_65251_sp|P26639|SYTC_HUMAN	-0.16890114316481863	-1.0119539826995143	0.6741516963698769	0.3560526638065976	-0.4743712386787904	0.6497686559377449	1.0	0.5586715998149036	-16.65401264391722
sp|P43307|SSRA_HUMAN	psvid_71261_sp|P43307|SSRA_HUMAN	-0.09303957934599172	-0.5592319421720771	0.3731527834800937	0.1968904258980179	-0.4725449646504541	0.6510078773579712	1.0	0.25942271050832577	-11.880712223419255
sp|Q6IS14|IF5AL_HUMAN	psvid_75228_sp|Q6IS14|IF5AL_HUMAN	0.16846618545269232	-0.6759599995369261	1.0128923704423107	0.35663267882418753	0.47238011392596646	0.6511197954977684	1.0	0.5596997734679967	-9.80291292244588
sp|P30085|KCY_HUMAN	psvid_62755_sp|P30085|KCY_HUMAN	0.10758138372044934	-0.43219720873381606	0.6473599761747147	0.22796863576806387	0.47191309171978835	0.6514369120937075	1.0	0.32253643776038493	-11.425690408901964
sp|Q9H3N1|TMX1_HUMAN	psvid_69914_sp|Q9H3N1|TMX1_HUMAN	0.0759766563141775	-0.3061993864493296	0.4581526990776846	0.1614071997481372	0.47071417156566053	0.6522513553300842	1.0	0.1787020563558987	-11.74009950106528
sp|Q92954|PRG4_HUMAN	psvid_159274_sp|Q92954|PRG4_HUMAN	-0.1579232952549825	-0.9523100763638879	0.6364634858539229	0.3354991718700379	-0.47071143089484924	0.6522532176903048	1.0	0.5220871051374336	-14.493893837088496
sp|P62750|RL23A_HUMAN	psvid_46391_sp|P62750|RL23A_HUMAN	0.09600566196551563	-0.3870987032825501	0.5791100272135814	0.2040329954147438	0.4705398838573248	0.6523697938594636	1.0	0.2743464571487751	-10.088453775637982
sp|P26599|PTBP1_HUMAN	psvid_71919_sp|P26599|PTBP1_HUMAN	0.12230073458373392	-0.4946990429886191	0.7393005121560869	0.2605820229417227	0.46933680690277546	0.6531876474395628	1.0	0.3851647929722314	-12.316726688065621
sp|Q01581|HMCS1_HUMAN	psvid_72414_sp|Q01581|HMCS1_HUMAN	0.1859939544433229	-0.7548333493702348	1.1268212582568806	0.39734646749981106	0.4680901169541952	0.6540356895218039	1.0	0.6313918452898487	-15.606869434231161
sp|P06899|H2B1J_HUMAN	psvid_12952_sp|P06899|H2B1J_HUMAN	-0.17943902232343145	-1.0875009541579828	0.7286229095111197	0.3835084286170072	-0.46788807998436255	0.6541731738461617	1.0	0.6071224298892904	-10.805195219967938
sp|P23527|H2B1O_HUMAN	psvid_69354_sp|P23527|H2B1O_HUMAN	-0.17943902232343145	-1.0875009541579828	0.7286229095111197	0.3835084286170072	-0.46788807998436255	0.6541731738461617	1.0	0.6071224298892904	-10.805195219967938
sp|P33778|H2B1B_HUMAN	psvid_12947_sp|P33778|H2B1B_HUMAN	-0.17943902232343145	-1.0875009541579828	0.7286229095111197	0.3835084286170072	-0.46788807998436255	0.6541731738461617	1.0	0.6071224298892904	-10.805195219967938
sp|Q16778|H2B2E_HUMAN	psvid_12940_sp|Q16778|H2B2E_HUMAN	-0.17943902232343145	-1.0875009541579828	0.7286229095111197	0.3835084286170072	-0.46788807998436255	0.6541731738461617	1.0	0.6071224298892904	-10.805195219967938
sp|Q6NT55|CP4FN_HUMAN	psvid_87073_sp|Q6NT55|CP4FN_HUMAN	-0.1835371223036355	-1.1155243109317445	0.7484500663244736	0.3936129570808516	-0.466288314451842	0.6552623082906971	1.0	0.6248528234380647	-13.410046511428106
sp|P14649|MYL6B_HUMAN	psvid_65574_sp|P14649|MYL6B_HUMAN	-0.130264203395134	-0.791942657340345	0.531414250550077	0.27945149469000485	-0.46614244643649483	0.6553616613966753	1.0	0.4203548344176839	-13.649428793606376
sp|Q06323|PSME1_HUMAN	psvid_86392_sp|Q06323|PSME1_HUMAN	-0.1092326045410803	-0.66425710114057	0.4457918920584094	0.2344075498295398	-0.4659943957458444	0.6554625088208638	1.0	0.33512912544216883	-11.932354998990682
sp|P22033|MUTA_HUMAN	psvid_41173_sp|P22033|MUTA_HUMAN	-0.2579854492239484	-1.5708247714929555	1.0548538730450587	0.554461020618733	-0.46529050669072786	0.6559420812077518	1.0	0.9025762191353982	-13.657465358345217
sp|Q9H4B7|TBB1_HUMAN	psvid_55472_sp|Q9H4B7|TBB1_HUMAN	0.09927026613247092	-0.40599807394684595	0.6045386062117878	0.21339366880214966	0.4651978040853239	0.6560052541653781	1.0	0.2934881724397316	-11.672608998870857
sp|P20020|AT2B1_HUMAN	psvid_31615_sp|P20020|AT2B1_HUMAN	-0.18563719814423418	-1.1313379303360487	0.7600635340475803	0.39940469810479506	-0.4647847134124773	0.6562867949550739	1.0	0.6349940312429107	-15.92406555079802
sp|Q9Y383|LC7L2_HUMAN	psvid_40810_sp|Q9Y383|LC7L2_HUMAN	-0.1965815301830296	-1.1988991925689536	0.8057361322028944	0.4233161397924726	-0.46438468015748735	0.6565594936569841	1.0	0.6767133068003696	-13.70098770756472
sp|Q9UNM6|PSD13_HUMAN	psvid_82089_sp|Q9UNM6|PSD13_HUMAN	-0.14538359815072477	-0.8876000715131228	0.5968328752116733	0.3134657047210438	-0.46379427146616586	0.6569620720900464	1.0	0.4824925845472151	-14.327159009060063
sp|P07477|TRY1_HUMAN	psvid_32095_sp|P07477|TRY1_HUMAN	0.22556984682868997	-0.9273547094025492	1.378494403059929	0.48692304937937175	0.4632556358056976	0.6573294550646572	1.0	0.7867631745443214	-13.680080490505855
sp|Q8NI22|MCFD2_HUMAN	psvid_66567_sp|Q8NI22|MCFD2_HUMAN	-0.08435389284359207	-0.5164780254885508	0.3477702398013666	0.18250214139397491	-0.4622076880812803	0.6580445119164299	1.0	0.22828752846737735	-10.071498940282858
sp|Q9BWH2|FUND2_HUMAN	psvid_48363_sp|Q9BWH2|FUND2_HUMAN	0.250697859921869	-1.0359422225590227	1.5373379424027607	0.5433961043064709	0.4613538042232218	0.6586274354721535	1.0	0.8836584072837442	-13.635601597751094
sp|P52895|AK1C2_HUMAN	psvid_92432_sp|P52895|AK1C2_HUMAN	0.1675997893588641	-0.6926728714562729	1.027872450174001	0.36332523671028255	0.4612941035321173	0.6586682010673892	1.0	0.5715480974160061	-10.649907156930427
sp|O00483|CXFA4_HUMAN	psvid_106504_sp|O00483|CXFA4_HUMAN	0.08883143137723559	-0.3677845113277535	0.5454473740822248	0.19284594643724134	0.4606341643076453	0.6591189122607636	1.0	0.25082932541858477	-10.345672090961422
sp|P04792|HSPB1_HUMAN	psvid_56555_sp|P04792|HSPB1_HUMAN	0.06038268117438372	-0.2505017532650377	0.37126711561380515	0.13129809405452822	0.45989000532868923	0.6596273245087272	1.0	0.08613215723099894	-10.216297588640902
sp|P49411|EFTU_HUMAN	psvid_1211290_sp|P49411|EFTU_HUMAN	-0.19544710072516613	-1.2041923261352385	0.8132981246849063	0.4260307394346444	-0.4587629075416725	0.6603977298016472	1.0	0.6814356649481971	-11.638832155733697
sp|Q8N3C0|ASCC3_HUMAN	psvid_39422_sp|Q8N3C0|ASCC3_HUMAN	-0.1742798115287263	-1.0740920213166838	0.7255323982592313	0.38002426324491156	-0.45860180094977093	0.6605078871646071	1.0	0.6009970651807887	-15.836565413926799
sp|P57772|SELB_HUMAN	psvid_68267_sp|P57772|SELB_HUMAN	-0.1294202432566789	-0.7979947771064289	0.5391542905930711	0.28236396648855716	-0.45834546406941645	0.6606831772952665	1.0	0.42573449216333514	-12.890654977633954
sp|Q07021|C1QBP_HUMAN	psvid_58524_sp|Q07021|C1QBP_HUMAN	0.22726932210947215	-0.9479181630365066	1.4024568072554509	0.49632551476766806	0.4579037654670198	0.6609852764571471	1.0	0.8029404119071838	-13.370607388474326
sp|P38606|VATA_HUMAN	psvid_24762_sp|P38606|VATA_HUMAN	0.08074533395420547	-0.33696130268105956	0.4984519705894705	0.17641309499149121	0.4577060107590085	0.6611205525137835	1.0	0.21455967222926806	-13.000810240141352
sp|A4FU28|CTGE9_HUMAN	psvid_29634_sp|A4FU28|CTGE9_HUMAN	-0.12177790461004445	-0.7522777992776382	0.5087219900575493	0.2662836260062642	-0.4573240436765709	0.6613818793492185	1.0	0.3958638462847052	-14.886306968742899
sp|Q86YB8|ERO1B_HUMAN	psvid_56247_sp|Q86YB8|ERO1B_HUMAN	-0.2870852457158386	-1.7751199673835658	1.2009494759518886	0.6284525733629284	-0.456812905036906	0.6617316595796132	1.0	1.0286480067278658	-14.381279631301595
sp|Q9NSD9|SYFB_HUMAN	psvid_48416_sp|Q9NSD9|SYFB_HUMAN	-0.225332102285825	-1.3957558936978527	0.9450916891262027	0.4943136291965713	-0.4558484512192527	0.6623918975214583	1.0	0.799480559377833	-12.739056369464915
sp|Q5JWF2|GNAS1_HUMAN	psvid_26879_sp|Q5JWF2|GNAS1_HUMAN	-0.13977218610230802	-0.8662862939794512	0.5867419217748352	0.30683401000760746	-0.45553029176538345	0.6626097712859595	1.0	0.47048490995592807	-13.510547582796946
sp|Q86TM6|SYVN1_HUMAN	psvid_81971_sp|Q86TM6|SYVN1_HUMAN	-0.13583498247647974	-0.8420043939896869	0.5703344290367274	0.2982416857842362	-0.4554527048064969	0.6626629077093792	1.0	0.45485580377005447	-13.6065921371975
sp|O43504|LTOR5_HUMAN	psvid_22230_sp|O43504|LTOR5_HUMAN	-0.1219843293503935	-0.7562252328688384	0.5122565741680514	0.2678635936004719	-0.45539719567989323	0.6627009251261368	1.0	0.39881798792034046	-11.96195652882751
sp|O95210|STBD1_HUMAN	psvid_76062_sp|O95210|STBD1_HUMAN	-0.12429986119892078	-0.7709116426626414	0.5223119202647999	0.27308827684627274	-0.4551636658826327	0.6628608780761311	1.0	0.4085557558081581	-10.565017019958688
sp|P11712|CP2C9_HUMAN	psvid_41130_sp|P11712|CP2C9_HUMAN	0.1037593597916393	-0.43627620118048194	0.6437949207637605	0.22807716315923846	0.4549309468532665	0.6630202944892727	1.0	0.322749796712477	-8.225182248327144
sp|Q96FZ7|CHMP6_HUMAN	psvid_72328_sp|Q96FZ7|CHMP6_HUMAN	-0.15534188421033734	-0.9651980577950707	0.654514289374396	0.3420324733906499	-0.45417291133323107	0.663539691406743	1.0	0.5337493214563868	-13.216226219231658
sp|P63092|GNAS2_HUMAN	psvid_49941_sp|P63092|GNAS2_HUMAN	-0.13917044306775495	-0.8648768037733193	0.5865359176378094	0.30649286824443916	-0.4540740013459676	0.6636074780111761	1.0	0.4698659644669572	-12.113233213278168
sp|P63267|ACTH_HUMAN	psvid_9912_sp|P63267|ACTH_HUMAN	0.059325989149003444	-0.2505816212058564	0.3692335995038633	0.13088554480367634	0.4532661665426103	0.6641612430900721	1.0	0.08436744676046173	-10.090181852374627
sp|Q6NVY1|HIBCH_HUMAN	psvid_45339_sp|Q6NVY1|HIBCH_HUMAN	-0.30630897339399654	-1.9124868551595244	1.2998689083715314	0.6783488371446483	-0.4515508196097644	0.665337848166935	1.0	1.113327559678586	-13.443649818670643
sp|Q9P246|STIM2_HUMAN	psvid_48055_sp|Q9P246|STIM2_HUMAN	-0.21192170474734429	-1.3239998339777161	0.9001564244830276	0.46967207950105727	-0.4512120562339436	0.6655703354557152	1.0	0.7570281337981525	-16.032077377976165
sp|P09210|GSTA2_HUMAN	psvid_63673_sp|P09210|GSTA2_HUMAN	-0.05946589287572124	-0.37227825465703906	0.2533464689055966	0.13211232969139133	-0.4501161474832136	0.6663227086022872	1.0	0.08952859585154277	-9.99551578840563
sp|Q15181|IPYR_HUMAN	psvid_85198_sp|Q15181|IPYR_HUMAN	0.16142463168245236	-0.6898666902741172	1.012715953639022	0.35953208226588546	0.4489853330058976	0.6670994780550522	1.0	0.5648362307497455	-14.6660998917436
sp|P14174|MIF_HUMAN	psvid_27448_sp|P14174|MIF_HUMAN	0.0790723477064641	-0.3385103785213379	0.4966550739342661	0.17636076300400283	0.4483556680046196	0.6675321922934191	1.0	0.21443996451272046	-13.233414382241827
sp|Q99518|FMO2_HUMAN	psvid_659551_sp|Q99518|FMO2_HUMAN	-0.16776298339530982	-1.0573979332849555	0.7218719664943358	0.37572602673218475	-0.4465034931287586	0.6688058185797804	1.0	0.5934318064303306	-15.720920507830044
sp|Q9NX63|MIC19_HUMAN	psvid_33740_sp|Q9NX63|MIC19_HUMAN	0.19686433100362244	-0.8496109004645394	1.2433395624717842	0.44196552849227494	0.4454291529821503	0.6695451131141886	1.0	0.7091048255849219	-11.642768811989065
sp|Q16891|MIC60_HUMAN	psvid_51004_sp|Q16891|MIC60_HUMAN	-0.10497091287009708	-0.6635287259118262	0.45358690017163206	0.23589980117172776	-0.44498092982147747	0.6698536689923645	1.0	0.33802928516155073	-11.565961915211311
sp|Q9UBF2|COPG2_HUMAN	psvid_52123_sp|Q9UBF2|COPG2_HUMAN	0.4442869617084342	-1.9211432390691385	2.809717162486007	0.9990094149973723	0.4447275021022728	0.6700281583949345	1.0	1.6539917172240235	-16.003123595967253
sp|A0A075B767|PAL4H_HUMAN	psvid_744_sp|A0A075B767|PAL4H_HUMAN	-0.17067545345083923	-1.0811707440501452	0.7398198371484669	0.3845361267986138	-0.4438476427995646	0.6706341266016789	1.0	0.608928006260271	-13.86917233795629
sp|A0A0B4J2A2|PAL4C_HUMAN	psvid_85826_sp|A0A0B4J2A2|PAL4C_HUMAN	-0.17067545345083923	-1.0811707440501452	0.7398198371484669	0.3845361267986138	-0.4438476427995646	0.6706341266016789	1.0	0.608928006260271	-13.86917233795629
sp|F5H284|PAL4D_HUMAN	psvid_85420_sp|F5H284|PAL4D_HUMAN	-0.17067545345083923	-1.0811707440501452	0.7398198371484669	0.3845361267986138	-0.4438476427995646	0.6706341266016789	1.0	0.608928006260271	-13.86917233795629
sp|P0DN26|PAL4F_HUMAN,sp|A0A075B759|PAL4E_HUMAN	psvid_790_sp|P0DN26|PAL4F_HUMAN	-0.17067545345083923	-1.0811707440501452	0.7398198371484669	0.3845361267986138	-0.4438476427995646	0.6706341266016789	1.0	0.608928006260271	-13.86917233795629
sp|P0DN37|PAL4G_HUMAN	psvid_89600_sp|P0DN37|PAL4G_HUMAN	-0.17067545345083923	-1.0811707440501452	0.7398198371484669	0.3845361267986138	-0.4438476427995646	0.6706341266016789	1.0	0.608928006260271	-13.86917233795629
sp|P09669|COX6C_HUMAN	psvid_73958_sp|P09669|COX6C_HUMAN	0.054607556726105955	-0.23768007895646803	0.34689519240867994	0.12344397219509019	0.44236713834681585	0.6716543593544679	1.0	0.0430479495509004	-9.993086620330821
sp|P62258|1433E_HUMAN	psvid_54150_sp|P62258|1433E_HUMAN	-0.07493134403148849	-0.47628753763638804	0.32642484957341106	0.16950769295454088	-0.44205276306594427	0.6718710947752347	1.0	0.1984718260622061	-11.416375956586574
sp|P36871|PGM1_HUMAN	psvid_86725_sp|P36871|PGM1_HUMAN	0.06000196262903712	-0.26141004784203486	0.3814139731001091	0.1357442821387348	0.44202202614849945	0.6718922871036724	1.0	0.10354495413814768	-11.123969450724617
sp|P21953|ODBB_HUMAN	psvid_91037_sp|P21953|ODBB_HUMAN	-0.11230230429592991	-0.7145053453244425	0.4899007367325827	0.2543328091142874	-0.4415564971228921	0.6722132967685903	1.0	0.37336419397759085	-13.069037034793286
sp|Q01814|AT2B2_HUMAN	psvid_60887_sp|Q01814|AT2B2_HUMAN	-0.17075890801042437	-1.0883335448365505	0.7468157288157018	0.38752599880172534	-0.44063858563923564	0.6728464658315881	1.0	0.6141779687982328	-17.040351449816924
sp|Q13825|AUHM_HUMAN	psvid_24138_sp|Q13825|AUHM_HUMAN	-0.1687341667412512	-1.075430112225336	0.7379617787428338	0.38293152162375704	-0.44063796583201664	0.6728468934667131	1.0	0.6061086215298017	-14.62326109313878
sp|P67936|TPM4_HUMAN	psvid_50416_sp|P67936|TPM4_HUMAN	0.20563428588077537	-0.9025209474745444	1.313789519236095	0.4680152942313236	0.4393751409737852	0.6737184473974653	1.0	0.7541684449708467	-13.200042167748698
sp|Q9UHG3|PCYOX_HUMAN	psvid_79974_sp|Q9UHG3|PCYOX_HUMAN	0.05679855466002026	-0.24968562918982512	0.36328273850986564	0.1294397040813685	0.43880318688240744	0.6741133656660306	1.0	0.0779156774187031	-10.37005917684594
sp|P49458|SRP09_HUMAN	psvid_28702_sp|P49458|SRP09_HUMAN	0.12406366596132878	-0.5457747273520337	0.7939020592746913	0.28289774148769575	0.4385459753369037	0.6742909989987964	1.0	0.4267190755642949	-12.4370657593633
sp|Q8TC12|RDH11_HUMAN	psvid_54668_sp|Q8TC12|RDH11_HUMAN	0.0698787369396574	-0.30743187454413573	0.44718934842345054	0.15935234661619563	0.43851715034960986	0.674310907265574	1.0	0.17349624328056276	-10.44967757054015
sp|Q5TCH4|CP4AM_HUMAN	psvid_42584_sp|Q5TCH4|CP4AM_HUMAN	-0.064594483340767	-0.4135425587036967	0.2843535920221627	0.14737378956190952	-0.43830374134222716	0.6744583090506463	1.0	0.14099815426610243	-10.09706034201291
sp|Q8TF72|SHRM3_HUMAN	psvid_27335_sp|Q8TF72|SHRM3_HUMAN	-0.1672928968671492	-1.0716357120264983	0.7370499182921998	0.38193770690525286	-0.4380109474465937	0.6746605670175364	1.0	0.6043617784765987	-17.869821949371335
sp|P06733|ENOA_HUMAN	psvid_41467_sp|P06733|ENOA_HUMAN	-0.06233499622766869	-0.39936133253908024	0.27469134008374285	0.14233879442584782	-0.437933990372122	0.6747137326910359	1.0	0.12578855868685823	-10.80067293436265
sp|Q9BRR6|ADPGK_HUMAN	psvid_53027_sp|Q9BRR6|ADPGK_HUMAN	0.07538746480574732	-0.3322666831359241	0.48304161274741875	0.17216755401304534	0.43787265979300094	0.6747561042530019	1.0	0.2047416149106015	-13.466796365718693
sp|O43678|NDUA2_HUMAN	psvid_69235_sp|O43678|NDUA2_HUMAN	-0.06819174203106648	-0.437110881591561	0.300727397529428	0.15580831498325812	-0.4376643315755889	0.6749000417821449	1.0	0.16429826334094966	-11.053869479545572
sp|P05387|RLA2_HUMAN	psvid_48097_sp|P05387|RLA2_HUMAN	0.08048200568815633	-0.3553401612260071	0.5163041726023198	0.18406395921920773	0.43725021470557257	0.6751862055908141	1.0	0.2317493563258399	-8.13306161067144
sp|P54646|AAPK2_HUMAN	psvid_84922_sp|P54646|AAPK2_HUMAN	-0.1457545659647037	-0.9360518032097905	0.6445426712803831	0.333772004937927	-0.43668900868966015	0.6755741032678056	1.0	0.5189984782246264	-15.196602936234033
sp|Q13488|VPP3_HUMAN	psvid_83110_sp|Q13488|VPP3_HUMAN	0.1839732532619447	-0.8139830057739297	1.181929512297819	0.42147415645774206	0.4364994874374706	0.6757051215948902	1.0	0.6735074414062757	-16.78065435580104
sp|O43920|NDUS5_HUMAN	psvid_83035_sp|O43920|NDUS5_HUMAN	-0.20929041485718036	-1.3449352115417188	0.9263543818273581	0.47962516230987795	-0.43636245823558617	0.6757998590514094	1.0	0.7741928806675926	-12.08251204500888
sp|Q14568|HS902_HUMAN	psvid_68314_sp|Q14568|HS902_HUMAN	-0.19657778933507197	-1.26478694109885	0.871631362428706	0.45114457380630946	-0.43573125057571677	0.6762363365586803	1.0	0.7250062190074567	-12.741996648911204
sp|P60763|RAC3_HUMAN	psvid_79269_sp|P60763|RAC3_HUMAN	0.12993168803616895	-0.5761389227873597	0.8360022988596976	0.29819995856727394	0.4357200070061591	0.6762441126531495	1.0	0.4547796948734143	-12.528104398166933
sp|Q92504|S39A7_HUMAN	psvid_83497_sp|Q92504|S39A7_HUMAN	-0.12043210730735066	-0.7757356031102132	0.5348713884955119	0.27675911205181636	-0.43515137194399833	0.6766374380738334	1.0	0.41537026036790553	-13.497131277281131
sp|P30044|PRDX5_HUMAN	psvid_79006_sp|P30044|PRDX5_HUMAN	-0.09837782994851851	-0.6337014418240691	0.43694578192703204	0.22608713127881555	-0.435132373046022	0.6766505815015941	1.0	0.31883114182977124	-12.018056472968343
sp|P08571|CD14_HUMAN	psvid_103710_sp|P08571|CD14_HUMAN	0.09407392318788199	-0.418197699407168	0.606345545782932	0.2163514162625499	0.4348200017037099	0.6768666971788736	1.0	0.29945134069765755	-11.529669632464579
sp|P49748|ACADV_HUMAN	psvid_55352_sp|P49748|ACADV_HUMAN	-0.15341088966944927	-0.9898141524320697	0.6829923730931712	0.3532442994765628	-0.4342911970462749	0.67723262782876	1.0	0.5536902054161231	-11.38122512686756
sp|P54136|SYRC_HUMAN	psvid_72059_sp|P54136|SYRC_HUMAN	-0.22101557361188462	-1.4268374703003046	0.9848063230765354	0.5092635695636806	-0.4339905440344832	0.677440720217435	1.0	0.8251694806558533	-14.181809122661694
sp|P01024|CO3_HUMAN	psvid_39326_sp|P01024|CO3_HUMAN	-0.05465262881977839	-0.3528490222394928	0.24354376459993604	0.12593946101078277	-0.43395952611786315	0.677462190515607	1.0	0.05986895526309963	-10.035545280302276
sp|Q16720|AT2B3_HUMAN	psvid_57122_sp|Q16720|AT2B3_HUMAN	-0.16826581152620523	-1.0897010202470985	0.7531693971946879	0.3891564623296192	-0.4323860138899158	0.678551782192699	1.0	0.6170390844419504	-17.013502839613203
sp|P61225|RAP2B_HUMAN	psvid_73533_sp|P61225|RAP2B_HUMAN	0.2644064668359527	-1.18413714907968	1.7129500827515853	0.6117740062075624	0.4321963080370646	0.6786832014354303	1.0	1.0002879641674252	-14.057981146274296
sp|Q9NUI1|DECR2_HUMAN	psvid_23299_sp|Q9NUI1|DECR2_HUMAN	0.1616408489978718	-0.7253048502578116	1.0485865482535552	0.37459025586829164	0.4315137579411723	0.6791561391134402	1.0	0.5914311042886924	-12.382307656747654
sp|O95249|GOSR1_HUMAN	psvid_77819_sp|O95249|GOSR1_HUMAN	0.12477180681857236	-0.5604398297264175	0.8099834433635622	0.2893904355956816	0.4311538719714144	0.6794055659241119	1.0	0.43866300599817826	-13.193834905324014
sp|Q8NFW8|NEUA_HUMAN	psvid_73389_sp|Q8NFW8|NEUA_HUMAN	0.14278303878818566	-0.6420115478723865	0.9275776254487578	0.33144803032241565	0.430785600533796	0.6796608491035642	1.0	0.5148387978477995	-13.871348733588079
sp|Q9NZ08|ERAP1_HUMAN	psvid_56529_sp|Q9NZ08|ERAP1_HUMAN	-0.1522674334767813	-0.9904432993385678	0.6859084323850052	0.35399293589142644	-0.4301425764142463	0.6801066970777184	1.0	0.5550186211426863	-11.936100125050762
sp|Q99643|C560_HUMAN	psvid_84921_sp|Q99643|C560_HUMAN	0.13166821218426472	-0.5932510646778351	0.8565874890463645	0.3061604533755688	0.43006276850115116	0.6801620423770812	1.0	0.4692627308015123	-12.389172864843605
sp|Q06520|ST2A1_HUMAN	psvid_86138_sp|Q06520|ST2A1_HUMAN	0.05720993637250693	-0.2585689431996125	0.37298881594462635	0.13336520081893244	0.4289719958520502	0.6809186848869033	1.0	0.09455474227633134	-11.042740682567274
sp|Q68CJ9|CR3L3_HUMAN	psvid_92174_sp|Q68CJ9|CR3L3_HUMAN	-0.19051821752100606	-1.242201054810009	0.861164619767997	0.44416489469758735	-0.42893578442465985	0.68094381064688	1.0	0.7129172768057274	-13.830522638365519
sp|Q9UKY3|CES1P_HUMAN	psvid_103296_sp|Q9UKY3|CES1P_HUMAN	0.10823983478721311	-0.4920020292960493	0.7084816988704755	0.25350453092956793	0.4269739652790891	0.6823056931098606	1.0	0.37179394741965754	-7.354459445178515
sp|Q10567|AP1B1_HUMAN	psvid_880481_sp|Q10567|AP1B1_HUMAN	0.09376791033240073	-0.42837612822209437	0.6159119488868958	0.22052090580784015	0.4252109793803822	0.6835306321319822	1.0	0.30779559508439364	-11.835466632526671
sp|P51649|SSDH_HUMAN	psvid_75558_sp|P51649|SSDH_HUMAN	-0.1924360269597818	-1.2658059950236946	0.880933941104131	0.4533241790515675	-0.42449980797933873	0.6840250507078782	1.0	0.7287783503375963	-14.029616591959746
sp|Q04446|GLGB_HUMAN	psvid_57833_sp|Q04446|GLGB_HUMAN	0.12927732299962535	-0.5918441386047124	0.8503987846039631	0.3045564943165876	0.42447731508637965	0.6840406908699154	1.0	0.4663503213850667	-14.76768870888844
sp|O75477|ERLN1_HUMAN	psvid_546200_sp|O75477|ERLN1_HUMAN	-0.09464099105406643	-0.6236484882822061	0.43436650617407324	0.2234196004436668	-0.42360200656579944	0.6846494553372169	1.0	0.31355668680726156	-10.745195184477495
sp|Q9Y320|TMX2_HUMAN	psvid_45912_sp|Q9Y320|TMX2_HUMAN	-0.11429773726080183	-0.7546352848432261	0.5260398103216224	0.27043843382099547	-0.4226386599193814	0.6853197400245586	1.0	0.40362282579070835	-12.182331994145622
sp|O15127|SCAM2_HUMAN	psvid_107322_sp|O15127|SCAM2_HUMAN	-0.19602867389518286	-1.295766306896641	0.9037089591062752	0.46446022758745104	-0.4220569647339148	0.6857246237723517	1.0	0.7480297876918415	-13.222070489067168
sp|P02787|TRFE_HUMAN	psvid_26242_sp|P02787|TRFE_HUMAN	-0.052974952377036644	-0.3504382166095653	0.24448831185549202	0.12562983320601084	-0.4216749399815491	0.6859905890197711	1.0	0.058031152799330264	-10.007369622647452
sp|Q16775|GLO2_HUMAN	psvid_40943_sp|Q16775|GLO2_HUMAN	-0.1035210629564669	-0.6855354096435062	0.4784932837305724	0.24580637036458086	-0.4211488205245621	0.6863569510731198	1.0	0.3571251630616761	-13.833715669599233
sp|O15258|RER1_HUMAN	psvid_109627_sp|O15258|RER1_HUMAN	-0.08743691093960715	-0.5792342244506116	0.40436040257139727	0.20770435175233773	-0.4209681222464952	0.6864828007916397	1.0	0.2819059102305682	-11.780898008001767
sp|Q03591|FHR1_HUMAN	psvid_25507_sp|Q03591|FHR1_HUMAN	-0.10090157478806683	-0.6689880921573277	0.46718494258119403	0.23992412847286781	-0.42055617928180755	0.6867697438610117	1.0	0.34581853359816545	-12.16446609021912
sp|P21399|ACOHC_HUMAN	psvid_57639_sp|P21399|ACOHC_HUMAN	-0.07421844534893518	-0.49268432856971084	0.3442474378718405	0.1767337531478724	-0.4199449399280109	0.6871956110367462	1.0	0.21529248657251204	-12.916308942551314
sp|Q9HB55|CP343_HUMAN	psvid_64115_sp|Q9HB55|CP343_HUMAN	0.10096149950418098	-0.46854554252724145	0.6704685415356034	0.24052406902967177	0.4197563258907202	0.6873270482246994	1.0	0.3469758866376199	-11.692791159118983
sp|Q10713|MPPA_HUMAN	psvid_44538_sp|Q10713|MPPA_HUMAN	-0.16640483129155337	-1.1051554090101572	0.7723457464270505	0.39646938859866754	-0.4197167198196966	0.6873546495043589	1.0	0.6298562620855583	-16.193472879691186
sp|Q99613|EIF3C_HUMAN	psvid_30062_sp|Q99613|EIF3C_HUMAN	0.0926083689823547	-0.43022106154340845	0.6154377995081178	0.22081037240551665	0.41940225893138794	0.687573813941002	1.0	0.30837233435240385	-12.672239599541737
sp|Q15043|S39AE_HUMAN	psvid_53000_sp|Q15043|S39AE_HUMAN	-0.07768084807506703	-0.5167414057199428	0.3613797095698087	0.1854316524313593	-0.4189190305782446	0.6879106642024264	1.0	0.2347627130008574	-12.419176865745914
sp|Q96IU4|ABHEB_HUMAN	psvid_101848_sp|Q96IU4|ABHEB_HUMAN	-0.19848627801185525	-1.3224374226240538	0.9254648666003433	0.4746864968137957	-0.4181418248552266	0.6884526006505681	1.0	0.7656789380658516	-12.5638666690251
sp|P62820|RAB1A_HUMAN	psvid_85852_sp|P62820|RAB1A_HUMAN	0.07474006799896671	-0.34950212715406376	0.4989822631519972	0.17917330515933622	0.4171384120670289	0.6891525592659467	1.0	0.22083048927639667	-10.124928643326605
sp|O75874|IDHC_HUMAN	psvid_25224_sp|O75874|IDHC_HUMAN	-0.07974395918898969	-0.5324500777740945	0.3729621593961151	0.19119468185735042	-0.41708251722444	0.6891915598951258	1.0	0.2472879030891847	-10.829235181515182
sp|Q9H254|SPTN4_HUMAN	psvid_35000_sp|Q9H254|SPTN4_HUMAN	-0.06483770577565373	-0.43333036607310105	0.3036549545217936	0.15562819688087437	-0.4166192699982495	0.6895148297099197	1.0	0.16382270001140417	-17.282640114180488
sp|P62736|ACTA_HUMAN	psvid_9913_sp|P62736|ACTA_HUMAN	0.05379044104498831	-0.2521866051263962	0.3597674872163728	0.12922552092123307	0.4162524605164892	0.689770851356219	1.0	0.07692034809144216	-10.081829347983971
sp|Q12931|TRAP1_HUMAN	psvid_35824_sp|Q12931|TRAP1_HUMAN	-0.16792365977088908	-1.1261156414701987	0.7902683219284204	0.40468021875172294	-0.41495396115200933	0.6906775140455832	1.0	0.6442184709166239	-15.219480325017125
sp|P47897|SYQ_HUMAN	psvid_30149_sp|P47897|SYQ_HUMAN	-0.22331148898590936	-1.4999944801973324	1.0533715022255137	0.539190853218987	-0.41416038060128896	0.6912318914255602	1.0	0.8764634630749474	-14.604012950992244
sp|Q96DZ1|ERLEC_HUMAN	psvid_37797_sp|Q96DZ1|ERLEC_HUMAN	-0.14283426490641205	-0.9610212315057575	0.6753527016929334	0.34555087805685225	-0.4133523425251202	0.6917965775242	1.0	0.540016570941369	-13.369657278923558
sp|P05090|APOD_HUMAN	psvid_32733_sp|P05090|APOD_HUMAN	-0.06774218599860093	-0.45678200827558096	0.3212976362783791	0.16430602988659213	-0.4122927566648539	0.6925373733598743	1.0	0.18590562664964375	-11.045203978172555
sp|Q9NRP0|OSTC_HUMAN	psvid_92941_sp|Q9NRP0|OSTC_HUMAN	-0.21032609408041747	-1.4208943094486126	1.0002421212877777	0.5112681170012311	-0.4113812050594014	0.6931749621781823	1.0	0.8286104480926328	-13.459404099867017
sp|O43399|TPD54_HUMAN	psvid_61417_sp|O43399|TPD54_HUMAN	-0.1590616980600248	-1.0755744745211049	0.7574510784010553	0.3870775355573883	-0.41092980978856686	0.6934907914898846	1.0	0.6133907853557726	-13.160269160343363
sp|P19338|NUCL_HUMAN	psvid_34462_sp|P19338|NUCL_HUMAN	0.11478679420878768	-0.549309557415608	0.7788831458331834	0.280472663078407	0.40926196852453556	0.694658302873816	1.0	0.42224248645544027	-11.895919410567329
sp|P22392|NDKB_HUMAN	psvid_50116_sp|P22392|NDKB_HUMAN	0.06304626954233417	-0.30190475305142367	0.427997292136092	0.15413243115955552	0.4090396100809546	0.6948140241138681	1.0	0.15984060353816731	-11.331832375761536
sp|P0DTE4|UD2A1_HUMAN	psvid_882661_sp|P0DTE4|UD2A1_HUMAN	-0.18512459812806714	-1.2569425618808645	0.8866933656247302	0.45266870973422674	-0.40896265667834314	0.6948679195204597	1.0	0.7276441096147277	-13.203101814125692
sp|P07355|ANXA2_HUMAN	psvid_32022_sp|P07355|ANXA2_HUMAN	-0.18855062049579274	-1.2807809492545161	0.9036797082629306	0.46128961294945575	-0.40874672917565247	0.6950191575236487	1.0	0.7425521070064677	-10.679499844106292
sp|Q9BRK5|CAB45_HUMAN	psvid_55837_sp|Q9BRK5|CAB45_HUMAN	-0.07521752825760775	-0.5110310749753023	0.3605960184600868	0.18406031858866675	-0.4086569491694836	0.6950820448185804	1.0	0.23174131281743027	-12.079960703768714
sp|Q99497|PARK7_HUMAN	psvid_73787_sp|Q99497|PARK7_HUMAN	0.06498857332977437	-0.31169990613349563	0.44167705279304437	0.1590895970556	0.40850297274347613	0.6951899051319674	1.0	0.17282418086696857	-11.311542808615693
sp|Q9BWJ5|SF3B5_HUMAN	psvid_17729_sp|Q9BWJ5|SF3B5_HUMAN	0.08345586781991177	-0.40074635549115706	0.5676580911309805	0.2044966618298045	0.40810381486505243	0.6954695500587218	1.0	0.2753051008288366	-13.062687160200113
sp|P11177|ODPB_HUMAN	psvid_84787_sp|P11177|ODPB_HUMAN	0.11964599838202883	-0.5752853132635265	0.8145773100275842	0.29349541697834447	0.40765883029395616	0.6957813605702865	1.0	0.44618514588722596	-11.573085670260513
sp|Q9UL12|SARDH_HUMAN	psvid_29541_sp|Q9UL12|SARDH_HUMAN	-0.29101210402605737	-1.986475209837182	1.4044510017850673	0.7160573180004267	-0.4064089517843374	0.6966575158877809	1.0	1.177184941570796	-13.863172422559241
sp|P05165|PCCA_HUMAN	psvid_71252_sp|P05165|PCCA_HUMAN	-0.2908866966748307	-1.9865201817392866	1.4047467883896252	0.7161292755150226	-0.40619299701947265	0.6968089489594607	1.0	1.1773066986028626	-13.292803236456008
sp|Q9NY65|TBA8_HUMAN	psvid_34685_sp|Q9NY65|TBA8_HUMAN	-0.05279882794573432	-0.3608579159583286	0.25526026006686	0.13010484486032176	-0.405817538942675	0.6970722652135563	1.0	0.08093870243333869	-10.021067130105276
sp|Q9Y619|ORNT1_HUMAN	psvid_48806_sp|Q9Y619|ORNT1_HUMAN	-0.119393081154473	-0.816420847784414	0.577634685475468	0.29438082812547156	-0.4055735623638678	0.6972433948985078	1.0	0.44780476810358466	-11.405393275987006
sp|Q92506|DHB8_HUMAN	psvid_37101_sp|Q92506|DHB8_HUMAN	-0.16875899511844228	-1.1546934369207744	0.8171754466838899	0.4163968945720443	-0.405283990630828	0.6974465304237483	1.0	0.6646642226451825	-14.539689723401647
sp|Q92930|RAB8B_HUMAN	psvid_67046_sp|Q92930|RAB8B_HUMAN	0.0822492300911688	-0.3983853787153903	0.562883838897728	0.2029899251364475	0.4051887306026731	0.6975133614716549	1.0	0.2721855690974107	-11.537670137962401
sp|Q9Y276|BCS1_HUMAN	psvid_86464_sp|Q9Y276|BCS1_HUMAN	0.22346598544508867	-1.0894716377048865	1.5364036085950639	0.5545025367478318	0.4030026386456607	0.6990478368905774	1.0	0.9026471636179964	-13.471745046057329
sp|P00450|CERU_HUMAN	psvid_1633336_sp|P00450|CERU_HUMAN	-0.061905765252047384	-0.42564102358327516	0.3018294930791804	0.15361896855800183	-0.4029825602472631	0.6990619374620455	1.0	0.15845962365345814	-11.081003942435574
sp|P62995|TRA2B_HUMAN	psvid_43109_sp|P62995|TRA2B_HUMAN	-0.1429561871929952	-0.9841837780127108	0.6982714036267205	0.35528179318425696	-0.40237408709219996	0.6994893138439335	1.0	0.5573047657562172	-13.244635451107511
sp|O14874|BCKD_HUMAN	psvid_42370_sp|O14874|BCKD_HUMAN	-0.09706278706310512	-0.6688524867296533	0.474726912603443	0.24148812050240454	-0.4019360739616119	0.6997970357708041	1.0	0.34883361979752175	-12.514152224763098
sp|Q9NNX6|CD209_HUMAN	psvid_98020_sp|Q9NNX6|CD209_HUMAN	0.10588722855304677	-0.5179828472581653	0.7297573043642589	0.26348360618108607	0.40187406756636307	0.699840602664405	1.0	0.39061730217056057	-13.128378513640925
sp|CRP_HUMAN|,sp|P02741|CRP_HUMAN	psvid_76331_sp|CRP_HUMAN|	0.1294736166573509	-0.6351558342107937	0.8941030675254955	0.3229315412268112	0.40093208661341323	0.700502605889012	1.0	0.4995561467211133	-10.875975627003047
sp|Q02878|RL6_HUMAN	psvid_26499_sp|Q02878|RL6_HUMAN	0.05861624422639222	-0.28826840518173336	0.4055008936345178	0.14650232780610642	0.40010452464598323	0.7010844287109601	1.0	0.13844880887056202	-10.025164491147489
sp|Q9P003|CNIH4_HUMAN	psvid_60018_sp|Q9P003|CNIH4_HUMAN	-0.2068406504583855	-1.4319044097656384	1.0182231088488674	0.5173901259558248	-0.3997769576221981	0.7013147863687237	1.0	0.839114481584737	-13.4645091226629
sp|Q96A33|CCD47_HUMAN	psvid_41895_sp|Q96A33|CCD47_HUMAN	0.0643324907132854	-0.31723446211444517	0.44589944354101596	0.1611499583464586	0.3992088572246234	0.7017143762595305	1.0	0.17805507713412672	-10.649225185718084
sp|P35914|HMGCL_HUMAN	psvid_62663_sp|P35914|HMGCL_HUMAN	-0.2669026480191339	-1.850005350590122	1.3162000545518542	0.6686033281625956	-0.3991943156379662	0.7017246058369812	1.0	1.0968059009658928	-13.579258189480015
sp|P07437|TBB5_HUMAN	psvid_7084_sp|P07437|TBB5_HUMAN	0.10375934476357296	-0.5127013448359558	0.7202200343631017	0.2603543459803876	0.3985312569792444	0.7021911185633425	1.0	0.38473625994478744	-8.621422760796918
sp|Q9HAW7|UD17_HUMAN	psvid_62827_sp|Q9HAW7|UD17_HUMAN	0.10375934476357251	-0.5127013448359561	0.7202200343631011	0.26035434598038754	0.3985312569792428	0.7021911185633436	1.0	0.38473625994478733	-8.871422580460175
sp|Q9HAW9|UD18_HUMAN	psvid_62823_sp|Q9HAW9|UD18_HUMAN	0.10375934476357251	-0.5127013448359561	0.7202200343631011	0.26035434598038754	0.3985312569792428	0.7021911185633436	1.0	0.38473625994478733	-8.871422580460175
sp|P19224|UD16_HUMAN	psvid_62815_sp|P19224|UD16_HUMAN	0.10375934476357251	-0.5127013448359562	0.7202200343631012	0.2603543459803876	0.3985312569792427	0.7021911185633438	1.0	0.38473625994478744	-8.62142276079692
sp|P35503|UD13_HUMAN	psvid_62830_sp|P35503|UD13_HUMAN	0.10375934476357251	-0.5127013448359562	0.7202200343631012	0.2603543459803876	0.3985312569792427	0.7021911185633438	1.0	0.38473625994478744	-8.62142276079692
sp|P21108|PRPS3_HUMAN	psvid_77988_sp|P21108|PRPS3_HUMAN	0.12880639894034962	-0.6405672665036861	0.8981800643843854	0.32493520002279896	0.39640641866843596	0.7036870336005677	1.0	0.503157353329041	-12.51671585105018
sp|P61421|VA0D1_HUMAN	psvid_55555_sp|P61421|VA0D1_HUMAN	-0.09143369863325512	-0.6378310207631095	0.45496362349659925	0.23076397221851686	-0.3962217228028732	0.7038171286911427	1.0	0.3280195166066788	-12.875496603174959
sp|A0A2R8Y4L2|RA1L3_HUMAN	psvid_1633342_sp|A0A2R8Y4L2|RA1L3_HUMAN	0.15381114229186021	-0.7656571116576042	1.0732793962413245	0.38832574395336555	0.39608793567477607	0.703911371607401	1.0	0.615581511480401	-12.108724432666582
sp|P49721|PSB2_HUMAN	psvid_54034_sp|P49721|PSB2_HUMAN	-0.1289841884777987	-0.9018228124034123	0.643854435447815	0.3263985812481395	-0.39517386376057945	0.7045554155516743	1.0	0.5057852607681143	-13.100242858927874
sp|Q08426|ECHP_HUMAN	psvid_39857_sp|Q08426|ECHP_HUMAN	0.060846485375097625	-0.3047535431031154	0.42644651385331067	0.15440653055540593	0.394066786917824	0.7053357969216326	1.0	0.1605748132680118	-10.130641459115534
sp|P50395|GDIB_HUMAN	psvid_85725_sp|P50395|GDIB_HUMAN	0.08075832922025983	-0.4049184689990905	0.5664351274396102	0.20511942982186274	0.39371369787052796	0.7055847704914398	1.0	0.2765908655941893	-12.223709377290584
sp|O75323|NIPS2_HUMAN	psvid_44331_sp|O75323|NIPS2_HUMAN	0.1217049119831195	-0.6102809472511949	0.8536907712174339	0.30914493472673116	0.39368237454933763	0.7056068593657613	1.0	0.47467440896861884	-14.233865164627211
sp|P62873|GBB1_HUMAN	psvid_83662_sp|P62873|GBB1_HUMAN	-0.11023348108926756	-0.7736946839428697	0.5532277217643345	0.2802044160585887	-0.3934037965562204	0.7058033230217737	1.0	0.4217467781071539	-11.412051802189415
sp|Q6IAN0|PEXRP_HUMAN	psvid_44217_sp|Q6IAN0|PEXRP_HUMAN	0.07571616417628935	-0.3809094830798145	0.5323418114323932	0.1928500450312006	0.39261678245415743	0.7063584850366089	1.0	0.2508380909767151	-11.931123681802305
sp|Q9NVS9|PNPO_HUMAN	psvid_71936_sp|Q9NVS9|PNPO_HUMAN	-0.33334854134581837	-2.3443185685381556	1.6776214858465188	0.8493076607300727	-0.3924944478415147	0.7064447974732397	1.0	1.4021388444489273	-13.196111500929838
sp|P14923|PLAK_HUMAN	psvid_22947_sp|P14923|PLAK_HUMAN	0.15098727308269444	-0.7600883780718483	1.062062924237237	0.384781234711155	0.39239770410331093	0.7065130577091477	1.0	0.6093585614777596	-14.245072482779227
sp|Q9UBQ7|GRHPR_HUMAN	psvid_82367_sp|Q9UBQ7|GRHPR_HUMAN	0.07579304845360868	-0.3818573929558306	0.533443489863048	0.19328285383159546	0.3921353961363074	0.706698150981128	1.0	0.25176305504302904	-11.118003365515367
sp|Q9UNL2|SSRG_HUMAN	psvid_104033_sp|Q9UNL2|SSRG_HUMAN	-0.14605779261165575	-1.0314704001411221	0.7393548149178107	0.3739427740410783	-0.39058862144401546	0.7077900398072346	1.0	0.5902902270257561	-13.120171385502328
sp|P35542|SAA4_HUMAN	psvid_98194_sp|P35542|SAA4_HUMAN	-0.07909290641472344	-0.5586317841958727	0.4004459713664258	0.2025271570487105	-0.39052988037402087	0.7078315204811602	1.0	0.271224930619939	-11.260750063002817
sp|O14579|COPE_HUMAN	psvid_68139_sp|O14579|COPE_HUMAN	-0.20925816514860118	-1.4815568860759192	1.0630405557787168	0.5373392123249651	-0.3894340117915101	0.7086055756731326	1.0	0.8732944764817657	-12.370696381230413
sp|Q9NS86|LANC2_HUMAN	psvid_53082_sp|Q9NS86|LANC2_HUMAN	0.122301515387095	-0.6220942418468269	0.8666972726210169	0.3143860975971002	0.3890169327520005	0.7089002722616784	1.0	0.4841555278182685	-15.074401434996403
sp|Q6UW02|CP20A_HUMAN	psvid_42878_sp|Q6UW02|CP20A_HUMAN	-0.07158129198047813	-0.5088909438287144	0.36572835986775803	0.18469217959675976	-0.38757077931920164	0.709922498837034	1.0	0.23313554162205039	-11.217341748372153
sp|Q9H2X3|CLC4M_HUMAN	psvid_82812_sp|Q9H2X3|CLC4M_HUMAN	-0.13787044552871386	-0.9834643291210502	0.7077234380636225	0.35712584150453675	-0.386055640633226	0.7109941765486889	1.0	0.5605738165900181	-12.036911289969684
sp|RASH_HUMAN|,sp|P01112|RASH_HUMAN	psvid_71725_sp|RASH_HUMAN|	-0.1687739876526133	-1.2048432664990083	0.8672952911937817	0.4375707065111637	-0.3857067786787674	0.7112410307725612	1.0	0.7014820941421522	-13.677016558271033
sp|Q4KWH8|PLCH1_HUMAN	psvid_31493_sp|Q4KWH8|PLCH1_HUMAN	-0.17064866308858306	-1.2193741976044823	0.8780768714273162	0.44291591541578174	-0.3852845588725092	0.7115398426613244	1.0	0.7107524427154146	-17.23660095286811
sp|P35749|MYH11_HUMAN	psvid_24897_sp|P35749|MYH11_HUMAN	-0.11525926070875858	-0.828184894810416	0.5976663733928989	0.301095090620896	-0.38280019933596215	0.713299165744868	1.0	0.4600554143112943	-14.551324727915055
sp|Q07955|SRSF1_HUMAN	psvid_62257_sp|Q07955|SRSF1_HUMAN	0.10798400276516684	-0.5608257194053791	0.7767937249357127	0.2824632952900138	0.38229392832897574	0.7136579167468998	1.0	0.42591774217146955	-11.152472801149008
sp|Q5W111|SPRY7_HUMAN	psvid_37300_sp|Q5W111|SPRY7_HUMAN	-0.21053030600657907	-1.5166845281775325	1.0956239161643744	0.5516376534629572	-0.38164600383051317	0.714117158949488	1.0	0.8977509087770532	-13.443048843091404
sp|P01023|A2MG_HUMAN	psvid_44816_sp|P01023|A2MG_HUMAN	-0.07821028857436696	-0.56480820739934	0.4083876302506061	0.20550845341556787	-0.38056969080592723	0.7148803196861888	1.0	0.27739299181880145	-11.878929347337184
sp|O95486|SC24A_HUMAN	psvid_60625_sp|O95486|SC24A_HUMAN	-0.10933032623046923	-0.7896650298400288	0.5710043773790904	0.28733072488546746	-0.38050342953768435	0.7149273137550415	1.0	0.4348802953367712	-13.310622831792806
sp|P10620|MGST1_HUMAN	psvid_97758_sp|P10620|MGST1_HUMAN	-0.06847662294291745	-0.4949922370918582	0.3580389912060233	0.18013345481008544	-0.3801438384397407	0.7151823674692219	1.0	0.22299275825153492	-7.3334663512843825
sp|P0DTE5|UD2A2_HUMAN	psvid_84750_sp|P0DTE5|UD2A2_HUMAN	-0.11616282740009787	-0.8413617676300791	0.6090361128298833	0.3062785656485294	-0.3792718147093609	0.7158010457859779	1.0	0.46947708307263036	-12.694599707519407
sp|P33897|ABCD1_HUMAN	psvid_34711_sp|P33897|ABCD1_HUMAN	0.14439805889459167	-0.758860388424802	1.0476565062139853	0.38147973791463136	0.3785209135456245	0.7163339745556999	1.0	0.6035566299545456	-15.194590271479381
sp|P07357|CO8A_HUMAN	psvid_46901_sp|P07357|CO8A_HUMAN	-0.05687789511199659	-0.41332623101663757	0.2995704407926444	0.1505414293822009	-0.37782220711876335	0.7168300122320634	1.0	0.15001855850224163	-12.097580201198793
sp|Q8IVH4|MMAA_HUMAN	psvid_95165_sp|Q8IVH4|MMAA_HUMAN	-0.2669215033590393	-1.9459000001028415	1.4120569933847629	0.7090952526410714	-0.37642545534591126	0.717822058053273	1.0	1.1654029417578051	-15.314610382028281
sp|P35609|ACTN2_HUMAN	psvid_73356_sp|P35609|ACTN2_HUMAN	-0.13935731628589432	-1.0170383648472097	0.7383237322754209	0.37067744826682736	-0.37595304742029995	0.7181577191967747	1.0	0.5845331210826914	-13.55582122177428
sp|Q9Y2H6|FND3A_HUMAN	psvid_26322_sp|Q9Y2H6|FND3A_HUMAN	-0.10039003726068785	-0.7330959625625355	0.5323158880411598	0.2672153150379963	-0.37568968397793007	0.7183448764795127	1.0	0.3976064126976587	-13.186786377261292
sp|P08263|GSTA1_HUMAN	psvid_88046_sp|P08263|GSTA1_HUMAN	-0.048161217960830616	-0.3519594858843738	0.2556370499627126	0.1283053415889199	-0.37536409134964405	0.7185762851699412	1.0	0.07250889560415086	-9.989863450948182
sp|Q9UI14|PRAF1_HUMAN	psvid_106828_sp|Q9UI14|PRAF1_HUMAN	0.11764836502564924	-0.6262322751590873	0.8615290052103858	0.3141685444510413	0.37447531620716745	0.7192081263344166	1.0	0.4837625344158927	-13.209847941925378
sp|P31995|FCG2C_HUMAN	psvid_75549_sp|P31995|FCG2C_HUMAN	-0.22145710690671372	-1.6220962869951892	1.1791820731817617	0.5915421759063615	-0.3743724723725691	0.7192812545107727	1.0	0.9658436298160429	-12.933169619814574
sp|Q9BSE5|GDAH_HUMAN	psvid_57941_sp|Q9BSE5|GDAH_HUMAN	0.057773787802825716	-0.30764116441682743	0.42318874002247886	0.15432836594723737	0.3743562464892406	0.7192927923819199	1.0	0.16036564931101338	-11.175501975352631
sp|P60033|CD81_HUMAN	psvid_97981_sp|P60033|CD81_HUMAN	0.0663151340529975	-0.35412013288624544	0.48675040099224043	0.1775654973590711	0.37346857942168643	0.7199241127019972	1.0	0.2171879221551534	-11.984071016019621
sp|Q6ZV29|PLPL7_HUMAN	psvid_160303_sp|Q6ZV29|PLPL7_HUMAN	-0.136436841634056	-1.0017727181645357	0.7288990348964236	0.3654636215876411	-0.3733253696807067	0.720025987326243	1.0	0.5753280515096594	-15.486394750442308
sp|Q08AH3|ACS2A_HUMAN	psvid_55981_sp|Q08AH3|ACS2A_HUMAN	-0.16307417459202211	-1.1991873570765716	0.8730390078925274	0.43758924865536003	-0.37266494799203204	0.7204958682441182	1.0	0.7015142682337586	-12.46232914228477
sp|Q8N257|H2B3B_HUMAN	psvid_69355_sp|Q8N257|H2B3B_HUMAN	-0.1310215372917498	-0.9674933297721742	0.7054502551886745	0.3532732421328587	-0.3708787467194454	0.7217673750635798	1.0	0.553741569530401	-10.932526523607411
sp|P31994|FCG2B_HUMAN	psvid_75547_sp|P31994|FCG2B_HUMAN	-0.21935013477862197	-1.6213682223387456	1.1826679527815016	0.5921245399711028	-0.3704459450191455	0.7220756072048634	1.0	0.9668357850569814	-12.873681082152807
sp|P06133|UD2B4_HUMAN	psvid_44381_sp|P06133|UD2B4_HUMAN	-0.14624056506802185	-1.081138000566749	0.7886568704307053	0.39484206289964024	-0.3703773706227263	0.7221244495165315	1.0	0.6270062308822226	-9.392662920107249
sp|Q9HC07|TM165_HUMAN	psvid_78328_sp|Q9HC07|TM165_HUMAN	0.18362389073710794	-0.99057897699169	1.3578267584659058	0.4959096741017247	0.3702768877613015	0.7221960212376957	1.0	0.8022253607076951	-14.922998398658304
sp|P56199|ITA1_HUMAN	psvid_36218_sp|P56199|ITA1_HUMAN	0.13537039481878477	-0.7339928241628879	1.0047336138004574	0.3671645185428072	0.3686913848757478	0.7233257348787272	1.0	0.5783327362791315	-12.537718863950936
sp|O76062|ERG24_HUMAN	psvid_89411_sp|O76062|ERG24_HUMAN	-0.13076589318180343	-0.9712669652911685	0.7097351789275617	0.35497495723045314	-0.368380615359604	0.7235472535033899	1.0	0.5567606060384587	-13.826565406392854
sp|Q13409|DC1I2_HUMAN	psvid_38518_sp|Q13409|DC1I2_HUMAN	-0.210065080043647	-1.560515569573343	1.140385409486049	0.5703456196189984	-0.3683119021479895	0.7235962365897165	1.0	0.9297017480692721	-15.225875949511986
sp|Q8N5G0|SIM20_HUMAN	psvid_104736_sp|Q8N5G0|SIM20_HUMAN	0.12339871452565943	-0.670074344218569	0.9168717732698879	0.3351132728294719	0.368229862946828	0.7236547210986165	1.0	0.5213972231213038	-12.577033558471019
sp|Q14571|ITPR2_HUMAN	psvid_28721_sp|Q14571|ITPR2_HUMAN	-0.07014601694046707	-0.5224070424145826	0.3821150085336484	0.19100670243260026	-0.36724374614665267	0.7243578638969	1.0	0.24688347582007267	-12.257693217338772
sp|Q96KC8|DNJC1_HUMAN	psvid_66781_sp|Q96KC8|DNJC1_HUMAN	-0.19355590251849142	-1.4434857936128813	1.0563739885758985	0.5278920210283361	-0.3666581323609393	0.724775566468591	1.0	0.8571169291246333	-15.306812100119664
sp|P28288|ABCD3_HUMAN	psvid_75028_sp|P28288|ABCD3_HUMAN	-0.04851545319833761	-0.3622113715568281	0.26518046516015287	0.13248548859457443	-0.36619446939432143	0.7251063562000559	1.0	0.09104959932660274	-11.146480615575493
sp|O75915|PRAF3_HUMAN	psvid_86741_sp|O75915|PRAF3_HUMAN	0.07254577028171649	-0.39939235754910507	0.5444838981125381	0.1993170768024525	0.36397167490880966	0.7266930323109567	1.0	0.26452723913179044	-11.374618326292335
sp|Q14764|MVP_HUMAN	psvid_69470_sp|Q14764|MVP_HUMAN	0.10964136080540632	-0.6041758703448783	0.8234585919556909	0.30147164531512016	0.3636871410934888	0.7268962425802042	1.0	0.4607408790269842	-11.776698945142485
sp|Q9UBU6|FA8A1_HUMAN	psvid_51504_sp|Q9UBU6|FA8A1_HUMAN	0.05476784166171411	-0.3020137111545951	0.4115493944780233	0.1506821593144912	0.36346599963043574	0.7270541951768267	1.0	0.1504110661736764	-12.288189093766068
sp|Q9HCU5|SEC12_HUMAN	psvid_51181_sp|Q9HCU5|SEC12_HUMAN	-0.05885471816033139	-0.44353863277724237	0.3258291964565796	0.16246636758675437	-0.3622578570232632	0.7279173750568502	1.0	0.1813523113035107	-11.74095951445624
sp|O75306|NDUS2_HUMAN	psvid_84456_sp|O75306|NDUS2_HUMAN	0.07515936893500053	-0.4171262801922603	0.5674450180622613	0.20791059410020252	0.36149850497169694	0.7284601253806087	1.0	0.28232850573774454	-11.399856208809165
sp|P11226|MBL2_HUMAN	psvid_62834_sp|P11226|MBL2_HUMAN	0.09175290932398106	-0.5101230905973545	0.6936289092453166	0.25419468745461904	0.36095525930439265	0.7288485153551225	1.0	0.3731024472432275	-10.452034421483326
sp|P12111|CO6A3_HUMAN	psvid_43301_sp|P12111|CO6A3_HUMAN	0.07511599610735864	-0.4176365535978433	0.5678685458125605	0.20810778363176324	0.36094755706145426	0.7288540226389527	1.0	0.282732352489619	-14.650532491489205
sp|O95487|SC24B_HUMAN	psvid_26055_sp|O95487|SC24B_HUMAN	0.09541966181946471	-0.5314472845567269	0.7222866081956563	0.26474929641745776	0.36041516676594526	0.7292347357946823	1.0	0.3929906941339318	-13.202281784490044
sp|O95563|MPC2_HUMAN	psvid_88302_sp|O95563|MPC2_HUMAN	-0.08071554166863848	-0.6111360666788823	0.44970498334160536	0.22401637478835507	-0.3603109002406474	0.7293093065637003	1.0	0.3147388909826784	-10.461129525439471
sp|P20042|IF2B_HUMAN	psvid_45493_sp|P20042|IF2B_HUMAN	-0.06635035784284948	-0.5024135234496441	0.36971280776394516	0.18416574195744348	-0.36027524520918525	0.7293348075417823	1.0	0.23197418373241707	-11.745802738809012
sp|Q99747|SNAG_HUMAN	psvid_66298_sp|Q99747|SNAG_HUMAN	-0.07811112087976779	-0.5917807960264775	0.4355585542669419	0.21694186600877785	-0.3600555407622763	0.7294919513556456	1.0	0.30063728678685675	-11.836729455040038
sp|Q9ULA0|DNPEP_HUMAN	psvid_659581_sp|Q9ULA0|DNPEP_HUMAN	0.12910016676723712	-0.7205187261117908	0.978719059646265	0.3588257530772963	0.35978512038244664	0.7296853889520368	1.0	0.5635854187921289	-14.380011795014953
sp|O95342|ABCBB_HUMAN	psvid_48368_sp|O95342|ABCBB_HUMAN	-0.25354441856496734	-1.92412833729445	1.4170395001645153	0.7055499091900246	-0.3593571698649041	0.7299915544743758	1.0	1.1594017873790374	-14.45036393083803
sp|Q14152|EIF3A_HUMAN	psvid_43104_sp|Q14152|EIF3A_HUMAN	-0.04907366471270613	-0.3724703607687784	0.2743230313433661	0.13658248889899896	-0.3592968989530971	0.7300346779030344	1.0	0.10656703519578833	-12.556506588143849
sp|P45954|ACDSB_HUMAN	psvid_80441_sp|P45954|ACDSB_HUMAN	-0.12955475753443269	-0.9869676332928371	0.7278581182239717	0.3621174427979509	-0.35777000006796084	0.7311275131173309	1.0	0.5694119020555674	-12.586897294442396
sp|P07602|SAP_HUMAN	psvid_38042_sp|P07602|SAP_HUMAN	-0.06784858223008605	-0.5170495914871855	0.3813524270270135	0.1897143434317561	-0.35763549029961716	0.7312238169046003	1.0	0.24409579951470958	-11.801718393086711
sp|Q6YN16|HSDL2_HUMAN	psvid_58560_sp|Q6YN16|HSDL2_HUMAN	0.06647261786440106	-0.3739218633191094	0.5068670990479116	0.1859950181030856	0.35738923839110237	0.7314001372202869	1.0	0.23599916603676513	-13.122531109922768
sp|P0CG38|POTEI_HUMAN	psvid_32632_sp|P0CG38|POTEI_HUMAN	0.059552556394182776	-0.3351141551934638	0.4542192679818294	0.1666824751508219	0.35728144989625876	0.7314773209961504	1.0	0.19170014773761584	-13.58231076160614
sp|Q9Y2S2|CRYL1_HUMAN	psvid_49001_sp|Q9Y2S2|CRYL1_HUMAN	-0.16025186299083582	-1.228228792134076	0.9077250661524043	0.45104649753070586	-0.3552890087122922	0.7329046425918382	1.0	0.724836450527349	-13.79167636022727
sp|P01834|IGKC_HUMAN	psvid_159525_sp|P01834|IGKC_HUMAN	-0.095587467490311	-0.7342094667529198	0.5430345317722978	0.269713893767852	-0.35440320168520867	0.7335395715690265	1.0	0.4022719489442016	-11.287488283652962
sp|Q8NEN9|PDZD8_HUMAN	psvid_35246_sp|Q8NEN9|PDZD8_HUMAN	0.13063981885619924	-0.7421764552875749	1.0034560929999734	0.3686228725522853	0.35439965499609455	0.7335421142162201	1.0	0.5809076178439427	-15.89804266109809
sp|P62753|RS6_HUMAN	psvid_44788_sp|P62753|RS6_HUMAN	0.08245187923075337	-0.46906902694964203	0.6339727854111488	0.23292785289584073	0.3539803342781153	0.7338427535849316	1.0	0.33224677765670674	-10.480160116272069
sp|P60953|CDC42_HUMAN	psvid_47223_sp|P60953|CDC42_HUMAN	0.07758510010945363	-0.44235981583242034	0.5975300160513276	0.21959213429134394	0.35331456820997775	0.7343201892714535	1.0	0.3059428946141723	-11.084917095064094
sp|P02750|A2GL_HUMAN	psvid_43986_sp|P02750|A2GL_HUMAN	-0.11391391395638362	-0.879261308197506	0.6514334802847388	0.3232347554957438	-0.3524185194184156	0.7349629650307131	1.0	0.5001013496212092	-11.884492479549714
sp|P43490|NAMPT_HUMAN	psvid_85176_sp|P43490|NAMPT_HUMAN	0.08482143397093189	-0.4857267389869767	0.6553696069288405	0.24096377745880346	0.35200906487048017	0.7352567610085019	1.0	0.34782351627096947	-12.66470648235842
sp|Q15029|U5S1_HUMAN	psvid_52330_sp|Q15029|U5S1_HUMAN	0.0820344056726805	-0.4699342738880542	0.6340030852334152	0.23311696429832351	0.3519023418977769	0.735333345778253	1.0	0.33261552520042115	-13.718020088027188
sp|Q99460|PSMD1_HUMAN	psvid_52632_sp|Q99460|PSMD1_HUMAN	0.09018589852256298	-0.517826515943446	0.6981983129885719	0.25678632423275793	0.3512098971470774	0.7358303249826625	1.0	0.3780069069754382	-14.616249541007939
sp|P08754|GNAI3_HUMAN	psvid_85217_sp|P08754|GNAI3_HUMAN	-0.09345731802258861	-0.7237883189877399	0.5368736829425627	0.2662122958952263	-0.35106311565477344	0.7359356899782028	1.0	0.3957303706419325	-11.411898620980116
sp|P36551|HEM6_HUMAN	psvid_64219_sp|P36551|HEM6_HUMAN	0.25197125881763727	-1.4483310863599075	1.952273603995182	0.7181011093103078	0.35088548889673804	0.7360632049669339	1.0	1.180643037272718	-15.047063605930706
sp|Q93050|VPP1_HUMAN	psvid_66423_sp|Q93050|VPP1_HUMAN	0.08504188538057678	-0.4890659969557176	0.6591497677168712	0.2424671755225015	0.3507356622491967	0.73617076971179	1.0	0.3507177381892804	-13.866275367191234
sp|Q9BYX7|ACTBM_HUMAN	psvid_39531_sp|Q9BYX7|ACTBM_HUMAN	-0.06196219374359302	-0.4812862534767453	0.35736186598955927	0.1770961931029013	-0.3498787447542141	0.7367860967813707	1.0	0.21611938850424553	-11.809829302426866
sp|Q96K17|BT3L4_HUMAN	psvid_5947_sp|Q96K17|BT3L4_HUMAN	-0.2359379963343442	-1.834654539393269	1.3627785467245805	0.6751976354672831	-0.34943545999099795	0.737104487859259	1.0	1.1079861619357154	-13.597510105347247
sp|Q8TCT9|SPP_HUMAN	psvid_34340_sp|Q8TCT9|SPP_HUMAN	0.0825176831697152	-0.4775226074263358	0.6425579737657662	0.23652590674601312	0.3488737631532454	0.7375080085168129	1.0	0.3392441626670238	-11.926045478482528
sp|Q06136|KDSR_HUMAN	psvid_58670_sp|Q06136|KDSR_HUMAN	0.06769305343927678	-0.3923613703614129	0.5277474772399664	0.1942981452748	0.348397836446339	0.7378499818493935	1.0	0.25392768492972523	-11.753668817119305
sp|P01871|IGHM_HUMAN	psvid_165137_sp|P01871|IGHM_HUMAN	0.21768887267131998	-1.265261717286862	1.700639462629502	0.6263053548809572	0.3475762596867728	0.7384404692371844	1.0	1.0249985692540486	-13.744554643981044
sp|Q9BSJ8|ESYT1_HUMAN	psvid_69158_sp|Q9BSJ8|ESYT1_HUMAN	-0.05155241505176855	-0.4041143832468855	0.3010095531433484	0.14890007131943495	-0.34622156050666547	0.7394145386953238	1.0	0.14539041206500045	-11.416899162982455
sp|Q9NX62|IMPA3_HUMAN	psvid_64418_sp|Q9NX62|IMPA3_HUMAN	-0.15426681331337955	-1.2095440624321778	0.9010104358054187	0.44568294890107346	-0.3461357758778013	0.739476237740688	1.0	0.7155478406038226	-14.240911452530167
sp|Q16772|GSTA3_HUMAN	psvid_51143_sp|Q16772|GSTA3_HUMAN	-0.08218438475270107	-0.6455740352525277	0.4812052657471255	0.23794046637959967	-0.345398939504421	0.7400062787921244	1.0	0.34198478411784566	-10.493428894713581
sp|O60884|DNJA2_HUMAN	psvid_48547_sp|O60884|DNJA2_HUMAN	0.04716970176157309	-0.2762071102425208	0.370546513765667	0.13657409112208374	0.34537811215897485	0.7400212630870998	1.0	0.10653709190091788	-12.017592411109002
sp|O15027|SC16A_HUMAN	psvid_35392_sp|O15027|SC16A_HUMAN	0.21780327160313906	-1.2770268311411626	1.7126333743474407	0.631322516289911	0.34499525358782096	0.7402967333995814	1.0	1.0335250500790596	-15.598111241389848
sp|A8MWD9|RUXGL_HUMAN	psvid_110166_sp|A8MWD9|RUXGL_HUMAN	-0.21206971816067455	-1.6696132560298895	1.2454738197085404	0.6155750089862175	-0.3445067052184744	0.7406483079260385	1.0	1.0067538093445154	-12.737606649804006
sp|P62308|RUXG_HUMAN	psvid_100787_sp|P62308|RUXG_HUMAN	-0.21206971816067455	-1.6696132560298895	1.2454738197085404	0.6155750089862175	-0.3445067052184744	0.7406483079260385	1.0	1.0067538093445154	-12.737606649804006
sp|Q58FF7|H90B3_HUMAN	psvid_47967_sp|Q58FF7|H90B3_HUMAN	0.1267275740266327	-0.7444274608872055	0.9978826089404709	0.36792126925377183	0.3444420983969345	0.7406948059784603	1.0	0.5796690151304977	-12.636228424720805
sp|P35232|PHB1_HUMAN	psvid_51167_sp|P35232|PHB1_HUMAN	-0.04733832007798755	-0.3732744522083198	0.2785978120523447	0.1376549874855714	-0.34389106375785633	0.7410914373386158	1.0	0.11033899754200363	-10.10131432696117
sp|P48047|ATPO_HUMAN	psvid_57016_sp|P48047|ATPO_HUMAN	-0.0702428077901156	-0.5550212506141061	0.41453563503387497	0.2047400208256966	-0.3430829376046422	0.7416732744696645	1.0	0.27580778688749025	-10.325188803815447
sp|Q6DD88|ATLA3_HUMAN	psvid_26304_sp|Q6DD88|ATLA3_HUMAN	-0.04672331395350371	-0.3694319794476771	0.27598535154066967	0.1362919079260677	-0.3428179608348357	0.7418640927758569	1.0	0.10552707479717713	-10.651434201856897
sp|Q9UJ68|MSRA_HUMAN	psvid_55231_sp|Q9UJ68|MSRA_HUMAN	-0.2089815341442849	-1.653694909332499	1.2357318410439293	0.6101563526631292	-0.34250488949619246	0.7420895706563817	1.0	0.9975356990658533	-14.472138712708306
sp|Q9H082|RB33B_HUMAN	psvid_74342_sp|Q9H082|RB33B_HUMAN	0.14095261587978403	-0.8355784348866178	1.1174836666461858	0.4124254917486982	0.34176504289814896	0.7426225254404777	1.0	0.6577402306448913	-12.259752170944655
sp|P07108|ACBP_HUMAN	psvid_99088_sp|P07108|ACBP_HUMAN	0.10635257397034703	-0.6305096447047993	0.8432147926454934	0.3112044032287825	0.3417450809401361	0.7426369073083356	1.0	0.47840329076606436	-10.6690418889217
sp|Q8NBQ5|DHB11_HUMAN	psvid_357377_sp|Q8NBQ5|DHB11_HUMAN	0.07222405229232587	-0.4301284158188716	0.5745765204035234	0.2121621872948447	0.3404190596506017	0.743592504532138	1.0	0.2909939874941832	-9.796565693667528
sp|Q9BT22|ALG1_HUMAN	psvid_67144_sp|Q9BT22|ALG1_HUMAN	-0.20894207180165525	-1.6624640321830297	1.2445798885797192	0.6138765467901344	-0.3403649689732912	0.7436314952932079	1.0	1.0038647726276426	-14.557274164603076
sp|P20338|RAB4A_HUMAN	psvid_87782_sp|P20338|RAB4A_HUMAN	-0.07177384910634821	-0.5721825352881332	0.4286348370754368	0.21134125567422596	-0.3396111605250643	0.7441749550981316	1.0	0.28932746664785913	-12.077069930417476
sp|P42677|RS27_HUMAN	psvid_100492_sp|P42677|RS27_HUMAN	0.10112759283366657	-0.6108769466746803	0.8131321323420134	0.3007060780131606	0.3363004615731134	0.7465636604098619	1.0	0.4593470992697923	-10.422441174465185
sp|Q14165|MLEC_HUMAN	psvid_84511_sp|Q14165|MLEC_HUMAN	-0.053414972718611065	-0.429637704459456	0.32280775902223385	0.15889289441793042	-0.3361696752663812	0.7466580858141486	1.0	0.17232006751721246	-10.400657908908594
sp|Q9NRW1|RAB6B_HUMAN	psvid_86759_sp|Q9NRW1|RAB6B_HUMAN	0.12135423820430624	-0.7352893593554477	0.9779978357640602	0.36179254791711635	0.335424924871884	0.7471958714672519	1.0	0.5688371168228601	-12.296804423030686
sp|P61018|RAB4B_HUMAN	psvid_109057_sp|P61018|RAB4B_HUMAN	0.09747422698164243	-0.5909195084837658	0.7858679624470507	0.2907343546764078	0.33526903654070356	0.7473084578733729	1.0	0.44112808267829046	-12.428269906382583
sp|P50914|RL14_HUMAN	psvid_86383_sp|P50914|RL14_HUMAN	-0.06368636150795437	-0.5136822753395547	0.38630955232364594	0.19005006128709154	-0.33510308324367816	0.7474283207253852	1.0	0.24482118526310417	-10.843109832526544
sp|Q9HBI6|CP4FB_HUMAN	psvid_72297_sp|Q9HBI6|CP4FB_HUMAN	0.05200790734060279	-0.3159365113961793	0.41995232607738486	0.15539665401792394	0.33467842450844554	0.7477350725452554	1.0	0.16321013727415826	-9.816011718659468
sp|P10909|CLUS_HUMAN	psvid_53630_sp|P10909|CLUS_HUMAN	-0.05909243227917971	-0.47785665906946717	0.35967179451110776	0.1768597547668372	-0.3341202884572814	0.7481383162081149	1.0	0.215580125040131	-11.951027102621968
sp|P00751|CFAB_HUMAN	psvid_85533_sp|P00751|CFAB_HUMAN	0.0682730649949006	-0.41583595348841457	0.5523820834782158	0.20445729795408393	0.33392334574544286	0.7482806241314681	1.0	0.27522376018122924	-11.545756702853234
sp|P51857|AK1D1_HUMAN	psvid_90373_sp|P51857|AK1D1_HUMAN	-0.14394688894882046	-1.1692250024083177	0.8813312245106768	0.43301319480916517	-0.33243072191428213	0.7493595144305758	1.0	0.693570512994852	-12.651691082854018
sp|Q8NFQ8|TOIP2_HUMAN	psvid_26469_sp|Q8NFQ8|TOIP2_HUMAN	-0.050527965371589545	-0.41076756763215483	0.30971163688897574	0.15214262259563247	-0.33210920457105386	0.7495919908606385	1.0	0.15444659441093034	-10.662548431346664
sp|P30048|PRDX3_HUMAN	psvid_90489_sp|P30048|PRDX3_HUMAN	-0.2415695669113611	-1.9645635167501792	1.481424382927457	0.727684620457903	-0.3319701421741619	0.7496925500211231	1.0	1.1968545651000426	-11.760964762689072
sp|O60256|KPRB_HUMAN	psvid_72529_sp|O60256|KPRB_HUMAN	0.16818821197417133	-1.031866903491329	1.3682433274396717	0.5068280427263074	0.331844724039855	0.7497832471901482	1.0	0.8209876161758843	-12.850201504770409
sp|O95881|TXD12_HUMAN	psvid_96398_sp|O95881|TXD12_HUMAN	0.06332783997830571	-0.3889972273284013	0.5156529072850127	0.1910337496875527	0.33150079544521444	0.7500319838245261	1.0	0.2469416827617124	-11.759087250712899
sp|Q86YS6|RAB43_HUMAN	psvid_95123_sp|Q86YS6|RAB43_HUMAN	-0.11595983780659713	-0.9442147960791301	0.7122951204659358	0.3498029665219117	-0.33150044140444246	0.7500322398909652	1.0	0.5475789110323019	-11.02693645648965
sp|O14617|AP3D1_HUMAN	psvid_41470_sp|O14617|AP3D1_HUMAN	-0.1699377473970234	-1.387032709003969	1.0471572142099221	0.5140246054149104	-0.33060235951127875	0.7506819028178425	1.0	0.8333408843159589	-16.93150742001915
sp|P54840|GYS2_HUMAN	psvid_66100_sp|P54840|GYS2_HUMAN	-0.10677292577592556	-0.8716296745469863	0.6580838229951351	0.32302753761044906	-0.3305381533901516	0.7507283571726057	1.0	0.4997287646878932	-10.568903965608827
sp|O75880|SCO1_HUMAN	psvid_44365_sp|O75880|SCO1_HUMAN	0.05706185151629972	-0.3517155635454676	0.46583926657806707	0.17264195162078871	0.3305213534751805	0.7507405124151704	1.0	0.20584983817515243	-12.23524057467931
sp|P27105|STOM_HUMAN	psvid_24065_sp|P27105|STOM_HUMAN	0.07746676137175745	-0.4817344084374776	0.6366679311809925	0.23617151473475295	0.32801060474528987	0.7525579671309529	1.0	0.33855665029345505	-10.497605070287207
sp|Q9Y5L4|TIM13_HUMAN	psvid_96472_sp|Q9Y5L4|TIM13_HUMAN	0.10433216346116847	-0.6492245450349982	0.8578888719573351	0.3182551090599225	0.327825572916488	0.7526919729148984	1.0	0.4911368568482988	-10.82100421051725
sp|Q658P3|STEA3_HUMAN	psvid_75204_sp|Q658P3|STEA3_HUMAN	-0.08158339548648419	-0.6728916036089715	0.5097248126360031	0.2497315147516955	-0.3266844217382872	0.7535186321586221	1.0	0.3646217402714069	-12.160773661263834
sp|Q8N5M9|JAGN1_HUMAN	psvid_42957_sp|Q8N5M9|JAGN1_HUMAN	-0.05866358859950305	-0.4840198902167474	0.3666927130177413	0.17964383388036687	-0.3265549801089741	0.753612422679875	1.0	0.22189131453831443	-12.420346448595712
sp|Q00688|FKBP3_HUMAN	psvid_68385_sp|Q00688|FKBP3_HUMAN	-0.07946007575534075	-0.6557576401645422	0.4968374886538607	0.24339195994690177	-0.3264695997874199	0.7536742898036383	1.0	0.3524951150710656	-10.767560148868892
sp|Q92597|NDRG1_HUMAN	psvid_49957_sp|Q92597|NDRG1_HUMAN	-0.11756117356963225	-0.9707050300643284	0.7355826829250639	0.3603144767092252	-0.3262738001629184	0.7538161747915756	1.0	0.5662213794909369	-13.865195460865277
sp|Q58FG1|HS904_HUMAN	psvid_52738_sp|Q58FG1|HS904_HUMAN	-0.09351930079867365	-0.7761506461426818	0.5891120445453345	0.2883006823650142	-0.3243811288669443	0.7551882130114177	1.0	0.43666236212742854	-13.540400799664843
sp|Q6PKG0|LARP1_HUMAN	psvid_25812_sp|Q6PKG0|LARP1_HUMAN	-0.14755880546428823	-1.228583339852446	0.9334657289238695	0.45655698796012406	-0.3231990953058769	0.7560455765628155	1.0	0.7343706649806909	-16.51709738006338
sp|P22492|H1T_HUMAN	psvid_46313_sp|P22492|H1T_HUMAN	0.22886098622398654	-1.4602320097087904	1.9179539821567635	0.7133669829649878	0.32081802450789776	0.7577737565851581	1.0	1.1726324530267969	-13.360125178005758
sp|P34931|HS71L_HUMAN	psvid_24797_sp|P34931|HS71L_HUMAN	-0.06756461855807272	-0.5664334828121018	0.43130424569595643	0.21069093143183582	-0.3206811897356469	0.7578731165171492	1.0	0.2880050602569621	-11.252543330066931
sp|Q86VR2|RETR3_HUMAN	psvid_43886_sp|Q86VR2|RETR3_HUMAN	0.055958810034267614	-0.3575858740485688	0.469503494117104	0.1746553471690098	0.3203956302587038	0.7580804858533918	1.0	0.21052143334019605	-12.750578049799255
sp|Q7Z4R8|CF120_HUMAN	psvid_152111_sp|Q7Z4R8|CF120_HUMAN	-0.0420141533766607	-0.35367013987783535	0.26964183312451395	0.1316239492725764	-0.3191983951921603	0.7589501339782888	1.0	0.0875046978786312	-12.675708656566568
sp|P51570|GALK1_HUMAN	psvid_59539_sp|P51570|GALK1_HUMAN	-0.08901202885296033	-0.7496862859445738	0.5716622282386531	0.2790273848976614	-0.31900821808442636	0.7590883094282714	1.0	0.4195703941574117	-12.758786800216036
sp|P24158|PRTN3_HUMAN	psvid_34923_sp|P24158|PRTN3_HUMAN	0.2006821780330248	-1.2953910902294536	1.6967554462955032	0.6318475514639147	0.31761170486151025	0.7601032519755574	1.0	1.034417178286332	-13.929089398070616
sp|Q02539|H11_HUMAN	psvid_41620_sp|Q02539|H11_HUMAN	0.22627348015478743	-1.4620239252497413	1.9145708855593162	0.7130309754057956	0.31734032315498234	0.7603005427657408	1.0	1.1720638376399957	-13.414343745144787
sp|P48509|CD151_HUMAN	psvid_86608_sp|P48509|CD151_HUMAN	-0.16820206956581396	-1.4236848858378992	1.0872807467062713	0.5302372284800165	-0.31722040726560025	0.7603877260814312	1.0	0.8611343631491473	-14.992593673390314
sp|A6NIZ1|RP1BL_HUMAN	psvid_57820_sp|A6NIZ1|RP1BL_HUMAN	0.051078510791139564	-0.33272598725676605	0.4348830088390452	0.16209495716346128	0.31511474314176535	0.7619192305055836	1.0	0.18042542927759722	-10.7820266746907
sp|P51159|RB27A_HUMAN	psvid_84564_sp|P51159|RB27A_HUMAN	-0.06719855303534983	-0.5722087889839786	0.437811682913279	0.21328466179931255	-0.31506509876729644	0.7619553520120192	1.0	0.29326767019712785	-11.673222950173436
sp|P37268|FDFT_HUMAN	psvid_23148_sp|P37268|FDFT_HUMAN	-0.07069060976406849	-0.6029513185951858	0.4615700990670488	0.22479355306306137	-0.31446902636143503	0.7623891071376817	1.0	0.31627654480251177	-11.30690846476583
sp|Q9Y2X3|NOP58_HUMAN	psvid_27130_sp|Q9Y2X3|NOP58_HUMAN	-0.06580088986749111	-0.561460200065925	0.42985842033094274	0.20933541702332412	-0.3143323323074355	0.762488590781217	1.0	0.28524223059715514	-15.360184556646672
sp|Q3ZCQ8|TIM50_HUMAN	psvid_87892_sp|Q3ZCQ8|TIM50_HUMAN	-0.07456899402737704	-0.6371457632607885	0.48800777520603444	0.23759715629665717	-0.31384632370882537	0.7628423387292503	1.0	0.3413201657771705	-13.15950386120469
sp|Q9NY15|STAB1_HUMAN	psvid_32684_sp|Q9NY15|STAB1_HUMAN	-0.14705804150501445	-1.261000774618158	0.9668846916081291	0.4704595712788815	-0.3125838020581807	0.7637615664265112	1.0	0.7583871307795216	-14.640385891694708
sp|P61457|PHS_HUMAN	psvid_86236_sp|P61457|PHS_HUMAN	-0.16560401729266427	-1.4220252546322212	1.0908172200468926	0.5306335587041457	-0.3120873427174187	0.7641231450335291	1.0	0.8618131963449863	-13.711754823267533
sp|Q9BYZ2|LDH6B_HUMAN	psvid_51617_sp|Q9BYZ2|LDH6B_HUMAN	-0.06541474112843426	-0.565298909367129	0.43446942711026054	0.21111973217997537	-0.3098466469854627	0.7657558615881347	1.0	0.2888772306291118	-14.636400701252468
sp|P40925|MDHC_HUMAN	psvid_74728_sp|P40925|MDHC_HUMAN	0.0671366063631087	-0.44669079378944565	0.580964006515663	0.21700847916259974	0.3093731941819872	0.7661010140704736	1.0	0.30077099130401447	-12.225013017309013
sp|O96000|NDUBA_HUMAN	psvid_70176_sp|O96000|NDUBA_HUMAN	0.12464240613478994	-0.8307889953435831	1.080073807613163	0.4035143227423355	0.3088921485802636	0.7664517602134023	1.0	0.64218088766872	-12.009201580407158
sp|Q9NX40|OCAD1_HUMAN	psvid_29437_sp|Q9NX40|OCAD1_HUMAN	0.051429786894225504	-0.3433452192878512	0.44620479307630223	0.16672821199792628	0.3084648139504139	0.766763393252795	1.0	0.1918107549564238	-11.782800629275117
sp|Q8WU76|SCFD2_HUMAN	psvid_73351_sp|Q8WU76|SCFD2_HUMAN	-0.08787158692394259	-0.7641031762130097	0.5883600023651245	0.28559782664326394	-0.3076759650335214	0.7673387816843696	1.0	0.43169328457366013	-14.492012340831856
sp|A0A8I5KQE6|RPSA2_HUMAN	psvid_1210968_sp|A0A8I5KQE6|RPSA2_HUMAN	0.05271673223636997	-0.3532477196899164	0.45868118416265635	0.1714539323524703	0.3074687848395122	0.76748992559858	1.0	0.20306896405986183	-10.110207828311111
sp|P32929|CGL_HUMAN	psvid_82667_sp|P32929|CGL_HUMAN	-0.1016973759466997	-0.8874363218775535	0.6840415699841541	0.3318468684711132	-0.3064587483234072	0.7682269317918273	1.0	0.5155529921923814	-13.42337280168977
sp|P20336|RAB3A_HUMAN	psvid_60964_sp|P20336|RAB3A_HUMAN	0.09547768066755502	-0.642271564749745	0.833226926084855	0.3115790277120899	0.30643166636934177	0.7682466965737696	1.0	0.4790811147704438	-12.867022245818584
sp|Q15363|TMED2_HUMAN	psvid_41617_sp|Q15363|TMED2_HUMAN	0.05087312227071594	-0.3431089170874638	0.4448551616288957	0.16639331252695766	0.3057401856969096	0.7687514113266439	1.0	0.19100007695818014	-10.248358474972662
sp|Q9GZV4|IF5A2_HUMAN	psvid_44504_sp|Q9GZV4|IF5A2_HUMAN	0.06892886000684495	-0.4670431890052874	0.6049009090189773	0.22636099047122216	0.3045085633498677	0.7696506759980175	1.0	0.31937121568800303	-10.703767544027698
sp|O43181|NDUS4_HUMAN	psvid_79004_sp|O43181|NDUS4_HUMAN	-0.05858292736199644	-0.5151001990333124	0.39793434430931957	0.19280427397884686	-0.3038466220329937	0.7701341474926163	1.0	0.2507401947804127	-11.44024887754814
sp|O95497|VNN1_HUMAN	psvid_56830_sp|O95497|VNN1_HUMAN	-0.14782681180654222	-1.3008438024774351	1.0051901788643507	0.4869620878914588	-0.3035694471547691	0.770336624270349	1.0	0.7868303829933495	-13.709736271146618
sp|Q08830|FGL1_HUMAN	psvid_75605_sp|Q08830|FGL1_HUMAN	-0.04127301324849686	-0.3632584188233372	0.2807123923263435	0.1359864482812782	-0.3035082816717633	0.7703813083633654	1.0	0.10442512456309046	-10.643089700833675
sp|Q96BM9|ARL8A_HUMAN	psvid_48490_sp|Q96BM9|ARL8A_HUMAN	-0.07300764432471585	-0.6429976867870858	0.4969823981376541	0.24072805812975415	-0.3032784997807119	0.7705491825721614	1.0	0.3473691828063476	-10.649191851282898
sp|P0C0L5|CO4B_HUMAN	psvid_24128_sp|P0C0L5|CO4B_HUMAN	-0.06029189429192661	-0.532081231186988	0.41149744260313476	0.1992542368397084	-0.3025877655009609	0.7710538991735328	1.0	0.26439551505793996	-10.769287714086442
sp|O75832|PSD10_HUMAN	psvid_98849_sp|O75832|PSD10_HUMAN	0.04453249897159539	-0.3039727317647235	0.3930377297079143	0.14718675975599102	0.3025577779239261	0.771075813667934	1.0	0.14045365561771142	-13.39494167013773
sp|P10809|CH60_HUMAN	psvid_23050_sp|P10809|CH60_HUMAN	0.0798133684738227	-0.5498699473435192	0.7094966842911646	0.26593875429573094	0.30011935900499903	0.7728585249796236	1.0	0.3952184231908334	-10.820983043900846
sp|Q9NS69|TOM22_HUMAN	psvid_85921_sp|Q9NS69|TOM22_HUMAN	-0.12141532763665586	-1.082161980312449	0.8393313250391372	0.4057591516058349	-0.29923004116146684	0.7735090664527293	1.0	0.6461035617550718	-12.061163517507408
sp|Q9Y3E5|PTH2_HUMAN	psvid_68452_sp|Q9Y3E5|PTH2_HUMAN	0.05229143016040405	-0.3619006273350855	0.4664834876558936	0.17492875711111963	0.2989298673584417	0.7737286895966186	1.0	0.21115196257236696	-11.152260668904791
sp|Q14240|IF4A2_HUMAN	psvid_13934_sp|Q14240|IF4A2_HUMAN	-0.048836339245774685	-0.43691627361104746	0.3392435951194981	0.16390063341333222	-0.2979630903720606	0.7744361863107979	1.0	0.18490749526010217	-12.306718406909983
sp|P62888|RL30_HUMAN	psvid_97380_sp|P62888|RL30_HUMAN	-0.03720012616543267	-0.33388017993988195	0.2594799276090166	0.1252990542122834	-0.29689071796509886	0.7752212280424756	1.0	0.05600647530933194	-9.734383085387229
sp|P62701|RS4X_HUMAN	psvid_81301_sp|P62701|RS4X_HUMAN	0.04137880957526052	-0.2888209197141451	0.37157853886466613	0.1394556636172409	0.2967165943782068	0.7753487237520533	1.0	0.11645918472148357	-10.017991360521936
sp|Q56VL3|OCAD2_HUMAN	psvid_36323_sp|Q56VL3|OCAD2_HUMAN	0.06993796398304797	-0.4890049606697543	0.6288808886358502	0.23606244817148297	0.2962689090314055	0.7756765593306708	1.0	0.3383449903247537	-10.911548637705794
sp|P31150|GDIA_HUMAN	psvid_84214_sp|P31150|GDIA_HUMAN	0.05754289166861559	-0.40359481780150946	0.5186806011387406	0.1947556572244411	0.29546197778635913	0.7762675911619354	1.0	0.2549007819737656	-14.054736293081303
sp|Q6UXV4|MIC27_HUMAN	psvid_40646_sp|Q6UXV4|MIC27_HUMAN	0.12650378482906044	-0.8901849766279599	1.1431925462860808	0.42938559103697177	0.29461581261623654	0.7768875306307631	1.0	0.6872681926166995	-12.353156594051992
sp|Q13501|SQSTM_HUMAN	psvid_88748_sp|Q13501|SQSTM_HUMAN	0.28064424075018746	-1.9866076097050729	2.547896091205448	0.9575450351612398	0.29308724962782573	0.7780078684135053	1.0	1.5843023901690478	-14.419797052197001
sp|P19971|TYPH_HUMAN	psvid_41146_sp|P19971|TYPH_HUMAN	-0.06001314902185273	-0.5459207419590825	0.425894443915377	0.2052169030409065	-0.29243765076159506	0.7784841542577358	1.0	0.27679192068936775	-14.684851705462155
sp|P68104|EF1A1_HUMAN	psvid_4549_sp|P68104|EF1A1_HUMAN	-0.05259692771013791	-0.47939469384723316	0.37420083842695734	0.18025261812022408	-0.2917956380253908	0.7789549784115315	1.0	0.22326045595676747	-10.447492845816543
sp|Q9HCC0|MCCB_HUMAN	psvid_37035_sp|Q9HCC0|MCCB_HUMAN	-0.168065983937562	-1.5329148228014156	1.1967828549262916	0.576426579666146	-0.2915652918623257	0.7791239285530257	1.0	0.9400764270490708	-13.439759252280698
sp|Q8NC51|SERB1_HUMAN	psvid_31401_sp|Q8NC51|SERB1_HUMAN	0.0683571250251549	-0.4870839907323461	0.6237982407826559	0.23458350364174055	0.29139783473244957	0.7792467600323547	1.0	0.33547143165093357	-11.544688989289245
sp|Q12907|LMAN2_HUMAN	psvid_59741_sp|Q12907|LMAN2_HUMAN	-0.03576283415016723	-0.3269508381742028	0.2554251698738683	0.1229795567244718	-0.2908030822577421	0.7796830716437985	1.0	0.03917622196872635	-9.996887982681752
sp|LYSC_HUMAN|,sp|P61626|LYSC_HUMAN	psvid_34346_sp|LYSC_HUMAN|	-0.12362913243505602	-1.130316708635396	0.883058443765284	0.42516171741378384	-0.2907814306214578	0.7796989569375399	1.0	0.6799241896432138	-11.937162821164124
sp|P40926|MDHM_HUMAN	psvid_39980_sp|P40926|MDHM_HUMAN	-0.06776443682409061	-0.6198286761953444	0.4842998025471632	0.23315732277111742	-0.29063825239841445	0.7798040062598219	1.0	0.3326942058184088	-11.699894046110519
sp|Q92820|GGH_HUMAN	psvid_29058_sp|Q92820|GGH_HUMAN	0.08743917476522167	-0.624926091824726	0.7998044413551694	0.3008584265164668	0.29063229432410753	0.7798083777835503	1.0	0.45962451670009025	-12.780830671384107
sp|O14672|ADA10_HUMAN	psvid_41325_sp|O14672|ADA10_HUMAN	0.16160674817765175	-1.1596005084669665	1.48281400482227	0.5579951114672255	0.28962036558476895	0.7805509682505066	1.0	0.9086144800066583	-15.495567112987299
sp|P34897|GLYM_HUMAN	psvid_50504_sp|P34897|GLYM_HUMAN	-0.1197136041122393	-1.098540492113484	0.8591132838890055	0.4133951094580501	-0.28958640625715343	0.7805758931226758	1.0	0.6594312920062717	-11.787948781218375
sp|Q687X5|STEA4_HUMAN	psvid_47896_sp|Q687X5|STEA4_HUMAN	-0.09947618625212051	-0.9148012010243851	0.7158488285201441	0.3443421690365722	-0.2888876100491638	0.7810888447762198	1.0	0.5378645419552518	-13.3174634208453
sp|Q99442|SEC62_HUMAN	psvid_54725_sp|Q99442|SEC62_HUMAN	-0.06628820415667924	-0.6108427582786825	0.478266349965324	0.2299857025452481	-0.28822750033184125	0.7815735061087077	1.0	0.32649549550445117	-12.05103777036091
sp|P13639|EF2_HUMAN	psvid_47501_sp|P13639|EF2_HUMAN	0.042366962229384963	-0.306383598367426	0.39111752282619594	0.14729037170798648	0.28764244219154017	0.7820031507169305	1.0	0.14075547523150114	-11.37902207585706
sp|P43034|LIS1_HUMAN	psvid_47516_sp|P43034|LIS1_HUMAN	0.08067812850043143	-0.5875669621002838	0.7489232191011467	0.2822248303147716	0.2858647426962728	0.7833091269853171	1.0	0.42547777796778546	-14.961532029172862
sp|Q16822|PCKGM_HUMAN	psvid_163227_sp|Q16822|PCKGM_HUMAN	-0.1113151595692683	-1.0349534129787767	0.8123230938402403	0.3900868902851189	-0.285359909142055	0.7836801369337612	1.0	0.6186712140311436	-11.058060165480889
sp|P10606|COX5B_HUMAN	psvid_42721_sp|P10606|COX5B_HUMAN	0.05259286110234207	-0.3838952641031136	0.4890809863077977	0.18434521824886663	0.28529549940016097	0.7837274769932118	1.0	0.23237040023421138	-10.20921135710855
sp|A0A0U1RRL7|MMPOS_HUMAN	psvid_100287_sp|A0A0U1RRL7|MMPOS_HUMAN	0.08251590836562617	-0.6044305887531352	0.7694624054843875	0.2901231319341048	0.2844168536839312	0.7843733647131329	1.0	0.44000724704630234	-11.49254607935547
sp|B2MG_HUMAN|,sp|P61769|B2MG_HUMAN	psvid_66466_sp|B2MG_HUMAN|	0.07194348331988687	-0.5302486494312243	0.674135616070998	0.25432820214181284	0.2828765457940498	0.7855060768642423	1.0	0.37335546422510024	-12.130153169059465
sp|Q6ZWL3|CP4V2_HUMAN	psvid_68049_sp|Q6ZWL3|CP4V2_HUMAN	0.1338376171857889	-0.990422911060679	1.2580981454322568	0.47481716106395183	0.2818719038837829	0.7862451717344635	1.0	0.7659042728685583	-12.189531898061329
sp|Q9BWM7|SFXN3_HUMAN	psvid_65934_sp|Q9BWM7|SFXN3_HUMAN	-0.08842309928258008	-0.8333530328617728	0.6565068342966126	0.3146117001948936	-0.2810547072082962	0.786846541540389	1.0	0.48456301228391646	-13.781964108679695
sp|P69849|NOMO3_HUMAN	psvid_34733_sp|P69849|NOMO3_HUMAN	-0.05663274287837616	-0.5342310958538087	0.42096561009705635	0.2017076010329339	-0.2807665283229928	0.7870586478197723	1.0	0.26952067496084026	-12.02047325329905
sp|O95782|AP2A1_HUMAN	psvid_49860_sp|O95782|AP2A1_HUMAN	-0.07422116981980231	-0.7001845977267114	0.5517422580871068	0.2643677068625681	-0.2807497583598071	0.7870709914957122	1.0	0.392275462419891	-12.713967444532038
sp|Q9Y4F1|FARP1_HUMAN	psvid_46789_sp|Q9Y4F1|FARP1_HUMAN	-0.15749746532984776	-1.4864543685755447	1.1714594379158492	0.5612680763236119	-0.2806100542212898	0.7871738244851336	1.0	0.9142049120117347	-13.934572750682083
sp|Q01130|SRSF2_HUMAN	psvid_31475_sp|Q01130|SRSF2_HUMAN	0.07767926571190475	-0.5778127488268535	0.733171280250663	0.27683873054658376	0.2805939239734869	0.7871856978816055	1.0	0.4155178246563673	-12.891700894545519
sp|Q14204|DYHC1_HUMAN	psvid_31713_sp|Q14204|DYHC1_HUMAN	-0.0940506414050799	-0.8886543189077242	0.7005530360975644	0.33559077530832704	-0.2802539531030614	0.787435962911054	1.0	0.522250849702382	-14.224132069552454
sp|Q9NY64|SL2A8_HUMAN	psvid_93320_sp|Q9NY64|SL2A8_HUMAN	0.08166116158620262	-0.6083236979094162	0.7716460210818215	0.29140634571046425	0.28023123994471827	0.7874526838615841	1.0	0.4423597865296558	-16.180351714616425
sp|P60866|RS20_HUMAN	psvid_33096_sp|P60866|RS20_HUMAN	0.064068082415079	-0.47830301298866384	0.6064391778188218	0.22906354647567428	0.27969567135765444	0.7878469930802371	1.0	0.32468717117251766	-10.409745494275544
sp|O95674|CDS2_HUMAN	psvid_89073_sp|O95674|CDS2_HUMAN	0.0740590331344384	-0.5533841061829928	0.7015021724518696	0.26499264419113727	0.27947580718889753	0.7880088861307162	1.0	0.39344667124579336	-12.29950002452838
sp|Q96CN7|ISOC1_HUMAN	psvid_70174_sp|Q96CN7|ISOC1_HUMAN	0.10422705107426955	-0.7792255035462898	0.9876796056948289	0.3731149705788381	0.2793429888717014	0.788106689976726	1.0	0.5888312841220354	-14.36659298952345
sp|P07947|YES_HUMAN	psvid_81488_sp|P07947|YES_HUMAN	-0.18833658211201731	-1.784992947351851	1.4083197831278165	0.6743275455203618	-0.2792954008228785	0.7881417335382215	1.0	1.1065111843295246	-14.949681397980207
sp|O75310|UDB11_HUMAN	psvid_42939_sp|O75310|UDB11_HUMAN	-0.05742669241732923	-0.545618750456955	0.43076536562229645	0.20618171787449419	-0.2785246578083402	0.7887093775059826	1.0	0.2787793079615155	-11.062109223882137
sp|P62241|RS8_HUMAN	psvid_83725_sp|P62241|RS8_HUMAN	0.03707996547797565	-0.2786966084500631	0.3528565394060144	0.13336422705942627	0.27803531948228555	0.7890698415057649	1.0	0.09455092165888307	-10.030729059147351
sp|Q8IVS8|GLCTK_HUMAN	psvid_41346_sp|Q8IVS8|GLCTK_HUMAN	-0.05332664536996612	-0.5084242922282547	0.4017710014883224	0.19220471346190066	-0.27744712608484845	0.789503199082857	1.0	0.24945645036917174	-13.829734972436048
sp|P29966|MARCS_HUMAN	psvid_58601_sp|P29966|MARCS_HUMAN	-0.10753121219983308	-1.0268920677080837	0.8118296433084174	0.38828038558519495	-0.276942169091977	0.7898752952116003	1.0	0.6155019164050491	-12.159970210679056
sp|P84103|SRSF3_HUMAN	psvid_22022_sp|P84103|SRSF3_HUMAN	0.07236945285141472	-0.5464354168313408	0.6911743225341702	0.2613443806780181	0.2769122208163161	0.7898973655501238	1.0	0.3865989580754668	-11.560340773345251
sp|O00159|MYO1C_HUMAN	psvid_36556_sp|O00159|MYO1C_HUMAN	-0.08758359020239803	-0.837363040273145	0.662195859868349	0.316659831918102	-0.27658572819886373	0.7901379872428261	1.0	0.4882600652466902	-12.814944830332347
sp|Q14643|ITPR1_HUMAN	psvid_34224_sp|Q14643|ITPR1_HUMAN	-0.051947614282962906	-0.49786868728815065	0.39397345872222483	0.18832910399616676	-0.27583423475545366	0.7906919235349881	1.0	0.24109338328242744	-15.835240235457277
sp|O60506|HNRPQ_HUMAN	psvid_32727_sp|O60506|HNRPQ_HUMAN	0.10953112632630946	-0.8307626916981227	1.0498249443507417	0.3971211565496386	0.27581287100884666	0.7907076729512368	1.0	0.6309974055512194	-12.964634667874627
sp|P17516|AK1C4_HUMAN	psvid_24139_sp|P17516|AK1C4_HUMAN	0.04618931175935348	-0.35070740919309307	0.4430860327118	0.16762429129497833	0.27555261473452813	0.7908995430634822	1.0	0.19397110767895706	-11.02199230340181
sp|P37802|TAGL2_HUMAN	psvid_63340_sp|P37802|TAGL2_HUMAN	-0.126632349171933	-1.2152584028950402	0.9619937045511742	0.45976739314620935	-0.2754269899511186	0.7909921636604016	1.0	0.7399212792211789	-13.174973085914734
sp|P11233|RALA_HUMAN	psvid_82803_sp|P11233|RALA_HUMAN	0.04434188694533692	-0.33751055425624304	0.4261943281469169	0.16127053073673842	0.27495343844140746	0.7913413361385047	1.0	0.1783584884158741	-11.712264038358978
sp|P50440|GATM_HUMAN	psvid_62039_sp|P50440|GATM_HUMAN	0.09213261537239514	-0.7013589091242304	0.8856241398690207	0.335121071605565	0.27492337300960457	0.7913635065761028	1.0	0.5214111663728095	-11.859176710558682
sp|Q16181|SEPT7_HUMAN	psvid_43701_sp|Q16181|SEPT7_HUMAN	-0.233102958325496	-2.243199047437931	1.776993130786939	0.8489385640771002	-0.27458165783634453	0.7916155040500176	1.0	1.401516928747545	-14.612927620625179
sp|P62314|SMD1_HUMAN	psvid_104065_sp|P62314|SMD1_HUMAN	0.07335558824985755	-0.5593652067410758	0.7060763832407909	0.2672215950624036	0.27451220112928	0.7916667280941414	1.0	0.39761815311231496	-11.940149347759501
sp|Q9BVG9|PTSS2_HUMAN	psvid_61642_sp|Q9BVG9|PTSS2_HUMAN	-0.06562463362379445	-0.6317343676352589	0.50048510038767	0.2390892591179405	-0.2744775481169668	0.7916922849656046	1.0	0.3442063411893805	-15.886386485905113
sp|Q71RG4|TMUB2_HUMAN	psvid_82998_sp|Q71RG4|TMUB2_HUMAN	0.08183969572275007	-0.6247116310943629	0.788391022539863	0.29840298286423805	0.2742589733427162	0.7918534919332534	1.0	0.45514998405388574	-14.857542664846573
sp|Q9NZB2|F120A_HUMAN	psvid_39462_sp|Q9NZB2|F120A_HUMAN	-0.08743778146480752	-0.8423484766524479	0.6674729137228329	0.31882694814953877	-0.27424840331814343	0.7918612879939726	1.0	0.4921674724424678	-14.032914072029513
sp|Q6NUM9|RETST_HUMAN	psvid_44100_sp|Q6NUM9|RETST_HUMAN	-0.04010357072049553	-0.3867124286671399	0.30650528722614884	0.14638585078365823	-0.27395797138730354	0.7920755098881451	1.0	0.1381056645121665	-10.880745755851578
sp|P12956|XRCC6_HUMAN	psvid_53670_sp|P12956|XRCC6_HUMAN	0.0472098125114182	-0.3610116686224067	0.4554312936452431	0.17240715998417713	0.27382744728090724	0.7921717904385468	1.0	0.2053017164101884	-11.584790056217152
sp|O43175|SERA_HUMAN	psvid_67941_sp|O43175|SERA_HUMAN	0.04253589503237576	-0.32584144765501183	0.41091323771976335	0.15557949395227946	0.2734029655953419	0.7924849344595886	1.0	0.16369396773802347	-12.073295899188428
sp|Q9BUN8|DERL1_HUMAN	psvid_108755_sp|Q9BUN8|DERL1_HUMAN	-0.08578021637013933	-0.8303632914256247	0.658802858685346	0.31446520890094554	-0.2727812614627252	0.7929436454982083	1.0	0.4842984247755194	-12.512045832267159
sp|P48444|COPD_HUMAN	psvid_59906_sp|P48444|COPD_HUMAN	-0.19871401846034464	-1.9237044378387067	1.5262764009180174	0.7285278040217656	-0.27276106328868105	0.7929585497646828	1.0	1.1982806069917518	-13.49688590831392
sp|P03951|FA11_HUMAN	psvid_81860_sp|P03951|FA11_HUMAN	-0.10330822869102452	-1.0006317632725388	0.7940153058904896	0.3789732028664272	-0.27260035250417564	0.7930771418325645	1.0	0.5991480107706343	-15.581117358677517
sp|Q15067|ACOX1_HUMAN	psvid_75737_sp|Q15067|ACOX1_HUMAN	-0.05814297892856324	-0.5632163328095477	0.44693037495242127	0.21331131885672977	-0.27257334135004285	0.7930970745421599	1.0	0.29332159769883487	-12.641930763384762
sp|P49755|TMEDA_HUMAN	psvid_39246_sp|P49755|TMEDA_HUMAN	-0.033440239147072504	-0.32395999015669896	0.25707951186255396	0.12269732854763717	-0.27254252022357073	0.7931198189995147	1.0	0.03663194661843882	-10.042394427722625
sp|Q6P2Q9|PRP8_HUMAN	psvid_16096_sp|Q6P2Q9|PRP8_HUMAN	-0.11064699503118369	-1.0735381192003879	0.8522441291380206	0.4066648419159557	-0.27208399553274093	0.7934582129240105	1.0	0.64768559062436	-14.201334588167938
sp|Q9NTN3|S35D1_HUMAN	psvid_86857_sp|Q9NTN3|S35D1_HUMAN	0.060448568071458375	-0.4656243191852879	0.5865214553282047	0.22218020517856726	0.272069998418066	0.7934685436290867	1.0	0.31109727772644885	-13.41329133625829
sp|P52758|RIDA_HUMAN	psvid_110492_sp|P52758|RIDA_HUMAN	-0.05351035099025703	-0.5203365062132171	0.4133158042327031	0.19715810007053142	-0.271408331542626	0.7939569439926678	1.0	0.25998759683155126	-11.452681551398264
sp|P42766|RL35_HUMAN	psvid_18346_sp|P42766|RL35_HUMAN	-0.05321753503853799	-0.5181876184939547	0.4117525484168787	0.19637421172325437	-0.2710006297239081	0.7942579329663532	1.0	0.2583320082712295	-10.944424784218032
sp|P02794|FRIH_HUMAN	psvid_71907_sp|P02794|FRIH_HUMAN	0.12337865124331149	-0.9549798884068168	1.2017371908934398	0.4554310389286332	0.2709052319612435	0.7943283665277082	1.0	0.7324232692632845	-9.863863365099288
sp|Q9Y5U8|MPC1_HUMAN	psvid_41564_sp|Q9Y5U8|MPC1_HUMAN	-0.13796458574478754	-1.3444744833399833	1.0685453118504082	0.5095541380121471	-0.2707555006480953	0.794438919497244	1.0	0.8256683145827962	-11.011786021310566
sp|P08195|4F2_HUMAN	psvid_46256_sp|P08195|4F2_HUMAN	-0.17360601465813064	-1.6923348413785086	1.3451228120622474	0.6414158389551393	-0.27066062936788915	0.7945089696067826	1.0	1.0506705542874613	-14.078253572305147
sp|Q99729|ROAA_HUMAN	psvid_56645_sp|Q99729|ROAA_HUMAN	-0.09238737286062237	-0.9032621755506324	0.7184874298293876	0.3424626784612655	-0.26977355102089445	0.7951640601017794	1.0	0.5345161215710001	-13.630086203969798
sp|Q9H853|TBA4B_HUMAN	psvid_83767_sp|Q9H853|TBA4B_HUMAN	-0.0517492557299466	-0.5061904424301686	0.40269193097027545	0.1919274658482262	-0.2696292346759231	0.7952706517782799	1.0	0.2488619432815468	-10.620496036359656
sp|P14866|HNRPL_HUMAN	psvid_68276_sp|P14866|HNRPL_HUMAN	0.07594710758726064	-0.5923586450111286	0.7442528601856498	0.28225045013935524	0.2690770113909946	0.7956785657943024	1.0	0.42552505013618114	-13.11273876435336
sp|P09493|TPM1_HUMAN	psvid_50423_sp|P09493|TPM1_HUMAN	-0.12679317030534953	-1.2430007037328852	0.9894143631221861	0.47141608093890996	-0.2689623358898112	0.7957632824285595	1.0	0.7600375911935803	-13.95607229892261
sp|P30519|HMOX2_HUMAN	psvid_32195_sp|P30519|HMOX2_HUMAN	-0.06111253499595426	-0.5995444919218018	0.4773194219298933	0.22739990134883764	-0.26874477356173504	0.7959240149312469	1.0	0.32141768775534124	-10.825267308408854
sp|P11498|PYC_HUMAN	psvid_47551_sp|P11498|PYC_HUMAN	0.10354779214670584	-0.8117435440839935	1.0188391283774052	0.3865616757828721	0.26786874807751926	0.7965713198966392	1.0	0.6124851798488071	-11.173923395240479
sp|P62987|RL40_HUMAN	psvid_18614_sp|P62987|RL40_HUMAN	0.032769585654785605	-0.2574358430320643	0.3229750143416355	0.12256457850508912	0.26736587401085826	0.796942976865794	1.0	0.03537414845057358	-10.327372502200612
sp|P13796|PLSL_HUMAN	psvid_32869_sp|P13796|PLSL_HUMAN	0.05330938529127316	-0.41887463769760436	0.5254934082801507	0.19942092750069734	0.26732091741518327	0.7969762054997273	1.0	0.2647448765098646	-13.93038927111417
sp|P17844|DDX5_HUMAN	psvid_65510_sp|P17844|DDX5_HUMAN	-0.1067502796709201	-1.052661335494891	0.839160776153051	0.3994935256206743	-0.2672140418422732	0.7970552019367501	1.0	0.635149449357673	-12.417615708061364
sp|Q5JPE7|NOMO2_HUMAN	psvid_34735_sp|Q5JPE7|NOMO2_HUMAN	-0.05394103296156372	-0.5337742355097199	0.42589216958659254	0.2026514613774581	-0.26617638281469524	0.7978223140170446	1.0	0.27148308647668756	-12.074054203272025
sp|P55795|HNRH2_HUMAN	psvid_36262_sp|P55795|HNRH2_HUMAN	0.11913736884561876	-0.9420693895988776	1.1803441272901152	0.44818720188674177	0.2658205507521947	0.7980854259235549	1.0	0.7198857948222808	-13.393612265828121
sp|Q13740|CD166_HUMAN	psvid_55431_sp|Q13740|CD166_HUMAN	-0.13642343916705935	-1.3517444030851575	1.0788975247510388	0.5132753800127997	-0.2657899530728657	0.7981080519962779	1.0	0.8320552789893105	-14.48689203248668
sp|Q9BQB6|VKOR1_HUMAN	psvid_92921_sp|Q9BQB6|VKOR1_HUMAN	-0.08784209590793068	-0.8705772435112638	0.6948930516954024	0.3305782523821836	-0.265722549123939	0.7981578959443527	1.0	0.5132808410423727	-12.798280856728752
sp|P62834|RAP1A_HUMAN	psvid_57819_sp|P62834|RAP1A_HUMAN	0.03323786875089674	-0.26337417592913315	0.3298499134309266	0.12527033143466432	0.26532913556018006	0.7984488380104915	1.0	0.055827457477122575	-10.392989403311004
sp|Q9Y5I4|PCDC2_HUMAN	psvid_42310_sp|Q9Y5I4|PCDC2_HUMAN	0.07729251019308148	-0.6128919456850238	0.7674769660711868	0.29149064270863306	0.2651629207539989	0.7985717695773925	1.0	0.44251425431289804	-17.008589439803647
sp|A6NCS6|CB072_HUMAN	psvid_59012_sp|A6NCS6|CB072_HUMAN	-0.09578918210733178	-0.9514922654229578	0.7599139012082943	0.36139533366640036	-0.2650537325303531	0.7986525279330938	1.0	0.5681343004637437	-11.802753104901427
sp|O60613|SEP15_HUMAN	psvid_165868_sp|O60613|SEP15_HUMAN	-0.050211465266345456	-0.498804137094926	0.3983812065622351	0.18945741984196426	-0.2650277054771954	0.7986717785867073	1.0	0.24354007472650646	-11.295131649286077
sp|Q92667|AKAP1_HUMAN	psvid_55618_sp|Q92667|AKAP1_HUMAN	-0.06620667409795278	-0.65943362413141	0.5270202759355045	0.2505418710384204	-0.26425393018558574	0.7992441624900736	1.0	0.3661648906823327	-15.301491854956936
sp|Q9HBH5|RDH14_HUMAN	psvid_64848_sp|Q9HBH5|RDH14_HUMAN	-0.06775545892542434	-0.6759914362387928	0.5404805183879441	0.2568807431630998	-0.2637623127803113	0.7996078949493617	1.0	0.3781853189657622	-12.288401260911916
sp|Q9Y624|JAM1_HUMAN	psvid_33820_sp|Q9Y624|JAM1_HUMAN	-0.06337443296731138	-0.6326796170252007	0.505930751090578	0.2404388168772364	-0.26357821000121284	0.7997441206336726	1.0	0.3468114850623413	-12.32113433572761
sp|O60739|EIF1B_HUMAN	psvid_103290_sp|O60739|EIF1B_HUMAN	-0.1046839058994542	-1.046313952919939	0.8369461411210306	0.39768549590203645	-0.26323289880614964	0.7999996516493016	1.0	0.6319853212016125	-12.717289598440395
sp|P68133|ACTS_HUMAN	psvid_9911_sp|P68133|ACTS_HUMAN	0.034397486900532126	-0.2753180477736941	0.34411302157475837	0.13080442407845608	0.26296883414203653	0.8001950778118249	1.0	0.08401674897716996	-10.05236500279379
sp|P05166|PCCB_HUMAN	psvid_48954_sp|P05166|PCCB_HUMAN	-0.19681538524048303	-1.9692215209941515	1.5755907505131854	0.7485532298670114	-0.2629277082612407	0.8002255151990166	1.0	1.2321354576483567	-12.555252866570626
sp|P61019|RAB2A_HUMAN	psvid_89618_sp|P61019|RAB2A_HUMAN	0.03228242508307888	-0.25905167600320345	0.3236165261693612	0.1230412589639376	0.26237073120765614	0.8006377722665388	1.0	0.03971149925788234	-10.092306046309249
sp|P40222|TXLNA_HUMAN	psvid_72498_sp|P40222|TXLNA_HUMAN	-0.10341562566537199	-1.0367468017289418	0.8299155503981979	0.39418057311163623	-0.2623559675937747	0.8006487007626407	1.0	0.6258473795472786	-14.659567276040598
sp|P09651|ROA1_HUMAN	psvid_31212_sp|P09651|ROA1_HUMAN	0.10137670904576046	-0.8150014827912894	1.0177549008828102	0.3870206954500472	0.2619413127969152	0.8009556609922528	1.0	0.6132910074251037	-12.1820522935947
sp|P11586|C1TC_HUMAN	psvid_787176_sp|P11586|C1TC_HUMAN	0.06581022325256436	-0.5292104784479759	0.6608309249531046	0.2512994392824523	0.26187970590175425	0.8010012705052251	1.0	0.36760615305312033	-11.18451171297161
sp|Q8NEW0|ZNT7_HUMAN	psvid_105053_sp|Q8NEW0|ZNT7_HUMAN	0.057797611865738396	-0.46727766634120615	0.582872890072683	0.22175887766152155	0.26063268571352055	0.8019246575170954	1.0	0.3102599078626708	-13.805095010366353
sp|O75460|ERN1_HUMAN	psvid_42688_sp|O75460|ERN1_HUMAN	0.08167108453068384	-0.6617194506145118	0.8250616196758794	0.313961554809716	0.26013084493794975	0.8022963539908188	1.0	0.4833885794299962	-17.213000441912126
sp|O76024|WFS1_HUMAN	psvid_40529_sp|O76024|WFS1_HUMAN	-0.1759528346834731	-1.7775678501777883	1.425662180810842	0.6764217685028355	-0.2601229630337296	0.8023021922891549	1.0	1.1100612076406373	-14.52110760615077
sp|Q9Y2P4|S27A6_HUMAN	psvid_51713_sp|Q9Y2P4|S27A6_HUMAN	-0.06638821899760528	-0.6720688679413044	0.5392924299460938	0.2558015326673217	-0.25953018461365257	0.8027413150222236	1.0	0.3761449515677217	-15.4397165540307
sp|P31943|HNRH1_HUMAN	psvid_64172_sp|P31943|HNRH1_HUMAN	0.1110275327122432	-0.9025625781045779	1.1246176435290642	0.42807691527797914	0.2593635133072886	0.8028647968034027	1.0	0.6849934843313615	-13.023587601669437
sp|Q96EY1|DNJA3_HUMAN	psvid_30198_sp|Q96EY1|DNJA3_HUMAN	-0.07742973733596425	-0.7848009667008101	0.6299414920288816	0.2987492582962065	-0.2591796805707666	0.803000999987457	1.0	0.4557814304869643	-13.164292764771202
sp|O94874|UFL1_HUMAN	psvid_80091_sp|O94874|UFL1_HUMAN	-0.03942579814942304	-0.4003101586085159	0.3214585623096698	0.1524149280352578	-0.2586741250194519	0.8033756081426212	1.0	0.15519164634130087	-12.083859907649462
sp|Q969H8|MYDGF_HUMAN	psvid_72099_sp|Q969H8|MYDGF_HUMAN	0.05790501781406254	-0.4742589422777663	0.5900689779058914	0.22475269246129578	0.257638817047917	0.8041429270340592	1.0	0.31619575564658103	-11.211642810448145
sp|Q01484|ANK2_HUMAN	psvid_26878_sp|Q01484|ANK2_HUMAN	0.0839653258099684	-0.699686851028951	0.8676175026488878	0.3309655480376958	0.2536980852170301	0.8070657161447935	1.0	0.5139746472902729	-18.981496092088797
sp|Q13884|SNTB1_HUMAN	psvid_47046_sp|Q13884|SNTB1_HUMAN	-0.08802422116078912	-0.9136850794239598	0.7376366371023816	0.3487073813163344	-0.25243004845067163	0.8080069092712603	1.0	0.5456316209868415	-12.402754928000721
sp|O76094|SRP72_HUMAN	psvid_55030_sp|O76094|SRP72_HUMAN	0.09618877018445149	-0.8087866184281961	1.0011641587970992	0.38220486627242206	0.25166809392712325	0.8085726300775367	1.0	0.604831417909724	-15.267348729957853
sp|P04632|CPNS1_HUMAN	psvid_51988_sp|P04632|CPNS1_HUMAN	-0.14504113479687408	-1.5166686687724387	1.2265863991786905	0.5792894754877052	-0.25037764526062484	0.8095310170014747	1.0	0.9449590435222889	-14.734965476544291
sp|Q9BQE4|SELS_HUMAN	psvid_28685_sp|Q9BQE4|SELS_HUMAN	0.12439194362332184	-1.0568920207617905	1.3056759080084341	0.49890028537651054	0.2493322759465764	0.8103076465293888	1.0	0.8073669767561431	-12.59747297299796
sp|P50416|CPT1A_HUMAN	psvid_26148_sp|P50416|CPT1A_HUMAN	0.03701669711300992	-0.3147488954530485	0.38878228967906836	0.14856373218288282	0.24916375328698764	0.8104328674944744	1.0	0.14443013222495846	-11.318522470287014
sp|Q14103|HNRPD_HUMAN	psvid_49097_sp|Q14103|HNRPD_HUMAN	0.09227503285540584	-0.7855886117700455	0.9701386774808571	0.3707545653963683	0.24888441429374158	0.8106404437974062	1.0	0.5846691552445956	-12.497802701080303
sp|O00124|UBXN8_HUMAN	psvid_62858_sp|O00124|UBXN8_HUMAN	0.08327837718186393	-0.7108872654832618	0.8774440198469896	0.335405776855769	0.24829142169985716	0.811081149737875	1.0	0.5219201512182486	-13.178401492548504
sp|P16989|YBOX3_HUMAN	psvid_69836_sp|P16989|YBOX3_HUMAN	-0.1716432356377382	-1.8090519128731999	1.4657654415977235	0.6915387671210497	-0.2482047916884074	0.8111455384261055	1.0	1.1356762808051712	-13.21193874375648
sp|Q14318|FKBP8_HUMAN	psvid_58791_sp|Q14318|FKBP8_HUMAN	-0.057166776872518366	-0.6084165901735658	0.494083036428529	0.23281336025990568	-0.24554766448411353	0.8131212368448979	1.0	0.3320234755259673	-11.557098560205558
sp|P15531|NDKA_HUMAN	psvid_71632_sp|P15531|NDKA_HUMAN	-0.06493688140153164	-0.691416101380808	0.5615423385777447	0.26458554509609816	-0.24542868121516767	0.8132097407865683	1.0	0.3926838003537646	-11.791501888865902
sp|Q9BUV8|RCAF1_HUMAN	psvid_72280_sp|Q9BUV8|RCAF1_HUMAN	0.08131319656567726	-0.703321988301648	0.8659483814330026	0.33138070899872213	0.24537697686557494	0.813248201214509	1.0	0.5147182334681787	-13.734772011865063
sp|Q9UN36|NDRG2_HUMAN	psvid_34586_sp|Q9UN36|NDRG2_HUMAN	-0.10194837172358495	-1.0871240212503261	0.8832272778031561	0.41607642828769	-0.2450231851468746	0.8135113850349402	1.0	0.6641057288929219	-12.85243476962279
sp|P61160|ARP2_HUMAN	psvid_46235_sp|P61160|ARP2_HUMAN	0.06145552918564379	-0.5332702577325308	0.6561813161038184	0.25117488576820857	0.24467226887626306	0.8137724553832258	1.0	0.3673692817306488	-13.340211997016716
sp|O15270|SPTC2_HUMAN	psvid_72102_sp|O15270|SPTC2_HUMAN	0.08075946826887792	-0.7011896090701438	0.8627085456078997	0.3302462655856007	0.24454316879457597	0.8138685080640153	1.0	0.5126860162310111	-15.666427037531243
sp|P04844|RPN2_HUMAN	psvid_79108_sp|P04844|RPN2_HUMAN	0.053388685809981684	-0.4636555849316656	0.570432956551629	0.21836708361614715	0.24449053825268866	0.8139076670790734	1.0	0.3034939754591552	-10.643126379505272
sp|P30084|ECHM_HUMAN	psvid_59972_sp|P30084|ECHM_HUMAN	-0.04884682816386787	-0.5227605206425054	0.42506686431476964	0.2001514314506917	-0.24404935707842557	0.8142359441926798	1.0	0.2662739330649884	-10.91987080469356
sp|Q9H061|T126A_HUMAN	psvid_58309_sp|Q9H061|T126A_HUMAN	-0.14581541668375975	-1.5639848963464185	1.272354062978899	0.5989458753757335	-0.2434534115328637	0.8146794430761066	1.0	0.978453962135014	-13.24308274112282
sp|Q8N2K0|ABD12_HUMAN	psvid_69529_sp|Q8N2K0|ABD12_HUMAN	0.1717178058600064	-1.5014358401153283	1.844871451835341	0.7066352008683576	0.24300771550722183	0.8150111749326993	1.0	1.161238941699123	-15.421121533960623
sp|O00519|FAAH1_HUMAN	psvid_43087_sp|O00519|FAAH1_HUMAN	-0.16797304832394033	-1.8071528636139214	1.4712067669660407	0.6922867847929063	-0.2426350639846296	0.8152885709996959	1.0	1.136943296246234	-15.292519241521006
sp|P55769|NH2L1_HUMAN	psvid_100029_sp|P55769|NH2L1_HUMAN	0.12378639685162396	-1.0869470370918695	1.3345198307951174	0.5113378949689772	0.24208336223376142	0.8156993015297839	1.0	0.8287302132033582	-13.260442353789479
sp|Q15365|PCBP1_HUMAN	psvid_17976_sp|Q15365|PCBP1_HUMAN	-0.04981347077399789	-0.5380975526494278	0.438470611101432	0.20622058297325818	-0.2415543107084393	0.8160932278828071	1.0	0.27885926256936877	-12.166467679150022
sp|P09543|CN37_HUMAN	psvid_61195_sp|P09543|CN37_HUMAN	0.04349510098995424	-0.3831428714442989	0.4701330734242074	0.18018513127848848	0.24139117740369806	0.8162147067969112	1.0	0.22310886598138605	-12.316763941290862
sp|Q13310|PABP4_HUMAN	psvid_56240_sp|Q13310|PABP4_HUMAN	-0.19302116439111483	-2.08674621050163	1.7007038817194005	0.7997907314529265	-0.24133958646965833	0.8162531256527021	1.0	1.3186515008978745	-14.317065089110343
sp|P07910|HNRPC_HUMAN	psvid_51657_sp|P07910|HNRPC_HUMAN	-0.05903878652639616	-0.6402939056283989	0.5222163325756066	0.24548572023280868	-0.24049784431618335	0.8168800327111733	1.0	0.35651110458697777	-11.722211110240343
sp|Q99624|S38A3_HUMAN	psvid_53394_sp|Q99624|S38A3_HUMAN	0.16848269942844052	-1.4992495581423233	1.8362149569992043	0.7043455463028822	0.2392046067627007	0.8178434818445334	1.0	1.1573629725497128	-15.11505613102496
sp|P37059|DHB2_HUMAN	psvid_73637_sp|P37059|DHB2_HUMAN	0.036371745163743974	-0.32401240431617656	0.3967558946436645	0.15220367027862905	0.23896759583497992	0.8180200893492668	1.0	0.15461382251380984	-10.08805128368181
sp|O00461|GOLI4_HUMAN	psvid_46370_sp|O00461|GOLI4_HUMAN	0.06724970826284293	-0.5992864930637155	0.7337859095894014	0.2815031026250222	0.23889508725032876	0.8180741210250646	1.0	0.4241456931803485	-13.49499774684393
sp|Q96A57|TM230_HUMAN	psvid_25004_sp|Q96A57|TM230_HUMAN	-0.0654414256914726	-0.7144316464626248	0.5835487950796796	0.2740927804923084	-0.2387564735340011	0.8181774156304331	1.0	0.41042267515005837	-12.389477803950998
sp|Q9Y2T7|YBOX2_HUMAN	psvid_95827_sp|Q9Y2T7|YBOX2_HUMAN	-0.15000172224621444	-1.6416931268471	1.3416896823546711	0.6299969269763576	-0.23809913322298426	0.8186673168077876	1.0	1.0312725124565818	-13.24313161387306
sp|Q5VTE0|EF1A3_HUMAN	psvid_59806_sp|Q5VTE0|EF1A3_HUMAN	-0.043650671272563724	-0.4783573607529223	0.39105601820779484	0.1835928514865755	-0.2377580113774501	0.8189215816677266	1.0	0.23070750182697342	-10.489713066616998
sp|Q8N4Q1|MIA40_HUMAN	psvid_74483_sp|Q8N4Q1|MIA40_HUMAN	-0.0691759298004464	-0.7588237831650653	0.6204719235641725	0.2912640154494952	-0.23750249303433577	0.8191120548539719	1.0	0.4420989562294441	-11.616250498998806
sp|Q9BWS9|CHID1_HUMAN	psvid_62902_sp|Q9BWS9|CHID1_HUMAN	-0.1209239288635291	-1.3268063594598527	1.0849585017327945	0.5092891352911759	-0.23743669456917288	0.8191611056809504	1.0	0.8252133713457027	-12.233604910428937
sp|Q99685|MGLL_HUMAN	psvid_58073_sp|Q99685|MGLL_HUMAN	0.07552364831869562	-0.6797105689546699	0.8307578655920611	0.3189635835951726	0.23677827878479685	0.8196519831917034	1.0	0.4924136822642907	-11.22818248229801
sp|Q8TCT8|SPP2A_HUMAN	psvid_40457_sp|Q8TCT8|SPP2A_HUMAN	0.1301508995887808	-1.175576008449182	1.4358778076267436	0.5514571827638519	0.23601270172323557	0.8202228632546045	1.0	0.8974424310789529	-15.433804769043677
sp|Q9NVJ2|ARL8B_HUMAN	psvid_20634_sp|Q9NVJ2|ARL8B_HUMAN	-0.0543625511783552	-0.6030389313597602	0.49431382900304977	0.23172650345282517	-0.2345979004055629	0.8212781685140707	1.0	0.3299016880871834	-10.54739425411485
sp|Q9Y5S2|MRCKB_HUMAN	psvid_34216_sp|Q9Y5S2|MRCKB_HUMAN	0.14818485718653918	-1.348088682679788	1.6444583970528663	0.6319321336332535	0.23449489161843975	0.8213550186824955	1.0	1.034560895817721	-17.01190361012086
sp|P46778|RL21_HUMAN	psvid_10179_sp|P46778|RL21_HUMAN	0.043530857409415535	-0.3982229228815223	0.48528463770035335	0.1865691008241361	0.2333229737246181	0.8222294814012003	1.0	0.23725633969979776	-10.855718001602924
sp|Q8TD22|SFXN5_HUMAN	psvid_62514_sp|Q8TD22|SFXN5_HUMAN	-0.05402881215255917	-0.6038140061241658	0.49575638181904746	0.23219479688017985	-0.2326874369215078	0.8227038203922976	1.0	0.3308163522383736	-13.194984630733442
sp|P55263|ADK_HUMAN	psvid_39566_sp|P55263|ADK_HUMAN	-0.06428205224891315	-0.7189222355611955	0.5903581310633692	0.2764789704424985	-0.232502501532146	0.8228418636587252	1.0	0.41485096876517064	-14.312743104003074
sp|O14681|EI24_HUMAN	psvid_63611_sp|O14681|EI24_HUMAN	0.0699673280558466	-0.6435747686495535	0.7835094247612467	0.30135544577529044	0.23217542286598875	0.823086024916019	1.0	0.4605293716254743	-13.905130627271415
sp|Q93100|KPBB_HUMAN	psvid_37883_sp|Q93100|KPBB_HUMAN	-0.14723101755244627	-1.6488296800020337	1.3543676448971411	0.6341811315512405	-0.23215925266068932	0.8230980963737622	1.0	1.0383820073984016	-15.729041391477097
sp|O14653|GOSR2_HUMAN	psvid_71810_sp|O14653|GOSR2_HUMAN	-0.060535422043144216	-0.6788688274590962	0.5577979833728077	0.2611452637304046	-0.23180746676546446	0.8233607259610486	1.0	0.38622448458955305	-11.635518392538671
sp|P30419|NMT1_HUMAN	psvid_62349_sp|P30419|NMT1_HUMAN	0.04384359373156732	-0.4039959621709762	0.49168314963411086	0.18913935089178002	0.23180577455113155	0.8233619893608461	1.0	0.2428513785160709	-12.182917782275934
sp|Q7L2E3|DHX30_HUMAN	psvid_77251_sp|Q7L2E3|DHX30_HUMAN	-0.07925106035505536	-0.889211777328675	0.7307096566185642	0.34207662596371624	-0.23167633898336407	0.8234586270546417	1.0	0.5338280255791373	-16.172940310012965
sp|Q9UHQ9|NB5R1_HUMAN	psvid_65336_sp|Q9UHQ9|NB5R1_HUMAN	-0.059212557194626037	-0.6670638968908472	0.5486387825015951	0.25671829634866156	-0.2306518780967859	0.8242236141563034	1.0	0.3778783514076577	-10.990738450068623
sp|Q96H55|MYO19_HUMAN	psvid_52938_sp|Q96H55|MYO19_HUMAN	0.08032961347546141	-0.7460514184082122	0.906710645359135	0.3490115375019951	0.23016320334396456	0.8245885905056762	1.0	0.5461723104995705	-17.204938594903467
sp|Q9NZP8|C1RL_HUMAN	psvid_66144_sp|Q9NZP8|C1RL_HUMAN	0.07691514483539708	-0.717930148510854	0.8717604381816482	0.3356928186924423	0.22912359321533715	0.8253651986871435	1.0	0.5224332482390263	-13.039911175329248
sp|O75347|TBCA_HUMAN	psvid_32947_sp|O75347|TBCA_HUMAN	-0.08218315890297845	-0.9333381708221564	0.7689718530161995	0.3594745134521162	-0.22862026604822336	0.8257412689943658	1.0	0.5647342960024633	-12.293479398718187
sp|Q9Y2V2|CHSP1_HUMAN	psvid_82947_sp|Q9Y2V2|CHSP1_HUMAN	0.08153767222765262	-0.7647818094633132	0.9278571539186184	0.3574322886496678	0.22812061141899415	0.8261146438914082	1.0	0.5611168611678959	-13.982013219132252
sp|P05164|PERM_HUMAN	psvid_26163_sp|P05164|PERM_HUMAN	0.1491300894496912	-1.401892546534944	1.7001527254343265	0.6550547193120897	0.22766050690589817	0.8264585070685389	1.0	1.0738232390867697	-12.925056280376122
sp|Q13131|AAPK1_HUMAN	psvid_79206_sp|Q13131|AAPK1_HUMAN	-0.07123619731237163	-0.8152284700367576	0.6727560754120143	0.3142156910369322	-0.2267111393364461	0.8271681544811831	1.0	0.4838477051757862	-13.547015770999359
sp|P38117|ETFB_HUMAN	psvid_54313_sp|P38117|ETFB_HUMAN	0.06621730191140696	-0.6257618302867805	0.7581964341095944	0.29224860146812026	0.22657867849071717	0.827267182090614	1.0	0.4439027413863745	-12.094855350472374
sp|O00571|DDX3X_HUMAN	psvid_62443_sp|O00571|DDX3X_HUMAN	-0.04984088971505818	-0.5719382938084153	0.47225651437829896	0.220501210335226	-0.22603454030608505	0.8276740146940063	1.0	0.3077563416626114	-13.118753076028066
sp|Q15166|PON3_HUMAN	psvid_75382_sp|Q15166|PON3_HUMAN	-0.0561659448166707	-0.6468767519144354	0.534544862281094	0.24947921001320406	-0.22513276682934033	0.8283483634258412	1.0	0.3641409688766779	-10.228780327752963
sp|P0CG39|POTEJ_HUMAN	psvid_32629_sp|P0CG39|POTEJ_HUMAN	0.040571707537316204	-0.38619003835718546	0.46733345343181787	0.1802374054280594	0.2251014845723028	0.8283717591788833	1.0	0.2232262890073534	-13.87732487138166
sp|Q96DG6|CMBL_HUMAN	psvid_85086_sp|Q96DG6|CMBL_HUMAN	-0.048779124604541924	-0.5625295833817826	0.46497133417269876	0.21697598394954468	-0.22481347343900032	0.8285871692182146	1.0	0.30070576989669173	-11.871299658137746
sp|Q92947|GCDH_HUMAN	psvid_80610_sp|Q92947|GCDH_HUMAN	0.038314131232499715	-0.36633623680677496	0.4429644992717744	0.17089894570573286	0.22419173549772492	0.8290522350593694	1.0	0.20176340436127005	-13.744193745269364
sp|P51659|DHB4_HUMAN	psvid_26690_sp|P51659|DHB4_HUMAN	0.030597209762323718	-0.2937026449913216	0.35489706451596903	0.13696392650887462	0.223396120002015	0.8296474703070021	1.0	0.1079202552495211	-10.7348724642804
sp|P09211|GSTP1_HUMAN	psvid_40086_sp|P09211|GSTP1_HUMAN	0.1457138862005869	-1.4032387346728288	1.6946665070740026	0.6541804747097271	0.2227426403474409	0.8301364573207258	1.0	1.0723396849789562	-13.883235463159718
sp|P54868|HMCS2_HUMAN	psvid_40373_sp|P54868|HMCS2_HUMAN	-0.0594537153171073	-0.6953642684179204	0.5764568377837058	0.2685687489045616	-0.22137242534586454	0.8311620266413094	1.0	0.40013501270148855	-11.484540197913429
sp|P23284|PPIB_HUMAN	psvid_33371_sp|P23284|PPIB_HUMAN	-0.0424812203044489	-0.4975280246263071	0.4125655840174093	0.19218324076211035	-0.22104539467639275	0.8314068526732323	1.0	0.24941042606825767	-8.402061913194888
sp|Q8IZV5|RDH10_HUMAN	psvid_80919_sp|Q8IZV5|RDH10_HUMAN	-0.05656398385847661	-0.6636812607834726	0.5505532930665193	0.2564082742565229	-0.22060124238380596	0.8317393920319245	1.0	0.37729236512037795	-12.431024713121133
sp|Q96JB5|CK5P3_HUMAN	psvid_46568_sp|Q96JB5|CK5P3_HUMAN	0.03394964986327054	-0.3312176779231191	0.3991169776496602	0.15422378491156263	0.22013238673099914	0.8320904670917945	1.0	0.16008553513838938	-12.17845836531988
sp|P68032|ACTC_HUMAN	psvid_9914_sp|P68032|ACTC_HUMAN	0.028210828391466602	-0.27677878813787044	0.33320044492080364	0.12880849254781981	0.21901372986717788	0.8329282737886445	1.0	0.07494934689264317	-10.049271673539257
sp|P10515|ODP2_HUMAN	psvid_33532_sp|P10515|ODP2_HUMAN	-0.06203018964794982	-0.7340288382656063	0.6099684589697066	0.2838100978899596	-0.2185623066590129	0.8332664287197195	1.0	0.42840102168063565	-12.43357773098132
sp|Q92781|RDH5_HUMAN	psvid_64251_sp|Q92781|RDH5_HUMAN	0.0807359597768671	-0.7948933840993924	0.9563653036531266	0.3698109368404952	0.21831685256969477	0.8334503109222614	1.0	0.5830043686624635	-14.11843174399123
sp|Q9BRP8|PYM1_HUMAN	psvid_104080_sp|Q9BRP8|PYM1_HUMAN	-0.06595978803658387	-0.7864317362716929	0.6545121601985252	0.3042821805909859	-0.2167717738464829	0.8346080648941634	1.0	0.4658519477463222	-12.519847267267117
sp|P23141|EST1_HUMAN	psvid_33457_sp|P23141|EST1_HUMAN	0.04622942693398269	-0.45910494267896995	0.5515637965469353	0.21342155553740327	0.2166108611549349	0.8347286649169702	1.0	0.2935445739450577	-5.682597064449628
sp|Q9BV23|ABHD6_HUMAN	psvid_87476_sp|Q9BV23|ABHD6_HUMAN	0.030711142435498218	-0.3055259579326011	0.36694824280359756	0.1420054706449288	0.2162673191111666	0.8349861570329434	1.0	0.1247361713405724	-11.147082222246654
sp|P68431|H31_HUMAN	psvid_20395_sp|P68431|H31_HUMAN	-0.1283092684070084	-1.5332001511211915	1.2765816143071747	0.593337828532871	-0.21624993761863281	0.834999185411653	1.0	0.9689026906510845	-12.575984527075596
sp|P35606|COPB2_HUMAN	psvid_44614_sp|P35606|COPB2_HUMAN	-0.08864068254798507	-1.0596953653101222	0.882414000214152	0.4101126172472851	-0.2161374188947167	0.8350835256910759	1.0	0.6537049531846506	-12.483822993491364
sp|O43852|CALU_HUMAN	psvid_61808_sp|O43852|CALU_HUMAN	0.041923974758716565	-0.4179038855630019	0.5017518350804351	0.19420245906579142	0.21587767199442962	0.8352782321943366	1.0	0.253723985095465	-10.198022039641188
sp|Q16658|FSCN1_HUMAN	psvid_70197_sp|Q16658|FSCN1_HUMAN	-0.18619734663496557	-2.228762146578757	1.8563674533088257	0.8626513118904533	-0.21584311536827577	0.8353041368067459	1.0	1.4246187720823102	-14.664672555681157
sp|P21333|FLNA_HUMAN	psvid_43869_sp|P21333|FLNA_HUMAN	0.1257569750231724	-1.253928792060715	1.5054427421070598	0.5826927679377684	0.215820380726955	0.835321179448767	1.0	0.9507618729850821	-16.30151464576955
sp|P67812|SC11A_HUMAN	psvid_34817_sp|P67812|SC11A_HUMAN	0.03943472378854551	-0.39325780001968613	0.47212724759677716	0.18274219418577758	0.21579429952808693	0.8353407308984624	1.0	0.22882109218064042	-11.937767540541756
sp|P22314|UBA1_HUMAN	psvid_65281_sp|P22314|UBA1_HUMAN	0.06840779808471797	-0.6835141106138508	0.8203297067832868	0.3175646721199954	0.21541375376562452	0.8356260165583741	1.0	0.4898920794779696	-14.66675877981022
sp|O94826|TOM70_HUMAN	psvid_51475_sp|O94826|TOM70_HUMAN	-0.047501442496159285	-0.5730249694744951	0.47802208448217653	0.22194818983937983	-0.21402040958538693	0.8366707983492014	1.0	0.31063624006332874	-11.464187942535677
sp|P55072|TERA_HUMAN	psvid_31360_sp|P55072|TERA_HUMAN	0.0472760624355506	-0.47657995531079844	0.5711320801818996	0.22124393848510093	0.21368297255625956	0.8369238746469625	1.0	0.30923557826347325	-10.316295929984005
sp|P36578|RL4_HUMAN	psvid_54845_sp|P36578|RL4_HUMAN	0.02829569204385729	-0.28541334828811155	0.3420047323758261	0.1324910304934831	0.2135668500612129	0.8370109708084522	1.0	0.09107202884317875	-10.251230406319651
sp|Q02252|MMSA_HUMAN	psvid_37592_sp|Q02252|MMSA_HUMAN	0.04312304320288707	-0.4349937279654355	0.5212398143712096	0.2019265483751268	0.21355806628643853	0.837017559063924	1.0	0.2699763486728297	-12.140362453172209
sp|P32969|RL9_HUMAN	psvid_13150_sp|P32969|RL9_HUMAN	-0.026174317519213286	-0.31742497190738317	0.2650763368689566	0.12300601631038673	-0.21278892126029372	0.8375945093890226	1.0	0.039406620863577255	-9.72887018106412
sp|P0C0L4|CO4A_HUMAN	psvid_24131_sp|P0C0L4|CO4A_HUMAN	-0.04328886155243916	-0.5250726973780557	0.43849497427317746	0.20347528657794361	-0.21274751484798549	0.8376255721744903	1.0	0.273191821594134	-10.791370274123853
sp|Q2TV78|MST1L_HUMAN	psvid_58569_sp|Q2TV78|MST1L_HUMAN	0.0508528519223872	-0.5171576690322202	0.6188633728769946	0.2398920323519508	0.21198224644568384	0.8381997268151995	1.0	0.3457565889908616	-13.632497949488616
sp|Q16850|CP51A_HUMAN	psvid_33865_sp|Q16850|CP51A_HUMAN	0.0394084560633754	-0.4022824736191684	0.4810993857459192	0.18654255666760033	0.2112571885331089	0.8387438105730122	1.0	0.23719827281564282	-10.64311260757852
sp|Q8IWB9|TEX2_HUMAN	psvid_36395_sp|Q8IWB9|TEX2_HUMAN	0.0922534391050176	-0.941860987372535	1.1263678655825702	0.43674509943099643	0.21122947738900316	0.8387646069082707	1.0	0.700049397228234	-15.736462951259941
sp|P00338|LDHA_HUMAN	psvid_51626_sp|P00338|LDHA_HUMAN	0.028705856492683424	-0.29314275284707814	0.350554465832445	0.13592867412808823	0.21118323029939465	0.8387993141911707	1.0	0.10421567321361777	-10.77442905498432
sp|Q9UBR2|CATZ_HUMAN	psvid_46983_sp|Q9UBR2|CATZ_HUMAN	0.122491045401945	-1.256239860160064	1.501221950963954	0.5822894942964402	0.210361077439576	0.8394163835553382	1.0	0.9500743457625148	-13.472168618453376
sp|P02774|VTDB_HUMAN	psvid_371851_sp|P02774|VTDB_HUMAN	-0.04367755940902818	-0.5360989263069398	0.44874380748888343	0.20796791277763296	-0.2100206653308573	0.8396719164506594	1.0	0.282445915190979	-10.800185308617415
sp|P50454|SERPH_HUMAN	psvid_32310_sp|P50454|SERPH_HUMAN	0.04864590648669731	-0.5012861172341214	0.598577930207516	0.23225680856068362	0.20944878554114463	0.840101249020458	1.0	0.3309374212481448	-10.86833854092335
sp|P22897|MRC1_HUMAN	psvid_35243_sp|P22897|MRC1_HUMAN	-0.057976970639103786	-0.7140451731361982	0.5980912318579906	0.27708207621579717	-0.2092411441076042	0.8402571480550787	1.0	0.4159687778758963	-12.71981417342004
sp|P63220|RS21_HUMAN	psvid_80408_sp|P63220|RS21_HUMAN	0.0800313734578535	-0.8257565457306274	0.9858192926463344	0.38254802824564954	0.2092060801486137	0.8402834751473053	1.0	0.6054346089624314	-9.25579906970693
sp|P62851|RS25_HUMAN	psvid_40431_sp|P62851|RS25_HUMAN	-0.03224478003042863	-0.3977655411244753	0.33327598106361805	0.15437305298204174	-0.2088757034181327	0.840531542868571	1.0	0.16048524963357588	-11.244413789914645
sp|Q14444|CAPR1_HUMAN	psvid_78123_sp|Q14444|CAPR1_HUMAN	-0.09974352778128637	-1.2307287245090652	1.0312416689464925	0.4776572394240562	-0.20881820592011527	0.8405747176113416	1.0	0.7708010291896676	-14.934179702826036
sp|B2RPK0|HGB1A_HUMAN	psvid_58488_sp|B2RPK0|HGB1A_HUMAN	0.08783029699752909	-0.9094686194210448	1.085129213416103	0.4211965361486134	0.20852568684596062	0.8407943786514964	1.0	0.6730241511676927	-13.013064374160418
sp|P37108|SRP14_HUMAN	psvid_105690_sp|P37108|SRP14_HUMAN	0.07245225116101572	-0.7543881221638308	0.8992926244858622	0.3492055345281087	0.20747738508475386	0.8415817037422489	1.0	0.5465171398574085	-11.881944703048074
sp|P50502|F10A1_HUMAN	psvid_44443_sp|P50502|F10A1_HUMAN	-0.07680518580502005	-0.9538357480478179	0.8002253764377778	0.3704027236284456	-0.20735588834941732	0.8416729662466991	1.0	0.5840484811374947	-13.629621081407628
sp|Q9BUP3|HTAI2_HUMAN	psvid_105012_sp|Q9BUP3|HTAI2_HUMAN	-0.04004628132094812	-0.49766399855867766	0.4175714359167814	0.19326903319312333	-0.20720485149285156	0.8417864215135209	1.0	0.2517335392256516	-11.143846862627287
sp|Q03519|TAP2_HUMAN	psvid_37658_sp|Q03519|TAP2_HUMAN	0.0768887989075453	-0.8027638536349357	0.9565414514500263	0.3715101301777895	0.20696285958810726	0.8419682084458376	1.0	0.5860017899482022	-14.669277607384451
sp|Q96QV6|H2A1A_HUMAN	psvid_48115_sp|Q96QV6|H2A1A_HUMAN	0.058278820871535686	-0.609031357092653	0.7255889988357244	0.2818299818319108	0.20678715760729235	0.8421002041576697	1.0	0.4247491054385744	-11.596158977878357
sp|P35221|CTNA1_HUMAN	psvid_45204_sp|P35221|CTNA1_HUMAN	0.04805263902619794	-0.5051763586441649	0.6012816366965608	0.233649243651566	0.20566143624182828	0.8429460289428632	1.0	0.3336528273797937	-12.686551651896645
sp|P51858|HDGF_HUMAN	psvid_26666_sp|P51858|HDGF_HUMAN	0.16254054362323922	-1.7106842544033953	2.0357653416498738	0.7911327119354423	0.20545294256079602	0.8431027077419297	1.0	1.3040419874821536	-14.251446806258507
sp|P51991|ROA3_HUMAN	psvid_49958_sp|P51991|ROA3_HUMAN	0.07380030327816067	-0.7793058220011443	0.9269064285574656	0.360298541409421	0.2048309798576136	0.8435701454817174	1.0	0.566193171487459	-11.785498828885133
sp|O43264|ZW10_HUMAN	psvid_24311_sp|O43264|ZW10_HUMAN	0.08117428539544758	-0.8600591199358903	1.0224076907267854	0.3975179793201868	0.20420280243491712	0.8440423226379689	1.0	0.6316920865440887	-14.764603879497987
sp|Q8WWQ8|STAB2_HUMAN	psvid_30038_sp|Q8WWQ8|STAB2_HUMAN	-0.14484570875974967	-1.8296458240339326	1.5399544065144333	0.7115539393190642	-0.20356251403563683	0.8445236740297977	1.0	1.1695642004059716	-15.572409357047265
sp|P60842|IF4A1_HUMAN	psvid_17725_sp|P60842|IF4A1_HUMAN	-0.03507540207789095	-0.4431474332375929	0.372996629081811	0.17234404168494732	-0.2035196676077167	0.8445558873571885	1.0	0.20515424427875312	-11.666458967210882
sp|Q9Y394|DHRS7_HUMAN	psvid_24281_sp|Q9Y394|DHRS7_HUMAN	0.041587544272696064	-0.44228445424492757	0.5254595427903197	0.20435719558065926	0.20350418371386178	0.8445675287269064	1.0	0.2750168730639768	-10.71712775683801
sp|Q969I6|S38A4_HUMAN	psvid_60944_sp|Q969I6|S38A4_HUMAN	0.044268719042867666	-0.4714278071099234	0.5599652451956587	0.21779788079932486	0.20325596778260707	0.844754152426229	1.0	0.3023540681046175	-13.308866183554922
sp|O75438|NDUB1_HUMAN	psvid_61949_sp|O75438|NDUB1_HUMAN	0.04203959550228786	-0.44918743362618996	0.5332666246307657	0.20746349938341863	0.2026361052774561	0.8452202491467088	1.0	0.2814121268955238	-11.431989113401059
sp|O75494|SRS10_HUMAN	psvid_79632_sp|O75494|SRS10_HUMAN	-0.11143233833705946	-1.4151649568311062	1.1923002801569873	0.5506149198934667	-0.20237798561401035	0.8454143581700628	1.0	0.8960026879282014	-13.41610603456035
sp|P07305|H10_HUMAN	psvid_104041_sp|P07305|H10_HUMAN	-0.16548209280718984	-2.1054052943870145	1.774441108772635	0.8193019359070597	-0.20197937482471892	0.8457141408197344	1.0	1.3515613096251613	-13.465020218588272
sp|Q2TAY7|SMU1_HUMAN	psvid_46300_sp|Q2TAY7|SMU1_HUMAN	0.07830560698232159	-0.8412575613109315	0.9978687752755747	0.3883658298214804	0.20162846720659286	0.845978070131258	1.0	0.6156518535202925	-15.284608078520815
sp|P31040|SDHA_HUMAN	psvid_67745_sp|P31040|SDHA_HUMAN	0.025368776178262387	-0.27505816401892536	0.32579571637545013	0.12688150412435906	0.19994069548070575	0.8472477955606524	1.0	0.06516757084673516	-9.994319506395108
sp|Q8IZ83|A16A1_HUMAN	psvid_29152_sp|Q8IZ83|A16A1_HUMAN	0.1528126073240843	-1.6595926541557773	1.9652178688039459	0.7654463528088742	0.19963855959771015	0.8474751465730764	1.0	1.260675966985323	-12.612559754439285
sp|P04003|C4BPA_HUMAN	psvid_64954_sp|P04003|C4BPA_HUMAN	0.035825803078161744	-0.38946460111828013	0.4611162072746036	0.17961600294129113	0.19945774592184687	0.8476112125912675	1.0	0.2218286325124987	-10.740725654114788
sp|P07954|FUMH_HUMAN	psvid_55024_sp|P07954|FUMH_HUMAN	0.07923423188883483	-0.8642424654349514	1.022710929212621	0.398465405213501	0.19884845924423597	0.8480697544363712	1.0	0.633350373167032	-13.28071447399375
sp|P17980|PRS6A_HUMAN	psvid_70738_sp|P17980|PRS6A_HUMAN	0.0637925089070972	-0.697680927188355	0.8252659450025494	0.321598638454726	0.198360631169394	0.8484369335522615	1.0	0.49715849367246767	-13.921830793652514
sp|P15954|COX7C_HUMAN	psvid_105138_sp|P15954|COX7C_HUMAN	0.11923638382290891	-1.3075669437440123	1.54603971138983	0.6025922714271488	0.19787240805547596	0.8488044504688899	1.0	0.9846622356488991	-12.051556252837242
sp|A6NHL2|TBAL3_HUMAN	psvid_55882_sp|A6NHL2|TBAL3_HUMAN	-0.05074550656877852	-0.6604109659655463	0.5589199528279892	0.2574844667730446	-0.19708181703056793	0.8493996647505951	1.0	0.3793256639598375	-13.023599338283056
sp|P63010|AP2B1_HUMAN	psvid_41382_sp|P63010|AP2B1_HUMAN	0.04410813586422302	-0.4861886069225887	0.5744048786510347	0.22396409693776478	0.19694288712926966	0.849504272169492	1.0	0.31463538075398373	-11.65666522263188
sp|P23634|AT2B4_HUMAN	psvid_43608_sp|P23634|AT2B4_HUMAN	-0.06427376643428051	-0.8381623158801128	0.7096147830115518	0.3268420039622824	-0.1966508761269794	0.8497241527786349	1.0	0.5065811796405931	-15.613127553931893
sp|O60610|DIAP1_HUMAN	psvid_27014_sp|O60610|DIAP1_HUMAN	0.1903946174907989	-2.1028474279219034	2.483636662903501	0.968521664043194	0.19658271421206713	0.8497754799109138	1.0	1.6027553408359654	-15.649272996128127
sp|Q14141|SEPT6_HUMAN	psvid_52707_sp|Q14141|SEPT6_HUMAN	0.08029045919378275	-0.8881832080956511	1.0487641264832166	0.4090225581296511	0.19629836447390378	0.8499896087490361	1.0	0.6518023782969128	-15.397399851978285
sp|O75891|AL1L1_HUMAN	psvid_46225_sp|O75891|AL1L1_HUMAN	-0.03180564012241227	-0.4174561621438614	0.35384488189903684	0.16287460195250414	-0.19527685557559865	0.8507589654144829	1.0	0.18236808301133445	-11.433576284416539
sp|Q9Y224|RTRAF_HUMAN	psvid_96947_sp|Q9Y224|RTRAF_HUMAN	-0.09198047485562855	-1.2203804469230837	1.0364194972118266	0.47656540260946834	-0.19300703398102925	0.8524691213903561	1.0	0.7689187622838786	-12.446653288433035
sp|Q3SY69|AL1L2_HUMAN	psvid_74272_sp|Q3SY69|AL1L2_HUMAN	-0.03864541950836653	-0.5141386766823335	0.4368478376656005	0.2008185405464126	-0.19243949987493766	0.8528968532942535	1.0	0.26766750865321304	-14.02992680781204
sp|P53990|IST1_HUMAN	psvid_74386_sp|P53990|IST1_HUMAN	-0.11692562212317359	-1.556078099213837	1.3222268549674898	0.6078077779499679	-0.19237269802229875	0.8529472031661993	1.0	0.9935393197454377	-13.512365590111777
sp|P31930|QCR1_HUMAN	psvid_65377_sp|P31930|QCR1_HUMAN	0.03991410834316422	-0.4560512336310072	0.5358794503173356	0.2094646656585828	0.19055294227152506	0.8543190712729001	1.0	0.2855060480737271	-10.240152267493386
sp|Q6IAA8|LTOR1_HUMAN	psvid_8991_sp|Q6IAA8|LTOR1_HUMAN	-0.048339173632716115	-0.649384552039066	0.5527062047736337	0.25384388500291394	-0.19042874967092951	0.8544127167424593	1.0	0.3724374744900608	-11.552960401045448
sp|P49368|TCPG_HUMAN	psvid_27914_sp|P49368|TCPG_HUMAN	0.03035018410229462	-0.34831159742862794	0.4090119656332172	0.15992299613183172	0.18977998684614186	0.8549019470378196	1.0	0.1749507427526496	-11.741017365501902
sp|P14136|GFAP_HUMAN	psvid_30558_sp|P14136|GFAP_HUMAN	0.07968690472199524	-0.9150731162145767	1.0744469256585671	0.42012426587431806	0.18967460628859253	0.8549814207091263	1.0	0.671157240822646	-15.786762998511389
sp|P00480|OTC_HUMAN	psvid_75352_sp|P00480|OTC_HUMAN	0.06170636092132176	-0.7181748050378932	0.8415875268805367	0.3293729094674924	0.18734497934600747	0.8567387892576949	1.0	0.5111207721083566	-12.110856265681914
sp|Q9HCE6|ARGAL_HUMAN	psvid_418934_sp|Q9HCE6|ARGAL_HUMAN	-0.1147628737192572	-1.566961244070169	1.3374354966316546	0.6133175453443956	-0.18711819772710808	0.8569099101790314	1.0	1.0029138566009341	-15.528135723508942
sp|Q9NRX5|SERC1_HUMAN	psvid_61108_sp|Q9NRX5|SERC1_HUMAN	0.08155429592158514	-0.9526947290978569	1.1158033209410272	0.43680194541636874	0.18670772137666622	0.8572196612792806	1.0	0.7001480506750791	-15.3140774380886
sp|Q08477|CP4F3_HUMAN	psvid_45213_sp|Q08477|CP4F3_HUMAN	0.023033546120894588	-0.2691144813362309	0.31518157357802007	0.12338501043346718	0.18668026237526603	0.8572403831842256	1.0	0.04257513461829956	-9.73238490231488
sp|Q92614|MY18A_HUMAN	psvid_24178_sp|Q92614|MY18A_HUMAN	-0.16768021906013963	-2.294735960234029	1.9593755221137497	0.8983349882648867	-0.18665667178789297	0.8572581858913604	1.0	1.484701478465702	-16.209302280130224
sp|Q8WUD1|RAB2B_HUMAN	psvid_80324_sp|Q8WUD1|RAB2B_HUMAN	-0.032499466914677644	-0.4461363903109222	0.38113745648156694	0.17469430327200425	-0.1860362147246153	0.8577264476635483	1.0	0.21061132765745585	-10.924285673012772
sp|O43681|GET3_HUMAN	psvid_51700_sp|O43681|GET3_HUMAN	-0.028662067634665167	-0.39460486871221123	0.3372807334428809	0.1545512962110673	-0.1854534276795842	0.8581663357360223	1.0	0.16096175877961938	-13.078653027000989
sp|Q92841|DDX17_HUMAN	psvid_44969_sp|Q92841|DDX17_HUMAN	-0.07014254972012424	-0.9680801720680281	0.8277950726277796	0.3792325550384154	-0.18495919927818158	0.8585394220934812	1.0	0.5996043238835665	-12.574521907674686
sp|Q16718|NDUA5_HUMAN	psvid_69389_sp|Q16718|NDUA5_HUMAN	-0.030500111791824658	-0.4222191820261051	0.3612189584424558	0.165437576246986	-0.18436024320309347	0.858991617980845	1.0	0.18867650288821666	-10.860775004969629
sp|Q92599|SEPT8_HUMAN	psvid_67550_sp|Q92599|SEPT8_HUMAN	-0.06466519461062248	-0.8987651328248064	0.7694347436035615	0.3522715195953698	-0.18356634304385142	0.8595910790303012	1.0	0.5519635023631738	-15.625975165867946
sp|Q8WVC6|DCAKD_HUMAN	psvid_76249_sp|Q8WVC6|DCAKD_HUMAN	-0.05057477894132534	-0.7098896682187401	0.6087401103360894	0.2784532731591783	-0.18162752539243515	0.8610554657578258	1.0	0.41850807014728775	-12.943280983605213
sp|Q6ZU15|SEP14_HUMAN	psvid_37476_sp|Q6ZU15|SEP14_HUMAN	-0.06413035843379511	-0.9011079959964297	0.7728472791288394	0.35348687938137785	-0.18142217483722983	0.8612106012865508	1.0	0.5541206912729219	-15.464710346773892
sp|Q14749|GNMT_HUMAN	psvid_29758_sp|Q14749|GNMT_HUMAN	0.05473244752633999	-0.6599855771790792	0.7694504722317592	0.30185208403711355	0.18132207932548342	0.861286222509111	1.0	0.4614332480598322	-12.806963197871838
sp|Q7L1Q6|5MP2_HUMAN	psvid_4705_sp|Q7L1Q6|5MP2_HUMAN	0.08007327660232555	-0.9667195994072963	1.1268661526119474	0.4420996816317068	0.18112041227170791	0.8614385848256552	1.0	0.7093374144570558	-14.347895967443927
sp|P62491|RB11A_HUMAN	psvid_65738_sp|P62491|RB11A_HUMAN	-0.0326777028763674	-0.46093230805673185	0.39557690230399706	0.1808678955948599	-0.18067165966017945	0.8617776465071343	1.0	0.2246403849675207	-11.520682564786254
sp|O75533|SF3B1_HUMAN	psvid_32119_sp|O75533|SF3B1_HUMAN	-0.05105636412337233	-0.7202485701916156	0.6181358419448709	0.2826248325083849	-0.18065066565535284	0.861793509605317	1.0	0.42621572868336965	-14.48977370613824
sp|Q03518|TAP1_HUMAN	psvid_883479_sp|Q03518|TAP1_HUMAN	-0.0402543958749928	-0.5692065477719591	0.4886977560219735	0.22339622604568196	-0.18019281967082665	0.8621394756661734	1.0	0.313510355937448	-14.041519674579083
sp|O14657|TOR1B_HUMAN	psvid_65748_sp|O14657|TOR1B_HUMAN	-0.06640358121974055	-0.9426667138285405	0.8098595513890594	0.3700786094654237	-0.17943101687411794	0.8627151951818446	1.0	0.5834766585180122	-13.044821779087226
sp|P15291|B4GT1_HUMAN	psvid_69069_sp|P15291|B4GT1_HUMAN	0.043058076727893635	-0.5266892626341731	0.6128054160899604	0.24062555555657647	0.17894224338848214	0.8630846246468499	1.0	0.34717156925683623	-14.607684563332402
sp|P04843|RPN1_HUMAN	psvid_70578_sp|P04843|RPN1_HUMAN	-0.021901347902997692	-0.31221122014349456	0.2684085243374992	0.12260868891400958	-0.17862802462848282	0.8633221399184122	1.0	0.03579684298335663	-9.991832820410433
sp|P08910|ABHD2_HUMAN	psvid_33718_sp|P08910|ABHD2_HUMAN	-0.04976188015205185	-0.7102600529000891	0.6107362925959854	0.27895301791062943	-0.1783880329554079	0.8635035577956384	1.0	0.4194328155345895	-11.04602541460036
sp|Q9BRX8|PXL2A_HUMAN	psvid_91433_sp|Q9BRX8|PXL2A_HUMAN	0.023679088802490256	-0.2906469742667768	0.33800515187175734	0.13275162221317358	0.1783713705921137	0.8635161537718321	1.0	0.0921215931975015	-10.527952006790589
sp|P52815|RM12_HUMAN	psvid_67649_sp|P52815|RM12_HUMAN	0.080306431263788	-0.988683164636549	1.149296027164125	0.4514741844792626	0.17787602043384762	0.8638906350394756	1.0	0.7255767490188127	-12.61933985710937
sp|P22307|SCP2_HUMAN	psvid_76199_sp|P22307|SCP2_HUMAN	-0.04847042561773929	-0.6940458627964876	0.597105011561009	0.2726505899944156	-0.17777487889805063	0.8639671019578511	1.0	0.4077417727772198	-11.56768280550897
sp|Q32P28|P3H1_HUMAN	psvid_51227_sp|Q32P28|P3H1_HUMAN	0.04747592072320472	-0.5862483667613165	0.681200208207726	0.2676454073772392	0.17738365544337048	0.8642628967738178	1.0	0.39841030093606683	-14.480661771121483
sp|Q5T2W1|NHRF3_HUMAN	psvid_43533_sp|Q5T2W1|NHRF3_HUMAN	0.04284172890848037	-0.5291009678913252	0.614784425708286	0.24155273689926188	0.17735973294455884	0.8642809847691132	1.0	0.3489580472680361	-12.453809907210756
sp|P13671|CO6_HUMAN	psvid_26930_sp|P13671|CO6_HUMAN	-0.06400387412954078	-0.918579709023009	0.7905719607639274	0.3609192546062757	-0.17733571515701527	0.8642991449009001	1.0	0.5672918157410093	-13.662795680882224
sp|Q00266|METK1_HUMAN	psvid_60161_sp|Q00266|METK1_HUMAN	0.03664799215331804	-0.45378810537003034	0.5270840896766664	0.20712945946125835	0.17693278517039104	0.8646038181287331	1.0	0.28072680899431196	-11.59799896544644
sp|Q9P1U1|ARP3B_HUMAN	psvid_42114_sp|Q9P1U1|ARP3B_HUMAN	0.08256708874301744	-1.0243992206684671	1.189533398154502	0.4675131672976196	0.17660911931161738	0.86484857415149	1.0	0.7533016082992201	-15.591483937214605
sp|P61313|RL15_HUMAN	psvid_17606_sp|P61313|RL15_HUMAN	0.022077080816542693	-0.2755519806353881	0.3197061422684735	0.125699855556748	0.17563330298797244	0.8655865824637554	1.0	0.05845142913674673	-9.741544969948118
sp|P31946|1433B_HUMAN	psvid_54151_sp|P31946|1433B_HUMAN	-0.03394046162407349	-0.4915693571103152	0.4236884338621682	0.19327375418446907	-0.17560822868727022	0.8656055480184766	1.0	0.2517436216843426	-11.612718850340151
sp|Q9Y696|CLIC4_HUMAN	psvid_66353_sp|Q9Y696|CLIC4_HUMAN	-0.11994530008631887	-1.7586726733411158	1.518782073168478	0.6920957016433207	-0.17330739058416236	0.867346245703521	1.0	1.1366196377926665	-14.332323414770457
sp|Q5T1J5|CHCH9_HUMAN	psvid_44270_sp|Q5T1J5|CHCH9_HUMAN	-0.0651082913420491	-0.9584664953096194	0.8282499126255212	0.37729849582345254	-0.17256440739301251	0.8679085185624569	1.0	0.5962006211219442	-13.94679268995181
sp|Q9Y6H1|CHCH2_HUMAN	psvid_44269_sp|Q9Y6H1|CHCH2_HUMAN	-0.0651082913420491	-0.9584664953096194	0.8282499126255212	0.37729849582345254	-0.17256440739301251	0.8679085185624569	1.0	0.5962006211219442	-13.94679268995181
sp|Q14847|LASP1_HUMAN	psvid_70626_sp|Q14847|LASP1_HUMAN	-0.08596726432874746	-1.2714934595995788	1.099558930942084	0.5006919377338842	-0.1716969214999398	0.8685651161267924	1.0	0.8104463593484149	-14.063124873030768
sp|A0M8Q6|IGLC7_HUMAN	psvid_166234_sp|A0M8Q6|IGLC7_HUMAN	-0.10116287000858515	-1.4985747953425277	1.2962490553253574	0.5901791858323726	-0.1714104333684825	0.8687819826608336	1.0	0.9635213805800303	-13.271725854747668
sp|Q9C0K3|ARP3C_HUMAN	psvid_51710_sp|Q9C0K3|ARP3C_HUMAN	0.07979138593487711	-1.0245082258090852	1.1840909976788394	0.46638692139278143	0.1710840983632096	0.8690290273625918	1.0	0.7513570942391892	-14.600042764123813
sp|O95292|VAPB_HUMAN	psvid_59440_sp|O95292|VAPB_HUMAN	0.024423218783784506	-0.3153887372733784	0.3642351748409474	0.14351526556065172	0.17017854294714652	0.8697146402672967	1.0	0.12945368157490472	-10.439933540514273
sp|P31153|METK2_HUMAN	psvid_59069_sp|P31153|METK2_HUMAN	-0.061061510054435164	-0.9117649388772955	0.7896419187684252	0.3592837930644561	-0.1699534218719424	0.8698851023382559	1.0	0.5643965803718933	-13.210424223589632
sp|P34896|GLYC_HUMAN	psvid_90832_sp|P34896|GLYC_HUMAN	-0.029746975815528653	-0.44554717853635073	0.3860532269052934	0.17560793683084341	-0.16939425604767971	0.870308535798764	1.0	0.2127144073716264	-11.10779757860695
sp|P45880|VDAC2_HUMAN	psvid_77241_sp|P45880|VDAC2_HUMAN	-0.029134965695105652	-0.43759392640424727	0.37932399501403596	0.17250745646789203	-0.16889105138784768	0.8706896312158727	1.0	0.20553594640234907	-11.227307604805564
sp|Q96HV5|TM41A_HUMAN	psvid_89321_sp|Q96HV5|TM41A_HUMAN	-0.06432731697583094	-0.9708700447126755	0.8422154107610136	0.3828668120533848	-0.16801486822749603	0.8713532849743432	1.0	0.6059948958164959	-14.50294567392206
sp|Q9NWS8|RMND1_HUMAN	psvid_65450_sp|Q9NWS8|RMND1_HUMAN	-0.1218477757471561	-1.8483020227913811	1.604606471297069	0.72914603305243	-0.16711024983166098	0.8720385934134806	1.0	1.199326162862711	-14.788791367777634
sp|Q86VB7|C163A_HUMAN	psvid_47983_sp|Q86VB7|C163A_HUMAN	-0.02865729890296942	-0.4355153855037482	0.37820078769780935	0.17183134761211	-0.16677573272404322	0.8722920422374676	1.0	0.20395442766545274	-12.071213897626766
sp|P83731|RL24_HUMAN	psvid_44469_sp|P83731|RL24_HUMAN	-0.10366467633652299	-1.5802256611462555	1.3728963084732095	0.6236067862656929	-0.16623404141781706	0.8727024919428443	1.0	1.0204113654229183	-12.361817683308724
sp|P53597|SUCA_HUMAN	psvid_57510_sp|P53597|SUCA_HUMAN	0.08026132225921234	-1.0636400369090055	1.2241626814274302	0.48311221665373405	0.16613391152709941	0.8727783668621978	1.0	0.7802007570373096	-14.923569139707467
sp|Q969M3|YIPF5_HUMAN	psvid_88888_sp|Q969M3|YIPF5_HUMAN	0.0814241434769114	-1.0832065974192195	1.2460548843730423	0.4918670078568108	0.1655409738329412	0.8732277036928341	1.0	0.7952718842648377	-14.53743512976964
sp|P08631|HCK_HUMAN	psvid_37528_sp|P08631|HCK_HUMAN	0.08273209725771036	-1.1032907194900183	1.268754914005439	0.5009016795097977	0.16516634030589653	0.8735116323588802	1.0	0.8108068060865333	-15.776324945700061
sp|O95202|LETM1_HUMAN	psvid_45183_sp|O95202|LETM1_HUMAN	-0.07523624227236247	-1.1551285295293614	1.0046560449846365	0.45607879775871396	-0.1649632533722074	0.8736655570173045	1.0	0.7335436508914492	-13.527780495180606
sp|P52907|CAZA1_HUMAN	psvid_86737_sp|P52907|CAZA1_HUMAN	0.06484833842660631	-0.8679377757955057	0.9976344526487183	0.39395037316272496	0.1646104251811943	0.8739329882804715	1.0	0.6254440494963237	-13.003934112306183
sp|P22695|QCR2_HUMAN	psvid_59582_sp|P22695|QCR2_HUMAN	-0.03171782524088984	-0.48841633492339726	0.4249806844416176	0.19288081755196776	-0.1644426109524558	0.8740601917304772	1.0	0.2509038995478041	-10.323154634746551
sp|Q96DC8|ECHD3_HUMAN	psvid_59818_sp|Q96DC8|ECHD3_HUMAN	-0.06586220443820157	-1.0189080351026583	0.887183626226255	0.4025068071950739	-0.16363003869964765	0.8746761792779808	1.0	0.6404196327484889	-14.225679960306284
sp|O00560|SDCB1_HUMAN	psvid_82107_sp|O00560|SDCB1_HUMAN	0.08017554344711986	-1.085735101996253	1.2460861888904926	0.49240755929332003	0.16282354308732383	0.8752876525841333	1.0	0.7962018549526456	-14.751398779582885
sp|P13987|CD59_HUMAN	psvid_44080_sp|P13987|CD59_HUMAN	0.06682024483374649	-0.9091444990663765	1.0427849887338696	0.4121863192332698	0.16211174829393285	0.8758274011287642	1.0	0.6573230447467594	-11.98285307352854
sp|Q00839|HNRPU_HUMAN	psvid_45766_sp|Q00839|HNRPU_HUMAN	-0.06456852834815718	-1.0136542090177127	0.8845171523213984	0.4008342881207815	-0.1610853419024399	0.8766058421251386	1.0	0.6374949100305028	-13.838918074959711
sp|Q5VT66|MARC1_HUMAN	psvid_49997_sp|Q5VT66|MARC1_HUMAN	-0.02484967093668944	-0.39204370035217606	0.3423443584787972	0.1550797366146367	-0.16023802644467533	0.8772485686095858	1.0	0.1623694529583757	-12.500693920596316
sp|P07900|HS90A_HUMAN	psvid_68313_sp|P07900|HS90A_HUMAN	0.03259961944189671	-0.4500284652997412	0.5152277041835347	0.20383184438946955	0.15993388834576472	0.8774792951754451	1.0	0.2739302071890316	-10.980530721646272
sp|P00352|AL1A1_HUMAN	psvid_25280_sp|P00352|AL1A1_HUMAN	0.02980877316510888	-0.4120049488607189	0.4716224951909367	0.18659441645487707	0.15975168888463148	0.8776175222498331	1.0	0.2373117135700187	-10.23219564829201
sp|P60228|EIF3E_HUMAN	psvid_78761_sp|P60228|EIF3E_HUMAN	-0.04827045077474734	-0.7659628920524738	0.6694219905029791	0.3031082911147447	-0.15925150248191025	0.8779970162101531	1.0	0.4637182719557302	-12.088462128376747
sp|Q9BZM1|PG12A_HUMAN	psvid_58451_sp|Q9BZM1|PG12A_HUMAN	0.08064294495644297	-1.1234376386966782	1.2847235286095642	0.5085281481100484	0.15858108396979312	0.8785057201509561	1.0	0.8239068687165529	-13.801715524055467
sp|P04080|CYTB_HUMAN	psvid_71441_sp|P04080|CYTB_HUMAN	0.05298388077162919	-0.7454051030039044	0.8513728645471628	0.337189451356355	0.15713386216116754	0.8796040611010895	1.0	0.5251074787245641	-12.324963728735469
sp|P51970|NDUA8_HUMAN	psvid_79003_sp|P51970|NDUA8_HUMAN	0.08127330357401386	-1.1456306351900436	1.3081772423380713	0.518167302387422	0.1568476111857163	0.8798213395391042	1.0	0.8404474296863605	-13.359901859795478
sp|Q9GZP9|DERL2_HUMAN	psvid_38448_sp|Q9GZP9|DERL2_HUMAN	-0.04538815661483975	-0.7336244318938507	0.6428481186641712	0.2906678533657175	-0.1561512774435792	0.8803499371621142	1.0	0.4410061591143758	-12.792675695774658
sp|Q53EP0|FND3B_HUMAN	psvid_27249_sp|Q53EP0|FND3B_HUMAN	-0.08484391712751549	-1.3731808859244947	1.2034930516694637	0.5441127626992632	-0.15593076094487715	0.8805173482906004	1.0	0.8848842786443265	-14.853582769079166
sp|O60762|DPM1_HUMAN	psvid_34961_sp|O60762|DPM1_HUMAN	-0.021425331185184415	-0.34890080208429974	0.3060501397139309	0.13830510767190338	-0.1549135208803063	0.8812896987016778	1.0	0.11257778374142058	-11.02389741412389
sp|P08574|CY1_HUMAN	psvid_76571_sp|P08574|CY1_HUMAN	-0.044920125334765526	-0.732148107764117	0.6423078570945859	0.290242013681438	-0.1547678255294517	0.8814003308364812	1.0	0.44022528622319873	-11.120797199340023
sp|Q8IZP2|ST134_HUMAN	psvid_50259_sp|Q8IZP2|ST134_HUMAN	0.0682043386608373	-0.9766383155237606	1.1130469928454352	0.4412760302029342	0.1545616212815173	0.8815569145850698	1.0	0.7079093135501926	-13.536795239337605
sp|P10644|KAP0_HUMAN	psvid_35851_sp|P10644|KAP0_HUMAN	0.10578445839291017	-1.5174343952971956	1.729003312083016	0.685545875293465	0.1543068993707044	0.8817503486747442	1.0	1.125523768255892	-14.324316880112162
sp|P61224|RAP1B_HUMAN	psvid_57822_sp|P61224|RAP1B_HUMAN	0.02045449729014681	-0.29471548737809644	0.33562448195839006	0.13310804178650096	0.15366838108064773	0.8822352731908807	1.0	0.09354131838812244	-10.298962082137688
sp|Q93084|AT2A3_HUMAN	psvid_26964_sp|Q93084|AT2A3_HUMAN	-0.032345098062379396	-0.5326166637885047	0.4679264676637459	0.21128334459058978	-0.15308872606620028	0.8826755408036377	1.0	0.28920978721077245	-12.921075946595554
sp|P36776|LONM_HUMAN	psvid_45506_sp|P36776|LONM_HUMAN	-0.02980706348915474	-0.4942916028262852	0.4346774758479757	0.19616914832911783	-0.1519457251205816	0.8835438190745956	1.0	0.2578982500014775	-13.082361445064532
sp|P59665|DEF1_HUMAN	psvid_55115_sp|P59665|DEF1_HUMAN	-0.04370133898471584	-0.7250311307737884	0.6376284528043568	0.2877509877449504	-0.15187207288911464	0.8835997747473668	1.0	0.43565258609241303	-11.482886215070831
sp|P59666|DEF3_HUMAN	psvid_55114_sp|P59666|DEF3_HUMAN	-0.04370133898471584	-0.7250311307737884	0.6376284528043568	0.2877509877449504	-0.15187207288911464	0.8835997747473668	1.0	0.43565258609241303	-11.482886215070831
sp|Q9Y639|NPTN_HUMAN	psvid_47165_sp|Q9Y639|NPTN_HUMAN	-0.03736473174497901	-0.6219944989054006	0.5472650354154426	0.24691095999746324	-0.15132876946962132	0.8840125596666576	1.0	0.3592385580085359	-13.246623583197765
sp|Q9NVA2|SEP11_HUMAN	psvid_60377_sp|Q9NVA2|SEP11_HUMAN	-0.06625369903689338	-1.1059433943964097	0.9734359963226229	0.43909974346251035	-0.15088530572678419	0.8843495182136675	1.0	0.7041348837174872	-15.309140754528116
sp|O15126|SCAM1_HUMAN	psvid_39773_sp|O15126|SCAM1_HUMAN	0.04303325088468135	-0.6359745852160391	0.7220410869854018	0.28677033923834555	0.15006172186069358	0.8849753728563345	1.0	0.43385013275898143	-14.120603195567472
sp|P00439|PH4H_HUMAN	psvid_31594_sp|P00439|PH4H_HUMAN	0.0526393654198678	-0.7785997578164585	0.8838784886561941	0.35106329070892633	0.14994266507776843	0.8850658533299276	1.0	0.5498179886115687	-13.16372150010795
sp|Q99714|HCD2_HUMAN	psvid_79401_sp|Q99714|HCD2_HUMAN	0.07139794690745882	-1.0583265709746161	1.2011224647895338	0.4771248077185118	0.1496420763549593	0.8852943021802354	1.0	0.7698831828742524	-11.89873214788061
sp|Q16795|NDUA9_HUMAN	psvid_68578_sp|Q16795|NDUA9_HUMAN	-0.03325751290622447	-0.5601375030685847	0.4936224772561357	0.2225210748441845	-0.14945781171294592	0.8854343499730548	1.0	0.31177425439200823	-11.615051430059577
sp|P06737|PYGL_HUMAN	psvid_72592_sp|P06737|PYGL_HUMAN	-0.040596560058153486	-0.6899170272769657	0.6087239071606587	0.27423225588683636	-0.14803714437920062	0.8865142557885396	1.0	0.4106817663848929	-10.312659795641093
sp|Q9HD89|RETN_HUMAN	psvid_65419_sp|Q9HD89|RETN_HUMAN	-0.06462718184044958	-1.1013963367452257	0.9721419730643266	0.4378662902791499	-0.14759570050311077	0.8868498677120836	1.0	0.7019949739533543	-13.06780196847128
sp|Q9NYU2|UGGG1_HUMAN	psvid_23108_sp|Q9NYU2|UGGG1_HUMAN	-0.019294110905872852	-0.33004254177047954	0.29145431995873383	0.13124065467133755	-0.14701321746825002	0.8872927441476325	1.0	0.08588829837470967	-10.624970551751778
sp|Q9BTU6|P4K2A_HUMAN	psvid_47878_sp|Q9BTU6|P4K2A_HUMAN	-0.06272332101662359	-1.0800823443260528	0.9546357022928056	0.42966866762103245	-0.14598067241883583	0.8880779201726711	1.0	0.6877601509692725	-14.635989311698527
sp|Q8NBJ7|SUMF2_HUMAN	psvid_32694_sp|Q8NBJ7|SUMF2_HUMAN	0.018202084962005927	-0.27727433047923183	0.3136785004032437	0.1247907128430328	0.1458608941909107	0.8881690116285789	1.0	0.05275491299539706	-11.178614824951149
sp|Q9H8H3|TMT1A_HUMAN	psvid_41230_sp|Q9H8H3|TMT1A_HUMAN	0.08048201470499805	-1.2270719520396547	1.3880359814496508	0.5522288178132125	0.14574033825996477	0.8882606963608461	1.0	0.8987613476407014	-8.425542601046528
sp|P17813|EGLN_HUMAN	psvid_78615_sp|P17813|EGLN_HUMAN	0.09934084959339984	-1.5153586099483727	1.7140403091351724	0.6819478173328197	0.1456722157744179	0.8883125054235341	1.0	1.1194269658539375	-15.054163422417973
sp|P62841|RS15_HUMAN	psvid_100762_sp|P62841|RS15_HUMAN	0.02179956822588336	-0.33408330214341453	0.37768243859518125	0.1503026121922121	0.1450378533541741	0.8887949839665332	1.0	0.1493509607496657	-10.187657023258767
sp|P01857|IGHG1_HUMAN	psvid_35056_sp|P01857|IGHG1_HUMAN	-0.04781439449381031	-0.8287491530887244	0.7331203641011038	0.3298178809413027	-0.14497211114615033	0.8888449885736438	1.0	0.5119183378884425	-12.687488365313428
sp|P54619|AAKG1_HUMAN	psvid_30519_sp|P54619|AAKG1_HUMAN	-0.036550472972974646	-0.6353909316871859	0.5622899857412366	0.25291266516348027	-0.14451815985312075	0.8891902862297509	1.0	0.3706709696076019	-12.799848393932287
sp|P49327|FAS_HUMAN	psvid_52701_sp|P49327|FAS_HUMAN	0.021326180947505158	-0.32941044659692503	0.37206280849193535	0.14812916186921568	0.143970172236134	0.8896071469418758	1.0	0.14318311122184307	-12.171707370630841
sp|P62879|GBB2_HUMAN	psvid_21038_sp|P62879|GBB2_HUMAN	0.030669137186786433	-0.4761202996620387	0.5374585740356116	0.21403608471167906	0.14328956366446252	0.8901249462004123	1.0	0.2947865956322137	-11.380077556117701
sp|Q8NBJ5|GT251_HUMAN	psvid_52711_sp|Q8NBJ5|GT251_HUMAN	-0.03762623228547701	-0.6594202198031707	0.5841677552322166	0.2626067966472816	-0.14327973520051124	0.8901324240064566	1.0	0.38897135618916806	-13.208619658589857
sp|O75340|PDCD6_HUMAN	psvid_41785_sp|O75340|PDCD6_HUMAN	-0.12223522582405	-2.1441637901149155	1.8996933384668155	0.8539358597496122	-0.14314333380951041	0.890236203735762	1.0	1.409936736697537	-13.361654715364196
sp|Q8TBQ9|KISHA_HUMAN	psvid_89725_sp|Q8TBQ9|KISHA_HUMAN	0.08038659238333512	-1.2781046052821692	1.4388777900488394	0.5737415106194084	0.14010942366110163	0.892545119462049	1.0	0.9354960802454926	-12.452222481460858
sp|P22303|ACES_HUMAN	psvid_22952_sp|P22303|ACES_HUMAN	0.07881034284957611	-1.2557352375884012	1.4133559232875534	0.5636283831847628	0.13982678161852136	0.8927602776923204	1.0	0.9182354833217384	-14.669173983845322
sp|O94906|PRP6_HUMAN	psvid_61944_sp|O94906|PRP6_HUMAN	0.040366033908725285	-0.645440432180315	0.7261724999977656	0.2896416543019574	0.1393654307285611	0.8931114969479067	1.0	0.43912398475795833	-15.767657198437323
sp|P62244|RS15A_HUMAN	psvid_9975_sp|P62244|RS15A_HUMAN	0.02333758887167603	-0.3734923078394372	0.42016748558278927	0.16759606892501785	0.13924902309085316	0.8932001203444894	1.0	0.19390325793106325	-9.808836562552017
sp|O60701|UGDH_HUMAN	psvid_74311_sp|O60701|UGDH_HUMAN	-0.03402277592189673	-0.6139352146287644	0.545889662784971	0.2449186562139121	-0.13891459494282551	0.8934547361032263	1.0	0.35542452598689667	-11.512861290136364
sp|O14662|STX16_HUMAN	psvid_56434_sp|O14662|STX16_HUMAN	-0.10061995974583704	-1.8178170841978578	1.6165771647061837	0.7252364048493416	-0.13874091134012986	0.8935869748619707	1.0	1.192713732530028	-14.741920664851193
sp|Q8IX05|CD302_HUMAN	psvid_70450_sp|Q8IX05|CD302_HUMAN	0.037757084423097886	-0.6071526079965509	0.6826667768427467	0.27236942114736745	0.1386245352508538	0.8936755830127465	1.0	0.40721870429944745	-12.027425650203657
sp|P08709|FA7_HUMAN	psvid_78968_sp|P08709|FA7_HUMAN	0.04268308683359834	-0.686724483377595	0.7720906570447916	0.30805602709046453	0.13855624652675247	0.8937275784522889	1.0	0.47270102786694107	-14.236597297389086
sp|P54819|KAD2_HUMAN	psvid_40045_sp|P54819|KAD2_HUMAN	-0.02033247704199681	-0.37017651807576274	0.3295115639917691	0.14775218928826186	-0.1376120187453095	0.894446576490671	1.0	0.1420955002206136	-10.10272083003823
sp|Q9UI17|M2GD_HUMAN	psvid_65395_sp|Q9UI17|M2GD_HUMAN	-0.09507264802492532	-1.731452122449271	1.5413068263994203	0.6911040963800112	-0.13756632108377573	0.8944813764489529	1.0	1.134940002297318	-15.725417602061235
sp|Q06278|AOXA_HUMAN	psvid_38112_sp|Q06278|AOXA_HUMAN	-0.018373303295150745	-0.3349930659857827	0.2982464593954812	0.133720337128611	-0.13740096450309924	0.8946073018722426	1.0	0.09593983320334028	-11.43802265269736
sp|Q6UW68|TM205_HUMAN	psvid_95127_sp|Q6UW68|TM205_HUMAN	0.0188376128637886	-0.3070381827101152	0.3447134084376924	0.13762950510696614	0.13687190729304693	0.8950102212798536	1.0	0.11025053645828017	-10.622177375147889
sp|P63000|RAC1_HUMAN	psvid_76440_sp|P63000|RAC1_HUMAN	-0.03174362173083667	-0.5815887577290988	0.5181015142674255	0.23222011263414427	-0.1366962636042115	0.8951439953716742	1.0	0.33086577910286974	-11.316741620306763
sp|Q9Y285|SYFA_HUMAN	psvid_58177_sp|Q9Y285|SYFA_HUMAN	0.11930143123897663	-1.961664429671084	2.200267292149037	0.8788695124691811	0.1357441913120864	0.8958691781827564	1.0	1.4519321067887452	-13.268494673826089
sp|Q13370|PDE3B_HUMAN	psvid_46314_sp|Q13370|PDE3B_HUMAN	-0.06532912140613156	-1.2082904455270582	1.077632202714795	0.48271520478571833	-0.13533677986201356	0.896179531634666	1.0	0.7795168887213815	-16.93064951857304
sp|Q9Y6N5|SQOR_HUMAN	psvid_59234_sp|Q9Y6N5|SQOR_HUMAN	-0.01866720256942811	-0.34549384754440254	0.3081594424055463	0.13803108428000702	-0.13523912143992295	0.8962539277053213	1.0	0.11163833297029158	-11.031387816418688
sp|P02792|FRIL_HUMAN	psvid_74784_sp|P02792|FRIL_HUMAN	-0.051580635519512086	-0.9555009722350026	0.8523397011959785	0.38175927849806107	-0.1351129846075871	0.8963500202540519	1.0	0.6040480988907074	-9.790401287436275
sp|Q05639|EF1A2_HUMAN	psvid_59807_sp|Q05639|EF1A2_HUMAN	0.025586925037007102	-0.4241808800966229	0.4753547301706371	0.18995372247445602	0.13470083504390337	0.8966640137417229	1.0	0.2446131148852078	-11.777399962278682
sp|Q5XG92|EST4A_HUMAN	psvid_42952_sp|Q5XG92|EST4A_HUMAN	0.07594320190759296	-1.263200625371829	1.415087029187015	0.5655703943612395	0.13427718753447823	0.8969867875919117	1.0	0.9215511442680692	-14.538877252456928
sp|O60814|H2B1K_HUMAN	psvid_12954_sp|O60814|H2B1K_HUMAN	-0.04770644304482463	-0.8890651674078874	0.7936522813182382	0.3553371757714847	-0.13425683068833857	0.8970022978478233	1.0	0.5574029777360259	-10.445200203477714
sp|P57053|H2BFS_HUMAN	psvid_69359_sp|P57053|H2BFS_HUMAN	-0.04770644304482463	-0.8890651674078874	0.7936522813182382	0.3553371757714847	-0.13425683068833857	0.8970022978478233	1.0	0.5574029777360259	-10.445200203477714
sp|P58876|H2B1D_HUMAN	psvid_12944_sp|P58876|H2B1D_HUMAN	-0.04770644304482463	-0.8890651674078874	0.7936522813182382	0.3553371757714847	-0.13425683068833857	0.8970022978478233	1.0	0.5574029777360259	-10.445200203477714
sp|P62807|H2B1C_HUMAN	psvid_12948_sp|P62807|H2B1C_HUMAN	-0.04770644304482463	-0.8890651674078874	0.7936522813182382	0.3553371757714847	-0.13425683068833857	0.8970022978478233	1.0	0.5574029777360259	-10.445200203477714
sp|Q5QNW6|H2B2F_HUMAN	psvid_12939_sp|Q5QNW6|H2B2F_HUMAN	-0.04770644304482463	-0.8890651674078874	0.7936522813182382	0.3553371757714847	-0.13425683068833857	0.8970022978478233	1.0	0.5574029777360259	-10.445200203477714
sp|Q93079|H2B1H_HUMAN	psvid_69358_sp|Q93079|H2B1H_HUMAN	-0.04770644304482463	-0.8890651674078874	0.7936522813182382	0.3553371757714847	-0.13425683068833857	0.8970022978478233	1.0	0.5574029777360259	-10.445200203477714
sp|Q99877|H2B1N_HUMAN	psvid_12946_sp|Q99877|H2B1N_HUMAN	-0.04770644304482463	-0.8890651674078874	0.7936522813182382	0.3553371757714847	-0.13425683068833857	0.8970022978478233	1.0	0.5574029777360259	-10.445200203477714
sp|Q99879|H2B1M_HUMAN	psvid_69353_sp|Q99879|H2B1M_HUMAN	-0.04770644304482463	-0.8890651674078874	0.7936522813182382	0.3553371757714847	-0.13425683068833857	0.8970022978478233	1.0	0.5574029777360259	-10.445200203477714
sp|Q99880|H2B1L_HUMAN	psvid_69356_sp|Q99880|H2B1L_HUMAN	-0.04770644304482463	-0.8890651674078874	0.7936522813182382	0.3553371757714847	-0.13425683068833857	0.8970022978478233	1.0	0.5574029777360259	-10.445200203477714
sp|P29692|EF1D_HUMAN	psvid_32162_sp|P29692|EF1D_HUMAN	-0.040340581070236414	-0.7571253808775669	0.676444218737094	0.30272496026267826	-0.13325819263542849	0.89776323780528	1.0	0.4630211886655099	-13.234137074250553
sp|O95721|SNP29_HUMAN	psvid_92333_sp|O95721|SNP29_HUMAN	0.047188340766152415	-0.8099428851121099	0.9043195666444147	0.3619984915467568	0.13035507569251137	0.8999760013697242	1.0	0.5692014678729805	-12.162951699639045
sp|Q13200|PSMD2_HUMAN	psvid_47390_sp|Q13200|PSMD2_HUMAN	-0.024562708635668784	-0.47153294993363487	0.4224075326622973	0.18877220690491367	-0.13011824695168844	0.900156555315839	1.0	0.24205543223581957	-12.795902260335728
sp|O75844|FACE1_HUMAN	psvid_83741_sp|O75844|FACE1_HUMAN	-0.021888166874942883	-0.42223541030686634	0.3784590765569806	0.16908157565810364	-0.129453293711921	0.9006635375328497	1.0	0.19745814947288784	-11.875072077534313
sp|P60891|PRPS1_HUMAN	psvid_86841_sp|P60891|PRPS1_HUMAN	-0.05417454471353089	-1.046331506370981	0.9379824169439194	0.4190248968349002	-0.12928717391911007	0.9007902005099402	1.0	0.6692427040426585	-11.223211467136782
sp|P11168|GTR2_HUMAN	psvid_49999_sp|P11168|GTR2_HUMAN	-0.0322911492711242	-0.6246815052017487	0.5600992066595003	0.25018854614006303	-0.1290672565523709	0.9009578878215596	1.0	0.36549224547661147	-12.354418458354285
sp|Q32P51|RA1L2_HUMAN	psvid_31215_sp|Q32P51|RA1L2_HUMAN	0.05246138560818947	-0.9144383458432858	1.0193611170596646	0.4083578263103797	0.128469156774077	0.9014139672164823	1.0	0.650641926873305	-12.255232339245222
sp|Q5JNZ5|RS26L_HUMAN	psvid_97694_sp|Q5JNZ5|RS26L_HUMAN	-0.025670142317170797	-0.49996258228623336	0.44862229765189177	0.20031139064488684	-0.1281511861833108	0.9016564511374964	1.0	0.2666083248487103	-11.159250337239488
sp|Q8TAA3|PSMA8_HUMAN	psvid_76109_sp|Q8TAA3|PSMA8_HUMAN	0.0329418309017071	-0.5804737152258795	0.6463573770292937	0.25906826829460855	0.12715502025221456	0.9024161987315565	1.0	0.3823136702273094	-12.86679445054471
sp|P09110|THIK_HUMAN	psvid_80719_sp|P09110|THIK_HUMAN	0.021024519536194664	-0.37163133410991855	0.4136803731823079	0.16583321482804692	0.12678111292719657	0.9027013956710146	1.0	0.18964020255533576	-10.998385145274595
sp|Q99536|VAT1_HUMAN	psvid_75428_sp|Q99536|VAT1_HUMAN	-0.0170854848565396	-0.3380767885668574	0.3039058188537782	0.13556660197940973	-0.12603019185458816	0.9032742055275259	1.0	0.10289538252069326	-11.33311756434398
sp|P25311|ZA2G_HUMAN	psvid_23271_sp|P25311|ZA2G_HUMAN	0.02076746197925905	-0.3711975334915535	0.4127324574500716	0.16554143964849335	0.12545174201309456	0.9037154948643086	1.0	0.18892974695296352	-10.947219113553471
sp|P05155|IC1_HUMAN	psvid_79219_sp|P05155|IC1_HUMAN	0.022355676562912485	-0.4001195159388654	0.4448308690646904	0.17842703402254836	0.12529310194153276	0.9038365250122957	1.0	0.2191432243285721	-11.29649912701204
sp|Q13505|MTX1_HUMAN	psvid_59325_sp|Q13505|MTX1_HUMAN	0.019847586719351717	-0.35605475278059573	0.39574992621929916	0.1587575808225246	0.12501819829025596	0.9040462618098174	1.0	0.17197278863154722	-13.216441150574791
sp|O96011|PX11B_HUMAN	psvid_66965_sp|O96011|PX11B_HUMAN	-0.031424580535447166	-0.6280406473016298	0.5651914862307355	0.2519732214639814	-0.12471396901967692	0.9042783820767885	1.0	0.3688869186177766	-13.354456568692207
sp|O43772|MCAT_HUMAN	psvid_55316_sp|O43772|MCAT_HUMAN	0.01854948066641704	-0.33391984767939054	0.3710188090122246	0.14886094605518765	0.12460945034932222	0.9043581298529071	1.0	0.14527892066799195	-10.435155634334848
sp|O14678|ABCD4_HUMAN	psvid_59000_sp|O14678|ABCD4_HUMAN	-0.05312440348837688	-1.0645953820212448	0.9583465750444911	0.4271819266612792	-0.12436013832228499	0.9045483597867464	1.0	0.6834374913430954	-13.512795731462067
sp|Q9BWD1|THIC_HUMAN	psvid_69241_sp|Q9BWD1|THIC_HUMAN	0.026670113937504514	-0.4815776680707575	0.5349178959457666	0.21465199827535741	0.12424815120189035	0.9046338103330324	1.0	0.2960297473273112	-13.093032412801826
sp|P00734|THRB_HUMAN	psvid_80667_sp|P00734|THRB_HUMAN	0.035628875403168614	-0.6439856068296618	0.715243357635999	0.28702654853057086	0.1241309404498303	0.9047232481676178	1.0	0.43432117850073787	-11.160747608102952
sp|Q13637|RAB32_HUMAN	psvid_31410_sp|Q13637|RAB32_HUMAN	-0.027033278343425948	-0.5459391123726548	0.4918725556858029	0.21915329123719476	-0.12335328477530003	0.9053166770074053	1.0	0.3050663187290882	-11.904315073332905
sp|P35613|BASI_HUMAN	psvid_69182_sp|P35613|BASI_HUMAN	-0.021732248627287287	-0.44237245185459095	0.3989079546000164	0.17765204959856648	-0.1223304131666075	0.9060973289316528	1.0	0.21738472246727775	-12.102617833701451
sp|P22059|OSBP1_HUMAN	psvid_37445_sp|P22059|OSBP1_HUMAN	0.034805445038243565	-0.6389525144985505	0.7085634045750376	0.284553120521339	0.12231616007048307	0.9061082076329885	1.0	0.42976991515080404	-13.299379256429132
sp|Q01082|SPTB2_HUMAN	psvid_25064_sp|Q01082|SPTB2_HUMAN	0.05005432963893597	-0.923590546568919	1.0236992058467909	0.411206552565303	0.12172551562389544	0.9065590370780044	1.0	0.6556138113449719	-14.138701052322611
sp|Q9Y3A6|TMED5_HUMAN	psvid_86377_sp|Q9Y3A6|TMED5_HUMAN	-0.030636750318357553	-0.6277975217028732	0.5665240210661581	0.252203270544241	-0.12147641960488896	0.9067491791809238	1.0	0.36932397562839375	-11.573851710837712
sp|O14979|HNRDL_HUMAN	psvid_30372_sp|O14979|HNRDL_HUMAN	-0.06019468378916848	-1.2362404238780267	1.1158510562996897	0.4966879878468242	-0.12119214730784306	0.906966180364006	1.0	0.8035636651207857	-14.487558185700331
sp|Q9C037|TRIM4_HUMAN	psvid_71060_sp|Q9C037|TRIM4_HUMAN	0.06790058157350298	-1.2658349601228687	1.4016361232698746	0.5632862736060864	0.12054364673012921	0.9074612495777662	1.0	0.9176513314046778	-15.05294778779228
sp|Q460N5|PAR14_HUMAN	psvid_51830_sp|Q460N5|PAR14_HUMAN	-0.053561086657475165	-1.1207586290878873	1.013636455772937	0.45071733344724096	-0.11883520486736461	0.9087656951764966	1.0	0.7242666518789007	-16.166092764846017
sp|P42330|AK1C3_HUMAN	psvid_90372_sp|P42330|AK1C3_HUMAN	0.03364367652082478	-0.6419012249594821	0.7091885780011317	0.2853078127650739	0.11792062823224339	0.909464125846773	1.0	0.4311595051186941	-10.904927411094814
sp|Q92575|UBXN4_HUMAN	psvid_44387_sp|Q92575|UBXN4_HUMAN	-0.03006301405302736	-0.6345871760733214	0.5744611479672667	0.25531310509739247	-0.11774959237427093	0.9095947496032515	1.0	0.3752207161869953	-11.83119044423139
sp|Q9H2F3|3BHS7_HUMAN	psvid_73123_sp|Q9H2F3|3BHS7_HUMAN	0.023335216964667893	-0.4470323960279149	0.4937028299572507	0.1986537897989815	0.11746675957343118	0.9098107616718722	1.0	0.26313564795430266	-11.692340464028746
sp|Q53EU6|GPAT3_HUMAN	psvid_57619_sp|Q53EU6|GPAT3_HUMAN	0.08085460058008964	-1.5504612625038172	1.7121704636639965	0.688965544415416	0.11735652273974656	0.909894956695478	1.0	1.1313173468339848	-15.395629702133522
sp|P10253|LYAG_HUMAN	psvid_70365_sp|P10253|LYAG_HUMAN	-0.03343408941508974	-0.7083901198794798	0.6415219410493003	0.2850591105675089	-0.11728826820699612	0.9099470877348017	1.0	0.4307016668541169	-14.746790365447609
sp|P21397|AOFA_HUMAN	psvid_72509_sp|P21397|AOFA_HUMAN	0.0188203740277908	-0.362709397357653	0.4003501454132346	0.1611342552363455	0.11679933605790899	0.9103205353241464	1.0	0.1780155401062229	-10.095435757081756
sp|P14209|CD99_HUMAN	psvid_63586_sp|P14209|CD99_HUMAN	-0.09024170707190038	-1.919931331085843	1.7394479169420423	0.7727461838916508	-0.11678052762089532	0.9103349017419652	1.0	1.2730038138895783	-12.865337128384386
sp|B2RXH8|HNRC2_HUMAN	psvid_44841_sp|B2RXH8|HNRC2_HUMAN	-0.0248146240899616	-0.5299443184579669	0.48031507027804365	0.21333511354615273	-0.11631757978085135	0.910688525777872	1.0	0.2933697319186021	-12.611892158709686
sp|B7ZW38|HNRC3_HUMAN,sp|P0DMR1|HNRC4_HUMAN	psvid_73479_sp|B7ZW38|HNRC3_HUMAN	-0.0248146240899616	-0.5299443184579669	0.48031507027804365	0.21333511354615273	-0.11631757978085135	0.910688525777872	1.0	0.2933697319186021	-12.611892158709686
sp|O60812|HNRC1_HUMAN	psvid_51655_sp|O60812|HNRC1_HUMAN	-0.0248146240899616	-0.5299443184579669	0.48031507027804365	0.21333511354615273	-0.11631757978085135	0.910688525777872	1.0	0.2933697319186021	-12.611892158709686
sp|P22626|ROA2_HUMAN	psvid_432_sp|P22626|ROA2_HUMAN	-0.038916130166947394	-0.8341381682686657	0.7563059079347709	0.3358519320569537	-0.11587287864804663	0.9110282324856646	1.0	0.5227176406945849	-10.868667339363185
sp|P27144|KAD4_HUMAN	psvid_24285_sp|P27144|KAD4_HUMAN	-0.068990562450018	-1.4849856334471243	1.3470045085470883	0.5980275414810261	-0.11536352034751045	0.9114173552818202	1.0	0.9768901759822061	-12.72070551795595
sp|O00757|F16P2_HUMAN	psvid_68491_sp|O00757|F16P2_HUMAN	-0.023426703088326395	-0.5052736214036394	0.4584202152269866	0.2035019286666036	-0.11511784306824074	0.9116050490654636	1.0	0.2732470181846152	-13.908281253583823
sp|Q71UM5|RS27L_HUMAN	psvid_100491_sp|Q71UM5|RS27L_HUMAN	0.033104660086430204	-0.6541989717846999	0.7204082919575603	0.2902739632627663	0.114046260692223	0.9124237927439766	1.0	0.440283881271133	-10.600795094161288
sp|Q9NZN3|EHD3_HUMAN	psvid_70898_sp|Q9NZN3|EHD3_HUMAN	0.04935460489836396	-0.9820113721206907	1.0807205819174186	0.435584326695119	0.11330665929334278	0.9129889526944593	1.0	0.6980346996079289	-11.866674772579328
sp|P50225|ST1A1_HUMAN	psvid_56215_sp|P50225|ST1A1_HUMAN	-0.03861434657639151	-0.8503528842742624	0.7731241911214793	0.3428274659762943	-0.11263492691994988	0.9135022979899696	1.0	0.535166213951061	-11.659798142586475
sp|Q4VXU2|PAP1L_HUMAN	psvid_883404_sp|Q4VXU2|PAP1L_HUMAN	0.09125396850765588	-1.8298456951160662	2.012353632131378	0.811352053625382	0.11247148275511695	0.9136272105428183	1.0	1.3381543099844648	-14.871955659030103
sp|Q9H361|PABP3_HUMAN	psvid_38457_sp|Q9H361|PABP3_HUMAN	0.08441920854081353	-1.6941291816366468	1.8629675987182739	0.7511473330439559	0.11238701760240885	0.9136917642443239	1.0	1.2365192190043248	-13.287256427444632
sp|P29144|TPP2_HUMAN	psvid_64211_sp|P29144|TPP2_HUMAN	0.06323426256713027	-1.2696465210725232	1.3961150462067837	0.5629252773924058	0.11233153867249547	0.9137341651910417	1.0	0.9170349120491039	-11.856133070493108
sp|P62318|SMD3_HUMAN	psvid_19791_sp|P62318|SMD3_HUMAN	0.025839654797190637	-0.528441390537155	0.5801207001315363	0.23409356262618608	0.11038174013547253	0.9152245305659669	1.0	0.3345180540129095	-12.357378904314828
sp|P57105|SYJ2B_HUMAN	psvid_91317_sp|P57105|SYJ2B_HUMAN	-0.036375293185552326	-0.8224879259996399	0.7497373396285353	0.33200469038210806	-0.10956258823839982	0.9158507744396132	1.0	0.5158355656824433	-11.331128966434612
sp|Q9NRG7|D39U1_HUMAN	psvid_36339_sp|Q9NRG7|D39U1_HUMAN	-0.04542581590652839	-1.0275023948510542	0.9366507630379975	0.4147675751715183	-0.10952113575354465	0.9158824666880584	1.0	0.6618243089200258	-13.66749215626763
sp|P53999|TCP4_HUMAN	psvid_8208_sp|P53999|TCP4_HUMAN	-0.023366508239754946	-0.5291161097791227	0.4823830932996128	0.21359692346995096	-0.10939534081370873	0.9159786434596339	1.0	0.2938991798869082	-12.280442037334478
sp|P35268|RL22_HUMAN	psvid_77830_sp|P35268|RL22_HUMAN	0.029634588434007014	-0.6136004093172631	0.6728695861852771	0.27166213511525106	0.1090861942222265	0.9162150085184159	1.0	0.4059023299088854	-10.31701153563646
sp|Q9Y315|DEOC_HUMAN	psvid_65846_sp|Q9Y315|DEOC_HUMAN	-0.14104125785263788	-3.2335036139308047	2.951421098225529	1.306062215757407	-0.10798969310267177	0.9170534366118852	1.0	2.168995156722409	-12.686478349487384
sp|Q3LXA3|TKFC_HUMAN	psvid_50975_sp|Q3LXA3|TKFC_HUMAN	-0.019872397091416527	-0.46096245601090347	0.4212176618280704	0.18628878652917344	-0.10667521895261498	0.9180586848189304	1.0	0.23664283474351458	-11.14987805338156
sp|P19022|CADH2_HUMAN	psvid_83022_sp|P19022|CADH2_HUMAN	0.08196108280419523	-1.772448760825278	1.9363709264336684	0.783186454810911	0.10465079203136059	0.9196071858067622	1.0	1.2906301477108657	-16.106870774559233
sp|Q15293|RCN1_HUMAN	psvid_60363_sp|Q15293|RCN1_HUMAN	-0.013232650812609048	-0.31335985257889337	0.2868945509536753	0.12675491340339395	-0.10439556508942978	0.9198024377618428	1.0	0.064478650410179	-10.001689472919761
sp|O14756|H17B6_HUMAN	psvid_48182_sp|O14756|H17B6_HUMAN	0.036800488051875746	-0.802509705315926	0.8761106814196775	0.3544720047127458	0.10381775588088496	0.9202444913062369	1.0	0.5558685093095694	-9.23418362700394
sp|P08670|VIME_HUMAN	psvid_29719_sp|P08670|VIME_HUMAN	0.10269096727332894	-2.246690848910606	2.4520727834572638	0.9922315835063933	0.10349495922155079	0.9204914604267251	1.0	1.642603271764359	-13.294989544861957
sp|Q9BZK3|NACP4_HUMAN	psvid_81120_sp|Q9BZK3|NACP4_HUMAN	0.03953902220838712	-0.8667397244892546	0.9458177689060289	0.38275532301284676	0.10330103810747013	0.9206398324396018	1.0	0.6057989511875665	-12.921494841541268
sp|P0DP25|CALM3_HUMAN,sp|P0DP23|CALM1_HUMAN,sp|P0DP24|CALM2_HUMAN	psvid_61549_sp|P0DP25|CALM3_HUMAN	0.018776317473883974	-0.41230483495495907	0.449857469902727	0.18206165194084584	0.1031316439992791	0.9207694412426429	1.0	0.22730703215192832	-10.433394546270753
sp|Q13162|PRDX4_HUMAN	psvid_68755_sp|Q13162|PRDX4_HUMAN	-0.012476213762069754	-0.2989612718535183	0.2740088443293788	0.12099332721605782	-0.1031148911194993	0.9207822595427212	1.0	0.013667007419484477	-9.222021489859038
sp|P07237|PDIA1_HUMAN	psvid_33235_sp|P07237|PDIA1_HUMAN	-0.013785385386365423	-0.3307325116753904	0.30316174090265957	0.13385859498835026	-0.10298468609778227	0.9208818854875613	1.0	0.09647466767959648	-6.696854875244776
sp|P16403|H12_HUMAN	psvid_52364_sp|P16403|H12_HUMAN	0.06596687408556878	-1.461699697518371	1.5936334456895085	0.6451905820376397	0.10224401273377601	0.9214486382478292	1.0	1.0570801305737016	-11.933800291044165
sp|Q12906|ILF3_HUMAN	psvid_28959_sp|Q12906|ILF3_HUMAN	0.04990827057218361	-1.1099751947955014	1.2097917359398687	0.48986205630637186	0.1018822950862921	0.9217254373019629	1.0	0.7918219694736774	-13.291704137120277
sp|Q9UBC5|MYO1A_HUMAN	psvid_24971_sp|Q9UBC5|MYO1A_HUMAN	-0.021172628305926366	-0.5149852702742951	0.47264001366244235	0.2085555001407185	-0.10152035449384253	0.9220024186226328	1.0	0.283648562805926	-15.883185428019557
sp|P05023|AT1A1_HUMAN	psvid_83273_sp|P05023|AT1A1_HUMAN	-0.022549925458699605	-0.5493820749601033	0.5042822240427041	0.2225008699483903	-0.10134758333273089	0.9221346388536729	1.0	0.3117341389865913	-12.022872054467548
sp|Q9NSE4|SYIM_HUMAN	psvid_32737_sp|Q9NSE4|SYIM_HUMAN	0.11159198749870658	-2.5134092164289727	2.736593191426386	1.108635932796133	0.10065701841113535	0.9226631484004637	1.0	1.8380475087529184	-16.634583756574685
sp|O43633|CHM2A_HUMAN	psvid_42492_sp|O43633|CHM2A_HUMAN	-0.04233625468074953	-1.0438608341579754	0.9591883247964763	0.422981191294562	-0.10009015897651763	0.9230970138882941	1.0	0.6761304406769639	-13.538592887724375
sp|P04899|GNAI2_HUMAN	psvid_86428_sp|P04899|GNAI2_HUMAN	-0.018799325453852322	-0.4648505552173997	0.42725190430969506	0.18838407405065583	-0.09979254110831709	0.9233248172906845	1.0	0.24121281772367387	-10.790620406606521
sp|Q9NZ43|USE1_HUMAN	psvid_62779_sp|Q9NZ43|USE1_HUMAN	0.026137743851669892	-0.5953172229762107	0.6475927106795505	0.26246361556297365	0.09958616090693374	0.9234827898719062	1.0	0.3887024373816174	-12.607797260642375
sp|Q9NQ94|A1CF_HUMAN	psvid_39347_sp|Q9NQ94|A1CF_HUMAN	-0.06592069073782403	-1.646317360588082	1.514475979112434	0.667460469597413	-0.09876343804687775	0.9241125753077855	1.0	1.0948678766581252	-13.44006825917415
sp|P14618|KPYM_HUMAN	psvid_37927_sp|P14618|KPYM_HUMAN	-0.04737784058245609	-1.1871287760501108	1.0923730948851986	0.4813593378954736	-0.0984250991984373	0.9243715870198067	1.0	0.7771810720077521	-14.421705318900958
sp|Q9UBS4|DJB11_HUMAN	psvid_58443_sp|Q9UBS4|DJB11_HUMAN	0.013413512456525112	-0.31331084047892144	0.34013786539197166	0.13798788253576022	0.0972079012303775	0.9253034812349036	1.0	0.11148967042105001	-10.615021475635395
sp|P15144|AMPN_HUMAN	psvid_43272_sp|P15144|AMPN_HUMAN	0.04030768885989122	-0.9418786559837291	1.0224940337035116	0.4148139334054687	0.09717052782914025	0.9253320965406875	1.0	0.6619051258162614	-11.193862509935428
sp|P53985|MOT1_HUMAN	psvid_87023_sp|P53985|MOT1_HUMAN	0.06655848720904611	-1.557710204050092	1.6908271784681843	0.685989260862541	0.09702555274022454	0.925443099241253	1.0	1.1262750007451787	-14.802671692252808
sp|O75356|ENTP5_HUMAN	psvid_47461_sp|O75356|ENTP5_HUMAN	-0.014387151858179514	-0.36564001326626533	0.3368657095499063	0.14834718668768757	-0.09698297742894514	0.9254756981084002	1.0	0.14380963925518536	-10.081733005408825
sp|Q9NQE9|HINT3_HUMAN	psvid_97340_sp|Q9NQE9|HINT3_HUMAN	-0.046932935569932166	-1.1956437876754544	1.10177791653559	0.48514344493692374	-0.09674032713362578	0.9256614923958912	1.0	0.7836990429693271	-12.528601628939882
sp|P04083|ANXA1_HUMAN	psvid_46613_sp|P04083|ANXA1_HUMAN	0.07934924486914019	-1.884383182617787	2.0430816723560676	0.8293574601990789	0.09567556654050378	0.9264768249547584	1.0	1.3685152239969287	-13.239317923501808
sp|Q9H1E5|TMX4_HUMAN	psvid_77976_sp|Q9H1E5|TMX4_HUMAN	-0.06710176158969716	-1.748643967630636	1.6144404444512417	0.7101780027151653	-0.09448583500636812	0.9273879652818953	1.0	1.1672355188637065	-15.155043825341082
sp|Q9P0L0|VAPA_HUMAN	psvid_79444_sp|Q9P0L0|VAPA_HUMAN	-0.01490307483293618	-0.38855004834941786	0.3587438986835455	0.15780505563238945	-0.0944397806091412	0.9274232378011084	1.0	0.1695165279858309	-10.141811074468817
sp|Q07075|AMPE_HUMAN	psvid_67756_sp|Q07075|AMPE_HUMAN	0.04446645831616092	-1.0704711626137993	1.159404079246121	0.4708797495177234	0.09443272589595032	0.9274286409381486	1.0	0.7591121786842745	-14.24430005000881
sp|P11142|HSP7C_HUMAN	psvid_16258_sp|P11142|HSP7C_HUMAN	0.011429563390754183	-0.2761417014913735	0.2990008282728819	0.12145207286417116	0.09410760245761066	0.9276776543117278	1.0	0.022274954266944032	-9.978416356288339
sp|P02790|HEMO_HUMAN	psvid_51814_sp|P02790|HEMO_HUMAN	0.014421281593801627	-0.34871113708739687	0.3775537002750001	0.15336436688515814	0.09403280492528313	0.9277349432807876	1.0	0.15777210250438123	-11.027310923226914
sp|Q15366|PCBP2_HUMAN	psvid_88152_sp|Q15366|PCBP2_HUMAN	-0.02023768354034594	-0.532472943051762	0.4919975759710701	0.21633605877582432	-0.09354743566497623	0.9281067087528587	1.0	0.29942047500372354	-12.907257060933182
sp|Q9P2E9|RRBP1_HUMAN	psvid_32461_sp|Q9P2E9|RRBP1_HUMAN	-0.02320229872327273	-0.6114601403173827	0.5650555428708373	0.2484432311743403	-0.09339074610163542	0.9282267282411876	1.0	0.36216532699838794	-12.398272211634513
sp|Q14108|SCRB2_HUMAN	psvid_70545_sp|Q14108|SCRB2_HUMAN	-0.0169384106792001	-0.44656870217940847	0.4126918808210083	0.1814488992470308	-0.09335085938515153	0.9282572805857141	1.0	0.22593998737181686	-11.50533634971593
sp|P29401|TKT_HUMAN	psvid_58607_sp|P29401|TKT_HUMAN	0.03705647049368599	-0.9032043895217751	0.977317330509147	0.3971072371529678	0.09331602908916928	0.9282839599300221	1.0	0.6309730368667354	-13.008784913589288
sp|Q9HCM4|E41L5_HUMAN	psvid_32887_sp|Q9HCM4|E41L5_HUMAN	0.04067737561824991	-0.9930356227029027	1.0743903739394025	0.43657556134546904	0.09317373490373015	0.9283929555984797	1.0	0.6997551658053284	-14.582869528539245
sp|P63208|SKP1_HUMAN	psvid_6979_sp|P63208|SKP1_HUMAN	0.055808710777734305	-1.3657397763012935	1.4773571978567621	0.6003729562598742	0.0929567366348481	0.9285591768916209	1.0	0.9808838675321804	-13.643060586181946
sp|Q9H330|TM245_HUMAN	psvid_36294_sp|Q9H330|TM245_HUMAN	0.028598010401212903	-0.7019472177189688	0.7591432385213946	0.30853650246519854	0.09268922857657215	0.9287640940980868	1.0	0.4735719281104946	-15.357122784798843
sp|P07948|LYN_HUMAN	psvid_41237_sp|P07948|LYN_HUMAN	0.06456207635898537	-1.5945837029094059	1.7237078556273766	0.7007191562014448	0.09213687935830439	0.9291872244051611	1.0	1.151223371246926	-15.192015536250821
sp|P04217|A1BG_HUMAN	psvid_84267_sp|P04217|A1BG_HUMAN	-0.01797242888174866	-0.48054970208271536	0.44460484431921804	0.19536363869019172	-0.09199474888082625	0.9292961082633331	1.0	0.25619171500689086	-11.713594349770274
sp|Q9Y4W6|AFG32_HUMAN	psvid_43496_sp|Q9Y4W6|AFG32_HUMAN	-0.03921296352148618	-1.0535008335015614	0.9750749064585891	0.4283716050021834	-0.09153959567718385	0.92964480469682	1.0	0.6855057590259879	-12.953116771761989
sp|Q7Z5P4|DHB13_HUMAN	psvid_87928_sp|Q7Z5P4|DHB13_HUMAN	-0.023277330058575796	-0.6313165806781982	0.5847619205610466	0.2567976581415384	-0.09064463526277994	0.9303304892055924	1.0	0.3780283242693662	-7.750699973177287
sp|P43155|CACP_HUMAN	psvid_85002_sp|P43155|CACP_HUMAN	-0.033691589558547896	-0.9245758761766313	0.8571926970595355	0.37625366823849554	-0.08954487996431132	0.9311731667019607	1.0	0.5943610291321829	-13.282360561239713
sp|Q14534|ERG1_HUMAN	psvid_47688_sp|Q14534|ERG1_HUMAN	-0.02214711122914803	-0.6096438024003323	0.5653495799420363	0.24812176895639704	-0.08925904132595472	0.9313922035297616	1.0	0.3615517731909691	-11.73332863852844
sp|P01911|DRB1_HUMAN	psvid_95348_sp|P01911|DRB1_HUMAN	-0.04368319689874944	-1.2031165000762658	1.115750106278767	0.48967193602038483	-0.08920910855902293	0.9314304674340044	1.0	0.7914947827963927	-13.630670897085418
sp|Q96A26|F162A_HUMAN	psvid_54187_sp|Q96A26|F162A_HUMAN	-0.019234638862705378	-0.5315604156586166	0.4930911379332058	0.21637428760176936	-0.08889521521201343	0.9316710110325567	1.0	0.29949730600282837	-10.968499574997153
sp|Q09666|AHNK_HUMAN	psvid_23288_sp|Q09666|AHNK_HUMAN	0.07247212782343393	-1.8675720949337795	2.0125163505806474	0.8193530476649064	0.08845042809076498	0.932011874627861	1.0	1.3516474971075094	-15.658904834348348
sp|P30038|AL4A1_HUMAN	psvid_32999_sp|P30038|AL4A1_HUMAN	-0.025493713864988443	-0.7084238705125996	0.6574364427826227	0.2884268815255343	-0.0883888274565403	0.9320590836199474	1.0	0.4368941291420518	-12.19608020523272
sp|Q5JRA6|TGO1_HUMAN	psvid_31913_sp|Q5JRA6|TGO1_HUMAN	-0.014508902204474428	-0.40637015114007946	0.3773523467311306	0.1654976236164618	-0.0876683416198083	0.9326112654354877	1.0	0.18882293492001823	-11.581133375894087
sp|P35580|MYH10_HUMAN	psvid_26405_sp|P35580|MYH10_HUMAN	-0.039425549881318744	-1.1047417555929093	1.0258906558302718	0.4499227747685426	-0.08762737094515997	0.9326426666446955	1.0	0.7228911004534794	-13.883571489128178
sp|Q7Z4W1|DCXR_HUMAN	psvid_38673_sp|Q7Z4W1|DCXR_HUMAN	-0.010593220489391708	-0.29689486153303424	0.2757084205542508	0.12091586335448667	-0.08760819461988846	0.9326573640256891	1.0	0.011604291637332481	-10.104389886995747
sp|Q9P2B2|FPRP_HUMAN	psvid_24684_sp|Q9P2B2|FPRP_HUMAN	-0.045245548439266425	-1.2704936668295082	1.1800025699509753	0.5174679876739958	-0.0874364202559542	0.9327890189360585	1.0	0.8392480286871509	-13.779505680549567
sp|Q14554|PDIA5_HUMAN	psvid_69506_sp|Q14554|PDIA5_HUMAN	0.013664533264466705	-0.35674025159154776	0.3840693181204812	0.15643575841282248	0.0873491674992044	0.9328558938892293	1.0	0.16594849783315646	-10.718797310813693
sp|Q14696|MESD_HUMAN	psvid_41661_sp|Q14696|MESD_HUMAN	0.014289265979873012	-0.37321420022774227	0.4017927321874883	0.16365716940549266	0.08731219067139405	0.9328842349875797	1.0	0.18430665388972844	-11.054947080512505
sp|Q00610|CLH1_HUMAN	psvid_68932_sp|Q00610|CLH1_HUMAN	0.016783603472733333	-0.43837870102571846	0.47194590797118513	0.19223202079536306	0.0873090934761592	0.9328866088550917	1.0	0.2495149757090386	-10.346065078560558
sp|P11217|PYGM_HUMAN	psvid_53905_sp|P11217|PYGM_HUMAN	-0.03553630643514971	-1.0039827315432952	0.9329101186729958	0.40901105274023686	-0.08688348688151183	0.933212825047609	1.0	0.6517822943681333	-13.025781108117446
sp|Q9Y2R0|COA3_HUMAN	psvid_79221_sp|Q9Y2R0|COA3_HUMAN	0.04598156903471917	-1.2076130740378985	1.2995762121073369	0.5294397825005098	0.08684947855174614	0.9332388921280014	1.0	0.859768415996798	-12.698156187147951
sp|P05181|CP2E1_HUMAN	psvid_37478_sp|P05181|CP2E1_HUMAN	-0.023277339075416625	-0.6629284350397637	0.6163737568889305	0.27014851969494186	-0.08616496992729018	0.9337635805203005	1.0	0.4030824006877232	-8.331181848121247
sp|P13073|COX41_HUMAN	psvid_77518_sp|P13073|COX41_HUMAN	0.011798445972635907	-0.3129889560912279	0.3365858480364997	0.13716983592569224	0.08601341463313678	0.9338797552187843	1.0	0.10864529997857102	-10.324082738449745
sp|O15488|GLYG2_HUMAN	psvid_87167_sp|O15488|GLYG2_HUMAN	0.06341885094848054	-1.7194270383115093	1.8462647402084704	0.7529623272225955	0.0842257954423957	0.9352501843201692	1.0	1.239586129249595	-12.880338775296249
sp|Q8IXQ6|PARP9_HUMAN	psvid_73729_sp|Q8IXQ6|PARP9_HUMAN	0.0446671459350072	-1.2141163885910637	1.3034506804610781	0.5316312449303441	0.08401903831077427	0.9354087042972048	1.0	0.863521907904342	-14.139659788535564
sp|Q14520|HABP2_HUMAN	psvid_72883_sp|Q14520|HABP2_HUMAN	-0.0341414985630899	-1.0130203367522073	0.9447373396260275	0.4134170499603648	-0.08258367323351351	0.9365092800605093	1.0	0.6594695530419968	-13.81278455910666
sp|Q6NXT6|TAPT1_HUMAN	psvid_61561_sp|Q6NXT6|TAPT1_HUMAN	0.025934692354629973	-0.7219326254917015	0.7738020102009614	0.3158522671485801	0.0821101985075511	0.9368723527952684	1.0	0.48680283217800896	-13.91990238924771
sp|P78417|GSTO1_HUMAN	psvid_86359_sp|P78417|GSTO1_HUMAN	0.018078970324130417	-0.5056287431081682	0.541786683756429	0.22118130404085798	0.08173823914516191	0.9371575922264428	1.0	0.30911091552268755	-12.300592709054637
sp|P23378|GCSP_HUMAN	psvid_67539_sp|P23378|GCSP_HUMAN	-0.07022572972026886	-2.1057994368259667	1.965347977385429	0.8596987125856503	-0.08168644281094278	0.9371973133658165	1.0	1.4196451649009687	-12.59779729087295
sp|Q9Y490|TLN1_HUMAN	psvid_37836_sp|Q9Y490|TLN1_HUMAN	0.03741421648621124	-1.0565477406572137	1.1313761736296362	0.4620209442138595	0.08097948146024525	0.9377394811188187	1.0	0.7438158275949276	-13.38383319058169
sp|Q9NZ01|TECR_HUMAN	psvid_23937_sp|Q9NZ01|TECR_HUMAN	-0.015031471959046971	-0.4574929627679573	0.42743001884986337	0.18686799337666835	-0.08043898629953258	0.938154010105573	1.0	0.2379097749122592	-10.519680206360004
sp|P62857|RS28_HUMAN	psvid_94812_sp|P62857|RS28_HUMAN	0.015615859844808622	-0.44419938725307845	0.4754311069426957	0.19419713203083733	0.08041241228180918	0.9381743913950865	1.0	0.25371264287863127	-10.247159104298117
sp|Q07954|LRP1_HUMAN	psvid_31050_sp|Q07954|LRP1_HUMAN	-0.014021935538071073	-0.42841503914971796	0.4003711680735758	0.17501366638589927	-0.08011908914103413	0.9383993627067743	1.0	0.21134759503221204	-11.586394598906333
sp|O95831|AIFM1_HUMAN	psvid_53533_sp|O95831|AIFM1_HUMAN	0.01309252628494395	-0.3744306623638557	0.4006157149337436	0.16366549892814078	0.07999563970835646	0.9384940470571836	1.0	0.18432722777882585	-10.399571290435361
sp|P00738|HPT_HUMAN	psvid_50866_sp|P00738|HPT_HUMAN	0.024215378958055034	-0.6948808254943055	0.7433115834104156	0.30370115267008674	0.07973423460911397	0.9386945454039045	1.0	0.4647960577549745	-7.184472473504885
sp|P24723|KPCL_HUMAN	psvid_80000_sp|P24723|KPCL_HUMAN	0.037937245817468934	-1.0921378613823525	1.1680123530172903	0.47727287466595797	0.07948753811752053	0.9388837665931384	1.0	0.7701384389735487	-15.925947764763167
sp|P40227|TCPZ_HUMAN	psvid_67086_sp|P40227|TCPZ_HUMAN	-0.012338774761055493	-0.3804239942844841	0.3557464447623731	0.1554561194426288	-0.0793714316637701	0.9389728240553034	1.0	0.16336758926550665	-12.300955874615344
sp|O75131|CPNE3_HUMAN	psvid_27999_sp|O75131|CPNE3_HUMAN	0.0938734449615648	-2.7336228458612433	2.921369735784373	1.1941571619714626	0.07861062844239605	0.9395564082511086	1.0	1.9814758990554266	-13.745595165760509
sp|Q92616|GCN1_HUMAN	psvid_880596_sp|Q92616|GCN1_HUMAN	-0.026245453331886104	-0.8178335017989773	0.7653425951352051	0.33431716267005657	-0.07850465444930867	0.9396377001809062	1.0	0.5199736209131866	-15.022690277841896
sp|P62249|RS16_HUMAN	psvid_84008_sp|P62249|RS16_HUMAN	0.009525572796127424	-0.2784257549489684	0.2974769005412232	0.12161258758926057	0.0783271944537476	0.9397738302675334	1.0	0.024590733488257147	-9.98078856324014
sp|O00186|STXB3_HUMAN	psvid_37230_sp|O00186|STXB3_HUMAN	-0.027331084058202837	-0.8588622148011507	0.804200046684745	0.35118661637216886	-0.07782495910732205	0.9401591081887712	1.0	0.5500370294822449	-14.258199129975932
sp|Q9NYU1|UGGG2_HUMAN	psvid_41231_sp|Q9NYU1|UGGG2_HUMAN	0.027278172781353582	-0.8111834074496276	0.8657397530123347	0.35411360372797124	0.07703226448851305	0.9407672400188568	1.0	0.5552327051761317	-15.826361086686664
sp|P49448|DHE4_HUMAN	psvid_76282_sp|P49448|DHE4_HUMAN	-0.015432479288485457	-0.5006176314263644	0.4697526728493935	0.20491178934104234	-0.0753127935591866	0.9420865124725222	1.0	0.27616240283650956	-10.58162785199432
sp|P18077|RL35A_HUMAN	psvid_77140_sp|P18077|RL35A_HUMAN	-0.015381253907261971	-0.5075837467520481	0.4768212389375241	0.20787547410000926	-0.07399263416646268	0.9430995439461656	1.0	0.2822565590996704	-10.262820233228943
sp|P41567|EIF1_HUMAN	psvid_107427_sp|P41567|EIF1_HUMAN	0.02755910258879002	-0.8581133274725611	0.9132315326501411	0.3740525067888448	0.0736770963664396	0.9433416904115465	1.0	0.5904835946865991	-12.347779380678208
sp|Q9NUQ7|UFSP2_HUMAN	psvid_53550_sp|Q9NUQ7|UFSP2_HUMAN	-0.013470676769036238	-0.44739201715844407	0.4204506636203716	0.18326116926840583	-0.07350535207656006	0.943473491186308	1.0	0.22997276584395177	-11.592971304222893
sp|P10114|RAP2A_HUMAN	psvid_77499_sp|P10114|RAP2A_HUMAN	0.03949704225995054	-1.2343291524925266	1.3133232370124277	0.5379843215029888	0.07341671621508605	0.9435415132617009	1.0	0.8743986126845028	-14.275363172809977
sp|Q9UJM8|HAOX1_HUMAN	psvid_54014_sp|Q9UJM8|HAOX1_HUMAN	0.019653782460184566	-0.6198813372880005	0.6591889022083697	0.27009953861242103	0.07276496124781144	0.944041706957756	1.0	0.4029910814227477	-11.082751645612532
sp|P21549|AGT1_HUMAN	psvid_98716_sp|P21549|AGT1_HUMAN	-0.008761727905781225	-0.29520182919160537	0.2776783733800429	0.12097434027995113	-0.07242633343158054	0.9443015998516964	1.0	0.013191178315901565	-9.720163886257403
sp|Q9UJ14|GGT7_HUMAN	psvid_63697_sp|Q9UJ14|GGT7_HUMAN	0.012714889210572622	-0.40319209733652744	0.4286218757576727	0.17565303562419868	0.07238639039393274	0.9443322561475753	1.0	0.21281796394359126	-14.783856322689285
sp|Q8N5I4|DHRSX_HUMAN	psvid_74942_sp|Q8N5I4|DHRSX_HUMAN	-0.010942956496097445	-0.3798563505625844	0.3579704375703895	0.1558058884468059	-0.07023455021620385	0.9459839425577692	1.0	0.16429186208778054	-12.080119847219517
sp|P49821|NDUV1_HUMAN	psvid_49307_sp|P49821|NDUV1_HUMAN	-0.0188311159835699	-0.672674459373999	0.6350122274068591	0.27614243521777887	-0.06819348851153138	0.9475508626389312	1.0	0.4142269777797034	-11.344235372338076
sp|Q8IYT4|KATL2_HUMAN	psvid_51903_sp|Q8IYT4|KATL2_HUMAN	-0.02502523445525151	-0.8963656683067743	0.8463151993962713	0.36799957014137213	-0.06800343393237585	0.9476967800631101	1.0	0.5798072607461682	-15.509033118206412
sp|Q96AC1|FERM2_HUMAN	psvid_68828_sp|Q96AC1|FERM2_HUMAN	0.05060030292122297	-1.7147846484509717	1.8159852542934176	0.7455879217808886	0.06786631253408804	0.9478020585353053	1.0	1.2271239019237885	-15.083900068918812
sp|P62081|RS7_HUMAN	psvid_86864_sp|P62081|RS7_HUMAN	-0.01620829272411628	-0.5901307842107832	0.5577141987625507	0.24238887805078946	-0.06686896220015524	0.9485678334004759	1.0	0.3505671532542652	-10.387239348399165
sp|P16402|H13_HUMAN	psvid_38364_sp|P16402|H13_HUMAN	0.0412004654308058	-1.4276083436127371	1.5100092744743487	0.6203327532485309	0.06641671782611677	0.948915090127936	1.0	1.0148449108137778	-12.023183506453968
sp|P53621|COPA_HUMAN	psvid_40294_sp|P53621|COPA_HUMAN	0.025885981848620343	-0.8983013932363734	0.950073356933614	0.39031880485339004	0.06632009917724443	0.9489892804949744	1.0	0.6190779674954808	-12.007556911286823
sp|P35573|GDE_HUMAN	psvid_41656_sp|P35573|GDE_HUMAN	0.023587049102342217	-0.8204151181153553	0.8675892163200397	0.3564536003013311	0.06617144302204467	0.9491034298580038	1.0	0.5593823499703672	-9.502976235879155
sp|P30837|AL1B1_HUMAN	psvid_883231_sp|P30837|AL1B1_HUMAN	-0.03162009763860052	-1.176038343593032	1.112798148315831	0.4833305172257591	-0.06542127283850167	0.9496794864002505	1.0	0.7805767722732028	-13.664409777391484
sp|P61978|HNRPK_HUMAN	psvid_15783_sp|P61978|HNRPK_HUMAN	0.021497059175984212	-0.7569155774018518	0.7999096957538202	0.32875269472697055	0.06538975807890349	0.949703687330126	1.0	0.5100088216050024	-12.398955319282027
sp|P10412|H14_HUMAN	psvid_37904_sp|P10412|H14_HUMAN	0.039817313464369786	-1.4272399843370573	1.506874611265797	0.6195930247117208	0.06426365674935682	0.9505684844022481	1.0	1.0135870775986395	-12.009749836595343
sp|Q14118|DAG1_HUMAN	psvid_61403_sp|Q14118|DAG1_HUMAN	-0.016531608250954566	-0.6456012183706622	0.6125380018687531	0.26567956348563104	-0.06222386108312263	0.9521351404773182	1.0	0.3947332078946803	-14.658507315645325
sp|Q9Y385|UB2J1_HUMAN	psvid_77498_sp|Q9Y385|UB2J1_HUMAN	0.03690213276172161	-1.3752831677372246	1.4490874332606678	0.5964185332780404	0.0618728807082835	0.9524047325373061	1.0	0.9741500278927444	-14.493144668474589
sp|Q86Y82|STX12_HUMAN	psvid_23188_sp|Q86Y82|STX12_HUMAN	0.021791676083484646	-0.8124021004466286	0.8559854526135979	0.35231115101677896	0.06185349518626735	0.9524196229749625	1.0	0.5520338612593692	-13.09158426041942
sp|P08865|RSSA_HUMAN	psvid_97390_sp|P08865|RSSA_HUMAN	0.007617461162330308	-0.2842071552822352	0.29944207760689584	0.12324842189817453	0.0618057500859825	0.9524562971035042	1.0	0.041460017060159324	-9.735444029223887
sp|P0CG47|UBB_HUMAN	psvid_34274_sp|P0CG47|UBB_HUMAN	0.010917811439768332	-0.4100137708429123	0.43184939372244896	0.17777510984340436	0.06141361099079301	0.9527575129888877	1.0	0.2176643922492337	-11.007864033316046
sp|O95169|NDUB8_HUMAN	psvid_46674_sp|O95169|NDUB8_HUMAN	-0.018101277687395445	-0.7411513420486666	0.7049487866738757	0.30537101520641685	-0.05927634512122838	0.9543993667663121	1.0	0.4678296523346677	-11.30212173718715
sp|Q9BT09|CNPY3_HUMAN	psvid_94382_sp|Q9BT09|CNPY3_HUMAN	0.016029544550452357	-0.631004666858431	0.6630637559593358	0.2732666847706561	0.05865897836725116	0.9548736743241976	1.0	0.40888745688952693	-11.166656466766568
sp|O14745|NHRF1_HUMAN	psvid_84351_sp|O14745|NHRF1_HUMAN	0.013458830574143654	-0.5391524648705537	0.566070126018841	0.23338836495859008	0.05766710168491752	0.9556357495990113	1.0	0.3331445368280615	-13.11954969645242
sp|O00748|EST2_HUMAN	psvid_42951_sp|O00748|EST2_HUMAN	-0.007583062846597599	-0.32875177223752206	0.31358564654432686	0.13564152701636148	-0.055905171619624335	0.9569895919807851	1.0	0.1031696919430481	-10.073463733178942
sp|P80303|NUCB2_HUMAN	psvid_33474_sp|P80303|NUCB2_HUMAN	-0.009946408296554132	-0.435774643852876	0.41588182725976774	0.17984314918810254	-0.0553060171680542	0.9574500088483908	1.0	0.22233998772261696	-10.276627669915595
sp|P0CG48|UBC_HUMAN	psvid_34279_sp|P0CG48|UBC_HUMAN	0.009684848953197989	-0.4114364877614065	0.4308061856678025	0.17785525021870147	0.0544535454606424	0.9581051159550183	1.0	0.21784643219406766	-12.587045826168346
sp|O43795|MYO1B_HUMAN	psvid_31037_sp|O43795|MYO1B_HUMAN	0.015258977717268696	-0.6560845709664243	0.6866025264009616	0.2835334247496663	0.053817209490348294	0.9585941498528225	1.0	0.42789109633209205	-12.266844077119824
sp|P01877|IGHA2_HUMAN	psvid_159721_sp|P01877|IGHA2_HUMAN	0.016083574862120642	-0.6939024969713854	0.7260696466956267	0.2998536038161326	0.0536380909131342	0.958731808674357	1.0	0.4577942955340447	-14.632749997106874
sp|P02760|AMBP_HUMAN	psvid_46379_sp|P02760|AMBP_HUMAN	-0.01344217999749775	-0.6139253396187502	0.5870409796237547	0.25360643903667235	-0.05300409582878913	0.9592190679379374	1.0	0.37198722523451144	-11.564201739075967
sp|P11908|PRPS2_HUMAN	psvid_86843_sp|P11908|PRPS2_HUMAN	0.02131068939664349	-0.9488315541007984	0.9914529328940854	0.4097272601077068	0.052011890522103546	0.9599816684825384	1.0	0.6530324109126493	-11.930908720446693
sp|P63244|RACK1_HUMAN	psvid_68088_sp|P63244|RACK1_HUMAN	0.01774161215332315	-0.793874319541938	0.8293575438485843	0.34277568488763566	0.05175866590169305	0.9601763020096955	1.0	0.5350739401973544	-9.078413623986643
sp|Q6PEY2|TBA3E_HUMAN	psvid_34682_sp|Q6PEY2|TBA3E_HUMAN	-0.006240814923744509	-0.2928443378336818	0.2803627079861928	0.12104335932817735	-0.05155850728518013	0.960330150005471	1.0	0.014848325986039995	-9.972164005522998
sp|Q14558|KPRA_HUMAN	psvid_81136_sp|Q14558|KPRA_HUMAN	-0.01687133812627417	-0.7920754500323006	0.7583327737797523	0.32739761506563225	-0.05153164638322742	0.9603507962493614	1.0	0.5075782297363994	-11.611727955570462
sp|Q02318|CP27A_HUMAN	psvid_31044_sp|Q02318|CP27A_HUMAN	-0.007958087218188581	-0.3821466816461991	0.3662305072098219	0.1580338023482295	-0.05035686732799628	0.9612538049121981	1.0	0.1701082755454131	-10.750621692228624
sp|Q9NYQ3|HAOX2_HUMAN	psvid_96753_sp|Q9NYQ3|HAOX2_HUMAN	0.025135250594386704	-1.1603260118579108	1.2105965130466843	0.5006645141823306	0.05020377894254559	0.9613714827495404	1.0	0.8103992305678542	-13.045350535793293
sp|Q9UHE5|NAT8_HUMAN	psvid_105838_sp|Q9UHE5|NAT8_HUMAN	0.010935834986422144	-0.5098515447693955	0.5317232147422398	0.21994793818767017	0.04972010684224357	0.9617432844673122	1.0	0.3066530452962517	-11.978681702685144
sp|O15144|ARPC2_HUMAN	psvid_95074_sp|O15144|ARPC2_HUMAN	0.036537073066222	-1.7073868057337493	1.7804609518661934	0.736524110238893	0.049607436550001244	0.9618298962855865	1.0	1.21180213976253	-14.092785749493439
sp|Q9NP58|ABCB6_HUMAN	psvid_30892_sp|Q9NP58|ABCB6_HUMAN	0.02161060697257211	-1.0123674956114894	1.0555887095566336	0.43668752476527944	0.0494875757767247	0.9619220361723757	1.0	0.6999494781094154	-14.07971777151837
sp|P61009|SPCS3_HUMAN	psvid_69242_sp|P61009|SPCS3_HUMAN	-0.007890251997206388	-0.3939935928995472	0.37821308890513444	0.16306584425809012	-0.048386907957979265	0.9627681752750501	1.0	0.18284286461889088	-11.818501125949133
sp|P21796|VDAC1_HUMAN	psvid_27241_sp|P21796|VDAC1_HUMAN	0.016229352570304556	-0.7823881638146873	0.8148468689552965	0.3372859692026257	0.0481174850192322	0.9629753022297592	1.0	0.525279879697015	-9.723897698589663
sp|Q6UXB4|CLC4G_HUMAN	psvid_41268_sp|Q6UXB4|CLC4G_HUMAN	0.023559350697453407	-1.1424588869274672	1.189577588322374	0.49245299948526106	0.04784081063995739	0.9631880071417989	1.0	0.7962800277854216	-13.339863707487531
sp|Q92604|LGAT1_HUMAN	psvid_69463_sp|Q92604|LGAT1_HUMAN	0.010854929931725987	-0.5402815028557073	0.5619913627191593	0.2327654754394022	0.046634621870939544	0.9641153521862104	1.0	0.3319300708009232	-12.200079260099828
sp|P55884|EIF3B_HUMAN	psvid_31084_sp|P55884|EIF3B_HUMAN	0.01073481859606984	-0.5349020152765623	0.556371652468702	0.23044278965785192	0.04658344317046446	0.964154700851759	1.0	0.32739080744122195	-12.19193407664179
sp|P11216|PYGB_HUMAN	psvid_48062_sp|P11216|PYGB_HUMAN	0.024315091850991344	-1.2127683973072025	1.2613985810091852	0.5224665062619813	0.046539044244108894	0.964188836985247	1.0	0.8478190071344399	-11.929311856400513
sp|O75165|DJC13_HUMAN	psvid_25390_sp|O75165|DJC13_HUMAN	0.011628464717018616	-0.5970142173822349	0.6202711468162722	0.25705250976610083	0.04523770154043497	0.9651894103829524	1.0	0.3785098378235306	-13.778620110254202
sp|P54855|UDB15_HUMAN	psvid_32010_sp|P54855|UDB15_HUMAN	-0.007981770843421554	-0.4258516457011923	0.4098881040143492	0.1764820365823769	-0.045227100717958255	0.9651975613982612	1.0	0.21471732615763167	-10.13428783330112
sp|Q68D91|MBLC2_HUMAN	psvid_26960_sp|Q68D91|MBLC2_HUMAN	0.013913153819792079	-0.7327131040756464	0.7605394117152305	0.3153281212341876	0.044122781581726014	0.9660467011344054	1.0	0.4858566814895207	-14.212261151230848
sp|Q9H0U4|RAB1B_HUMAN	psvid_18407_sp|Q9H0U4|RAB1B_HUMAN	-0.006506072598101653	-0.3594988195608204	0.3464866743646171	0.14908200526298304	-0.04364089808575379	0.9664172487975353	1.0	0.14590811548474977	-10.53548902334732
sp|P69905|HBA_HUMAN	psvid_29358_sp|P69905|HBA_HUMAN	0.02327255380384452	-1.2426919589254308	1.2892370665331199	0.5346640399084135	0.043527434176854396	0.9665044989585208	1.0	0.8687150319071618	-9.616348500793592
sp|O00410|IPO5_HUMAN	psvid_53917_sp|O00410|IPO5_HUMAN	-0.020926925007941133	-1.1678196799089493	1.125965829893067	0.4843755946642364	-0.043203921168752185	0.9667532729411771	1.0	0.7823767260264118	-14.792447404965571
sp|Q9BZV2|S19A3_HUMAN	psvid_109803_sp|Q9BZV2|S19A3_HUMAN	-0.021926419338976544	-1.2246440370243512	1.1807911983463981	0.5079525167370947	-0.04316627758796042	0.9667822202385318	1.0	0.822918517110551	-15.392852486838636
sp|P35998|PRS7_HUMAN	psvid_59834_sp|P35998|PRS7_HUMAN	-0.016011960609897624	-0.9100678737644785	0.8780439525446833	0.3775931644408248	-0.04240532434852106	0.9673673922908161	1.0	0.5967193287786946	-13.658314702951738
sp|P35222|CTNB1_HUMAN	psvid_30133_sp|P35222|CTNB1_HUMAN	0.01332540741102628	-0.7361481000037928	0.7627989148258454	0.3165306209214635	0.0420983201316644	0.9676034842694448	1.0	0.48802694941499275	-13.06598629358343
sp|P08962|CD63_HUMAN	psvid_77164_sp|P08962|CD63_HUMAN	0.014774708698030992	-0.8221565920892968	0.8517060094853588	0.3534673096325952	0.041799363888525586	0.9678333905593727	1.0	0.5540859639571196	-14.16879957178184
sp|Q00796|DHSO_HUMAN	psvid_38362_sp|Q00796|DHSO_HUMAN	-0.006161718369380509	-0.3594997611194273	0.34717632438066626	0.149227836555061	-0.04129067680416986	0.9682245936755088	1.0	0.14632221856269745	-11.161616400953367
sp|Q9NRP2|COXM2_HUMAN	psvid_81588_sp|Q9NRP2|COXM2_HUMAN	0.014855010871945407	-0.8760359340838303	0.9057459558277211	0.37625648030288905	0.03948107647205709	0.9696163326250721	1.0	0.5943659810216195	-11.826720043132894
sp|Q6P1A2|MBOA5_HUMAN	psvid_86564_sp|Q6P1A2|MBOA5_HUMAN	-0.013173683524707158	-0.8056603101409263	0.779312943091512	0.33469666574344875	-0.03936006800499481	0.9697094027015113	1.0	0.5206523105153524	-13.236989850459986
sp|Q9NP72|RAB18_HUMAN	psvid_89916_sp|Q9NP72|RAB18_HUMAN	-0.008685498527813973	-0.5325233951986891	0.5151523981430611	0.22123628527893047	-0.03925892408138865	0.9697871949420115	1.0	0.3092203467180112	-10.534955866487302
sp|Q9HCE1|MOV10_HUMAN	psvid_57584_sp|Q9HCE1|MOV10_HUMAN	-0.020853174802540675	-1.2852464203951484	1.243540070790067	0.5340004351812518	-0.039050857318988205	0.9699472252363407	1.0	0.8675788625994391	-15.406855576496175
sp|P53675|CLH2_HUMAN	psvid_27468_sp|P53675|CLH2_HUMAN	0.007592020056681026	-0.4832633330018261	0.49844737311518816	0.20730652671387723	0.036622195051096824	0.9718152890350592	1.0	0.28109015158575457	-12.753170253391087
sp|P33261|CP2CJ_HUMAN	psvid_356276_sp|P33261|CP2CJ_HUMAN	-0.004354258888703111	-0.29033301112293136	0.28162449334552514	0.12077949536506298	-0.03605130883799533	0.9722544278979104	1.0	0.006555534028463608	-9.717960151748866
sp|Q9UF12|HYPDH_HUMAN	psvid_884553_sp|Q9UF12|HYPDH_HUMAN	-0.011845927825290037	-0.7900180358047623	0.7663261801541822	0.3286511105270806	-0.03604408275478485	0.972259986434628	1.0	0.5098266655108519	-12.368157070160754
sp|Q6UXH1|CREL2_HUMAN	psvid_44689_sp|Q6UXH1|CREL2_HUMAN	-0.005363469783388641	-0.3608919988687155	0.3501650593019382	0.150152960649464	-0.035720040152320415	0.9725092521727648	1.0	0.14893163745234694	-11.71629135299314
sp|P31937|3HIDH_HUMAN	psvid_61648_sp|P31937|3HIDH_HUMAN	0.01517389650939105	-1.005231914688236	1.0355797077070181	0.4309554398051404	0.035209896680390054	0.9729016803625348	1.0	0.6899960811329872	-13.915025492792406
sp|P28331|NDUS1_HUMAN	psvid_83076_sp|P28331|NDUS1_HUMAN	0.005606187370981619	-0.37357575476038735	0.3847881295023506	0.16014267935773535	0.03500745331266886	0.9730574122924066	1.0	0.17550884465321398	-11.144530865829815
sp|Q96AQ6|PBIP1_HUMAN	psvid_32380_sp|Q96AQ6|PBIP1_HUMAN	-0.02181023021366002	-1.5139161122628213	1.4702956518355013	0.6301719762646415	-0.03460996527160831	0.9733631882851104	1.0	1.0315699792463833	-14.065594774581541
sp|P25398|RS12_HUMAN	psvid_12007_sp|P25398|RS12_HUMAN	0.008907593448501228	-0.6046970487521194	0.6225122356491218	0.25914813062038666	0.03437259387971246	0.9735457934928748	1.0	0.38246420375476603	-10.333654257920307
sp|P19440|GGT1_HUMAN	psvid_54296_sp|P19440|GGT1_HUMAN	0.0120792151487783	-0.8234334700016732	0.8475919002992298	0.3528681753283845	0.034231523252379444	0.973654317198246	1.0	0.5530226526601857	-12.612145763473904
sp|P05109|S10A8_HUMAN	psvid_25696_sp|P05109|S10A8_HUMAN	0.016346753551416793	-1.1150698972603288	1.1477634043631624	0.47783945857889754	0.03420971888766221	0.9736710910515262	1.0	0.7711151363990566	-11.952256950529902
sp|Q7Z434|MAVS_HUMAN	psvid_44044_sp|Q7Z434|MAVS_HUMAN	0.018677216940724328	-1.2784285264570852	1.3157829603385338	0.547816143328013	0.03409395135247241	0.9737601499576661	1.0	0.8912177273317754	-15.600081326503194
sp|P09382|LEG1_HUMAN	psvid_79765_sp|P09382|LEG1_HUMAN	0.007942848346408127	-0.5589792077998813	0.5748649044926976	0.23943233305875436	0.03317366641730476	0.9744681309295207	1.0	0.3448690732227513	-11.208602241985043
sp|Q7RTV2|GSTA5_HUMAN	psvid_84544_sp|Q7RTV2|GSTA5_HUMAN	0.0058389542274071005	-0.413860936960623	0.4255388454154372	0.1772549207465036	0.032940999340478255	0.9746471271124927	1.0	0.21648106047521243	-11.83020394239959
sp|P26927|HGFL_HUMAN	psvid_26034_sp|P26927|HGFL_HUMAN	-0.005235426843769986	-0.38546890555074953	0.37499805186320956	0.1605867824806699	-0.03260185404362394	0.9749080422689284	1.0	0.1766340174933835	-12.275993516593758
sp|P20853|CP2A7_HUMAN	psvid_53338_sp|P20853|CP2A7_HUMAN	-0.011414667205127405	-0.8514543240534642	0.8286249896432094	0.35478008435285174	-0.03217392325149452	0.9752372676062842	1.0	0.5564149758559992	-9.088848211859553
sp|P0DMM9|ST1A3_HUMAN,sp|P0DMN0|ST1A4_HUMAN	psvid_86388_sp|P0DMM9|ST1A3_HUMAN	-0.014250380011279873	-1.067423756124364	1.0389229961018043	0.4447944048468138	-0.03203812785412099	0.9753417418610086	1.0	0.7140082115309119	-13.064523414626969
sp|A2RRP1|NBAS_HUMAN	psvid_48669_sp|A2RRP1|NBAS_HUMAN	-0.010212372984871099	-0.7958281883266477	0.7754034423569055	0.33179486583001994	-0.03077917724653083	0.9763103405803712	1.0	0.5154598791641586	-14.377532488391452
sp|P0C0S5|H2AZ_HUMAN	psvid_48126_sp|P0C0S5|H2AZ_HUMAN	-0.010426294843472128	-0.8128791365256609	0.7920265468387166	0.3389057701505538	-0.030764583438164548	0.9763215688725077	1.0	0.5281721055997168	-11.30025484978848
sp|Q71UI9|H2AV_HUMAN	psvid_48127_sp|Q71UI9|H2AV_HUMAN	-0.010426294843472128	-0.8128791365256609	0.7920265468387166	0.3389057701505538	-0.030764583438164548	0.9763215688725077	1.0	0.5281721055997168	-11.30025484978848
sp|P46976|GLYG_HUMAN	psvid_65454_sp|P46976|GLYG_HUMAN	0.00980526370177115	-0.7454492297451103	0.7650597571486526	0.31897214697964105	0.03074018780203084	0.976340338580205	1.0	0.49242911244122595	-13.526281910952601
sp|P07478|TRY2_HUMAN	psvid_33408_sp|P07478|TRY2_HUMAN	0.017022641541732497	-1.2944161614003205	1.3284614444837854	0.5538695290612763	0.030734027868590745	0.9763450779611164	1.0	0.9015654250997774	-14.11600397360359
sp|Q6IC98|GRAM4_HUMAN	psvid_46340_sp|Q6IC98|GRAM4_HUMAN	-0.020032716342654133	-1.564629109120979	1.5245636764356707	0.652340677078226	-0.03070897929035919	0.9763643500554959	1.0	1.0692174017785436	-13.701659182139426
sp|P26885|FKBP2_HUMAN	psvid_58963_sp|P26885|FKBP2_HUMAN	0.009872062461835363	-0.7806295646408602	0.8003736895645309	0.33385832639945817	0.029569615855629547	0.977240981175874	1.0	0.5191529003787717	-9.720719053535431
sp|P68871|HBB_HUMAN	psvid_33160_sp|P68871|HBB_HUMAN	0.014879171482509168	-1.2031285056088237	1.232886848573842	0.5144100792123688	0.028924727729462817	0.9777371759230428	1.0	0.834002281027462	-9.589831818022988
sp|B5ME19|EIFCL_HUMAN	psvid_30063_sp|B5ME19|EIFCL_HUMAN	-0.005935251234409744	-0.4984965991830806	0.4866260967142611	0.20802703199729278	-0.028531153751628704	0.9780400078353676	1.0	0.28256699558395865	-12.818714857784501
sp|Q9UBQ5|EIF3K_HUMAN	psvid_92222_sp|Q9UBQ5|EIF3K_HUMAN	-0.009833310968116571	-0.8346527109959235	0.8149860890596904	0.3483520021133551	-0.028228087992779136	0.978273201676191	1.0	0.5449997924576817	-12.824492719051053
sp|Q9UKR5|ERG28_HUMAN	psvid_54526_sp|Q9UKR5|ERG28_HUMAN	-0.012013755961157724	-1.0379010898154142	1.0138735778930987	0.43327049130853884	-0.027728073344839302	0.9786579427457929	1.0	0.6940173498313299	-12.436447709872958
sp|P22413|ENPP1_HUMAN	psvid_25706_sp|P22413|ENPP1_HUMAN	0.00649151591675956	-0.552551256742979	0.5655342885764981	0.2361046177095929	0.027494235308621034	0.9788378737672913	1.0	0.3384268307194963	-13.035845827754748
sp|O75643|U520_HUMAN	psvid_27287_sp|O75643|U520_HUMAN	0.013779083829319916	-1.1829313521371738	1.2104895197958137	0.505415459802255	0.027262885537199466	0.9790158914492261	1.0	0.8185616209949653	-14.512229218935833
sp|P02042|HBD_HUMAN	psvid_33159_sp|P02042|HBD_HUMAN	-0.010592334380476132	-0.9427351801689644	0.9215505114080121	0.39367869690639345	-0.02690603902043171	0.979290478153851	1.0	0.6249680179740823	-10.894429221137006
sp|O95954|FTCD_HUMAN	psvid_61920_sp|O95954|FTCD_HUMAN	0.004633089930917489	-0.40767256735621155	0.4169387472180465	0.174132059931898	0.02660676002299325	0.9795207700580674	1.0	0.2093121188883541	-10.811523001107156
sp|Q9Y6C9|MTCH2_HUMAN	psvid_72512_sp|Q9Y6C9|MTCH2_HUMAN	0.004061309484786335	-0.3736947236390309	0.38181734260860356	0.15954046479101278	0.02545629718520863	0.9804060579053627	1.0	0.17397649640037008	-10.644295552701589
sp|P0DMV8|HS71A_HUMAN,sp|P0DMV9|HS71B_HUMAN	psvid_39363_sp|P0DMV8|HS71A_HUMAN	0.005904257737636698	-0.5455158007021567	0.5573243161774301	0.23288526113290917	0.025352646659193682	0.9804858190642627	1.0	0.332163712996279	-10.248852927945805
sp|P23786|CPT2_HUMAN	psvid_36827_sp|P23786|CPT2_HUMAN	-0.003556883539730382	-0.3373211246558106	0.33020735757634984	0.14096108993400427	-0.025233087665508674	0.9805778224058075	1.0	0.1213962161423449	-10.965862869013577
sp|P32754|HPPD_HUMAN	psvid_50850_sp|P32754|HPPD_HUMAN	0.004221383883121099	-0.4004265659900371	0.4088693337562793	0.1708979244239734	0.02470120042329155	0.9809871254585572	1.0	0.20176099800846478	-11.525948455178561
sp|P62277|RS13_HUMAN	psvid_32084_sp|P62277|RS13_HUMAN	-0.0052537890713413304	-0.5113428277187041	0.5008352495760214	0.21374028042319143	-0.02458024786408617	0.9810802029134187	1.0	0.29418895594212985	-10.171315579713553
sp|Q9UJZ1|STML2_HUMAN	psvid_24488_sp|Q9UJZ1|STML2_HUMAN	-0.008752928245187253	-0.8601709903266352	0.8426651338362607	0.35958560934859957	-0.024341708949486195	0.9812637683312566	1.0	0.5649310071083935	-11.543057700905479
sp|P02100|HBE_HUMAN	psvid_35318_sp|P02100|HBE_HUMAN	-0.011076499528379191	-1.0924325937260986	1.0702795946693402	0.4566970180363774	-0.024253496499722957	0.9813316517163547	1.0	0.7346128300183751	-13.089125455555166
sp|P69891|HBG1_HUMAN	psvid_1633386_sp|P69891|HBG1_HUMAN	-0.011076499528379191	-1.0924325937260986	1.0702795946693402	0.4566970180363774	-0.024253496499722957	0.9813316517163547	1.0	0.7346128300183751	-13.089125455555166
sp|P69892|HBG2_HUMAN	psvid_35490_sp|P69892|HBG2_HUMAN	-0.011076499528379191	-1.0924325937260986	1.0702795946693402	0.4566970180363774	-0.024253496499722957	0.9813316517163547	1.0	0.7346128300183751	-13.089125455555166
sp|Q8IX95|CTGE3_HUMAN	psvid_64301_sp|Q8IX95|CTGE3_HUMAN	0.01354795945172782	-1.3549650055725644	1.38206092447602	0.5779740768321215	0.023440427511877773	0.9819573520390191	1.0	0.9427157922115205	-13.470649127834411
sp|Q86VD7|S2542_HUMAN	psvid_30325_sp|Q86VD7|S2542_HUMAN	0.015619072100136133	-1.5882143157890323	1.6194524599893045	0.677358669920472	0.023058791145273084	0.9822510464842076	1.0	1.1116492793644344	-14.004472110734602
sp|Q9NRK6|ABCBA_HUMAN	psvid_34336_sp|Q9NRK6|ABCBA_HUMAN	-0.0098097011606888	-1.020607860928081	1.0009884586067035	0.42689777019744607	-0.022979040523335784	0.982312420241626	1.0	0.6829434086944295	-15.665955285943085
sp|P62829|RL23_HUMAN	psvid_41166_sp|P62829|RL23_HUMAN	0.008138181537931555	-0.8499284309271379	0.866204794003001	0.3623935401965015	0.022456751115151694	0.9827143621278149	1.0	0.5699003069238712	-11.18099609694411
sp|Q68CK6|ACS2B_HUMAN	psvid_63539_sp|Q68CK6|ACS2B_HUMAN	-0.007773862580621849	-0.8332190479128379	0.8176713227515942	0.3486162945920197	-0.022299194562088617	0.9828356150826304	1.0	0.5454696863072123	-12.284610205905626
sp|P02649|APOE_HUMAN	psvid_63525_sp|P02649|APOE_HUMAN	-0.003705646244212879	-0.4020201331140983	0.39460884062567253	0.16822306673097226	-0.022028169597805916	0.9830441926149972	1.0	0.19540775111024333	-10.574125676483703
sp|Q15436|SC23A_HUMAN	psvid_53264_sp|Q15436|SC23A_HUMAN	-0.005712958679779501	-0.6302674526248452	0.6188415352652862	0.2637726614908939	-0.02165864592444402	0.9833285758530204	1.0	0.3911595968168889	-11.175662706428962
sp|Q15392|DHC24_HUMAN	psvid_81984_sp|Q15392|DHC24_HUMAN	0.0025618715115163226	-0.2837106546880054	0.288834397711038	0.12090356706969953	0.02118937905313772	0.9836897246136764	1.0	0.011242248673934136	-9.721053347524482
sp|Q86U17|SPA11_HUMAN	psvid_60593_sp|Q86U17|SPA11_HUMAN	-0.008805820434350409	-1.012561592826324	0.9949499519576233	0.4239235072960131	-0.02077219187611969	0.9840107961848301	1.0	0.6777701232716888	-14.085259733994961
sp|Q08043|ACTN3_HUMAN	psvid_34128_sp|Q08043|ACTN3_HUMAN	-0.005883715496146635	-0.6977696338193662	0.6860022028270729	0.2922092337714236	-0.020135282585727887	0.9845009742855838	1.0	0.44383064291010854	-14.091052262207668
sp|Q53GQ0|DHB12_HUMAN	psvid_65944_sp|Q53GQ0|DHB12_HUMAN	0.0033913216480856434	-0.40601603689175747	0.41279868018792876	0.1729080002513114	0.01961344554998358	0.9849025958514797	1.0	0.20647006851834485	-10.161962621733196
sp|P20073|ANXA7_HUMAN	psvid_62835_sp|P20073|ANXA7_HUMAN	-0.011538461430792513	-1.4939891882853198	1.4709122654237348	0.6260942440451368	-0.018429272494574593	0.985813988493868	1.0	1.0246397368427547	-12.546657835151445
sp|O95168|NDUB4_HUMAN	psvid_99900_sp|O95168|NDUB4_HUMAN	0.006899034181470753	-0.882966758950124	0.8967648273130655	0.37582352044475337	0.018357111266762566	0.9858695277582629	1.0	0.593603512652269	-12.00541777150259
sp|P41091|IF2G_HUMAN	psvid_50686_sp|P41091|IF2G_HUMAN	-0.0037423399067790797	-0.4896562522620889	0.48217157244853076	0.20521957196690452	-0.018235784583853443	0.9859629076604548	1.0	0.2767974250921479	-11.540028149801273
sp|Q9NQ39|RS10L_HUMAN	psvid_44006_sp|Q9NQ39|RS10L_HUMAN	-0.006396780257369006	-0.8459713862771051	0.8331778257623671	0.35458367603944146	-0.01804025591030725	0.9861133981232605	1.0	0.5560665972433156	-12.035765353644372
sp|Q9H2A2|AL8A1_HUMAN	psvid_24222_sp|Q9H2A2|AL8A1_HUMAN	-0.007631085604354659	-1.035868671476054	1.0206065002673448	0.4342630904104994	-0.017572494123645557	0.986473417785653	1.0	0.6957409492716432	-13.560932073374055
sp|P47756|CAPZB_HUMAN	psvid_31859_sp|P47756|CAPZB_HUMAN	0.005184926131320378	-0.7792308799043564	0.7896007321669971	0.33128805713429765	0.015650809075856635	0.9879525051685372	1.0	0.5145522990134669	-12.415059192692052
sp|P11940|PABP1_HUMAN	psvid_38730_sp|P11940|PABP1_HUMAN	-0.01077480291075572	-1.6607143034508465	1.639164697629335	0.6968310012587883	-0.015462576853342647	0.9880973870561763	1.0	1.1446395130715383	-12.62662937792642
sp|P10768|ESTD_HUMAN	psvid_77018_sp|P10768|ESTD_HUMAN	-0.002810293077824433	-0.4386350949926723	0.4330145088370234	0.18406507207829417	-0.015267932400716649	0.9882472049290283	1.0	0.23175181502195877	-13.202478391572875
sp|P40429|RL13A_HUMAN	psvid_40434_sp|P40429|RL13A_HUMAN	0.0019282913199334395	-0.31883273434856313	0.32268931698843	0.13546934697193966	0.014234152323276902	0.9890429140329702	1.0	0.10253845310443897	-10.064011405839125
sp|P46776|RL27A_HUMAN	psvid_89445_sp|P46776|RL27A_HUMAN	0.002551895953314176	-0.44653110055097955	0.4516348924576079	0.18966450224383857	0.013454789500005539	0.9896428049719372	1.0	0.243988033326767	-11.151791875010517
sp|P12109|CO6A1_HUMAN	psvid_27181_sp|P12109|CO6A1_HUMAN	-0.0023564648767759877	-0.43611685815895695	0.431403928405405	0.18319319530097133	-0.01286327733355221	0.9900981083797566	1.0	0.2298220656260772	-14.324134055135348
sp|TRFL_HUMAN|,sp|P02788|TRFL_HUMAN	psvid_28989_sp|TRFL_HUMAN|	0.007194299563562545	-1.3362983197106748	1.3506869188378	0.5674070514501941	0.012679256532281653	0.9902397551382311	1.0	0.9246864305759155	-13.470270969110446
sp|P51571|SSRD_HUMAN	psvid_89039_sp|P51571|SSRD_HUMAN	0.002080518372785889	-0.3913434043362316	0.3955044410818034	0.16615759904574962	0.012521355536757857	0.9903612969395489	1.0	0.19042840763260502	-11.159710216011536
sp|P62937|PPIA_HUMAN	psvid_85825_sp|P62937|PPIA_HUMAN	0.0014455867000142675	-0.2843983924655524	0.2872895658655809	0.1207225756705242	0.011974452102145	0.9907822693366817	1.0	0.0021763962697814135	-9.966505635317773
sp|Q9H488|OFUT1_HUMAN	psvid_38200_sp|Q9H488|OFUT1_HUMAN	0.002358525023320013	-0.467613265637769	0.47233031568440903	0.1984866192624345	0.011882539145883808	0.9908530185521495	1.0	0.262784492466404	-11.479254032049255
sp|P26373|RL13_HUMAN	psvid_30483_sp|P26373|RL13_HUMAN	0.001960715993309492	-0.3993861890429351	0.4033076210295541	0.1695037700454924	0.011567388694559793	0.9910956035954662	1.0	0.19846250598723025	-10.864764087779097
sp|P61619|S61A1_HUMAN	psvid_60555_sp|P61619|S61A1_HUMAN	0.0031791556009110877	-0.6765487329350994	0.6829070441369216	0.28707444424297013	0.011074324673151182	0.9914751384897053	1.0	0.4344092256626002	-11.728320024940302
sp|P09429|HMGB1_HUMAN	psvid_6810_sp|P09429|HMGB1_HUMAN	-0.004489125082022927	-1.0177904154326098	1.008812165268564	0.4279549356207832	-0.010489714473116401	0.9919251439068821	1.0	0.6847814317463182	-11.553588611565957
sp|P01011|AACT_HUMAN	psvid_50388_sp|P01011|AACT_HUMAN	0.001521105549322943	-0.34368836966998595	0.34673058076863184	0.1457948392546208	0.010433191991565869	0.9919686524230833	1.0	0.13635548728238442	-10.215946798934059
sp|Q8N0U8|VKORL_HUMAN	psvid_95269_sp|Q8N0U8|VKORL_HUMAN	0.0016242388506526595	-0.37865450929097183	0.38190298699227715	0.16060590145167444	0.010113195318301458	0.9922149723134274	1.0	0.17668236586263644	-12.725708047863252
sp|P35579|MYH9_HUMAN	psvid_24900_sp|P35579|MYH9_HUMAN	0.002407747712198649	-0.5974670200030467	0.602282515427444	0.25334949243900506	0.009503661085006216	0.992684168456744	1.0	0.37149985937959423	-11.332922538525786
sp|Q13217|DNJC3_HUMAN	psvid_67334_sp|Q13217|DNJC3_HUMAN	0.0015160507122988776	-0.37901140184314125	0.382043503267739	0.1607109386034245	0.009433400896499853	0.9927382522666078	1.0	0.17694785239951702	-10.613491249533238
sp|O00330|ODPX_HUMAN	psvid_56029_sp|O00330|ODPX_HUMAN	0.0027772525690417105	-0.7460059830259791	0.7515604881640625	0.3162390933817123	0.008782129177462142	0.9932395801290225	1.0	0.48750093089633223	-14.069853886098219
sp|Q8NBX0|SCPDL_HUMAN	psvid_92466_sp|Q8NBX0|SCPDL_HUMAN	0.0013125997289091806	-0.40175675836758495	0.4043819578254033	0.17023122622809914	0.00771068715178248	0.9940643484985243	1.0	0.2001870381604317	-10.155765315989825
sp|P37837|TALDO_HUMAN	psvid_75681_sp|P37837|TALDO_HUMAN	0.001615522662541835	-0.518415615489931	0.5216466608150147	0.21962854914735694	0.0073557042962475745	0.994337606894769	1.0	0.3060155980376906	-13.119903840718045
sp|P28838|AMPL_HUMAN	psvid_55206_sp|P28838|AMPL_HUMAN	0.0010109780180349581	-0.36213935295219324	0.36416130898826315	0.1533719319130245	0.006591675578607645	0.9949257429790299	1.0	0.157792557660175	-11.939443812685758
sp|Q9P0J0|NDUAD_HUMAN	psvid_50395_sp|Q9P0J0|NDUAD_HUMAN	0.0015224773794497715	-0.6308401620290883	0.6338851167879879	0.2670703325991404	0.005700660813325664	0.9956116349769404	1.0	0.39733535044519747	-11.64990423335269
sp|P21980|TGM2_HUMAN	psvid_36987_sp|P21980|TGM2_HUMAN	-0.0010815284079570553	-0.4582275223623331	0.456064465546419	0.19306980685315833	-0.0056017480184233324	0.9956877770637537	1.0	0.25130791454788637	-12.014155090762543
sp|O75795|UDB17_HUMAN	psvid_32011_sp|O75795|UDB17_HUMAN	0.0011124845158390073	-0.49528641157120723	0.49751138060288524	0.20964777173397256	0.005306445695261991	0.9959150981420142	1.0	0.28587965883624294	-10.261351402196741
sp|P00736|C1R_HUMAN	psvid_68503_sp|P00736|C1R_HUMAN	0.0007642034404837794	-0.3536278858692343	0.3551562927502019	0.14967299973789813	0.005105820300401706	0.9960695380043357	1.0	0.14758159797920295	-12.168966681587026
sp|Q9Y281|COF2_HUMAN	psvid_66580_sp|Q9Y281|COF2_HUMAN	-0.0018193141366267263	-0.8468991481826623	0.8432605199094089	0.35690873920476873	-0.005097421096161318	0.9960760036501681	1.0	0.5601890606093874	-12.454540913337121
sp|Q15287|RNPS1_HUMAN	psvid_60270_sp|Q15287|RNPS1_HUMAN	-0.0011200121560110965	-0.5222160018898561	0.5199759775778339	0.22007827569393434	-0.005089153631722886	0.9960823678839764	1.0	0.3069130624755162	-13.84824986578538
sp|P36537|UDB10_HUMAN	psvid_65573_sp|P36537|UDB10_HUMAN	0.0007010076744462523	-0.3518267818408631	0.3532287971897556	0.1488856363879334	0.004708363354942588	0.9963754977847527	1.0	0.1453492848130752	-10.08956957430363
sp|Q9H936|GHC1_HUMAN	psvid_58898_sp|Q9H936|GHC1_HUMAN	0.0018430716150046322	-0.9378645450957155	0.9415506883257247	0.39687358186690663	0.004643976568898241	0.9964250623784058	1.0	0.6305639636213146	-12.81463377970011
sp|P09601|HMOX1_HUMAN	psvid_49595_sp|P09601|HMOX1_HUMAN	-0.0008791961654881497	-0.49601703263219016	0.49425864030121386	0.20911517921309294	-0.00420436320690154	0.9967634747665861	1.0	0.28479250231468417	-11.039020952602304
sp|P62280|RS11_HUMAN	psvid_42815_sp|P62280|RS11_HUMAN	0.000834534743922255	-0.5248458705540122	0.5265149400418567	0.2220144454060148	0.003758920922447535	0.9971063749624303	1.0	0.3107679171127101	-10.252227822155866
sp|Q99470|SDF2_HUMAN	psvid_104963_sp|Q99470|SDF2_HUMAN	-0.0008671767224175397	-0.5921698300048349	0.5904354765599998	0.2497291687355134	-0.0034724687020280007	0.9973268854137991	1.0	0.36461727057665666	-13.236401491670243
sp|P12814|ACTN1_HUMAN	psvid_44478_sp|P12814|ACTN1_HUMAN	-0.0011839399223330105	-0.819394170909545	0.817026291064879	0.3455607034757149	-0.0034261416602776847	0.9973625479189759	1.0	0.5400340601668524	-12.112819397282756
sp|O43676|NDUB3_HUMAN	psvid_107485_sp|O43676|NDUB3_HUMAN	0.0006473088650382763	-0.5807934851489255	0.582088102879002	0.245564137674641	0.00263600732243698	0.9979707933775696	1.0	0.3566613008671543	-11.984649846432088
sp|Q9HAV0|GBB4_HUMAN	psvid_70096_sp|Q9HAV0|GBB4_HUMAN	0.0005337603733455154	-0.4874202067792042	0.48848772752589525	0.20608116321101871	0.002590049304016042	0.9980061719115747	1.0	0.27857240697726454	-12.34697985112571
sp|Q13595|TRA2A_HUMAN	psvid_37594_sp|Q13595|TRA2A_HUMAN	0.0009378292767472374	-0.8929487923695403	0.8948244509230348	0.37752166632153616	0.0024841733876764726	0.9980876753286316	1.0	0.596593474273791	-14.485543702463152
sp|A5A3E0|POTEF_HUMAN	psvid_32631_sp|A5A3E0|POTEF_HUMAN	0.00038699525502572385	-0.3896347792768139	0.39040876978686534	0.16472074495506472	0.0023494020448444116	0.998191422517631	1.0	0.18692371722465803	-12.900329875749742
sp|P46977|STT3A_HUMAN	psvid_87075_sp|P46977|STT3A_HUMAN	0.0004237607996957493	-0.43942578115951947	0.44027330275891097	0.18576486993997626	0.0022811675847681724	0.9982439495254223	1.0	0.23549437720305047	-12.387278012781987
sp|P14780|MMP9_HUMAN	psvid_46749_sp|P14780|MMP9_HUMAN	-0.0010877381797609331	-1.2109971494674732	1.2088216731079513	0.5109898794616813	-0.0021286883037817616	0.9983613283784128	1.0	0.8281328787295913	-15.707176562412172
sp|O60488|ACSL4_HUMAN	psvid_50204_sp|O60488|ACSL4_HUMAN	0.0015418614509372652	-2.081750714954819	2.0848344378566934	0.8798521712199894	0.0017524096676369441	0.9986509885988968	1.0	1.4535867013810377	-13.539562306122226
sp|P13804|ETFA_HUMAN	psvid_52406_sp|P13804|ETFA_HUMAN	0.0003426808044455498	-0.6199677928900492	0.6206531544989403	0.26198025341799197	0.0013080405869323264	0.998993065288936	1.0	0.3877943085683196	-12.401864588013783
sp|Q00341|VIGLN_HUMAN	psvid_61789_sp|Q00341|VIGLN_HUMAN	0.0006011756932529089	-1.1016026237206782	1.102804975107184	0.46550178166256223	0.0012914573411637238	0.9990058311276011	1.0	0.749828624287768	-11.810456646840345
sp|P24557|THAS_HUMAN	psvid_24249_sp|P24557|THAS_HUMAN	0.0001983816115775916	-0.45797051625587576	0.45836727947903094	0.19350181733457772	0.0010252183380509363	0.9992107828524737	1.0	0.2522305010455532	-12.655309570830426
sp|Q9NRW7|VPS45_HUMAN	psvid_40083_sp|Q9NRW7|VPS45_HUMAN	-0.0004267791744352323	-1.430733617626615	1.4298800592777445	0.6040719347707421	-0.0007065038944363537	0.9994561304394832	1.0	0.9871810282076029	-15.500119093071962
sp|P05556|ITB1_HUMAN	psvid_33130_sp|P05556|ITB1_HUMAN	-0.00011071370202975217	-0.37330476905831766	0.37308334165425816	0.15761377139745064	-0.0007024367290252083	0.9994592613593052	1.0	0.1690207631454441	-11.2949290554931
sp|Q13576|IQGA2_HUMAN	psvid_42335_sp|Q13576|IQGA2_HUMAN	-9.382993071627155e-05	-0.9518903931077506	0.951702733246318	0.401979194931827	-0.00023341986824015727	0.9998203124244373	1.0	0.6394971312223425	-11.905134492293403
sp|P50226|ST1A2_HUMAN	psvid_37719_sp|P50226|ST1A2_HUMAN	7.300364330342646e-05	-0.8107925455171244	0.8109385528037313	0.3424587703505246	0.00021317498520684224	0.9998358970184618	1.0	0.5345091563467865	-11.975464399280568
sp|P30050|RL12_HUMAN	psvid_109445_sp|P30050|RL12_HUMAN	8.881784197001252e-16	-0.2858272799814856	0.2858272799814874	0.12071552298213233	7.357615638475829e-15	0.9999999999999943	1.0	1.3759600911837627e-15	-9.715783022304514
sp|P49326|FMO5_HUMAN	psvid_67434_sp|P49326|FMO5_HUMAN	8.881784197001252e-16	-0.2858272799814856	0.2858272799814874	0.12071552298213233	7.357615638475829e-15	0.9999999999999943	1.0	1.3759600911837627e-15	-9.715783022304514
sp|Q02928|CP4AB_HUMAN	psvid_28839_sp|Q02928|CP4AB_HUMAN	8.881784197001252e-16	-0.2858272799814856	0.2858272799814874	0.12071552298213233	7.357615638475829e-15	0.9999999999999943	1.0	1.3759600911837627e-15	-9.715783022304514
sp|P01009|A1AT_HUMAN	psvid_25500_sp|P01009|A1AT_HUMAN	1.3322676295501878e-15	-1.0570858723958272	1.0570858723958299	0.44644679798076425	2.9841576545646774e-15	0.9999999999999977	1.0	0.7168712095507829	-9.319542637573235
sp|P02675|FIBB_HUMAN	psvid_42040_sp|P02675|FIBB_HUMAN	1.3322676295501878e-15	-1.0570858723958272	1.0570858723958299	0.44644679798076425	2.9841576545646774e-15	0.9999999999999977	1.0	0.7168712095507829	-9.319542637573235
sp|P00325|ADH1B_HUMAN	psvid_162542_sp|P00325|ADH1B_HUMAN	-4.440892098500626e-16	-0.5153647014741145	0.5153647014741136	0.2176577388589633	-2.040309764211146e-15	0.9999999999999984	1.0	0.3020732122924839	-8.673302433178705
sp|P35504|UD15_HUMAN	psvid_62829_sp|P35504|UD15_HUMAN	-4.440892098500626e-16	-0.5153647014741145	0.5153647014741136	0.2176577388589633	-2.040309764211146e-15	0.9999999999999984	1.0	0.3020732122924839	-8.92330225284196
sp|Q9HAW8|UD110_HUMAN	psvid_42124_sp|Q9HAW8|UD110_HUMAN	-4.440892098500626e-16	-0.5153647014741145	0.5153647014741136	0.2176577388589633	-2.040309764211146e-15	0.9999999999999984	1.0	0.3020732122924839	-9.06954281790998
sp|P08319|ADH4_HUMAN	psvid_56289_sp|P08319|ADH4_HUMAN	4.440892098500626e-16	-0.7868557153880561	0.786855715388057	0.3323185218734247	1.336336016862791e-15	0.999999999999999	1.0	0.5163974069923434	-9.715783022304514
sp|P18859|ATP5J_HUMAN	psvid_60821_sp|P18859|ATP5J_HUMAN	4.440892098500626e-16	-0.7868557153880561	0.786855715388057	0.3323185218734247	1.336336016862791e-15	0.999999999999999	1.0	0.5163974069923434	-9.715783022304514
sp|P20815|CP3A5_HUMAN	psvid_41984_sp|P20815|CP3A5_HUMAN	-4.440892098500626e-16	-0.786855715388057	0.7868557153880561	0.3323185218734247	-1.336336016862791e-15	0.999999999999999	1.0	0.5163974069923434	-9.069542817909982
sp|P23396|RS3_HUMAN	psvid_64401_sp|P23396|RS3_HUMAN	4.440892098500626e-16	-0.7868557153880561	0.786855715388057	0.3323185218734247	1.336336016862791e-15	0.999999999999999	1.0	0.5163974069923434	-9.215783382978003
sp|P51648|AL3A2_HUMAN	psvid_73585_sp|P51648|AL3A2_HUMAN	4.440892098500626e-16	-0.7868557153880561	0.786855715388057	0.3323185218734247	1.336336016862791e-15	0.999999999999999	1.0	0.5163974069923434	-9.465783202641258
sp|O60656|UD19_HUMAN	psvid_62814_sp|O60656|UD19_HUMAN	0.0	-0.6990426663949243	0.6990426663949243	0.29523179546106765	0.0	1.0	1.0	0.449360456739392	-8.569543088415132
sp|P02679|FIBG_HUMAN	psvid_40573_sp|P02679|FIBG_HUMAN	0.0	-0.7868557153880565	0.7868557153880565	0.3323185218734247	0.0	1.0	1.0	0.5163974069923434	-9.465783202641258
sp|P16662|UD2B7_HUMAN	psvid_160990_sp|P16662|UD2B7_HUMAN	0.0	-0.7868557153880565	0.7868557153880565	0.3323185218734247	0.0	1.0	1.0	0.5163974069923434	-9.465783202641258
sp|P20813|CP2B6_HUMAN	psvid_58442_sp|P20813|CP2B6_HUMAN	0.0	-0.6990426663949243	0.6990426663949243	0.29523179546106765	0.0	1.0	1.0	0.449360456739392	-8.569543088415132
sp|P22309|UD11_HUMAN	psvid_62824_sp|P22309|UD11_HUMAN	0.0	-0.6990426663949243	0.6990426663949243	0.29523179546106765	0.0	1.0	1.0	0.449360456739392	-8.569543088415132
sp|P22310|UD14_HUMAN	psvid_62822_sp|P22310|UD14_HUMAN	0.0	-0.6990426663949243	0.6990426663949243	0.29523179546106765	0.0	1.0	1.0	0.449360456739392	-8.569543088415132
sp|P27338|AOFB_HUMAN	psvid_86668_sp|P27338|AOFB_HUMAN	0.0	-0.7868557153880565	0.7868557153880565	0.3323185218734247	0.0	1.0	1.0	0.5163974069923434	-9.465783202641258
sp|P31513|FMO3_HUMAN	psvid_72482_sp|P31513|FMO3_HUMAN	0.0	-0.2858272799814865	0.2858272799814865	0.12071552298213233	0.0	1.0	1.0	3.370400129833633e-15	-7.8853019183002155
sp|P68371|TBB4B_HUMAN	psvid_40982_sp|P68371|TBB4B_HUMAN	0.0	-0.5153647014741141	0.5153647014741141	0.2176577388589633	0.0	1.0	1.0	0.3020732122924839	-8.673302433178705
sp|Q14697|GANAB_HUMAN	psvid_54848_sp|Q14697|GANAB_HUMAN	0.0	-0.2858272799814865	0.2858272799814865	0.12071552298213233	0.0	1.0	1.0	2.2469334198890887e-15	-9.215783382978003
sp|Q9HDC9|APMAP_HUMAN	psvid_40265_sp|Q9HDC9|APMAP_HUMAN	0.0	-0.7868557153880565	0.7868557153880565	0.3323185218734247	0.0	1.0	1.0	0.5163974069923434	-9.715783022304514
