feature	first_member_id	log2fc	ci_low	ci_high	se	t	p	q	residual_sd	mean_log2_abundance
sp|Q9P2R3|ANFY1_HUMAN	psvid_38492_sp|Q9P2R3|ANFY1_HUMAN	-0.868482797083103	-1.1442504675319956	-0.5927151266342106	0.1056149142071518	-8.223107537441837	0.0005496593256983678	0.41358037486476656	0.10738334651482431	1.2267226489021295
sp|Q08722|CD47_HUMAN	psvid_40342_sp|Q08722|CD47_HUMAN	1.146240625180289	0.767758060524785	1.5247231898357931	0.14495319023410339	7.9076605580676	0.0006548747544851826	0.41358037486476656	0.20681547549988508	0.8231203125901445
sp|P06756|ITAV_HUMAN	psvid_73598_sp|P06756|ITAV_HUMAN	-0.8055981053341119	-1.0745083231589652	-0.5366878875092587	0.10298861189481552	-7.82220568383703	0.0006874243052981107	0.41358037486476656	0.09896845994796119	2.6295217015691854
sp|P61966|AP1S1_HUMAN	psvid_87408_sp|P61966|AP1S1_HUMAN	-1.5323207542362414	-2.0559934778123052	-1.0086480306601775	0.20055886059117137	-7.640254585210255	0.0007634155512039991	0.41358037486476656	0.321972598959881	1.2661603771181207
sp|Q02325|PLGB_HUMAN	psvid_44984_sp|Q02325|PLGB_HUMAN	-1.244319980874979	-1.7179189911121893	-0.7707209706377686	0.18138137350681555	-6.860241251995055	0.0012282479098181703	0.5174616303768038	0.2836386693007873	1.6221599904374895
sp|P46783|RS10_HUMAN	psvid_64450_sp|P46783|RS10_HUMAN	0.5657586014584484	0.3261944691252531	0.8053227337916437	0.0917494978374206	6.16634003230152	0.0019517200994437563	0.5174616303768038	0.05345775789214457	5.054656945173901
sp|Q9Y5C1|ANGL3_HUMAN	psvid_86071_sp|Q9Y5C1|ANGL3_HUMAN	-0.7398395038756633	-1.0540355888425357	-0.425643418908791	0.12033242513157137	-6.148297128282119	0.001976474475933273	0.5174616303768038	0.14856301273988895	1.9928830260202504
sp|O00168|PLM_HUMAN	psvid_36643_sp|O00168|PLM_HUMAN	1.1229632740824185	0.6218202481717576	1.6241062999930793	0.1919303216396281	5.850890388184286	0.0024436369466797198	0.5174616303768038	0.3048483459697951	1.3114816370412092
sp|P11215|ITAM_HUMAN	psvid_23094_sp|P11215|ITAM_HUMAN	0.9342413985415515	0.4816145629538377	1.3868682341292653	0.17334934269356442	5.389356452265539	0.003456607306661277	0.5174616303768038	0.26724584526382894	1.1133613244510647
sp|Q13085|ACACA_HUMAN	psvid_30800_sp|Q13085|ACACA_HUMAN	-0.6148579046593246	-0.9154600677491065	-0.31425574156954256	0.11512615533768811	-5.34073167696622	0.0035899760628080434	0.5174616303768038	0.13485402404597133	2.4961508278705296
sp|O14561|ACPM_HUMAN	psvid_87262_sp|O14561|ACPM_HUMAN	1.500938033715277	0.7544743543091545	2.2474017131213992	0.28588448142199224	5.250155679138637	0.0038549900213180758	0.5174616303768038	0.48499453709806717	2.2929502672182167
sp|O15245|S22A1_HUMAN	psvid_56180_sp|O15245|S22A1_HUMAN	-0.6360801290559523	-0.954549902048061	-0.3176103560638437	0.12196918405040597	-5.215088827626171	0.00396375381951188	0.5174616303768038	0.15273492376059503	2.2947627134301056
sp|P27695|APEX1_HUMAN	psvid_60122_sp|P27695|APEX1_HUMAN	-0.479596558611587	-0.7248682218415812	-0.2343248953815928	0.0939353972396923	-5.105599941072416	0.0043274283543256395	0.5174616303768038	0.06437541282690709	2.7488416824441644
sp|Q9H0C2|ADT4_HUMAN	psvid_79092_sp|Q9H0C2|ADT4_HUMAN	0.5096654050922765	0.2489210296868244	0.7704097804977287	0.09986121576041622	5.103737233833095	0.004333948088748759	0.5174616303768038	0.0882272861806792	2.9202772269891346
sp|P36956|SRBP1_HUMAN	psvid_64569_sp|P36956|SRBP1_HUMAN	-1.3304820237218404	-2.0218644841485025	-0.6390995632951784	0.2647891941917251	-5.024683986003154	0.004621634940101726	0.5174616303768038	0.4454221310250297	1.7633203675556102
sp|O15269|SPTC1_HUMAN	psvid_86951_sp|O15269|SPTC1_HUMAN	-0.8248020045968194	-1.2672022500332178	-0.3824017591604211	0.1694327108429028	-4.868021059767921	0.005261056775643453	0.5174616303768038	0.2591623655486114	2.308641627478699
sp|Q15800|MSMO1_HUMAN	psvid_105695_sp|Q15800|MSMO1_HUMAN	-0.8098664836738476	-1.246150662405577	-0.37358230494211836	0.1670903483054546	-4.846877703512512	0.0053551073248552915	0.5174616303768038	0.2542965751033774	2.9797352464337434
sp|Q8N8J7|F241A_HUMAN	psvid_81790_sp|Q8N8J7|F241A_HUMAN	-1.3304820237218404	-2.0523597146566304	-0.6086043327870506	0.2764684136905174	-4.812419639413856	0.005512657940112479	0.5174616303768038	0.4673721600679338	0.6652410118609202
sp|Q8NBN3|GPHCC_HUMAN	psvid_49917_sp|Q8NBN3|GPHCC_HUMAN	-1.0	-1.5446016433481198	-0.4553983566518801	0.20857432543001914	-4.794453957543878	0.005596960814873554	0.5174616303768038	0.33772825725719613	0.896240625180289
sp|Q8WVM8|SCFD1_HUMAN	psvid_86181_sp|Q8WVM8|SCFD1_HUMAN	-0.6387419401058299	-0.9889238980776569	-0.2885599821340028	0.13411447900286488	-4.762662054498868	0.005749886245011695	0.5174616303768038	0.18216959018753284	3.9366542250103125
sp|Q86VP6|CAND1_HUMAN	psvid_33136_sp|Q86VP6|CAND1_HUMAN	-0.6676730936867602	-1.0354870273316477	-0.2998591600418728	0.1408672633121408	-4.739732127877692	0.005863236209441582	0.5174616303768038	0.19766429173433445	2.77999525823276
sp|O95197|RTN3_HUMAN	psvid_52886_sp|O95197|RTN3_HUMAN	0.4444018946658881	0.19672074589426686	0.6920830434375094	0.09485819434766392	4.684907800765369	0.006145061574025478	0.5174616303768038	0.06853012160080989	2.862761553388212
sp|O75521|ECI2_HUMAN	psvid_38263_sp|O75521|ECI2_HUMAN	-0.5232773510978707	-0.8192352782201558	-0.22731942397558547	0.11334748207092515	-4.616576756159781	0.006518890035057897	0.5174616303768038	0.1299907237280823	3.640193902888467
sp|Q6P4E1|GOLM2_HUMAN	psvid_73679_sp|Q6P4E1|GOLM2_HUMAN	-1.201838730514401	-1.8887534601642242	-0.5149240008645777	0.2630781197864897	-4.568372054239233	0.0067987017219464626	0.5174616303768038	0.44219692674340566	1.7471599904374895
sp|P10301|RRAS_HUMAN	psvid_90151_sp|P10301|RRAS_HUMAN	-0.6963321539319014	-1.100855528814585	-0.2918087790492179	0.15492643304951886	-4.494598760363469	0.007254676921603755	0.5174616303768038	0.22858670374865644	2.359264606805564
sp|Q9UKS6|PACN3_HUMAN	psvid_30920_sp|Q9UKS6|PACN3_HUMAN	-0.5844674096890956	-0.9242839110238137	-0.24465090835437747	0.13014466335455416	-4.490905693895618	0.007278429021395972	0.5174616303768038	0.17280268539917	3.207678229287545
sp|Q9NXA8|SIR5_HUMAN	psvid_80693_sp|Q9NXA8|SIR5_HUMAN	-0.5703215275975041	-0.9051443887452116	-0.23549866644979656	0.12823217347104457	-4.447569686762623	0.007564062092605866	0.5174616303768038	0.16820993920110153	2.07764201415933
sp|Q9H7Z7|PGES2_HUMAN	psvid_80086_sp|Q9H7Z7|PGES2_HUMAN	-0.7251160816122714	-1.151966864723883	-0.29826529850065986	0.16347749815707038	-4.435571193508078	0.00764545150504455	0.5174616303768038	0.24674165506000872	2.3817619400688432
sp|Q7L2H7|EIF3M_HUMAN	psvid_67794_sp|Q7L2H7|EIF3M_HUMAN	-0.8648997243312624	-1.3742951674197803	-0.3555042812427446	0.1950908746182359	-4.433317170901733	0.007660855340967747	0.5174616303768038	0.31114216115747345	3.6286085735550113
sp|Q9UMX5|NENF_HUMAN	psvid_36799_sp|Q9UMX5|NENF_HUMAN	-0.41149798352967903	-0.6556145610399411	-0.167381406019417	0.09349301659734637	-4.401376685725196	0.007883085652572503	0.5174616303768038	0.06230085053142707	3.7674341413881254
sp|P12694|ODBA_HUMAN	psvid_47964_sp|P12694|ODBA_HUMAN	-0.3950241863873354	-0.6315786460868831	-0.1584697266877877	0.0905968380043195	-4.360242532620193	0.008180486661364448	0.5174616303768038	0.04681406629053905	4.613894651351941
sp|P04070|PROC_HUMAN	psvid_37486_sp|P04070|PROC_HUMAN	-0.5066180528402976	-0.8105462653039527	-0.2026898403766425	0.1163999827544355	-4.352389414945962	0.008238745552307006	0.5174616303768038	0.1382764233864174	2.484512152321594
sp|O75251|NDUS7_HUMAN	psvid_74582_sp|O75251|NDUS7_HUMAN	-0.4237863546178948	-0.6801292478190426	-0.16744346141674704	0.09817551357264633	-4.316619686479239	0.008510317187689933	0.5174616303768038	0.08201206155875909	2.786695181905767
sp|Q5HYI8|RABL3_HUMAN	psvid_64949_sp|Q5HYI8|RABL3_HUMAN	-0.6714850371114943	-1.0779833011633162	-0.2649867730596725	0.15568278621386064	-4.313161740239404	0.008537120884621462	0.5174616303768038	0.23020966882499758	2.7467065659994283
sp|Q13418|ILK_HUMAN	psvid_43230_sp|Q13418|ILK_HUMAN	-0.9694360624872509	-1.558494941433504	-0.3803771835409977	0.2256007851159603	-4.297130712505962	0.008662678248481957	0.5174616303768038	0.3707974683517549	1.961440680145755
sp|P22792|CPN2_HUMAN	psvid_104749_sp|P22792|CPN2_HUMAN	-0.8537593748197109	-1.3752838605208653	-0.33223488911855636	0.19973611745204345	-4.274436620230681	0.008844128090358257	0.5174616303768038	0.3203474877446992	1.9211996682848345
sp|P07360|CO8G_HUMAN	psvid_94344_sp|P07360|CO8G_HUMAN	-0.430616506117773	-0.6956397041102922	-0.1655933081252539	0.10149994114002686	-4.242529614117755	0.009106798527359643	0.5174616303768038	0.09396760306021913	2.984512152321594
sp|O75348|VATG1_HUMAN	psvid_99175_sp|O75348|VATG1_HUMAN	0.701838730514401	0.26862598921920644	1.1350514718095956	0.16591403347194203	4.230134822399396	0.009211284695308323	0.5174616303768038	0.25184360141698175	1.8934006156177785
sp|Q14117|DPYS_HUMAN	psvid_84271_sp|Q14117|DPYS_HUMAN	-0.47414890372016016	-0.7696844901617832	-0.1786133172785372	0.11318573187489339	-4.189122567535695	0.00956711732142493	0.5174616303768038	0.12954324471165918	3.966370845944179
sp|Q9BUR5|MIC26_HUMAN	psvid_77802_sp|Q9BUR5|MIC26_HUMAN	-0.6711245435680175	-1.089931583238375	-0.2523175038976601	0.16039686411440135	-4.184150028577523	0.0096113405160295	0.5174616303768038	0.24024803167280528	2.5798822526589875
sp|A3KMH1|VWA8_HUMAN	psvid_23430_sp|A3KMH1|VWA8_HUMAN	-0.6489024362301662	-1.0557743439734317	-0.2420305284869006	0.15582588618765975	-4.164278812114046	0.009790460011743867	0.5174616303768038	0.23051632884310588	2.649253222711903
sp|Q9H0U3|MAGT1_HUMAN	psvid_56110_sp|Q9H0U3|MAGT1_HUMAN	-0.537062739645986	-0.8765182107721008	-0.19760726851987132	0.13000639415698734	-4.131048654402827	0.010098763685934053	0.5210481168433118	0.17247248631214038	3.458191279079137
sp|P63104|1433Z_HUMAN	psvid_19362_sp|P63104|1433Z_HUMAN	-0.3614792030407039	-0.5930559981944734	-0.1299024078869344	0.0886904665536756	-4.075739108012654	0.010637350296707046	0.5360729789061435	0.03329054735886006	3.794571406596492
sp|P02452|CO1A1_HUMAN	psvid_883224_sp|P02452|CO1A1_HUMAN	-0.6609640474436809	-1.0887915575331948	-0.23313653735416706	0.16385157005537174	-4.033919523751379	0.011066831934211813	0.5404618371265411	0.2475268308797174	1.8729632740824185
sp|Q9Y282|ERGI3_HUMAN	psvid_49848_sp|Q9Y282|ERGI3_HUMAN	-0.5500915287516126	-0.9082519114375729	-0.19193114606565226	0.13717009694502527	-4.010287526238879	0.011318435180884923	0.5404618371265411	0.1892434617859198	3.328625544575998
sp|Q9NQR4|NIT2_HUMAN	psvid_90393_sp|Q9NQR4|NIT2_HUMAN	-0.5693834938822275	-0.9437257187159033	-0.1950412690485518	0.14336750169287937	-3.971496239796073	0.011745991612463596	0.5404618371265411	0.20328204350330412	3.088271527141305
sp|Q96RQ1|ERGI2_HUMAN	psvid_42509_sp|Q96RQ1|ERGI2_HUMAN	0.5804820237218405	0.19561154749898568	0.9653524999446954	0.14739966530875745	3.938150215646062	0.01212857834037804	0.5404618371265411	0.212225285910428	1.9364816370412092
sp|O15533|TPSN_HUMAN	psvid_881288_sp|O15533|TPSN_HUMAN	-0.4398333517986651	-0.7327156325711648	-0.1469510710261655	0.1121695552862684	-3.9211473262612526	0.012329213931538524	0.5404618371265411	0.12671083332732366	2.7623979262599105
sp|P36543|VATE1_HUMAN	psvid_87175_sp|P36543|VATE1_HUMAN	-0.34520544598523273	-0.5766680076025885	-0.113742884367877	0.08864671680908705	-3.8941706857421505	0.012655495504234823	0.5404618371265411	0.03291914561872863	2.318843348172905
sp|P38405|GNAL_HUMAN	psvid_65187_sp|P38405|GNAL_HUMAN	-0.6704560099934365	-1.1203781397546502	-0.2205338802322228	0.17231348060952675	-3.8909086371061834	0.01269562444821667	0.5404618371265411	0.26511407973951545	2.1277092553572965
sp|P50135|HNMT_HUMAN	psvid_60196_sp|P50135|HNMT_HUMAN	-0.8349625007211561	-1.4007560899634393	-0.269168911478873	0.2166905253596604	-3.8532487718846733	0.013169751575942346	0.5404618371265411	0.35355339059327373	1.667481250360578
sp|P26440|IVD_HUMAN	psvid_34697_sp|P26440|IVD_HUMAN	-1.1020647416619456	-1.8547979671013883	-0.3493315162225027	0.288285624258457	-3.8228223987815304	0.01356783440584517	0.5404618371265411	0.48947867384443156	2.4239956449133913
sp|Q7Z2W4|ZCCHV_HUMAN	psvid_62867_sp|Q7Z2W4|ZCCHV_HUMAN	-1.1638379571531385	-1.9704421628507505	-0.3572337514555266	0.30891740806748813	-3.7674728803204216	0.01432827538104886	0.5404618371265411	0.5278654024207962	1.4124010022984097
sp|P01860|IGHG3_HUMAN	psvid_1265178_sp|P01860|IGHG3_HUMAN	-0.778869304354984	-1.3216049547751685	-0.23613365393479946	0.20785967790562207	-3.7470918467824568	0.014620624263536938	0.5404618371265411	0.3363288905437444	2.5123979262599105
sp|P02652|APOA2_HUMAN	psvid_85363_sp|P02652|APOA2_HUMAN	0.37250498461768033	0.11121545592846371	0.633794513306897	0.10007000135591701	3.72244408484416	0.01498343215414756	0.5404618371265411	0.08897391484859207	3.4685732465450814
sp|P05107|ITB2_HUMAN	psvid_889170_sp|P05107|ITB2_HUMAN	-0.5490993032008764	-0.9350652483312032	-0.16313335807054963	0.1478192135991387	-3.714668004458088	0.01510004445425532	0.5404618371265411	0.2131481672813433	3.3493516561972574
sp|Q8N490|PNKD_HUMAN	psvid_34791_sp|Q8N490|PNKD_HUMAN	-0.3842352464645531	-0.6588687606368206	-0.10960173229228559	0.1051805492300743	-3.653101731044095	0.016061226213264303	0.5404618371265411	0.10602347478996316	3.55129550876658
sp|P53680|AP2S1_HUMAN	psvid_18452_sp|P53680|AP2S1_HUMAN	-0.5045629261390557	-0.8657728413343062	-0.14335301094380531	0.13833802251736055	-3.6473192037694213	0.016155076045397253	0.5404618371265411	0.19191911298737668	2.191003338610395
sp|O15229|KMO_HUMAN	psvid_89061_sp|O15229|KMO_HUMAN	-0.4661157743046991	-0.8021776692016414	-0.13005387940775676	0.1287067049594971	-3.621534514859826	0.016581328834004493	0.5404618371265411	0.16935473505598278	4.172717796408493
sp|Q8NHW5|RLA0L_HUMAN	psvid_64823_sp|Q8NHW5|RLA0L_HUMAN	0.37107902512339463	0.1029264067727183	0.639231643474071	0.10269846256970308	3.6132870525840386	0.01672039533321409	0.5404618371265411	0.09800816631117036	5.523046614287988
sp|P07148|FABPL_HUMAN	psvid_73804_sp|P07148|FABPL_HUMAN	-1.016699966373786	-1.7514692377589252	-0.28193069498864654	0.28140569716918606	-3.6129331303570873	0.0167263930791566	0.5404618371265411	0.4766201214523413	6.393419010746911
sp|P19827|ITIH1_HUMAN	psvid_43385_sp|P19827|ITIH1_HUMAN	-0.3397751624809495	-0.5892158339533952	-0.09033449100850388	0.09553206535941308	-3.5566609096394917	0.01771231573274589	0.5404618371265411	0.0714354187347666	4.915283582350385
sp|Q9Y694|S22A7_HUMAN	psvid_41954_sp|Q9Y694|S22A7_HUMAN	-0.6842413985415514	-1.1867585681401103	-0.18172422894299267	0.19245659822407832	-3.5553023635224252	0.01773693222181349	0.5404618371265411	0.30589815870791565	1.8846019496313537
sp|O75381|PEX14_HUMAN	psvid_55422_sp|O75381|PEX14_HUMAN	-0.5594332418677337	-0.9725842218461517	-0.1462822618893157	0.158230677417671	-3.5355548683586493	0.018099231969087737	0.5404618371265411	0.23565124518455596	3.5183565826838246
sp|Q8TCJ2|STT3B_HUMAN	psvid_33161_sp|Q8TCJ2|STT3B_HUMAN	-0.3506835614305923	-0.6101786023872958	-0.09118852047388881	0.09938273925732997	-3.5286163779665354	0.018228544702171414	0.5404618371265411	0.08649794643928771	4.757819326407612
sp|P21589|5NTD_HUMAN	psvid_58869_sp|P21589|5NTD_HUMAN	-0.41795322866023876	-0.7279630492833615	-0.107943408037116	0.11872914818183368	-3.5202242672552777	0.018386370119959753	0.5404618371265411	0.14441661383651566	3.860635750225001
sp|Q6IB77|GLYAT_HUMAN	psvid_52645_sp|Q6IB77|GLYAT_HUMAN	-0.3576297316805144	-0.6240296371721248	-0.0912298261889039	0.10202719962601324	-3.5052391224244848	0.018672108983912215	0.5404618371265411	0.09576029184537538	4.230339519339207
sp|Q01518|CAP1_HUMAN	psvid_53378_sp|Q01518|CAP1_HUMAN	-0.6390732894724718	-1.1182979909810338	-0.15984858796390977	0.18353592955035958	-3.4820064443955068	0.01912525881374374	0.5404618371265411	0.2879980252610081	3.154499145457392
sp|P56134|ATPK_HUMAN	psvid_86283_sp|P56134|ATPK_HUMAN	0.778869304354984	0.19200693945025604	1.365731669259712	0.2247595529233945	3.465344605932939	0.01945802538241039	0.5404618371265411	0.36917472139834107	3.02999525823276
sp|P18827|SDC1_HUMAN	psvid_104949_sp|P18827|SDC1_HUMAN	-0.75	-1.3157935892422832	-0.18420641075771693	0.2166905253596604	-3.4611573291225297	0.019542694401722214	0.5404618371265411	0.3535533905932738	0.771240625180289
sp|Q16878|CDO1_HUMAN	psvid_51126_sp|Q16878|CDO1_HUMAN	0.75	0.18420641075771693	1.3157935892422832	0.2166905253596604	3.4611573291225297	0.019542694401722214	0.5404618371265411	0.3535533905932738	0.375
sp|Q5UCC4|EMC10_HUMAN	psvid_107450_sp|Q5UCC4|EMC10_HUMAN	-0.75	-1.3157935892422832	-0.18420641075771693	0.2166905253596604	-3.4611573291225297	0.019542694401722214	0.5404618371265411	0.3535533905932738	0.375
sp|P83111|LACTB_HUMAN	psvid_81051_sp|P83111|LACTB_HUMAN	-0.34680634956130363	-0.6090276109326355	-0.08458508818997179	0.1004268411084718	-3.4533232921935224	0.01970224076728002	0.5404618371265411	0.09023923687850606	4.73923881623822
sp|Q9Y2D2|S35A3_HUMAN	psvid_58610_sp|Q9Y2D2|S35A3_HUMAN	-1.3729632740824185	-2.4132064930104073	-0.3327200551544296	0.39839767345756394	-3.4462130819362384	0.019848340489377447	0.5404618371265411	0.692272793930172	0.9364816370412092
sp|Q5T9A4|ATD3B_HUMAN	psvid_58162_sp|Q5T9A4|ATD3B_HUMAN	-0.4402514028316056	-0.7745283200646575	-0.10597448559855355	0.12802308507567756	-3.438843881721506	0.0200010747758362	0.5404618371265411	0.16770438890723	3.907318049665932
sp|P13693|TCTP_HUMAN	psvid_68918_sp|P13693|TCTP_HUMAN	0.5424812503605781	0.12730765960605872	0.9576548411150976	0.15900530724735584	3.4117178838355993	0.020575015074933395	0.5404618371265411	0.23729808828032703	1.6017226489021295
sp|P50579|MAP2_HUMAN	psvid_50381_sp|P50579|MAP2_HUMAN	-0.45725942216728344	-0.8092303846872909	-0.10528845964727596	0.13479964112344528	-3.3921412427837225	0.021000957190737905	0.5404618371265411	0.18376544413078885	4.068155137943854
sp|P62266|RS23_HUMAN	psvid_40300_sp|P62266|RS23_HUMAN	0.6001344823959323	0.13616885516483396	1.0641001096270306	0.17769193116551787	3.3773873605825933	0.021328645713721846	0.5404618371265411	0.27613766363600595	4.018235961265617
sp|O14818|PSA7_HUMAN	psvid_47175_sp|O14818|PSA7_HUMAN	-0.37053792378434547	-0.6571321914893054	-0.08394365607938559	0.10976133985049732	-3.3758509534326406	0.02136310507312414	0.5404618371265411	0.11984020517828961	3.2776682984618417
sp|Q14678|KANK1_HUMAN	psvid_34616_sp|Q14678|KANK1_HUMAN	1.1360801290559526	0.24356460568379212	2.028595652428113	0.3418201643291304	3.323619398772649	0.022573361773072693	0.5404618371265411	0.588646028505269	2.110521314888554
sp|P22830|HEMH_HUMAN	psvid_52142_sp|P22830|HEMH_HUMAN	-0.45356032691071135	-0.811424082661154	-0.09569657116026875	0.1370564932426941	-3.309294701620339	0.02291884749476763	0.5404618371265411	0.1889824013817457	4.175485656788161
sp|Q02809|PLOD1_HUMAN	psvid_38014_sp|Q02809|PLOD1_HUMAN	-0.6842413985415514	-1.2242189729171415	-0.14426382416596117	0.2068033758222326	-3.308656813850673	0.022934372105814498	0.5404618371265411	0.334258662583424	1.5308425748116428
sp|Q16563|SYPL1_HUMAN	psvid_84043_sp|Q16563|SYPL1_HUMAN	-0.6842413985415514	-1.2242189729171415	-0.14426382416596117	0.2068033758222326	-3.308656813850673	0.022934372105814498	0.5404618371265411	0.334258662583424	0.9883613244510647
sp|P11279|LAMP1_HUMAN	psvid_34906_sp|P11279|LAMP1_HUMAN	0.3183573942990434	0.0631105954659637	0.5736041931321232	0.09775572574016396	3.256662378480435	0.024241120808433752	0.5404618371265411	0.08040701858285486	3.644486459725284
sp|Q14195|DPYL3_HUMAN	psvid_62000_sp|Q14195|DPYL3_HUMAN	-0.896240625180289	-1.6152562071379748	-0.17722504322260313	0.27537226854204405	-3.2546509854657	0.024293353132993554	0.5404618371265411	0.4653165760708938	0.4481203125901445
sp|Q13347|EIF3I_HUMAN	psvid_73822_sp|Q13347|EIF3I_HUMAN	-0.3117412749455395	-0.5618820641358511	-0.061600485755227974	0.09580020002721859	-3.2540774952136644	0.02430826916399727	0.5404618371265411	0.07256461328520945	4.156574391374534
sp|P06753|TPM3_HUMAN	psvid_10853_sp|P06753|TPM3_HUMAN	0.46217266918125877	0.08987544254025454	0.8344698958222629	0.14258429781578527	3.2413994827002077	0.024640696018633442	0.5404618371265411	0.20152854265057077	2.7745056186664843
sp|P10599|THIO_HUMAN	psvid_26384_sp|P10599|THIO_HUMAN	-0.40385090357132314	-0.7296316145801962	-0.07807019256245001	0.12476916452004366	-3.23678454628464	0.02476298714057299	0.5404618371265411	0.15974242675640615	3.457343962500254
sp|Q9HBR0|S38AA_HUMAN	psvid_26541_sp|Q9HBR0|S38AA_HUMAN	-0.583355933431298	-1.0546109448648895	-0.11210092199770644	0.18048365684502232	-3.232181481851368	0.024885653080776126	0.5404618371265411	0.28181780786203753	2.348882639339619
sp|Q9Y3B3|TMED7_HUMAN	psvid_61444_sp|Q9Y3B3|TMED7_HUMAN	-0.2835063381289993	-0.5141265815754205	-0.0528860946825781	0.08832412148377727	-3.209840453166258	0.02549093331862764	0.5404618371265411	0.030045361435222743	4.414322633278848
sp|O95255|MRP6_HUMAN	psvid_55070_sp|O95255|MRP6_HUMAN	-0.33446740968909605	-0.6070700884531732	-0.06186473092501893	0.10440276948868644	-3.2036258360496888	0.025662272522605133	0.5404618371265411	0.10355828685516698	2.954034936080105
sp|P62330|ARF6_HUMAN	psvid_88144_sp|P62330|ARF6_HUMAN	-0.5335105954848439	-0.9698961766660675	-0.0971250143036203	0.16712918393468668	-3.1922048736463493	0.025980581856748338	0.5404618371265411	0.25437744982372124	3.6836717919866935
sp|P08519|APOA_HUMAN	psvid_882150_sp|P08519|APOA_HUMAN	-0.5758310317148774	-1.0470654017920227	-0.10459666163773201	0.18047575151265818	-3.190628252762753	0.026024875179070494	0.5404618371265411	0.28180176127721357	3.9913608136616983
sp|Q86UL3|GPAT4_HUMAN	psvid_84967_sp|Q86UL3|GPAT4_HUMAN	-0.7647234222633921	-1.3910834148807836	-0.13836342964600068	0.2398865565908968	-3.187854430573838	0.02610301117506762	0.5404618371265411	0.3982052495896103	1.028602336311985
sp|P14550|AK1A1_HUMAN	psvid_75053_sp|P14550|AK1A1_HUMAN	-0.32606749246668065	-0.594204008484557	-0.057930976448804294	0.10269229561585227	-3.175189438615945	0.02646317981703008	0.5404618371265411	0.0979876832481236	4.6006385287882425
sp|P14678|RSMB_HUMAN	psvid_21728_sp|P14678|RSMB_HUMAN	-0.6037593748197109	-1.100304048921522	-0.10721470071789985	0.1901692213228454	-3.174853273415492	0.026472816431573988	0.5404618371265411	0.3013299035821808	1.8590843600338254
sp|P63162|RSMN_HUMAN	psvid_79729_sp|P63162|RSMN_HUMAN	-0.6037593748197109	-1.100304048921522	-0.10721470071789985	0.1901692213228454	-3.174853273415492	0.026472816431573988	0.5404618371265411	0.3013299035821808	1.8590843600338254
sp|P51148|RAB5C_HUMAN	psvid_56495_sp|P51148|RAB5C_HUMAN	-0.44959153470758717	-0.8201113392331756	-0.07907173018199881	0.1419035715946007	-3.1682890688051835	0.026661789894689716	0.5404618371265411	0.19999988542365313	4.148167506728624
sp|P68036|UB2L3_HUMAN	psvid_68541_sp|P68036|UB2L3_HUMAN	-0.646240625180289	-1.1866496527005976	-0.10583159765998051	0.20696861595639932	-3.122408787409721	0.0280262411613144	0.5404618371265411	0.3345826616140136	0.8231203125901445
sp|Q13155|AIMP2_HUMAN	psvid_87848_sp|Q13155|AIMP2_HUMAN	-0.646240625180289	-1.1866496527005976	-0.10583159765998051	0.20696861595639932	-3.122408787409721	0.0280262411613144	0.5404618371265411	0.3345826616140136	1.4693609377704335
sp|Q99653|CHP1_HUMAN	psvid_31111_sp|Q99653|CHP1_HUMAN	-0.36198803043789474	-0.6656742689134841	-0.05830179196230534	0.11630731031771252	-3.112341171411023	0.028336149596627266	0.5404618371265411	0.13802904527125626	3.904177148371912
sp|P33908|MA1A1_HUMAN	psvid_73521_sp|P33908|MA1A1_HUMAN	-0.41242631636785276	-0.7589921845476424	-0.06586044818806319	0.13272957042192166	-3.107267770526411	0.028493794724456234	0.5404618371265411	0.17892584440057244	3.536695181905767
sp|Q8IUE6|H2A2B_HUMAN	psvid_48121_sp|Q8IUE6|H2A2B_HUMAN	-0.603759374819711	-1.114717519036782	-0.09280123060264	0.19568936589661856	-3.0852947581151304	0.029188140591211217	0.5404618371265411	0.312331108889869	2.424842961492274
sp|Q9H6K4|OPA3_HUMAN	psvid_78814_sp|Q9H6K4|OPA3_HUMAN	-0.7018387305144009	-1.3032951066087735	-0.10038235442002841	0.23034884204210637	-3.0468515677891235	0.030449565557246212	0.5404618371265411	0.3799372633278791	1.4971599904374895
sp|P31689|DNJA1_HUMAN	psvid_11314_sp|P31689|DNJA1_HUMAN	-0.31105825747146043	-0.5786989009157326	-0.043417614027188245	0.1025023837990188	-3.0346441316073864	0.030862949117219037	0.5404618371265411	0.09735540211757647	4.388767351784409
sp|P60900|PSA6_HUMAN	psvid_16249_sp|P60900|PSA6_HUMAN	-0.751606567289858	-1.4002541468776264	-0.10295898770208967	0.24842237074898552	-3.025518857354868	0.03117610836587697	0.5404618371265411	0.41446138711321745	2.473882639339619
sp|P06681|CO2_HUMAN	psvid_72746_sp|P06681|CO2_HUMAN	-0.32319543730696154	-0.6034574271067054	-0.042933447507217726	0.10733617164058136	-3.0110579906761714	0.0316797591716436	0.5404618371265411	0.1126629559030718	3.4976716956324347
sp|O60313|OPA1_HUMAN	psvid_38847_sp|O60313|OPA1_HUMAN	-0.348100325708953	-0.6509258193726799	-0.04527483204522609	0.1159776578631259	-3.0014429686084263	0.03201972494437837	0.5404618371265411	0.13714706907060886	4.678442573985885
sp|P49585|PCY1A_HUMAN	psvid_50459_sp|P49585|PCY1A_HUMAN	0.4237863546178945	0.054896306849099685	0.7926764023866892	0.14127939900842668	2.9996330504818864	0.032084179517089924	0.5404618371265411	0.19859438509390756	3.1829358070860563
sp|Q8NHH9|ATLA2_HUMAN	psvid_79320_sp|Q8NHH9|ATLA2_HUMAN	-0.2741127278702169	-0.5142883447748896	-0.03393711096554422	0.09198368732906935	-2.980014563773525	0.032792312856499764	0.5404618371265411	0.05471846262689924	4.503712904989863
sp|P84095|RHOG_HUMAN	psvid_79270_sp|P84095|RHOG_HUMAN	-0.4348848844575084	-0.8165539390801143	-0.05321582983490247	0.14617356847477822	-2.9751266866864947	0.032971476023984446	0.5404618371265411	0.20952020061149954	3.4617624231037327
sp|Q14257|RCN2_HUMAN	psvid_77669_sp|Q14257|RCN2_HUMAN	-0.7509380337152768	-1.4101608311030265	-0.0917152363275271	0.2524725218013148	-2.9743356954553386	0.03300057320294782	0.5404618371265411	0.4221471277317514	2.352191665759768
sp|Q9Y3U8|RL36_HUMAN	psvid_51350_sp|Q9Y3U8|RL36_HUMAN	0.3417539961039755	0.04169496042034221	0.6418130317876087	0.114918145623168	2.973890626678163	0.033016958113885934	0.5404618371265411	0.13429051654460022	3.572536133946869
sp|P40763|STAT3_HUMAN	psvid_52586_sp|P40763|STAT3_HUMAN	-0.4331000746336431	-0.8168576658864232	-0.049342483380863	0.14697344692555991	-2.946791299335876	0.03403210811308656	0.5404618371265411	0.2112863083960747	4.131367847857175
sp|P36406|TRI23_HUMAN	psvid_34633_sp|P36406|TRI23_HUMAN	-1.160964047443681	-2.190899083469323	-0.13102901141803902	0.39444979279740244	-2.9432492262455723	0.03416737699506363	0.5404618371265411	0.6850699865376721	1.5804820237218404
sp|P06748|NPM_HUMAN	psvid_47126_sp|P06748|NPM_HUMAN	0.632628679174695	0.0713821541204418	1.1938752042289482	0.21494906743846373	2.9431561937611375	0.03417093798645136	0.5404618371265411	0.3501678832585994	2.835518238850055
sp|P0C0S8|H2A1_HUMAN	psvid_48117_sp|P0C0S8|H2A1_HUMAN	-0.4403237308819866	-0.8313884218197035	-0.04925903994426972	0.14977195737122412	-2.939961115621946	0.03429348972237874	0.5404618371265411	0.2174258411769294	3.643043225732503
sp|P20671|H2A1D_HUMAN	psvid_48113_sp|P20671|H2A1D_HUMAN	-0.4403237308819866	-0.8313884218197035	-0.04925903994426972	0.14977195737122412	-2.939961115621946	0.03429348972237874	0.5404618371265411	0.2174258411769294	3.643043225732503
sp|Q96KK5|H2A1H_HUMAN	psvid_48116_sp|Q96KK5|H2A1H_HUMAN	-0.4403237308819866	-0.8313884218197035	-0.04925903994426972	0.14977195737122412	-2.939961115621946	0.03429348972237874	0.5404618371265411	0.2174258411769294	3.643043225732503
sp|Q99878|H2A1J_HUMAN	psvid_48120_sp|Q99878|H2A1J_HUMAN	-0.4403237308819866	-0.8313884218197035	-0.04925903994426972	0.14977195737122412	-2.939961115621946	0.03429348972237874	0.5404618371265411	0.2174258411769294	3.643043225732503
sp|Q9BTM1|H2AJ_HUMAN	psvid_48122_sp|Q9BTM1|H2AJ_HUMAN	-0.4403237308819866	-0.8313884218197035	-0.04925903994426972	0.14977195737122412	-2.939961115621946	0.03429348972237874	0.5404618371265411	0.2174258411769294	3.643043225732503
sp|O14966|RAB7L_HUMAN	psvid_25052_sp|O14966|RAB7L_HUMAN	0.7880007733612625	0.08804282850092227	1.4879587182216027	0.2680734771218938	2.9394954764695216	0.0343113912807499	0.5404618371265411	0.4516057129187235	1.5827222622214983
sp|Q9H078|CLPB_HUMAN	psvid_39230_sp|Q9H078|CLPB_HUMAN	-1.055598105334112	-1.99406300881052	-0.11713320185770382	0.3594180931569816	-2.9369642915362713	0.03440888737245179	0.5404618371265411	0.6209805195154172	2.2970029519297634
sp|Q4G148|GXLT1_HUMAN	psvid_60419_sp|Q4G148|GXLT1_HUMAN	-0.542481250360578	-1.0252691324222825	-0.05969336829887356	0.18490057468012464	-2.933907865343647	0.03452703088851342	0.5404618371265411	0.29075150516342774	1.417481250360578
sp|P08240|SRPRA_HUMAN	psvid_27191_sp|P08240|SRPRA_HUMAN	-0.28344962451686473	-0.535938129269572	-0.030961119764157552	0.0966993401523159	-2.931246728988939	0.03463026700840993	0.5404618371265411	0.07625098231272194	4.861638571754918
sp|P11766|ADHX_HUMAN	psvid_81665_sp|P11766|ADHX_HUMAN	0.36104596123458976	0.0393286053366147	0.6827633171325649	0.12321295997753104	2.930259619608438	0.034668649288953524	0.5404618371265411	0.1558669301162013	3.022922317186964
sp|O95140|MFN2_HUMAN	psvid_59678_sp|O95140|MFN2_HUMAN	-0.6148579046593246	-1.1642160326873048	-0.06549977663134432	0.21039598828329467	-2.922384165573674	0.034976596152730216	0.5404618371265411	0.3412907950012394	2.7461508278705296
sp|Q9NVV5|AIG1_HUMAN	psvid_78704_sp|Q9NVV5|AIG1_HUMAN	-0.6360801290559526	-1.2053955454917995	-0.06676471262010553	0.21803933276806767	-2.9172724066834417	0.0351781245900787	0.5404618371265411	0.3561719911447588	2.1530025652491322
sp|O15155|BET1_HUMAN	psvid_90448_sp|O15155|BET1_HUMAN	-0.47672264890212956	-0.9044610602838852	-0.04898423752037395	0.16381744657613817	-2.910084724587384	0.0354637098099156	0.5404618371265411	0.2474552347741902	2.2150839733531944
sp|Q9UL25|RAB21_HUMAN	psvid_75021_sp|Q9UL25|RAB21_HUMAN	-0.5153501361660358	-0.9786786908676597	-0.052021581464411826	0.1774479418667192	-2.904232817493675	0.03569814858419081	0.5404618371265411	0.27563993075424564	3.0772874326381383
sp|P06213|INSR_HUMAN	psvid_33217_sp|P06213|INSR_HUMAN	-0.8168700777162465	-1.5514352603802688	-0.08230489505222427	0.28132753422595075	-2.903626479234592	0.03572253919580647	0.5404618371265411	0.47647385055552544	2.5971569143989903
sp|Q9HCL2|GPAT1_HUMAN	psvid_31164_sp|Q9HCL2|GPAT1_HUMAN	-1.25	-2.374273532268384	-0.1257264677316159	0.4305800330496057	-2.903060764677845	0.035745312580305194	0.5404618371265411	0.7508654231715148	2.4979632740824185
sp|P47985|UCRI_HUMAN	psvid_62708_sp|P47985|UCRI_HUMAN	-0.267777533705412	-0.5103546888263998	-0.025200378584424254	0.09290344072970708	-2.882320951755522	0.036591592829315386	0.5404618371265411	0.05943975691625179	4.602237778731271
sp|P25325|THTM_HUMAN	psvid_44389_sp|P25325|THTM_HUMAN	-0.43424139854155175	-0.8278813019400395	-0.04060149514306405	0.15075822542312	-2.880382793859533	0.03667182254608493	0.5404618371265411	0.21957560311052737	2.7261641024091468
sp|Q9NVI7|ATD3A_HUMAN	psvid_46364_sp|Q9NVI7|ATD3A_HUMAN	-0.31704207647030214	-0.6048124508273061	-0.02927170211329827	0.11021177119711563	-2.87666256541025	0.03682637522378451	0.5404618371265411	0.12114337475256721	4.567790452521066
sp|O14735|CDIPT_HUMAN	psvid_34903_sp|O14735|CDIPT_HUMAN	-0.4999999999999999	-0.9549775321272115	-0.0450224678727883	0.17424962448853326	-2.8694466428127257	0.03712824331204284	0.5404618371265411	0.2690951400276954	2.0192038992627075
sp|P26572|MGAT1_HUMAN	psvid_71578_sp|P26572|MGAT1_HUMAN	-0.47309775647835106	-0.9048682229680014	-0.04132728998870078	0.16536166368326177	-2.860988127118359	0.03748563733220407	0.5404618371265411	0.25068949726737133	2.8975129256828565
sp|Q6NUQ4|TM214_HUMAN	psvid_37700_sp|Q6NUQ4|TM214_HUMAN	-0.7748839183877285	-1.4843744728045607	-0.06539336397089635	0.27172432473155134	-2.851728196043071	0.03788132869893978	0.5404618371265411	0.45846909073133457	3.2780025652491322
sp|Q96SB4|SRPK1_HUMAN	psvid_59276_sp|Q96SB4|SRPK1_HUMAN	-0.896240625180289	-1.718176646550437	-0.07430460381014103	0.31478926532421053	-2.8471130496055035	0.038080289940349815	0.5404618371265411	0.5387481600885541	1.674842961492274
sp|P17568|NDUB7_HUMAN	psvid_50327_sp|P17568|NDUB7_HUMAN	-0.603759374819711	-1.1580802584101626	-0.049438491229259474	0.2122966498151859	-2.8439420751354842	0.03821767173226264	0.5404618371265411	0.34500110992016714	1.5943609377704335
sp|P30273|FCERG_HUMAN	psvid_67242_sp|P30273|FCERG_HUMAN	0.603759374819711	0.049438491229259585	1.1580802584101624	0.21229664981518587	2.8439420751354847	0.03821767173226264	0.5404618371265411	0.3450011099201671	1.5943609377704335
sp|P54707|AT12A_HUMAN	psvid_41279_sp|P54707|AT12A_HUMAN	0.6609640474436811	0.053816740672126384	1.2681113542152358	0.23252838380728527	2.8425091019919293	0.038279937325517356	0.5404618371265411	0.38412224925464766	1.7267226489021295
sp|Q9NR77|PXMP2_HUMAN	psvid_74152_sp|Q9NR77|PXMP2_HUMAN	0.3693939376957084	0.029685668212721117	0.7091022071786957	0.13010321216589077	2.839237644837739	0.03842251567014506	0.5404618371265411	0.17270372572619552	3.9332853280625684
sp|Q14194|DPYL1_HUMAN	psvid_77888_sp|Q14194|DPYL1_HUMAN	-0.792481250360578	-1.5221538219820894	-0.06280867873906681	0.2794537370014152	-2.8358226977532417	0.038571983360192734	0.5404618371265411	0.47296601837939484	0.646240625180289
sp|Q9BXR6|FHR5_HUMAN	psvid_81273_sp|Q9BXR6|FHR5_HUMAN	0.792481250360578	0.0628086787390667	1.5221538219820894	0.27945373700141524	2.835822697753241	0.038571983360192755	0.5404618371265411	0.4729660183793949	0.896240625180289
sp|Q9BZF1|OSBL8_HUMAN	psvid_26337_sp|Q9BZF1|OSBL8_HUMAN	-0.3962406251802889	-0.7611997309173849	-0.03128151944319291	0.13977390670486783	-2.834868356487665	0.0386138700993631	0.5404618371265411	0.1951887326557164	1.7961996682848347
sp|Q9H0V9|LMA2L_HUMAN	psvid_45737_sp|Q9H0V9|LMA2L_HUMAN	-0.7119992266387375	-1.3708710793847207	-0.05312737389275435	0.2523381152257677	-2.821607928717822	0.03920118847105078	0.5404618371265411	0.42189234121703395	2.4789628874017873
sp|P0C7P4|UCRIL_HUMAN	psvid_62707_sp|P0C7P4|UCRIL_HUMAN	-0.36094348254084163	-0.6950436415483554	-0.026843323533327912	0.1279553893055561	-2.820854084378677	0.03923487659375658	0.5404618371265411	0.16754055910099355	4.029489130680387
sp|P55899|FCGRN_HUMAN	psvid_66619_sp|P55899|FCGRN_HUMAN	-0.5637915406251134	-1.087103106842001	-0.040479974408225705	0.20042054269682721	-2.8130426803501445	0.03958587208605424	0.5404618371265411	0.3216994962985464	3.4448268785895726
sp|Q9UL46|PSME2_HUMAN	psvid_85740_sp|Q9UL46|PSME2_HUMAN	-0.4453399283811649	-0.8590048371522472	-0.03167501961008262	0.158427504497718	-2.811001345966284	0.03967817562823893	0.5404618371265411	0.236070019742818	2.876347425219384
sp|Q9BTZ2|DHRS4_HUMAN	psvid_69585_sp|Q9BTZ2|DHRS4_HUMAN	-0.45183873051440093	-0.8720607544646239	-0.03161670656417798	0.16093878203784467	-2.8075192616292526	0.03983618276769519	0.5404618371265411	0.24139396210923292	2.1221599904374893
sp|P20648|ATP4A_HUMAN	psvid_31806_sp|P20648|ATP4A_HUMAN	0.5175973319728496	0.03519064625776802	1.0000040176879312	0.1847545821517796	2.801539891160226	0.04010915622058762	0.5404618371265411	0.29045720841599254	2.316003338610395
sp|Q14974|IMB1_HUMAN	psvid_44398_sp|Q14974|IMB1_HUMAN	-0.3786432932074395	-0.7322003526629405	-0.025086233751938525	0.1354070926477436	-2.796332790280533	0.04034858027062487	0.5404618371265411	0.18517551552053196	2.989239732812811
sp|Q96LJ7|DHRS1_HUMAN	psvid_88758_sp|Q96LJ7|DHRS1_HUMAN	-0.29388119429573045	-0.5684574527883737	-0.019304935803087175	0.10515862115677425	-2.7946467066889533	0.04042644943098432	0.5404618371265411	0.10595451117008992	5.706765932131121
sp|O60716|CTND1_HUMAN	psvid_28051_sp|O60716|CTND1_HUMAN	-0.29098717458773926	-0.5629833492646596	-0.018990999910818818	0.10417048744842018	-2.7933744164518863	0.04048531952800168	0.5404618371265411	0.1028142189063121	4.6108561979459575
sp|Q9NZN4|EHD2_HUMAN	psvid_60518_sp|Q9NZN4|EHD2_HUMAN	-1.042481250360578	-2.017208596774437	-0.06775390394671876	0.3733060691969084	-2.792564430048681	0.04052284835886992	0.5404618371265411	0.6464284732962589	1.813721875540867
sp|P15907|SIAT1_HUMAN	psvid_84701_sp|P15907|SIAT1_HUMAN	-0.2691553204007284	-0.5214192148978238	-0.01689142590363296	0.09661331776674088	-2.7859028819460034	0.04083297640526129	0.5404618371265411	0.07590458532576762	4.353106873811492
sp|P53618|COPB_HUMAN	psvid_26587_sp|P53618|COPB_HUMAN	-0.37437491486770424	-0.7256823843842857	-0.023067445351122817	0.13454553317627432	-2.782514632999509	0.04099173424417882	0.5404618371265411	0.18317425979212643	4.440256293647883
sp|P0DOY2|IGLC2_HUMAN	psvid_30853_sp|P0DOY2|IGLC2_HUMAN	-0.4767226489021297	-0.9248989694959395	-0.028546328308319824	0.17164486167701276	-2.777377919993826	0.04123373545445153	0.5404618371265411	0.26373578436109446	2.7012985848050795
sp|P0DOY3|IGLC3_HUMAN	psvid_166891_sp|P0DOY3|IGLC3_HUMAN	-0.4767226489021297	-0.9248989694959395	-0.028546328308319824	0.17164486167701276	-2.777377919993826	0.04123373545445153	0.5404618371265411	0.26373578436109446	2.7012985848050795
sp|P62826|RAN_HUMAN	psvid_87118_sp|P62826|RAN_HUMAN	-0.8729632740824185	-1.6945160214331492	-0.05141052673168789	0.3146424770781021	-2.7744609761183874	0.04137186968227643	0.5404618371265411	0.5384763134980838	1.9364816370412092
sp|Q8IY95|TM192_HUMAN	psvid_51319_sp|Q8IY95|TM192_HUMAN	-0.38710915617401076	-0.7518852403565037	-0.02233307199151785	0.13970381217291636	-2.7709276515294516	0.04153988649516868	0.5404618371265411	0.19502961666673976	2.1702772269891346
sp|Q16777|H2A2C_HUMAN	psvid_48129_sp|Q16777|H2A2C_HUMAN	-0.5819395806972736	-1.1319463625130393	-0.031932798881507796	0.21064441303169104	-2.762663259479481	0.041935861543148066	0.5404618371265411	0.3417761344024965	4.058762048826059
sp|Q6FI13|H2A2A_HUMAN	psvid_48118_sp|Q6FI13|H2A2A_HUMAN	-0.5819395806972736	-1.1319463625130393	-0.031932798881507796	0.21064441303169104	-2.762663259479481	0.041935861543148066	0.5404618371265411	0.3417761344024965	4.058762048826059
sp|P39060|COIA1_HUMAN	psvid_46243_sp|P39060|COIA1_HUMAN	-0.5110985298396135	-0.9943143460724531	-0.027882713606773857	0.18506446709977328	-2.761732372774004	0.04198072717876823	0.5404618371265411	0.29108180712552817	2.934110644336337
sp|Q8N0Y7|PGAM4_HUMAN	psvid_60934_sp|Q8N0Y7|PGAM4_HUMAN	-0.35375937481971076	-0.6898276392668871	-0.017691110372534458	0.1287091444024543	-2.748517803160574	0.04262344308952006	0.5404618371265411	0.16936061104880976	2.7516816920066747
sp|P50990|TCPQ_HUMAN	psvid_85860_sp|P50990|TCPQ_HUMAN	-0.276701681631755	-0.540381784814606	-0.013021578448904059	0.10098555581391423	-2.7400124641749	0.043042925799798216	0.5404618371265411	0.0921943045357766	4.432647321336017
sp|O43776|SYNC_HUMAN	psvid_59595_sp|O43776|SYNC_HUMAN	-0.6842413985415515	-1.3373876293853226	-0.031095167697780424	0.2501452872376269	-2.735375933313317	0.043273538422954456	0.5404618371265411	0.4177329385998854	2.0308425748116425
sp|Q969X5|ERGI1_HUMAN	psvid_44747_sp|Q969X5|ERGI1_HUMAN	-0.33036940755088473	-0.6457601357774014	-0.014978679324368083	0.12078995572306565	-2.7350735048559875	0.04328862849523826	0.5404618371265411	0.14973520051676958	5.056223006839946
sp|O75923|DYSF_HUMAN	psvid_35945_sp|O75923|DYSF_HUMAN	-0.5933043308960539	-1.1604482609761653	-0.02616040081594251	0.21720768580673352	-2.7315070767061287	0.043467023747971574	0.5404618371265411	0.35455777947520345	3.2019361937666875
sp|O75083|WDR1_HUMAN	psvid_95037_sp|O75083|WDR1_HUMAN	-1.1229632740824185	-2.198487192034608	-0.04743935613022909	0.4119096561876057	-2.726236826968098	0.04373214870354316	0.5404618371265411	0.716898865009413	1.5614816370412092
sp|P49257|LMAN1_HUMAN	psvid_37424_sp|P49257|LMAN1_HUMAN	-0.27773663380455904	-0.545679176061177	-0.009794091547941142	0.10261800655172665	-2.706509735838226	0.044740666205040185	0.5404618371265411	0.09774069743600493	6.783220675948833
sp|P56381|ATP5E_HUMAN	psvid_47979_sp|P56381|ATP5E_HUMAN	-0.4489648208049434	-0.8834358569375038	-0.014493784672382992	0.16639594167053312	-2.698171699967909	0.04517470592256179	0.5404618371265411	0.2528493065594751	2.0169636607630497
sp|Q5VTU8|AT5EL_HUMAN	psvid_104079_sp|Q5VTU8|AT5EL_HUMAN	-0.4489648208049434	-0.8834358569375038	-0.014493784672382992	0.16639594167053312	-2.698171699967909	0.04517470592256179	0.5404618371265411	0.2528493065594751	2.0169636607630497
sp|P0DPI2|GAL3A_HUMAN	psvid_91468_sp|P0DPI2|GAL3A_HUMAN	0.5	0.014539342375451236	0.9854606576245488	0.18592420794832198	2.689267877042542	0.04564338209752139	0.5404618371265411	0.29281315232800614	1.146240625180289
sp|A8MTJ3|GNAT3_HUMAN	psvid_71250_sp|A8MTJ3|GNAT3_HUMAN	-0.5	-0.9854606576245488	-0.01453934237545118	0.185924207948322	-2.6892678770425418	0.04564338209752141	0.5404618371265411	0.29281315232800614	1.542481250360578
sp|P11488|GNAT1_HUMAN	psvid_33054_sp|P11488|GNAT1_HUMAN	-0.5	-0.9854606576245488	-0.01453934237545118	0.185924207948322	-2.6892678770425418	0.04564338209752141	0.5404618371265411	0.29281315232800614	1.542481250360578
sp|P19087|GNAT2_HUMAN	psvid_33055_sp|P19087|GNAT2_HUMAN	-0.5	-0.9854606576245488	-0.01453934237545118	0.185924207948322	-2.6892678770425418	0.04564338209752141	0.5404618371265411	0.29281315232800614	1.542481250360578
sp|Q03113|GNA12_HUMAN	psvid_53482_sp|Q03113|GNA12_HUMAN	-0.5	-0.9854606576245488	-0.01453934237545118	0.185924207948322	-2.6892678770425418	0.04564338209752141	0.5404618371265411	0.29281315232800614	1.542481250360578
sp|Q9BQA9|CYBC1_HUMAN	psvid_85946_sp|Q9BQA9|CYBC1_HUMAN	-0.5	-0.9854606576245488	-0.01453934237545118	0.185924207948322	-2.6892678770425418	0.04564338209752141	0.5404618371265411	0.2928131523280062	1.896240625180289
sp|Q5TEC6|H37_HUMAN	psvid_93838_sp|Q5TEC6|H37_HUMAN	-0.5	-0.985460657624549	-0.014539342375451014	0.18592420794832207	-2.689267877042541	0.04564338209752145	0.5404618371265411	0.2928131523280063	1.542481250360578
sp|Q6NXT2|H3C_HUMAN	psvid_65781_sp|Q6NXT2|H3C_HUMAN	-0.5	-0.985460657624549	-0.014539342375451014	0.18592420794832207	-2.689267877042541	0.04564338209752145	0.5404618371265411	0.2928131523280063	1.542481250360578
sp|Q96S06|LMF1_HUMAN	psvid_52093_sp|Q96S06|LMF1_HUMAN	-0.8304820237218404	-1.6373535903928909	-0.023610457050790012	0.3090198033418366	-2.687471853715356	0.045738575118239214	0.5404618371265411	0.5280553278543094	2.1039628874017873
sp|Q58FF8|H90B2_HUMAN	psvid_47966_sp|Q58FF8|H90B2_HUMAN	0.271222224396628	0.007430064661484881	0.5350143841317712	0.10102847180597894	2.6846117688239333	0.045890622072581246	0.5404618371265411	0.09234320847952981	3.4680601967534894
sp|Q6PEY2|TBA3E_HUMAN	psvid_34682_sp|Q6PEY2|TBA3E_HUMAN	-0.2692551489027115	-0.5320944768945035	-0.006415820910919523	0.10066355142693643	-2.674802796900546	0.04641637113955533	0.5436802201353921	0.09107133694967817	6.577905268755359
sp|Q66PJ3|AR6P4_HUMAN	psvid_882652_sp|Q66PJ3|AR6P4_HUMAN	-0.5804820237218404	-1.1481102265025735	-0.012853820941107208	0.21739315504482723	-2.670194577203422	0.04666567648600965	0.5436802201353921	0.3549178728525311	0.7902410118609202
sp|P08684|CP3A4_HUMAN	psvid_54083_sp|P08684|CP3A4_HUMAN	-0.33281419533108014	-0.6600104254941259	-0.005617965168034311	0.1253112872923874	-2.6558995803349186	0.04744855853673145	0.5479662261337713	0.16108179631693464	10.071758483831964
sp|P18085|ARF4_HUMAN	psvid_37945_sp|P18085|ARF4_HUMAN	-0.40751259756242353	-0.8094162501431525	-0.0056089449816944525	0.1539231183907806	-2.647507416837989	0.04791495725182487	0.5479662261337713	0.2264282205586153	4.376637659072722
sp|O94905|ERLN2_HUMAN	psvid_28780_sp|O94905|ERLN2_HUMAN	-0.33766583720384413	-0.6707333148892526	-0.00459835951843568	0.12755988772605645	-2.6471161367671043	0.047936826738145276	0.5479662261337713	0.1665819323093549	5.562878340315892
sp|Q8N1S5|S39AB_HUMAN	psvid_89442_sp|Q8N1S5|S39AB_HUMAN	0.4285613794165306	0.0026806268129437316	0.8544421320201174	0.163105990907085	2.62750238071062	0.04904741177748073	0.5479662261337713	0.24596116630774498	2.360521314888554
sp|P31947|1433S_HUMAN	psvid_49003_sp|P31947|1433S_HUMAN	-0.5147234222633918	-1.026274399901626	-0.0031724446251578664	0.19591641227523626	-2.6272603519314885	0.04906129325110158	0.5479662261337713	0.3127819207148443	1.903602336311985
sp|P21281|VATB2_HUMAN	psvid_48913_sp|P21281|VATB2_HUMAN	-0.40873765913820825	-0.8166354303298898	-0.000839887946526674	0.1562187766229901	-2.616443861448445	0.04968614012251523	0.5479662261337713	0.23135763663676293	3.6866834317283472
sp|Q9Y2Q3|GSTK1_HUMAN	psvid_39406_sp|Q9Y2Q3|GSTK1_HUMAN	-0.2318853958411573	-0.4638296526696605	5.88609873458934e-05	0.08883119890706656	-2.610404888081621	0.050038833923934815	0.5479662261337713	0.034459312083359665	3.956111610696747
sp|Q92887|MRP2_HUMAN	psvid_48191_sp|Q92887|MRP2_HUMAN	-0.5288693043549839	-1.0586396870586643	0.0009010783486964602	0.20289417330052328	-2.6066263794161895	0.050260920533100904	0.5479662261337713	0.32657712496050334	3.1373979262599105
sp|P48723|HSP13_HUMAN	psvid_66749_sp|P48723|HSP13_HUMAN	-0.9694360624872504	-1.941218467484301	0.0023463425098000368	0.37217820045662037	-2.604763151892998	0.050370835934384746	0.5479662261337713	0.6443638974885546	2.2114406801457545
sp|O95232|LC7L3_HUMAN	psvid_55565_sp|O95232|LC7L3_HUMAN	0.75	-0.0019770094427684626	1.5019770094427685	0.2879960047846411	2.604202792885402	0.05040394466242147	0.5479662261337713	0.48893800808485205	0.771240625180289
sp|P25787|PSA2_HUMAN	psvid_93502_sp|P25787|PSA2_HUMAN	-0.34807935569468984	-0.6970853454409509	0.0009266340515712845	0.1336641006715278	-2.6041349468252193	0.050407954972548755	0.5479662261337713	0.18111740143757618	1.7545217015691854
sp|O75746|S2512_HUMAN	psvid_53032_sp|O75746|S2512_HUMAN	-0.37334588774964605	-0.7477535563053623	0.0010617808060702227	0.14339256566458228	-2.6036627911586483	0.050435873394019004	0.5479662261337713	0.2033380669586563	3.718611084443837
sp|Q9BX93|PG12B_HUMAN	psvid_72380_sp|Q9BX93|PG12B_HUMAN	-0.32304518787332737	-0.6477015611711564	0.001611185424501671	0.12433855990747798	-2.5981094530426416	0.05076552908280653	0.5479662261337713	0.15867470121619898	3.0419227038675953
sp|Q6P2S7|TTC41_HUMAN	psvid_32133_sp|Q6P2S7|TTC41_HUMAN	-1.05720467262397	-2.1204307827997546	0.00602143755181439	0.40719977880739355	-2.5962800758888194	0.05087464597674344	0.5479662261337713	0.7083193975716877	1.0286023363119852
sp|Q9NZ08|ERAP1_HUMAN	psvid_56529_sp|Q9NZ08|ERAP1_HUMAN	-0.23481317547824032	-0.47126219269541336	0.0016358417389326918	0.09055645510261219	-2.5930031736795196	0.051070753201390026	0.5479662261337713	0.046565763926053126	5.474529346572181
sp|P08575|PTPRC_HUMAN	psvid_33321_sp|P08575|PTPRC_HUMAN	-0.896240625180289	-1.798775465312472	0.006294214951893862	0.345657413555269	-2.5928581017892283	0.05107945439733355	0.5479662261337713	0.5957057571144397	1.3443609377704335
sp|P30046|DOPD_HUMAN	psvid_99364_sp|P30046|DOPD_HUMAN	0.41777498612623176	-0.0064271302055474155	0.8419771024580109	0.16246309819401464	2.571506950011022	0.05237813336583932	0.5484103583837773	0.2446088732250672	3.682923283256744
sp|Q96LZ7|RMD2_HUMAN	psvid_23498_sp|Q96LZ7|RMD2_HUMAN	-0.2245821455262742	-0.45264226912119976	0.003477978068651383	0.08734363367664745	-2.571248024300132	0.05239410493572591	0.5484103583837773	0.018889401691726034	4.0854742059161016
sp|P22033|MUTA_HUMAN	psvid_41173_sp|P22033|MUTA_HUMAN	-0.3410757616522905	-0.688546551134557	0.006395027829976085	0.1330761418150431	-2.563012099692049	0.05290494929497115	0.5484103583837773	0.17973990604836612	3.426129834083259
sp|Q8WU67|ABHD3_HUMAN	psvid_41702_sp|Q8WU67|ABHD3_HUMAN	-1.0323207542362414	-2.0878873572773227	0.02324584880483993	0.4042663015524857	-2.553566177224929	0.05349763206958903	0.5484103583837773	0.7029734322042877	1.4124010022984097
sp|P48449|LSS_HUMAN	psvid_31596_sp|P48449|LSS_HUMAN	-0.2392794281327666	-0.4842826305972829	0.005723774331749698	0.09383258076135825	-2.5500676437890926	0.05371900490732613	0.5484103583837773	0.06389839297449955	6.714447614335757
sp|Q9HD20|AT131_HUMAN	psvid_60305_sp|Q9HD20|AT131_HUMAN	-0.4127737097078985	-0.8355401990101361	0.00999277959433914	0.1619132744046209	-2.5493506398763697	0.053764498750134435	0.5484103583837773	0.2434506557236433	4.431299841491862
sp|P0DPH7|TBA3C_HUMAN,sp|P0DPH8|TBA3D_HUMAN	psvid_34681_sp|P0DPH7|TBA3C_HUMAN	-0.24167676582072417	-0.489833956543713	0.0064804249022646365	0.09504051133127135	-2.54288158213228	0.05417688840280882	0.5484103583837773	0.06932612124491176	6.867279392907608
sp|P26641|EF1G_HUMAN	psvid_74056_sp|P26641|EF1G_HUMAN	-0.519291965130615	-1.0555628528801522	0.016978922618922088	0.20538377000199215	-2.528398252333074	0.05511288546579322	0.5484103583837773	0.331472841080873	2.8633172915171112
sp|Q8NHM4|TRY6_HUMAN	psvid_33404_sp|Q8NHM4|TRY6_HUMAN	0.47672264890212956	-0.016912010716715442	0.9703573085209746	0.18905472907848717	2.521611869884595	0.055557585005785344	0.5484103583837773	0.2990988937967682	1.2383613244510647
sp|Q6ZNB7|ALKMO_HUMAN	psvid_50518_sp|Q6ZNB7|ALKMO_HUMAN	-0.47672264890212945	-0.9703573085209745	0.016912010716715553	0.18905472907848717	-2.5216118698845946	0.05555758500578537	0.5484103583837773	0.2990988937967682	1.2383613244510647
sp|Q8N128|F177A_HUMAN	psvid_43856_sp|Q8N128|F177A_HUMAN	-0.5000000000000001	-1.020344336760477	0.020344336760476645	0.1992841379690299	-2.508980419092379	0.056395869104098766	0.5484103583837773	0.31945406180886327	2.0192038992627075
sp|P16671|CD36_HUMAN	psvid_70753_sp|P16671|CD36_HUMAN	-0.8101369957694969	-1.6532488989470506	0.03297490740805664	0.32289931294766616	-2.5089461738830017	0.056398160634951816	0.5484103583837773	0.5537519417868372	2.5587459589135504
sp|P62328|TYB4_HUMAN	psvid_18957_sp|P62328|TYB4_HUMAN	-0.5666966351737255	-1.1571576657271763	0.02376439537972541	0.2261377883167291	-2.50597938271161	0.056597074323202726	0.5484103583837773	0.37183280498531135	2.6314276732815527
sp|P00918|CAH2_HUMAN	psvid_86295_sp|P00918|CAH2_HUMAN	-0.3036678460680984	-0.6203225973613691	0.012986905225172263	0.12127405774827324	-2.503980255187117	0.056731544891499654	0.5484103583837773	0.1509703396437294	4.047986482346431
sp|P00747|PLMN_HUMAN	psvid_23689_sp|P00747|PLMN_HUMAN	-0.2699947696523093	-0.5518753593610224	0.011885820056403817	0.10795607132005874	-2.500968832515703	0.05693477155416934	0.5484103583837773	0.11452484992256477	6.2781858547160905
sp|O75911|DHRS3_HUMAN	psvid_43424_sp|O75911|DHRS3_HUMAN	0.25240672373502293	-0.011201429048135647	0.5160148765181816	0.10095799988149362	2.50011612780862	0.05699246203894182	0.5484103583837773	0.09209860128893986	4.025629216569891
sp|Q16836|HCDH_HUMAN	psvid_53988_sp|Q16836|HCDH_HUMAN	-0.3153122229853548	-0.6448979726932156	0.014273526722506091	0.12622643772068506	-2.4979887627271897	0.057136671463574595	0.5484103583837773	0.16333078930607678	4.049154751263222
sp|Q93099|HGD_HUMAN	psvid_91615_sp|Q93099|HGD_HUMAN	-0.24486294014065568	-0.5013185744860597	0.011592694204748288	0.09821869175324613	-2.4930380945800263	0.05747382337592734	0.5484103583837773	0.08217575913520915	4.350858355513594
sp|P49748|ACADV_HUMAN	psvid_55352_sp|P49748|ACADV_HUMAN	-0.233906077326552	-0.479021015267289	0.011208860614184996	0.09387537378606538	-2.4916660024130035	0.05756765296391793	0.5484103583837773	0.06409730016589209	5.5057440150599755
sp|P30838|AL3A1_HUMAN	psvid_72865_sp|P30838|AL3A1_HUMAN	-0.5555981053341119	-1.1381374002679747	0.026941189599750892	0.2231038814542146	-2.4903112474452036	0.057660462306680225	0.5484103583837773	0.3659777959970095	2.1507623267494744
sp|P43353|AL3B1_HUMAN	psvid_67272_sp|P43353|AL3B1_HUMAN	-0.5555981053341119	-1.1381374002679747	0.026941189599750892	0.2231038814542146	-2.4903112474452036	0.057660462306680225	0.5484103583837773	0.3659777959970095	2.1507623267494744
sp|P48448|AL3B2_HUMAN	psvid_95892_sp|P48448|AL3B2_HUMAN	-0.5555981053341119	-1.1381374002679747	0.026941189599750892	0.2231038814542146	-2.4903112474452036	0.057660462306680225	0.5484103583837773	0.3659777959970095	2.1507623267494744
sp|Q9NZJ7|MTCH1_HUMAN	psvid_45889_sp|Q9NZJ7|MTCH1_HUMAN	-0.7029502067721991	-1.4404665776909302	0.03456616414653202	0.28245779541219806	-2.4886911184248444	0.05777166761030442	0.5484103583837773	0.4785885614938443	2.832678229287545
sp|Q969V3|NCLN_HUMAN	psvid_48681_sp|Q969V3|NCLN_HUMAN	-0.3311087376244848	-0.67873262044796	0.0165151451989905	0.13313477428661283	-2.487019183370328	0.05788667623220955	0.5484103583837773	0.17987747282783423	4.339864141902351
sp|Q8N1G4|LRC47_HUMAN	psvid_61917_sp|Q8N1G4|LRC47_HUMAN	-0.49712609029054233	-1.01937789264732	0.025125712066235373	0.20001466890827482	-2.485448157397498	0.05799497301975168	0.5484103583837773	0.3208978652926705	3.9197228090404708
sp|Q58FG0|HS905_HUMAN	psvid_40567_sp|Q58FG0|HS905_HUMAN	0.7010199475061859	-0.03577214730056211	1.437812042312934	0.2821804084389359	2.4842970190040226	0.05807446678233954	0.5484103583837773	0.4780696542951472	2.491070579808361
sp|P50991|TCPD_HUMAN	psvid_76277_sp|P50991|TCPD_HUMAN	-0.36748231444372914	-0.7537753240552916	0.018810695167833236	0.14794447442855235	-2.483920510469618	0.058100493195268846	0.5484103583837773	0.21342343695870208	4.100186164304235
sp|P04196|HRG_HUMAN	psvid_62063_sp|P04196|HRG_HUMAN	-0.333355933431298	-0.6852679601570826	0.018556093294486598	0.134777069591255	-2.4733876054901835	0.05883380920223387	0.5484103583837773	0.18371296317146737	3.1201232645199077
sp|Q15070|OXA1L_HUMAN	psvid_75881_sp|Q15070|OXA1L_HUMAN	-0.7267226489021295	-1.4949430769759184	0.04149777917165953	0.2942169924093091	-2.470022696347622	0.059070217921563146	0.5484103583837773	0.5005398074846721	1.8633613244510647
sp|Q9HA82|CERS4_HUMAN	psvid_70086_sp|Q9HA82|CERS4_HUMAN	-0.32237665429874607	-0.6639713897855659	0.019218081188073777	0.13082570057370582	-2.4641691417285587	0.05948396183073392	0.5484103583837773	0.1744250103959937	2.69798955838493
sp|P51589|CP2J2_HUMAN	psvid_34830_sp|P51589|CP2J2_HUMAN	-0.37562508513229553	-0.7743120659383129	0.02306189567372191	0.15269118096691314	-2.4600313047135987	0.05977835400479239	0.5484103583837773	0.2237689133706369	4.037498465550696
sp|P27169|PON1_HUMAN	psvid_99075_sp|P27169|PON1_HUMAN	-0.25228954937861503	-0.5200854461000071	0.015506347342777005	0.10256184349390146	-2.4598772875374135	0.05978934260263971	0.5484103583837773	0.09755367836438901	5.633204427411768
sp|Q6NVY1|HIBCH_HUMAN	psvid_45339_sp|Q6NVY1|HIBCH_HUMAN	-0.38880378933177606	-0.8022946040673047	0.024687025403752505	0.15836082907271604	-2.455176520661213	0.06012579499246481	0.5484103583837773	0.23592818428793855	2.6785613794165304
sp|Q6UWW8|EST3_HUMAN	psvid_62167_sp|Q6UWW8|EST3_HUMAN	-0.75	-1.5479598778818615	0.0479598778818614	0.30560675914641316	-2.4541342020537003	0.06020067893430487	0.5484103583837773	0.5217217908134211	2.063721875540867
sp|P13473|LAMP2_HUMAN	psvid_61668_sp|P13473|LAMP2_HUMAN	-0.4083313805706389	-0.843442801116771	0.02678003997549311	0.1666411993716584	-2.4503627080836177	0.0604724929275148	0.5484103583837773	0.253360723084737	3.1115048453052214
sp|P48741|HSP77_HUMAN	psvid_39364_sp|P48741|HSP77_HUMAN	-0.2621491688264186	-0.5421235359818646	0.017825198329027347	0.10722601644779858	-2.4448280138621215	0.06087382240643063	0.5484103583837773	0.11233000560190998	4.442091200461913
sp|Q9Y5K3|PCY1B_HUMAN	psvid_67456_sp|Q9Y5K3|PCY1B_HUMAN	0.6842413985415515	-0.04850877575482493	1.416991572837928	0.28063241302946623	2.438212290430281	0.06135737534757959	0.5484103583837773	0.4751728414609173	2.086440680145755
sp|P09471|GNAO_HUMAN	psvid_12517_sp|P09471|GNAO_HUMAN	-0.4312850396923541	-0.8936656691570581	0.03109558977234994	0.17708490060662835	-2.4354704337576423	0.06155901444056432	0.5484103583837773	0.2748989368191803	3.1998020045968194
sp|P51689|ARSD_HUMAN	psvid_66290_sp|P51689|ARSD_HUMAN	-0.3393792129146058	-0.7033736338366068	0.02461520800739514	0.13940444677572764	-2.4344934524262016	0.06163103808537479	0.5484103583837773	0.19434948683098538	4.28445944524872
sp|P21695|GPDA_HUMAN	psvid_88138_sp|P21695|GPDA_HUMAN	-0.2823207542362418	-0.5857282928544951	0.02108678438201156	0.11620057241956015	-2.4295986530675515	0.06199327843059692	0.5484103583837773	0.13774381541457356	4.0854742059161016
sp|Q8N5K1|CISD2_HUMAN	psvid_86080_sp|Q8N5K1|CISD2_HUMAN	-0.3161710357632219	-0.6562290385606648	0.02388696703422105	0.130237154821103	-2.427656195327073	0.062137676193011956	0.5484103583837773	0.17302340695232335	4.431439908978601
sp|P19823|ITIH2_HUMAN	psvid_42503_sp|P19823|ITIH2_HUMAN	-0.25013798651965324	-0.5199556060576258	0.019679633018319376	0.10333613324830315	-2.4206246029992675	0.0626634764144047	0.5484103583837773	0.10011001977436507	4.505469103190759
sp|P08697|A2AP_HUMAN	psvid_52443_sp|P08697|A2AP_HUMAN	-0.30214665545285413	-0.6284897832192313	0.02419647231352312	0.12498456176909672	-2.417471815527555	0.06290081189193769	0.5484103583837773	0.1602752318469523	3.63889450646817
sp|Q9Y6B6|SAR1B_HUMAN	psvid_30645_sp|Q9Y6B6|SAR1B_HUMAN	-0.222296057582396	-0.46242554412389947	0.017833428959107472	0.09196602008642075	-2.4171542638629324	0.06292477102512835	0.5484103583837773	0.05462425888019353	4.760615703165515
sp|Q8IWB7|WDFY1_HUMAN	psvid_66168_sp|Q8IWB7|WDFY1_HUMAN	-0.3889540387654099	-0.8099776796268445	0.032069602096024774	0.16124578938633777	-2.412181057537529	0.06330130312154486	0.5484103583837773	0.24204245367009797	2.605441066826386
sp|P00387|NB5R3_HUMAN	psvid_29323_sp|P00387|NB5R3_HUMAN	0.23063150810730093	-0.01924057420275374	0.4805035904173556	0.09569728929058655	2.410010877183618	0.06346638410714599	0.5484103583837773	0.07213294240147898	6.477906587124844
sp|P24844|MYL9_HUMAN	psvid_32754_sp|P24844|MYL9_HUMAN	0.4619992266387376	-0.03914379927192324	0.9631422525493984	0.1919303216396281	2.4071195353186345	0.06368705438637848	0.5484103583837773	0.30484834596979515	2.3539628874017873
sp|O43741|AAKB2_HUMAN	psvid_87839_sp|O43741|AAKB2_HUMAN	-0.3157586014584485	-0.658540292487109	0.027023089570212044	0.1312802868836788	-2.405224797674514	0.06383211783434864	0.5484103583837773	0.17550421368632943	2.134601949631354
sp|Q9Y6M9|NDUB9_HUMAN	psvid_75621_sp|Q9Y6M9|NDUB9_HUMAN	-0.2877664935477491	-0.6010967506286842	0.025563763533185957	0.12000082593525305	-2.3980376076995897	0.06438567120421486	0.5484103583837773	0.14771045313281192	3.8129276159820256
sp|P54727|RD23B_HUMAN	psvid_72712_sp|P54727|RD23B_HUMAN	-0.8860801290559523	-1.8515891759606389	0.07942891784873418	0.3697755976582675	-2.3962644767998826	0.06452304228391666	0.5484103583837773	0.6399647060043412	1.3392806897082652
sp|P08603|CFAH_HUMAN	psvid_25506_sp|P08603|CFAH_HUMAN	-0.2708393730807248	-0.5662160792410353	0.024537333079585777	0.11312488309137682	-2.39416267826729	0.06468629146168382	0.5484103583837773	0.12937467292125573	6.058894142257618
sp|Q8NC56|LEMD2_HUMAN	psvid_31405_sp|Q8NC56|LEMD2_HUMAN	0.3537593748197112	-0.032601046269552625	0.740119795908975	0.1479702920213921	2.3907459395198605	0.06495263752876	0.5484103583837773	0.21348015781165056	2.855441066826386
sp|P25786|PSA1_HUMAN	psvid_52479_sp|P25786|PSA1_HUMAN	-0.30811152150009224	-0.6447868524302525	0.028563809430067977	0.1289416418319536	-2.3895424094385755	0.06504674180649953	0.5484103583837773	0.16992021463804094	3.236504845305222
sp|Q9Y265|RUVB1_HUMAN	psvid_26087_sp|Q9Y265|RUVB1_HUMAN	-0.6638379571531384	-1.3898216893062716	0.06214577499999474	0.2780409663769888	-2.3875544881147377	0.06520250409683018	0.5484103583837773	0.4703195947172108	1.9124010022984097
sp|P62750|RL23A_HUMAN	psvid_46391_sp|P62750|RL23A_HUMAN	0.20781487867888226	-0.01949200124500511	0.43512175860276964	0.08705515255932038	2.3871634540790083	0.0652331912363174	0.5484103583837773	0.014048123163235813	4.841432489041724
sp|Q13228|SBP1_HUMAN	psvid_84417_sp|Q13228|SBP1_HUMAN	-0.22633267379533628	-0.47450337956880806	0.021838031978135525	0.09504568739449495	-2.381303981272963	0.06569491818467617	0.5484103583837773	0.06934860883980844	4.702591920595314
sp|P40616|ARL1_HUMAN	psvid_91489_sp|P40616|ARL1_HUMAN	-0.5044804769993156	-1.0599849267671202	0.05102397276848891	0.21274993804899575	-2.371236775087263	0.0664965663359288	0.5484103583837773	0.345884992761941	2.680801617916188
sp|P51809|VAMP7_HUMAN	psvid_61910_sp|P51809|VAMP7_HUMAN	-1.042481250360578	-2.190936593149415	0.10597409242825906	0.43984130664028415	-2.3701303961729803	0.06658531577101406	0.5484103583837773	0.7676905987705336	2.063721875540867
sp|Q8WUM4|PDC6I_HUMAN	psvid_52098_sp|Q8WUM4|PDC6I_HUMAN	-0.7091253169292797	-1.4913814942854695	0.07313086042690997	0.2995924755247912	-2.366966378868884	0.06683983477619446	0.5484103583837773	0.5105459528050835	2.7137405439989433
sp|Q9P2W9|STX18_HUMAN	psvid_56067_sp|Q9P2W9|STX18_HUMAN	-0.48240266802715037	-1.0153661148694035	0.0505607788151029	0.2041170693510442	-2.3633626994590324	0.0671310139159109	0.5484103583837773	0.32898355494900966	2.6697627134301056
sp|P05165|PCCA_HUMAN	psvid_71252_sp|P05165|PCCA_HUMAN	-0.37052019982256235	-0.7802159179704984	0.03917551832537364	0.1569073635527949	-2.361394592535441	0.06729062160417766	0.5484103583837773	0.23282986383893672	3.7466668444568905
sp|Q9BXK5|B2L13_HUMAN	psvid_91085_sp|Q9BXK5|B2L13_HUMAN	-0.5094919625497553	-1.0736512304710248	0.05466730537151432	0.21606460461331337	-2.3580538027576665	0.06756249759653359	0.5484103583837773	0.35233716432127443	2.958191279079137
sp|Q08257|QOR_HUMAN	psvid_93173_sp|Q08257|QOR_HUMAN	-0.41739424491561605	-0.8813851124830816	0.04659662265184955	0.17770159783875644	-2.3488491380609466	0.06831779133635389	0.5484103583837773	0.27615737903584603	3.705157606708643
sp|P48444|COPD_HUMAN	psvid_59906_sp|P48444|COPD_HUMAN	-0.27982473209308634	-0.5911941816917369	0.0315447175055642	0.11924986584743305	-2.3465412736907476	0.06850860305938539	0.5484103583837773	0.1457700994030999	3.0329689942449667
sp|O95139|NDUB6_HUMAN	psvid_89961_sp|O95139|NDUB6_HUMAN	-0.6260106263343973	-1.3229584806583787	0.07093722798958413	0.2669206572382729	-2.3453060276843782	0.06861097020177562	0.5484103583837773	0.44943623292301493	2.9850678904504933
sp|P30041|PRDX6_HUMAN	psvid_87098_sp|P30041|PRDX6_HUMAN	-0.204652372238052	-0.4329528349599423	0.02364809048383834	0.08743567998589641	-2.340604799677465	0.06900209523842717	0.5484103583837773	0.0201940506443593	4.700731408149177
sp|Q15165|PON2_HUMAN	psvid_29605_sp|Q15165|PON2_HUMAN	-0.21266776021331912	-0.4501716450576738	0.0248361246310356	0.09096045370681169	-2.3380244001288797	0.06921780604955412	0.5484103583837773	0.048997935334089415	5.641559728891513
sp|P38919|IF4A3_HUMAN	psvid_82276_sp|P38919|IF4A3_HUMAN	-0.3584132943615478	-0.7596399192374228	0.042813330514327175	0.1536638268543665	-2.3324506599801835	0.06968625604977549	0.5484103583837773	0.22586933591264188	3.245903282354499
sp|Q86WU2|LDHD_HUMAN	psvid_83402_sp|Q86WU2|LDHD_HUMAN	-0.7499999999999999	-1.5923438888574242	0.0923438888574244	0.32260517489153256	-2.324823215412361	0.07033290783952784	0.5484103583837773	0.5532083052475953	2.3517226489021295
sp|P07858|CATB_HUMAN	psvid_79845_sp|P07858|CATB_HUMAN	-0.23558653334763258	-0.5005674763351629	0.0293944096398977	0.10148375810189388	-2.3214210604133716	0.07062344237960032	0.5484103583837773	0.09391218755041927	4.351837722318008
sp|P07225|PROS_HUMAN	psvid_82187_sp|P07225|PROS_HUMAN	-0.34825279823721134	-0.7414637805040871	0.04495818402966445	0.15059395501229525	-2.3125284026757797	0.07138902750007331	0.5484103583837773	0.21921803107812773	3.331465554138508
sp|P0CF74|IGLC6_HUMAN	psvid_30849_sp|P0CF74|IGLC6_HUMAN	-0.6609640474436809	-1.4074397382782249	0.08551164339086315	0.28588908162034105	-2.311959742210222	0.07143829023921235	0.5484103583837773	0.48500313158822067	1.9767226489021295
sp|O15523|DDX3Y_HUMAN	psvid_50631_sp|O15523|DDX3Y_HUMAN	-0.23585411790840816	-0.5022358106779546	0.03052757486113833	0.10202022442447808	-2.3118368856657683	0.07144893808142996	0.5484103583837773	0.09573673506022387	3.461143323982351
sp|Q08170|SRSF4_HUMAN	psvid_37590_sp|Q08170|SRSF4_HUMAN	0.305598105334112	-0.040060443260461376	0.6512566539286855	0.13238208052219885	2.3084552239142893	0.07174270054324945	0.5484103583837773	0.17810803565545877	2.841520928207923
sp|Q9Y277|VDAC3_HUMAN	psvid_42268_sp|Q9Y277|VDAC3_HUMAN	-0.2140104668085805	-0.456289998390195	0.02826906477303401	0.09278945534292926	-2.306409343794995	0.07192106105201412	0.5484103583837773	0.058872729490305614	4.406462982907339
sp|Q13438|OS9_HUMAN	psvid_24520_sp|Q13438|OS9_HUMAN	-0.24513613550239155	-0.522922158346243	0.032649887341459904	0.10638791314022614	-2.304172798081736	0.07211659467267399	0.5484103583837773	0.10977519579493575	4.808263842234892
sp|P02795|MT2_HUMAN	psvid_62248_sp|P02795|MT2_HUMAN	0.646240625180289	-0.08682755318258983	1.379308803543168	0.28075420385486105	2.3018021326383065	0.07232448393270553	0.5484103583837773	0.47540081321207306	1.2193609377704335
sp|P04731|MT1A_HUMAN	psvid_34319_sp|P04731|MT1A_HUMAN	0.646240625180289	-0.08682755318258983	1.379308803543168	0.28075420385486105	2.3018021326383065	0.07232448393270553	0.5484103583837773	0.47540081321207306	1.2193609377704335
sp|P09960|LKHA4_HUMAN	psvid_49809_sp|P09960|LKHA4_HUMAN	-0.646240625180289	-1.379308803543168	0.08682755318258983	0.28075420385486105	-2.3018021326383065	0.07232448393270553	0.5484103583837773	0.47540081321207306	1.2193609377704335
sp|P13640|MT1G_HUMAN	psvid_62246_sp|P13640|MT1G_HUMAN	0.646240625180289	-0.08682755318258983	1.379308803543168	0.28075420385486105	2.3018021326383065	0.07232448393270553	0.5484103583837773	0.47540081321207306	1.2193609377704335
sp|P52565|GDIR1_HUMAN	psvid_95598_sp|P52565|GDIR1_HUMAN	-0.646240625180289	-1.379308803543168	0.08682755318258983	0.28075420385486105	-2.3018021326383065	0.07232448393270553	0.5484103583837773	0.47540081321207306	1.6156015629507225
sp|P80294|MT1H_HUMAN	psvid_80675_sp|P80294|MT1H_HUMAN	0.646240625180289	-0.08682755318258983	1.379308803543168	0.28075420385486105	2.3018021326383065	0.07232448393270553	0.5484103583837773	0.47540081321207306	1.2193609377704335
sp|P80297|MT1X_HUMAN	psvid_62249_sp|P80297|MT1X_HUMAN	0.646240625180289	-0.08682755318258983	1.379308803543168	0.28075420385486105	2.3018021326383065	0.07232448393270553	0.5484103583837773	0.47540081321207306	1.2193609377704335
sp|P27348|1433T_HUMAN	psvid_10809_sp|P27348|1433T_HUMAN	-0.39372720901430824	-0.8404752828211601	0.0530208647925437	0.17109786441070646	-2.301181317314389	0.07237903207095538	0.5484103583837773	0.2626068334812725	3.288444158068608
sp|Q9BTV4|TMM43_HUMAN	psvid_35234_sp|Q9BTV4|TMM43_HUMAN	-0.672153570686076	-1.4393320150761788	0.0950248737040269	0.29381792816374824	-2.2876533603200575	0.07357881874944204	0.5555585373869021	0.4997962917314288	3.3202362700936803
sp|P48735|IDHP_HUMAN	psvid_32184_sp|P48735|IDHP_HUMAN	-0.3580595600081131	-0.7678359478075663	0.05171682779133996	0.1569382588289171	-2.281531365773875	0.07412884539090926	0.5577584254514466	0.23289585231777155	4.651364177849876
sp|P67809|YBOX1_HUMAN	psvid_48893_sp|P67809|YBOX1_HUMAN	-0.36048019835744727	-0.7738934369644943	0.05293304024959972	0.1583311185698831	-2.2767488893747756	0.0745616226163741	0.5577584254514466	0.23586497432088216	4.38255652670236
sp|Q9Y5J9|TIM8B_HUMAN	psvid_98593_sp|Q9Y5J9|TIM8B_HUMAN	-0.792481250360578	-1.703528884862323	0.11856638414116683	0.3489176871237439	-2.2712555986865866	0.07506210173730286	0.5577584254514466	0.6016998318386055	1.146240625180289
sp|P68366|TBA4A_HUMAN	psvid_51224_sp|P68366|TBA4A_HUMAN	-0.20814726395360883	-0.44756660688563554	0.03127207897841791	0.09169404565131907	-2.270019415929376	0.07517522755013124	0.5577584254514466	0.05315534472209365	7.121799584036131
sp|Q9BW72|HIG2A_HUMAN	psvid_84413_sp|Q9BW72|HIG2A_HUMAN	0.4093574801538231	-0.06303395997020544	0.8817489202778517	0.18091889212277507	2.2626574557842485	0.0758527690124199	0.5577584254514466	0.2827009428869092	2.973882639339619
sp|Q02818|NUCB1_HUMAN	psvid_56539_sp|Q02818|NUCB1_HUMAN	-0.2614548980532161	-0.5639642188689113	0.041054422762479115	0.11585656836715583	-2.256711913170526	0.07640477487353306	0.5577584254514466	0.13682230184805375	6.315986682410822
sp|CATG_HUMAN|,sp|P08311|CATG_HUMAN	psvid_66643_sp|CATG_HUMAN|	0.38151720291689684	-0.06011208414164487	0.8231464899754386	0.16913744525646887	2.2556637434034155	0.07650254032843114	0.5577584254514466	0.25855034943780547	3.134043403138371
sp|Q06033|ITIH3_HUMAN	psvid_56970_sp|Q06033|ITIH3_HUMAN	-0.3713567067925604	-0.801412802651932	0.058699389066811214	0.16470508524264396	-2.254676631541016	0.07659473440090811	0.5577584254514466	0.24931575897623495	2.7984811313543623
sp|P53992|SC24C_HUMAN	psvid_61435_sp|P53992|SC24C_HUMAN	-0.26600007235583367	-0.5746842316904688	0.04268408697880138	0.11822143963491276	-2.250015506301443	0.07703169831353733	0.5577584254514466	0.1430903986307081	5.0878311993798615
sp|Q04917|1433F_HUMAN	psvid_35291_sp|Q04917|1433F_HUMAN	-0.5175973319728494	-1.118333395441369	0.08313873149567019	0.2300729730250532	-2.249709408138465	0.07706048802912882	0.5577584254514466	0.37940709933690053	2.3160033386103946
sp|O75976|CBPD_HUMAN	psvid_46119_sp|O75976|CBPD_HUMAN	-0.4594858104727567	-0.9935399573043031	0.07456833635878968	0.20453479121672707	-2.2464921871696686	0.07736378419852982	0.5577584254514466	0.3298048230234805	3.158304284652909
sp|P02655|APOC2_HUMAN	psvid_102240_sp|P02655|APOC2_HUMAN	-0.22315194831381047	-0.4825748733549302	0.03627097672730928	0.09935511993478593	-2.2460035120513315	0.07740996562164688	0.5577584254514466	0.08639732264275321	3.502255830919235
sp|Q8IZ81|ELMD2_HUMAN	psvid_65291_sp|Q8IZ81|ELMD2_HUMAN	-0.4219433265762331	-0.912819947887171	0.06893329473470472	0.18799844144768732	-2.244398003127295	0.07756190126569676	0.5577584254514466	0.29698116482500836	3.8581503221836826
sp|Q86X29|LSR_HUMAN	psvid_45990_sp|Q86X29|LSR_HUMAN	-0.589035952556319	-1.2765602743175672	0.0984883692049291	0.2633115844940992	-2.2370301469570144	0.07826329171872841	0.5577584254514466	0.44263713377234265	2.6017226489021295
sp|Q5SWX8|ODR4_HUMAN	psvid_34034_sp|Q5SWX8|ODR4_HUMAN	-0.24351771363162156	-0.5277886629548079	0.04075323569156469	0.10887154348253476	-2.2367434670445983	0.07829072051502971	0.5577584254514466	0.11723943466799489	4.12381129432376
sp|P60174|TPIS_HUMAN	psvid_37841_sp|P60174|TPIS_HUMAN	-0.28462470727382594	-0.6171624961633477	0.04791308161569585	0.12735702479929278	-2.234856755819931	0.07847149518377858	0.5577584254514466	0.16608923935830835	4.946084202942675
sp|O94956|SO2B1_HUMAN	psvid_70935_sp|O94956|SO2B1_HUMAN	0.29816126948559896	-0.05039642738439076	0.6467189663555887	0.1334924111707607	2.2335447151688443	0.07859747345255239	0.5577584254514466	0.18071561850412038	1.7471599904374895
sp|P06744|G6PI_HUMAN	psvid_55291_sp|P06744|G6PI_HUMAN	-0.37632383981043716	-0.8166187110725232	0.06397103145164879	0.1686263838632681	-2.23170201002224	0.07877477311925346	0.5577584254514466	0.2574901376771075	4.614107404462019
sp|Q8TDB6|DTX3L_HUMAN	psvid_47508_sp|Q8TDB6|DTX3L_HUMAN	0.4510199475061859	-0.07695995464344241	0.9789998496558142	0.2022084458916578	2.230470371884664	0.07889351824584813	0.5577584254514466	0.32522632797413026	2.616070579808361
sp|Q8WXI7|MUC16_HUMAN	psvid_33803_sp|Q8WXI7|MUC16_HUMAN	-0.8157586014584485	-1.771941632664527	0.14042442974763014	0.3662038724219492	-2.22760779689001	0.07917025227992261	0.5577584254514466	0.6334217546046449	1.2383613244510647
sp|O00400|ACATN_HUMAN	psvid_70171_sp|O00400|ACATN_HUMAN	-0.2411515233662015	-0.5244550907922978	0.04215204405989481	0.10850105061112457	-2.2225731641116138	0.07965950847397427	0.5577584254514466	0.116145726173319	4.0513843369064455
sp|Q8WWQ8|STAB2_HUMAN	psvid_30038_sp|Q8WWQ8|STAB2_HUMAN	-0.22813428968741511	-0.4961612248993028	0.03989264552447258	0.10265032779778134	-2.2224409271915246	0.079672402859111	0.5577584254514466	0.09784820920670705	3.2764934612115604
sp|Q9H9S3|S61A2_HUMAN	psvid_28157_sp|Q9H9S3|S61A2_HUMAN	-0.2869746737780783	-0.624314127913361	0.05036478035720454	0.12919599113699662	-2.221235126976785	0.0797900839362937	0.5577584254514466	0.17053146141501685	3.1064245972430533
sp|P05546|HEP2_HUMAN	psvid_74899_sp|P05546|HEP2_HUMAN	-1.153382913229482	-2.5112078541927163	0.20444202773375264	0.5200267472061786	-2.217929980382706	0.08011361397895006	0.5578145706608548	0.9128509416735779	2.737655504058422
sp|O96005|CLPT1_HUMAN	psvid_73367_sp|O96005|CLPT1_HUMAN	-0.2293906453518959	-0.4999205519649723	0.041139261261180504	0.10360892859884403	-2.21400460803969	0.08049969313780223	0.5578145706608548	0.10099973102791801	4.843174788301569
sp|P02786|TFR1_HUMAN	psvid_47937_sp|P02786|TFR1_HUMAN	-0.6367068429585963	-1.3878446423213693	0.11443095640417689	0.28767459981191096	-2.21328835905183	0.08057035561460432	0.5578145706608548	0.48833794126362	3.529725934215392
sp|P04406|G3P_HUMAN	psvid_31422_sp|P04406|G3P_HUMAN	-0.232619353981534	-0.5083272385538806	0.04308853059081269	0.10559201710608151	-2.203001328668968	0.08159263750390056	0.5615029827479354	0.10731195340321649	5.834838890601895
sp|Q5K4L6|S27A3_HUMAN	psvid_537484_sp|Q5K4L6|S27A3_HUMAN	-0.2500000000000002	-0.5470673619188086	0.047067361918808115	0.11377237908899289	-2.197369888911701	0.0821581713592285	0.5615029827479354	0.13116193307266688	3.7109005344364334
sp|Q99424|ACOX2_HUMAN	psvid_47377_sp|Q99424|ACOX2_HUMAN	-0.4531478926059378	-0.991968839024661	0.08567305381278545	0.20636040452601337	-2.1959052350511112	0.08230594821282224	0.5615029827479354	0.3333898219161044	3.6172538030652985
sp|Q96RQ3|MCCA_HUMAN	psvid_25196_sp|Q96RQ3|MCCA_HUMAN	-0.889741823047053	-1.9499077777779674	0.1704241316838616	0.4060277848088063	-2.1913323578730504	0.0827691726322942	0.5615029827479354	0.7061837787931122	2.623432290940057
sp|P32119|PRDX2_HUMAN	psvid_30088_sp|P32119|PRDX2_HUMAN	-0.35823985181902696	-0.7855487504919818	0.06906904685392795	0.1636529496000531	-2.18902166257632	0.0830043071715997	0.5615029827479354	0.24711001429833027	3.3825652237137724
sp|P55735|SEC13_HUMAN	psvid_29057_sp|P55735|SEC13_HUMAN	-0.3614064547780672	-0.7926745669928574	0.06986165743672296	0.16516926947129856	-2.1880974344375166	0.08309855680975019	0.5615029827479354	0.25028717247973886	2.755505231985853
sp|O75208|COQ9_HUMAN	psvid_29755_sp|O75208|COQ9_HUMAN	-0.29248125036057804	-0.6436936870600491	0.05873118633889313	0.13450913702146172	-2.174434070704884	0.08450539380107826	0.5615029827479354	0.1830895190532062	1.792481250360578
sp|P46940|IQGA1_HUMAN	psvid_48542_sp|P46940|IQGA1_HUMAN	-0.23322145103536607	-0.5135785898742895	0.04713568780355731	0.10737261230671703	-2.1720757838055893	0.08475078996790478	0.5615029827479354	0.1127729585648945	3.1044319042594255
sp|P09871|C1S_HUMAN	psvid_29297_sp|P09871|C1S_HUMAN	-0.3230756962517711	-0.7116538929277245	0.06550250042418221	0.14881966706937236	-2.1709207029818796	0.08487126306062139	0.5615029827479354	0.2153433612887761	4.9675429786241505
sp|P62847|RS24_HUMAN	psvid_96844_sp|P62847|RS24_HUMAN	-0.23149985463905542	-0.5108679344410358	0.04786822516292499	0.10699381741331093	-2.1636750630626147	0.08563117466841054	0.5615029827479354	0.11162604644150768	3.672954599943498
sp|P51687|SUOX_HUMAN	psvid_74097_sp|P51687|SUOX_HUMAN	-0.23545314648276017	-0.5196736073335471	0.04876731436802667	0.10885220714890205	-2.1630534892202697	0.08569670337102882	0.5615029827479354	0.11718251375641549	4.410119757734051
sp|B9A064|IGLL5_HUMAN	psvid_30844_sp|B9A064|IGLL5_HUMAN	-0.7667785489646342	-1.692481418096896	0.1589243201676276	0.35453042390927136	-2.1628004178306064	0.08572339852835772	0.5615029827479354	0.612010383827294	2.3119506538988475
sp|P0CG04|IGLC1_HUMAN	psvid_30846_sp|P0CG04|IGLC1_HUMAN	-0.7667785489646342	-1.692481418096896	0.1589243201676276	0.35453042390927136	-2.1628004178306064	0.08572339852835772	0.5615029827479354	0.612010383827294	2.3119506538988475
sp|Q5J8M3|EMC4_HUMAN	psvid_28301_sp|Q5J8M3|EMC4_HUMAN	-0.9767226489021295	-2.157737695973644	0.20429239816938516	0.45231118887422256	-2.159404129119905	0.08608251887729249	0.5615029827479354	0.7903224734374066	0.9883613244510647
sp|O95342|ABCBB_HUMAN	psvid_48368_sp|O95342|ABCBB_HUMAN	-0.33513594326367735	-0.7412604469779887	0.07098856045063401	0.15553964156635375	-2.154665780946314	0.08658624379941339	0.5615029827479354	0.2299027862779871	3.448759855587457
sp|P04908|H2A1B_HUMAN	psvid_21408_sp|P04908|H2A1B_HUMAN	-0.3055981053341118	-0.6763158562816007	0.06511964561337719	0.14197938212863692	-2.1524118555272493	0.08682696194792706	0.5615029827479354	0.20017034220237542	3.5580830809857162
sp|Q7L7L0|H2A3_HUMAN	psvid_21410_sp|Q7L7L0|H2A3_HUMAN	-0.3055981053341118	-0.6763158562816007	0.06511964561337719	0.14197938212863692	-2.1524118555272493	0.08682696194792706	0.5615029827479354	0.20017034220237542	3.5580830809857162
sp|Q93077|H2A1C_HUMAN	psvid_21409_sp|Q93077|H2A1C_HUMAN	-0.3055981053341118	-0.6763158562816007	0.06511964561337719	0.14197938212863692	-2.1524118555272493	0.08682696194792706	0.5615029827479354	0.20017034220237542	3.5580830809857162
sp|P28845|DHI1_HUMAN	psvid_59047_sp|P28845|DHI1_HUMAN	-0.2754751725128173	-0.6100293320445959	0.059078987018961304	0.12812926475057176	-2.1499785630478927	0.08708764125286372	0.5615029827479354	0.16796120550422572	6.596720645482322
sp|O43399|TPD54_HUMAN	psvid_61417_sp|O43399|TPD54_HUMAN	-0.23983950387566355	-0.5320640033554984	0.05238499560417137	0.11191763483932565	-2.1430001109296914	0.0878399033040985	0.5615029827479354	0.12600281919864162	2.058641627478699
sp|Q8WWP7|GIMA1_HUMAN	psvid_43189_sp|Q8WWP7|GIMA1_HUMAN	-0.9999999999999999	-2.2187134340760357	0.21871343407603583	0.46674911012419873	-2.1424786428278497	0.0878963950435824	0.5615029827479354	0.816496580927726	1.3304820237218404
sp|CATD_HUMAN|,sp|P07339|CATD_HUMAN	psvid_24407_sp|CATD_HUMAN|	-0.20223999155049888	-0.4488574621631555	0.04437747906215772	0.09445082144089713	-2.1412200388013685	0.08803290248430476	0.5615029827479354	0.06672292009920995	5.740742224149775
sp|P07099|HYEP_HUMAN	psvid_64636_sp|P07099|HYEP_HUMAN	-0.30106723747689834	-0.66905083666656	0.06691636171276333	0.14093224269107263	-2.136255208375886	0.08857360108906821	0.5615029827479354	0.1978110445894887	9.490599047983647
sp|O75153|CLU_HUMAN	psvid_37447_sp|O75153|CLU_HUMAN	-0.5567463831592319	-1.2372618940480176	0.12376912772955373	0.26062731422491087	-2.136178185371554	0.08858201726635143	0.5615029827479354	0.43757293513756157	4.037416594717987
sp|Q9H9B4|SFXN1_HUMAN	psvid_43805_sp|Q9H9B4|SFXN1_HUMAN	-0.20882791173095838	-0.4650613766679779	0.04740555320606116	0.09813360417583802	-2.1279959447609382	0.08948096563781359	0.5615029827479354	0.0818529301597047	5.2675617500968785
sp|Q15005|SPCS2_HUMAN	psvid_62542_sp|Q15005|SPCS2_HUMAN	-0.20745058867158783	-0.4623935319125749	0.04749235456939921	0.09763935356993098	-2.124661635771771	0.08985008388900749	0.5615029827479354	0.07995760689620175	4.603463785925365
sp|P49189|AL9A1_HUMAN	psvid_53393_sp|P49189|AL9A1_HUMAN	-0.33048202372184043	-0.73826465293571	0.0773006054920291	0.15617467895886414	-2.116105030117515	0.09080478855943824	0.5615029827479354	0.23126325609845377	3.409560992735899
sp|P15311|EZRI_HUMAN	psvid_30602_sp|P15311|EZRI_HUMAN	-0.2407631247650992	-0.5378792982168923	0.056353048686693885	0.11379107317978357	-2.1158349072313154	0.09083510335916281	0.5615029827479354	0.13121332254595938	4.645177414902371
sp|P18124|RL7_HUMAN	psvid_58755_sp|P18124|RL7_HUMAN	0.2513035528251064	-0.05919238552218725	0.5617994911724	0.11891532403649174	2.113298305843143	0.09112030340423964	0.5615029827479354	0.14490130591186617	5.8603567901182565
sp|P17844|DDX5_HUMAN	psvid_65510_sp|P17844|DDX5_HUMAN	-0.18676360294744787	-0.41783390054641567	0.0443066946515199	0.08849648552714903	-2.1104070046957104	0.09144654944764152	0.5615029827479354	0.031612056223945105	4.376406309611729
sp|Q16698|DECR_HUMAN	psvid_45398_sp|Q16698|DECR_HUMAN	0.21120875257504101	-0.05013127871480211	0.47254878386488414	0.10008934310045045	2.1102022056740872	0.09146970558993514	0.5615029827479354	0.0890428436622745	6.629111874217146
sp|Q92692|NECT2_HUMAN	psvid_57939_sp|Q92692|NECT2_HUMAN	-0.7267226489021295	-1.6264298628575022	0.17298456505324344	0.3445744748061852	-2.109043768581214	0.09160080514765287	0.5615029827479354	0.5937139192932535	1.2596019496313537
sp|Q8IXB1|DJC10_HUMAN	psvid_80111_sp|Q8IXB1|DJC10_HUMAN	-0.390560606055268	-0.8746006082522576	0.09347939614172163	0.1853801180597018	-2.1068095658968544	0.09185421471580989	0.5615029827479354	0.29171772546596775	2.525762326749475
sp|P52272|HNRPM_HUMAN	psvid_25963_sp|P52272|HNRPM_HUMAN	0.4020872141878362	-0.09632720657951571	0.9005016349551882	0.19088530647288768	2.1064335522595425	0.09189693669440259	0.5615029827479354	0.30276156154800205	5.028252786990182
sp|Q86VU5|CMTD1_HUMAN	psvid_49087_sp|Q86VU5|CMTD1_HUMAN	-0.32002697979818406	-0.717397792273627	0.07734383267725892	0.15218710808161257	-2.1028520998412357	0.0923049183053818	0.5615029827479354	0.22267787427542235	3.5828948501906015
sp|Q9UKV5|AMFR_HUMAN	psvid_80339_sp|Q9UKV5|AMFR_HUMAN	-0.2322209683959917	-0.5206541249699669	0.05621218817798346	0.1104656069236513	-2.102201534605174	0.09237923453959693	0.5615029827479354	0.12187394757399005	4.030042075114386
sp|P24752|THIL_HUMAN	psvid_23119_sp|P24752|THIL_HUMAN	-0.22227897347013603	-0.4984668296251083	0.053908882684836235	0.10577583907998571	-2.101415364826866	0.09246912644534533	0.5615029827479354	0.10788421159771253	5.58961895236069
sp|A6NDB9|PALM3_HUMAN	psvid_61003_sp|A6NDB9|PALM3_HUMAN	-0.5768571312980616	-1.294040197972795	0.1403259353766716	0.27467044245750954	-2.100179131532506	0.09261066794508653	0.5615029827479354	0.46399998039367635	2.949392613092712
sp|P13807|GYS1_HUMAN	psvid_59925_sp|P13807|GYS1_HUMAN	-0.3545781578279267	-0.7958934993258864	0.08673718367003297	0.16901720877844872	-2.097881987228384	0.09287429104224314	0.5615029827479354	0.25830101852598797	2.953111031016969
sp|P27708|PYR1_HUMAN	psvid_44236_sp|P27708|PYR1_HUMAN	-0.45994409993749574	-1.0327303641343586	0.11284216425936722	0.21936861581241102	-2.0966722985151547	0.09301343769525357	0.5615029827479354	0.3587497117003634	2.741070579808361
sp|O15321|TM9S1_HUMAN	psvid_82741_sp|O15321|TM9S1_HUMAN	-0.8304820237218404	-1.8651149322111737	0.20415088476749288	0.39624900804406726	-2.0958589343130463	0.09310712125610907	0.5615029827479354	0.688353055862838	1.3114816370412092
sp|P11717|MPRI_HUMAN	psvid_46919_sp|P11717|MPRI_HUMAN	-0.32002155476653216	-0.7188973995729852	0.07885429003992084	0.15276351306867966	-2.0948821373507975	0.0932197619145062	0.5615029827479354	0.223925331308743	6.013773484351445
sp|P51690|ARSL_HUMAN	psvid_62262_sp|P51690|ARSL_HUMAN	-0.2469527418648627	-0.5549969938163322	0.06109151008660668	0.1179763646293345	-2.093239121588076	0.09340955601938407	0.5615029827479354	0.1424478577651929	4.829812350459461
sp|Q16891|MIC60_HUMAN	psvid_51004_sp|Q16891|MIC60_HUMAN	-0.18646309512531856	-0.4191146741434717	0.046188483892834586	0.08910209278035885	-2.0926904105940527	0.09347303238532959	0.5615029827479354	0.03660897674537281	5.532305471701729
sp|P35575|G6PC1_HUMAN	psvid_99891_sp|P35575|G6PC1_HUMAN	-0.5454376092097757	-1.2268372334870534	0.13596201506750216	0.2609659164966094	-2.0900722076358287	0.09377654626154035	0.5615029827479354	0.4382121023265133	2.2919227038675953
sp|Q16696|CP2AD_HUMAN	psvid_64463_sp|Q16696|CP2AD_HUMAN	0.21416807659360027	-0.054121133202753025	0.48245728638995355	0.10275077506084145	2.084345120188005	0.09444411942090962	0.5615029827479354	0.0981817957384033	7.69233457347519
sp|P53007|TXTP_HUMAN	psvid_74158_sp|P53007|TXTP_HUMAN	0.19934270837124513	-0.05212827847691609	0.45081369521940634	0.09630964593610146	2.0698104165340094	0.09616114276908586	0.5615029827479354	0.07467141560155938	5.216215867359302
sp|P34897|GLYM_HUMAN	psvid_50504_sp|P34897|GLYM_HUMAN	-0.20055132787267504	-0.453728570523556	0.052625914778205884	0.09696311651851731	-2.0683259271516423	0.09633836769831486	0.5615029827479354	0.07730537816212776	4.720623043159026
sp|Q9Y6L6|SO1B1_HUMAN	psvid_69219_sp|Q9Y6L6|SO1B1_HUMAN	-0.3620749883526483	-0.8199208322176033	0.09577085551230674	0.17534814520203104	-2.064892034845741	0.09674965184842613	0.5615029827479354	0.2713473950349963	3.2383924162339284
sp|P80404|GABT_HUMAN	psvid_57994_sp|P80404|GABT_HUMAN	-0.22224566872287266	-0.5039927181853561	0.05950138073961081	0.10790492739290518	-2.059643373964083	0.09738190122565968	0.5615029827479354	0.1143719811936135	4.961809239985358
sp|O75380|NDUS6_HUMAN	psvid_88323_sp|O75380|NDUS6_HUMAN	0.23790924460965035	-0.06412602651738675	0.5399445157366874	0.11567501439052015	2.0567038254818457	0.09773791135232726	0.5615029827479354	0.13633455544087694	3.245903282354499
sp|P22760|AAAD_HUMAN	psvid_96490_sp|P22760|AAAD_HUMAN	-0.2694845903335774	-0.6128128248881306	0.07384364422097572	0.13148960492122708	-2.0494744850364444	0.09861934655168574	0.5615029827479354	0.17600016802452045	5.978073690817034
sp|Q9Y3I0|RTCB_HUMAN	psvid_45007_sp|Q9Y3I0|RTCB_HUMAN	-0.2718623281664001	-0.6189789688989181	0.07525431256611792	0.1329405081138178	-2.044992395648462	0.09917005351676648	0.5615029827479354	0.17942150319865627	4.370148149632724
sp|O43464|HTRA2_HUMAN	psvid_61724_sp|O43464|HTRA2_HUMAN	-0.34807935569468995	-0.792945455253117	0.09678674386373703	0.17037709627837275	-2.042993825449262	0.09941666432410563	0.5615029827479354	0.26111732832823226	2.320280303027634
sp|Q6IQ22|RAB12_HUMAN	psvid_882831_sp|Q6IQ22|RAB12_HUMAN	-0.24431998087497886	-0.5567749394632906	0.06813497771333288	0.11966559963750183	-2.0416893544601584	0.09957797810846902	0.5615029827479354	0.14684594916132543	2.9951232645199077
sp|A6NHQ2|FBLL1_HUMAN	psvid_42411_sp|A6NHQ2|FBLL1_HUMAN	0.5	-0.1401160388752476	1.1401160388752476	0.24515491761011332	2.0395266995834214	0.09984602801145806	0.5615029827479354	0.408248290463863	0.75
sp|O43708|MAAI_HUMAN	psvid_95880_sp|O43708|MAAI_HUMAN	-0.4999999999999999	-1.1401160388752474	0.1401160388752477	0.24515491761011332	-2.039526699583421	0.09984602801145806	0.5615029827479354	0.408248290463863	1.451838730514401
sp|O76095|JTB_HUMAN	psvid_76479_sp|O76095|JTB_HUMAN	-0.5	-1.1401160388752476	0.1401160388752476	0.24515491761011332	-2.0395266995834214	0.09984602801145806	0.5615029827479354	0.408248290463863	0.5
sp|P02766|TTHY_HUMAN	psvid_39080_sp|P02766|TTHY_HUMAN	-0.5	-1.1401160388752476	0.1401160388752476	0.24515491761011332	-2.0395266995834214	0.09984602801145806	0.5615029827479354	0.408248290463863	0.5
sp|P05976|MYL1_HUMAN	psvid_81173_sp|P05976|MYL1_HUMAN	-0.5	-1.1401160388752476	0.1401160388752476	0.24515491761011332	-2.0395266995834214	0.09984602801145806	0.5615029827479354	0.408248290463863	0.896240625180289
sp|P08590|MYL3_HUMAN	psvid_93158_sp|P08590|MYL3_HUMAN	-0.5	-1.1401160388752476	0.1401160388752476	0.24515491761011332	-2.0395266995834214	0.09984602801145806	0.5615029827479354	0.408248290463863	0.896240625180289
sp|P10176|COX8A_HUMAN	psvid_109873_sp|P10176|COX8A_HUMAN	-0.5	-1.1401160388752476	0.1401160388752476	0.24515491761011332	-2.0395266995834214	0.09984602801145806	0.5615029827479354	0.408248290463863	0.75
sp|P49221|TGM4_HUMAN	psvid_35676_sp|P49221|TGM4_HUMAN	-0.5	-1.1401160388752476	0.1401160388752476	0.24515491761011332	-2.0395266995834214	0.09984602801145806	0.5615029827479354	0.408248290463863	0.25
sp|P50151|GBG10_HUMAN	psvid_93521_sp|P50151|GBG10_HUMAN	-0.5	-1.1401160388752476	0.1401160388752476	0.24515491761011332	-2.0395266995834214	0.09984602801145806	0.5615029827479354	0.408248290463863	0.25
sp|P51888|PRELP_HUMAN	psvid_42092_sp|P51888|PRELP_HUMAN	0.5	-0.1401160388752476	1.1401160388752476	0.24515491761011332	2.0395266995834214	0.09984602801145806	0.5615029827479354	0.408248290463863	2.1785613794165304
sp|P61960|UFM1_HUMAN	psvid_165824_sp|P61960|UFM1_HUMAN	-0.5	-1.1401160388752476	0.1401160388752476	0.24515491761011332	-2.0395266995834214	0.09984602801145806	0.5615029827479354	0.408248290463863	0.5
sp|Q01740|FMO1_HUMAN	psvid_74005_sp|Q01740|FMO1_HUMAN	-0.5	-1.1401160388752476	0.1401160388752476	0.24515491761011332	-2.0395266995834214	0.09984602801145806	0.5615029827479354	0.408248290463863	1.0
sp|Q8WWZ4|ABCAA_HUMAN	psvid_23160_sp|Q8WWZ4|ABCAA_HUMAN	-0.5	-1.1401160388752476	0.1401160388752476	0.24515491761011332	-2.0395266995834214	0.09984602801145806	0.5615029827479354	0.408248290463863	0.5
sp|Q9BSR8|YIPF4_HUMAN	psvid_62004_sp|Q9BSR8|YIPF4_HUMAN	0.5	-0.1401160388752476	1.1401160388752476	0.24515491761011332	2.0395266995834214	0.09984602801145806	0.5615029827479354	0.408248290463863	1.396240625180289
sp|Q9NPJ3|ACO13_HUMAN	psvid_91932_sp|Q9NPJ3|ACO13_HUMAN	-0.5	-1.1401160388752476	0.1401160388752476	0.24515491761011332	-2.0395266995834214	0.09984602801145806	0.5615029827479354	0.408248290463863	0.5
sp|Q9P0U1|TOM7_HUMAN	psvid_151841_sp|Q9P0U1|TOM7_HUMAN	-0.5	-1.1401160388752474	0.14011603887524748	0.2451549176101133	-2.0395266995834214	0.09984602801145806	0.5615029827479354	0.40824829046386296	1.0
sp|Q9UKA9|PTBP2_HUMAN	psvid_60200_sp|Q9UKA9|PTBP2_HUMAN	0.5	-0.1401160388752476	1.1401160388752476	0.24515491761011332	2.0395266995834214	0.09984602801145806	0.5615029827479354	0.408248290463863	0.5
sp|Q9NP73|ALG13_HUMAN	psvid_40268_sp|Q9NP73|ALG13_HUMAN	0.5804820237218405	-0.16317596348197472	1.3241400109256558	0.2848099430587534	2.0381381966081604	0.10001852853747258	0.5615029827479354	0.4829866058521908	1.0402410118609202
sp|P47897|SYQ_HUMAN	psvid_30149_sp|P47897|SYQ_HUMAN	-0.3055981053341119	-0.6987469459962055	0.08755073532798158	0.15057015570236493	-2.0296060923134984	0.10108546329320389	0.5630169624789237	0.21916621043163356	2.5257623267494744
sp|Q9H6V9|LDAH_HUMAN	psvid_72094_sp|Q9H6V9|LDAH_HUMAN	-0.3510116788402168	-0.8035314090032628	0.1015080513228292	0.17330832290970433	-2.0253596188978067	0.10162096474691897	0.5630169624789237	0.2671615094715231	3.104067218836639
sp|Q9NPA0|EMC7_HUMAN	psvid_58949_sp|Q9NPA0|EMC7_HUMAN	-0.8452054459852327	-1.936768482780788	0.2463575908103226	0.4180524000336953	-2.0217691512286704	0.10207608121664717	0.5630169624789237	0.7280816208133795	1.8993253718947458
sp|O60568|PLOD3_HUMAN	psvid_52166_sp|O60568|PLOD3_HUMAN	-0.4048799306893811	-0.9279950951749187	0.11823523379615652	0.20034532375628605	-2.020910311747057	0.10218526406767661	0.5630169624789237	0.321550961567811	3.3263412731423863
sp|P00505|AATM_HUMAN	psvid_84928_sp|P00505|AATM_HUMAN	-0.4732711990208722	-1.0852290896999468	0.13868669165820235	0.2343707658597281	-2.019326929639881	0.10238688052044641	0.5630169624789237	0.38765490273886416	3.565918081106571
sp|Q9P2X0|DPM3_HUMAN	psvid_108581_sp|Q9P2X0|DPM3_HUMAN	-0.4686172794790353	-1.076056270941716	0.13882171198364546	0.23264009470355773	-2.0143444322276953	0.10302406286967705	0.5630169624789237	0.3843365755176282	2.673030515280385
sp|P17066|HSP76_HUMAN	psvid_39366_sp|P17066|HSP76_HUMAN	-0.22929793129397735	-0.5268566430671162	0.06826078047916145	0.11396055877164508	-2.0120814935055384	0.10331483879704237	0.5630169624789237	0.13167870183433192	5.03407887605724
sp|P02750|A2GL_HUMAN	psvid_43986_sp|P02750|A2GL_HUMAN	-0.19408495812508753	-0.446422555575395	0.05825263932521996	0.09664154490108057	-2.008297345864526	0.10380302003131524	0.5630169624789237	0.07601839100638937	4.0871108536111
sp|O95210|STBD1_HUMAN	psvid_76062_sp|O95210|STBD1_HUMAN	-0.20545245980249138	-0.47270292683969306	0.061798007234710295	0.10235295204115057	-2.007293934423016	0.10393287508380451	0.5630169624789237	0.09685582096862151	5.450843321529172
sp|P02751|FINC_HUMAN	psvid_28124_sp|P02751|FINC_HUMAN	-0.21440595037375987	-0.4941895495941456	0.06537764884662589	0.10715295516740245	-2.0009336190383054	0.1047599831754393	0.5630169624789237	0.11210881755218312	4.879592103971678
sp|O43148|MCES_HUMAN	psvid_30375_sp|O43148|MCES_HUMAN	0.646240625180289	-0.19724348685285853	1.4897247372134366	0.3230418634006859	2.0004856905456943	0.10481849380999989	0.5630169624789237	0.554015394815977	0.3231203125901445
sp|A0AV96|RBM47_HUMAN	psvid_59937_sp|A0AV96|RBM47_HUMAN	0.646240625180289	-0.19724348685285864	1.4897247372134368	0.32304186340068597	2.000485690545694	0.10481849381000001	0.5630169624789237	0.5540153948159771	1.0731203125901445
sp|P42785|PCP_HUMAN	psvid_84276_sp|P42785|PCP_HUMAN	-0.646240625180289	-1.4897247372134368	0.19724348685285864	0.32304186340068597	-2.000485690545694	0.10481849381000001	0.5630169624789237	0.5540153948159771	0.5731203125901445
sp|Q6DN03|H2B2C_HUMAN	psvid_30703_sp|Q6DN03|H2B2C_HUMAN	-0.646240625180289	-1.4897247372134368	0.19724348685285864	0.32304186340068597	-2.000485690545694	0.10481849381000001	0.5630169624789237	0.5540153948159771	0.5731203125901445
sp|Q6DRA6|H2B2D_HUMAN	psvid_30702_sp|Q6DRA6|H2B2D_HUMAN	-0.646240625180289	-1.4897247372134368	0.19724348685285864	0.32304186340068597	-2.000485690545694	0.10481849381000001	0.5630169624789237	0.5540153948159771	0.5731203125901445
sp|Q969E2|SCAM4_HUMAN	psvid_86477_sp|Q969E2|SCAM4_HUMAN	0.646240625180289	-0.19724348685285864	1.4897247372134368	0.32304186340068597	2.000485690545694	0.10481849381000001	0.5630169624789237	0.5540153948159771	0.5731203125901445
sp|Q13724|MOGS_HUMAN	psvid_55562_sp|Q13724|MOGS_HUMAN	-0.24829842781426015	-0.5727008511164402	0.07610399548791985	0.12424130083806016	-1.9985176116104884	0.10507598266375952	0.5630169624789237	0.1584330553528024	6.140327012112666
sp|O75452|RDH16_HUMAN	psvid_59530_sp|O75452|RDH16_HUMAN	-0.22402923035182054	-0.5170398653119572	0.0689814046083162	0.11221871303015245	-1.9963624987538873	0.1053587068181338	0.5630169624789237	0.12684871365355696	6.760209848735771
sp|O60831|PRAF2_HUMAN	psvid_92670_sp|O60831|PRAF2_HUMAN	-0.6229632740824186	-1.4379128281306068	0.19198627996576967	0.31211355230238047	-1.9959507348751138	0.10541281633549722	0.5630169624789237	0.5337911854037073	1.7077222622214983
sp|O43657|TSN6_HUMAN	psvid_82331_sp|O43657|TSN6_HUMAN	-0.792481250360578	-1.8294744178568971	0.24451191713574105	0.3971529521217892	-1.9954056645600842	0.10548448858626812	0.5630169624789237	0.6900022198403342	1.292481250360578
sp|P54652|HSP72_HUMAN	psvid_52200_sp|P54652|HSP72_HUMAN	-0.28953152481918276	-0.669279336839613	0.09021628720124752	0.1454377611472927	-1.9907589510124437	0.10609758216416625	0.564897937468669	0.20789092460709893	5.238041522820785
sp|P57721|PCBP3_HUMAN	psvid_50545_sp|P57721|PCBP3_HUMAN	-0.25743683584851285	-0.5955814883485769	0.08070781665155125	0.12950437012891283	-1.9878621516189137	0.10648168849311902	0.5655534778543846	0.17127123108243056	2.5016816920066747
sp|Q9UP52|TFR2_HUMAN	psvid_36362_sp|Q9UP52|TFR2_HUMAN	-0.19330072371215024	-0.4480128477416195	0.06141140031731901	0.09755095324663661	-1.9815359796990493	0.10732561823336008	0.5676184800256374	0.07961488310124268	4.69820057497652
sp|Q9NSD9|SYFB_HUMAN	psvid_48416_sp|Q9NSD9|SYFB_HUMAN	-0.30638588961575475	-0.7102147401477491	0.09744296091623961	0.15466044055810968	-1.9810229979309941	0.1073943593957136	0.5676184800256374	0.2280150876063087	3.9955922813775464
sp|P20339|RAB5A_HUMAN	psvid_39623_sp|P20339|RAB5A_HUMAN	-0.38049110333371283	-0.8836975699686458	0.12271536330122013	0.1927205887318902	-1.9743147623062005	0.10829755967534536	0.5701980619845392	0.3064244894357023	2.9660675037698616
sp|Q96NT0|VMA22_HUMAN	psvid_74347_sp|Q96NT0|VMA22_HUMAN	-0.75	-1.7424177310776905	0.2424177310776906	0.38008122328049165	-1.9732624346099739	0.10843996896436575	0.5701980619845392	0.6588230991627176	1.021240625180289
sp|P23526|SAHH_HUMAN	psvid_29720_sp|P23526|SAHH_HUMAN	0.27125902596394946	-0.08835352967138049	0.6308715815992794	0.13772625757550078	1.9695519993001098	0.10894366719273185	0.5701980619845392	0.19051945056140476	3.739300821933779
sp|P01031|CO5_HUMAN	psvid_39328_sp|P01031|CO5_HUMAN	-0.2885917529824076	-0.672503735413069	0.09532022944825386	0.14703257644926274	-1.9627742365107326	0.10987011825652605	0.5701980619845392	0.21141665973345605	5.247657408081164
sp|Q08AH3|ACS2A_HUMAN	psvid_55981_sp|Q08AH3|ACS2A_HUMAN	-0.24505918629464207	-0.5711285790447216	0.08101020645543738	0.12487972533118244	-1.962361669556386	0.10992677847900661	0.5701980619845392	0.1600160159977835	4.242060043911533
sp|P00568|KAD1_HUMAN	psvid_92468_sp|P00568|KAD1_HUMAN	-0.4342413985415514	-1.0122140728129905	0.14373127572988764	0.22135493369433612	-1.9617425791881615	0.11001185933640224	0.5701980619845392	0.3625961753235177	1.1133613244510647
sp|Q9BY44|EIF2A_HUMAN	psvid_54956_sp|Q9BY44|EIF2A_HUMAN	-0.4342413985415514	-1.0122140728129905	0.14373127572988764	0.22135493369433612	-1.9617425791881615	0.11001185933640224	0.5701980619845392	0.3625961753235177	1.7596019496313537
sp|P30043|BLVRB_HUMAN	psvid_70183_sp|P30043|BLVRB_HUMAN	-0.2617052141882483	-0.6101508101914636	0.0867403818149669	0.1334494782069087	-1.9610808352692368	0.11010287847683482	0.5701980619845392	0.18061508914610128	3.796297131537121
sp|Q6UWM9|UD2A3_HUMAN	psvid_26922_sp|Q6UWM9|UD2A3_HUMAN	-0.3447397599809363	-0.8044891017737057	0.11500958181183302	0.17607715658328668	-1.9578903173499973	0.11054282696580245	0.5701980619845392	0.2728395344705695	5.303382859669924
sp|Q9NRV9|HEBP1_HUMAN	psvid_77890_sp|Q9NRV9|HEBP1_HUMAN	-0.23026216465129423	-0.5379726434378003	0.0774483141352118	0.11784853447388201	-1.9538822920392422	0.11109811966348704	0.5701980619845392	0.14211208970450065	3.8726900964160955
sp|P14854|CX6B1_HUMAN	psvid_98045_sp|P14854|CX6B1_HUMAN	0.25444993651465087	-0.08598495408719625	0.5948848271164979	0.13038149724189177	1.951580108353716	0.11141839865083256	0.5701980619845392	0.17336761659286237	4.716992909607846
sp|Q86YT5|S13A5_HUMAN	psvid_87204_sp|Q86YT5|S13A5_HUMAN	-0.4888134042924792	-1.143133422278318	0.16550661369335962	0.2505948302464399	-1.9506124839517656	0.11155330312276376	0.5701980619845392	0.41858604237010316	2.755505231985853
sp|Q7L576|CYFP1_HUMAN	psvid_40213_sp|Q7L576|CYFP1_HUMAN	-0.4843697288604858	-1.133137087848013	0.16439763012704134	0.24846824447670973	-1.949423073683319	0.11171936329119024	0.5701980619845392	0.4145485346825459	3.7653741496602064
sp|O95470|SGPL1_HUMAN	psvid_33275_sp|O95470|SGPL1_HUMAN	-0.25400918967372	-0.5942771687325286	0.08625878938508857	0.13031757260464366	-1.9491553180193963	0.1117567818745515	0.5701980619845392	0.1732152145147933	4.612409792659944
sp|O75400|PR40A_HUMAN	psvid_26128_sp|O75400|PR40A_HUMAN	0.792481250360578	-0.2694008160129433	1.8543633167340994	0.40668503003123857	1.9486363938689983	0.11182933841413435	0.5701980619845392	0.7073814534800541	1.146240625180289
sp|Q02543|RL18A_HUMAN	psvid_66518_sp|Q02543|RL18A_HUMAN	0.26489560887408503	-0.09169473880885098	0.621485956557021	0.13656879690185225	1.9396495750376805	0.11309374661691479	0.5703244574634503	0.18786003121706002	5.0299785119308105
sp|P36980|FHR2_HUMAN	psvid_86553_sp|P36980|FHR2_HUMAN	-0.22578461518685267	-0.5302044318317182	0.07863520145801284	0.1165882598404982	-1.9365982089083718	0.11352645932951444	0.5703244574634503	0.13877825286472956	3.368310818308019
sp|P20290|BTF3_HUMAN	psvid_77721_sp|P20290|BTF3_HUMAN	0.287097959973168	-0.10029668439479639	0.6744926043411323	0.1483663841473226	1.9350607054498938	0.113745148320864	0.5703244574634503	0.21434972007374625	3.7608322349439813
sp|Q07065|CKAP4_HUMAN	psvid_26991_sp|Q07065|CKAP4_HUMAN	-0.21037291346353548	-0.4947501705877248	0.07400434366065384	0.10891225778840033	-1.9315816028004626	0.11424163264400364	0.5703244574634503	0.11735922927146854	6.1049590239754075
sp|Q71DI3|H32_HUMAN	psvid_20393_sp|Q71DI3|H32_HUMAN	-0.41951797627815934	-0.9871461790588926	0.14811022650257388	0.21739315504482726	-1.9297662623814131	0.11450158999643723	0.5703244574634503	0.3549178728525312	1.9920797423753211
sp|O00203|AP3B1_HUMAN	psvid_32180_sp|O00203|AP3B1_HUMAN	-0.75	-1.7683966056547138	0.2683966056547138	0.39003074566353385	-1.9229253291918664	0.11548678539830086	0.5703244574634503	0.67700320038633	0.625
sp|O00442|RTCA_HUMAN	psvid_43288_sp|O00442|RTCA_HUMAN	0.75	-0.2683966056547138	1.7683966056547138	0.39003074566353385	1.9229253291918664	0.11548678539830086	0.5703244574634503	0.67700320038633	0.875
sp|P61326|MGN_HUMAN	psvid_52873_sp|P61326|MGN_HUMAN	-0.75	-1.7683966056547138	0.2683966056547138	0.39003074566353385	-1.9229253291918664	0.11548678539830086	0.5703244574634503	0.67700320038633	1.021240625180289
sp|Q15493|RGN_HUMAN	psvid_66275_sp|Q15493|RGN_HUMAN	-0.75	-1.7683966056547138	0.2683966056547138	0.39003074566353385	-1.9229253291918664	0.11548678539830086	0.5703244574634503	0.67700320038633	1.8517226489021295
sp|Q96A72|MGN2_HUMAN	psvid_52871_sp|Q96A72|MGN2_HUMAN	-0.75	-1.7683966056547138	0.2683966056547138	0.39003074566353385	-1.9229253291918664	0.11548678539830086	0.5703244574634503	0.67700320038633	1.021240625180289
sp|P25705|ATPA_HUMAN	psvid_64446_sp|P25705|ATPA_HUMAN	0.20081674669891725	-0.07209106707555818	0.4737245604733927	0.10451963165709202	1.921330409561304	0.11571774865787998	0.5703244574634503	0.10393123886423941	7.755891659986091
sp|P05198|IF2A_HUMAN	psvid_48242_sp|P05198|IF2A_HUMAN	-0.19027277900466766	-0.4490295009230595	0.06848394291372417	0.09909997405225042	-1.9200083635172944	0.1159095624433137	0.5703244574634503	0.08546350062996581	4.877457143738575
sp|P46952|3HAO_HUMAN	psvid_67945_sp|P46952|3HAO_HUMAN	0.3729632740824186	-0.13475761955377874	0.8806841677186159	0.19444954709621504	1.9180465043607104	0.11619481825036197	0.5703244574634503	0.30986711913761433	2.6252035125820763
sp|P61106|RAB14_HUMAN	psvid_86141_sp|P61106|RAB14_HUMAN	-0.18541526205893843	-0.4378538674237067	0.06702334330582982	0.09668022942926566	-1.9178198392112231	0.1162278227601841	0.5703244574634503	0.07617413629857973	5.512629196681904
sp|O75027|ABCB7_HUMAN	psvid_50763_sp|O75027|ABCB7_HUMAN	-0.4751160816122715	-1.1221325905816315	0.17190042735708855	0.247797694973364	-1.9173547262549884	0.11629557810697337	0.5703244574634503	0.4132744508252937	2.214280689708265
sp|P28332|ADH6_HUMAN	psvid_418778_sp|P28332|ADH6_HUMAN	-0.2141368024797199	-0.5066657634680258	0.07839215850858611	0.11203423906651519	-1.9113514249209653	0.11717382040139337	0.5703244574634503	0.12633082687876207	4.349370056980918
sp|Q16762|THTR_HUMAN	psvid_78155_sp|Q16762|THTR_HUMAN	-0.26977170938115325	-0.638749134876996	0.09920571611468948	0.14131286337765733	-1.9090385895032842	0.11751401741258205	0.5703244574634503	0.19866983412012165	3.4364105081895264
sp|P78527|PRKDC_HUMAN	psvid_40998_sp|P78527|PRKDC_HUMAN	-0.2902725860168873	-0.6875358251438018	0.1069906531100272	0.15214590908987682	-1.9078566604470135	0.11768826615608013	0.5703244574634503	0.22258862476995764	5.754399555217361
sp|Q9HD45|TM9S3_HUMAN	psvid_26171_sp|Q9HD45|TM9S3_HUMAN	-0.4390164233401881	-1.040276160435593	0.16224331375521683	0.23027353223159838	-1.9064997139951187	0.11788864967308235	0.5703244574634503	0.3797925436461719	3.783855172343257
sp|P48643|TCPE_HUMAN	psvid_26360_sp|P48643|TCPE_HUMAN	-0.3686346277568757	-0.8743211590400306	0.13705190352627916	0.1936704165874317	-1.9034121692533106	0.11834592190159877	0.5703244574634503	0.3083167013641239	3.717341822016443
sp|P17987|TCPA_HUMAN	psvid_23035_sp|P17987|TCPA_HUMAN	-0.18872187554086728	-0.44767961614036433	0.07023586505862978	0.09917696121584506	-1.9028801974496878	0.11842489470598282	0.5703244574634503	0.0857460879126107	4.163973302325553
sp|Q9C0E8|LNP_HUMAN	psvid_78220_sp|Q9C0E8|LNP_HUMAN	-0.26472342226339163	-0.6286678713290468	0.09922102680226358	0.13938530829835596	-1.8992204092037297	0.11896969237988976	0.5703244574634503	0.19430597477563516	4.016423515053727
sp|Q14139|UBE4A_HUMAN	psvid_72001_sp|Q14139|UBE4A_HUMAN	-0.44727580437534564	-1.0628000455143596	0.1682484367636683	0.2357366250166264	-1.8973538979944227	0.11924854718450272	0.5703244574634503	0.3902710063576597	3.0075652237137724
sp|Q9UBM7|DHCR7_HUMAN	psvid_59466_sp|Q9UBM7|DHCR7_HUMAN	-0.2469817919248558	-0.5873681569780829	0.0934045731283712	0.13036291267885713	-1.8945709853329509	0.1196655765480034	0.5703244574634503	0.1733233154369384	4.153793325064749
sp|P84085|ARF5_HUMAN	psvid_22625_sp|P84085|ARF5_HUMAN	-0.19407662144959337	-0.46184872402294835	0.07369548112376162	0.10255273068927329	-1.8924568867661875	0.11998339683579087	0.5703244574634503	0.09752330920865421	4.044013950572655
sp|Q709F0|ACD11_HUMAN	psvid_419470_sp|Q709F0|ACD11_HUMAN	-0.23351758007482548	-0.5557263747369956	0.08869121458734464	0.12340117371133835	-1.892344886614068	0.12000025873123922	0.5703244574634503	0.1563381455362287	4.129167758127425
sp|P17858|PFKAL_HUMAN	psvid_39972_sp|P17858|PFKAL_HUMAN	-0.4747305404101696	-1.13103926806764	0.18157818724730068	0.25135647645757986	-1.8886743922442255	0.12055422800133848	0.5703244574634503	0.4200309543599717	3.601197075281225
sp|Q15006|EMC2_HUMAN	psvid_40034_sp|Q15006|EMC2_HUMAN	-0.19440189466588786	-0.4633121124907411	0.07450832315896538	0.10298861189481553	-1.8876057370734802	0.12071601455895443	0.5703244574634503	0.09896845994796126	2.581360432083587
sp|P05362|ICAM1_HUMAN	psvid_44118_sp|P05362|ICAM1_HUMAN	-0.3102858989083962	-0.7404460161158879	0.11987421829909545	0.164744923871079	-1.883432227333512	0.12135002034080172	0.5703244574634503	0.2493991715864345	3.3670541102250287
sp|Q8IVH4|MMAA_HUMAN	psvid_95165_sp|Q8IVH4|MMAA_HUMAN	-0.34807935569468995	-0.8316639240297002	0.13550521264032034	0.18520569366767034	-1.879420382827307	0.12196273220007545	0.5703244574634503	0.2913663633003606	0.924039677847345
sp|Q8IXI1|MIRO2_HUMAN	psvid_33373_sp|Q8IXI1|MIRO2_HUMAN	-0.4407402006747876	-1.0537492612117236	0.17226885986214835	0.23477334827330276	-1.8773008261641184	0.12228774059722664	0.5703244574634503	0.3884262396607117	2.6277092553572965
sp|P34913|HYES_HUMAN	psvid_36588_sp|P34913|HYES_HUMAN	-0.25465391954183625	-0.6090588118582051	0.0997509727745326	0.1357318000172362	-1.8761551788858504	0.12246378637056211	0.5703244574634503	0.18592744951444257	4.140999234792502
sp|Q99805|TM9S2_HUMAN	psvid_42686_sp|Q99805|TM9S2_HUMAN	-0.26099918403262423	-0.6242413943391715	0.10224302627392301	0.139116361303317	-1.876121410791968	0.12246897933500642	0.5703244574634503	0.193694113659326	4.846973678926198
sp|Q8NB16|MLKL_HUMAN	psvid_43635_sp|Q8NB16|MLKL_HUMAN	0.33048202372184055	-0.1299598178916116	0.7909238653352927	0.17634237370982958	1.8740930881742974	0.12278132118072833	0.5703244574634503	0.27338188864101354	1.3114816370412092
sp|O43390|HNRPR_HUMAN	psvid_35520_sp|O43390|HNRPR_HUMAN	-0.4170045601121791	-1.0002453016957367	0.16623618147137842	0.22337252508313532	-1.8668569912838535	0.12390236616620162	0.5703244574634503	0.3664968023467238	3.477706179318797
sp|O15145|ARPC3_HUMAN	psvid_20272_sp|O15145|ARPC3_HUMAN	-0.396240625180289	-0.9505615087707404	0.15808025841016238	0.21229664981518587	-1.8664478479770403	0.12396606879775966	0.5703244574634503	0.3450011099201671	0.6981203125901445
sp|O60725|ICMT_HUMAN	psvid_106406_sp|O60725|ICMT_HUMAN	0.396240625180289	-0.15808025841016238	0.9505615087707404	0.21229664981518587	1.8664478479770403	0.12396606879775966	0.5703244574634503	0.3450011099201671	0.4481203125901445
sp|P55061|BI1_HUMAN	psvid_39659_sp|P55061|BI1_HUMAN	0.396240625180289	-0.15808025841016238	0.9505615087707404	0.21229664981518587	1.8664478479770403	0.12396606879775966	0.5703244574634503	0.3450011099201671	0.6981203125901445
sp|P62304|RUXE_HUMAN	psvid_104389_sp|P62304|RUXE_HUMAN	-0.396240625180289	-0.9505615087707404	0.15808025841016238	0.21229664981518587	-1.8664478479770403	0.12396606879775966	0.5703244574634503	0.3450011099201671	0.6981203125901445
sp|Q14315|FLNC_HUMAN	psvid_24329_sp|Q14315|FLNC_HUMAN	0.396240625180289	-0.15808025841016238	0.9505615087707404	0.21229664981518587	1.8664478479770403	0.12396606879775966	0.5703244574634503	0.3450011099201671	0.6981203125901445
sp|Q16695|H31T_HUMAN	psvid_65782_sp|Q16695|H31T_HUMAN	-0.396240625180289	-0.9505615087707404	0.15808025841016238	0.21229664981518587	-1.8664478479770403	0.12396606879775966	0.5703244574634503	0.3450011099201671	1.7406015629507225
sp|Q9H1K4|GHC2_HUMAN	psvid_43470_sp|Q9H1K4|GHC2_HUMAN	-0.47672264890212945	-1.14415032320731	0.190705025403051	0.25561486756760465	-1.8650036026407835	0.1241912061939198	0.5703244574634503	0.42809878635681814	3.6187614343819967
sp|P04114|APOB_HUMAN	psvid_1633337_sp|P04114|APOB_HUMAN	-0.27015801394670325	-0.6484615433638145	0.10814551547040796	0.14488462240194186	-1.86464242697355	0.12424757465285835	0.5703244574634503	0.2066631359762194	6.45196671115765
sp|P80723|BASP1_HUMAN	psvid_67990_sp|P80723|BASP1_HUMAN	-0.19838728063314304	-0.47624295366229974	0.07946839239601367	0.10641458812476495	-1.8642865055357394	0.12430314905591955	0.5703244574634503	0.10985711294938139	4.57023627009368
sp|Q14498|RBM39_HUMAN	psvid_29481_sp|Q14498|RBM39_HUMAN	-0.8304820237218404	-1.9938948370089786	0.33293078956529776	0.44556979526573687	-1.8638651734158567	0.12436897017044848	0.5703244574634503	0.7780904522104912	0.9152410118609202
sp|Q96BY9|SARAF_HUMAN	psvid_99268_sp|Q96BY9|SARAF_HUMAN	-0.21943606248725078	-0.5272562023552377	0.08838407738073617	0.11789053303627194	-1.8613544008638578	0.12476195707902885	0.5703244574634503	0.14222245347810586	2.788279410660156
sp|Q9UNW1|MINP1_HUMAN	psvid_43393_sp|Q9UNW1|MINP1_HUMAN	-0.21943606248725034	-0.5272562023552373	0.08838407738073661	0.11789053303627194	-1.861354400863854	0.12476195707902947	0.5703244574634503	0.14222245347810586	2.6669227038675953
sp|P30613|KPYR_HUMAN	psvid_45483_sp|P30613|KPYR_HUMAN	-0.30396239386741897	-0.7316326733470953	0.12370788561225726	0.163791353071482	-1.85579023658693	0.1256374573320901	0.5703244574634503	0.2474004828281701	3.9951974619618564
sp|P02765|FETUA_HUMAN	psvid_419634_sp|P02765|FETUA_HUMAN	-0.8072046726239699	-1.9440004385508065	0.32959109330286673	0.4353758622030614	-1.8540409395674897	0.12591401636853092	0.5703244574634503	0.7595799664012512	2.5923242118528522
sp|P08637|FCG3A_HUMAN	psvid_105020_sp|P08637|FCG3A_HUMAN	-0.603759374819711	-1.4562235513171171	0.24870480167769515	0.3264810944621933	-1.8492935274377018	0.1266677518717007	0.5703244574634503	0.5603688660931588	0.6981203125901445
sp|P36957|ODO2_HUMAN	psvid_70633_sp|P36957|ODO2_HUMAN	-0.338587393144935	-0.8168675560602101	0.13969276977034012	0.18317418532438504	-1.8484449244052985	0.12680297408878793	0.5703244574634503	0.28726714438712236	3.680392226412081
sp|P16152|CBR1_HUMAN	psvid_80495_sp|P16152|CBR1_HUMAN	-0.21806937426066286	-0.5263038860301331	0.09016513750880739	0.11804923130845799	-1.8472748347751302	0.12698966932419176	0.5703244574634503	0.1426390635229417	4.534909207838361
sp|Q02978|M2OM_HUMAN	psvid_75993_sp|Q02978|M2OM_HUMAN	-0.2853709638872213	-0.6889566102264296	0.11821468245198707	0.15456729697128493	-1.8462570639391893	0.12715229251172502	0.5703244574634503	0.2278148162827582	4.403976080888795
sp|P00748|FA12_HUMAN	psvid_48599_sp|P00748|FA12_HUMAN	-0.2617537048793974	-0.6323638760971939	0.10885646633839913	0.1419381806930103	-1.8441387905734048	0.12749144954803326	0.5703244574634503	0.20007770923829116	4.6880815250636685
sp|O43819|SCO2_HUMAN	psvid_50098_sp|O43819|SCO2_HUMAN	-0.6315172029168971	-1.526169136258753	0.26313473042495905	0.34263837755656723	-1.8431011943857278	0.12765792064190096	0.5703244574634503	0.590151818786556	1.7267226489021295
sp|Q9Y617|SERC_HUMAN	psvid_25441_sp|Q9Y617|SERC_HUMAN	-0.3249754471393408	-0.7859945658037255	0.13604367152504399	0.17656346223013641	-1.8405588734761056	0.1280667597132752	0.5703244574634503	0.2738338035511981	3.216067503769862
sp|P00740|FA9_HUMAN	psvid_55753_sp|P00740|FA9_HUMAN	-0.3225887529583267	-0.7821476708748181	0.13697016495816472	0.17600422707228436	-1.8328466214952925	0.1293152954217288	0.5703244574634503	0.27269035193105085	4.105222664075042
sp|P01861|IGHG4_HUMAN	psvid_160640_sp|P01861|IGHG4_HUMAN	-0.29248125036057804	-0.7095153393581812	0.1245528386370251	0.15971785038921865	-1.831237082441483	0.12957744625765363	0.5703244574634503	0.2388099409048782	1.146240625180289
sp|P18405|S5A1_HUMAN	psvid_74011_sp|P18405|S5A1_HUMAN	-0.29248125036057804	-0.7095153393581812	0.1245528386370251	0.15971785038921865	-1.831237082441483	0.12957744625765363	0.5703244574634503	0.2388099409048782	1.146240625180289
sp|Q13405|RM49_HUMAN	psvid_82180_sp|Q13405|RM49_HUMAN	-0.29248125036057804	-0.7095153393581812	0.1245528386370251	0.15971785038921865	-1.831237082441483	0.12957744625765363	0.5703244574634503	0.2388099409048782	0.896240625180289
sp|Q5SSJ5|HP1B3_HUMAN	psvid_34976_sp|Q5SSJ5|HP1B3_HUMAN	0.29248125036057804	-0.1245528386370251	0.7095153393581812	0.15971785038921865	1.831237082441483	0.12957744625765363	0.5703244574634503	0.2388099409048782	1.292481250360578
sp|Q99447|PCY2_HUMAN	psvid_47565_sp|Q99447|PCY2_HUMAN	-0.29248125036057804	-0.7095153393581812	0.1245528386370251	0.15971785038921865	-1.831237082441483	0.12957744625765363	0.5703244574634503	0.2388099409048782	0.896240625180289
sp|Q04941|PLP2_HUMAN	psvid_38196_sp|Q04941|PLP2_HUMAN	0.29248125036057804	-0.12455283863702515	0.7095153393581812	0.15971785038921868	1.8312370824414825	0.12957744625765372	0.5703244574634503	0.2388099409048782	0.896240625180289
sp|Q06210|GFPT1_HUMAN	psvid_43085_sp|Q06210|GFPT1_HUMAN	-0.29248125036057804	-0.7095153393581812	0.12455283863702515	0.15971785038921868	-1.8312370824414825	0.12957744625765372	0.5703244574634503	0.2388099409048782	2.042481250360578
sp|Q9BRL6|SRSF8_HUMAN	psvid_31477_sp|Q9BRL6|SRSF8_HUMAN	0.29248125036057804	-0.12455283863702515	0.7095153393581812	0.15971785038921868	1.8312370824414825	0.12957744625765372	0.5703244574634503	0.2388099409048782	0.896240625180289
sp|Q9NQH7|XPP3_HUMAN	psvid_32520_sp|Q9NQH7|XPP3_HUMAN	0.29248125036057804	-0.12455283863702515	0.7095153393581812	0.15971785038921868	1.8312370824414825	0.12957744625765372	0.5703244574634503	0.2388099409048782	1.146240625180289
sp|P60604|UB2G2_HUMAN	psvid_59158_sp|P60604|UB2G2_HUMAN	-0.2981612694855993	-0.7233177250134607	0.12699518604226212	0.16282859590502144	-1.8311357893150286	0.1295939625469988	0.5703244574634503	0.24537793889320955	2.9980980241527666
sp|Q96EE3|SEH1_HUMAN	psvid_75431_sp|Q96EE3|SEH1_HUMAN	-0.47672264890212945	-1.157153116996024	0.20370781919176506	0.2605947440999512	-1.8293640209385125	0.1298832090615922	0.5703244574634503	0.43751144825731547	1.3846019496313537
sp|A8MUH7|PDZ1P_HUMAN	psvid_43534_sp|A8MUH7|PDZ1P_HUMAN	-0.2896073406511208	-0.7034702120057654	0.1242555307035238	0.15850332122143015	-1.8271373648160818	0.13024766297865145	0.5703244574634503	0.23623127004743666	3.4447217565346513
sp|Q9H1X3|DJC25_HUMAN	psvid_27860_sp|Q9H1X3|DJC25_HUMAN	-0.3128846917489908	-0.7606517198759412	0.13488233637795954	0.17148810875270284	-1.8245270416982156	0.13067625921268286	0.5703244574634503	0.2634123876666233	2.4563604320835863
sp|P49411|EFTU_HUMAN	psvid_1211290_sp|P49411|EFTU_HUMAN	-0.2776780609688514	-0.6757690791149655	0.12041295717726275	0.1524629361364227	-1.8212823916783758	0.1312110370038001	0.5703244574634503	0.2232751031467883	4.7234491386419135
sp|P21796|VDAC1_HUMAN	psvid_27241_sp|P21796|VDAC1_HUMAN	-0.20008160752771365	-0.4870630904318399	0.08689987537641258	0.10990963750980268	-1.8204191375835324	0.1313536969892039	0.5703244574634503	0.12027022268513343	6.045591177502573
sp|O95864|FADS2_HUMAN	psvid_64365_sp|O95864|FADS2_HUMAN	-0.48240266802715037	-1.1744789530426152	0.20967361698831455	0.2650549186847447	-1.8200102470119346	0.13142132541309612	0.5703244574634503	0.445922769353992	2.437360045402955
sp|Q9UI09|NDUAC_HUMAN	psvid_88718_sp|Q9UI09|NDUAC_HUMAN	-0.2704034413884129	-0.6584485672118885	0.11764168443506279	0.1486155088652612	-1.8194833328839717	0.13150852729041543	0.5703244574634503	0.21489601979325917	3.5257623267494744
sp|P18669|PGAM1_HUMAN	psvid_59043_sp|P18669|PGAM1_HUMAN	-0.18342447008307428	-0.4467234589616001	0.07987451879545154	0.1008395947065484	-1.8189727023085995	0.13159309124675825	0.5703244574634503	0.09168653559165763	4.103034835562557
sp|P52597|HNRPF_HUMAN	psvid_42052_sp|P52597|HNRPF_HUMAN	0.3567525352362302	-0.15711872024205475	0.8706237907145151	0.196805044160964	1.8127204856825083	0.13263305854805574	0.5736843071330076	0.31454512523468514	2.843820792061112
sp|O14602|IF1AY_HUMAN	psvid_54566_sp|O14602|IF1AY_HUMAN	0.353759374819711	-0.1594408021724194	0.8669595518118414	0.19654803108678415	1.7998622161903595	0.1347985400801287	0.5818893154454958	0.31403536371399066	2.647922317186964
sp|P49773|HINT1_HUMAN	psvid_79904_sp|P49773|HINT1_HUMAN	0.46562411906251633	-0.21266059669279336	1.1439088348178261	0.25977295288424945	1.7924272480745551	0.1360672375806471	0.5859935422533962	0.4359597280159604	3.2206332382730007
sp|P49207|RL34_HUMAN	psvid_17293_sp|P49207|RL34_HUMAN	-0.5808425172653172	-1.427581984976055	0.2658969504454205	0.32428861618371807	-1.791128298306514	0.13629014549871327	0.5859935422533962	0.5563191839071108	2.993866556436918
sp|P56937|DHB7_HUMAN	psvid_60766_sp|P56937|DHB7_HUMAN	-0.1772378044991525	-0.43673041009834274	0.08225480110003774	0.09938180655164186	-1.7834029250318997	0.13762363717806164	0.5877124357501189	0.0864945498232147	3.9331587421951015
sp|P02679|FIBG_HUMAN	psvid_40573_sp|P02679|FIBG_HUMAN	-0.19045519244011566	-0.4695786290898772	0.08866824420964586	0.10690012272643588	-1.7816180896957663	0.13793362076895058	0.5877124357501189	0.11134116600869476	6.953291477615725
sp|Q6PCB7|S27A1_HUMAN	psvid_55138_sp|Q6PCB7|S27A1_HUMAN	-0.3713567067925605	-0.9158443673005124	0.17313095371539144	0.20853067169836223	-1.7808253518203052	0.13807153016184315	0.5877124357501189	0.33764280677892555	1.516160377118121
sp|O75821|EIF3G_HUMAN	psvid_31225_sp|O75821|EIF3G_HUMAN	-0.4416782343900648	-1.0892917481992996	0.2059352794191699	0.24802633894327528	-1.7807714949623903	0.13808090454988858	0.5877124357501189	0.4137089417585669	2.6595609927358996
sp|O75874|IDHC_HUMAN	psvid_25224_sp|O75874|IDHC_HUMAN	-0.1611698373041186	-0.39765455516454473	0.07531488055630753	0.0905701279177329	-1.7795032535508084	0.13830184491327024	0.5877124357501189	0.046649969549251734	5.396188358388956
sp|Q9H6U8|ALG9_HUMAN	psvid_59343_sp|Q9H6U8|ALG9_HUMAN	-0.41951797627815957	-1.0351077006952845	0.19607174813896544	0.23576170413771572	-1.7794152693819438	0.1383171860787082	0.5877124357501189	0.39031901944719144	2.7289628874017873
sp|O15120|PLCB_HUMAN	psvid_82679_sp|O15120|PLCB_HUMAN	-0.5700269797981836	-1.4088565835200408	0.2688026239236735	0.32125925597910815	-1.7743519266422416	0.13920299019818316	0.5903187470830976	0.5507202355154807	3.218055346314938
sp|Q15155|NOMO1_HUMAN	psvid_34734_sp|Q15155|NOMO1_HUMAN	-0.21058509130002334	-0.5231445049987591	0.1019743223987124	0.11970560439044467	-1.75919157981239	0.14189011136756383	0.5941131232648971	0.14694925597657513	5.707225664441373
sp|Q9H0W9|BKGD_HUMAN	psvid_36835_sp|Q9H0W9|BKGD_HUMAN	-0.49815511740860063	-1.2377356389930458	0.24142540417584468	0.2832483344014682	-1.758722142042783	0.1419741596699005	0.5941131232648971	0.48006713085784425	2.4027550197331022
sp|Q9UJS0|S2513_HUMAN	psvid_50176_sp|Q9UJS0|S2513_HUMAN	-0.16082480492391804	-0.4001879416068273	0.07853833175899122	0.09167251949428701	-1.7543404044212025	0.14276112600713206	0.5941131232648971	0.05303753491737691	6.531287136112289
sp|O15239|NDUA1_HUMAN	psvid_94709_sp|O15239|NDUA1_HUMAN	-0.542481250360578	-1.3502607185897033	0.2652982178685471	0.30936751612850416	-1.753517166732023	0.1429094773568915	0.5941131232648971	0.5287002345329385	0.771240625180289
sp|P00414|COX3_HUMAN	psvid_167787_sp|P00414|COX3_HUMAN	-0.542481250360578	-1.3502607185897033	0.2652982178685471	0.30936751612850416	-1.753517166732023	0.1429094773568915	0.5941131232648971	0.5287002345329384	0.771240625180289
sp|P62273|RS29_HUMAN	psvid_103923_sp|P62273|RS29_HUMAN	0.542481250360578	-0.2652982178685471	1.3502607185897033	0.30936751612850416	1.753517166732023	0.1429094773568915	0.5941131232648971	0.5287002345329385	1.417481250360578
sp|Q9BRJ6|CHOLN_HUMAN	psvid_86802_sp|Q9BRJ6|CHOLN_HUMAN	0.542481250360578	-0.2652982178685471	1.3502607185897033	0.30936751612850416	1.753517166732023	0.1429094773568915	0.5941131232648971	0.5287002345329385	1.417481250360578
sp|Q96BI1|S67A1_HUMAN	psvid_68804_sp|Q96BI1|S67A1_HUMAN	-0.5424812503605779	-1.350260718589703	0.26529821786854724	0.30936751612850416	-1.7535171667320226	0.14290947735689158	0.5941131232648971	0.5287002345329385	1.47307935569469
sp|P61981|1433G_HUMAN	psvid_54161_sp|P61981|1433G_HUMAN	-0.2463383060088994	-0.6135061305534835	0.12082951853568463	0.14061981314118377	-1.7518036790560456	0.14321876118721566	0.5941131232648971	0.1971050585014756	3.682340886461755
sp|P22090|RS4Y1_HUMAN	psvid_60027_sp|P22090|RS4Y1_HUMAN	-0.2311524977625593	-0.5759922715310264	0.11368727600590778	0.13206850194762038	-1.7502469881443539	0.14350033587678163	0.5941131232648971	0.1773686517973641	4.062985130535251
sp|Q5XKP0|MIC13_HUMAN	psvid_151646_sp|Q5XKP0|MIC13_HUMAN	-0.5572046726239699	-1.3886177855254693	0.27420844027752955	0.31841885035637807	-1.7499110746751958	0.1435611701120365	0.5941131232648971	0.5454667518276449	1.674842961492274
sp|P21964|COMT_HUMAN	psvid_49726_sp|P21964|COMT_HUMAN	-0.1869241735113525	-0.4658970922550158	0.09204874523231082	0.10684247660818959	-1.7495305186235692	0.14363012097260633	0.5941131232648971	0.11116565352633191	5.1386682299323025
sp|P62888|RL30_HUMAN	psvid_97380_sp|P62888|RL30_HUMAN	-0.20464483992996474	-0.5100953560298066	0.10080567616987712	0.11698300239437874	-1.7493553400181694	0.14366187198468208	0.5941131232648971	0.13982715264844275	4.865846300102669
sp|Q9H2M3|BHMT2_HUMAN	psvid_50162_sp|Q9H2M3|BHMT2_HUMAN	-0.20994409993749596	-0.5241858104379988	0.10429761056300685	0.12034989903201879	-1.7444476615775213	0.14455430333089458	0.59467124087874	0.14860786847532734	4.165169883009237
sp|Q9Y679|AUP1_HUMAN	psvid_89405_sp|Q9Y679|AUP1_HUMAN	0.4365051881124973	-0.21692926164737303	1.0899396378723676	0.25025567079363675	1.7442369506681177	0.1445927462294276	0.59467124087874	0.41794243428836	4.394795648338858
sp|P02794|FRIH_HUMAN	psvid_71907_sp|P02794|FRIH_HUMAN	0.18438858228577804	-0.09185232745970351	0.4606294920312596	0.10579615781568412	1.7428665283574476	0.14484302588356263	0.59467124087874	0.1079473407724232	5.214040472239343
sp|Q9UHB9|SRP68_HUMAN	psvid_34373_sp|Q9UHB9|SRP68_HUMAN	-0.5849625007211561	-1.4614630275983658	0.2915380261560536	0.33568665898353	-1.7425848929845509	0.14489451554405847	0.59467124087874	0.5773502691896257	1.292481250360578
sp|Q96HS1|PGAM5_HUMAN	psvid_100570_sp|Q96HS1|PGAM5_HUMAN	-0.3026417464849146	-0.7575255057297743	0.15224201275994514	0.17421371086998463	-1.737186728722951	0.1458850437450361	0.5972476435344202	0.26902142940673046	3.5566049015611174
sp|Q9Y536|PAL4A_HUMAN	psvid_85421_sp|Q9Y536|PAL4A_HUMAN	-0.3055981053341118	-0.7668533997960278	0.1556571891278043	0.176653914046165	-1.7299254702856444	0.1472283303668685	0.5972476435344202	0.2740186392817956	2.397119033542035
sp|P61204|ARF3_HUMAN	psvid_8581_sp|P61204|ARF3_HUMAN	-0.24816051709823683	-0.6230035390363878	0.12668250483991417	0.14355929953175675	-1.7286272495592754	0.1474698167989675	0.5972476435344202	0.20371061021594908	4.2456318918462514
sp|P84077|ARF1_HUMAN	psvid_25700_sp|P84077|ARF1_HUMAN	-0.24816051709823683	-0.6230035390363878	0.12668250483991417	0.14355929953175675	-1.7286272495592754	0.1474698167989675	0.5972476435344202	0.20371061021594908	4.2456318918462514
sp|Q86YB7|ECHD2_HUMAN	psvid_31293_sp|Q86YB7|ECHD2_HUMAN	-0.2732773510978703	-0.6864832270035421	0.1399285248078015	0.1582517017409276	-1.7268525272811925	0.1478005912093192	0.5972476435344202	0.23569598773930633	2.5900839733531944
sp|P59998|ARPC4_HUMAN	psvid_8322_sp|P59998|ARPC4_HUMAN	0.43872187554086706	-0.2252320251952331	1.1026757762769672	0.25428446398231025	1.725319229771692	0.14808697640513757	0.5972476435344202	0.4255801616607517	1.2193609377704335
sp|Q99459|CDC5L_HUMAN	psvid_31149_sp|Q99459|CDC5L_HUMAN	-0.646240625180289	-1.6244085475510706	0.3319272971904925	0.374623758590745	-1.7250390835095697	0.14813936232976826	0.5972476435344202	0.6488400676924058	0.9693609377704335
sp|Q6UX07|DHR13_HUMAN	psvid_33439_sp|Q6UX07|DHR13_HUMAN	-0.646240625180289	-1.6244085475510706	0.33192729719049263	0.37462375859074504	-1.7250390835095695	0.1481393623297684	0.5972476435344202	0.6488400676924058	1.6156015629507225
sp|P32929|CGL_HUMAN	psvid_82667_sp|P32929|CGL_HUMAN	-0.18527042565960972	-0.46586542817775556	0.09532457685853613	0.10746371055631672	-1.7240278108814988	0.14832862203321778	0.5972476435344202	0.11304764951415405	2.7711965922463353
sp|Q9UEU0|VTI1B_HUMAN	psvid_42541_sp|Q9UEU0|VTI1B_HUMAN	0.3860801290559527	-0.19909765452445105	0.9712579126363564	0.22411438334367592	1.722692329228619	0.14857893429976743	0.5972476435344202	0.36792946272785937	2.1697627134301056
sp|P15313|VATB1_HUMAN	psvid_48912_sp|P15313|VATB1_HUMAN	-0.45183873051440127	-1.136995365178223	0.23331790414942044	0.2624047955682725	-1.7219149121718007	0.14872484503171038	0.5972476435344202	0.44092707995344627	2.338722143215283
sp|P40939|ECHA_HUMAN	psvid_56092_sp|P40939|ECHA_HUMAN	0.21057087340859537	-0.10938564290577868	0.5305273897229694	0.12253858461927437	1.7184046483222901	0.14938549014956165	0.5972476435344202	0.15417270579998196	8.349588949864518
sp|P62913|RL11_HUMAN	psvid_30934_sp|P62913|RL11_HUMAN	-0.24525254914163064	-0.6179823223432701	0.12747722406000878	0.14274995671197757	-1.7180569072708691	0.14945109848862811	0.5972476435344202	0.20189990027186303	4.644822040508625
sp|P50148|GNAQ_HUMAN	psvid_51782_sp|P50148|GNAQ_HUMAN	-0.6842413985415514	-1.724863438977548	0.35638064189444507	0.39854275645805826	-1.7168581976562896	0.149677483622855	0.5972476435344202	0.692537425899372	2.068843348172905
sp|Q99943|PLCA_HUMAN	psvid_64624_sp|Q99943|PLCA_HUMAN	-0.5293643953870442	-1.334667380363702	0.2759385895896136	0.30841905989424345	-1.7163802897543448	0.14976783714907008	0.5972476435344202	0.5269409762414119	2.5470029519297634
sp|Q9Y5Y5|PEX16_HUMAN	psvid_52725_sp|Q9Y5Y5|PEX16_HUMAN	-0.8304820237218404	-2.0949488723278122	0.43398482488413137	0.4842719870531642	-1.7149082456232776	0.15004649087568497	0.5972476435344202	0.8482246916773347	1.0614816370412092
sp|Q9BXS5|AP1M1_HUMAN	psvid_57934_sp|Q9BXS5|AP1M1_HUMAN	-0.3055981053341119	-0.7715584169404359	0.16036220627221204	0.17845586559922752	-1.712457611342503	0.15051155722038495	0.5972476435344202	0.2776946980048706	3.4035028065688193
sp|Q6NUK4|REEP3_HUMAN	psvid_74835_sp|Q6NUK4|REEP3_HUMAN	0.353759374819711	-0.1866496527005974	0.8941684023400194	0.2069686159563993	1.7092416315632857	0.15112408698072424	0.5972476435344202	0.3345826616140136	0.8231203125901445
sp|P12955|PEPD_HUMAN	psvid_63005_sp|P12955|PEPD_HUMAN	-0.35375937481971087	-0.8941684023400194	0.18664965270059763	0.20696861595639932	-1.7092416315632848	0.15112408698072452	0.5972476435344202	0.3345826616140136	1.549842961492274
sp|P51151|RAB9A_HUMAN	psvid_74795_sp|P51151|RAB9A_HUMAN	-0.25	-0.6321595118580555	0.13215951185805552	0.1463614062976817	-1.7081005595937613	0.1513420280571547	0.5972476435344202	0.20993540794634308	2.063721875540867
sp|Q99729|ROAA_HUMAN	psvid_56645_sp|Q99729|ROAA_HUMAN	-0.1740809024172152	-0.4404567076357569	0.09229490280132652	0.10201796958005326	-1.7063748978126283	0.15167222974292974	0.5972476435344202	0.09572911906084403	2.2757623267494744
sp|Q00325|S25A3_HUMAN	psvid_69811_sp|Q00325|S25A3_HUMAN	-0.2620443210590442	-0.6633738380097461	0.13928519589165778	0.1537032329879345	-1.7048718882810636	0.1519604226739758	0.5972476435344202	0.22595430136627206	5.4381202707210425
sp|Q14204|DYHC1_HUMAN	psvid_31713_sp|Q14204|DYHC1_HUMAN	-0.17687034988834505	-0.44777127933138844	0.09403057955469835	0.1037510248216974	-1.7047576175012031	0.1519823560995266	0.5972476435344202	0.10146100271034476	5.4885295632211335
sp|P26368|U2AF2_HUMAN	psvid_68906_sp|P26368|U2AF2_HUMAN	-0.3705379237843456	-0.9383350517962843	0.19725920422759313	0.21745785089467848	-1.7039528453898336	0.152136917042455	0.5972476435344202	0.35504346786122665	2.825829567947441
sp|P08134|RHOC_HUMAN	psvid_84346_sp|P08134|RHOC_HUMAN	-0.18739830062348872	-0.4753656794094342	0.10056907816245675	0.11028722096186588	-1.6991841755472794	0.1530560409861499	0.5997693323996145	0.12136081274840328	3.9224865408758194
sp|Q93088|BHMT1_HUMAN	psvid_52250_sp|Q93088|BHMT1_HUMAN	-0.24698614035192046	-0.6279216761767812	0.13394939547294027	0.1458926416904054	-1.692930757097693	0.15426986865866826	0.6022921314438496	0.20889868310388834	5.188192079447326
sp|P02748|CO9_HUMAN	psvid_53218_sp|P02748|CO9_HUMAN	-0.22098236179130204	-0.5620093864577798	0.12004466287517562	0.13060827577736436	-1.6919476233496098	0.15446158554459516	0.6022921314438496	0.17390780041627515	4.686293668131844
sp|P29992|GNA11_HUMAN	psvid_51781_sp|P29992|GNA11_HUMAN	-0.6422552392130333	-1.6336203482472686	0.34910986982120207	0.3796780847014439	-1.6915783794001815	0.15453365255319818	0.6022921314438496	0.6580859340161597	2.448076279656191
sp|P08758|ANXA5_HUMAN	psvid_79079_sp|P08758|ANXA5_HUMAN	0.2303475413259084	-0.12583111232696897	0.5865261949787858	0.13641112421457363	1.68862724834357	0.1551108617984513	0.603456440784998	0.18749659075879027	4.3994615857325305
sp|Q12797|ASPH_HUMAN	psvid_35479_sp|Q12797|ASPH_HUMAN	-0.25774496933720914	-0.6567959526045785	0.14130601393016018	0.15283058849305386	-1.6864750170671732	0.1555331893622527	0.6037253972963479	0.2240703502562294	5.618995304648651
sp|Q9Y224|RTRAF_HUMAN	psvid_96947_sp|Q9Y224|RTRAF_HUMAN	-0.17510992953527316	-0.4471596469287776	0.09693978785823126	0.10419099351212674	-1.6806628253803166	0.15667951934771168	0.6037253972963479	0.10288005555483976	3.016116344184167
sp|P63092|GNAS2_HUMAN	psvid_49941_sp|P63092|GNAS2_HUMAN	-0.2203762771408173	-0.562758340853141	0.1220057865715064	0.1311272355681963	-1.6806293230074587	0.15668615165349556	0.6037253972963479	0.17514118965314027	4.040356085276797
sp|Q5JWF2|GNAS1_HUMAN	psvid_26879_sp|Q5JWF2|GNAS1_HUMAN	-0.2203762771408173	-0.562758340853141	0.1220057865715064	0.1311272355681963	-1.6806293230074587	0.15668615165349556	0.6037253972963479	0.17514118965314027	4.040356085276797
sp|O00148|DX39A_HUMAN	psvid_89112_sp|O00148|DX39A_HUMAN	0.46495558548793503	-0.25830147523992353	1.1882126462157936	0.2769966917954807	1.6785600668156462	0.15709634248650117	0.6037253972963479	0.46836251373396787	1.6711996682848347
sp|Q9Y4P3|TBL2_HUMAN	psvid_31026_sp|Q9Y4P3|TBL2_HUMAN	-0.21069006454720118	-0.5386463712493341	0.11726624215493181	0.1256023852965004	-1.6774368102153516	0.1573194606599678	0.6037253972963479	0.16179878418890298	4.495278924426225
sp|Q9NQC3|RTN4_HUMAN	psvid_38604_sp|Q9NQC3|RTN4_HUMAN	0.29779551282698136	-0.16635247053272934	0.761943496186692	0.17776177084921682	1.6752505974953464	0.15775463672757956	0.6037253972963479	0.27628009572811946	6.638670868875761
sp|P04839|CY24B_HUMAN	psvid_47971_sp|P04839|CY24B_HUMAN	-0.3962406251802889	-1.01396291829893	0.22148166793835222	0.2365784462165999	-1.6748804953157481	0.15782842747330292	0.6037253972963479	0.3918822084148281	2.424842961492274
sp|P07355|ANXA2_HUMAN	psvid_32022_sp|P07355|ANXA2_HUMAN	-0.2701651935703204	-0.6914214630934254	0.1510910759527846	0.16133488270211493	-1.6745615644023326	0.15789204365919182	0.6037253972963479	0.24223055132629304	5.257779650508412
sp|P61011|SRP54_HUMAN	psvid_8086_sp|P61011|SRP54_HUMAN	0.8729632740824186	-0.4885098355091001	2.234436383673937	0.5214239415040536	1.6741910077322986	0.15796598997094105	0.6037253972963479	0.9153735868249246	1.1864816370412092
sp|O43707|ACTN4_HUMAN	psvid_33314_sp|O43707|ACTN4_HUMAN	-0.19031488096945548	-0.48787779890788624	0.10724803696897528	0.11396216967036185	-1.6699829559225274	0.1588081810792935	0.604442868568546	0.13168312052125894	6.285521103642635
sp|O43760|SNG2_HUMAN	psvid_85440_sp|O43760|SNG2_HUMAN	0.3905606060552681	-0.2204099645563603	1.0015311766668966	0.23399263696576245	1.6691149393406532	0.1589824666983047	0.604442868568546	0.3869302268000309	1.945280303027634
sp|P20645|MPRD_HUMAN	psvid_88591_sp|P20645|MPRD_HUMAN	-0.23457889998519144	-0.6017270616210497	0.1325692616506668	0.1406122825397367	-1.6682674923429963	0.15915280823766348	0.604442868568546	0.1970880300278479	4.022487593381639
sp|P61586|RHOA_HUMAN	psvid_55605_sp|P61586|RHOA_HUMAN	-0.14736759729253834	-0.37816968865319966	0.083434494068123	0.08839376652893417	-1.6671718276005367	0.15937331560415444	0.604442868568546	0.03068765865021788	4.478065013576835
sp|Q14699|RFTN1_HUMAN	psvid_60680_sp|Q14699|RFTN1_HUMAN	-0.5600785823334276	-1.4380974015147698	0.3179402368479146	0.3362681423429873	-1.6655713456261871	0.15969597308643338	0.604442868568546	0.5784217770122314	2.110521314888554
sp|P50402|EMD_HUMAN	psvid_46394_sp|P50402|EMD_HUMAN	-0.22511608161227148	-0.5783924069844255	0.12816024375988255	0.13529957567129944	-1.6638343505169209	0.16004689636329936	0.604442868568546	0.18492625987239386	3.2122439637906837
sp|O95793|STAU1_HUMAN	psvid_25761_sp|O95793|STAU1_HUMAN	-0.2746009260152491	-0.705610166528678	0.15640831449817977	0.16507012546183064	-1.6635410268634307	0.1601062328372614	0.604442868568546	0.25007977812949345	4.053995157715212
sp|Q9HCG7|GBA2_HUMAN	psvid_43837_sp|Q9HCG7|GBA2_HUMAN	-0.5516127193668564	-1.418387658361764	0.31516221962805124	0.3319619035467109	-1.6616747689219045	0.16048427755659286	0.604816399069803	0.5704834297942442	2.4933975395792793
sp|P11509|CP2A6_HUMAN	psvid_659594_sp|P11509|CP2A6_HUMAN	0.1610601990259144	-0.0925462412603466	0.4146666393121754	0.09712749282617075	1.658234906919343	0.16118344078406238	0.6052180781926458	0.07795665951314298	9.09382193306203
sp|Q14254|FLOT2_HUMAN	psvid_51775_sp|Q14254|FLOT2_HUMAN	-0.22841728205989498	-0.588222236659462	0.13138767253967204	0.13779994351580105	-1.657600694398711	0.161312680839127	0.6052180781926458	0.1906882519624352	3.9197186804961524
sp|O43674|NDUB5_HUMAN	psvid_27616_sp|O43674|NDUB5_HUMAN	-0.4342413985415515	-1.119133090885208	0.2506502938021048	0.2623033266021368	-1.6554932953641546	0.1617428765654333	0.6052180781926458	0.4407356813765814	1.7596019496313537
sp|Q8NFI4|F10A5_HUMAN	psvid_52224_sp|Q8NFI4|F10A5_HUMAN	-0.4342413985415514	-1.1191330908852077	0.2506502938021049	0.2623033266021368	-1.6554932953641541	0.16174287656543346	0.6052180781926458	0.4407356813765814	2.009601949631354
sp|P16662|UD2B7_HUMAN	psvid_160990_sp|P16662|UD2B7_HUMAN	-0.16595021785106345	-0.4280726487695949	0.09617221306746798	0.10038899051570081	-1.6530718856577094	0.162238597831976	0.6052180781926458	0.09010565210004853	7.278629597077471
sp|Q9H2X3|CLC4M_HUMAN	psvid_82812_sp|Q9H2X3|CLC4M_HUMAN	-0.2192064843272179	-0.5655141052481406	0.1271011365937048	0.13263066556463704	-1.6527586843812412	0.1623028291981555	0.6052180781926458	0.17869323730333792	4.134537788690224
sp|Q13162|PRDX4_HUMAN	psvid_68755_sp|Q13162|PRDX4_HUMAN	-0.17701901543558995	-0.4568783578722013	0.10284032700102141	0.10718196369211608	-1.6515746617974199	0.162545879791472	0.6052180781926458	0.11219667303076503	6.459816483526922
sp|Q96K19|RN170_HUMAN	psvid_84528_sp|Q96K19|RN170_HUMAN	0.4036774610288021	-0.23541122198913544	1.0427661440467397	0.24476145560438442	1.6492689179021658	0.1630202423150642	0.605943164831465	0.4074993296080197	2.34807935569469
sp|P63244|RACK1_HUMAN	psvid_68088_sp|P63244|RACK1_HUMAN	0.176215355447497	-0.1035100938981432	0.4559408047931372	0.10713068463067704	1.6448635239752538	0.16393043767026086	0.606130940638549	0.11204133821106892	6.876237731187618
sp|A6NMY6|AXA2L_HUMAN	psvid_32028_sp|A6NMY6|AXA2L_HUMAN	-0.3289240352939622	-0.8514665504181965	0.19361847983027214	0.20012600757224466	-1.643584655908463	0.16419561809277344	0.606130940638549	0.3211178048057692	4.693304227102037
sp|Q16531|DDB1_HUMAN	psvid_46097_sp|Q16531|DDB1_HUMAN	-0.3514699683049556	-0.9100239108071134	0.20708397419720226	0.2139178483881221	-1.6430137595029735	0.16431413560674263	0.606130940638549	0.3481606220949296	3.6072895239855276
sp|P53582|MAP11_HUMAN	psvid_71806_sp|P53582|MAP11_HUMAN	-0.5804820237218404	-1.5034923843814232	0.3425283369377422	0.35349923323024385	-1.6421026388585018	0.1645034611924365	0.606130940638549	0.6101168887854993	2.0827222622214983
sp|Q8IXI2|MIRO1_HUMAN	psvid_47137_sp|Q8IXI2|MIRO1_HUMAN	-0.5804820237218403	-1.503492384381423	0.3425283369377423	0.35349923323024385	-1.6421026388585016	0.1645034611924365	0.606130940638549	0.6101168887854993	1.7669636607630497
sp|O75955|FLOT1_HUMAN	psvid_63021_sp|O75955|FLOT1_HUMAN	-0.24088101127055128	-0.6241755255222659	0.14241350298116323	0.14679609532499255	-1.640922469615174	0.16474901893682756	0.606130940638549	0.21089516780775797	4.009364891968848
sp|P16104|H2AX_HUMAN	psvid_48125_sp|P16104|H2AX_HUMAN	-0.2970497932278011	-0.7718105827364338	0.17771099628083153	0.18182631767985502	-1.6337007591542507	0.16625966738189832	0.6094123812523098	0.28454016920605646	3.1864376041072555
sp|Q14444|CAPR1_HUMAN	psvid_78123_sp|Q14444|CAPR1_HUMAN	-0.18061650611777258	-0.46931615436537144	0.10808314212982628	0.11056766926910636	-1.6335381519002365	0.16629384117574328	0.6094123812523098	0.12216693622368349	2.067030901961016
sp|P06733|ENOA_HUMAN	psvid_41467_sp|P06733|ENOA_HUMAN	-0.14407037858122518	-0.37448218871556727	0.08634143155311691	0.08824429462685343	-1.632631086127844	0.1664846006928322	0.6094123812523098	0.029292490712320565	5.492380827608272
sp|P01042|KNG1_HUMAN	psvid_72022_sp|P01042|KNG1_HUMAN	-0.24540634844397025	-0.6405240039496058	0.14971130706166536	0.15132418249039264	-1.6217259158796429	0.16879522382640055	0.6105867233426535	0.22080606981047057	3.819678814069843
sp|Q13733|AT1A4_HUMAN	psvid_47339_sp|Q13733|AT1A4_HUMAN	0.2748839183877283	-0.16821980556032978	0.7179876423357864	0.1697021326447209	1.6198023802282453	0.16920610464676308	0.6105867233426535	0.25972048352735116	3.066003338610395
sp|O15143|ARC1B_HUMAN	psvid_47209_sp|O15143|ARC1B_HUMAN	-0.6887218755408671	-1.799574101482431	0.4221303504006968	0.42543987244286147	-1.6188465636430576	0.16941064548666318	0.6105867233426535	0.7415206330909971	1.0943609377704335
sp|P51649|SSDH_HUMAN	psvid_75558_sp|P51649|SSDH_HUMAN	-0.2748839183877285	-0.7185286620072678	0.1687608252318108	0.16990933512822762	-1.617827049822062	0.16962908961852355	0.6105867233426535	0.2601494987886878	2.566003338610395
sp|P43251|BTD_HUMAN	psvid_74748_sp|P43251|BTD_HUMAN	-0.26472342226339196	-0.6920582736834553	0.16261142915667137	0.16366288911600446	-1.6174920514555726	0.16970092880215124	0.6105867233426535	0.24713087763476896	2.174842961492274
sp|RETBP_HUMAN|,sp|P02753|RET4_HUMAN	psvid_55271_sp|RETBP_HUMAN|	-0.3427921170474302	-0.8961887532983183	0.2106045192034579	0.21194267683744242	-1.6173812757415902	0.1697246909389759	0.6105867233426535	0.34431062286137487	8.44248167622508
sp|P15259|PGAM2_HUMAN	psvid_74735_sp|P15259|PGAM2_HUMAN	-0.2823207542362415	-0.738151033970623	0.17350952549814008	0.17457621413272545	-1.6171776644302807	0.1697683756072923	0.6105867233426535	0.2697652174757293	2.0374010022984095
sp|P30533|AMRP_HUMAN	psvid_44289_sp|P30533|AMRP_HUMAN	-0.2175526713598548	-0.5691529204770949	0.13404757775738524	0.1346576634066049	-1.6155981461147493	0.17010764194149214	0.6105867233426535	0.18343522908283622	4.681408184469053
sp|P50053|KHK_HUMAN	psvid_73292_sp|P50053|KHK_HUMAN	-0.29248125036057826	-0.7652657909775293	0.18030329025637276	0.1810694437620126	-1.6152987731325834	0.1701720208653391	0.6105867233426535	0.2830062792455976	2.8876866963458108
sp|O75695|XRP2_HUMAN	psvid_85324_sp|O75695|XRP2_HUMAN	-0.707518749639422	-1.8522240490044335	0.43718654972558957	0.43840509581166986	-1.6138470022331994	0.17048456346202662	0.6105867233426535	0.7650823625262252	1.146240625180289
sp|Q8WWC4|MAIP1_HUMAN	psvid_90971_sp|Q8WWC4|MAIP1_HUMAN	-0.5	-1.3093797503818347	0.30937975038183485	0.3099804003799124	-1.6130052073847228	0.170666050614202	0.6105867233426535	0.5298368073441572	1.396240625180289
sp|Q9BUF5|TBB6_HUMAN	psvid_40978_sp|Q9BUF5|TBB6_HUMAN	-0.18981442814316618	-0.4970894389955335	0.11746058270920112	0.1176817567351095	-1.612946929152498	0.17067862227325747	0.6105867233426535	0.14167337227657045	6.201983965664295
sp|P17693|HLAG_HUMAN	psvid_63935_sp|P17693|HLAG_HUMAN	0.20751874963942196	-0.1286337924450422	0.5436712917238862	0.1287414214834379	1.6119035136342539	0.17090386220106657	0.6105867233426535	0.16943834955898482	1.396240625180289
sp|P62306|RUXF_HUMAN	psvid_9269_sp|P62306|RUXF_HUMAN	-0.20751874963942196	-0.5436712917238862	0.1286337924450422	0.1287414214834379	-1.6119035136342539	0.17090386220106657	0.6105867233426535	0.16943834955898482	1.542481250360578
sp|Q15907|RB11B_HUMAN	psvid_65739_sp|Q15907|RB11B_HUMAN	-0.19124499258395122	-0.5011588051681898	0.11866882000028733	0.1186923785315935	-1.6112659881783873	0.17104162947951598	0.6105867233426535	0.14432078488585995	3.9766660921388635
sp|P20742|PZP_HUMAN	psvid_58932_sp|P20742|PZP_HUMAN	-0.2252049284559825	-0.5906594399593323	0.1402495830473673	0.13996363974143247	-1.6090245214544576	0.17152688386212867	0.6105867233426535	0.1956191805126413	4.982292894484834
sp|Q8TEB9|RHBL4_HUMAN	psvid_59023_sp|Q8TEB9|RHBL4_HUMAN	0.2119992266387376	-0.13209315360526036	0.5560916068827355	0.13178226134937585	1.608708368394846	0.17159543817059345	0.6105867233426535	0.1766925666328903	2.180801617916188
sp|P38646|HSPA9_HUMAN	psvid_31483_sp|P38646|HSPA9_HUMAN	-0.19996204107433435	-0.5253920127599705	0.1254679306113018	0.12463483657843814	-1.6043832251385792	0.17253604636367023	0.6110747752249515	0.15940971956606506	5.588620982287126
sp|P02533|K1C14_HUMAN	psvid_22939_sp|P02533|K1C14_HUMAN	0.33048202372184055	-0.20829620090253975	0.8692602483462208	0.20634404271450385	1.6016068085817874	0.17314255283254276	0.6110747752249515	0.3333577223405996	1.1652410118609202
sp|P08779|K1C16_HUMAN	psvid_420_sp|P08779|K1C16_HUMAN	0.33048202372184055	-0.20829620090253975	0.8692602483462208	0.20634404271450385	1.6016068085817874	0.17314255283254276	0.6110747752249515	0.3333577223405996	1.1652410118609202
sp|Q03135|CAV1_HUMAN	psvid_100481_sp|Q03135|CAV1_HUMAN	0.33048202372184055	-0.20829620090253975	0.8692602483462208	0.20634404271450385	1.6016068085817874	0.17314255283254276	0.6110747752249515	0.3333577223405996	0.6652410118609202
sp|Q96N66|MBOA7_HUMAN	psvid_36995_sp|Q96N66|MBOA7_HUMAN	0.33048202372184055	-0.20829620090253975	0.8692602483462208	0.20634404271450385	1.6016068085817874	0.17314255283254276	0.6110747752249515	0.3333577223405996	1.0614816370412092
sp|O95870|ABHGA_HUMAN	psvid_38020_sp|O95870|ABHGA_HUMAN	-0.37519184332618205	-0.9875061229913914	0.2371224363390273	0.23450725753815338	-1.5999157009677616	0.17351301468291921	0.6113865086469691	0.38791644054590924	3.6104772819546005
sp|Q15008|PSMD6_HUMAN	psvid_50923_sp|Q15008|PSMD6_HUMAN	0.22672264890212956	-0.14389702579918495	0.5973423236034441	0.14194182038578063	1.5972928083205142	0.17408915988741902	0.6114233805102492	0.20008589298388904	1.3633613244510647
sp|O75954|TSN9_HUMAN	psvid_81393_sp|O75954|TSN9_HUMAN	-0.22672264890212945	-0.597342323603444	0.14389702579918506	0.14194182038578063	-1.5972928083205136	0.1740891598874192	0.6114233805102492	0.20008589298388899	2.1558425748116425
sp|P07307|ASGR2_HUMAN	psvid_70966_sp|P07307|ASGR2_HUMAN	-0.16770946412342957	-0.44237280428108694	0.10695387603422779	0.10519197213865153	-1.5943180901901424	0.17474489209350283	0.6114233805102492	0.10605938767676511	5.206606611924803
sp|Q9NYL4|FKB11_HUMAN	psvid_107318_sp|Q9NYL4|FKB11_HUMAN	-0.21133069306415642	-0.557541201346301	0.13487981521798814	0.13259347286907455	-1.5938242546284958	0.17485398839127678	0.6114233805102492	0.1786057330591781	3.309110644336337
sp|P02763|A1AG1_HUMAN	psvid_881771_sp|P02763|A1AG1_HUMAN	-0.2661955128535993	-0.7031416531592593	0.1707506274520606	0.16734386973791737	-1.5907096762522386	0.17554361208295285	0.6114233805102492	0.2548244057128301	6.941411660742778
sp|P19652|A1AG2_HUMAN	psvid_91368_sp|P19652|A1AG2_HUMAN	-0.16259752755542056	-0.42961330333528314	0.10441824822444201	0.10226306878192482	-1.5899926482957254	0.1757027575811598	0.6114233805102492	0.09655443076196563	5.485749919994218
sp|Q5BJF2|SGMR2_HUMAN	psvid_70595_sp|Q5BJF2|SGMR2_HUMAN	-0.6184827970831028	-1.6342374560860438	0.3972718619198381	0.3890189194095257	-1.5898527455216573	0.17573382594432804	0.6114233805102492	0.6751554912555974	2.5960426297771084
sp|P56378|ATP68_HUMAN	psvid_151851_sp|P56378|ATP68_HUMAN	-0.7192858130536166	-1.9007493894614362	0.462177763354203	0.45248296893566387	-1.5896417377775118	0.1757806949967168	0.6114233805102492	0.7906340700939253	2.26332036755561
sp|Q9NTJ5|SAC1_HUMAN	psvid_37322_sp|Q9NTJ5|SAC1_HUMAN	-0.1868575255834537	-0.4942645942632588	0.12054954309635141	0.11773233291792501	-1.5871385621290464	0.17633764933555968	0.6123777020996118	0.14180649324312633	5.592793243269869
sp|P54840|GYS2_HUMAN	psvid_66100_sp|P54840|GYS2_HUMAN	-0.2038640911582552	-0.5405795617817754	0.13285137946526493	0.12895701473720972	-1.5808685675121443	0.1777404240352483	0.6160351131032233	0.16995718663609208	6.471175325859926
sp|Q15166|PON3_HUMAN	psvid_75382_sp|Q15166|PON3_HUMAN	-0.1437202719656916	-0.38124459631990537	0.09380405238852219	0.09096828173493654	-1.5798943238750387	0.17795938200397685	0.6160351131032233	0.049043974992561	5.812808352287822
sp|P04004|VTNC_HUMAN	psvid_44441_sp|P04004|VTNC_HUMAN	-0.2042839857125478	-0.542183057874766	0.1336150864496703	0.12941031651388846	-1.5785757365845234	0.17825615635274752	0.6160782947630046	0.17104575841407388	4.8555053768696235
sp|P07203|GPX1_HUMAN	psvid_59464_sp|P07203|GPX1_HUMAN	-0.396240625180289	-1.052579622509334	0.260098372148756	0.25136806929136357	-1.5763363513008568	0.17876129993307457	0.6163208469778254	0.4200529424354657	1.7406015629507225
sp|Q9GZM5|YIPF3_HUMAN	psvid_77443_sp|Q9GZM5|YIPF3_HUMAN	-0.2637853885481152	-0.7008877770911083	0.17331699999487793	0.16740371048775618	-1.5757439771169726	0.1788951604748741	0.6163208469778254	0.2549489510634913	2.675311978349913
sp|P26038|MOES_HUMAN	psvid_62252_sp|P26038|MOES_HUMAN	-0.18066344928468858	-0.4805713481243375	0.11924444955496033	0.11486026246092144	-1.5728977577963932	0.17953971607222027	0.6175596265531768	0.13413346929873038	6.1475094660708525
sp|P05156|CFAI_HUMAN	psvid_25954_sp|P05156|CFAI_HUMAN	-0.3023712343892647	-0.8053800993915159	0.20063763061298645	0.19264491024699418	-1.5695781113634826	0.18029439180042095	0.6182115146374081	0.30627362429714294	3.9454820977147715
sp|P51857|AK1D1_HUMAN	psvid_90373_sp|P51857|AK1D1_HUMAN	-0.22429729860405634	-0.5974321235634473	0.14883752635533465	0.14290508550780323	-1.5695543500571136	0.18029980491501704	0.6182115146374081	0.20224742426005746	3.229431904259426
sp|O95573|ACSL3_HUMAN	psvid_78642_sp|O95573|ACSL3_HUMAN	-0.16216224030938808	-0.4321568910061351	0.10783241038735891	0.10340393354779262	-1.5682405373335024	0.1805993580231218	0.6182603615104343	0.10033166500979773	5.636043705966947
sp|Q9NR31|SAR1A_HUMAN	psvid_67761_sp|Q9NR31|SAR1A_HUMAN	-0.17613602911845683	-0.4704742044509539	0.11820214621404024	0.11272714123823477	-1.5624988550558137	0.1819142692141862	0.6196410457312058	0.12826958970099064	4.191119502495417
sp|P16219|ACADS_HUMAN	psvid_53529_sp|P16219|ACADS_HUMAN	-0.42510992953527305	-1.1360251235516234	0.28580526448107735	0.2722699404987452	-1.5613546201852284	0.182177441691198	0.6196410457312058	0.45949390753460895	3.1411163441841667
sp|Q9UH99|SUN2_HUMAN	psvid_70349_sp|Q9UH99|SUN2_HUMAN	-0.410964047443681	-1.098488369204929	0.27656027431756713	0.2633115844940992	-1.5607518682980341	0.18231622516423	0.6196410457312058	0.44263713377234265	2.3035613794165304
sp|Q9NVH1|DJC11_HUMAN	psvid_42928_sp|Q9NVH1|DJC11_HUMAN	-0.41096404744368087	-1.098488369204929	0.27656027431756725	0.2633115844940992	-1.5607518682980337	0.1823162251642301	0.6196410457312058	0.44263713377234265	2.4979632740824185
sp|Q16134|ETFD_HUMAN	psvid_78198_sp|Q16134|ETFD_HUMAN	0.18060182862704277	-0.1216619701304309	0.48286562738451644	0.1157625370723604	1.5601059996996514	0.18246505225938459	0.6196410457312058	0.1365698078844727	6.7243298072457955
sp|P56556|NDUA6_HUMAN	psvid_44364_sp|P56556|NDUA6_HUMAN	-0.20183873051440127	-0.540152127905156	0.13647466687635346	0.12956899691103047	-1.557770263923517	0.1830042774656072	0.6196410457312058	0.17142608235607676	2.67572136985402
sp|P61803|DAD1_HUMAN	psvid_89287_sp|P61803|DAD1_HUMAN	0.20183873051440115	-0.13647466687635373	0.540152127905156	0.12956899691103052	1.5577702639235154	0.1830042774656076	0.6196410457312058	0.17142608235607687	2.2618834127008816
sp|O95445|APOM_HUMAN	psvid_92082_sp|O95445|APOM_HUMAN	0.7119992266387376	-0.4855756135753919	1.9095740668528671	0.45865334322900425	1.5523689888012842	0.18425724609115163	0.6229102219649385	0.8018237357526546	1.4364816370412092
sp|Q9Y4F1|FARP1_HUMAN	psvid_46789_sp|Q9Y4F1|FARP1_HUMAN	-0.24050803745024485	-0.6461233675254475	0.16510729262495782	0.1553446356393592	-1.5482223538674162	0.18522491041497133	0.6240800381986428	0.22948451526933497	3.625672529439715
sp|Q8WXH0|SYNE2_HUMAN	psvid_29254_sp|Q8WXH0|SYNE2_HUMAN	-0.4480267870896666	-1.2039325573604542	0.30787898318112095	0.2895006617196481	-1.5475846736527838	0.1853741644079766	0.6240800381986428	0.49174633660423706	3.979431904259426
sp|P05388|RLA0_HUMAN	psvid_64822_sp|P05388|RLA0_HUMAN	0.18628221307596138	-0.12809178992015002	0.5006562160720728	0.12040056508925169	1.5471871991453887	0.18546725639129022	0.6240800381986428	0.14873788922796433	6.277525437332841
sp|P08754|GNAI3_HUMAN	psvid_85217_sp|P08754|GNAI3_HUMAN	-0.1749225178603766	-0.4703910719945895	0.12054603627383631	0.11316005949863299	-1.5457973302187042	0.18579313831001537	0.6242073344462067	0.12947213922491976	4.58698765186018
sp|Q8NBU5|ATAD1_HUMAN	psvid_53995_sp|Q8NBU5|ATAD1_HUMAN	-0.7675973319728495	-2.0661846120855656	0.5309899481398666	0.4973396045894397	-1.5434068087268278	0.18635496353653558	0.6243501208530572	0.8718608144331097	2.2567619400688432
sp|P01024|CO3_HUMAN	psvid_39326_sp|P01024|CO3_HUMAN	-0.15548035826078554	-0.4185563708516799	0.10759565433010881	0.10075419810639548	-1.5431650609396916	0.18641187272354778	0.6243501208530572	0.09138849267372792	8.41512382167399
sp|Q99798|ACON_HUMAN	psvid_55477_sp|Q99798|ACON_HUMAN	-0.47511608161227137	-1.2823928927629171	0.3321607295383745	0.30917500594726066	-1.5367221556496617	0.18793490227231843	0.6255833820291156	0.5283431914579958	1.4642806897082652
sp|O00763|ACACB_HUMAN	psvid_35795_sp|O00763|ACACB_HUMAN	-0.2601604961243369	-0.7022271701288898	0.18190617788021607	0.16930495794823258	-1.5366383789179092	0.18795478659721007	0.6255833820291156	0.2588976104194291	4.348609461673297
sp|P09525|ANXA4_HUMAN	psvid_68747_sp|P09525|ANXA4_HUMAN	-0.28728681032739267	-0.7756980719031705	0.20112445124838518	0.18705424535503132	-1.5358475814441885	0.18814258362362116	0.6255833820291156	0.2950854452685681	4.971438570177035
sp|Q9BVC6|TM109_HUMAN	psvid_98278_sp|Q9BVC6|TM109_HUMAN	-0.2675973319728493	-0.7226152745442171	0.1874206105985185	0.17426510108731544	-1.535576144065528	0.18820708658762011	0.6255833820291156	0.26912690330865213	2.375244737151946
sp|Q9Y5J7|TIM9_HUMAN	psvid_18911_sp|Q9Y5J7|TIM9_HUMAN	-0.2777578280971861	-0.7502134942832746	0.1946978380889024	0.18094348974882485	-1.5350528968063633	0.1883314897360386	0.6255833820291156	0.28275083492421316	2.1960835866725628
sp|P57088|TMM33_HUMAN	psvid_35498_sp|P57088|TMM33_HUMAN	-0.37654634683426	-1.017530497799883	0.264437804131363	0.24548739162274125	-1.5338724500072363	0.18861244062148105	0.6255833820291156	0.40888102579937674	3.790206292208492
sp|P35606|COPB2_HUMAN	psvid_44614_sp|P35606|COPB2_HUMAN	-0.1688725041510819	-0.45680926708828035	0.11906425878611654	0.11027549554737646	-1.5313692612565142	0.18920957354644546	0.6255833820291156	0.12132703719670096	4.872011909057943
sp|P14314|GLU2B_HUMAN	psvid_46066_sp|P14314|GLU2B_HUMAN	-0.14814392120775755	-0.4008181834189574	0.10453034100344233	0.09677048249474535	-1.5308792246210179	0.18932668858900703	0.6255833820291156	0.07653650707560691	6.544153510254198
sp|Q5T2N8|ATD3C_HUMAN	psvid_41659_sp|Q5T2N8|ATD3C_HUMAN	-0.4276233457012536	-1.1570804807229234	0.30183378932041605	0.2793712279894911	-1.5306635145596996	0.18937826424139353	0.6255833820291156	0.4728115006281136	2.5553922264120805
sp|P16070|CD44_HUMAN	psvid_58845_sp|P16070|CD44_HUMAN	-0.47672264890212945	-1.2910313786870402	0.3375860808827813	0.3118681261453631	-1.5286033067705258	0.18987155015593998	0.6262582179420425	0.5333363371371163	1.5308425748116428
sp|Q16181|SEPT7_HUMAN	psvid_43701_sp|Q16181|SEPT7_HUMAN	-0.31575860145844836	-0.8557361758340386	0.22421897291714188	0.2068033758222326	-1.5268541927955435	0.19029133995394942	0.6266889569608031	0.334258662583424	1.6902000549654659
sp|P62495|ERF1_HUMAN	psvid_74785_sp|P62495|ERF1_HUMAN	-0.39735210143808697	-1.0788043278210226	0.2841001249448486	0.260986062320328	-1.5225031478898923	0.19133955399007427	0.6291848459734308	0.438250127618044	3.0336385514402
sp|Q9Y5M8|SRPRB_HUMAN	psvid_78879_sp|Q9Y5M8|SRPRB_HUMAN	0.13305008304323707	-0.09568029472633255	0.3617804608128067	0.08760033105178495	1.5188308245614333	0.1922286640244938	0.6311507802137546	0.022341533628132983	5.670622375845594
sp|P54868|HMCS2_HUMAN	psvid_40373_sp|P54868|HMCS2_HUMAN	-0.1407840345669944	-0.3831988500353878	0.10163078090139896	0.09284126705846683	-1.5163950151427337	0.19282063379559033	0.6312314070386581	0.0591310578349387	5.035686466967752
sp|Q08211|DHX9_HUMAN	psvid_39620_sp|Q08211|DHX9_HUMAN	-0.23748982937510132	-0.6464570858868607	0.17147742713665803	0.15662837358604947	-1.516263138904572	0.19285273434485625	0.6312314070386581	0.23223371667322149	4.303215183901996
sp|P31512|FMO4_HUMAN	psvid_66625_sp|P31512|FMO4_HUMAN	-0.2518448825913996	-0.6860438117406336	0.18235404655783438	0.16629172874502085	-1.5144763031332693	0.193288192033103	0.6312314070386581	0.2526319146147135	3.7720750006080817
sp|Q16822|PCKGM_HUMAN	psvid_163227_sp|Q16822|PCKGM_HUMAN	-0.19230355659235165	-0.523965732057365	0.1393586188726617	0.12702167788731594	-1.5139428150441288	0.19341839145070094	0.6312314070386581	0.165273292565661	5.795959731222894
sp|P01116|RASK_HUMAN	psvid_86524_sp|P01116|RASK_HUMAN	-0.2119992266387375	-0.5784296680656766	0.1544312147882017	0.1403374063797926	-1.5106394802894374	0.19422649504714146	0.6323429788035607	0.19646608592858733	2.2289628874017873
sp|Q04760|LGUL_HUMAN	psvid_67812_sp|Q04760|LGUL_HUMAN	-0.18424139854155142	-0.5027936251575356	0.13431082807443268	0.12200076256139493	-1.5101659585843563	0.19434260446846857	0.6323429788035607	0.1528148402148035	1.5688433481729052
sp|Q8TD47|RS4Y2_HUMAN	psvid_55864_sp|Q8TD47|RS4Y2_HUMAN	-0.16875946125575125	-0.4614058876137569	0.12388696510225439	0.11207922655516077	-1.5057157908981003	0.1954371271724798	0.6349509064209351	0.12645724033694447	3.9543247966351505
sp|Q2VIR3|IF2GL_HUMAN	psvid_50687_sp|Q2VIR3|IF2GL_HUMAN	-0.20500328623213848	-0.5610416674671934	0.15103509500291645	0.13635740196587845	-1.5034261673850144	0.19600260858323318	0.6354104063997466	0.1873726943374953	4.451519032526036
sp|A6NCS6|CB072_HUMAN	psvid_59012_sp|A6NCS6|CB072_HUMAN	-0.1766866761875856	-0.4836803554522126	0.1303070030770414	0.1175740109233739	-1.5027698281275528	0.19616500317555627	0.6354104063997466	0.1413895490894983	3.9350110530031976
sp|Q9ULC5|ACSL5_HUMAN	psvid_49819_sp|Q9ULC5|ACSL5_HUMAN	-0.17640223052287252	-0.48337848366918257	0.13057402262343754	0.11756733697936875	-1.5004357082088913	0.19674358811822537	0.6363333663465588	0.14137195845708064	7.107857663874754
sp|O75369|FLNB_HUMAN	psvid_39383_sp|O75369|FLNB_HUMAN	0.26640469688636004	-0.19762517365609356	0.7304345674288136	0.17771653539779111	1.499042822830493	0.19708965236963913	0.6365026478167034	0.2761878438682914	3.3932747786996087
sp|Q96DZ1|ERLEC_HUMAN	psvid_37797_sp|Q96DZ1|ERLEC_HUMAN	-0.22206872936029298	-0.6094979791389753	0.16536052041838933	0.14837963750468	-1.4966253664913338	0.19769168413265867	0.6374968445170704	0.21437879500012588	3.0786255445759974
sp|P16615|AT2A2_HUMAN	psvid_52318_sp|P16615|AT2A2_HUMAN	-0.16091594352327854	-0.44213171811623664	0.12029983106967956	0.10770145702353955	-1.4940925403461187	0.19832437233241562	0.6385867976884765	0.11376249756632209	6.949411135950082
sp|Q03591|FHR1_HUMAN	psvid_25507_sp|Q03591|FHR1_HUMAN	-0.1827443810816517	-0.5024840663934641	0.1369953042301607	0.12245554157185798	-1.4923324721439062	0.19876519198341827	0.6389753067675069	0.15396343603351384	3.73407329997195
sp|P50914|RL14_HUMAN	psvid_86383_sp|P50914|RL14_HUMAN	-0.14530259146501212	-0.399715220634855	0.10911003770483074	0.09743625117204811	-1.4912580247822136	0.19903476329860045	0.6389753067675069	0.07916844354363164	4.437421134523923
sp|Q9UBV2|SE1L1_HUMAN	psvid_78488_sp|Q9UBV2|SE1L1_HUMAN	-0.2361699984565626	-0.6504709827312681	0.1781309858181429	0.158671111950452	-1.488424676385397	0.19974734070404254	0.6400600809824956	0.23658801770396018	5.17949174377389
sp|P56385|ATP5I_HUMAN	psvid_85731_sp|P56385|ATP5I_HUMAN	-0.20406729975816462	-0.5622584249568318	0.15412382544050252	0.13718187086992645	-1.4875675514854132	0.19996339401252863	0.6400600809824956	0.18927050993840233	3.2193169048364796
sp|P05091|ALDH2_HUMAN	psvid_42594_sp|P05091|ALDH2_HUMAN	-0.15633551677262014	-0.4311146052197522	0.11844357167451192	0.10523630201112205	-1.4855664232300523	0.20046869983270948	0.6407310804387631	0.10619867979709008	5.700701202003208
sp|P36021|MOT8_HUMAN	psvid_98866_sp|P36021|MOT8_HUMAN	-0.37296327408241847	-1.030121549506853	0.28419500134201603	0.2516818406105886	-1.4818839260615586	0.20140181968457277	0.6427654539859635	0.42064801914789407	1.6864816370412092
sp|P24539|AT5F1_HUMAN	psvid_51447_sp|P24539|AT5F1_HUMAN	-0.195163672058279	-0.5395014189382319	0.14917407482167394	0.13187623311975596	-1.4799002628551887	0.20190621662340216	0.6434276050336949	0.17691464601567292	5.2410407774429775
sp|Q14624|ITIH4_HUMAN	psvid_78925_sp|Q14624|ITIH4_HUMAN	-0.1663871485689219	-0.46089010427750876	0.12811580713966497	0.11279024967025444	-1.475190888001042	0.2031086197522539	0.6454738565483373	0.12844530377290228	5.638083792735051
sp|P54136|SYRC_HUMAN	psvid_72059_sp|P54136|SYRC_HUMAN	-0.30293629428423463	-0.8393015590547186	0.23342897048624933	0.20541991499663276	-1.4747172604428367	0.20322993131863756	0.6454738565483373	0.33154382308076563	2.7158151078152803
sp|O95167|NDUA3_HUMAN	psvid_81317_sp|O95167|NDUA3_HUMAN	-0.4619992266387375	-1.2808813076771464	0.3568828543996715	0.31361965162146815	-1.4731195071805008	0.20363968779541966	0.6454738565483373	0.5365817871311933	1.3114816370412092
sp|Q9NYL5|CP39A_HUMAN	psvid_96064_sp|Q9NYL5|CP39A_HUMAN	-0.3055981053341119	-0.8474064896736172	0.23621027900539338	0.20750454879495175	-1.472729668379909	0.20373978674622184	0.6454738565483373	0.3356331283640646	1.799039677847345
sp|P42765|THIM_HUMAN	psvid_44529_sp|P42765|THIM_HUMAN	-0.20122254487468072	-0.5588902927596724	0.156445203010311	0.13698142514693137	-1.4689768679136017	0.20470584013364024	0.6474285928783502	0.18880981630826577	5.810676672358804
sp|P07237|PDIA1_HUMAN	psvid_33235_sp|P07237|PDIA1_HUMAN	-0.14152937578618907	-0.3932590315066462	0.11020027993426806	0.09640871226505555	-1.4680143781724178	0.2049543215110975	0.6474285928783502	0.07507550869336475	9.808823140361676
sp|Q13509|TBB3_HUMAN	psvid_40981_sp|Q13509|TBB3_HUMAN	0.1591433874327579	-0.12449418732060535	0.4427809621861212	0.10862897044725489	1.4650179116815845	0.20572977943112178	0.6489322154690552	0.11652408851521492	6.558252782568107
sp|Q15738|NSDHL_HUMAN	psvid_89344_sp|Q15738|NSDHL_HUMAN	-0.23045741774203377	-0.6427951541182737	0.18188031863420617	0.15791921721954938	-1.4593373865426216	0.20720765958832646	0.6526438929184643	0.2349881169339376	5.265979523899178
sp|LYSC_HUMAN|,sp|P61626|LYSC_HUMAN	psvid_34346_sp|LYSC_HUMAN|	-0.20183873051440082	-0.5638089103673392	0.16013144933853757	0.13862919256809833	-1.4559612356917704	0.20809088488662014	0.6544745247450012	0.1925838739811148	2.8043646630614596
sp|P26583|HMGB2_HUMAN	psvid_79104_sp|P26583|HMGB2_HUMAN	0.542481250360578	-0.43224609605328124	1.5172085967744373	0.3733060691969084	1.4531809020078763	0.20882097405024108	0.6548698274484411	0.6464284732962589	0.771240625180289
sp|Q8TBY0|RBM46_HUMAN	psvid_56990_sp|Q8TBY0|RBM46_HUMAN	0.542481250360578	-0.43224609605328146	1.5172085967744375	0.37330606919690845	1.453180902007876	0.20882097405024128	0.6548698274484411	0.646428473296259	1.271240625180289
sp|P36537|UDB10_HUMAN	psvid_65573_sp|P36537|UDB10_HUMAN	-0.18564712187748533	-0.5203005930026927	0.149006349247722	0.1281672996130438	-1.4484749420326535	0.21006236073496862	0.6578108897582038	0.16805315661377226	6.5448127203290944
sp|P06454|PTMA_HUMAN	psvid_82774_sp|P06454|PTMA_HUMAN	-0.7018387305144009	-1.96972171245023	0.5660442514214281	0.48558031528455464	-1.4453607537676167	0.2108877697371802	0.6583952150641437	0.8505920606910083	2.0776420141593297
sp|P12235|ADT1_HUMAN	psvid_82712_sp|P12235|ADT1_HUMAN	0.22829892661072138	-0.18432563929143037	0.6409234925128731	0.15802906865979233	1.4446641275992533	0.21107283708349336	0.6583952150641437	0.23522206524239245	5.391433684332538
sp|Q86TX2|ACOT1_HUMAN	psvid_28161_sp|Q86TX2|ACOT1_HUMAN	-0.3786432932074393	-1.063783187947196	0.3064966015323175	0.26239838442645497	-1.443009239691281	0.21151310705874804	0.6583952150641437	0.4409149870326249	2.506018281777445
sp|P35754|GLRX1_HUMAN	psvid_65892_sp|P35754|GLRX1_HUMAN	-0.6037593748197109	-1.6966414816822013	0.4891227320427797	0.4185575842408426	-1.442476250704613	0.2116550931311793	0.6583952150641437	0.729000966452469	1.528602336311985
sp|P46779|RL28_HUMAN	psvid_43422_sp|P46779|RL28_HUMAN	-0.2268107147700369	-0.6375126820476378	0.18389125250756405	0.15729274199591547	-1.4419655471193111	0.21179122870983902	0.6583952150641437	0.23365257733811026	3.6133172915171112
sp|Q9UNX3|RL26L_HUMAN	psvid_34240_sp|Q9UNX3|RL26L_HUMAN	-0.2691991873139692	-0.7570128092344133	0.21861443460647495	0.18682535826024566	-1.440913534548012	0.21207192437229916	0.6583952150641437	0.2946255022086542	3.9927513796081042
sp|Q9UHQ4|BAP29_HUMAN	psvid_84150_sp|Q9UHQ4|BAP29_HUMAN	-0.26016049612433645	-0.7322783215830426	0.21195732933436973	0.18081410177749346	-1.438828573473131	0.21262928926280156	0.6587797905400207	0.2824883710956911	3.2048822526589875
sp|Q96GC9|VMP1_HUMAN	psvid_82727_sp|Q96GC9|VMP1_HUMAN	-0.3128846917489908	-0.8820986663736818	0.2563292828757002	0.21800048206390493	-1.4352477058159505	0.21358984497191041	0.6587797905400207	0.356096608490978	2.1507623267494744
sp|Q86UP2|KTN1_HUMAN	psvid_53602_sp|Q86UP2|KTN1_HUMAN	-0.6842413985415514	-1.9344544963267667	0.5659716992436639	0.47881301259247483	-1.4290367649717988	0.21526582470440672	0.6587797905400207	0.8383445840255751	0.9883613244510647
sp|Q9H553|ALG2_HUMAN	psvid_63784_sp|Q9H553|ALG2_HUMAN	-0.2293703625977388	-0.6493248347709979	0.1905841095755203	0.16083631368858528	-1.4261105426841019	0.2160598223474999	0.6587797905400207	0.2411774058218244	4.796053374571214
sp|Q9Y3A5|SBDS_HUMAN	psvid_58342_sp|Q9Y3A5|SBDS_HUMAN	-0.5804820237218409	-1.6437590653649286	0.4827950179212468	0.4072192848014824	-1.4254777349378807	0.21623189742114188	0.6587797905400207	0.7083549391060262	2.2845609927358996
sp|P31213|S5A2_HUMAN	psvid_1265230_sp|P31213|S5A2_HUMAN	-0.5693834938822271	-1.6128824486247406	0.47411546086028644	0.39964457182738533	-1.4247247029496888	0.21643683582038914	0.6587797905400207	0.6945469857431241	1.545790276780727
sp|O95399|UTS2_HUMAN	psvid_89590_sp|O95399|UTS2_HUMAN	0.16951797627815945	-0.1412777393268259	0.4803136918831448	0.119030134265337	1.4241601702328341	0.21659059631729902	0.6587797905400207	0.14519977464066697	2.0382042859433387
sp|Q9BWH2|FUND2_HUMAN	psvid_48363_sp|Q9BWH2|FUND2_HUMAN	0.16951797627815945	-0.1412777393268259	0.4803136918831448	0.11903013426533701	1.4241601702328341	0.21659059631729902	0.6587797905400207	0.145199774640667	1.4577222622214983
sp|PRDX1_HUMAN|,sp|Q06830|PRDX1_HUMAN	psvid_37411_sp|PRDX1_HUMAN|	-0.1673650807963043	-0.47422706474587795	0.13949690315326935	0.11752357357740725	-1.42409795500363	0.21660754815564093	0.6587797905400207	0.14125658096927007	5.034538748274523
sp|Q14258|TRI25_HUMAN	psvid_69696_sp|Q14258|TRI25_HUMAN	-0.5602520248759486	-1.5878575253769436	0.46735347562504637	0.39355761535623385	-1.4235578299477933	0.2167547700678461	0.6587797905400207	0.6834417286201788	3.025874406111552
sp|P07357|CO8A_HUMAN	psvid_46901_sp|P07357|CO8A_HUMAN	-0.13777476221371776	-0.3909735762082397	0.11542405178080417	0.09697137802213834	-1.420777604936831	0.21751409751465253	0.6587797905400207	0.07733821583754141	4.624397420573064
sp|Q9NR28|DBLOH_HUMAN	psvid_52770_sp|Q9NR28|DBLOH_HUMAN	-0.3157586014584485	-0.8961117115887651	0.2645945086718682	0.22226660520609	-1.4206299734756411	0.21755448952812834	0.6587797905400207	0.36435950393453437	2.0308425748116425
sp|Q9UL12|SARDH_HUMAN	psvid_29541_sp|Q9UL12|SARDH_HUMAN	-0.37258140664577044	-1.0578763819443608	0.31271356865281996	0.2624577779728041	-1.4195860740860853	0.2178403061871123	0.6587797905400207	0.441027015839725	3.5110927079197047
sp|P04843|RPN1_HUMAN	psvid_70578_sp|P04843|RPN1_HUMAN	-0.14365059880718944	-0.40790643978682506	0.12060524217244617	0.10120605482278734	-1.4193873979054203	0.21789474395215203	0.6587797905400207	0.09295749339107715	6.89939042895057
sp|P08246|ELNE_HUMAN	psvid_49839_sp|P08246|ELNE_HUMAN	-0.47672264890212956	-1.3554070820585573	0.4019617842542982	0.3365230625907426	-1.4166121193360484	0.2186565427726155	0.6587797905400207	0.5788914806126035	1.4883613244510647
sp|Q8NHP1|ARK74_HUMAN	psvid_418942_sp|Q8NHP1|ARK74_HUMAN	-0.6213567067925605	-1.7671181176222612	0.5244047040371402	0.43880957078712574	-1.4160053657854048	0.2188234332160161	0.6587797905400207	0.7658169459003179	2.0374010022984095
sp|Q9Y4L1|HYOU1_HUMAN	psvid_53465_sp|Q9Y4L1|HYOU1_HUMAN	0.13101270698920153	-0.11059733903341532	0.37262275301181835	0.09253305233614689	1.4158476747667281	0.2188668268680414	0.6587797905400207	0.05757944563198301	8.078581012667014
sp|P49638|TTPA_HUMAN	psvid_48776_sp|P49638|TTPA_HUMAN	0.4767226489021297	-0.4027212245030244	1.3561665223072836	0.33681391690511575	1.415388809591344	0.21899314500904588	0.6587797905400207	0.5794273636803687	1.7150839733531942
sp|P00450|CERU_HUMAN	psvid_1633336_sp|P00450|CERU_HUMAN	-0.14377111927341635	-0.4090407954797263	0.12149855693289363	0.10159433862817722	-1.4151489267487725	0.21905920867740897	0.6587797905400207	0.09429037436747106	6.508027509714248
sp|Q9BYV7|BCDO2_HUMAN	psvid_28662_sp|Q9BYV7|BCDO2_HUMAN	-0.6528586780205867	-1.8580597591322126	0.5523424030910391	0.46157408001008177	-1.4144179803301062	0.219260628915317	0.6587797905400207	0.8071183868826659	2.595633238273001
sp|P62070|RRAS2_HUMAN	psvid_90147_sp|P62070|RRAS2_HUMAN	-0.4358479658314097	-1.241840098381071	0.37014416671825145	0.30868299315980846	-1.4119597628942473	0.21993932021197043	0.6587797905400207	0.5274305832428478	2.4197627134301056
sp|Q9NW15|ANO10_HUMAN	psvid_43656_sp|Q9NW15|ANO10_HUMAN	-0.4035272115951679	-1.1497706013691749	0.34271617817883904	0.28580011377092307	-1.4119211020279945	0.21995001017941393	0.6587797905400207	0.4848369116389237	2.557279797340787
sp|Q8NBK3|SUMF1_HUMAN	psvid_69945_sp|Q8NBK3|SUMF1_HUMAN	-0.646240625180289	-1.8414287727259904	0.5489475223654123	0.45773927545229726	-1.4118094291597143	0.2199808912094587	0.6587797905400207	0.8001664770698884	0.8231203125901445
sp|BID_HUMAN|,sp|P55957|BID_HUMAN	psvid_48133_sp|BID_HUMAN|	0.32319543730696165	-0.2749185456882953	0.9213094203022186	0.22906875522179476	1.4109101740830134	0.22022971465935245	0.6587797905400207	0.37747630561574047	2.443918472889722
sp|Q6P2E9|EDC4_HUMAN	psvid_27065_sp|Q6P2E9|EDC4_HUMAN	0.32887545643198246	-0.28045755141707795	0.9382084642810429	0.23336547479553446	1.409272115852313	0.22068365725809858	0.6587797905400207	0.38572787250857565	2.0374010022984095
sp|Q9Y2B0|CNPY2_HUMAN	psvid_64909_sp|Q9Y2B0|CNPY2_HUMAN	-0.15054585234376128	-0.42967521739793746	0.1285835127104149	0.10690239321710877	-1.4082552112562785	0.22096591471546526	0.6587797905400207	0.11134807514050826	5.353434343643343
sp|Q12905|ILF2_HUMAN	psvid_32941_sp|Q12905|ILF2_HUMAN	-0.3555046361163624	-1.0149547623977466	0.3039454901650218	0.2525595853847977	-1.4076069834162834	0.22114602055027346	0.6587797905400207	0.4223121592865461	3.3047009781078556
sp|Q9BS26|ERP44_HUMAN	psvid_54567_sp|Q9BS26|ERP44_HUMAN	-0.13438063469476713	-0.38439123313126156	0.11562996374172729	0.09575033890581675	-1.4034481363762947	0.22230487343646993	0.6587797905400207	0.07235572876855931	6.1070350534988025
sp|P0C0L5|CO4B_HUMAN	psvid_24128_sp|P0C0L5|CO4B_HUMAN	-0.14122204206690014	-0.404010514350559	0.12156643021675873	0.10064407444748237	-1.4031828782984337	0.2223789836048453	0.6587797905400207	0.09100308374048136	7.53123572625165
sp|P23378|GCSP_HUMAN	psvid_67539_sp|P23378|GCSP_HUMAN	-0.15151827043751576	-0.4338901844193018	0.13085364354427031	0.10814424120546999	-1.4010757183975866	0.22296854001820265	0.6587797905400207	0.11508616018981206	4.9283885356167545
sp|P20020|AT2B1_HUMAN	psvid_31615_sp|P20020|AT2B1_HUMAN	-0.2675973319728494	-0.7663847933691013	0.2311901294234024	0.19102817548270637	-1.4008265079047189	0.2230383645964533	0.6587797905400207	0.30304702977415954	1.8605213148885542
sp|Q13445|TMED1_HUMAN	psvid_30425_sp|Q13445|TMED1_HUMAN	-0.25	-0.7161721103651882	0.21617211036518824	0.1785369813721904	-1.400270118148984	0.2231943310023989	0.6587797905400207	0.27785990493264373	2.813721875540867
sp|P62745|RHOB_HUMAN	psvid_13976_sp|P62745|RHOB_HUMAN	-0.2675973319728494	-0.7669653582695501	0.23177069432385133	0.19125052320045294	-1.3991979080359225	0.2234951852775884	0.6587797905400207	0.30349119522992	2.360521314888554
sp|P62906|RL10A_HUMAN	psvid_90968_sp|P62906|RL10A_HUMAN	-0.19446002566129583	-0.557648487569078	0.16872843624648637	0.13909577646639576	-1.3980296929308673	0.22382341861255153	0.6587797905400207	0.1936472517688253	5.821777760186491
sp|P49753|ACOT2_HUMAN	psvid_28165_sp|P49753|ACOT2_HUMAN	-0.36186474424280524	-1.0382298551625249	0.3145003666769144	0.25903777279699536	-1.3969574411311592	0.2241250941112015	0.6587797905400207	0.4345710270346684	2.545790276780727
sp|P01023|A2MG_HUMAN	psvid_44816_sp|P01023|A2MG_HUMAN	-0.15874176290530206	-0.45570060473943313	0.138217078928829	0.11373081751140011	-1.3957673599716292	0.22446037494480336	0.6587797905400207	0.13104763966946778	6.180013573965068
sp|P02787|TRFE_HUMAN	psvid_26242_sp|P02787|TRFE_HUMAN	-0.14931732854854274	-0.42872092690725727	0.1300862698101718	0.10700742049200442	-1.3953922808530808	0.22456614489636112	0.6587797905400207	0.11166736715033751	7.204975803039491
sp|P06899|H2B1J_HUMAN	psvid_12952_sp|P06899|H2B1J_HUMAN	-0.26025463814259087	-0.7473610434379347	0.22685176715275301	0.18655450481660502	-1.3950595210683214	0.22466002086251743	0.6587797905400207	0.2940810289184777	3.7040516189688275
sp|P23527|H2B1O_HUMAN	psvid_69354_sp|P23527|H2B1O_HUMAN	-0.26025463814259087	-0.7473610434379347	0.22685176715275301	0.18655450481660502	-1.3950595210683214	0.22466002086251743	0.6587797905400207	0.2940810289184777	3.7040516189688275
sp|P33778|H2B1B_HUMAN	psvid_12947_sp|P33778|H2B1B_HUMAN	-0.26025463814259087	-0.7473610434379347	0.22685176715275301	0.18655450481660502	-1.3950595210683214	0.22466002086251743	0.6587797905400207	0.2940810289184777	3.7040516189688275
sp|Q16778|H2B2E_HUMAN	psvid_12940_sp|Q16778|H2B2E_HUMAN	-0.26025463814259087	-0.7473610434379347	0.22685176715275301	0.18655450481660502	-1.3950595210683214	0.22466002086251743	0.6587797905400207	0.2940810289184777	3.7040516189688275
sp|Q9NX14|NDUBB_HUMAN	psvid_89575_sp|Q9NX14|NDUBB_HUMAN	0.1944018946658881	-0.1703277776343446	0.5591315669661208	0.13968603711264505	1.3917059906933955	0.22560818785998019	0.6605514855978191	0.19498925898051936	2.5257623267494744
sp|Q9Y241|HIG1A_HUMAN	psvid_27490_sp|Q9Y241|HIG1A_HUMAN	0.319420295449549	-0.2811680497838549	0.9200086406829528	0.23001639913913252	1.3886848791869737	0.22646563244995233	0.6605514855978191	0.3792983628791769	2.893869632475417
sp|O14579|COPE_HUMAN	psvid_68139_sp|O14579|COPE_HUMAN	-0.28910518427314114	-0.8328755216644612	0.25466515311817894	0.20825594761885516	-1.3882205410154924	0.2265976947056615	0.6605514855978191	0.33710495919842265	3.429120542179626
sp|O00571|DDX3X_HUMAN	psvid_62443_sp|O00571|DDX3X_HUMAN	-0.13083022102844555	-0.3770021517305664	0.1153417096736753	0.09428018628504112	-1.3876746131249806	0.22675305566306228	0.6605514855978191	0.06595359857245667	3.7826810171937795
sp|P55157|MTP_HUMAN	psvid_65098_sp|P55157|MTP_HUMAN	-0.12641984352221614	-0.3643143870679939	0.11147470002356163	0.09111007017624013	-1.3875507205479483	0.22678832731184928	0.6605514855978191	0.04987120518220424	7.955636819199385
sp|P63096|GNAI1_HUMAN	psvid_69469_sp|P63096|GNAI1_HUMAN	-0.22205481474598165	-0.6403042500807746	0.19619462058881132	0.1601833099513397	-1.3862543782709773	0.22715770341962468	0.6607392527655392	0.23979601568750508	4.249757045451171
sp|Q16853|AOC3_HUMAN	psvid_39586_sp|Q16853|AOC3_HUMAN	0.14661005444563258	-0.13016529266365584	0.423385401554921	0.1060008393732999	1.3831027689254465	0.2280581035754003	0.6617585071089798	0.10858189996319186	5.021187171981332
sp|O14521|DHSD_HUMAN	psvid_106346_sp|O14521|DHSD_HUMAN	-0.43872187554086706	-1.267082798934473	0.38963904785273884	0.31724990719311524	-1.3828904771713924	0.22811887623922839	0.6617585071089798	0.543303644152305	1.7618421881310116
sp|Q08830|FGL1_HUMAN	psvid_75605_sp|Q08830|FGL1_HUMAN	-0.12168052887136782	-0.3516423091076232	0.10828125136488756	0.08807193987257889	-1.3816038235039823	0.22848753565057456	0.6619418312229881	0.02759949982422646	5.1742865283097235
sp|O14656|TOR1A_HUMAN	psvid_77347_sp|O14656|TOR1A_HUMAN	-0.25764707995835623	-0.7450749652291849	0.22978080531247247	0.18667762686341666	-1.3801711768430858	0.2288986922821766	0.6622476183918247	0.2943285574653292	3.4536255445759974
sp|P28799|GRN_HUMAN	psvid_25448_sp|P28799|GRN_HUMAN	-0.2483934327101418	-0.7200174009444573	0.2232305355241737	0.18062496180941925	-1.3751888455607055	0.23033405646780888	0.6642831903398126	0.28210459924784076	2.9081240378811706
sp|Q2TAA5|ALG11_HUMAN	psvid_23458_sp|Q2TAA5|ALG11_HUMAN	-0.6119255815137981	-1.773987754733144	0.5501365917055479	0.4450525202180403	-1.3749513904875839	0.23040267804383088	0.6642831903398126	0.7771515782428096	3.585535849013646
sp|Q9UBX3|DIC_HUMAN	psvid_92461_sp|Q9UBX3|DIC_HUMAN	-0.15605454237546046	-0.4524949820073719	0.140385897256451	0.1135322771820602	-1.37453899674021	0.2305219008470416	0.6642831903398126	0.1305008559085302	4.406699632645354
sp|Q9H845|ACAD9_HUMAN	psvid_62073_sp|Q9H845|ACAD9_HUMAN	0.3456540053966166	-0.3129092968019106	1.0042173075951437	0.2522199449574941	1.3704467561233853	0.23170814186597333	0.6659779048294231	0.4216683178954179	2.838271527141305
sp|P02749|APOH_HUMAN	psvid_47424_sp|P02749|APOH_HUMAN	-0.16676894688194244	-0.484542719039901	0.1510048252760161	0.12170262608780211	-1.37029867179388	0.23175117626143965	0.6659779048294231	0.1520594941114053	5.005501694124146
sp|P05186|PPBT_HUMAN	psvid_55825_sp|P05186|PPBT_HUMAN	0.7615859634811866	-0.6922747045130593	2.2154466314754324	0.5568070015945604	1.3677736833412453	0.23248612341419622	0.6659779048294231	0.9791979304425223	3.190990814781083
sp|P30049|ATPD_HUMAN	psvid_90404_sp|P30049|ATPD_HUMAN	0.30649969714999736	-0.2786918286820781	0.8916912229820728	0.22411964642157395	1.367571750374194	0.23254499522777788	0.6659779048294231	0.36793962367621785	6.170398993856344
sp|O15371|EIF3D_HUMAN	psvid_40790_sp|O15371|EIF3D_HUMAN	-0.21813753522849688	-0.6347505086450995	0.1984754381881057	0.15955656938812715	-1.3671485672136094	0.23266841644238537	0.6659779048294231	0.23846798810564107	3.410135131648459
sp|Q9NS69|TOM22_HUMAN	psvid_85921_sp|Q9NS69|TOM22_HUMAN	-0.20183873051440093	-0.5876388727304565	0.18396141170165464	0.14775571355021147	-1.3660299535273845	0.23299495857267688	0.6659779048294231	0.2130085746584422	2.6201232645199077
sp|Q6S8J3|POTEE_HUMAN	psvid_32630_sp|Q6S8J3|POTEE_HUMAN	0.22759174600324128	-0.20801974544185742	0.66320323744834	0.16683271908463232	1.3641913124234737	0.23353263192150858	0.6659779048294231	0.25375988975498137	5.99940997208781
sp|O95202|LETM1_HUMAN	psvid_45183_sp|O95202|LETM1_HUMAN	-0.16000096606977965	-0.46631767230811766	0.14631574016855836	0.11731474032803658	-1.3638607188012644	0.23362943183707383	0.6659779048294231	0.14070530587601307	3.533445780839149
sp|Q9NY65|TBA8_HUMAN	psvid_34685_sp|Q9NY65|TBA8_HUMAN	-0.15831648008272237	-0.46183263440568817	0.14519967424024344	0.11624217061820351	-1.361953921203963	0.23418849586968446	0.6659779048294231	0.1378550150404406	6.377706778452344
sp|A6NGU5|GGT3_HUMAN	psvid_38856_sp|A6NGU5|GGT3_HUMAN	0.14969207506154658	-0.13748808506501847	0.43687223518811164	0.10998572792957027	1.361013632217831	0.2344646499122274	0.6659779048294231	0.12049049028288208	3.6461965922463353
sp|P57772|SELB_HUMAN	psvid_68267_sp|P57772|SELB_HUMAN	-0.20824812048499564	-0.607941847131695	0.1914456061617037	0.1530767496429619	-1.3604163987719633	0.23464021168314414	0.6659779048294231	0.22460229924868444	3.8604197674013747
sp|Q9Y673|ALG5_HUMAN	psvid_37557_sp|Q9Y673|ALG5_HUMAN	-0.24242651942160043	-0.7079028154024203	0.22304977655921943	0.17827049481707846	-1.3598802183746213	0.23479793229795995	0.6659779048294231	0.2773170697567973	4.787595817869073
sp|Q13190|STX5_HUMAN	psvid_44863_sp|Q13190|STX5_HUMAN	-0.2675973319728495	-0.7820018421484292	0.24680717820273013	0.19700927277490435	-1.3582981562426075	0.23526388959613181	0.6664272532742714	0.31495007937576336	3.2374699749382287
sp|Q15043|S39AE_HUMAN	psvid_53000_sp|Q15043|S39AE_HUMAN	-0.16141260685506498	-0.4726149345069747	0.14978972079684477	0.1191858606286979	-1.3542932526024787	0.23644734392385577	0.6689052144686625	0.14560409262792381	4.056017311544377
sp|O95299|NDUAA_HUMAN	psvid_68995_sp|O95299|NDUAA_HUMAN	-0.18584796583141006	-0.5460885885401724	0.17439265687735228	0.1379667979186415	-1.3470484829328568	0.23860247344764463	0.6741219816962789	0.19107026747668102	4.555861243269719
sp|P78362|SRPK2_HUMAN	psvid_27129_sp|P78362|SRPK2_HUMAN	0.75	-0.7064771690506071	2.206477169050607	0.5578090825641704	1.3445460524815316	0.23935117466019912	0.6742228389831643	0.9810039294335607	1.271240625180289
sp|P38435|VKGC_HUMAN	psvid_74919_sp|P38435|VKGC_HUMAN	-0.1731428687019385	-0.5096953863831629	0.1634096489792859	0.12889460618513995	-1.3432902572605856	0.23972772891006242	0.6742228389831643	0.1698070708162263	4.726225191530115
sp|P07602|SAP_HUMAN	psvid_38042_sp|P07602|SAP_HUMAN	-0.14976274690662872	-0.44098577691894375	0.1414602831056863	0.11153408693568262	-1.342753153060652	0.2398889515807047	0.6742228389831643	0.12492025690625505	4.763515183126275
sp|Q9BVT8|TMUB1_HUMAN	psvid_80494_sp|Q9BVT8|TMUB1_HUMAN	-0.6118647442428056	-1.8018469889884299	0.5781175005028187	0.4557454921465678	-1.3425579732251742	0.23994756403135256	0.6742228389831643	0.7965512022934967	2.6475129256828565
sp|Q30154|DRB5_HUMAN	psvid_61957_sp|Q30154|DRB5_HUMAN	-0.5343758809374836	-1.5748305403189224	0.5060787784439554	0.398478652004885	-1.34104017429504	0.24040381882148484	0.6742228389831643	0.6924204997125183	2.1401512145511603
sp|Q92954|PRG4_HUMAN	psvid_159274_sp|Q92954|PRG4_HUMAN	-0.24024181709107806	-0.708228190663656	0.2277445564815	0.17923181718338524	-1.3403971508321484	0.24059735964814855	0.6742228389831643	0.2792741190053304	3.4930841826279573
sp|P51570|GALK1_HUMAN	psvid_59539_sp|P51570|GALK1_HUMAN	-0.16997626574289815	-0.5012661881813312	0.16131365669553488	0.12687911051746567	-1.3396710069109437	0.24081609477294377	0.6742228389831643	0.164925837664601	3.38605449690566
sp|Q9NRZ7|PLCC_HUMAN	psvid_80789_sp|Q9NRZ7|PLCC_HUMAN	-0.2707174324874648	-0.7999082921688124	0.2584734271938828	0.20267222460659146	-1.3357401736372925	0.24200342283799042	0.6761772804384484	0.3261400260593192	3.870666478819495
sp|A0A096LP55|QCR6L_HUMAN	psvid_766_sp|A0A096LP55|QCR6L_HUMAN	-0.396240625180289	-1.171412397208409	0.3789311468478309	0.29687925370399243	-1.334686140027037	0.2423227332520007	0.6761772804384484	0.5054975611789299	1.924842961492274
sp|Q9NZ45|CISD1_HUMAN	psvid_94852_sp|Q9NZ45|CISD1_HUMAN	0.24086853099372174	-0.23072717782341245	0.7124642398108559	0.1806141388731545	1.333608390220679	0.24264963748898927	0.6761772804384484	0.2820826354833792	3.1776389381208308
sp|Q13510|ASAH1_HUMAN	psvid_55195_sp|Q13510|ASAH1_HUMAN	-0.19500857901452284	-0.5776263230957153	0.18760916506666958	0.14653690242039535	-1.3307813649224585	0.243509102672314	0.6761772804384484	0.21032307427568148	3.2973246948877417
sp|Q9BYD1|RM13_HUMAN	psvid_59978_sp|Q9BYD1|RM13_HUMAN	-0.396240625180289	-1.1739663946768217	0.3814851443162437	0.29785739672950595	-1.3303031233437124	0.24365477875182506	0.6761772804384484	0.5073180451542161	0.6981203125901445
sp|Q9P0L0|VAPA_HUMAN	psvid_79444_sp|Q9P0L0|VAPA_HUMAN	-0.1336254760397404	-0.3961275510187504	0.12887659893926962	0.10053438854155144	-1.3291519248114014	0.24400577809306928	0.6761772804384484	0.09061799906887506	5.43518121043677
sp|P07477|TRY1_HUMAN	psvid_32095_sp|P07477|TRY1_HUMAN	0.14624062518028913	-0.14104672773066435	0.4335279780912426	0.11002678117090339	1.3291366304094199	0.24401044453293336	0.6761772804384484	0.12060922789298814	1.799842961492274
sp|Q00839|HNRPU_HUMAN	psvid_45766_sp|Q00839|HNRPU_HUMAN	-0.14624062518028913	-0.4335279780912426	0.14104672773066435	0.11002678117090339	-1.3291366304094199	0.24401044453293336	0.6761772804384484	0.12060922789298811	3.3803249852141146
sp|P28288|ABCD3_HUMAN	psvid_75028_sp|P28288|ABCD3_HUMAN	-0.13045966582886726	-0.38745078327259375	0.12653145161485924	0.09842377381162032	-1.3254893688445895	0.24512564471620085	0.6773617594405648	0.0829498301013188	5.749436833285554
sp|Q9UBI6|GBG12_HUMAN	psvid_47105_sp|Q9UBI6|GBG12_HUMAN	-0.31007858233342744	-0.9210812736371383	0.30092410897028343	0.23400493871285646	-1.3250941798024172	0.24524676563037442	0.6773617594405648	0.38695380576252353	2.3817619400688432
sp|Q9NVS9|PNPO_HUMAN	psvid_71936_sp|Q9NVS9|PNPO_HUMAN	-0.4140113996956598	-1.2300701138102281	0.4020473144189085	0.31253834410289155	-1.3246739400377767	0.2453756258241086	0.6773617594405648	0.5345783813693029	2.364344854867732
sp|O95758|PTBP3_HUMAN	psvid_68339_sp|O95758|PTBP3_HUMAN	0.7267226489021296	-0.7107781226196174	2.1642234204238764	0.5505414046898606	1.3200145215445114	0.24680862183321509	0.6785445466425368	0.9679039183865215	1.1133613244510647
sp|Q86YS6|RAB43_HUMAN	psvid_95123_sp|Q86YS6|RAB43_HUMAN	-0.1977166998172588	-0.5890428263817312	0.1936094267472136	0.1498720833259654	-1.3192363476207467	0.24704870987990318	0.6785445466425368	0.2176444074310335	4.232920153830661
sp|Q92499|DDX1_HUMAN	psvid_35615_sp|Q92499|DDX1_HUMAN	0.1974201027410315	-0.19341737654271757	0.5882575820247806	0.14968493868878896	1.3189042563025601	0.24715123568467015	0.6785445466425368	0.2172358271511396	4.770713706962738
sp|Q9NPD5|SO1B3_HUMAN	psvid_35240_sp|Q9NPD5|SO1B3_HUMAN	-0.7408685309937213	-2.2078384452283855	0.7261013832409431	0.5618276478318387	-1.3186758142872164	0.2472217851783291	0.6785445466425368	0.9882455805454754	3.0489956449133917
sp|P31949|S10AB_HUMAN	psvid_29613_sp|P31949|S10AB_HUMAN	-0.3713567067925604	-1.1074367632729998	0.364723349687879	0.281907708355482	-1.3172988740140597	0.24764742317946606	0.6785445466425368	0.4775594630195633	1.6624010022984097
sp|P09496|CLCA_HUMAN	psvid_46960_sp|P09496|CLCA_HUMAN	0.18424139854155164	-0.18116666695089845	0.5496494640340017	0.1399458516104001	1.3165191852522173	0.24788874332395217	0.6785445466425368	0.19557883999409953	3.2575652237137724
sp|O00159|MYO1C_HUMAN	psvid_36556_sp|O00159|MYO1C_HUMAN	-0.16962900406423564	-0.506654571536861	0.1673965634083897	0.12907577721600516	-1.3141815429890122	0.2486135810391204	0.6785445466425368	0.1702426893127049	4.77035238059112
sp|Q8WW59|SPRY4_HUMAN	psvid_1265238_sp|Q8WW59|SPRY4_HUMAN	-0.603759374819711	-1.8053018971603805	0.5977831475209585	0.4601729064421744	-1.3120272105710764	0.24928333228589653	0.6785445466425368	0.8045785228427775	0.9481203125901445
sp|P05166|PCCB_HUMAN	psvid_48954_sp|P05166|PCCB_HUMAN	-0.27723359288829097	-0.8291310968989303	0.27466391112234834	0.2113685314973403	-1.3116124284176116	0.24941247541562764	0.6785445466425368	0.34319015708255685	4.051043112811998
sp|Q9Y2H6|FND3A_HUMAN	psvid_26322_sp|Q9Y2H6|FND3A_HUMAN	-0.18298250106722658	-0.5473356356598247	0.18137063352537158	0.13954182877370944	-1.3113093233424904	0.24950688719216138	0.6785445466425368	0.19466171958724102	4.571439857743403
sp|Q92901|RL3L_HUMAN	psvid_50397_sp|Q92901|RL3L_HUMAN	-0.3786432932074395	-1.1327415271833803	0.37545494076850117	0.2888084022158571	-1.311053592285862	0.24958656876087182	0.6785445466425368	0.49045446658105296	2.0798822526589875
sp|P48739|PIPNB_HUMAN	psvid_44769_sp|P48739|PIPNB_HUMAN	0.2767288009791279	-0.27466135145227644	0.8281189534105322	0.21117422339216416	1.310428879689661	0.24978131876803764	0.6785445466425368	0.3428108184949648	2.161553685719527
sp|O75489|NDUS3_HUMAN	psvid_96908_sp|O75489|NDUS3_HUMAN	0.20482513174087846	-0.2033881720328593	0.6130384355146162	0.15633962090661907	1.3101293872473925	0.24987473383513817	0.6785445466425368	0.2316162142965573	4.520104286120249
sp|O75881|CP7B1_HUMAN	psvid_65229_sp|O75881|CP7B1_HUMAN	-0.294499575494499	-0.8829327531130574	0.2939336021240594	0.2253611508182335	-1.3067894551711337	0.2509187071049944	0.6802771113869326	0.3703353182887292	3.586909697003393
sp|Q13310|PABP4_HUMAN	psvid_56240_sp|Q13310|PABP4_HUMAN	-0.2754906027363634	-0.8262408538035902	0.27525964833086347	0.21092915069176882	-1.3060812212672224	0.25114060411146566	0.6802771113869326	0.3423322736342911	2.545084456388084
sp|Q13283|G3BP1_HUMAN	psvid_63060_sp|Q13283|G3BP1_HUMAN	0.5537532227427127	-0.5551470762355271	1.6626535217209524	0.42469231346165626	1.303892736435666	0.2518274353273413	0.6812859579954414	0.7401611708336643	2.1805540724001586
sp|Q13884|SNTB1_HUMAN	psvid_47046_sp|Q13884|SNTB1_HUMAN	-0.1681194721598538	-0.505551217282477	0.16931227296276946	0.1292313372118073	-1.3009187692943989	0.25276358599046206	0.6822854076792993	0.17061632614836886	4.20022807898965
sp|P11234|RALB_HUMAN	psvid_82796_sp|P11234|RALB_HUMAN	-0.21767924576375852	-0.6548128782532834	0.21945438672576634	0.1674156764543507	-1.300232154920768	0.2529801795524865	0.6822854076792993	0.2549738536311119	3.3298822526589875
sp|P35241|RADI_HUMAN	psvid_33157_sp|P35241|RADI_HUMAN	-0.2085747910950091	-0.627589880801734	0.21044029861171576	0.16047654418243099	-1.2997213527847387	0.25314142490731734	0.6822854076792993	0.24041662152002538	5.5089447099635205
sp|A0FGR8|ESYT2_HUMAN	psvid_53867_sp|A0FGR8|ESYT2_HUMAN	-0.24410788221539903	-0.7351375509465563	0.2469217865157583	0.1880570563322015	-1.2980522346589545	0.25366898385363856	0.6828579975289872	0.2970987642385256	3.989337196065097
sp|Q96A08|H2B1A_HUMAN	psvid_62088_sp|Q96A08|H2B1A_HUMAN	-0.32319543730696143	-0.9742877102050785	0.3278968355911557	0.24935865190846657	-1.2961067716455195	0.25428517769419134	0.6833801044132912	0.41623962582226204	2.13832036755561
sp|Q9HCN8|SDF2L_HUMAN	psvid_102189_sp|Q9HCN8|SDF2L_HUMAN	-0.19959153470758673	-0.6019853500191564	0.20280228060398298	0.15411084342280124	-1.2951167502212013	0.25459928487419287	0.6833801044132912	0.226832575552765	5.192597417138877
sp|Q9BQE5|APOL2_HUMAN	psvid_1211782_sp|Q9BQE5|APOL2_HUMAN	0.1434817445772837	-0.14611574544185674	0.4330792345964241	0.11091152930722686	1.2936594191198714	0.25506231290605924	0.6833801044132912	0.12315089231465441	3.8335431560300184
sp|Q96F07|CYFP2_HUMAN	psvid_59039_sp|Q96F07|CYFP2_HUMAN	-0.37501840078366055	-1.132053877612305	0.3820170760449838	0.2899333225206517	-1.2934642955948892	0.2551243675451558	0.6833801044132912	0.4925535980975405	2.8003119783499124
sp|O14828|SCAM3_HUMAN	psvid_84326_sp|O14828|SCAM3_HUMAN	0.2050053334734413	-0.20915806547913363	0.6191687324260162	0.15861841881942132	1.2924434312185966	0.2554492591097778	0.6834056104825784	0.23647600171691735	3.1641878163600063
sp|Q96IU4|ABHEB_HUMAN	psvid_101848_sp|Q96IU4|ABHEB_HUMAN	-0.28232075423624137	-0.8545006441333134	0.28985913566083066	0.21913638347877457	-1.2883335471473034	0.256761125293192	0.6844395067429113	0.3582995812392624	2.683641627478699
sp|Q96EY1|DNJA3_HUMAN	psvid_30198_sp|Q96EY1|DNJA3_HUMAN	-0.15733915501990237	-0.47634978775382897	0.16167147771402424	0.12217632528323148	-1.2878039559231769	0.25693062356598134	0.6844395067429113	0.153258756959893	3.274009505891116
sp|P22234|PUR6_HUMAN	psvid_85800_sp|P22234|PUR6_HUMAN	-0.5572046726239699	-1.6869868872188218	0.5725775419708821	0.43268977640841677	-1.2877694436163964	0.25694167300013004	0.6844395067429113	0.7546995533832355	1.674842961492274
sp|Q96TC7|RMD3_HUMAN	psvid_67826_sp|Q96TC7|RMD3_HUMAN	0.2293844599520064	-0.23634081552658787	0.6951097354306006	0.17836585025977406	1.2860335070750835	0.2574980179191046	0.6844395067429113	0.27751133834207925	3.530136754419
sp|Q96HA9|PX11C_HUMAN	psvid_80100_sp|Q96HA9|PX11C_HUMAN	-0.305598105334112	-0.9261679281632449	0.31497171749502084	0.23766900772290833	-1.2858138646768802	0.2575684899628779	0.6844395067429113	0.3939681660688058	2.025762326749475
sp|O15260|SURF4_HUMAN	psvid_82724_sp|O15260|SURF4_HUMAN	0.17169235368646296	-0.17709583770873089	0.5204805450816568	0.13358068714402843	1.285308208523752	0.2577307971860709	0.6844395067429113	0.18092224639495247	4.339209560856583
sp|O75907|DGAT1_HUMAN	psvid_75224_sp|O75907|DGAT1_HUMAN	-0.5958321598878762	-1.8109990900885382	0.6193347703127858	0.46539085191386104	-1.2802833520203325	0.259348849276776	0.6878934594648392	0.8140355090627752	2.655529217860321
sp|P48651|PTSS1_HUMAN	psvid_68246_sp|P48651|PTSS1_HUMAN	-0.26472342226339207	-0.8059607956072449	0.27651395108046073	0.20728586008057484	-1.2770934889649033	0.26038088910721463	0.6897865363023644	0.3352045524023766	2.126681692006675
sp|P13489|RINI_HUMAN	psvid_24837_sp|P13489|RINI_HUMAN	-0.3166966351737255	-0.9661196273730834	0.33272635702563247	0.24871934224065773	-1.2733092340976593	0.2616101602613158	0.6909244316037668	0.4150255124598404	2.635070966488992
sp|P02774|VTDB_HUMAN	psvid_371851_sp|P02774|VTDB_HUMAN	-0.12427478897465849	-0.379135928988871	0.13058635103955402	0.09760802415135338	-1.2732025881597089	0.2616448805016213	0.6909244316037668	0.07983627707097095	5.620580049610491
sp|Q9NXW2|DJB12_HUMAN	psvid_419179_sp|Q9NXW2|DJB12_HUMAN	-0.3139137188670489	-0.9586757789926622	0.33084834125856444	0.2469342746136491	-1.2712440156725717	0.26228328123427824	0.6909244316037668	0.41163319185297237	3.32173285030194
sp|P08263|GSTA1_HUMAN	psvid_88046_sp|P08263|GSTA1_HUMAN	-0.15858998218772857	-0.484989269599611	0.16780930522415383	0.12500607007763875	-1.2686582506691997	0.26312831855859187	0.6909244316037668	0.1603283877806254	5.509134675529216
sp|P43686|PRS6B_HUMAN	psvid_59824_sp|P43686|PRS6B_HUMAN	-0.2505047919091634	-0.7665489456587287	0.26553936184040183	0.19763723186494167	-1.2674979787227012	0.26350831525046153	0.6909244316037668	0.31619459647795767	2.9951974619618564
sp|P07384|CAN1_HUMAN	psvid_49645_sp|P07384|CAN1_HUMAN	-0.3582398518190266	-1.0966621516557318	0.38018244801767853	0.282804752707061	-1.266739149147553	0.2637571105167007	0.6909244316037668	0.4792375391544935	2.009601949631354
sp|Q9UK55|ZPI_HUMAN	psvid_24559_sp|Q9UK55|ZPI_HUMAN	-0.583355933431298	-1.78770451165264	0.6209926447900441	0.4612475840888155	-1.264734935324821	0.26441526773336166	0.6909244316037668	0.806526583104955	1.95264201415933
sp|P60891|PRPS1_HUMAN	psvid_86841_sp|P60891|PRPS1_HUMAN	-0.13463326794348474	-0.41268702332976653	0.14342048744279706	0.10649045071996933	-1.2642755010730553	0.26456635287401625	0.6909244316037668	0.11008986087794408	4.621105077041637
sp|O75310|UDB11_HUMAN	psvid_42939_sp|O75310|UDB11_HUMAN	-0.13907603132322777	-0.426544905998394	0.14839284335193847	0.11009630130545309	-1.2632216493574369	0.2649132128560922	0.6909244316037668	0.12081013452401872	5.517278246682228
sp|P22307|SCP2_HUMAN	psvid_76199_sp|P22307|SCP2_HUMAN	-0.13109805846505096	-0.4021898879562777	0.13999377102617577	0.10382413669945378	-1.2626934606212878	0.265087215994894	0.6909244316037668	0.10169776794132217	5.060221058705707
sp|O94788|AL1A2_HUMAN	psvid_93336_sp|O94788|AL1A2_HUMAN	-0.3157586014584485	-0.9689048323022194	0.3373876293853224	0.25014528723762686	-1.262300821036424	0.265216632859377	0.6909244316037668	0.4177329385998853	1.8846019496313537
sp|P47895|AL1A3_HUMAN	psvid_38018_sp|P47895|AL1A3_HUMAN	-0.3157586014584485	-0.9689048323022194	0.3373876293853224	0.25014528723762686	-1.262300821036424	0.265216632859377	0.6909244316037668	0.4177329385998853	1.6346019496313537
sp|P68431|H31_HUMAN	psvid_20395_sp|P68431|H31_HUMAN	-0.20751874963942196	-0.6367844896287593	0.2217469903499154	0.16440239070535137	-1.26226114321747	0.2652297141925498	0.6909244316037668	0.24868173547901154	2.042481250360578
sp|P11182|ODB2_HUMAN	psvid_1633339_sp|P11182|ODB2_HUMAN	0.13862532492995117	-0.14831147837281045	0.4255621282327128	0.10989252588733708	1.2614627228795454	0.2654930706968177	0.6909244316037668	0.1202206531634321	4.76068032396331
sp|P04424|ARLY_HUMAN	psvid_63485_sp|P04424|ARLY_HUMAN	-0.1819256682093099	-0.559118849707986	0.1952675132893662	0.14445937567176959	-1.2593552157020849	0.26618938178905666	0.6909244316037668	0.2057174489507611	4.114729659506418
sp|Q9Y383|LC7L2_HUMAN	psvid_40810_sp|Q9Y383|LC7L2_HUMAN	-0.2777578280971861	-0.8541274856771618	0.29861182948278964	0.22074100215527667	-1.2582973955232923	0.26653951373335205	0.6909244316037668	0.3614079861670966	2.4460835866725628
sp|O76024|WFS1_HUMAN	psvid_40529_sp|O76024|WFS1_HUMAN	-0.26016049612433656	-0.8000405352048399	0.27971954295616674	0.20676602125559318	-1.2582362157210538	0.26655977681883825	0.6909244316037668	0.3341854109691318	2.808641627478699
sp|Q9Y3D6|FIS1_HUMAN	psvid_42846_sp|Q9Y3D6|FIS1_HUMAN	-0.22327119902087222	-0.6868158259920729	0.2402734279503284	0.17753069433069274	-1.257648430107399	0.26675452681282547	0.6909244316037668	0.2758087679825975	3.405054883586291
sp|Q86UE4|LYRIC_HUMAN	psvid_79305_sp|Q86UE4|LYRIC_HUMAN	-0.19102297117944955	-0.5877237409818127	0.20567779862291358	0.1519304917084269	-1.257305028315487	0.26686836606015363	0.6909244316037668	0.22212177585700496	4.495932423241841
sp|Q14568|HS902_HUMAN	psvid_68314_sp|Q14568|HS902_HUMAN	-0.27421538481314733	-0.8445654720525467	0.29613470242625206	0.21843559628935696	-1.2553603417727763	0.2675138812317821	0.6912457690920357	0.35694072391919407	3.211909697003393
sp|Q99442|SEC62_HUMAN	psvid_54725_sp|Q99442|SEC62_HUMAN	-0.14624062518028924	-0.45067747586451085	0.15819622550393236	0.1165947836240957	-1.2542638755758784	0.26787847203047893	0.6912457690920357	0.13879562319607383	4.121193516207836
sp|Q14344|GNA13_HUMAN	psvid_71203_sp|Q14344|GNA13_HUMAN	-0.3139137188670491	-0.9680021906869688	0.3401747529528706	0.2505061515104273	-1.2531178055880294	0.2682600445101792	0.6912457690920357	0.41841777206172304	2.391116344184167
sp|Q02985|FHR3_HUMAN	psvid_55751_sp|Q02985|FHR3_HUMAN	0.24189463057690586	-0.26214090030821735	0.7459301614620291	0.19303810800278054	1.2530926306707357	0.2682684318442095	0.6912457690920357	0.307057300870382	2.4706332382730007
sp|P07919|QCR6_HUMAN	psvid_92036_sp|P07919|QCR6_HUMAN	-0.2543286463255423	-0.7855107661180805	0.27685347346699585	0.2034348475981306	-1.2501724720631362	0.26924295334516496	0.6921479664863972	0.32764146613893125	3.85688013248142
sp|P09661|RU2A_HUMAN	psvid_59339_sp|P09661|RU2A_HUMAN	-0.3713567067925603	-1.1469864040170932	0.40427299043197273	0.2970546322400396	-1.2501293246707554	0.26925737690264556	0.6921479664863972	0.5058240102624038	1.5966424008399613
sp|P54855|UDB15_HUMAN	psvid_32010_sp|P54855|UDB15_HUMAN	-0.12933126440188603	-0.3998249595345524	0.14116243073078033	0.10359506014069375	-1.2484308057376443	0.2698257308380914	0.6927871548887963	0.10095463241021324	6.5119933206470035
sp|O15127|SCAM2_HUMAN	psvid_107322_sp|O15127|SCAM2_HUMAN	-0.27936439538704405	-0.8651665085625647	0.3064377177884766	0.2243534922882376	-1.2451974450575136	0.27091070963987063	0.6928245058196533	0.36839104640706777	2.6720029519297634
sp|Q14571|ITPR2_HUMAN	psvid_28721_sp|Q14571|ITPR2_HUMAN	-0.14947273290642582	-0.46352497006107063	0.164579504248219	0.12027733356002288	-1.2427340088299625	0.2717400147294025	0.6928245058196533	0.14842154588134898	6.6728600909426685
sp|P20815|CP3A5_HUMAN	psvid_41984_sp|P20815|CP3A5_HUMAN	-0.1965415386428	-0.6101045132571503	0.21702143597155027	0.15838846523252603	-1.2408829036525002	0.27236470940561863	0.6928245058196533	0.23598697647302644	7.419624055904878
sp|Q3ZCQ8|TIM50_HUMAN	psvid_87892_sp|Q3ZCQ8|TIM50_HUMAN	-0.1557325877300445	-0.4839417451057667	0.1724765696456777	0.12569922334192782	-1.2389303894616734	0.27302504986522996	0.6928245058196533	0.1620369649472167	2.836909697003393
sp|P12074|CX6A1_HUMAN	psvid_84835_sp|P12074|CX6A1_HUMAN	-0.1341913795513121	-0.4171845449257652	0.14880178582314096	0.10838217124429865	-1.2381314934984855	0.27329565823216395	0.6928245058196533	0.1157933969970846	4.855325333809812
sp|H3BR10|SMLR1_HUMAN	psvid_103269_sp|H3BR10|SMLR1_HUMAN	0.5804820237218405	-0.644614661464007	1.8055787089076882	0.4691938003129656	1.237190310985871	0.27361477749055013	0.6928245058196533	0.8209255506612075	0.5402410118609202
sp|O00116|ADAS_HUMAN	psvid_39106_sp|O00116|ADAS_HUMAN	-0.22523533231933313	-0.7009133338838182	0.2504426692451519	0.1821775962486261	-1.236350335921351	0.2738998685982941	0.6928245058196533	0.285251434867699	3.1494188973952237
sp|Q8N257|H2B3B_HUMAN	psvid_69355_sp|Q8N257|H2B3B_HUMAN	-0.21178712797915722	-0.6593206802063958	0.23574642424808134	0.17139869095736315	-1.2356402887104956	0.27414107322359166	0.6928245058196533	0.2632278645191471	3.576936193766687
sp|P09669|COX6C_HUMAN	psvid_73958_sp|P09669|COX6C_HUMAN	0.1526243982070733	-0.16999821595436676	0.47524701236851336	0.12355966042169675	1.2352283721578832	0.2742810910866415	0.6928245058196533	0.1567343926757261	3.9567123090344687
sp|Q6DD88|ATLA3_HUMAN	psvid_26304_sp|Q6DD88|ATLA3_HUMAN	-0.12790558568637156	-0.39853234724064757	0.14272117586790445	0.10364602260006862	-1.2340616887915858	0.2746780222213472	0.6928245058196533	0.10112028719940225	5.960105352155567
sp|A0A804HLA8|GBG5B_HUMAN	psvid_884047_sp|A0A804HLA8|GBG5B_HUMAN	0.5	-0.5614884851032134	1.5614884851032134	0.40653429426141663	1.2299085392251838	0.2760952719149174	0.6928245058196533	0.7071067811865476	0.5
sp|P0CG22|DR4L1_HUMAN	psvid_29435_sp|P0CG22|DR4L1_HUMAN	-0.5	-1.5614884851032134	0.5614884851032134	0.40653429426141663	-1.2299085392251838	0.2760952719149174	0.6928245058196533	0.7071067811865476	0.75
sp|P15121|ALDR_HUMAN	psvid_40208_sp|P15121|ALDR_HUMAN	0.5	-0.5614884851032134	1.5614884851032134	0.40653429426141663	1.2299085392251838	0.2760952719149174	0.6928245058196533	0.7071067811865476	0.75
sp|P63218|GBG5_HUMAN	psvid_70701_sp|P63218|GBG5_HUMAN	0.5	-0.5614884851032134	1.5614884851032134	0.40653429426141663	1.2299085392251838	0.2760952719149174	0.6928245058196533	0.7071067811865476	0.5
sp|Q5XXA6|ANO1_HUMAN	psvid_30046_sp|Q5XXA6|ANO1_HUMAN	-0.5	-1.5614884851032134	0.5614884851032134	0.40653429426141663	-1.2299085392251838	0.2760952719149174	0.6928245058196533	0.7071067811865476	0.8304820237218405
sp|P0C0L4|CO4A_HUMAN	psvid_24131_sp|P0C0L4|CO4A_HUMAN	-0.12360646434863876	-0.38693766784200195	0.13972473914472444	0.10085193242465991	-1.2256231623620828	0.2775646282373455	0.6928245058196533	0.09172953626830091	7.508588016899866
sp|Q5TCH4|CP4AM_HUMAN	psvid_42584_sp|Q5TCH4|CP4AM_HUMAN	-0.1341548360721203	-0.4202842772006996	0.151974605056459	0.10958331818861894	-1.2242268101537859	0.27804494090641335	0.6928245058196533	0.1193227220049605	6.523547021680786
sp|Q9BT22|ALG1_HUMAN	psvid_67144_sp|Q9BT22|ALG1_HUMAN	-0.2880007733612625	-0.902299712091469	0.32629816536894396	0.23526735242722763	-1.2241425356726716	0.2780739535557015	0.6928245058196533	0.3893724529361812	1.8327222622214983
sp|Q5JTJ3|COA6_HUMAN	psvid_42157_sp|Q5JTJ3|COA6_HUMAN	-0.1880533419662861	-0.5893250345579609	0.21321835062538874	0.15368108711888542	-1.2236596284669095	0.27824025412325976	0.6928245058196533	0.2259065528480608	2.8207493198852727
sp|P05387|RLA2_HUMAN	psvid_48097_sp|P05387|RLA2_HUMAN	0.13251765138861837	-0.15098847655905995	0.4160237793362967	0.1085786282766784	1.220476381880041	0.27933874603099773	0.6928245058196533	0.11637527964450199	6.218881848037551
sp|P16989|YBOX3_HUMAN	psvid_69836_sp|P16989|YBOX3_HUMAN	-0.2524883685073557	-0.7932793487009325	0.2883026116862212	0.207114898146595	-1.2190739090562452	0.27982396878936394	0.6928245058196533	0.3348694424084951	2.858558786412921
sp|P02743|SAMP_HUMAN	psvid_107946_sp|P02743|SAMP_HUMAN	0.19613174815083623	-0.22450744985939458	0.6167709461610671	0.16109855349504798	1.2174643651090582	0.2803817768188669	0.6928245058196533	0.24173151020713657	3.8931208696179658
sp|O60518|RNBP6_HUMAN	psvid_83738_sp|O60518|RNBP6_HUMAN	-0.396240625180289	-1.2487048016776952	0.4562235513171171	0.3264810944621933	-1.2136709656435372	0.28170042299939113	0.6928245058196533	0.5603688660931588	0.1981203125901445
sp|P56962|STX17_HUMAN	psvid_101381_sp|P56962|STX17_HUMAN	-0.396240625180289	-1.2487048016776952	0.4562235513171171	0.3264810944621933	-1.2136709656435372	0.28170042299939113	0.6928245058196533	0.5603688660931588	0.1981203125901445
sp|Q6XQN6|PNCB_HUMAN	psvid_74588_sp|Q6XQN6|PNCB_HUMAN	-0.396240625180289	-1.2487048016776952	0.4562235513171171	0.3264810944621933	-1.2136709656435372	0.28170042299939113	0.6928245058196533	0.5603688660931588	1.924842961492274
sp|O60337|MARH6_HUMAN	psvid_40820_sp|O60337|MARH6_HUMAN	0.396240625180289	-0.4562235513171172	1.2487048016776954	0.32648109446219337	1.213670965643537	0.28170042299939124	0.6928245058196533	0.5603688660931588	0.9481203125901445
sp|O60493|SNX3_HUMAN	psvid_17573_sp|O60493|SNX3_HUMAN	0.396240625180289	-0.4562235513171172	1.2487048016776954	0.32648109446219337	1.213670965643537	0.28170042299939124	0.6928245058196533	0.5603688660931588	0.5943609377704335
sp|P47755|CAZA2_HUMAN	psvid_63439_sp|P47755|CAZA2_HUMAN	-0.3962406251802889	-1.2487048016776952	0.45622355131711734	0.32648109446219337	-1.2136709656435365	0.2817004229993915	0.6928245058196533	0.5603688660931588	1.6924402934651235
sp|Q9BWS9|CHID1_HUMAN	psvid_62902_sp|Q9BWS9|CHID1_HUMAN	-0.2017784625285941	-0.6363376736103123	0.23278074855312414	0.1664297113639688	-1.2123944749703996	0.2821454149586814	0.6928245058196533	0.25291974047688764	3.916724872721865
sp|P62258|1433E_HUMAN	psvid_54150_sp|P62258|1433E_HUMAN	-0.1561570210692096	-0.4926882472569111	0.18037420511849195	0.12888645185994985	-1.2115860031502177	0.28242758238743754	0.6928245058196533	0.16978745219278554	4.110016651103619
sp|Q8WTV0|SCRB1_HUMAN	psvid_65913_sp|Q8WTV0|SCRB1_HUMAN	-0.3648579046593241	-1.152639157285479	0.42292334796683084	0.30170849713702574	-1.2093060292352922	0.28322470155751495	0.6928245058196533	0.5144802504943483	2.6109903317461924
sp|P42167|LAP2B_HUMAN	psvid_45490_sp|P42167|LAP2B_HUMAN	-0.33048202372184043	-1.0443394465051736	0.38337539906149287	0.2733967703345156	-1.2088000283159086	0.28340188450238873	0.6928245058196533	0.46160967291628047	1.4577222622214983
sp|P10515|ODP2_HUMAN	psvid_33532_sp|P10515|ODP2_HUMAN	-0.13999483867315854	-0.44273262414894266	0.16274294680262558	0.11594406693228994	-1.2074342601326378	0.28388062750550686	0.6928245058196533	0.137057019898554	4.436165762246302
sp|P51153|RAB13_HUMAN	psvid_74423_sp|P51153|RAB13_HUMAN	0.20183873051440104	-0.2346891844138836	0.6383666454426857	0.16718369564180652	1.2072871684021356	0.2839322312421609	0.6928245058196533	0.2544909581138908	3.1434006156177787
sp|Q16658|FSCN1_HUMAN	psvid_70197_sp|Q16658|FSCN1_HUMAN	-0.26677854896463427	-0.8442612765142339	0.31070417858496535	0.2211672913905486	-1.2062296702523836	0.2843034800164945	0.6928245058196533	0.3622330802890449	1.811950653898848
sp|Q9Y6I9|TX264_HUMAN	psvid_73601_sp|Q9Y6I9|TX264_HUMAN	-0.1944018946658881	-0.6153561374946366	0.22655234816286046	0.16121921097249992	-1.205823384776696	0.28444622867480207	0.6928245058196533	0.24198633199397981	3.134002178568501
sp|P36776|LONM_HUMAN	psvid_45506_sp|P36776|LONM_HUMAN	-0.11250823015876188	-0.3564158844057872	0.1313994240882634	0.09341300209641988	-1.204417239932318	0.28494077916519606	0.6928245058196533	0.0619192664636191	4.356172201288472
sp|Q13243|SRSF5_HUMAN	psvid_59788_sp|Q13243|SRSF5_HUMAN	-0.4342413985415514	-1.3768442632031541	0.5083614661200512	0.3610028707157703	-1.2028751950935157	0.2854840202839297	0.6928245058196533	0.6238873624933149	2.052083199991932
sp|Q96JJ7|TMX3_HUMAN	psvid_29983_sp|Q96JJ7|TMX3_HUMAN	-0.4342413985415514	-1.3768442632031541	0.5083614661200512	0.3610028707157703	-1.2028751950935157	0.2854840202839297	0.6928245058196533	0.6238873624933148	1.2596019496313537
sp|Q9HCS2|CP4FC_HUMAN	psvid_61571_sp|Q9HCS2|CP4FC_HUMAN	0.1408768312968689	-0.1655953405947706	0.4473490031885084	0.11737428135983655	1.200235943212978	0.28641596437623534	0.6928245058196533	0.14086260132522693	6.004722549346845
sp|O15372|EIF3H_HUMAN	psvid_60183_sp|O15372|EIF3H_HUMAN	-0.2647234222633924	-0.8410574443703349	0.3116105998435501	0.2207273542993804	-1.1993231337532302	0.28673892469232237	0.6928245058196533	0.3613815655886398	3.4673242118528522
sp|O95486|SC24A_HUMAN	psvid_60625_sp|O95486|SC24A_HUMAN	-0.18949229951931734	-0.6026611332032008	0.22367653416456612	0.1582375151211913	-1.1975181699117845	0.28737850515222085	0.6928245058196533	0.23566579700640142	4.316217897684023
sp|P69849|NOMO3_HUMAN	psvid_34733_sp|P69849|NOMO3_HUMAN	-0.1372249526199174	-0.43669163115505427	0.16224172591521946	0.11469128164989441	-1.1964723965576485	0.28774965867455	0.6928245058196533	0.133674393429674	5.765709221414616
sp|Q5JPE7|NOMO2_HUMAN	psvid_34735_sp|Q5JPE7|NOMO2_HUMAN	-0.1372249526199174	-0.43669163115505427	0.16224172591521946	0.11469128164989441	-1.1964723965576485	0.28774965867455	0.6928245058196533	0.133674393429674	5.765709221414616
sp|P00403|COX2_HUMAN	psvid_110282_sp|P00403|COX2_HUMAN	-0.21047803602349324	-0.6700217751805557	0.24906570313356924	0.1759984138332914	-1.1959087098527008	0.2879498949689322	0.6928245058196533	0.27267845968238436	3.5930601967534894
sp|P05787|K2C8_HUMAN	psvid_23834_sp|P05787|K2C8_HUMAN	0.4910822464262621	-0.5816746831780988	1.563839176030623	0.4108499408246975	1.195283721936322	0.2881720539320902	0.6928245058196533	0.7149688999118016	4.551664032427859
sp|Q9P0Z9|SOX_HUMAN	psvid_63983_sp|Q9P0Z9|SOX_HUMAN	0.18424139854155164	-0.218332679177414	0.5868154762605173	0.15417988124243	1.1949769130503698	0.2882811691283583	0.6928245058196533	0.22698122387365505	3.041941104651256
sp|P02747|C1QC_HUMAN	psvid_49466_sp|P02747|C1QC_HUMAN	-0.40192064430530994	-1.2801702177478314	0.4763289291372116	0.3363565177912685	-1.194924501373059	0.28829981282913836	0.6928245058196533	0.5785846161659343	2.2757623267494744
sp|Q13586|STIM1_HUMAN	psvid_31847_sp|Q13586|STIM1_HUMAN	-0.16635228595630713	-0.5299652834470023	0.19726071153438812	0.13925836727732824	-1.1945586409542077	0.28842998570838163	0.6928245058196533	0.1940172739904758	5.227394094597457
sp|P01834|IGKC_HUMAN	psvid_159525_sp|P01834|IGKC_HUMAN	-0.1776233457012536	-0.5662276065010906	0.2109809150985834	0.14882964924097128	-1.1934674751108376	0.2888185363858968	0.6928245058196533	0.215365225638753	2.985990331746193
sp|Q27J81|INF2_HUMAN	psvid_49094_sp|Q27J81|INF2_HUMAN	-0.5703215275975042	-1.8193869555742768	0.6787439003792684	0.4783734721337999	-1.1922097708586705	0.28926697432811155	0.6928245058196533	0.8375489026700549	1.57764201415933
sp|O14950|ML12B_HUMAN	psvid_65538_sp|O14950|ML12B_HUMAN	0.2176792457637584	-0.25940931508240334	0.6947678066099201	0.1827178194636095	1.1913410876004458	0.2895770717922845	0.6928245058196533	0.2863444916045157	3.160364276380829
sp|P19105|ML12A_HUMAN	psvid_29433_sp|P19105|ML12A_HUMAN	0.2176792457637584	-0.25940931508240334	0.6947678066099201	0.1827178194636095	1.1913410876004458	0.2895770717922845	0.6928245058196533	0.2863444916045157	3.160364276380829
sp|P49006|MRP_HUMAN	psvid_87632_sp|P49006|MRP_HUMAN	0.24283266429218264	-0.2902553981506484	0.7759207267350137	0.20416479527171671	1.1893953801829744	0.29027272513824226	0.6928245058196533	0.32907740585237943	3.2619769382013595
sp|P06133|UD2B4_HUMAN	psvid_44381_sp|P06133|UD2B4_HUMAN	-0.13959817304713606	-0.4461255219605465	0.16692917586627437	0.11739541333811035	-1.1891279997888808	0.2903684397226458	0.6928245058196533	0.14091840472455533	7.3483995235608415
sp|Q92841|DDX17_HUMAN	psvid_44969_sp|Q92841|DDX17_HUMAN	-0.1506661256136539	-0.4825515946586247	0.1812193434313169	0.12710719600570822	-1.1853469382401267	0.29172499440845323	0.6928245058196533	0.16548154789313532	4.4685007187913275
sp|Q14032|BAAT_HUMAN	psvid_58179_sp|Q14032|BAAT_HUMAN	-0.31007858233342755	-0.9931604977967339	0.37300333312987877	0.2616102089874392	-1.1852694263484018	0.2917528633173405	0.6928245058196533	0.4394280260781069	2.3160033386103946
sp|P62917|RL8_HUMAN	psvid_63227_sp|P62917|RL8_HUMAN	0.16726703342561589	-0.2016068545207112	0.536140921371943	0.14127321003688859	1.1839968340914737	0.29221075792344314	0.6928245058196533	0.19858043020816404	5.073166899182721
sp|P23246|SFPQ_HUMAN	psvid_31897_sp|P23246|SFPQ_HUMAN	-0.23070803486938496	-0.7412562260334093	0.27984015629463943	0.19553235997762888	-1.1798969484937458	0.29369033935759364	0.6928245058196533	0.31201929118147304	3.1096739983096717
sp|P36955|PEDF_HUMAN	psvid_24473_sp|P36955|PEDF_HUMAN	-0.33048202372184043	-1.0623488233734046	0.4013847759297239	0.2802940936856043	-1.179054540095055	0.29399518187734824	0.6928245058196533	0.47453951025609564	1.5614816370412092
sp|Q7Z4R8|CF120_HUMAN	psvid_152111_sp|Q7Z4R8|CF120_HUMAN	-0.12135670679256039	-0.39091084435183915	0.14819743076671837	0.10323522357122032	-1.1755358548609947	0.29527155825747087	0.6928245058196533	0.09977949571102876	2.433641627478699
sp|Q7Z4H8|PLGT3_HUMAN	psvid_49382_sp|Q7Z4H8|PLGT3_HUMAN	-0.2748839183877284	-0.8858866096914393	0.33611877291598247	0.23400493871285644	-1.1746928073387113	0.2955781035679081	0.6928245058196533	0.38695380576252353	2.1317619400688432
sp|Q96PC5|MIA2_HUMAN	psvid_160167_sp|Q96PC5|MIA2_HUMAN	0.11897153292784957	-0.1455158441506716	0.3834589100063707	0.10129472970327587	1.174508617342231	0.29564511585975556	0.6928245058196533	0.09326311900676543	5.915170968823796
sp|P21810|PGS1_HUMAN	psvid_96543_sp|P21810|PGS1_HUMAN	-0.49522279426307403	-1.5963252315181928	0.6058796429920448	0.42170584845817694	-1.1743322889015806	0.29570928069112284	0.6928245058196533	0.7347291353250917	2.7058339006727223
sp|Q92542|NICA_HUMAN	psvid_24692_sp|Q92542|NICA_HUMAN	-0.3962406251802889	-1.2773211905497228	0.4848399401891449	0.3374407455725573	-1.174252458777502	0.2957383344801895	0.6928245058196533	0.5805821494878897	2.126681692006675
sp|P62316|SMD2_HUMAN	psvid_55812_sp|P62316|SMD2_HUMAN	-0.3157586014584485	-1.018154717677748	0.38663751476085084	0.26900726047104284	-1.1737921158913782	0.2959059239147742	0.6928245058196533	0.4533621908825102	2.2808425748116425
sp|P55084|ECHB_HUMAN	psvid_32785_sp|P55084|ECHB_HUMAN	0.16785199829191289	-0.2057600636452941	0.5414640602291199	0.14308786016875777	1.173069456024769	0.29616918222224703	0.6928245058196533	0.20265659954656248	7.364091783518392
sp|O60664|PLIN3_HUMAN	psvid_56447_sp|O60664|PLIN3_HUMAN	0.20183873051440082	-0.24756454298856057	0.6512420040173622	0.17211476638348294	1.172698512483763	0.29630439491121785	0.6928245058196533	0.26470463942476086	3.167616000430926
sp|P13645|K1C10_HUMAN	psvid_22937_sp|P13645|K1C10_HUMAN	0.9080483180622863	-1.117665165416525	2.9337618015410976	0.7758181204403922	1.1704396870065805	0.2971289523387651	0.6928245058196533	1.3725438933231673	3.6698771487665525
sp|P15880|RS2_HUMAN	psvid_36713_sp|P15880|RS2_HUMAN	0.22620207085617872	-0.2797639733335956	0.732168115045953	0.193777465871361	1.1673290794624323	0.2982677999849009	0.6928245058196533	0.30852981445219474	5.613012969560181
sp|Q10471|GALT2_HUMAN	psvid_29986_sp|Q10471|GALT2_HUMAN	-0.19087359756467703	-0.6184184212925421	0.23667122616318803	0.16374330538538898	-1.1656879474579662	0.2988702168249891	0.6928245058196533	0.24729965558618194	4.850940686171544
sp|O15258|RER1_HUMAN	psvid_109627_sp|O15258|RER1_HUMAN	-0.16749965114423881	-0.5444536558177377	0.20945435352926017	0.14436777450680963	-1.1602288094864142	0.3008819435517343	0.6928245058196533	0.20551353667979255	3.366070579808361
sp|P30044|PRDX5_HUMAN	psvid_79006_sp|P30044|PRDX5_HUMAN	-0.1806165061177728	-0.5873933262723687	0.22616031403682318	0.15578946905615496	-1.159362742629727	0.30120220153582206	0.6928245058196533	0.23043829974555408	3.255752777501883
sp|Q9BSJ8|ESYT1_HUMAN	psvid_69158_sp|Q9BSJ8|ESYT1_HUMAN	-0.13420560119677116	-0.4365245954854243	0.168113393091882	0.11578367613946225	-1.1591064100877189	0.30129704751493347	0.6928245058196533	0.13662659354810802	6.223114603500665
sp|O00217|NDUS8_HUMAN	psvid_44242_sp|O00217|NDUS8_HUMAN	0.17762334570125393	-0.22269689101136736	0.5779435824138752	0.15331669367539527	1.1585388482047567	0.3015071465633433	0.6928245058196533	0.225120424511529	2.9859903317461924
sp|Q9BU23|LMF2_HUMAN	psvid_49406_sp|Q9BU23|LMF2_HUMAN	-0.19419165055604537	-0.632528444342439	0.24414514323034836	0.16787646932734893	-1.1567532444191653	0.30216898910410855	0.6928245058196533	0.25593232282870176	3.429544909833198
sp|Q9UDW1|QCR9_HUMAN	psvid_107074_sp|Q9UDW1|QCR9_HUMAN	0.2186172794790353	-0.2749850027967591	0.7122195617548297	0.18904232903789148	1.1564461810836866	0.30228293378960497	0.6928245058196533	0.29907405161022615	2.401789890100096
sp|Q02338|BDH_HUMAN	psvid_25318_sp|Q02338|BDH_HUMAN	-0.12068486464110384	-0.3933792047453917	0.152009475463184	0.10443787441801593	-1.1555660751774668	0.3026097342390709	0.6928245058196533	0.10367041726137188	6.579951157845662
sp|Q9UDY2|ZO2_HUMAN	psvid_27279_sp|Q9UDY2|ZO2_HUMAN	0.2500000000000001	-0.31579358924228296	0.8157935892422832	0.2166905253596604	1.1537191097075103	0.30329657025086554	0.6928245058196533	0.35355339059327373	1.2054820237218404
sp|A0A075B767|PAL4H_HUMAN	psvid_744_sp|A0A075B767|PAL4H_HUMAN	-0.25	-0.8157935892422831	0.31579358924228307	0.2166905253596604	-1.15371910970751	0.30329657025086587	0.6928245058196533	0.3535533905932738	1.021240625180289
sp|A0A0B4J2A2|PAL4C_HUMAN	psvid_85826_sp|A0A0B4J2A2|PAL4C_HUMAN	-0.25	-0.8157935892422831	0.31579358924228307	0.2166905253596604	-1.15371910970751	0.30329657025086587	0.6928245058196533	0.3535533905932738	1.021240625180289
sp|F5H284|PAL4D_HUMAN	psvid_85420_sp|F5H284|PAL4D_HUMAN	-0.25	-0.8157935892422831	0.31579358924228307	0.2166905253596604	-1.15371910970751	0.30329657025086587	0.6928245058196533	0.3535533905932738	1.021240625180289
sp|O00519|FAAH1_HUMAN	psvid_43087_sp|O00519|FAAH1_HUMAN	-0.25	-0.8157935892422831	0.31579358924228307	0.2166905253596604	-1.15371910970751	0.30329657025086587	0.6928245058196533	0.3535533905932738	1.417481250360578
sp|P03886|NU1M_HUMAN	psvid_49057_sp|P03886|NU1M_HUMAN	-0.25	-0.8157935892422831	0.31579358924228307	0.2166905253596604	-1.15371910970751	0.30329657025086587	0.6928245058196533	0.3535533905932738	0.375
sp|P04626|ERBB2_HUMAN	psvid_44554_sp|P04626|ERBB2_HUMAN	0.25	-0.31579358924228307	0.8157935892422831	0.2166905253596604	1.15371910970751	0.30329657025086587	0.6928245058196533	0.3535533905932738	0.125
sp|P07305|H10_HUMAN	psvid_104041_sp|P07305|H10_HUMAN	-0.25	-0.8157935892422831	0.31579358924228307	0.2166905253596604	-1.15371910970751	0.30329657025086587	0.6928245058196533	0.3535533905932738	1.667481250360578
sp|P0DN26|PAL4F_HUMAN,sp|A0A075B759|PAL4E_HUMAN	psvid_790_sp|P0DN26|PAL4F_HUMAN	-0.25	-0.8157935892422831	0.31579358924228307	0.2166905253596604	-1.15371910970751	0.30329657025086587	0.6928245058196533	0.3535533905932738	1.021240625180289
sp|P0DN37|PAL4G_HUMAN	psvid_89600_sp|P0DN37|PAL4G_HUMAN	-0.25	-0.8157935892422831	0.31579358924228307	0.2166905253596604	-1.15371910970751	0.30329657025086587	0.6928245058196533	0.3535533905932738	1.021240625180289
sp|P26639|SYTC_HUMAN	psvid_65251_sp|P26639|SYTC_HUMAN	-0.25	-0.8157935892422831	0.31579358924228307	0.2166905253596604	-1.15371910970751	0.30329657025086587	0.6928245058196533	0.3535533905932738	0.375
sp|P47914|RL29_HUMAN	psvid_25389_sp|P47914|RL29_HUMAN	-0.25	-0.8157935892422831	0.31579358924228307	0.2166905253596604	-1.15371910970751	0.30329657025086587	0.6928245058196533	0.3535533905932738	1.917481250360578
sp|Q10713|MPPA_HUMAN	psvid_44538_sp|Q10713|MPPA_HUMAN	-0.25	-0.8157935892422831	0.31579358924228307	0.2166905253596604	-1.15371910970751	0.30329657025086587	0.6928245058196533	0.3535533905932738	0.375
sp|Q13825|AUHM_HUMAN	psvid_24138_sp|Q13825|AUHM_HUMAN	-0.25	-0.8157935892422831	0.31579358924228307	0.2166905253596604	-1.15371910970751	0.30329657025086587	0.6928245058196533	0.3535533905932738	1.313721875540867
sp|Q15303|ERBB4_HUMAN	psvid_23246_sp|Q15303|ERBB4_HUMAN	0.25	-0.31579358924228307	0.8157935892422831	0.2166905253596604	1.15371910970751	0.30329657025086587	0.6928245058196533	0.3535533905932738	0.125
sp|Q2M3C7|SPKAP_HUMAN	psvid_51144_sp|Q2M3C7|SPKAP_HUMAN	0.25	-0.31579358924228307	0.8157935892422831	0.2166905253596604	1.15371910970751	0.30329657025086587	0.6928245058196533	0.3535533905932738	0.917481250360578
sp|Q8IVS2|FABD_HUMAN	psvid_60644_sp|Q8IVS2|FABD_HUMAN	0.25	-0.31579358924228307	0.8157935892422831	0.2166905253596604	1.15371910970751	0.30329657025086587	0.6928245058196533	0.3535533905932738	0.375
sp|Q8TF72|SHRM3_HUMAN	psvid_27335_sp|Q8TF72|SHRM3_HUMAN	-0.25	-0.8157935892422831	0.31579358924228307	0.2166905253596604	-1.15371910970751	0.30329657025086587	0.6928245058196533	0.3535533905932738	0.625
sp|Q92506|DHB8_HUMAN	psvid_37101_sp|Q92506|DHB8_HUMAN	-0.25	-0.8157935892422831	0.31579358924228307	0.2166905253596604	-1.15371910970751	0.30329657025086587	0.6928245058196533	0.3535533905932738	1.021240625180289
sp|Q9BYE2|TMPSD_HUMAN	psvid_32089_sp|Q9BYE2|TMPSD_HUMAN	-0.25	-0.8157935892422831	0.31579358924228307	0.2166905253596604	-1.15371910970751	0.30329657025086587	0.6928245058196533	0.3535533905932738	0.125
sp|Q9UDX4|S14L3_HUMAN	psvid_87457_sp|Q9UDX4|S14L3_HUMAN	0.25	-0.31579358924228307	0.8157935892422831	0.2166905253596604	1.15371910970751	0.30329657025086587	0.6928245058196533	0.3535533905932738	0.375
sp|Q9Y6K0|CEPT1_HUMAN	psvid_67341_sp|Q9Y6K0|CEPT1_HUMAN	-0.25	-0.8157935892422831	0.31579358924228307	0.2166905253596604	-1.15371910970751	0.30329657025086587	0.6928245058196533	0.3535533905932738	1.021240625180289
sp|RASH_HUMAN|,sp|P01112|RASH_HUMAN	psvid_71725_sp|RASH_HUMAN|	-0.25	-0.8157935892422831	0.31579358924228307	0.2166905253596604	-1.15371910970751	0.30329657025086587	0.6928245058196533	0.3535533905932738	1.417481250360578
sp|Q07817|B2CL1_HUMAN	psvid_94069_sp|Q07817|B2CL1_HUMAN	-0.25	-0.8157935892422831	0.31579358924228307	0.21669052535966044	-1.1537191097075097	0.303296570250866	0.6928245058196533	0.3535533905932738	0.375
sp|Q9UFG5|CS025_HUMAN	psvid_78413_sp|Q9UFG5|CS025_HUMAN	0.25	-0.31579358924228307	0.8157935892422831	0.21669052535966044	1.1537191097075097	0.303296570250866	0.6928245058196533	0.3535533905932738	0.875
sp|P01111|RASN_HUMAN	psvid_4666_sp|P01111|RASN_HUMAN	-0.2499999999999999	-0.815793589242283	0.3157935892422832	0.2166905253596604	-1.1537191097075095	0.30329657025086604	0.6928245058196533	0.3535533905932738	1.8517226489021295
sp|Q9UKU0|ACSL6_HUMAN	psvid_49823_sp|Q9UKU0|ACSL6_HUMAN	-0.23240266802715037	-0.7588320730921044	0.2940267370378037	0.2016146285804779	-1.1527073688226095	0.30367339623473066	0.6928245058196533	0.3240557489153201	2.860521314888554
sp|Q96CW1|AP2M1_HUMAN	psvid_41854_sp|Q96CW1|AP2M1_HUMAN	-0.17962929867165256	-0.586803305734412	0.2275447083911068	0.15594158573162165	-1.1519011931865173	0.30397395656776455	0.6928245058196533	0.23076417804581476	4.509244559746078
sp|O75795|UDB17_HUMAN	psvid_32011_sp|O75795|UDB17_HUMAN	-0.12829655232271353	-0.4191636571893636	0.16257055254393654	0.11139777290125506	-1.151697641535777	0.30404988695638685	0.6928245058196533	0.12453414631342755	6.352599362835196
sp|P27144|KAD4_HUMAN	psvid_24285_sp|P27144|KAD4_HUMAN	-0.14940722813932916	-0.48872032468839915	0.18990586840974083	0.1299518668125913	-1.1497120572711372	0.30479144873533137	0.693784736774646	0.17234219291606986	2.6115048453052214
sp|P46459|NSF_HUMAN	psvid_33044_sp|P46459|NSF_HUMAN	0.13522747201528962	-0.17227547027555262	0.44273041430613186	0.11776905108430011	1.1482428598197045	0.30534118708753744	0.6943067706387132	0.1419030962431488	3.4435701705065824
sp|P42126|ECI1_HUMAN	psvid_48065_sp|P42126|ECI1_HUMAN	0.5000000000000001	-0.6451592956894311	1.6451592956894312	0.4385789696482073	1.1400455439098227	0.3084245896522915	0.698416984168838	0.7653981452137717	1.4767226489021295
sp|P35749|MYH11_HUMAN	psvid_24897_sp|P35749|MYH11_HUMAN	-0.1969297236577101	-0.6483854467542658	0.2545259994388455	0.1729008240362495	-1.13897504396175	0.30882928398416265	0.698416984168838	0.26632333767770044	3.926330990690966
sp|Q96M27|PRRC1_HUMAN	psvid_71554_sp|Q96M27|PRRC1_HUMAN	-0.2538369910833591	-0.8358525710292402	0.32817858886252194	0.22290330640698494	-1.1387762486568698	0.30890448870822906	0.698416984168838	0.36559022235892674	3.0136421105135884
sp|P31994|FCG2B_HUMAN	psvid_75547_sp|P31994|FCG2B_HUMAN	-0.30199826056895795	-0.994634822617756	0.39063830147984013	0.26526949645128056	-1.138458302251209	0.309024802227602	0.698416984168838	0.44632700078351695	2.933963370436677
sp|P31995|FCG2C_HUMAN	psvid_75549_sp|P31995|FCG2C_HUMAN	-0.30199826056895795	-0.994634822617756	0.39063830147984013	0.26526949645128056	-1.138458302251209	0.309024802227602	0.698416984168838	0.44632700078351695	2.933963370436677
sp|P22087|FBRL_HUMAN	psvid_35253_sp|P22087|FBRL_HUMAN	0.1944018946658881	-0.251925950117989	0.6407297394497652	0.17093692294814633	1.1372726928333667	0.309473811838033	0.698416984168838	0.2622744286451137	2.195280303027634
sp|Q9Y3Z3|SAMH1_HUMAN	psvid_28209_sp|Q9Y3Z3|SAMH1_HUMAN	-0.35721082470096877	-1.1778765402026938	0.4634548908007563	0.3143027570794553	-1.136518266719074	0.3097598253720879	0.698416984168838	0.5378471242003985	2.9341973656075977
sp|P61026|RAB10_HUMAN	psvid_21468_sp|P61026|RAB10_HUMAN	0.13401322506005253	-0.17393249717798398	0.44195894729808904	0.1179386292152661	1.1362962750350987	0.3098440299945704	0.698416984168838	0.14234878370070564	4.453790495487742
sp|Q96L21|RL10L_HUMAN	psvid_62019_sp|Q96L21|RL10L_HUMAN	0.16951797627815968	-0.22034458739627083	0.5593805399525902	0.149311560517701	1.1353305510330072	0.31021057827215637	0.698416984168838	0.2164198835562484	3.305801617916188
sp|Q9HCC0|MCCB_HUMAN	psvid_37035_sp|Q9HCC0|MCCB_HUMAN	-0.24867642508262133	-0.820803787978506	0.3234509378132633	0.2191162664189505	-1.1349062721210839	0.31037173777323074	0.698416984168838	0.35826058465429655	3.2280095214931146
sp|P11310|ACADM_HUMAN	psvid_73944_sp|P11310|ACADM_HUMAN	-0.30214665545285435	-0.9982946604682531	0.3940013495625444	0.26661432685528386	-1.1332723901850075	0.310993047471578	0.6990072574827854	0.4488595676670603	3.185000649252527
sp|O75891|AL1L1_HUMAN	psvid_46225_sp|O75891|AL1L1_HUMAN	-0.1133421995537125	-0.3746567053086064	0.1479723062011814	0.1000795672003989	-1.1325208803786746	0.3112791894189607	0.6990072574827854	0.08900800997108033	5.91510604180492
sp|O95154|ARK73_HUMAN	psvid_97357_sp|O95154|ARK73_HUMAN	-0.29958673684244896	-0.9947822818276448	0.3956088081427469	0.2662495488368458	-1.1252103079657487	0.3140748671719521	0.7023642335440156	0.44817277283563806	3.2757498029201626
sp|Q969Z3|MARC2_HUMAN	psvid_89237_sp|Q969Z3|MARC2_HUMAN	0.1149939037800396	-0.15221029978424971	0.3821981073443289	0.10233523381945107	1.1236980606593627	0.3146559258196978	0.7023642335440156	0.09679646280381157	5.068273136048212
sp|Q00765|REEP5_HUMAN	psvid_91714_sp|Q00765|REEP5_HUMAN	0.12441849181285769	-0.16475269812324655	0.41358968174896193	0.11074826271900397	1.1234351560758882	0.31475703942356575	0.7023642335440156	0.12268430776775216	4.62787978149697
sp|Q9UM00|TMCO1_HUMAN	psvid_80274_sp|Q9UM00|TMCO1_HUMAN	-0.16746284957691726	-0.5570905923093525	0.22216489315551796	0.1492216275911817	-1.1222424810678953	0.3152161033267029	0.7023642335440156	0.21622319832017264	3.6347977888226692
sp|Q9Y678|COPG1_HUMAN	psvid_26126_sp|Q9Y678|COPG1_HUMAN	0.43064145846896895	-0.5733150778645687	1.4345979948025067	0.38450041398970564	1.120002587254688	0.31607983488817465	0.7023642335440156	0.6669010946327897	4.239499517856618
sp|P63220|RS21_HUMAN	psvid_80408_sp|P63220|RS21_HUMAN	0.19877460624911025	-0.2647000372430241	0.6622492497412447	0.17750389169960307	1.1198323842133246	0.31614555224746554	0.7023642335440156	0.2757540861248376	4.6417486807685595
sp|Q9Y5U9|IR3IP_HUMAN	psvid_89719_sp|Q9Y5U9|IR3IP_HUMAN	0.20912531692928005	-0.27885571423337024	0.6971063480919304	0.1868894735088689	1.1189785759622033	0.3164753985354051	0.7023642335440156	0.2947543558081759	2.348882639339619
sp|P04075|ALDOA_HUMAN	psvid_73757_sp|P04075|ALDOA_HUMAN	-0.24271341358512089	-0.8102340758053006	0.32480724863505883	0.21735196861039802	-1.1166837601557826	0.3173634373452163	0.7023642335440156	0.3548379133370725	2.532320754236242
sp|P68363|TBA1B_HUMAN	psvid_79043_sp|P68363|TBA1B_HUMAN	-0.09811862804171745	-0.3275807964664703	0.1313435403830354	0.08788059598327226	-1.116499347141364	0.3174348955691	0.7023642335440156	0.02559342831600166	7.378858689548595
sp|P09104|ENOG_HUMAN	psvid_50022_sp|P09104|ENOG_HUMAN	0.15022601114754475	-0.20111102151426574	0.5015630438093552	0.13455685542098117	1.1164500736699017	0.3174539909418319	0.7023642335440156	0.1832006179213694	2.8999150101705915
sp|Q8IY17|PLPL6_HUMAN	psvid_32489_sp|Q8IY17|PLPL6_HUMAN	-0.1600028206195172	-0.5342054172245101	0.21419977598547574	0.1433140261590388	-1.1164491355644317	0.3174543545036952	0.7023642335440156	0.20316249511466059	5.562316012469002
sp|Q8NFQ8|TOIP2_HUMAN	psvid_26469_sp|Q8NFQ8|TOIP2_HUMAN	-0.13142988327956817	-0.438814175429948	0.17595440887081165	0.11772360984608242	-1.116427566665735	0.3174627136101367	0.7023642335440156	0.1417835381888081	5.746389729532243
sp|P04217|A1BG_HUMAN	psvid_84267_sp|P04217|A1BG_HUMAN	-0.0988629183757237	-0.3302223154225934	0.132496478671146	0.0886072063137365	-1.1157435437663412	0.3177279093531048	0.7023642335440156	0.032580253715116254	4.769690526283937
sp|Q15365|PCBP1_HUMAN	psvid_17976_sp|Q15365|PCBP1_HUMAN	-0.13100837551970645	-0.43775890087743136	0.17574214983801845	0.11748088659529442	-1.1151462958482121	0.31795962123771254	0.7023642335440156	0.1411439919169722	3.8404233264747636
sp|P07741|APT_HUMAN	psvid_77584_sp|P07741|APT_HUMAN	0.542481250360578	-0.728291729827752	1.813254230548908	0.48668714161049736	1.1146406058016085	0.3181559275681496	0.7023642335440156	0.852594655788142	1.417481250360578
sp|O75106|AOC2_HUMAN	psvid_39587_sp|O75106|AOC2_HUMAN	-0.29248125036057804	-0.9791421287718475	0.3941796280506914	0.2629808985395698	-1.112176785404699	0.3191138900851954	0.7023642335440156	0.44201359817084745	1.646240625180289
sp|Q14651|PLSI_HUMAN	psvid_56616_sp|Q14651|PLSI_HUMAN	0.29248125036057804	-0.3941796280506914	0.9791421287718475	0.2629808985395698	1.112176785404699	0.3191138900851954	0.7023642335440156	0.44201359817084745	1.146240625180289
sp|Q92526|TCPW_HUMAN	psvid_71945_sp|Q92526|TCPW_HUMAN	0.29248125036057804	-0.3941796280506914	0.9791421287718475	0.2629808985395698	1.112176785404699	0.3191138900851954	0.7023642335440156	0.44201359817084745	1.292481250360578
sp|P62424|RL7A_HUMAN	psvid_77737_sp|P62424|RL7A_HUMAN	-0.10592614387622579	-0.3546723190654517	0.14282003131300017	0.09526608361742703	-1.1118977484327772	0.31922254204413336	0.7023642335440156	0.07030057514291557	6.110079678694175
sp|Q14108|SCRB2_HUMAN	psvid_70545_sp|Q14108|SCRB2_HUMAN	-0.09882575111420877	-0.330916270506913	0.13326476827849548	0.08888721529268807	-1.11181063315793	0.31925646979273437	0.7023642335440156	0.034914137163067335	4.927221707477118
sp|P00533|EGFR_HUMAN	psvid_29207_sp|P00533|EGFR_HUMAN	0.13163645362395848	-0.1784938035941217	0.44176671084203867	0.11877527360553952	1.1082816282211378	0.3206335250232245	0.7026310065304636	0.14453677785727145	4.640620231408799
sp|O15173|PGRC2_HUMAN	psvid_82327_sp|O15173|PGRC2_HUMAN	-0.19487424237686723	-0.654128943681201	0.2643804589274665	0.17588771663673866	-1.1079468544090632	0.3207644266964897	0.7026310065304636	0.2724519803802417	4.897671348408438
sp|Q9NWS8|RMND1_HUMAN	psvid_65450_sp|Q9NWS8|RMND1_HUMAN	-0.20183873051440104	-0.6777639438694678	0.2740864828406658	0.18227227468577134	-1.107347405755271	0.3209989369936125	0.7026310065304636	0.28544307010563436	1.5527580957716016
sp|Q9Y696|CLIC4_HUMAN	psvid_66353_sp|Q9Y696|CLIC4_HUMAN	-0.20183873051440104	-0.6777639438694678	0.2740864828406658	0.18227227468577134	-1.107347405755271	0.3209989369936125	0.7026310065304636	0.28544307010563436	1.1814013889790411
sp|O75340|PDCD6_HUMAN	psvid_41785_sp|O75340|PDCD6_HUMAN	-0.20183873051440093	-0.6777639438694676	0.27408648284066567	0.18227227468577126	-1.1073474057552708	0.3209989369936128	0.7026310065304636	0.2854430701056342	1.7471599904374895
sp|O76054|S14L2_HUMAN	psvid_50152_sp|O76054|S14L2_HUMAN	0.11119621066822394	-0.1514346601888612	0.3738270815253091	0.10058371544630064	1.1055090794253775	0.321719043079197	0.7034966360773158	0.09079132582272406	3.6600612340555863
sp|Q9BXJ8|TACAN_HUMAN	psvid_69822_sp|Q9BXJ8|TACAN_HUMAN	0.16237568822896697	-0.2231545118430463	0.5479058883009802	0.147652329725931	1.0997163981791898	0.3239973732864649	0.7061167743420511	0.21278123781640151	2.993614160482336
sp|Q14152|EIF3A_HUMAN	psvid_43104_sp|Q14152|EIF3A_HUMAN	-0.1322134845235321	-0.4461351247463473	0.1817081556992831	0.1202273168784864	-1.0996958757481057	0.32400546994837076	0.7061167743420511	0.148293049877321	5.406034482337391
sp|O00487|PSDE_HUMAN	psvid_31060_sp|O00487|PSDE_HUMAN	-0.353759374819711	-1.1972434868528588	0.4897247372134367	0.32304186340068597	-1.0950883303348349	0.32582774002060927	0.7061167743420511	0.5540153948159771	0.5731203125901445
sp|P02585|TNNC2_HUMAN	psvid_85347_sp|P02585|TNNC2_HUMAN	0.353759374819711	-0.4897247372134367	1.1972434868528588	0.32304186340068597	1.0950883303348349	0.32582774002060927	0.7061167743420511	0.5540153948159771	0.8231203125901445
sp|P27482|CALL3_HUMAN	psvid_32071_sp|P27482|CALL3_HUMAN	0.353759374819711	-0.4897247372134367	1.1972434868528588	0.32304186340068597	1.0950883303348349	0.32582774002060927	0.7061167743420511	0.5540153948159771	0.9693609377704335
sp|Q8WWI5|CTL1_HUMAN	psvid_80849_sp|Q8WWI5|CTL1_HUMAN	0.48527657773660793	-0.6742678616363873	1.6448210171096032	0.44408826562015385	1.0927480307522561	0.3267567316250745	0.7061167743420511	0.7754013042941641	1.653602336311985
sp|P62873|GBB1_HUMAN	psvid_83662_sp|P62873|GBB1_HUMAN	-0.19007071525588115	-0.6443043729559437	0.2641629424441813	0.1739647316521962	-1.092581889735474	0.32682276943398886	0.7061167743420511	0.2685102762222825	4.52974314661404
sp|O60701|UGDH_HUMAN	psvid_74311_sp|O60701|UGDH_HUMAN	-0.11539444306939028	-0.3912301736039853	0.16044128746520475	0.10564098020720433	-1.0923265085486287	0.3269243010832012	0.7061167743420511	0.10746458133767657	4.967610121736567
sp|P24462|CP3A7_HUMAN	psvid_418760_sp|P24462|CP3A7_HUMAN	-0.13452021443564988	-0.45615711183199664	0.1871166829606969	0.12318214556867421	-1.0920431188678612	0.32703700012267395	0.7061167743420511	0.15578971546654238	7.8170319645848405
sp|Q92575|UBXN4_HUMAN	psvid_44387_sp|Q92575|UBXN4_HUMAN	-0.11094191888325722	-0.3769721738580552	0.15508833609154077	0.1018856289786773	-1.088886823346551	0.32829448532020555	0.7061167743420511	0.09528135318202285	4.688849021433351
sp|P20042|IF2B_HUMAN	psvid_45493_sp|P20042|IF2B_HUMAN	-0.14708502513231414	-0.4999884590452939	0.2058184087806656	0.1351567637912659	-1.0882550085282456	0.3285467073027603	0.7061167743420511	0.18459496684838692	4.165097449183801
sp|O43678|NDUA2_HUMAN	psvid_69235_sp|O43678|NDUA2_HUMAN	-0.14923378559680822	-0.5075179984684033	0.2090504272747868	0.137217522063462	-1.0875709118824402	0.3288199898528961	0.7061167743420511	0.18935240175573126	3.1069376470346457
sp|P20338|RAB4A_HUMAN	psvid_87782_sp|P20338|RAB4A_HUMAN	-0.15273942731352508	-0.5195173144846661	0.214038459857616	0.14047047292963794	-1.0873418742601706	0.32891152972148835	0.7061167743420511	0.1967672603102156	3.2235483725523286
sp|P05026|AT1B1_HUMAN	psvid_74352_sp|P05026|AT1B1_HUMAN	-0.22305045377523292	-0.7592897929401996	0.3131888853897338	0.20537168736356198	-1.086081809224145	0.32941553743671903	0.7061167743420511	0.3314491124379883	4.284896966262448
sp|Q9NYU2|UGGG1_HUMAN	psvid_23108_sp|Q9NYU2|UGGG1_HUMAN	-0.10018225595969232	-0.34110857279502305	0.14074406087563843	0.09227119423168309	-1.0857370687990167	0.3295535451919819	0.7061167743420511	0.05623177719625503	7.509622449647102
sp|Q9HCU5|SEC12_HUMAN	psvid_51181_sp|Q9HCU5|SEC12_HUMAN	-0.1404381153900658	-0.4785425711468	0.1976663403666684	0.12948897537436715	-1.084556542238777	0.33002651757072216	0.7061167743420511	0.17123433468860605	4.4937132877350665
sp|Q9BY50|SC11C_HUMAN	psvid_81600_sp|Q9BY50|SC11C_HUMAN	-0.2880007733612624	-0.9814357010908586	0.40543415436833385	0.26557525862690534	-1.084441279847765	0.33007272840091056	0.7061167743420511	0.4469029420506573	2.9789628874017873
sp|P43307|SSRA_HUMAN	psvid_71261_sp|P43307|SSRA_HUMAN	-0.17314286870193807	-0.5902806660789448	0.2439949286750686	0.15975756915529243	-1.0837850727037193	0.3303359208149813	0.7061167743420511	0.23889413166552528	3.8106072245445968
sp|P37268|FDFT_HUMAN	psvid_23148_sp|P37268|FDFT_HUMAN	-0.15325211220471524	-0.522527066577019	0.21602284216758844	0.14142681250994837	-1.0836142700588338	0.33040445636645926	0.7061167743420511	0.19892666391662586	4.928792454612235
sp|Q53S08|RAB6D_HUMAN	psvid_162929_sp|Q53S08|RAB6D_HUMAN	0.18424139854155153	-0.2599170510967137	0.6283998481798168	0.17010607688917123	1.083097099826656	0.3306120490101512	0.7061167743420511	0.26055668456804876	1.1346019496313537
sp|P62195|PRS8_HUMAN	psvid_4553_sp|P62195|PRS8_HUMAN	0.1842413985415513	-0.2599170510967141	0.6283998481798168	0.1701060768891713	1.0830970998266545	0.3306120490101519	0.7061167743420511	0.2605566845680488	2.8299418780125185
sp|P30084|ECHM_HUMAN	psvid_59972_sp|P30084|ECHM_HUMAN	-0.13082922807818687	-0.4463971876389661	0.18473873148259234	0.12085783268678839	-1.082505164702399	0.33084979094001615	0.7061167743420511	0.14990869671991078	4.792137262941223
sp|Q5BJD5|TM41B_HUMAN	psvid_35221_sp|Q5BJD5|TM41B_HUMAN	0.18711530825100908	-0.26452439511858095	0.6387550116205991	0.17297128574309392	1.0817709277418601	0.33114489188951607	0.7061167743420511	0.2664683154658887	2.6507623267494744
sp|Q16772|GSTA3_HUMAN	psvid_51143_sp|Q16772|GSTA3_HUMAN	-0.16327033972625848	-0.5573615628764391	0.23082088342392215	0.150931074172132	-1.0817543081953684	0.33115157417238905	0.7061167743420511	0.21995164006645032	4.83293164988058
sp|Q14739|LBR_HUMAN	psvid_26730_sp|Q14739|LBR_HUMAN	-0.33048202372184077	-1.1288974119825204	0.46793336453883894	0.3057812128432553	-1.080779360670687	0.3315437791804887	0.7061167743420511	0.5220456703383602	2.3438023912774506
sp|O95298|NDUC2_HUMAN	psvid_96887_sp|O95298|NDUC2_HUMAN	-0.33048202372184043	-1.1289026499234653	0.46793860247978447	0.3057832188966939	-1.0807722703497695	0.33154663296869863	0.7061167743420511	0.5220493945542949	2.3919636607630497
sp|O43504|LTOR5_HUMAN	psvid_22230_sp|O43504|LTOR5_HUMAN	-0.20183873051440104	-0.6896554914856412	0.2859780304568391	0.18682656046998972	-1.0803535107997815	0.3317152174804836	0.7061167743420511	0.29462791842338676	2.0776420141593297
sp|Q7Z406|MYH14_HUMAN	psvid_24901_sp|Q7Z406|MYH14_HUMAN	0.17073900236591621	-0.24261892659736772	0.5840969313292002	0.1583099357993598	1.078510969660861	0.3324578698719285	0.7069831240133237	0.23581990425315374	3.608558786412921
sp|P68104|EF1A1_HUMAN	psvid_4549_sp|P68104|EF1A1_HUMAN	-0.133726806720879	-0.4578513790343544	0.1903977655925964	0.124134888043962	-1.0772701279073136	0.3329588113958418	0.7069831240133237	0.1581684607413805	5.936352736821422
sp|Q9UBF2|COPG2_HUMAN	psvid_52123_sp|Q9UBF2|COPG2_HUMAN	0.36186474424280524	-0.5161129289982477	1.239842417483858	0.33625238406013075	1.0761700478474356	0.3334034709994559	0.7069831240133237	0.5783927407382556	1.295790276780727
sp|P61020|RAB5B_HUMAN	psvid_97097_sp|P61020|RAB5B_HUMAN	-0.26109852983961357	-0.8946257909293089	0.3724287312500818	0.24263151376288805	-1.0761113665340787	0.33342720477231974	0.7069831240133237	0.4034419299525298	3.6248692457947858
sp|P10909|CLUS_HUMAN	psvid_53630_sp|P10909|CLUS_HUMAN	-0.14152586836746028	-0.48521720000281415	0.20216546326789359	0.13162866570008927	-1.0751903289054179	0.3337999114099373	0.7070815327715876	0.17632932029135573	4.391313332454128
sp|Q92520|FAM3C_HUMAN	psvid_84954_sp|Q92520|FAM3C_HUMAN	-0.2732773510978701	-0.937986967467627	0.3914322652718868	0.25457389182453605	-1.0734696678409792	0.3344971565935045	0.7078665413458244	0.4261282322150312	3.020700479470967
sp|O94826|TOM70_HUMAN	psvid_51475_sp|O94826|TOM70_HUMAN	-0.12787052167362756	-0.4396321523134817	0.18389110896622657	0.11940006535034418	-1.0709418064255602	0.33552377291662555	0.7093463569856855	0.14615927195016973	5.316840355385425
sp|Q00688|FKBP3_HUMAN	psvid_68385_sp|Q00688|FKBP3_HUMAN	-0.15935748015382334	-0.5487676477347766	0.23005268742712992	0.14913829954580218	-1.0685215041283391	0.33650925012913535	0.7100477355394271	0.21604090418517805	4.57198039581797
sp|P50897|PPT1_HUMAN	psvid_59525_sp|P50897|PPT1_HUMAN	0.159357480153823	-0.2300541227220284	0.5487690830296744	0.14913884924239018	1.0685175657673531	0.33651085574480466	0.7100477355394271	0.2160421069092784	2.0184006156177787
sp|P14649|MYL6B_HUMAN	psvid_65574_sp|P14649|MYL6B_HUMAN	-0.2119992266387375	-0.7309361076187081	0.3069376543412331	0.19874510334881298	-1.0666890558136797	0.337257026599327	0.7100786552422247	0.3183879353859618	1.5827222622214983
sp|Q8N139|ABCA6_HUMAN	psvid_33642_sp|Q8N139|ABCA6_HUMAN	-0.2035535859120987	-0.7020408939640002	0.2949337221398027	0.1909132212182672	-1.0662100016602833	0.33745275219852816	0.7100786552422247	0.3028173426849993	5.656363796794227
sp|Q9UGP8|SEC63_HUMAN	psvid_68821_sp|Q9UGP8|SEC63_HUMAN	-0.15973333881471752	-0.5510827027350899	0.23161602510565482	0.14988098288749044	-1.0657345297409935	0.3376471107971037	0.7100786552422247	0.2176638308437212	5.407650190580881
sp|P31946|1433B_HUMAN	psvid_54151_sp|P31946|1433B_HUMAN	-0.11459995994546923	-0.39549366376240247	0.166293743871464	0.1075781087089125	-1.0652721201444117	0.33783622222184295	0.7100786552422247	0.11339198332939385	3.8621299304375176
sp|A4FU28|CTGE9_HUMAN	psvid_29634_sp|A4FU28|CTGE9_HUMAN	-0.20344529780425913	-0.7040721332958723	0.297181537687354	0.19173262839033048	-1.0610885560390062	0.3395513127621596	0.7124794771515047	0.30445379857994403	2.2479632740824185
sp|Q9H444|CHM4B_HUMAN	psvid_50788_sp|Q9H444|CHM4B_HUMAN	0.24256316415148704	-0.3544387502041274	0.8395650785071015	0.22864284948100536	1.0608823529888614	0.33963604056183866	0.7124794771515047	0.37665699708324263	2.4211996682848342
sp|O94874|UFL1_HUMAN	psvid_80091_sp|O94874|UFL1_HUMAN	-0.1216843863653676	-0.421521706421522	0.17815293369078677	0.1148332318370942	-1.0596617757653348	0.3401379411905501	0.7128422810057273	0.1340600945559272	5.081046575084765
sp|Q9Y619|ORNT1_HUMAN	psvid_48806_sp|Q9Y619|ORNT1_HUMAN	-0.2003493666903009	-0.6949793994934609	0.2942806661128591	0.18943594219637877	-1.0576101048586055	0.3409830202133716	0.7139229031907017	0.29986240328048064	4.360247113601579
sp|P30048|PRDX3_HUMAN	psvid_90489_sp|P30048|PRDX3_HUMAN	-0.3227621955008477	-1.121146436002598	0.47562204500090244	0.3057692837150811	-1.0555742930725533	0.34182334469984116	0.7149914941742816	0.5220235240002459	3.77070533092732
sp|P35520|CBS_HUMAN	psvid_74323_sp|P35520|CBS_HUMAN	-0.3046600716188348	-1.0613954839070319	0.45207534066936217	0.2898184022667859	-1.0512102379833932	0.34363067545544573	0.7180260232153425	0.4923391906590311	3.3419899450655612
sp|Q9NZR2|LRP1B_HUMAN	psvid_25103_sp|Q9NZR2|LRP1B_HUMAN	-0.396240625180289	-1.3821626349326959	0.5896813845721177	0.3775934586728178	-1.0493842413822876	0.34438931491035035	0.7180260232153425	0.6542733693468774	1.3443609377704335
sp|P35268|RL22_HUMAN	psvid_77830_sp|P35268|RL22_HUMAN	-0.10463657126399561	-0.3649929627745385	0.1557198202465473	0.09971262370207996	-1.0493813860181571	0.3443905023364294	0.7180260232153425	0.08769300058364897	4.2419781948881425
sp|P61158|ARP3_HUMAN	psvid_418_sp|P61158|ARP3_HUMAN	-0.3374856177642398	-1.1776184884593217	0.502647252930842	0.32175838783652305	-1.0488790052482093	0.3445994758393891	0.7180260232153425	0.5516430271059386	3.2330897695552827
sp|P35613|BASI_HUMAN	psvid_69182_sp|P35613|BASI_HUMAN	-0.10375937481971098	-0.3629951710198845	0.15547642138046253	0.09928345237328372	-1.0450822603307426	0.34618229646801224	0.7206311589300505	0.08613580324821832	4.018059226520421
sp|Q9Y2T7|YBOX2_HUMAN	psvid_95827_sp|Q9Y2T7|YBOX2_HUMAN	-0.23172443357546613	-0.8113732542284755	0.34792438707754325	0.2219968728164965	-1.0438184585014874	0.34671053478404085	0.7210381275211292	0.3638379313600713	2.7965640995801198
sp|P30101|PDIA3_HUMAN	psvid_68778_sp|P30101|PDIA3_HUMAN	-0.09068066817074572	-0.31807868084504043	0.13671734450354903	0.0870900550466209	-1.0412287387142274	0.3477951198655818	0.7215079141157084	0.014717821837673539	8.711776542790078
sp|P45954|ACDSB_HUMAN	psvid_80441_sp|P45954|ACDSB_HUMAN	-0.20988383195168825	-0.7362878651335136	0.31652020123013713	0.20160491152678722	-1.0410650730788422	0.34786376062673086	0.7215079141157084	0.32403658741695957	3.6998880344889384
sp|A6NHG4|DDTL_HUMAN	psvid_99367_sp|A6NHG4|DDTL_HUMAN	0.21051191005594116	-0.317666199132974	0.7386900192448563	0.2022843562382748	1.0406732085993589	0.3480281539851499	0.7215079141157084	0.32537591240651953	3.124459854290678
sp|P53990|IST1_HUMAN	psvid_74386_sp|P53990|IST1_HUMAN	-0.1988823716652035	-0.6997640530336456	0.3019993097032386	0.191830230568909	-1.0367624074442283	0.3496724204494647	0.7215079141157084	0.3046486017086601	2.5280025652491322
sp|P39019|RS19_HUMAN	psvid_93803_sp|P39019|RS19_HUMAN	0.13849370205936795	-0.2121863558449278	0.4891737599636637	0.13430524386499915	1.031186110637489	0.35202833927751215	0.7215079141157084	0.18261449500050306	4.694706147255259
sp|Q86VB7|C163A_HUMAN	psvid_47983_sp|Q86VB7|C163A_HUMAN	-0.10938320872823182	-0.386373145895669	0.16760672843920538	0.10608302417235267	-1.0311094501842006	0.3520608209714324	0.7215079141157084	0.10883599373491769	5.634548445573405
sp|Q9UI10|EI2BD_HUMAN	psvid_46153_sp|Q9UI10|EI2BD_HUMAN	-0.38312377020675514	-1.3544702941046085	0.5882227536910982	0.3720112644817786	-1.0298714226851613	0.35258573563155216	0.7215079141157084	0.6440582889806351	2.0396412407980673
sp|Q07954|LRP1_HUMAN	psvid_31050_sp|Q07954|LRP1_HUMAN	-0.09548036669178583	-0.3377863729309899	0.14682563954741823	0.09279959474282858	-1.0288877549130075	0.35300327606125415	0.7215079141157084	0.05892336135272809	8.094378285300788
sp|Q53EP0|FND3B_HUMAN	psvid_27249_sp|Q53EP0|FND3B_HUMAN	-0.16383795715313854	-0.5804108967471804	0.25273498244090337	0.15954123702981174	-1.026931721248494	0.3538348033482449	0.7215079141157084	0.23843547245228394	2.91240100229841
sp|Q13838|DX39B_HUMAN	psvid_14380_sp|Q13838|DX39B_HUMAN	0.2667785489646345	-0.4119695607078533	0.9455266586371223	0.25995042585897205	1.026267020271653	0.3541177506182863	0.7215079141157084	0.4362948874016958	2.3119506538988475
sp|Q99747|SNAG_HUMAN	psvid_66298_sp|Q99747|SNAG_HUMAN	-0.1597597933692374	-0.5663925604750272	0.24687297373655237	0.15573429888205087	-1.0258484772852468	0.3542960124877427	0.7215079141157084	0.2303200738847272	3.9817124751220216
sp|P22897|MRC1_HUMAN	psvid_35243_sp|P22897|MRC1_HUMAN	-0.13621677378583974	-0.48321389661250913	0.21078034904082965	0.13289473453437003	-1.0249975235144515	0.35465867660123707	0.7215079141157084	0.17931399458587913	5.319613529780073
sp|O15228|GNPAT_HUMAN	psvid_74809_sp|O15228|GNPAT_HUMAN	-0.396240625180289	-1.4083082626264611	0.6158270122658831	0.38760684501819404	-1.0222745812491771	0.355821263412795	0.7215079141157084	0.6725764634444775	0.6981203125901445
sp|P35232|PHB1_HUMAN	psvid_51167_sp|P35232|PHB1_HUMAN	-0.14659233048385012	-0.5210679570008474	0.22788329603314716	0.14341859255250103	-1.0221291945128195	0.35588342809613616	0.7215079141157084	0.20339623677103436	5.527093511644386
sp|P02746|C1QB_HUMAN	psvid_80597_sp|P02746|C1QB_HUMAN	-0.34807935569468995	-1.2376893094875352	0.5415305980981553	0.3407073744167279	-1.02163728123168	0.3560938291152937	0.7215079141157084	0.5865977189557267	1.674039677847345
sp|Q9NY15|STAB1_HUMAN	psvid_32684_sp|Q9NY15|STAB1_HUMAN	-0.2284301057878383	-0.8126093793766962	0.3557491678010196	0.22373196887529234	-1.0209989521665752	0.3563670115389825	0.7215079141157084	0.3671910571126191	4.219492929135582
sp|P45880|VDAC2_HUMAN	psvid_77241_sp|P45880|VDAC2_HUMAN	-0.10978329372407636	-0.39059454371068714	0.17102795626253442	0.10754653011885738	-1.0207981010893328	0.35645300531108604	0.7215079141157084	0.113297001035731	4.504560221568745
sp|P06576|ATPB_HUMAN	psvid_44001_sp|P06576|ATPB_HUMAN	0.10727975970846382	-0.1674029630630634	0.38196248247999104	0.10519939539133971	1.0197754398624175	0.3568911260773676	0.7215079141157084	0.10608272147607961	9.121622378014338
sp|P61421|VA0D1_HUMAN	psvid_55555_sp|P61421|VA0D1_HUMAN	-0.16951797627815934	-0.6035985146686119	0.26456256211229323	0.16624638684612725	-1.019679161118011	0.3569323964667221	0.7215079141157084	0.2525373138979035	3.1105809402420848
sp|O60613|SEP15_HUMAN	psvid_165868_sp|O60613|SEP15_HUMAN	-0.13250942846763325	-0.47191322257857876	0.20689436564331226	0.12998660262915995	-1.0194083527644051	0.35704850146767897	0.7215079141157084	0.17242519940918472	3.6031751961764353
sp|P0DMV8|HS71A_HUMAN,sp|P0DMV9|HS71B_HUMAN	psvid_39363_sp|P0DMV8|HS71A_HUMAN	-0.11178736277313028	-0.39820994562503087	0.1746352200787703	0.10969558710654076	-1.0190689135430573	0.3571940758856638	0.7215079141157084	0.11964923436963962	6.627702635635746
sp|Q86YB8|ERO1B_HUMAN	psvid_56247_sp|Q86YB8|ERO1B_HUMAN	-0.36687622979324486	-1.3078600540782794	0.5741075944917897	0.36038280234375697	-1.0180181390656207	0.35764503598872904	0.7215079141157084	0.6227501094816817	2.0184006156177787
sp|Q13409|DC1I2_HUMAN	psvid_38518_sp|Q13409|DC1I2_HUMAN	-0.2924812503605779	-1.0430398908769893	0.4580773901558336	0.287452790591957	-1.017493167341551	0.35787051737044917	0.7215079141157084	0.48792378182448526	1.6229632740824185
sp|O14874|BCKD_HUMAN	psvid_42370_sp|O14874|BCKD_HUMAN	-0.17997302020181594	-0.6427426550026133	0.2827966145989814	0.1772338838617385	-1.0154549247604046	0.3587471011236689	0.7215079141157084	0.2752030803467539	3.703432773974947
sp|P62899|RL31_HUMAN	psvid_85869_sp|P62899|RL31_HUMAN	0.13880378933177606	-0.2192785781236261	0.49688615678717823	0.13714021827263106	1.012130439050621	0.3601807340148146	0.7215079141157084	0.18917481479388162	3.015560606055268
sp|P05090|APOD_HUMAN	psvid_32733_sp|P05090|APOD_HUMAN	-0.14893574097742845	-0.5332182776602581	0.23534679570540123	0.1471744932137919	-1.0119670720460923	0.3602513074842434	0.7215079141157084	0.2117294020743041	4.049495886233078
sp|Q9BRP8|PYM1_HUMAN	psvid_104080_sp|Q9BRP8|PYM1_HUMAN	-0.14624062518028935	-0.5247231898357934	0.23224193947521465	0.14495319023410339	-1.0088817289506131	0.3615863381308979	0.7215079141157084	0.20681547549988508	2.6859230905482265
sp|P20962|PTMS_HUMAN	psvid_26160_sp|P20962|PTMS_HUMAN	0.14624062518028924	-0.2322419394752147	0.5247231898357931	0.14495319023410336	1.0088817289506125	0.36158633813089835	0.7215079141157084	0.20681547549988502	2.4840843600338256
sp|P61916|NPC2_HUMAN	psvid_77729_sp|P61916|NPC2_HUMAN	0.14624062518028913	-0.23224193947521488	0.5247231898357931	0.14495319023410339	1.0088817289506116	0.36158633813089847	0.7215079141157084	0.20681547549988508	1.799842961492274
sp|O75439|MPPB_HUMAN	psvid_50729_sp|O75439|MPPB_HUMAN	0.14624062518028902	-0.232241939475215	0.524723189835793	0.14495319023410339	1.008881728950611	0.361586338130899	0.7215079141157084	0.20681547549988508	0.9693609377704335
sp|O94808|GFPT2_HUMAN	psvid_42687_sp|O94808|GFPT2_HUMAN	0.14624062518028902	-0.232241939475215	0.524723189835793	0.14495319023410339	1.008881728950611	0.361586338130899	0.7215079141157084	0.2068154754998851	0.9693609377704335
sp|Q13370|PDE3B_HUMAN	psvid_46314_sp|Q13370|PDE3B_HUMAN	-0.14624062518028902	-0.524723189835793	0.232241939475215	0.14495319023410339	-1.008881728950611	0.361586338130899	0.7215079141157084	0.20681547549988508	0.7193609377704335
sp|Q5T1J5|CHCH9_HUMAN	psvid_44270_sp|Q5T1J5|CHCH9_HUMAN	-0.14624062518028902	-0.524723189835793	0.232241939475215	0.14495319023410339	-1.008881728950611	0.361586338130899	0.7215079141157084	0.2068154754998851	0.8231203125901445
sp|Q6ZU15|SEP14_HUMAN	psvid_37476_sp|Q6ZU15|SEP14_HUMAN	-0.14624062518028902	-0.524723189835793	0.232241939475215	0.14495319023410339	-1.008881728950611	0.361586338130899	0.7215079141157084	0.2068154754998851	0.8231203125901445
sp|Q92599|SEPT8_HUMAN	psvid_67550_sp|Q92599|SEPT8_HUMAN	-0.14624062518028902	-0.524723189835793	0.232241939475215	0.14495319023410339	-1.008881728950611	0.361586338130899	0.7215079141157084	0.2068154754998851	0.8231203125901445
sp|Q9BYZ2|LDH6B_HUMAN	psvid_51617_sp|Q9BYZ2|LDH6B_HUMAN	-0.14624062518028902	-0.524723189835793	0.232241939475215	0.14495319023410339	-1.008881728950611	0.361586338130899	0.7215079141157084	0.20681547549988508	1.4693609377704335
sp|Q9H254|SPTN4_HUMAN	psvid_35000_sp|Q9H254|SPTN4_HUMAN	-0.14624062518028902	-0.524723189835793	0.232241939475215	0.14495319023410339	-1.008881728950611	0.361586338130899	0.7215079141157084	0.2068154754998851	1.5731203125901445
sp|Q9HD89|RETN_HUMAN	psvid_65419_sp|Q9HD89|RETN_HUMAN	-0.14624062518028902	-0.524723189835793	0.232241939475215	0.14495319023410339	-1.008881728950611	0.361586338130899	0.7215079141157084	0.20681547549988508	1.2193609377704335
sp|Q9NVA2|SEP11_HUMAN	psvid_60377_sp|Q9NVA2|SEP11_HUMAN	-0.14624062518028902	-0.524723189835793	0.232241939475215	0.14495319023410339	-1.008881728950611	0.361586338130899	0.7215079141157084	0.2068154754998851	0.9693609377704335
sp|Q9Y2P4|S27A6_HUMAN	psvid_51713_sp|Q9Y2P4|S27A6_HUMAN	-0.14624062518028902	-0.524723189835793	0.232241939475215	0.14495319023410339	-1.008881728950611	0.361586338130899	0.7215079141157084	0.2068154754998851	1.3656015629507225
sp|Q9Y2X3|NOP58_HUMAN	psvid_27130_sp|Q9Y2X3|NOP58_HUMAN	-0.14624062518028902	-0.524723189835793	0.232241939475215	0.14495319023410339	-1.008881728950611	0.361586338130899	0.7215079141157084	0.20681547549988508	1.2193609377704335
sp|Q9Y6H1|CHCH2_HUMAN	psvid_44269_sp|Q9Y6H1|CHCH2_HUMAN	-0.14624062518028902	-0.524723189835793	0.232241939475215	0.14495319023410339	-1.008881728950611	0.361586338130899	0.7215079141157084	0.2068154754998851	0.8231203125901445
sp|P23634|AT2B4_HUMAN	psvid_43608_sp|P23634|AT2B4_HUMAN	-0.1462406251802889	-0.5247231898357929	0.23224193947521504	0.14495319023410336	-1.0088817289506102	0.36158633813089913	0.7215079141157084	0.20681547549988502	2.1960835866725628
sp|Q96DC8|ECHD3_HUMAN	psvid_59818_sp|Q96DC8|ECHD3_HUMAN	-0.1462406251802889	-0.5247231898357929	0.2322419394752151	0.14495319023410339	-1.00888172895061	0.3615863381308995	0.7215079141157084	0.20681547549988505	1.549842961492274
sp|Q96G23|CERS2_HUMAN	psvid_56376_sp|Q96G23|CERS2_HUMAN	0.16630551815915373	-0.2650270303880299	0.5976380667063373	0.16519394762775716	1.0067288817015339	0.3625203343928113	0.7227061312136357	0.250338788107439	4.252747775356856
sp|O60763|USO1_HUMAN	psvid_46432_sp|O60763|USO1_HUMAN	-0.4619992266387375	-1.6629882392830186	0.7389897860055435	0.45996092046498666	-1.0044314768560996	0.363519275811034	0.7240314987890722	0.8041942376893764	2.76332036755561
sp|Q15582|BGH3_HUMAN	psvid_38592_sp|Q15582|BGH3_HUMAN	-0.4999999999999999	-1.805670996216679	0.8056709962166794	0.5000525624476617	-0.9998948861547583	0.36549861354909113	0.7268533471449432	0.8767653986516847	1.7267226489021295
sp|Q13442|HAP28_HUMAN	psvid_30657_sp|Q13442|HAP28_HUMAN	0.43872187554086717	-0.7080753889054215	1.5855191399871558	0.4392062873082068	0.9988970746063119	0.36593517069221915	0.7268533471449432	0.7665374121132368	1.9211996682848345
sp|P21549|AGT1_HUMAN	psvid_98716_sp|P21549|AGT1_HUMAN	-0.12551186628226585	-0.45374326566694256	0.20271953310241086	0.12570774170038407	-0.9984418189725731	0.36613449635958667	0.7268533471449432	0.16205790854241986	6.404999042875061
sp|P62081|RS7_HUMAN	psvid_86864_sp|P62081|RS7_HUMAN	-0.09761620520828362	-0.35315590364438815	0.1579234932278209	0.09786790192961509	-0.9974281994773682	0.3665786175205656	0.7268533471449432	0.08083836369907123	4.7443769016582
sp|Q9H061|T126A_HUMAN	psvid_58309_sp|Q9H061|T126A_HUMAN	-0.22877777560337165	-0.8281127794475784	0.37055722824083515	0.22953638803748003	-0.9966950232135546	0.3669001416691043	0.7268533471449432	0.3783755906660802	1.8967096420379275
sp|P19224|UD16_HUMAN	psvid_62815_sp|P19224|UD16_HUMAN	-0.08807522738289064	-0.31883371791499515	0.1426832631492139	0.08837706806040124	-0.9965846267121657	0.36694857488535665	0.7268533471449432	0.030534843518690187	7.92363168086392
sp|P35914|HMGCL_HUMAN	psvid_62663_sp|P35914|HMGCL_HUMAN	-0.34807935569468995	-1.2621803405900123	0.5660216292006324	0.350087074888949	-0.9942650862077786	0.3679674390272223	0.7282058816182564	0.6038488698657888	2.2970029519297634
sp|P14384|CBPM_HUMAN	psvid_29039_sp|P14384|CBPM_HUMAN	0.41951797627815945	-0.6840207721406518	1.5230567246969708	0.4226389193802196	0.9926155804424334	0.36869342271829725	0.728976867728604	0.7364264643689741	1.4364816370412092
sp|P14625|ENPL_HUMAN	psvid_24290_sp|P14625|ENPL_HUMAN	0.08998030149203862	-0.14804005781448246	0.3280006607985597	0.09115825574039703	0.987077920274023	0.37113939545561564	0.7331440929373921	0.050149514890389796	10.43689251959129
sp|Q96S66|CLCC1_HUMAN	psvid_91752_sp|Q96S66|CLCC1_HUMAN	0.09889628415316798	-0.1637816943044219	0.36157426261075787	0.10060175695630692	0.983047286103764	0.37292818478530465	0.7352954929019657	0.0908546593793244	4.505140635687656
sp|Q5JRA6|TGO1_HUMAN	psvid_31913_sp|Q5JRA6|TGO1_HUMAN	-0.09550597866268618	-0.34933392732469126	0.1583219699993189	0.09721232723791413	-0.9824471996123301	0.37319511298492497	0.7352954929019657	0.0782910933787978	6.848047177417371
sp|Q71U36|TBA1A_HUMAN	psvid_8301_sp|Q71U36|TBA1A_HUMAN	-0.09070472560303933	-0.33219349505678586	0.15078404385070718	0.09248660521493167	-0.9807336466967147	0.37395820100065713	0.7352954929019657	0.05734243702244134	7.17216939998061
sp|P40926|MDHM_HUMAN	psvid_39980_sp|P40926|MDHM_HUMAN	-0.14892748388879073	-0.5454512061110658	0.24759623833348432	0.15186268511981862	-0.9806720049187064	0.37398567569917573	0.7352954929019657	0.2219747604993853	4.232740930679574
sp|B5MD39|GGTL3_HUMAN	psvid_87713_sp|B5MD39|GGTL3_HUMAN	0.25	-0.41605677164792987	0.9160567716479299	0.25508983224966403	0.9800469026743392	0.37426438794225575	0.7352954929019657	0.4271050322842678	1.417481250360578
sp|Q14390|GGTL2_HUMAN	psvid_87714_sp|Q14390|GGTL2_HUMAN	0.25	-0.41605677164792987	0.9160567716479299	0.25508983224966403	0.9800469026743392	0.37426438794225575	0.7352954929019657	0.4271050322842678	1.417481250360578
sp|P23528|COF1_HUMAN	psvid_5656_sp|P23528|COF1_HUMAN	0.23954495607634319	-0.400032115897724	0.8791220280504104	0.2449485013070855	0.9779400763756132	0.3752050183363143	0.7364757923322401	0.4078553954039495	3.5594323872943154
sp|Q9Y2S2|CRYL1_HUMAN	psvid_49001_sp|Q9Y2S2|CRYL1_HUMAN	-0.23983950387566344	-0.8813549548747025	0.4016759471233756	0.24569087162950254	-0.9761840246036375	0.3759905328449616	0.7369874133566358	0.4092682108075221	2.058641627478699
sp|Q96CS3|FAF2_HUMAN	psvid_59309_sp|Q96CS3|FAF2_HUMAN	-0.2289643792603182	-0.8416090759675272	0.3836803174468908	0.23463380234845174	-0.9758371426819655	0.3761458602549327	0.7369874133566358	0.38815889718525554	4.76545758359473
sp|Q96GQ5|RUSF1_HUMAN	psvid_48646_sp|Q96GQ5|RUSF1_HUMAN	-0.6674996511442386	-2.45506156547058	1.1200622631821027	0.6846096132814715	-0.975007709787741	0.3765174802029886	0.7370491233964556	1.2090033155457103	2.51231120498865
sp|P35542|SAA4_HUMAN	psvid_98194_sp|P35542|SAA4_HUMAN	-0.1609640474436811	-0.5926410954455674	0.27071300055820524	0.1653258857925667	-0.9736167247616723	0.377141379295788	0.7376041235866179	0.2506146938530505	3.2934192840758554
sp|Q658P3|STEA3_HUMAN	psvid_75204_sp|Q658P3|STEA3_HUMAN	-0.16350924331768013	-0.602474478191928	0.2754559915565677	0.16811715291244764	-0.9725910800002233	0.3776019586622161	0.7378389940676485	0.2564325742344998	4.302170537533305
sp|Q6P1M0|S27A4_HUMAN	psvid_46048_sp|Q6P1M0|S27A4_HUMAN	-0.34196609476355544	-1.262944512082075	0.5790123225549643	0.35272102916705245	-0.9695086668665753	0.3789889505625594	0.7390498101910309	0.6086876994482089	3.4853300080549405
sp|Q9Y5U8|MPC1_HUMAN	psvid_41564_sp|Q9Y5U8|MPC1_HUMAN	-0.21861727947903553	-0.807566406719804	0.3703318477617329	0.22555875184592544	-0.9692254354571376	0.37911660644085327	0.7390498101910309	0.3707164106630775	3.287870019156048
sp|O75396|SC22B_HUMAN	psvid_381874_sp|O75396|SC22B_HUMAN	-0.09009596400782027	-0.3330507367538932	0.15285880873825264	0.09304806266095651	-0.9682734001255573	0.3795459601227057	0.7390498101910309	0.06015248035295945	5.573826997396363
sp|P83731|RL24_HUMAN	psvid_44469_sp|P83731|RL24_HUMAN	-0.18424139854155142	-0.681116150209804	0.31263335312670115	0.19029563611905656	-0.9681850950396079	0.3795858046804879	0.7390498101910309	0.3015827450145967	2.4650839733531944
sp|O75477|ERLN1_HUMAN	psvid_546200_sp|O75477|ERLN1_HUMAN	-0.17562334422726633	-0.649843890358156	0.29859720190362343	0.18161941250529842	-0.9669855320236918	0.3801274064244221	0.7394399369135751	0.28412104041109476	5.22997884545876
sp|P56537|IF6_HUMAN	psvid_40056_sp|P56537|IF6_HUMAN	0.22055315547321575	-0.3766012437369245	0.817707554683356	0.22870124891123014	0.9643723264441942	0.3813094680754432	0.740975563789647	0.3767693543234962	2.68220467262397
sp|Q16629|SRSF7_HUMAN	psvid_64230_sp|Q16629|SRSF7_HUMAN	0.2813827205209646	-0.4821159754718499	1.0448814165137792	0.292408639284269	0.9622927735983018	0.3822522937610969	0.740975563789647	0.49716980439029	2.7498692457947858
sp|Q6UW02|CP20A_HUMAN	psvid_42878_sp|Q6UW02|CP20A_HUMAN	-0.1531012468659103	-0.5687863014018797	0.26258380767005907	0.1592011902647885	-0.9616840590906854	0.38252863409607485	0.740975563789647	0.23771399061224616	5.166357716656739
sp|Q15185|TEBP_HUMAN	psvid_44918_sp|Q15185|TEBP_HUMAN	0.5	-0.8578538451497983	1.8578538451497983	0.5200378170795223	0.9614685385919574	0.3826265140196654	0.740975563789647	0.9128709291752769	1.8304820237218404
sp|Q16864|VATF_HUMAN	psvid_103841_sp|Q16864|VATF_HUMAN	0.5	-0.8578538451497983	1.8578538451497983	0.5200378170795223	0.9614685385919574	0.3826265140196654	0.740975563789647	0.9128709291752769	1.0
sp|O95716|RAB3D_HUMAN	psvid_86907_sp|O95716|RAB3D_HUMAN	0.13608012905595257	-0.23392409380659202	0.5060843519184972	0.14170611148979398	0.960298237142393	0.38315837229566657	0.7413430292542049	0.1995556497343266	3.0067619400688432
sp|P09210|GSTA2_HUMAN	psvid_63673_sp|P09210|GSTA2_HUMAN	-0.12326648869483092	-0.45925960763876345	0.2127266302491016	0.1286803647929184	-0.9579277218649491	0.38423754083283873	0.7419853505132299	0.16929128245190433	5.4803743989431535
sp|O00767|SCD_HUMAN	psvid_48347_sp|O00767|SCD_HUMAN	-0.39624062518028913	-1.4764507922401435	0.6839695418795654	0.41370441986187445	-0.9577867824389789	0.384301781374657	0.7419853505132299	0.7201669840767202	2.480441066826386
sp|O96008|TOM40_HUMAN	psvid_94523_sp|O96008|TOM40_HUMAN	0.21861727947903498	-0.3778034606069838	0.8150380195650537	0.22842026838394333	0.9570835417790908	0.38462245170987364	0.7419853505132299	0.3762287192679409	2.934110644336337
sp|Q6P2Q9|PRP8_HUMAN	psvid_16096_sp|Q6P2Q9|PRP8_HUMAN	-0.1940366553838181	-0.7238469538224248	0.33577364305478863	0.20290946043303193	-0.9562720977608522	0.38499273390323135	0.7419853505132299	0.32660722703107437	4.520318594962966
sp|P62277|RS13_HUMAN	psvid_32084_sp|P62277|RS13_HUMAN	-0.14568616886783414	-0.5436682245992595	0.2522958868635911	0.15242120515301757	-0.9558129967649708	0.3852023624030381	0.7419853505132299	0.22318477955627883	4.713051297925517
sp|O76062|ERG24_HUMAN	psvid_89411_sp|O76062|ERG24_HUMAN	-0.21199922663873738	-0.7917024193639033	0.3677039660864285	0.22201769651104608	-0.9548753543985614	0.3856307862230306	0.7421509003066672	0.36387820150406003	2.4132042859433387
sp|P34931|HS71L_HUMAN	psvid_24797_sp|P34931|HS71L_HUMAN	-0.14869884283095924	-0.5566652571754372	0.25926757151351876	0.15624506592906323	-0.9517026470357147	0.38708333807632844	0.7442853536924612	0.2314138969875231	5.603557240390158
sp|P49821|NDUV1_HUMAN	psvid_49307_sp|P49821|NDUV1_HUMAN	-0.09935751905965451	-0.3726989054278093	0.1739838673085003	0.1046856835086723	-0.9491032176469822	0.3882767558317826	0.7452802643124389	0.10445959651580489	5.045755557128299
sp|Q8N5M9|JAGN1_HUMAN	psvid_42957_sp|Q8N5M9|JAGN1_HUMAN	-0.13895403876541002	-0.5212393653444238	0.24333128781360386	0.14640959146361643	-0.9490774298071916	0.3882886102486126	0.7452802643124389	0.21004187268552765	2.626681692006675
sp|Q92896|GSLG1_HUMAN	psvid_41934_sp|Q92896|GSLG1_HUMAN	-0.2081114757551087	-0.7814330943006341	0.36521014279041675	0.2195736485615813	-0.9477980491668246	0.38887709966021883	0.7457492698793754	0.35914704852907725	3.973242288862421
sp|P62854|RS26_HUMAN	psvid_5377_sp|P62854|RS26_HUMAN	0.11149233970768369	-0.19599062688667296	0.41897530630204033	0.11776140068979549	0.9467647213315199	0.38935294034341794	0.7460016107198821	0.14188297151578458	3.960944313242885
sp|Q5VTE0|EF1A3_HUMAN	psvid_59806_sp|Q5VTE0|EF1A3_HUMAN	-0.12414387664301918	-0.46731777198563	0.21903001869959166	0.13143049529970563	-0.9445591478593266	0.39037017918334815	0.7464812143021282	0.17586017647387214	5.893773662122198
sp|P31153|METK2_HUMAN	psvid_59069_sp|P31153|METK2_HUMAN	-0.14324746476376982	-0.539377807778491	0.2528828782509514	0.15171202673702472	-0.9442063878829643	0.39053307713491053	0.7464812143021282	0.22164799570691632	2.9475801668808224
sp|Q02318|CP27A_HUMAN	psvid_31044_sp|Q02318|CP27A_HUMAN	-0.08831362105907892	-0.33259031874858963	0.1559630766304318	0.09355434024332218	-0.9439820838818075	0.3906366852877773	0.7464812143021282	0.06259194391910795	5.833834423324902
sp|Q14165|MLEC_HUMAN	psvid_84511_sp|Q14165|MLEC_HUMAN	-0.13455227712219586	-0.5070758473876336	0.23797129314324184	0.14267098405582554	-0.9430948977652462	0.39104670416707193	0.7466063505991585	0.20172289872218152	5.321283008490404
sp|Q9BR76|COR1B_HUMAN	psvid_64760_sp|Q9BR76|COR1B_HUMAN	-0.4109640474436811	-1.5511490205338316	0.7292209256464695	0.43667387811334196	-0.9411234975154898	0.3919590525364784	0.7476894954635112	0.7619379153174323	1.3517226489021295
sp|Q96KA5|CLP1L_HUMAN	psvid_64635_sp|Q96KA5|CLP1L_HUMAN	-0.22327119902087245	-0.8440019413492872	0.3974595433075423	0.2377306374965625	-0.9391772191083316	0.3928614704549158	0.7487518086858421	0.3940860035727727	3.258814258406002
sp|O43633|CHM2A_HUMAN	psvid_42492_sp|O43633|CHM2A_HUMAN	-0.12135670679256039	-0.4598862066601531	0.21717279307503234	0.12965176094393557	-0.9360205053060393	0.3943287072979299	0.7508877932465853	0.17162430063097417	1.7874010022984097
sp|Q96FZ7|CHMP6_HUMAN	psvid_72328_sp|Q96FZ7|CHMP6_HUMAN	-0.236883145026466	-0.8988220778847712	0.42505578783183917	0.25351276126894623	-0.9344032380885229	0.39508213004595777	0.751434188540787	0.42411843681573796	1.966520928207923
sp|P35580|MYH10_HUMAN	psvid_26405_sp|P35580|MYH10_HUMAN	-0.11863462775687683	-0.4504286523250871	0.21315939681133345	0.1270721741318531	-0.9336003618996771	0.39545659201673355	0.751434188540787	0.16539627672808033	4.596610200356178
sp|Q8N3C0|ASCC3_HUMAN	psvid_39422_sp|Q8N3C0|ASCC3_HUMAN	-0.2564988021332366	-0.9741958830414654	0.4611982787749922	0.27486730226012357	-0.9331732076683907	0.39565593406785327	0.751434188540787	0.4643693183846302	2.800311978349913
sp|O14548|CO72L_HUMAN	psvid_61314_sp|O14548|CO72L_HUMAN	0.2119992266387375	-0.3826281467118382	0.8066265999893132	0.22773343561055306	0.9309095349585704	0.3967136899634105	0.7523707939280464	0.3749067110707172	2.0827222622214983
sp|P78371|TCPB_HUMAN	psvid_70358_sp|P78371|TCPB_HUMAN	0.19008297366489435	-0.34323139156476723	0.7233973388945559	0.20425146587156276	0.9306321149461037	0.39684347829245825	0.7523707939280464	0.3292478274003817	4.395275714052452
sp|Q58FG1|HS904_HUMAN	psvid_52738_sp|Q58FG1|HS904_HUMAN	-0.1739984532774751	-0.6649097426593633	0.3169128361044131	0.18801171880298131	-0.9254659995944677	0.39926666728531846	0.7556299490637827	0.29700780413412675	2.6998020045968194
sp|Q8WUD1|RAB2B_HUMAN	psvid_80324_sp|Q8WUD1|RAB2B_HUMAN	-0.11356437662419294	-0.43419677589350303	0.20706802264511714	0.12279743773350438	-0.9248106370969313	0.39957491901245473	0.7556299490637827	0.15482411050222092	4.3620279010825405
sp|O95563|MPC2_HUMAN	psvid_88302_sp|O95563|MPC2_HUMAN	-0.16208114042964605	-0.6197289875546096	0.2955667066953175	0.17527231539691482	-0.9247389701140392	0.3996086394218251	0.7556299490637827	0.2711920719387227	4.059520035840444
sp|P07814|SYEP_HUMAN	psvid_26022_sp|P07814|SYEP_HUMAN	0.20183873051440115	-0.3686076699928955	0.7722851310216978	0.21847248283776718	0.9238633986884386	0.4000207942498605	0.7557498353438951	0.3570122688150731	3.4424999188186547
sp|P50993|AT1A2_HUMAN	psvid_52603_sp|P50993|AT1A2_HUMAN	0.11168658975154533	-0.20459213643549917	0.42796531593858983	0.12113004572804924	0.9220386988236962	0.40088082904784167	0.756714944727067	0.150603450132229	4.297993119943058
sp|Q16706|MA2A1_HUMAN	psvid_50834_sp|Q16706|MA2A1_HUMAN	-0.30559810533411236	-1.1721527008996624	0.5609564902314377	0.3318775152920985	-0.9208159373651553	0.4014579845775051	0.7571448673450423	0.5703277897168432	4.136498200711657
sp|Q96FJ2|DYL2_HUMAN	psvid_21668_sp|Q96FJ2|DYL2_HUMAN	0.29816126948559896	-0.54914840301639	1.145470941987588	0.32450699613380607	0.9188130704049788	0.4024048006376467	0.7578034754874141	0.5567226428642412	1.9314013889790411
sp|P62136|PP1A_HUMAN	psvid_48691_sp|P62136|PP1A_HUMAN	-0.23240266802715048	-0.893148719201782	0.428343383147481	0.25305590533483546	-0.9183846854695713	0.4026075438932829	0.7578034754874141	0.42325280331879467	2.2567619400688432
sp|O43181|NDUS4_HUMAN	psvid_79004_sp|O43181|NDUS4_HUMAN	-0.14026313072107366	-0.5393984700701175	0.2588722086279703	0.1528628956170703	-0.9175747335863653	0.40299109681118916	0.7578034754874141	0.22414018838537728	3.543314698513502
sp|Q9HBH5|RDH14_HUMAN	psvid_64848_sp|Q9HBH5|RDH14_HUMAN	-0.14890243623016608	-0.5728314855729968	0.27502661311266463	0.16235851760063452	-0.9171211860681842	0.4032060024166998	0.7578034754874141	0.24438869239385405	3.6361363677383687
sp|P61513|RL37A_HUMAN	psvid_82606_sp|P61513|RL37A_HUMAN	0.23436972886048557	-0.43532824458455033	0.9040677023055215	0.25648435835486805	0.9137778629611986	0.4047930155587413	0.7597532158340831	0.4297439216528203	3.465264220124933
sp|Q9BYX7|ACTBM_HUMAN	psvid_39531_sp|Q9BYX7|ACTBM_HUMAN	-0.14340065963915194	-0.5535701380509384	0.2667688187726345	0.15708880668403602	-0.9128636385123478	0.40522785118653276	0.7597532158340831	0.23321732232120398	4.272127419548692
sp|P27635|RL10_HUMAN	psvid_881227_sp|P27635|RL10_HUMAN	0.10319726487145653	-0.1920240595298059	0.39841858927271895	0.1130653741898275	0.9127220920721208	0.40529520881596676	0.7597532158340831	0.12920968819036738	4.920087483257337
sp|P15153|RAC2_HUMAN	psvid_79268_sp|P15153|RAC2_HUMAN	-0.26016049612433645	-1.0064906200689	0.4861696278202273	0.2858333316675941	-0.9101824990336903	0.4065052467964617	0.7613628952531828	0.4848989737398853	2.74288302602025
sp|P08195|4F2_HUMAN	psvid_46256_sp|P08195|4F2_HUMAN	-0.2544804769993154	-0.98634727665088	0.4773863226522491	0.2802940936856044	-0.9079052421445486	0.4075927441818298	0.762358847498667	0.4745395102560957	2.5002035125820763
sp|Q9Y315|DEOC_HUMAN	psvid_65846_sp|Q9Y315|DEOC_HUMAN	-0.22113069564501564	-0.8574362867747545	0.4151748954847232	0.24369557282514395	-0.9074054693791297	0.40783171985694966	0.762358847498667	0.40546953508880607	3.1586385514401996
sp|P13637|AT1A3_HUMAN	psvid_61721_sp|P13637|AT1A3_HUMAN	0.09787069282498706	-0.1839223437623101	0.3796637294122842	0.10792253977739508	0.9068605411516323	0.4080924149046856	0.762358847498667	0.11442463932533867	4.366509178030503
sp|P07327|ADH1A_HUMAN	psvid_59640_sp|P07327|ADH1A_HUMAN	-0.09589999183370401	-0.3723062048977534	0.18050622123034538	0.10585946652689121	-0.9059179587811619	0.40854366262404035	0.7625444590062838	0.1081438786879756	7.003228532782112
sp|Q13740|CD166_HUMAN	psvid_55431_sp|Q13740|CD166_HUMAN	-0.21861727947903542	-0.8515210568715716	0.4142864979135008	0.2423927287846568	-0.9019135209837765	0.41046516606061045	0.7651029516597058	0.40298673790077827	2.2322719138219362
sp|P62995|TRA2B_HUMAN	psvid_43109_sp|P62995|TRA2B_HUMAN	-0.22327119902087222	-0.8698799075355274	0.4233375094937829	0.24764151346750732	-0.9015903508850398	0.4106205504292745	0.7651029516597058	0.4129776277954308	2.459714955205126
sp|P01876|IGHA1_HUMAN	psvid_159720_sp|P01876|IGHA1_HUMAN	-0.3962406251802888	-1.545965215384548	0.7534839650239704	0.4403274095132904	-0.8998772654608708	0.4114450057501273	0.7653701094815522	0.7685733096279291	2.1090843600338256
sp|Q9UF12|HYPDH_HUMAN	psvid_884553_sp|Q9UF12|HYPDH_HUMAN	-0.09248740243757603	-0.3608847297071549	0.17590992483200285	0.10279218244423932	-0.8997513258145557	0.41150566853244075	0.7653701094815522	0.0983190753648521	4.009266338247416
sp|Q92504|S39A7_HUMAN	psvid_83497_sp|Q92504|S39A7_HUMAN	-0.20183873051440093	-0.78871126411606	0.3850338030872581	0.22476344738300327	-0.8980051376879891	0.412347507582429	0.7653701094815522	0.3691822362935674	2.90812403788117
sp|P30039|PBLD_HUMAN	psvid_80880_sp|P30039|PBLD_HUMAN	-0.21861727947903542	-0.8544998294010284	0.4172652704429576	0.2435335543376634	-0.8976885344346384	0.4125002887296557	0.7653701094815522	0.4051608859292044	3.208994562724066
sp|Q9UNM6|PSD13_HUMAN	psvid_82089_sp|Q9UNM6|PSD13_HUMAN	-0.22672264890212945	-0.8862260028209579	0.43278070501669896	0.2525799707778823	-0.8976271879511315	0.41252989749628655	0.7653701094815522	0.4223507992937959	1.7596019496313537
sp|O75822|EIF3J_HUMAN	psvid_47353_sp|O75822|EIF3J_HUMAN	-0.28533896231138556	-1.1177499915791094	0.5470720669563383	0.318801037475097	-0.8950377469636518	0.41378122545051965	0.7670350004715792	0.5461738437394621	3.0896451210035507
sp|P34896|GLYC_HUMAN	psvid_90832_sp|P34896|GLYC_HUMAN	-0.11003914571269946	-0.431518965882414	0.2114406744570151	0.12312198732826969	-0.8937408183585556	0.414409086825816	0.7675423001295242	0.15563891646497374	5.339939571497608
sp|Q9H115|SNAB_HUMAN	psvid_53113_sp|Q9H115|SNAB_HUMAN	-0.18424139854155153	-0.7242157464565138	0.3557329493734107	0.20680214013582357	-0.890906633850817	0.41578378187360937	0.7694307901965085	0.33425623947035876	3.3521931295272047
sp|P54819|KAD2_HUMAN	psvid_40045_sp|P54819|KAD2_HUMAN	-0.10166272684226518	-0.4000178000824876	0.19669234639795724	0.114265553363241	-0.8897058111562944	0.4163673170148088	0.7698532218183367	0.13251378012830184	5.344250647496988
sp|Q9BRK5|CAB45_HUMAN	psvid_55837_sp|Q9BRK5|CAB45_HUMAN	-0.15733915501990192	-0.6211594308981273	0.30648112085832346	0.17763626376027572	-0.8857378087631632	0.4183001558206339	0.7702401332966801	0.2760241221741195	3.9516328515923695
sp|Q7Z5P4|DHB13_HUMAN	psvid_87928_sp|Q7Z5P4|DHB13_HUMAN	-0.11928555040746147	-0.4713538430357342	0.23278274222081125	0.13483691710658527	-0.884665364405871	0.4188237637459067	0.7702401332966801	0.18385210076787803	8.034945980934106
sp|Q96RT6|CTGE2_HUMAN	psvid_37981_sp|Q96RT6|CTGE2_HUMAN	0.1526243982070734	-0.2984777902744535	0.6037265866886004	0.17276542553948324	0.8834198030681384	0.41943254226937776	0.7702401332966801	0.26604469410383647	3.174391554798227
sp|Q13813|SPTN1_HUMAN	psvid_26464_sp|Q13813|SPTN1_HUMAN	0.20302234393761331	-0.3971973740452558	0.8032420619204824	0.22987522038755417	0.8831849887749157	0.4195473877846053	0.7702401332966801	0.379026994378985	4.895807652488946
sp|Q10589|BST2_HUMAN	psvid_44089_sp|Q10589|BST2_HUMAN	0.33048202372184055	-0.6467858733560925	1.3077499207997736	0.3742790622964559	0.8829829317571471	0.4196462318421428	0.7702401332966801	0.6482092617623421	1.8114816370412092
sp|Q9Y3L5|RAP2C_HUMAN	psvid_12792_sp|Q9Y3L5|RAP2C_HUMAN	-0.33048202372184043	-1.3077499207997736	0.6467858733560926	0.3742790622964559	-0.8829829317571468	0.41964623184214306	0.7702401332966801	0.6482092617623421	2.2882042859433387
sp|Q9H4M9|EHD1_HUMAN	psvid_71606_sp|Q9H4M9|EHD1_HUMAN	-0.34445446327091156	-1.3634579763478434	0.6745490498060202	0.3902631821751267	-0.8826209568401999	0.41982335182098157	0.7702401332966801	0.6774276204716659	3.229431904259426
sp|Q9UN36|NDRG2_HUMAN	psvid_34586_sp|Q9UN36|NDRG2_HUMAN	-0.18424139854155197	-0.7313190419740467	0.3628362448909428	0.20952259661809017	-0.879339037962479	0.42143193223876835	0.7702401332966801	0.3395835440924027	3.2150839733531944
sp|P78329|CP4F2_HUMAN	psvid_30111_sp|P78329|CP4F2_HUMAN	0.09642742253086878	-0.19021267056975116	0.3830675156314887	0.10977889029512801	0.8783785504811961	0.42190361535598664	0.7702401332966801	0.11989114619224614	7.176787209579002
sp|Q99536|VAT1_HUMAN	psvid_75428_sp|Q99536|VAT1_HUMAN	-0.09848586691105554	-0.39159311689224474	0.19462138307013366	0.11225571514553083	-0.8773349916605694	0.42241656366181746	0.7702401332966801	0.12695244022299546	4.816366658358369
sp|P36873|PP1G_HUMAN	psvid_65994_sp|P36873|PP1G_HUMAN	-0.23240266802715037	-0.9241599472430216	0.4593546111887209	0.26493274421048224	-0.8772138329662733	0.42247614941517325	0.7702401332966801	0.44569259397026356	2.1910033386103946
sp|P62140|PP1B_HUMAN	psvid_53190_sp|P62140|PP1B_HUMAN	-0.23240266802715037	-0.9241599472430216	0.4593546111887209	0.26493274421048224	-0.8772138329662733	0.42247614941517325	0.7702401332966801	0.44569259397026356	2.1910033386103946
sp|P49419|AL7A1_HUMAN	psvid_42048_sp|P49419|AL7A1_HUMAN	-0.2697378353487059	-1.0732140740059588	0.533738403308547	0.3077194432369025	-0.8765706596610605	0.42279257202929776	0.7702401332966801	0.5256429845207286	3.4596709222711723
sp|Q9BQB6|VKOR1_HUMAN	psvid_92921_sp|Q9BQB6|VKOR1_HUMAN	-0.1654445244429965	-0.6593336727051073	0.32844462381911427	0.18915219444192682	-0.874663521251354	0.4237319219171187	0.7702401332966801	0.2992941403752848	2.0827222622214983
sp|P13747|HLAE_HUMAN	psvid_65666_sp|P13747|HLAE_HUMAN	0.3426608449800974	-0.6810459938502078	1.3663676838104026	0.3920644859505919	0.8739910327488312	0.4240635421138409	0.7702401332966801	0.6807162885207031	3.0553922264120805
sp|Q06278|AOXA_HUMAN	psvid_38112_sp|Q06278|AOXA_HUMAN	-0.10034297034116779	-0.40208420352704616	0.20139826284471057	0.11556240223450281	-0.8683011810151603	0.42687748279676213	0.7702401332966801	0.13603152899318785	6.480155995780228
sp|O00187|MASP2_HUMAN	psvid_93107_sp|O00187|MASP2_HUMAN	0.25	-0.5019770094427682	1.0019770094427682	0.28799600478464105	0.8680675976284675	0.4269933135759442	0.7702401332966801	0.48893800808485205	1.021240625180289
sp|P53801|PTTG_HUMAN	psvid_98651_sp|P53801|PTTG_HUMAN	0.25	-0.5019770094427682	1.0019770094427682	0.28799600478464105	0.8680675976284675	0.4269933135759442	0.7702401332966801	0.48893800808485205	1.021240625180289
sp|Q01814|AT2B2_HUMAN	psvid_60887_sp|Q01814|AT2B2_HUMAN	-0.25	-1.0019770094427682	0.5019770094427682	0.28799600478464105	-0.8680675976284675	0.4269933135759442	0.7702401332966801	0.488938008084852	0.771240625180289
sp|Q16720|AT2B3_HUMAN	psvid_57122_sp|Q16720|AT2B3_HUMAN	-0.25	-1.0019770094427682	0.5019770094427682	0.28799600478464105	-0.8680675976284675	0.4269933135759442	0.7702401332966801	0.488938008084852	0.771240625180289
sp|Q9UL42|PNMA2_HUMAN	psvid_52452_sp|Q9UL42|PNMA2_HUMAN	-0.25	-1.0019770094427682	0.5019770094427682	0.28799600478464105	-0.8680675976284675	0.4269933135759442	0.7702401332966801	0.48893800808485205	1.021240625180289
sp|O95741|CPNE6_HUMAN	psvid_46956_sp|O95741|CPNE6_HUMAN	0.10375937481971098	-0.20858639011243557	0.41610513975185753	0.1196237800920523	0.8673808396613665	0.42733400951924255	0.7702401332966801	0.14673791509338868	0.9481203125901445
sp|Q15366|PCBP2_HUMAN	psvid_88152_sp|Q15366|PCBP2_HUMAN	-0.10375937481971098	-0.4161051397518576	0.20858639011243563	0.11962378009205231	-0.8673808396613665	0.42733400951924255	0.7702401332966801	0.14673791509338868	3.136842188131012
sp|Q86YQ8|CPNE8_HUMAN	psvid_37053_sp|Q86YQ8|CPNE8_HUMAN	0.10375937481971098	-0.20858639011243557	0.41610513975185753	0.1196237800920523	0.8673808396613665	0.42733400951924255	0.7702401332966801	0.14673791509338868	0.9481203125901445
sp|Q8IYJ1|CPNE9_HUMAN	psvid_62010_sp|Q8IYJ1|CPNE9_HUMAN	0.10375937481971098	-0.20858639011243557	0.41610513975185753	0.1196237800920523	0.8673808396613665	0.42733400951924255	0.7702401332966801	0.14673791509338868	0.9481203125901445
sp|Q96A23|CPNE4_HUMAN	psvid_35777_sp|Q96A23|CPNE4_HUMAN	0.10375937481971098	-0.20858639011243557	0.41610513975185753	0.1196237800920523	0.8673808396613665	0.42733400951924255	0.7702401332966801	0.14673791509338868	0.9481203125901445
sp|Q96FN4|CPNE2_HUMAN	psvid_84443_sp|Q96FN4|CPNE2_HUMAN	0.10375937481971098	-0.20858639011243557	0.41610513975185753	0.1196237800920523	0.8673808396613665	0.42733400951924255	0.7702401332966801	0.14673791509338868	0.9481203125901445
sp|Q9HCH3|CPNE5_HUMAN	psvid_71155_sp|Q9HCH3|CPNE5_HUMAN	0.10375937481971098	-0.20858639011243557	0.41610513975185753	0.1196237800920523	0.8673808396613665	0.42733400951924255	0.7702401332966801	0.14673791509338868	0.9481203125901445
sp|Q9UBL6|CPNE7_HUMAN	psvid_42742_sp|Q9UBL6|CPNE7_HUMAN	0.10375937481971098	-0.20858639011243557	0.41610513975185753	0.1196237800920523	0.8673808396613665	0.42733400951924255	0.7702401332966801	0.14673791509338868	0.9481203125901445
sp|Q6IS14|IF5AL_HUMAN	psvid_75228_sp|Q6IS14|IF5AL_HUMAN	0.14477467552642176	-0.2915620145905204	0.581111365643364	0.16711045938459282	0.8663411976699386	0.4278501724768068	0.7702401332966801	0.25433845704250824	5.018862190163505
sp|P23786|CPT2_HUMAN	psvid_36827_sp|P23786|CPT2_HUMAN	-0.08391589142836264	-0.33697555926221906	0.16914377640549377	0.09691808711317493	-0.8658434553126381	0.4280974644271826	0.7702401332966801	0.0771261996234353	5.928177835186805
sp|P42766|RL35_HUMAN	psvid_18346_sp|P42766|RL35_HUMAN	-0.1342352464645531	-0.5391232479808503	0.2706527550517442	0.15506607962434787	-0.8656647978058252	0.42818625351918993	0.7702401332966801	0.22888662407086538	3.530054883586291
sp|P04899|GNAI2_HUMAN	psvid_86428_sp|P04899|GNAI2_HUMAN	-0.1004082255299088	-0.4033496269603883	0.20253317590057068	0.11602204881302076	-0.8654236548755061	0.4283061193458696	0.7702401332966801	0.13726601983348227	5.21296177849945
sp|P14927|QCR7_HUMAN	psvid_93676_sp|P14927|QCR7_HUMAN	-0.09235701879034686	-0.3721420388347287	0.18742800125403497	0.10715349932185028	-0.8619132307843708	0.43005402148471966	0.7719402583537077	0.11211046599791404	4.510038595108736
sp|P08910|ABHD2_HUMAN	psvid_33718_sp|P08910|ABHD2_HUMAN	-0.1311978869670345	-0.528950766910212	0.26655499297614305	0.15233343423638063	-0.8612547050140718	0.4303825306923132	0.7719402583537077	0.22299476735838025	5.217807028212228
sp|P16520|GBB3_HUMAN	psvid_70059_sp|P16520|GBB3_HUMAN	-0.396240625180289	-1.5977831475209585	0.8053018971603805	0.4601729064421744	-0.8610690017450665	0.4304752050622883	0.7719402583537077	0.8045785228427775	0.9481203125901445
sp|Q8IZV5|RDH10_HUMAN	psvid_80919_sp|Q8IZV5|RDH10_HUMAN	-0.13880378933177617	-0.5599033685714347	0.28229578990788234	0.1612748726551926	-0.8606659366492891	0.43067640625271464	0.7719402583537077	0.2421038601653666	3.515560606055268
sp|Q6NUM9|RETST_HUMAN	psvid_44100_sp|Q6NUM9|RETST_HUMAN	-0.120924725164814	-0.4891059363316901	0.24725648600206207	0.14100792513777072	-0.8575739629291433	0.43222228268299195	0.7739943738471932	0.1979819178984995	5.904165988069364
sp|P26885|FKBP2_HUMAN	psvid_58963_sp|P26885|FKBP2_HUMAN	-0.08957897684118721	-0.3625212141363136	0.1833632604539392	0.10453281535326041	-0.8569459890510183	0.43253677283292613	0.7739943738471932	0.10397325525503937	5.1234618498782165
sp|Q07020|RL18_HUMAN	psvid_66690_sp|Q07020|RL18_HUMAN	0.12979560652058697	-0.267065516529765	0.526656729570939	0.151991904616262	0.8539639453054121	0.4340326068570365	0.7760302467485132	0.2222549013683015	4.9113997292629765
sp|P35609|ACTN2_HUMAN	psvid_73356_sp|P35609|ACTN2_HUMAN	-0.2215162368471173	-0.9000146137152043	0.4569821400209697	0.25985478191104816	-0.8524616526893292	0.4347876935514154	0.7762323342415343	0.4361142664664466	3.7798024876317093
sp|P02671|FIBA_HUMAN	psvid_46503_sp|P02671|FIBA_HUMAN	0.11158555194051689	-0.2302573201946092	0.453428424075643	0.13092073321759717	0.8523138329439067	0.4348620460402504	0.7762323342415343	0.17465086239174163	7.018485103486546
sp|P35503|UD13_HUMAN	psvid_62830_sp|P35503|UD13_HUMAN	-0.07400035507780123	-0.30128452384654214	0.15328381369093969	0.08704645452485378	-0.8501248612793576	0.43596423759112374	0.7768646788014845	0.013876241007849939	7.862679830144426
sp|Q9UHA4|LTOR3_HUMAN	psvid_151859_sp|Q9UHA4|LTOR3_HUMAN	0.18424139854155153	-0.3821383025560995	0.7506210996392025	0.21691499747859921	0.8493714159147928	0.43634411157817254	0.7768646788014845	0.35398939881815533	2.677083199991932
sp|P62491|RB11A_HUMAN	psvid_65738_sp|P62491|RB11A_HUMAN	-0.11404315713913693	-0.46479265065419995	0.23670633637592609	0.13433183667068288	-0.8489659634351309	0.43654863939701377	0.7768646788014845	0.1826764792514803	3.7660588296309414
sp|Q14520|HABP2_HUMAN	psvid_72883_sp|Q14520|HABP2_HUMAN	-0.11280277795808236	-0.4600935068208208	0.23448795090465607	0.133007181277165	-0.8480953951126895	0.43698804186846313	0.7768646788014845	0.1795780497679692	2.848882639339619
sp|A1L0T0|HACL2_HUMAN	psvid_67259_sp|A1L0T0|HACL2_HUMAN	0.08475337467964517	-0.17619310040441644	0.34569984976370677	0.09993861692996915	0.8480543085665787	0.4370087879367833	0.7768646788014845	0.08850462958238912	6.607415123868069
sp|P51149|RAB7A_HUMAN	psvid_80050_sp|P51149|RAB7A_HUMAN	0.1184827970831035	-0.2466664918926088	0.4836320860588158	0.13984674405522657	0.8472331471393694	0.4374235811229556	0.7769646723716761	0.19535402204525337	5.17652465349895
sp|Q92614|MY18A_HUMAN	psvid_24178_sp|Q92614|MY18A_HUMAN	-0.2483934327101417	-1.0218856329219923	0.5250987675017089	0.29623600269131467	-0.8384984622175511	0.44185452073998427	0.777339918547936	0.5043000614881159	2.3276420141593297
sp|Q9Y512|SAM50_HUMAN	psvid_63908_sp|Q9Y512|SAM50_HUMAN	0.16017626316203804	-0.3391160929552925	0.6594686192793686	0.19122154264776808	0.8376475837614398	0.44228799127857865	0.777339918547936	0.3034333107825141	3.025428059962184
sp|Q8IVS8|GLCTK_HUMAN	psvid_41346_sp|Q8IVS8|GLCTK_HUMAN	-0.13447356176609437	-0.5548661138842669	0.28591899035207813	0.16100409178861633	-0.8352182871392231	0.44352736319185204	0.777339918547936	0.24153195811205347	2.732681305326044
sp|P61247|RS3A_HUMAN	psvid_19780_sp|P61247|RS3A_HUMAN	0.09938871650460657	-0.21160082119549273	0.41037825420470586	0.11910436524358614	0.834467454667525	0.44391095836719735	0.777339918547936	0.14539257751384954	5.888553910218555
sp|Q8NI22|MCFD2_HUMAN	psvid_66567_sp|Q8NI22|MCFD2_HUMAN	-0.118604011589444	-0.48993348565024125	0.25272546247135325	0.14221366297825724	-0.8339846475058948	0.44415775532358964	0.777339918547936	0.20069677142178968	4.825487696982286
sp|O14936|CSKP_HUMAN	psvid_47747_sp|O14936|CSKP_HUMAN	0.5	-1.0672584147696151	2.067258414769615	0.600236651188618	0.8330047807141991	0.44465895731683647	0.777339918547936	1.057400469065877	1.042481250360578
sp|P23284|PPIB_HUMAN	psvid_33371_sp|P23284|PPIB_HUMAN	-0.09094133822302308	-0.37641826199314604	0.19453558554709988	0.10933341375014774	-0.831779920737179	0.4452860812551138	0.777339918547936	0.1185939053123375	6.931672919569083
sp|O75844|FACE1_HUMAN	psvid_83741_sp|O75844|FACE1_HUMAN	-0.10264789856191281	-0.4253193292944953	0.22002353217066967	0.12357835644202683	-0.8306300675722862	0.4458754166336922	0.777339918547936	0.1567811037544731	4.548361973703592
sp|P47813|IF1AX_HUMAN	psvid_101104_sp|P47813|IF1AX_HUMAN	0.16746284957691737	-0.3598869714837194	0.6948126706375541	0.2019671342105276	0.8291589135604437	0.44663029660784703	0.777339918547936	0.3247507293734349	2.900428059962184
sp|Q9P2B2|FPRP_HUMAN	psvid_24684_sp|Q9P2B2|FPRP_HUMAN	-0.13061438952880178	-0.5423423246661427	0.28111354560853913	0.15768567241922923	-0.8283212261767531	0.44706056691820806	0.777339918547936	0.23449050787072126	3.5334759148320525
sp|P00441|SODC_HUMAN	psvid_25483_sp|P00441|SODC_HUMAN	0.07795419473001797	-0.1677985233981144	0.32370691285815034	0.09411963410731745	0.8282458327571985	0.4470993075399414	0.777339918547936	0.06522274335885941	5.306651469336979
sp|O60762|DPM1_HUMAN	psvid_34961_sp|O60762|DPM1_HUMAN	-0.10375937481971098	-0.4310531061608742	0.22353435652145226	0.12534862879273517	-0.8277663331385765	0.44734575648274616	0.777339918547936	0.1611738553249407	4.53056939714532
sp|O43681|GET3_HUMAN	psvid_51700_sp|O43681|GET3_HUMAN	-0.10943939394473179	-0.4550979425393052	0.2362191546498416	0.13238208052219885	-0.8266934128322613	0.44789758140500974	0.777339918547936	0.17810803565545877	2.897119033542035
sp|A6NKH3|RL37L_HUMAN	psvid_88664_sp|A6NKH3|RL37L_HUMAN	0.396240625180289	-0.8556434231337613	1.6481246734943393	0.47945296178035474	0.8264431691253444	0.4480263614028	0.777339918547936	0.8395030125153877	1.3443609377704335
sp|P21912|SDHB_HUMAN	psvid_70441_sp|P21912|SDHB_HUMAN	0.10452270581409873	-0.2259532613045665	0.43499867293276395	0.12656737774209792	0.8258265887998495	0.4483437852322194	0.777339918547936	0.1641649102142834	5.489101654358075
sp|Q8TEB1|DCA11_HUMAN	psvid_33833_sp|Q8TEB1|DCA11_HUMAN	-0.2499999999999999	-1.0407319396602515	0.5407319396602516	0.30283856636323697	-0.8255223335727315	0.4485004829655114	0.777339918547936	0.5165803561774195	2.1573207542362414
sp|P61254|RL26_HUMAN	psvid_16256_sp|P61254|RL26_HUMAN	-0.16494943341093649	-0.6871340181818859	0.35723515136001294	0.1999889255731373	-0.8247928375944665	0.44887635820467975	0.777339918547936	0.32084700762063684	4.182160639690017
sp|P28838|AMPL_HUMAN	psvid_55206_sp|P28838|AMPL_HUMAN	-0.08138483710993483	-0.339051523091054	0.17628184887118437	0.09868250650860992	-0.8247139233622335	0.44891703338429767	0.777339918547936	0.08391848277765755	4.611717700054235
sp|P62333|PRS10_HUMAN	psvid_47569_sp|P62333|PRS10_HUMAN	0.3713567067925607	-0.8044110438688499	1.5471244574539713	0.4503015524318124	0.8246844915081522	0.4489322043180124	0.777339918547936	0.7866768010092434	2.6391236512005394
sp|O95497|VNN1_HUMAN	psvid_56830_sp|O95497|VNN1_HUMAN	-0.22813428968741523	-0.9506165776462003	0.4943479982713699	0.27669996535397096	-0.82448253795613	0.4490363137456062	0.777339918547936	0.4678062712270941	2.8246547306971594
sp|Q16795|NDUA9_HUMAN	psvid_68578_sp|Q16795|NDUA9_HUMAN	-0.11598677493994769	-0.4833393398517748	0.2513657899718794	0.1406905659527995	-0.8244104652963034	0.44907347249296103	0.777339918547936	0.19726502008021576	4.475933934056126
sp|Q13501|SQSTM_HUMAN	psvid_88748_sp|Q13501|SQSTM_HUMAN	0.20183873051440104	-0.4375421061823236	0.8412195672111257	0.24487334611595227	0.8242576569310508	0.44915226415749515	0.777339918547936	0.40771233241865174	1.8934006156177785
sp|P49448|DHE4_HUMAN	psvid_76282_sp|P49448|DHE4_HUMAN	-0.09648866644155696	-0.4022092788007508	0.20923194591763689	0.11708644524252951	-0.8240805862855696	0.44924357918263574	0.777339918547936	0.14010130270022292	6.074004161091089
sp|P36269|GGT5_HUMAN	psvid_58832_sp|P36269|GGT5_HUMAN	0.10603884111113548	-0.23019484070515228	0.44227252292742325	0.12877249679332245	0.8234587645009782	0.4495643633996031	0.777339918547936	0.1695131783552849	4.997766491159663
sp|O60814|H2B1K_HUMAN	psvid_12954_sp|O60814|H2B1K_HUMAN	-0.1443928851898888	-0.6026572705956137	0.31387150021583615	0.17550844038401736	-0.8227119155862427	0.44994987641362355	0.777339918547936	0.2716756580955413	4.081883331649272
sp|P57053|H2BFS_HUMAN	psvid_69359_sp|P57053|H2BFS_HUMAN	-0.1443928851898888	-0.6026572705956137	0.31387150021583615	0.17550844038401736	-0.8227119155862427	0.44994987641362355	0.777339918547936	0.2716756580955413	4.081883331649272
sp|P58876|H2B1D_HUMAN	psvid_12944_sp|P58876|H2B1D_HUMAN	-0.1443928851898888	-0.6026572705956137	0.31387150021583615	0.17550844038401736	-0.8227119155862427	0.44994987641362355	0.777339918547936	0.2716756580955413	4.081883331649272
sp|P62807|H2B1C_HUMAN	psvid_12948_sp|P62807|H2B1C_HUMAN	-0.1443928851898888	-0.6026572705956137	0.31387150021583615	0.17550844038401736	-0.8227119155862427	0.44994987641362355	0.777339918547936	0.2716756580955413	4.081883331649272
sp|Q5QNW6|H2B2F_HUMAN	psvid_12939_sp|Q5QNW6|H2B2F_HUMAN	-0.1443928851898888	-0.6026572705956137	0.31387150021583615	0.17550844038401736	-0.8227119155862427	0.44994987641362355	0.777339918547936	0.2716756580955413	4.081883331649272
sp|Q93079|H2B1H_HUMAN	psvid_69358_sp|Q93079|H2B1H_HUMAN	-0.1443928851898888	-0.6026572705956137	0.31387150021583615	0.17550844038401736	-0.8227119155862427	0.44994987641362355	0.777339918547936	0.2716756580955413	4.081883331649272
sp|Q99877|H2B1N_HUMAN	psvid_12946_sp|Q99877|H2B1N_HUMAN	-0.1443928851898888	-0.6026572705956137	0.31387150021583615	0.17550844038401736	-0.8227119155862427	0.44994987641362355	0.777339918547936	0.2716756580955413	4.081883331649272
sp|Q99879|H2B1M_HUMAN	psvid_69353_sp|Q99879|H2B1M_HUMAN	-0.1443928851898888	-0.6026572705956137	0.31387150021583615	0.17550844038401736	-0.8227119155862427	0.44994987641362355	0.777339918547936	0.2716756580955413	4.081883331649272
sp|Q99880|H2B1L_HUMAN	psvid_69356_sp|Q99880|H2B1L_HUMAN	-0.1443928851898888	-0.6026572705956137	0.31387150021583615	0.17550844038401736	-0.8227119155862427	0.44994987641362355	0.777339918547936	0.2716756580955413	4.081883331649272
sp|Q9BZQ6|EDEM3_HUMAN	psvid_57427_sp|Q9BZQ6|EDEM3_HUMAN	-0.35548922830465823	-1.4841186901452468	0.7731402335359303	0.4322482892571296	-0.8224190520582719	0.4501011170149578	0.777339918547936	0.7538972842813431	2.7915764192284698
sp|O95954|FTCD_HUMAN	psvid_61920_sp|O95954|FTCD_HUMAN	-0.07620565447117711	-0.3181987367597616	0.1657874278174074	0.09267974952622197	-0.8222470913089398	0.4501899389836916	0.777339918547936	0.058322451820323404	5.799841190062271
sp|Q16718|NDUA5_HUMAN	psvid_69389_sp|Q16718|NDUA5_HUMAN	-0.11092671052752845	-0.4636064641498521	0.24175304309479523	0.13507109756843053	-0.8212468287031583	0.4507068631548113	0.7776128761596147	0.18439612213709722	3.529499145457392
sp|Q9Y6N5|SQOR_HUMAN	psvid_59234_sp|Q9Y6N5|SQOR_HUMAN	-0.09960824329919937	-0.4169779126327614	0.21776142603436266	0.12154786071933077	-0.8194981195860558	0.45161165758241095	0.7781443995955688	0.1516666361785407	5.314578172051878
sp|O95182|NDUA7_HUMAN	psvid_85794_sp|O95182|NDUA7_HUMAN	0.19440189466588786	-0.4251746123937111	0.8139784017254869	0.2372885825642624	0.8192635843034716	0.45173311245557246	0.7781443995955688	0.39324068067727463	3.1238416824441644
sp|P84098|RL19_HUMAN	psvid_46147_sp|P84098|RL19_HUMAN	0.10969740879445955	-0.2406493039656144	0.4600441215545335	0.13417757763512148	0.8175539514714405	0.4526191993485398	0.7790514733822761	0.18231679995394942	4.023017424464881
sp|Q6NT55|CP4FN_HUMAN	psvid_87073_sp|Q6NT55|CP4FN_HUMAN	-0.26613506304867784	-1.117397512445339	0.5851273863479834	0.32602085086496896	-0.816313012933352	0.45326319011735217	0.7795407404637319	0.5595189320330503	3.174137141099631
sp|Q9UJZ1|STML2_HUMAN	psvid_24488_sp|Q9UJZ1|STML2_HUMAN	-0.09025697864407567	-0.3795258076777502	0.19901185038959884	0.11078565704044983	-0.8146991321369447	0.45410175750566983	0.780322893628257	0.12279126934024236	4.46455839973229
sp|P01011|AACT_HUMAN	psvid_50388_sp|P01011|AACT_HUMAN	-0.0793198497780443	-0.3337682034457281	0.17512850388963952	0.09744993312312102	-0.8139548918707757	0.4544888572063068	0.780322893628257	0.07922180047413371	6.04056059042239
sp|Q7RTV2|GSTA5_HUMAN	psvid_84544_sp|Q7RTV2|GSTA5_HUMAN	-0.07600154672252513	-0.3199833922745983	0.16798029882954807	0.09344141626224577	-0.8133603894575485	0.45479825318527395	0.780322893628257	0.0620550030441605	3.495926548164837
sp|P08574|CY1_HUMAN	psvid_76571_sp|P08574|CY1_HUMAN	-0.12503571786903622	-0.5270319792646752	0.27696054352660276	0.15395858618882094	-0.8121386469195517	0.45543458189390307	0.7807240176942165	0.22650463482780653	4.7555433331423025
sp|P21980|TGM2_HUMAN	psvid_36987_sp|P21980|TGM2_HUMAN	-0.08051819599749255	-0.33958295407858013	0.17854656208359504	0.09921794731881518	-0.8115285406859399	0.45575259916159844	0.7807240176942165	0.08589624053860002	4.941603656540298
sp|Q9NUL3|STAU2_HUMAN	psvid_35627_sp|Q9NUL3|STAU2_HUMAN	0.29248125036057804	-0.651407880929447	1.236370381650603	0.36149549169410045	0.8090868546932733	0.45702700136349533	0.7812139160208079	0.6247907819489055	1.292481250360578
sp|Q9P0S3|ORML1_HUMAN	psvid_47849_sp|Q9P0S3|ORML1_HUMAN	-0.29248125036057804	-1.236370381650603	0.6514078809294471	0.3614954916941005	-0.8090868546932732	0.45702700136349533	0.7812139160208079	0.6247907819489055	0.896240625180289
sp|P01871|IGHM_HUMAN	psvid_165137_sp|P01871|IGHM_HUMAN	0.13749176984123812	-0.30659187430328966	0.5815754139857658	0.17007742749821672	0.8084069230332152	0.4573823590161314	0.7812139160208079	0.2604974007699912	2.67557409595436
sp|Q9H0U4|RAB1B_HUMAN	psvid_18407_sp|Q9H0U4|RAB1B_HUMAN	-0.08878609195732601	-0.3757382784580294	0.19816609454337736	0.10989841742323832	-0.8078923613194083	0.45765142636928013	0.7812139160208079	0.1202377213976708	4.659802873865978
sp|P40227|TCPZ_HUMAN	psvid_67086_sp|P40227|TCPZ_HUMAN	-0.09400119191078904	-0.3981902313627986	0.2101878475412205	0.11649987560972606	-0.8068780453096148	0.45818216686431823	0.7812139160208079	0.1385428009142356	4.2848217746971375
sp|P22626|ROA2_HUMAN	psvid_432_sp|P22626|ROA2_HUMAN	-0.09925953456921466	-0.42047942261470084	0.22196035347627152	0.12302243719262336	-0.8068409050765126	0.4582016092581665	0.7812139160208079	0.15538921426496866	5.177518230441609
sp|O75347|TBCA_HUMAN	psvid_32947_sp|O75347|TBCA_HUMAN	-0.16383795715313842	-0.6945512642978552	0.36687534999157834	0.20325529933020536	-0.8060697934717552	0.45860541554425266	0.7812876851292418	0.32728808736282533	1.9928830260202504
sp|P0C0S5|H2AZ_HUMAN	psvid_48126_sp|P0C0S5|H2AZ_HUMAN	-0.090642519846177	-0.3849041160970354	0.2036190764046814	0.11269781258950605	-0.8042970645431786	0.45953475029080787	0.7816419182732972	0.128187880894136	3.2313194751881325
sp|Q71UI9|H2AV_HUMAN	psvid_48127_sp|Q71UI9|H2AV_HUMAN	-0.090642519846177	-0.3849041160970354	0.2036190764046814	0.11269781258950605	-0.8042970645431786	0.45953475029080787	0.7816419182732972	0.128187880894136	3.2313194751881325
sp|P12236|ADT3_HUMAN	psvid_82711_sp|P12236|ADT3_HUMAN	0.15085911649295114	-0.3412480806630253	0.6429663136489276	0.18846973368469097	0.8004421375441522	0.46156053178798706	0.7829172339035895	0.2979264420903482	5.33750155003054
sp|Q96KC8|DNJC1_HUMAN	psvid_66781_sp|Q96KC8|DNJC1_HUMAN	-0.2748839183877285	-1.1727310228508274	0.6229631860753704	0.34386208055009765	-0.7994016611194219	0.46210845143077683	0.7829172339035895	0.5924033895907189	1.3392806897082652
sp|P02760|AMBP_HUMAN	psvid_46379_sp|P02760|AMBP_HUMAN	-0.09491089818591236	-0.40497986410850606	0.21515806773668134	0.11875179995141642	-0.799237554502266	0.4621949151400388	0.7829172339035895	0.14447563193386245	4.427855559023888
sp|Q14240|IF4A2_HUMAN	psvid_13934_sp|Q14240|IF4A2_HUMAN	-0.12928677912339592	-0.5517495528440015	0.29317599459720967	0.16179695585631088	-0.7990680568688406	0.4622842319459999	0.7829172339035895	0.24320542582246282	3.8934307801257733
sp|Q3LXA3|TKFC_HUMAN	psvid_50975_sp|Q3LXA3|TKFC_HUMAN	-0.10096017220519671	-0.4312107507504849	0.22929040634009146	0.12648105727240058	-0.7982236580119672	0.4627293804005829	0.7829172339035895	0.16395391311486954	5.549854903590047
sp|Q13576|IQGA2_HUMAN	psvid_42335_sp|Q13576|IQGA2_HUMAN	-0.08065581727805049	-0.3448753488817498	0.18356371432564883	0.10119214887210724	-0.7970560777396692	0.4633454306849933	0.7829172339035895	0.09290949847371224	6.248462346312303
sp|O60551|NMT2_HUMAN	psvid_80064_sp|O60551|NMT2_HUMAN	0.2251160816122716	-0.51260181317906	0.9628339764036031	0.28253497605661787	0.7967724377146143	0.4634951801086643	0.7829172339035895	0.47873293372273595	2.235521314888554
sp|O15431|COPT1_HUMAN	psvid_106450_sp|O15431|COPT1_HUMAN	-0.33048202372184043	-1.4141623213154568	0.753198273871776	0.41503342821885225	-0.7962780856957218	0.4637562625563119	0.7829172339035895	0.7225865803626882	1.4577222622214983
sp|P15531|NDKA_HUMAN	psvid_71632_sp|P15531|NDKA_HUMAN	-0.1455720916057076	-0.6232050387080836	0.3320608554966684	0.18292631129897233	-0.7957963541274635	0.4640107853651032	0.7829172339035895	0.2867660904487157	2.9882305702458503
sp|Q9Y639|NPTN_HUMAN	psvid_47165_sp|Q9Y639|NPTN_HUMAN	-0.11588400424250844	-0.49616336635273733	0.26439535786772045	0.14564133692192757	-0.7956807228749154	0.46407189463485904	0.7829172339035895	0.20834214707088605	2.921773807197394
sp|P35579|MYH9_HUMAN	psvid_24900_sp|P35579|MYH9_HUMAN	-0.07722760469568746	-0.3307666113383363	0.17631140194696138	0.09710166674411702	-0.7953272820661068	0.4642587196890228	0.7829172339035895	0.07785462097201337	7.136044429688745
sp|P21953|ODBB_HUMAN	psvid_91037_sp|P21953|ODBB_HUMAN	-0.19085945138184934	-0.8203413949026245	0.4386224921389258	0.2410822173305444	-0.7916778495535598	0.46619105111713244	0.784644389379216	0.40048735325409707	3.07663285159237
sp|P83881|RL36A_HUMAN	psvid_10446_sp|P83881|RL36A_HUMAN	0.2251160816122716	-0.5174601835955251	0.9676923468200683	0.2843956596308972	0.7915594840808696	0.466253824363152	0.784644389379216	0.4822122508496197	2.2780025652491322
sp|P07910|HNRPC_HUMAN	psvid_51657_sp|P07910|HNRPC_HUMAN	-0.14100916546665265	-0.6068694719860688	0.32485114105276347	0.1784175651390726	-0.7903323047634861	0.4669050100373206	0.784644389379216	0.27761668413665086	4.0675426071559615
sp|P35270|SPRE_HUMAN	psvid_81942_sp|P35270|SPRE_HUMAN	0.2880007733612625	-0.6637210042709811	1.2397225509935061	0.36449527868907994	0.7901358129989157	0.4670093384526216	0.784644389379216	0.6302904926785273	1.9364816370412092
sp|Q93084|AT2A3_HUMAN	psvid_26964_sp|Q93084|AT2A3_HUMAN	-0.11441847745332168	-0.49265570317675406	0.2638187482701107	0.14485922907389834	-0.7898597706532896	0.46715593397442645	0.784644389379216	0.2066067085404563	4.575331374580127
sp|P20674|COX5A_HUMAN	psvid_88221_sp|P20674|COX5A_HUMAN	0.13476969080555423	-0.31112053269326184	0.5806599143043703	0.17076932050801363	0.7891914683775412	0.4675109853625348	0.784644389379216	0.26192815114198215	4.589954309617125
sp|P30038|AL4A1_HUMAN	psvid_32999_sp|P30038|AL4A1_HUMAN	-0.10515569799972613	-0.4534162327197707	0.24310483672031846	0.1333786024892681	-0.7884000584590557	0.46793169983736344	0.784644389379216	0.18044907893940618	4.473436172208714
sp|Q6UWP7|LCLT1_HUMAN	psvid_38708_sp|Q6UWP7|LCLT1_HUMAN	-0.2312031259014452	-0.9976691359837742	0.5352628841808837	0.2935450764252856	-0.787623927190249	0.46834456515280054	0.784644389379216	0.4992878731455929	2.8174402934651237
sp|Q96AG4|LRC59_HUMAN	psvid_47999_sp|Q96AG4|LRC59_HUMAN	0.06988737315420268	-0.16190662927499122	0.3016813755833966	0.08877365370799929	0.7872535401559709	0.4685416889048018	0.784644389379216	0.03398604081775654	5.140656985563167
sp|P05556|ITB1_HUMAN	psvid_33130_sp|P05556|ITB1_HUMAN	-0.08037490729448127	-0.3471833449166888	0.18643353032772625	0.10218366135284887	-0.7865729827094361	0.468904048968139	0.7846448448756426	0.09628760375815175	5.8777236995503666
sp|P50502|F10A1_HUMAN	psvid_44443_sp|P50502|F10A1_HUMAN	-0.15935748015382323	-0.6898945396932595	0.3711795793856131	0.20318779912004434	-0.7842866591594609	0.4701229142737036	0.7860193606473312	0.3271552185579539	2.4293646630614596
sp|Q14643|ITPR1_HUMAN	psvid_34224_sp|Q14643|ITPR1_HUMAN	-0.1332972127492762	-0.5786072838033729	0.31201285830482056	0.17054713075467395	-0.7815857831171581	0.4715658029090078	0.7860193606473312	0.2614689106769848	3.1276652224233423
sp|O95831|AIFM1_HUMAN	psvid_53533_sp|O95831|AIFM1_HUMAN	-0.06879058965114049	-0.29871164741955814	0.16113046811727713	0.08805634377336977	-0.781211059911669	0.4717662496194375	0.7860193606473312	0.027441320259551094	6.392456087373908
sp|Q68CJ9|CR3L3_HUMAN	psvid_92174_sp|Q68CJ9|CR3L3_HUMAN	-0.27055369082204705	-1.1753924118424588	0.6342850301983646	0.3465397656524445	-0.7807291330986637	0.4720241341595678	0.7860193606473312	0.5973283481353903	2.55072136985402
sp|P13073|COX41_HUMAN	psvid_77518_sp|P13073|COX41_HUMAN	-0.0909370676454977	-0.3951136285669216	0.21323949327592623	0.11649509651819917	-0.780608543736356	0.47208867918984004	0.7860193606473312	0.1385300633002592	4.653408221114288
sp|Q86TM6|SYVN1_HUMAN	psvid_81971_sp|Q86TM6|SYVN1_HUMAN	-0.21647970363805336	-0.9423667351099143	0.5094073278338076	0.2780039314550209	-0.778692957704011	0.47311486400284664	0.7860193606473312	0.4702502009530514	3.1943138287979806
sp|Q00341|VIGLN_HUMAN	psvid_61789_sp|Q00341|VIGLN_HUMAN	-0.08034265683338804	-0.3503766427690831	0.18969132910230702	0.10341899835897972	-0.7768655479964045	0.4740953451482149	0.7860193606473312	0.10038086647937121	6.02992276642445
sp|P18621|RL17_HUMAN	psvid_66069_sp|P18621|RL17_HUMAN	0.1697795808153546	-0.4009139564288946	0.7404731180596038	0.21856713253048926	0.7767845917623091	0.4741388161379838	0.7860193606473312	0.35719584038273694	5.346628153234359
sp|P40261|NNMT_HUMAN	psvid_91509_sp|P40261|NNMT_HUMAN	0.07877297773823355	-0.18622767911712546	0.34377363459359256	0.10149130821991907	0.7761549153307028	0.4744770331053255	0.7860193606473312	0.09393804435642397	4.2114490661524115
sp|Q9UNF0|PACN2_HUMAN	psvid_48989_sp|Q9UNF0|PACN2_HUMAN	0.1417601481809735	-0.3351969023999357	0.6187171987618827	0.18266745298896292	0.7760558646949486	0.4745302521622366	0.7860193606473312	0.286242622801809	2.552083199991932
sp|Q15067|ACOX1_HUMAN	psvid_75737_sp|Q15067|ACOX1_HUMAN	-0.13963227321709426	-0.6095001072812156	0.3302355608470271	0.1799523885544783	-0.775940093592158	0.4745924605529137	0.7860193606473312	0.280738945733011	4.257126371364128
sp|P00367|DHE3_HUMAN	psvid_67269_sp|P00367|DHE3_HUMAN	-0.08489259383923331	-0.3708090938494735	0.2010239061710069	0.10950176490897616	-0.7752623339888691	0.47495676803607945	0.7860193606473312	0.11908518911272063	6.7117751959022005
sp|Q14558|KPRA_HUMAN	psvid_81136_sp|Q14558|KPRA_HUMAN	-0.09867221347175992	-0.4311500381239474	0.23380561118042759	0.12733405938869463	-0.7749082527131036	0.4751471746531291	0.7860193606473312	0.166033420669697	4.396003821645285
sp|O14662|STX16_HUMAN	psvid_56434_sp|O14662|STX16_HUMAN	-0.18424139854155153	-0.8054296415661799	0.43694684448307686	0.2379058534553501	-0.7744298673850399	0.4754045147451713	0.7860193606473312	0.39442099481521636	1.1346019496313537
sp|P26927|HGFL_HUMAN	psvid_26034_sp|P26927|HGFL_HUMAN	-0.0869808258550766	-0.3805840863340398	0.20662243462388658	0.11244567978526895	-0.7735363957172822	0.4758854186508302	0.7860193606473312	0.12748416772040755	4.729626614712235
sp|P21399|ACOHC_HUMAN	psvid_57639_sp|P21399|ACOHC_HUMAN	-0.1539262873651437	-0.6735092725613533	0.3656566978310659	0.19899255164924606	-0.7735278837795981	0.4758900018514549	0.7860193606473312	0.31887743352602627	4.411298930501085
sp|Q9Y624|JAM1_HUMAN	psvid_33820_sp|Q9Y624|JAM1_HUMAN	-0.14278917529903157	-0.6247805030172884	0.3392021524192253	0.1845955062197514	-0.7735246551941977	0.47589174027194214	0.7860193606473312	0.2901364629203506	3.4341973656075977
sp|P60660|MYL6_HUMAN	psvid_16801_sp|P60660|MYL6_HUMAN	0.07682032973074027	-0.18280509696841257	0.3364457564298931	0.09943267505647643	0.7725863725089096	0.47639715305791513	0.7862548596165286	0.08667964878434085	3.9513412731423863
sp|P49721|PSB2_HUMAN	psvid_54034_sp|P49721|PSB2_HUMAN	-0.2119992266387375	-0.9293851224744754	0.5053866691970004	0.27474812300796475	-0.771613011647733	0.47692187746411907	0.7865218481466865	0.46414572404506566	2.0827222622214983
sp|P12109|CO6A1_HUMAN	psvid_27181_sp|P12109|CO6A1_HUMAN	-0.08335593343129832	-0.36570674475674664	0.19899487789415	0.10813615920211177	-0.7708423717500639	0.47733761879975756	0.7866088364555701	0.11506208782822543	3.2137405439989433
sp|Q8N2G8|GHDC_HUMAN	psvid_46982_sp|Q8N2G8|GHDC_HUMAN	-0.2604841881004918	-1.145855790372495	0.6248874141715115	0.33908414885324967	-0.7681992478310311	0.4787655382406375	0.7883624022549099	0.5836090197809799	3.1985452965138292
sp|Q9Y320|TMX2_HUMAN	psvid_45912_sp|Q9Y320|TMX2_HUMAN	-0.1967515691664503	-0.8666626225465123	0.47315948421361165	0.25656596479923627	-0.7668654309639592	0.4794873050686706	0.7889204888328002	0.4298982895075415	3.558963370436677
sp|Q9BQE3|TBA1C_HUMAN	psvid_79044_sp|Q9BQE3|TBA1C_HUMAN	-0.06913311292095936	-0.3047173673589533	0.16645114151703452	0.09022526382633288	-0.7662278832902939	0.4798325815789713	0.7889204888328002	0.04448148050564381	7.201950117620402
sp|Q6UXH1|CREL2_HUMAN	psvid_44689_sp|Q6UXH1|CREL2_HUMAN	-0.0871251242207629	-0.38633832941395796	0.21208808097243215	0.11459420513175358	-0.760292583037612	0.48305567968027074	0.7936176329546223	0.13341025474492732	4.278365532776981
sp|Q68CK6|ACS2B_HUMAN	psvid_63539_sp|Q68CK6|ACS2B_HUMAN	-0.09186258219833943	-0.40959739677996687	0.22587223238328802	0.12168770591577747	-0.7549043800851943	0.48599530827115217	0.7974904059096669	0.15202164306826418	4.419340435399679
sp|Q9BUP3|HTAI2_HUMAN	psvid_105012_sp|Q9BUP3|HTAI2_HUMAN	-0.12200019270851659	-0.5441322805862847	0.30013189516925154	0.16167030809929156	-0.7546233698867504	0.4861489737917259	0.7974904059096669	0.2429383384853152	4.306926644519097
sp|P00736|C1R_HUMAN	psvid_68503_sp|P00736|C1R_HUMAN	-0.08063238240501613	-0.36045882572865395	0.19919406091862168	0.10716936382140413	-0.7523827662109537	0.4873754687547146	0.798445284621052	0.11215851848190075	4.8251815464438845
sp|Q00796|DHSO_HUMAN	psvid_38362_sp|Q00796|DHSO_HUMAN	-0.0874781859962579	-0.39118242195602176	0.21622604996350597	0.11631420308633886	-0.7520851596371573	0.48753854548614206	0.798445284621052	0.1380474531743469	4.849678250611589
sp|P62701|RS4X_HUMAN	psvid_81301_sp|P62701|RS4X_HUMAN	-0.09169558266790556	-0.4115939436042098	0.2282027782683987	0.12251631197485768	-0.7484357077833275	0.48954151203932317	0.798445284621052	0.15411659235924807	5.693730204131283
sp|P13674|P4HA1_HUMAN	psvid_53884_sp|P13674|P4HA1_HUMAN	0.33917337826200944	-0.8443510626316546	1.5226978191556735	0.453272249366944	0.7482773956175587	0.4896285344421443	0.798445284621052	0.7920657100744325	3.8039519627892595
sp|P00966|ASSY_HUMAN	psvid_69598_sp|P00966|ASSY_HUMAN	0.08446074837058282	-0.2103289645361528	0.37925046127731843	0.11290007341004041	0.7481018020584526	0.489725069288547	0.798445284621052	0.12875075019728094	5.420574207305494
sp|P30519|HMOX2_HUMAN	psvid_32195_sp|P30519|HMOX2_HUMAN	-0.14211859448314668	-0.6382362878966981	0.3539990989304047	0.19000569407294968	-0.7479701867702054	0.48979743551205895	0.798445284621052	0.3010027683271693	5.01014625362072
sp|Q9Y3E0|GOT1B_HUMAN	psvid_13656_sp|Q9Y3E0|GOT1B_HUMAN	0.08048202372184055	-0.2007827249961045	0.3617467724397856	0.1077202133846476	0.7471394754339665	0.4902543647331364	0.798445284621052	0.11381876947465999	1.6864816370412092
sp|P00846|ATP6_HUMAN	psvid_68413_sp|P00846|ATP6_HUMAN	0.08048202372184055	-0.2007827249961046	0.3617467724397857	0.10772021338464764	0.7471394754339662	0.49025436473313655	0.798445284621052	0.1138187694746601	1.2902410118609202
sp|Q8IYB3|SRRM1_HUMAN	psvid_27450_sp|Q8IYB3|SRRM1_HUMAN	0.08048202372184055	-0.20078272499610467	0.36174677243978576	0.10772021338464766	0.7471394754339661	0.49025436473313655	0.798445284621052	0.11381876947466012	2.1252035125820763
sp|Q6IAA8|LTOR1_HUMAN	psvid_8991_sp|Q6IAA8|LTOR1_HUMAN	-0.12900378675091606	-0.5802948948796117	0.3222873213777796	0.1728377789531205	-0.746386510705546	0.49066879525754364	0.798445284621052	0.2661936030690394	3.310428441540295
sp|Q9NUQ7|UFSP2_HUMAN	psvid_53550_sp|Q9NUQ7|UFSP2_HUMAN	-0.09300008732876686	-0.4188355148717685	0.2328353402142348	0.12479012013840274	-0.7452520057326809	0.4912937015434408	0.798445284621052	0.1597943000245483	4.812677841869919
sp|Q06323|PSME1_HUMAN	psvid_86392_sp|Q06323|PSME1_HUMAN	-0.19138368659074423	-0.8639741357254717	0.4812067625439832	0.257592133502389	-0.7429717825174551	0.49255142317615597	0.798445284621052	0.43183886618128997	3.5602356709392446
sp|P37802|TAGL2_HUMAN	psvid_63340_sp|P37802|TAGL2_HUMAN	-0.20751874963942185	-0.9371913212609332	0.5221538219820895	0.27945373700141524	-0.7425871339783547	0.4927638149749024	0.798445284621052	0.4729660183793949	1.994319980874979
sp|Q14696|MESD_HUMAN	psvid_41661_sp|Q14696|MESD_HUMAN	-0.06608515083360444	-0.2985917237517619	0.16642142208455304	0.08904655760183113	-0.7421415562081817	0.49300993239944446	0.798445284621052	0.03617816630902279	4.346762822187321
sp|P01911|DRB1_HUMAN	psvid_95348_sp|P01911|DRB1_HUMAN	-0.12296327408241847	-0.5558497007127307	0.3099231525478937	0.16578905981103395	-0.7416850920233927	0.4932621545534678	0.798445284621052	0.25158261231822815	1.9577222622214983
sp|P59665|DEF1_HUMAN	psvid_55115_sp|P59665|DEF1_HUMAN	-0.12296327408241847	-0.5558497007127307	0.3099231525478937	0.16578905981103395	-0.7416850920233927	0.4932621545534678	0.798445284621052	0.25158261231822815	2.6039628874017873
sp|P59666|DEF3_HUMAN	psvid_55114_sp|P59666|DEF3_HUMAN	-0.12296327408241847	-0.5558497007127307	0.3099231525478937	0.16578905981103395	-0.7416850920233927	0.4932621545534678	0.798445284621052	0.25158261231822815	2.6039628874017873
sp|P30153|2AAA_HUMAN	psvid_79087_sp|P30153|2AAA_HUMAN	0.23222922548462932	-0.5855245869969702	1.049983037966229	0.31318754155346745	0.7415021182922217	0.4933632838521406	0.798445284621052	0.5357812588166889	2.6217065659994283
sp|Q9Y6C9|MTCH2_HUMAN	psvid_72512_sp|Q9Y6C9|MTCH2_HUMAN	-0.07774863812146893	-0.3519827486108283	0.19648547236789043	0.1050275835628672	-0.7402687511603111	0.4940453522918769	0.7986268748542786	0.1055417606948037	5.131462096260174
sp|Q9NX62|IMPA3_HUMAN	psvid_64418_sp|Q9NX62|IMPA3_HUMAN	-0.23527657773660804	-1.0658863362310131	0.5953331807577972	0.31811117757281687	-0.7396048750369746	0.4944127645680236	0.7986268748542786	0.5448974709921784	1.778602336311985
sp|P49755|TMEDA_HUMAN	psvid_39246_sp|P49755|TMEDA_HUMAN	-0.06878724700718597	-0.31173050229281174	0.17415600827843983	0.09304365164499143	-0.7393008097924197	0.4945811103158477	0.7986268748542786	0.06013085065774634	5.458296280339911
sp|Q58FF6|H90B4_HUMAN	psvid_47968_sp|Q58FF6|H90B4_HUMAN	0.13608012905595246	-0.3452151247426762	0.6173753828545812	0.18432892026649697	0.7382462223465102	0.49516530107958634	0.7987144520033569	0.2895987689595295	2.5067619400688432
sp|O95782|AP2A1_HUMAN	psvid_49860_sp|O95782|AP2A1_HUMAN	-0.15436213018028755	-0.7005947172089282	0.3918704568483531	0.2091989525903186	-0.7378723854443963	0.4953725073800238	0.7987144520033569	0.33895053284594506	4.750491543528909
sp|P53675|CLH2_HUMAN	psvid_27468_sp|P53675|CLH2_HUMAN	-0.07333402972525471	-0.3335696039367685	0.18690154448625906	0.09966635247437974	-0.7357952599309379	0.4965249247297221	0.7996129799620325	0.08752612259315927	5.45805868230803
sp|Q8N5I4|DHRSX_HUMAN	psvid_74942_sp|Q8N5I4|DHRSX_HUMAN	-0.09014742881411686	-0.4101594667928476	0.22986460916461388	0.12255984859053005	-0.7355380236744382	0.4966677762016131	0.7996129799620325	0.15422626846368645	3.818758090669082
sp|Q5W111|SPRY7_HUMAN	psvid_37300_sp|Q5W111|SPRY7_HUMAN	-0.29087468307071984	-1.3276108576156724	0.7458614914742328	0.3970545276456125	-0.732581201870433	0.49831190218637894	0.8010979909587321	0.6898226624467354	1.7026420141593301
sp|Q96DG6|CMBL_HUMAN	psvid_85086_sp|Q96DG6|CMBL_HUMAN	-0.12996686812481795	-0.5932150837580392	0.33328134750840327	0.17741717319901054	-0.7325495372369216	0.49832953013953435	0.8010979909587321	0.2755771481228101	3.5979476742146073
sp|P22310|UD14_HUMAN	psvid_62822_sp|P22310|UD14_HUMAN	-0.06371253061180093	-0.2911449104629643	0.16371984923936247	0.08710321716395908	-0.731460130707588	0.49893628223241293	0.8014788166031421	0.014962658466431501	8.09289514403615
sp|O75165|DJC13_HUMAN	psvid_25390_sp|O75165|DJC13_HUMAN	-0.06890861065335652	-0.315836266658046	0.17801904535133298	0.09456961783031631	-0.7286548495627566	0.5005011237115126	0.8021873438355909	0.06725413684363617	4.884348891180929
sp|P60842|IF4A1_HUMAN	psvid_17725_sp|P60842|IF4A1_HUMAN	-0.11576395800555983	-0.531070306667155	0.2995423906560354	0.15905615155025513	-0.7278181753881002	0.5009685122757191	0.8021873438355909	0.23740606260452807	4.530353021578487
sp|P62937|PPIA_HUMAN	psvid_85825_sp|P62937|PPIA_HUMAN	-0.07650819318142577	-0.35125451320765194	0.1982381268448004	0.10522375219352725	-0.7271000281449012	0.5013699358054331	0.8021873438355909	0.10615925869416604	5.186448645937357
sp|A6NHL2|TBAL3_HUMAN	psvid_55882_sp|A6NHL2|TBAL3_HUMAN	-0.13209474308869718	-0.606475274084355	0.3422857879069606	0.1816806843278417	-0.7270709243385114	0.5013862088065676	0.8021873438355909	0.2842451736932154	3.307853936253347
sp|Q15437|SC23B_HUMAN	psvid_37358_sp|Q15437|SC23B_HUMAN	0.26759733197284963	-0.6936781690377909	1.2288728329834901	0.3681542125783418	0.7268620671178819	0.5015029995104837	0.8021873438355909	0.6369949948138038	1.9642806897082652
sp|Q687X5|STEA4_HUMAN	psvid_47896_sp|Q687X5|STEA4_HUMAN	-0.1780719051126377	-0.8181879439878854	0.46204413376261	0.24515491761011338	-0.7263648098458202	0.5017811381434649	0.8021873438355909	0.40824829046386313	3.05720467262397
sp|Q4KMQ2|ANO6_HUMAN	psvid_31777_sp|Q4KMQ2|ANO6_HUMAN	0.22672264890212956	-0.5892247140877439	1.0426700118920031	0.31249569827909945	0.7255224636712811	0.5022525504840314	0.8021873438355909	0.5344993569935911	0.8633613244510647
sp|Q15436|SC23A_HUMAN	psvid_53264_sp|Q15436|SC23A_HUMAN	-0.08821489245577263	-0.40606231046744073	0.22963252555589547	0.12173083135388202	-0.7246717324990933	0.502728974169782	0.8021873438355909	0.15213103510374934	5.936218955746956
sp|Q9H853|TBA4B_HUMAN	psvid_83767_sp|Q9H853|TBA4B_HUMAN	-0.13284536512907819	-0.6118646083375261	0.3461738780793698	0.18345724207874853	-0.7241216733872772	0.5030371869469029	0.8021873438355909	0.28783907761145267	4.824261831628466
sp|O60739|EIF1B_HUMAN	psvid_103290_sp|O60739|EIF1B_HUMAN	-0.18424139854155142	-0.8495411546574632	0.48105835757436033	0.254799906565709	-0.7230826770104736	0.5036197294905796	0.8021873438355909	0.4265561646759739	1.6346019496313537
sp|P01893|HLAH_HUMAN	psvid_57350_sp|P01893|HLAH_HUMAN	0.12225952018065556	-0.3193450762554881	0.5638641166167992	0.16912798911550045	0.7228816520556063	0.503732494912554	0.8021873438355909	0.25853074280199195	3.7885561628942206
sp|P11142|HSP7C_HUMAN	psvid_16258_sp|P11142|HSP7C_HUMAN	-0.07404497149678457	-0.34155477762574543	0.19346483463217629	0.10245227505418585	-0.7227264739374799	0.5038195546655464	0.8021873438355909	0.09718808329234623	7.006427983166617
sp|P02656|APOC3_HUMAN	psvid_89229_sp|P02656|APOC3_HUMAN	0.10559874993248486	-0.2772811016684823	0.488478601533452	0.14663728570016488	0.7201357378396027	0.5052746107289477	0.8035057473726598	0.21054470584056859	4.77182367960943
sp|P03928|ATP8_HUMAN	psvid_107160_sp|P03928|ATP8_HUMAN	0.11140645477806677	-0.2926452880007025	0.515458197556836	0.1547458049718651	0.7199319865137668	0.5053891710516545	0.8035057473726598	0.22819858412196684	3.422986482346431
sp|Q96K17|BT3L4_HUMAN	psvid_5947_sp|Q96K17|BT3L4_HUMAN	-0.3157586014584485	-1.4699714780690671	0.8384542751521703	0.4420463564187532	-0.7143110600810573	0.5085567963346822	0.8068836336778017	0.7716944191858331	1.2383613244510647
sp|P30050|RL12_HUMAN	psvid_109445_sp|P30050|RL12_HUMAN	-0.10171431844445222	-0.47355858456334626	0.2701299476744418	0.14241082067611904	-0.7142316711718013	0.5086016351192677	0.8068836336778017	0.20113938747404403	5.398684841080577
sp|O00161|SNP23_HUMAN	psvid_45131_sp|O00161|SNP23_HUMAN	0.159357480153823	-0.4234460950753892	0.7421610553830352	0.22320509687469708	0.713950901592911	0.5087602358192441	0.8068836336778017	0.36617335226445163	2.0184006156177787
sp|Q13131|AAPK1_HUMAN	psvid_79206_sp|Q13131|AAPK1_HUMAN	-0.15050900352002472	-0.701283568300255	0.4002655612602055	0.21093846248204767	-0.713520909126917	0.5090031966947646	0.8068836336778017	0.34235045850329726	3.1120557329955694
sp|O43493|TGON2_HUMAN	psvid_62566_sp|O43493|TGON2_HUMAN	0.1326286791746949	-0.35317950713892127	0.618436865488311	0.18605730626481656	0.7128377908789222	0.509389350144285	0.8069054983645216	0.2930809858592339	3.221598367906008
sp|P20073|ANXA7_HUMAN	psvid_62835_sp|P20073|ANXA7_HUMAN	-0.09491089818591247	-0.443250173648179	0.25342837727635403	0.13340875902183352	-0.7114292860664378	0.5101861996586786	0.807233926976166	0.1805197216198977	3.9156281589036515
sp|Q5VT66|MARC1_HUMAN	psvid_49997_sp|Q5VT66|MARC1_HUMAN	-0.1073842672434896	-0.5016551808822018	0.2868866463952227	0.15099989295534622	-0.7111545918462693	0.5103417074099434	0.807233926976166	0.22010129805458015	3.4286224685374984
sp|P63167|DYL1_HUMAN	psvid_18626_sp|P63167|DYL1_HUMAN	0.23527657773660815	-0.6295914448659319	1.1001446003391482	0.33123158294439997	0.710308406116277	0.5108209523539798	0.8074026285565823	0.5691363789299125	1.924842961492274
sp|Q9H488|OFUT1_HUMAN	psvid_38200_sp|Q9H488|OFUT1_HUMAN	-0.07961847308723669	-0.3733366121984905	0.21409966602401714	0.11248967659197898	-0.7077847096674278	0.5122521427254519	0.8088501499537946	0.12760713042805388	4.652914796977816
sp|P35558|PCKGC_HUMAN	psvid_53561_sp|P35558|PCKGC_HUMAN	-0.396240625180289	-1.8598751374891227	1.0673938871285447	0.5605502385268627	-0.7068779887091251	0.5127670292646529	0.8088501499537946	0.9859437648184713	1.674842961492274
sp|P29692|EF1D_HUMAN	psvid_32162_sp|P29692|EF1D_HUMAN	-0.1213567067925605	-0.5699750337825358	0.3272616201974148	0.17181414354944557	-0.7063254763868484	0.5130809537543412	0.8088501499537946	0.2640849159325921	2.433641627478699
sp|O43920|NDUS5_HUMAN	psvid_83035_sp|O43920|NDUS5_HUMAN	-0.29248125036057804	-1.3747750681234365	0.7898125674022805	0.41450242707525525	-0.7056201152411501	0.5134819184023774	0.8088501499537946	0.7216198808155333	2.1785613794165304
sp|O43169|CYB5B_HUMAN	psvid_89786_sp|O43169|CYB5B_HUMAN	0.13914425332124414	-0.3758988139931976	0.6541873206356859	0.19725383065700672	0.7054071034148586	0.5136030486093315	0.8088501499537946	0.31543486769447476	3.9045346273817776
sp|Q9P0J0|NDUAD_HUMAN	psvid_50395_sp|Q9P0J0|NDUAD_HUMAN	-0.07954399000656387	-0.3745992631731241	0.21551128315999635	0.11300177903787036	-0.7039180328294322	0.5144503727369206	0.8095961929708838	0.12903323755707322	3.051808558558172
sp|Q12931|TRAP1_HUMAN	psvid_35824_sp|Q12931|TRAP1_HUMAN	-0.25	-1.1790076174526043	0.6790076174526043	0.355796093339488	-0.7026496487173592	0.5151728881341916	0.809615190054072	0.6143339554696051	1.771240625180289
sp|P18428|LBP_HUMAN	psvid_62407_sp|P18428|LBP_HUMAN	0.20090069679912448	-0.5460605369151903	0.9478619305134393	0.2860750373181479	0.7022657365791064	0.5153917170260652	0.809615190054072	0.4853505384580432	3.1438696324754165
sp|Q02928|CP4AB_HUMAN	psvid_28839_sp|Q02928|CP4AB_HUMAN	-0.07576200257613186	-0.35758465071799356	0.20606064556572984	0.10793388056215707	-0.7019297571952114	0.5155832774686753	0.809615190054072	0.1144585381300246	7.157906829398684
sp|Q14554|PDIA5_HUMAN	psvid_69506_sp|Q14554|PDIA5_HUMAN	-0.06737045594775082	-0.3183875672949755	0.1836466553994739	0.09613581837316014	-0.7007841311158981	0.5162368348031976	0.8100544685145034	0.07395805095560104	5.832516263574281
sp|P32969|RL9_HUMAN	psvid_13150_sp|P32969|RL9_HUMAN	-0.09604892207247229	-0.4553032098219373	0.2632053656769927	0.1375890463064379	-0.6980855282516635	0.5177786105194703	0.8105524930489268	0.1902049658156825	5.5657610556876005
sp|P10632|CP2C8_HUMAN	psvid_27087_sp|P10632|CP2C8_HUMAN	-0.06970606180476846	-0.33043925826458714	0.19102713465505022	0.09985693439058749	-0.6980593008404927	0.5177936105275189	0.8105524930489268	0.08821192603449318	8.119387503810266
sp|Q9P003|CNIH4_HUMAN	psvid_60018_sp|Q9P003|CNIH4_HUMAN	-0.2880007733612624	-1.3662569394594597	0.7902553927369349	0.41295606657017	-0.6974126224934026	0.5181635548289226	0.8105524930489268	0.7188043730999517	1.1864816370412092
sp|Q96KP4|CNDP2_HUMAN	psvid_32973_sp|Q96KP4|CNDP2_HUMAN	0.13447641916509556	-0.3704349300638988	0.63938776839409	0.19337353339582403	0.6954230850704393	0.5193028553660958	0.8105524930489268	0.3077255133780732	4.192448679471781
sp|Q92667|AKAP1_HUMAN	psvid_55618_sp|Q92667|AKAP1_HUMAN	-0.14624062518028902	-0.6956443636787143	0.40316311331813626	0.21041345641476622	-0.6950155549558582	0.5195364397298963	0.8105524930489268	0.3413249257506781	2.049842961492274
sp|P36551|HEM6_HUMAN	psvid_64219_sp|P36551|HEM6_HUMAN	0.16951797627815957	-0.46742369138016815	0.8064596439364873	0.24393918067042453	0.6949190196190248	0.5195917816175892	0.8105524930489268	0.40593355801822956	1.3114816370412092
sp|P03915|NU5M_HUMAN	psvid_86249_sp|P03915|NU5M_HUMAN	0.16951797627815945	-0.46742369138016826	0.8064596439364872	0.24393918067042453	0.6949190196190242	0.5195917816175896	0.8105524930489268	0.40593355801822956	0.6652410118609202
sp|Q14847|LASP1_HUMAN	psvid_70626_sp|Q14847|LASP1_HUMAN	-0.16951797627815934	-0.8064596439364872	0.4674236913801685	0.24393918067042458	-0.6949190196190237	0.51959178161759	0.8105524930489268	0.4059335580182296	1.4957230355827607
sp|Q03518|TAP1_HUMAN	psvid_883479_sp|Q03518|TAP1_HUMAN	-0.1213567067925605	-0.5777152776045374	0.33500186401941645	0.17477854175418236	-0.6943455734013554	0.5199206116003731	0.8105524930489268	0.27018013541104136	3.03740100229841
sp|P0DTE5|UD2A2_HUMAN	psvid_84750_sp|P0DTE5|UD2A2_HUMAN	-0.1979683736535971	-0.9453727860458472	0.549436038738653	0.28624476815705435	-0.6916052123089896	0.5214939972119964	0.8124209144201266	0.4856676137231541	3.9027726298966936
sp|P08559|ODPA_HUMAN	psvid_81212_sp|P08559|ODPA_HUMAN	0.10088546511025331	-0.28107052497937124	0.48284145519987787	0.14628346048888863	0.689657359574949	0.5226143581937172	0.8135814038834662	0.20976314717627517	3.6910033386103946
sp|P20340|RAB6A_HUMAN	psvid_73124_sp|P20340|RAB6A_HUMAN	0.11869707668097318	-0.3336209056134131	0.5710150589753595	0.17323105647812703	0.6851951324095309	0.525187174933302	0.8164914540297564	0.2670026332519354	4.279764454214952
sp|P61009|SPCS3_HUMAN	psvid_69242_sp|P61009|SPCS3_HUMAN	-0.08894788668841147	-0.42794375399652396	0.250047980619701	0.12983037273385034	-0.6851084597188429	0.5252372343873929	0.8164914540297564	0.17205172425922635	3.205437990787887
sp|A2RRP1|NBAS_HUMAN	psvid_48669_sp|A2RRP1|NBAS_HUMAN	-0.09247000841475139	-0.4468283830525421	0.2618883662230393	0.13571398443854943	-0.6813594693082003	0.527405667245075	0.8192746099785502	0.18588622573023095	4.365847368762496
sp|Q9BUN8|DERL1_HUMAN	psvid_108755_sp|Q9BUN8|DERL1_HUMAN	-0.16746284957691704	-0.8103401995419841	0.47541450038815003	0.2462124586676848	-0.6801558722214913	0.5281031307121051	0.8192783404244385	0.4102604869898383	2.991070579808361
sp|Q8WXF0|SRS12_HUMAN	psvid_47227_sp|Q8WXF0|SRS12_HUMAN	-0.353759374819711	-1.7131335831452283	1.0056148335058064	0.5206200935519816	-0.6794961992460817	0.5284856669891987	0.8192783404244385	0.9139222566864326	0.5731203125901445
sp|Q93100|KPBB_HUMAN	psvid_37883_sp|Q93100|KPBB_HUMAN	-0.2287777756033721	-1.1089129853732533	0.651357434166509	0.33707868844534045	-0.6787073269405756	0.5289433727984919	0.8192783404244385	0.5799151621193122	1.8967096420379277
sp|P52209|6PGD_HUMAN	psvid_64329_sp|P52209|6PGD_HUMAN	0.1290037867509165	-0.3681882943123167	0.6261958678141497	0.19041716855529803	0.6774798077803221	0.5296561205494071	0.8192783404244385	0.3018257797932235	3.225465940819139
sp|Q13200|PSMD2_HUMAN	psvid_47390_sp|Q13200|PSMD2_HUMAN	-0.10443308183922739	-0.5070560004970773	0.29818983681862254	0.15419858659524263	-0.6772635479036835	0.5297817576915423	0.8192783404244385	0.22702149387811976	4.562288971176043
sp|O14653|GOSR2_HUMAN	psvid_71810_sp|O14653|GOSR2_HUMAN	-0.14073404859778949	-0.6850823733533973	0.4036142761578183	0.2084773081786071	-0.6750569154376241	0.5310648714403378	0.8192783404244385	0.3375383446907942	3.623946804499086
sp|Q8N4Q1|MIA40_HUMAN	psvid_74483_sp|Q8N4Q1|MIA40_HUMAN	-0.14875404134626946	-0.7259396111314704	0.4284315284389315	0.22105348438865507	-0.6729323528089287	0.5323022595468708	0.8192783404244385	0.36201283214784197	3.066183585382133
sp|P07306|ASGR1_HUMAN	psvid_62919_sp|P07306|ASGR1_HUMAN	-0.06473785907068419	-0.31598996152333647	0.1865142433819681	0.09622581646974188	-0.6727701717245596	0.5323967974825288	0.8192783404244385	0.07432808477291795	5.968794074864612
sp|P20851|C4BPB_HUMAN	psvid_51310_sp|P20851|C4BPB_HUMAN	0.1739984532774751	-0.5018846658717627	0.8498815724267129	0.25885317712120376	0.6721897533287883	0.5327352260045556	0.8192783404244385	0.43422226149451854	2.5960426297771084
sp|Q9UBS4|DJB11_HUMAN	psvid_58443_sp|Q9UBS4|DJB11_HUMAN	-0.06832568532190542	-0.3338488595534808	0.19719748890966998	0.1016914245996637	-0.6718923015474343	0.5329087198233204	0.8192783404244385	0.09462150119291024	5.400819383715707
sp|P0DTE4|UD2A1_HUMAN	psvid_882661_sp|P0DTE4|UD2A1_HUMAN	-0.26603258435492894	-1.301756484495343	0.7696913157854852	0.3966668416118747	-0.670670084935491	0.5336220007623791	0.8192783404244385	0.689115378735998	3.3708374709192075
sp|Q9BV40|VAMP8_HUMAN	psvid_92535_sp|Q9BV40|VAMP8_HUMAN	-0.29248125036057804	-1.4371865497255896	0.8522240490044335	0.43840509581166986	-0.6671483820667591	0.5356808685220318	0.8192783404244385	0.7650823625262252	1.688721875540867
sp|Q9P246|STIM2_HUMAN	psvid_48055_sp|Q9P246|STIM2_HUMAN	-0.29248125036057804	-1.4371865497255893	0.8522240490044333	0.4384050958116698	-0.6671483820667592	0.5356808685220318	0.8192783404244385	0.7650823625262251	1.042481250360578
sp|Q13217|DNJC3_HUMAN	psvid_67334_sp|Q13217|DNJC3_HUMAN	-0.07894187565002575	-0.388064821570007	0.2301810702699555	0.11838948836771437	-0.6667980133914806	0.5358859953759247	0.8192783404244385	0.14353009510273979	5.895887990712842
sp|A0M8Q6|IGLC7_HUMAN	psvid_166234_sp|A0M8Q6|IGLC7_HUMAN	-0.18424139854155153	-0.9059747643414869	0.5374919672583839	0.27641313931150563	-0.6665435622939743	0.536034999575508	0.8192783404244385	0.46726852625686366	0.9883613244510647
sp|P61225|RAP2B_HUMAN	psvid_73533_sp|P61225|RAP2B_HUMAN	0.18424139854155153	-0.5374919672583839	0.9059747643414869	0.27641313931150563	0.6665435622939743	0.536034999575508	0.8192783404244385	0.46726852625686366	0.9883613244510647
sp|P03951|FA11_HUMAN	psvid_81860_sp|P03951|FA11_HUMAN	-0.18424139854155142	-0.9059747643414868	0.537491967258384	0.27641313931150563	-0.6665435622939738	0.5360349995755085	0.8192783404244385	0.46726852625686366	1.2383613244510647
sp|P02649|APOE_HUMAN	psvid_63525_sp|P02649|APOE_HUMAN	-0.08493873139391228	-0.4179053109833533	0.24802784819552876	0.12752124525672015	-0.6660751408356888	0.5363093759829121	0.8192783404244385	0.16648813340067786	5.265919170773509
sp|P04264|K2C1_HUMAN	psvid_22957_sp|P04264|K2C1_HUMAN	0.5270601503457697	-1.5429278658536631	2.5970481665452025	0.7927746076429659	0.6648297577451378	0.5370393161830407	0.8192783404244385	1.402917825725675	4.252986965381321
sp|Q14318|FKBP8_HUMAN	psvid_58791_sp|Q14318|FKBP8_HUMAN	-0.1376357992981485	-0.6786433455331174	0.40337174693682043	0.20719783971782624	-0.6642723663798269	0.53736622966541	0.8192783404244385	0.3350320271532241	4.660478494435025
sp|P62851|RS25_HUMAN	psvid_40431_sp|P62851|RS25_HUMAN	-0.11403912165110908	-0.5623318904336037	0.33425364713138556	0.17168945960046586	-0.6642173719719696	0.5373984914937532	0.8192783404244385	0.26382777576506256	3.2531782722149347
sp|O95169|NDUB8_HUMAN	psvid_46674_sp|O95169|NDUB8_HUMAN	-0.09898216908278501	-0.4885230672100459	0.2905587290444759	0.1491883673996955	-0.6634710923379074	0.5378364167624191	0.8192783404244385	0.21615044227549463	3.768812117922191
sp|P09622|DLDH_HUMAN	psvid_64865_sp|P09622|DLDH_HUMAN	0.15338291322948183	-0.4514915539906834	0.7582573804496471	0.23165792008020705	0.6621095155148418	0.5386360243382906	0.8192783404244385	0.3824516235183497	3.8606187781408403
sp|Q8TBA6|GOGA5_HUMAN	psvid_76284_sp|Q8TBA6|GOGA5_HUMAN	0.12290300609661164	-0.36228384981978895	0.6080898620130122	0.1858193459684214	0.6614112511056738	0.5390464012501133	0.8192783404244385	0.29260210121554764	3.753833491340134
sp|P28331|NDUS1_HUMAN	psvid_83076_sp|P28331|NDUS1_HUMAN	-0.07365151154802252	-0.36450737749872614	0.2172043544026811	0.11139346856368883	-0.6611833934043676	0.5391803609526425	0.8192783404244385	0.12452194244678252	5.893641688761072
sp|P59190|RAB15_HUMAN	psvid_85856_sp|P59190|RAB15_HUMAN	0.13813525575719487	-0.40746725424484653	0.6837377657592363	0.20895764246502416	0.6610682152021135	0.5392480838221181	0.8192783404244385	0.3384784253258159	3.130752777501883
sp|ANT3_HUMAN|,sp|P01008|ANT3_HUMAN	psvid_26970_sp|ANT3_HUMAN|	0.06648399067625754	-0.1966746395532119	0.329642620905727	0.10078583943257378	0.6596560692510346	0.5400788667261471	0.8192783404244385	0.09149900791294939	5.758076154796136
sp|P53999|TCP4_HUMAN	psvid_8208_sp|P53999|TCP4_HUMAN	-0.10375937481971098	-0.5146491664303006	0.30713041679087866	0.15736467592052067	-0.659356200575256	0.5402553937107294	0.8192783404244385	0.23380604565651184	2.2406015629507223
sp|Q99735|MGST2_HUMAN	psvid_97118_sp|Q99735|MGST2_HUMAN	0.1269486600496741	-0.3758319601360416	0.6297292802353898	0.1925574958786696	0.6592766460240238	0.5403022324587908	0.8192783404244385	0.30609934492665125	2.911553685719527
sp|O75494|SRS10_HUMAN	psvid_79632_sp|O75494|SRS10_HUMAN	-0.19074020067478759	-0.9468939956461901	0.565413594296615	0.28959565148923955	-0.6586431795294926	0.5406752910728857	0.8192783404244385	0.4919235793318729	2.148949880537585
sp|Q8WU76|SCFD2_HUMAN	psvid_73351_sp|Q8WU76|SCFD2_HUMAN	-0.16951797627815957	-0.842023614178084	0.5029876616217649	0.2575596520614974	-0.6581697673581414	0.5409542038682317	0.8192783404244385	0.4317774560771206	2.4577222622214983
sp|Q9Y4W6|AFG32_HUMAN	psvid_43496_sp|Q9Y4W6|AFG32_HUMAN	-0.1193015800913182	-0.5927043770888054	0.354101216906169	0.1813062267557626	-0.6580114882211365	0.5410474762033948	0.8192783404244385	0.28348635022727203	4.216989945065562
sp|P24534|EF1B_HUMAN	psvid_31234_sp|P24534|EF1B_HUMAN	0.25	-0.7424177310776906	1.2424177310776905	0.38008122328049165	0.6577541448699913	0.5411991491080395	0.8192783404244385	0.6588230991627176	1.167481250360578
sp|Q6P093|ADCL2_HUMAN	psvid_67034_sp|Q6P093|ADCL2_HUMAN	-0.25	-1.2424177310776905	0.7424177310776906	0.38008122328049165	-0.6577541448699913	0.5411991491080395	0.8192783404244385	0.6588230991627176	1.021240625180289
sp|Q13247|SRSF6_HUMAN	psvid_29073_sp|Q13247|SRSF6_HUMAN	0.14911453488974669	-0.44453679004584323	0.7427658598253366	0.22735962359175135	0.6558531921107411	0.5423204138360161	0.8192783404244385	0.37418691818635197	2.8160033386103946
sp|P22695|QCR2_HUMAN	psvid_59582_sp|P22695|QCR2_HUMAN	-0.08011906232960753	-0.39981452222610525	0.2395763975668902	0.12243860389589098	-0.6543611228835345	0.5432015889574224	0.8192783404244385	0.15392073532894537	6.072044418932375
sp|Q9Y262|EIF3L_HUMAN	psvid_81098_sp|Q9Y262|EIF3L_HUMAN	0.07193027582565237	-0.21534522131019174	0.3592057729614965	0.11002224058545697	0.6537794126250533	0.5435453900610359	0.8192783404244385	0.1205960988043434	4.4932223791418195
sp|P27797|CALR_HUMAN	psvid_78505_sp|P27797|CALR_HUMAN	0.05929433351142199	-0.1775215701763568	0.2961102371992008	0.09069696716138152	0.6537631341731274	0.5435550130046185	0.8192783404244385	0.047424592912398096	10.100510339037145
sp|O75352|MPU1_HUMAN	psvid_59628_sp|O75352|MPU1_HUMAN	0.10375937481971109	-0.310811567604262	0.5183303172436842	0.15877450190449557	0.6535014978798257	0.5437096938850795	0.8192783404244385	0.236807759906406	2.174842961492274
sp|O00757|F16P2_HUMAN	psvid_68491_sp|O00757|F16P2_HUMAN	-0.10375937481971087	-0.518330317243684	0.31081156760426215	0.15877450190449555	-0.6535014978798244	0.5437096938850803	0.8192783404244385	0.23680775990640593	2.0286023363119847
sp|P33260|CP2CI_HUMAN	psvid_74061_sp|P33260|CP2CI_HUMAN	0.0862022349746876	-0.2584543815033607	0.4308588514527359	0.1319983554308713	0.6530553709802276	0.5439735144173702	0.8192783404244385	0.17720307247997583	6.346450160998053
sp|P05109|S10A8_HUMAN	psvid_25696_sp|P05109|S10A8_HUMAN	-0.06575860145844858	-0.33004411800687566	0.1985269150899785	0.10121742012404567	-0.6496767194605336	0.5459742761261178	0.8192783404244385	0.09299670602522501	2.1189532777081785
sp|P08962|CD63_HUMAN	psvid_77164_sp|P08962|CD63_HUMAN	-0.06575860145844847	-0.33004411800687555	0.1985269150899786	0.10121742012404567	-0.6496767194605325	0.5459742761261186	0.8192783404244385	0.09299670602522503	1.2596019496313537
sp|P37837|TALDO_HUMAN	psvid_75681_sp|P37837|TALDO_HUMAN	-0.07981349014725936	-0.40104954756774525	0.24142256727322653	0.12302862982263903	-0.6487391614644523	0.546530343753711	0.8192783404244385	0.1554047530831758	2.8091106443363376
sp|P52758|RIDA_HUMAN	psvid_110492_sp|P52758|RIDA_HUMAN	-0.13674866263053398	-0.6881752648006989	0.41467793953963095	0.2111881830997173	-0.6475204276271698	0.5472537396801329	0.8192783404244385	0.3428380737328655	3.1775522168495702
sp|P54646|AAPK2_HUMAN	psvid_84922_sp|P54646|AAPK2_HUMAN	-0.22672264890212956	-1.140987652008148	0.6875423542038889	0.3501498914229643	-0.6475016970039823	0.5472648624520099	0.8192783404244385	0.6039642974015232	1.4438433481729054
sp|P43155|CACP_HUMAN	psvid_85002_sp|P43155|CACP_HUMAN	-0.11657950105563464	-0.5875159083140954	0.3543569062028261	0.18036163618695278	-0.6463652887623776	0.5479399743325734	0.8192783404244385	0.28157010155486945	3.5383779643815876
sp|P05386|RLA1_HUMAN	psvid_48096_sp|P05386|RLA1_HUMAN	0.11419122469090492	-0.347857677161179	0.5762401265429888	0.17695785386728435	0.6453018173273427	0.5485722562177276	0.8192783404244385	0.2746395121147306	4.6577820179693745
sp|Q9HAW8|UD110_HUMAN	psvid_42124_sp|Q9HAW8|UD110_HUMAN	-0.057868754493750174	-0.29214177159946775	0.17640426261196743	0.08972307944000453	-0.6449706681372377	0.5487692380374495	0.8192783404244385	0.04113615799206526	7.590340169844014
sp|P41091|IF2G_HUMAN	psvid_50686_sp|P41091|IF2G_HUMAN	-0.08334343628952112	-0.42078519445300305	0.2540983218739608	0.1292351720574566	-0.6448974761488885	0.5488127821080621	0.8192783404244385	0.17062553234077749	4.874523428338618
sp|Q8TD22|SFXN5_HUMAN	psvid_62514_sp|Q8TD22|SFXN5_HUMAN	-0.13813525575719465	-0.6981985380540929	0.4219280265397036	0.2144959030697005	-0.6439995066586776	0.5493471967870815	0.8192783404244385	0.34928603401038133	2.747629007295128
sp|Q8NBQ5|DHB11_HUMAN	psvid_357377_sp|Q8NBQ5|DHB11_HUMAN	-0.10826885322547475	-0.5474550944676568	0.3309173880167073	0.16820179506267	-0.6436842911523926	0.5495348747481548	0.8192783404244385	0.2566084378995075	6.0859079593772005
sp|B2RXH8|HNRC2_HUMAN	psvid_44841_sp|B2RXH8|HNRC2_HUMAN	-0.10823985181902651	-0.5486291399271072	0.33214943628905413	0.1686625441103094	-0.6417539376628578	0.5506851235119599	0.8192783404244385	0.25756519097310165	3.1143177589500026
sp|B7ZW38|HNRC3_HUMAN,sp|P0DMR1|HNRC4_HUMAN	psvid_73479_sp|B7ZW38|HNRC3_HUMAN	-0.10823985181902651	-0.5486291399271072	0.33214943628905413	0.1686625441103094	-0.6417539376628578	0.5506851235119599	0.8192783404244385	0.25756519097310165	3.1143177589500026
sp|O60812|HNRC1_HUMAN	psvid_51655_sp|O60812|HNRC1_HUMAN	-0.10823985181902651	-0.5486291399271072	0.33214943628905413	0.1686625441103094	-0.6417539376628578	0.5506851235119599	0.8192783404244385	0.25756519097310165	3.1143177589500026
sp|Q7Z7H5|TMED4_HUMAN	psvid_30569_sp|Q7Z7H5|TMED4_HUMAN	0.10375937481971098	-0.31848196569427845	0.5260007153337004	0.16171215023322494	0.6416300486393066	0.5507590001013835	0.8192783404244385	0.24302658865249255	4.2320476341162445
sp|P13804|ETFA_HUMAN	psvid_52406_sp|P13804|ETFA_HUMAN	-0.08299543988782121	-0.4207887770006563	0.2547978972250139	0.1293698215633705	-0.641536324970246	0.5508148930552836	0.8192783404244385	0.17094863968274956	3.510026933555039
sp|P05164|PERM_HUMAN	psvid_26163_sp|P05164|PERM_HUMAN	0.06658869103135134	-0.2046374602431143	0.337814842305817	0.1038755799436522	0.641042784718725	0.5511092819847163	0.8192783404244385	0.10186413139917319	4.147053893001627
sp|P0C7V7|SC11B_HUMAN	psvid_93377_sp|P0C7V7|SC11B_HUMAN	0.25	-0.7683966056547138	1.2683966056547138	0.39003074566353385	0.6409751097306222	0.551149657132889	0.8192783404244385	0.67700320038633	0.625
sp|P17152|TMM11_HUMAN	psvid_87536_sp|P17152|TMM11_HUMAN	0.25	-0.7683966056547138	1.2683966056547138	0.39003074566353385	0.6409751097306222	0.551149657132889	0.8192783404244385	0.67700320038633	0.375
sp|Q99518|FMO2_HUMAN	psvid_659551_sp|Q99518|FMO2_HUMAN	-0.25	-1.2683966056547138	0.7683966056547138	0.39003074566353385	-0.6409751097306222	0.551149657132889	0.8192783404244385	0.67700320038633	0.875
sp|Q9ULC4|MCTS1_HUMAN	psvid_72221_sp|Q9ULC4|MCTS1_HUMAN	0.25	-0.7683966056547138	1.2683966056547138	0.39003074566353385	0.6409751097306222	0.551149657132889	0.8192783404244385	0.67700320038633	1.125
sp|P54619|AAKG1_HUMAN	psvid_30519_sp|P54619|AAKG1_HUMAN	-0.11951182420116113	-0.6064514066190401	0.3674277582167178	0.18649061413695223	-0.6408463222357978	0.5512264976182886	0.8192783404244385	0.29395256329957986	3.1031751961764353
sp|P02654|APOC1_HUMAN	psvid_78187_sp|P02654|APOC1_HUMAN	0.14787633664698185	-0.4561216699331829	0.7518743432271466	0.23132224869730375	0.6392655158755832	0.5521702541745153	0.8201185337876454	0.38180711825009533	3.457999972245523
sp|P05023|AT1A1_HUMAN	psvid_83273_sp|P05023|AT1A1_HUMAN	-0.10361189325474518	-0.5274792066515273	0.3202554201420369	0.16233487365196275	-0.6382602266773775	0.5527709747616502	0.8204484262386958	0.2443389053003736	5.506903087907947
sp|P62263|RS14_HUMAN	psvid_4635_sp|P62263|RS14_HUMAN	0.08804007407669401	-0.27386258368489264	0.44994273183828065	0.13860333261187652	0.635194496536587	0.5546055855344912	0.8221461922052978	0.1925248703463315	4.87346592626621
sp|O14756|H17B6_HUMAN	psvid_48182_sp|O14756|H17B6_HUMAN	-0.08382837658837738	-0.4284798019164521	0.2608230487396973	0.13199636729767858	-0.6350809367300798	0.554673619291253	0.8221461922052978	0.17719837856293108	6.440812107422327
sp|Q3SY69|AL1L2_HUMAN	psvid_74272_sp|Q3SY69|AL1L2_HUMAN	-0.12044985791643814	-0.6175734065402849	0.3766736907074087	0.19039092165081348	-0.6326449647496809	0.5561343293477532	0.8237478412143412	0.30177329592081503	3.352706179318797
sp|P46977|STT3A_HUMAN	psvid_87075_sp|P46977|STT3A_HUMAN	-0.08374140449752732	-0.43089116780080783	0.2634083588057532	0.13295319356553775	-0.6298562843941613	0.5578096256141135	0.8256649308099617	0.17945129272710633	4.606914523936661
sp|Q16775|GLO2_HUMAN	psvid_40943_sp|Q16775|GLO2_HUMAN	-0.18424139854155153	-0.9502032578092638	0.5817204607261608	0.29335199416532914	-0.6280557221564875	0.5588930596662999	0.8267039319432573	0.4989280658251349	1.9650839733531944
sp|Q14573|ITPR3_HUMAN	psvid_42447_sp|Q14573|ITPR3_HUMAN	0.16951797627815923	-0.5379680165648633	0.8770039691211817	0.2709566074777622	0.6256277632649052	0.5603561799381958	0.8279279284047489	0.4570267107491045	2.5382042859433387
sp|P08236|BGLR_HUMAN	psvid_25395_sp|P08236|BGLR_HUMAN	0.10823985181902618	-0.3441127784262435	0.5605924820642958	0.17324432612773477	0.6247815108196955	0.560866727687204	0.8279279284047489	0.2670299201574316	3.1113245985334834
sp|Q15393|SF3B3_HUMAN	psvid_35235_sp|Q15393|SF3B3_HUMAN	0.10823985181902618	-0.34411277842624355	0.5605924820642959	0.1732443261277348	0.6247815108196954	0.5608667276872041	0.8279279284047489	0.26702992015743165	2.927083199991932
sp|Q92616|GCN1_HUMAN	psvid_880596_sp|Q92616|GCN1_HUMAN	-0.10651825542271687	-0.5531626531743108	0.34012614232887706	0.17105815802429944	-0.6227019900891576	0.5621225940945966	0.8290709697257684	0.26252483486498834	3.89278455457157
sp|Q8NBJ7|SUMF2_HUMAN	psvid_32694_sp|Q8NBJ7|SUMF2_HUMAN	-0.06321467691402383	-0.32860245954543077	0.20217310571738312	0.10163957163150074	-0.6219494621958045	0.5625775104562787	0.8290709697257684	0.09444475365684682	4.5872824837902435
sp|O60220|TIM8A_HUMAN	psvid_69186_sp|O60220|TIM8A_HUMAN	0.18128503969235388	-0.5802134402104946	0.9427835195952023	0.29164258628612877	0.621600027625925	0.562788830856763	0.8290709697257684	0.49574160305129567	3.0748020045968194
sp|Q9P2E9|RRBP1_HUMAN	psvid_32461_sp|Q9P2E9|RRBP1_HUMAN	-0.10523952614945542	-0.5478500478130213	0.33737099551411037	0.1695132435088819	-0.6208336527047885	0.5632524756658847	0.8291902953586766	0.2593292250701304	5.593532796237653
sp|P09497|CLCB_HUMAN	psvid_77211_sp|P09497|CLCB_HUMAN	0.09825279823721145	-0.31616865242440084	0.5126742488988237	0.15871724878403112	0.6190429773068047	0.5643367689500417	0.8302225243141483	0.23668608319836928	3.658304284652909
sp|P24158|PRTN3_HUMAN	psvid_34923_sp|P24158|PRTN3_HUMAN	0.11848279708310305	-0.38214403840850997	0.6191096325747161	0.19173262839033045	0.6179584459766287	0.5649941315963669	0.8306257009289872	0.304453798579944	1.6017226489021295
sp|P61088|UBE2N_HUMAN	psvid_86334_sp|P61088|UBE2N_HUMAN	0.16951797627815945	-0.5488256093863308	0.8878615619426498	0.27511490396142496	0.6161715480958759	0.5660782936803311	0.8316423383942854	0.4648338141702751	1.8539628874017873
sp|O14880|MGST3_HUMAN	psvid_25069_sp|O14880|MGST3_HUMAN	-0.13941047368041093	-0.7307640737698721	0.4519431264090502	0.22647962916709485	-0.6155541414170852	0.566453203262559	0.8316423383942854	0.37249164977305893	4.268271123529029
sp|P07947|YES_HUMAN	psvid_81488_sp|P07947|YES_HUMAN	-0.2675973319728494	-1.4043208224589017	0.8691261585132027	0.4353481817847394	-0.6146742841001793	0.5669877575191549	0.8318635548706896	0.7595296795729226	1.6661194202226661
sp|Q9H0R3|TM222_HUMAN	psvid_85401_sp|Q9H0R3|TM222_HUMAN	0.14624062518028902	-0.47713413277116334	0.7696153831317414	0.23874325613577768	0.6125434810067233	0.568283662612281	0.8332007421385744	0.3960214850942136	2.1156015629507223
sp|P67936|TPM4_HUMAN	psvid_50416_sp|P67936|TPM4_HUMAN	0.12437491486770436	-0.40780516303523906	0.6565549927706478	0.20381705070424969	0.6102282141653572	0.5696939067198485	0.8342938939092358	0.32839347081529996	2.2858918982608376
sp|Q15293|RCN1_HUMAN	psvid_60363_sp|Q15293|RCN1_HUMAN	-0.06411714794375079	-0.3385417249120297	0.21030742902452815	0.10510052939004731	-0.6100554232776536	0.569799244571144	0.8342938939092358	0.10577166531683511	6.002748811185317
sp|P25398|RS12_HUMAN	psvid_12007_sp|P25398|RS12_HUMAN	-0.07060293390055761	-0.37372554119208884	0.23251967339097362	0.11609144796136059	-0.6081665371600569	0.5709515715790595	0.8344186263067196	0.13745186778420593	4.319754387886882
sp|Q07021|C1QBP_HUMAN	psvid_58524_sp|Q07021|C1QBP_HUMAN	0.14624062518028913	-0.481964250206664	0.7744455005672423	0.24059311923876756	0.6078337802967596	0.5711547261848507	0.8344186263067196	0.3995540385647722	2.299842961492274
sp|Q04828|AK1C1_HUMAN	psvid_39510_sp|Q04828|AK1C1_HUMAN	0.07876466737866972	-0.25978053522411865	0.4173098699814581	0.12965777485785016	0.6074812518186671	0.5713700020968622	0.8344186263067196	0.17163869984810026	5.475807479018605
sp|Q12907|LMAN2_HUMAN	psvid_59741_sp|Q12907|LMAN2_HUMAN	-0.05762419102777372	-0.30534018474035707	0.19009180268480963	0.0948715394415405	-0.6073917569692387	0.571424661485543	0.8344186263067196	0.06858864779764431	6.2383064015890035
sp|Q5JNZ5|RS26L_HUMAN	psvid_97694_sp|Q5JNZ5|RS26L_HUMAN	-0.10742106881081115	-0.5701001802180918	0.3552580425964696	0.17719921474905956	-0.6062163930180806	0.5721428300435119	0.8347541168273238	0.2751323118884353	3.2184865252738213
sp|P32754|HPPD_HUMAN	psvid_50850_sp|P32754|HPPD_HUMAN	-0.07542871849946309	-0.4007162273031134	0.24985879030418723	0.12458027541456371	-0.6054627688730033	0.5726036106179841	0.8347541168273238	0.15927448502200806	4.624546168211399
sp|P09417|DHPR_HUMAN	psvid_94834_sp|P09417|DHPR_HUMAN	0.1916782343900646	-0.6362558059245035	1.0196122747046328	0.31708641732609905	0.6044984077414399	0.5731935845782675	0.8347541168273238	0.5430010580740805	2.718802391277451
sp|P51159|RB27A_HUMAN	psvid_84564_sp|P51159|RB27A_HUMAN	-0.14875404134626957	-0.7912844373299994	0.4937763546374603	0.24607958045569892	-0.6044956719724633	0.5731952588089791	0.8347541168273238	0.4100077255116346	3.646665609103974
sp|Q9H3K2|GHITM_HUMAN	psvid_40334_sp|Q9H3K2|GHITM_HUMAN	0.276728800979128	-0.9201346516810069	1.473592253639263	0.4583808923816628	0.603709285396466	0.5736766391610711	0.834894074588342	0.8013297791660965	2.6864376041072555
sp|Q9NRP0|OSTC_HUMAN	psvid_92941_sp|Q9NRP0|OSTC_HUMAN	-0.29248125036057804	-1.5605253950766897	0.9755628943555337	0.48564203823121205	-0.6022568627416249	0.5745664037665705	0.8351963769903971	0.8507037407591777	1.292481250360578
sp|Q9HDC9|APMAP_HUMAN	psvid_40265_sp|Q9HDC9|APMAP_HUMAN	-0.06953193780482136	-0.371240304120586	0.23217642851094328	0.11554981471232638	-0.6017485876366705	0.5748779836539646	0.8351963769903971	0.1359976338192211	6.759487158800774
sp|P55884|EIF3B_HUMAN	psvid_31084_sp|P55884|EIF3B_HUMAN	-0.07311848809921173	-0.39052927086001016	0.2442922946615867	0.12156360655017187	-0.6014833729783609	0.5750406065849896	0.8351963769903971	0.1517066291708649	5.008914438998515
sp|Q969Q0|RL36L_HUMAN	psvid_91789_sp|Q969Q0|RL36L_HUMAN	0.17695481212667252	-0.5927808984851767	0.9466905227385217	0.2947973230731477	0.600259223123152	0.5757916024600914	0.8357269943275406	0.5016208784089963	2.2114406801457545
sp|O95479|G6PE_HUMAN	psvid_55911_sp|O95479|G6PE_HUMAN	0.06104216950169028	-0.20525559547396327	0.32733993447734383	0.10198808132830887	0.5985225793707208	0.5768580703955728	0.8365301089158114	0.09562812662893266	7.176760334067303
sp|P63000|RAC1_HUMAN	psvid_76440_sp|P63000|RAC1_HUMAN	-0.11358634063911555	-0.6094582295881219	0.3822855483098908	0.1899115546207347	-0.5981012628007527	0.5771169879229986	0.8365301089158114	0.3008144093694323	3.8003295885135038
sp|P02790|HEMO_HUMAN	psvid_51814_sp|P02790|HEMO_HUMAN	-0.06566217751449233	-0.3527037810596236	0.22137942603063893	0.10993266282067934	-0.5972945240269453	0.577612969273361	0.8366893746092068	0.12033690312513565	5.356699340070477
sp|O43795|MYO1B_HUMAN	psvid_31037_sp|O43795|MYO1B_HUMAN	-0.06427277274923004	-0.3463733345291531	0.217827789030693	0.1080403173500266	-0.59489618621723	0.5790890512336526	0.838267183716316	0.11477637410221855	5.414751187605336
sp|Q9NZ01|TECR_HUMAN	psvid_23937_sp|Q9NZ01|TECR_HUMAN	-0.09611229486135575	-0.5219275253338603	0.32970293561114883	0.16308089690588587	-0.5893534845888311	0.5825094413105819	0.8423445535331313	0.2459084218754664	5.279552671021955
sp|O00264|PGRC1_HUMAN	psvid_53194_sp|O00264|PGRC1_HUMAN	0.051734505725299806	-0.17757902572729287	0.2810480371778925	0.0878236702347349	0.5890724628909716	0.5826831960065362	0.8423445535331313	0.024966416822902186	6.654244595110219
sp|O75533|SF3B1_HUMAN	psvid_32119_sp|O75533|SF3B1_HUMAN	-0.13312377020675514	-0.7252918565951558	0.45904431618164554	0.2267915652995841	-0.5869873071818305	0.5839734533402019	0.8427796994188929	0.3730927088984674	3.391363889700197
sp|P09601|HMOX1_HUMAN	psvid_49595_sp|P09601|HMOX1_HUMAN	-0.08080936862688382	-0.4409725044535546	0.279353767199787	0.13793712159584792	-0.5858420684147165	0.5846828657168566	0.8427796994188929	0.1910023452009853	4.663015565832192
sp|Q9UNL2|SSRG_HUMAN	psvid_104033_sp|Q9UNL2|SSRG_HUMAN	-0.22672264890212934	-1.2388879519981235	0.7854426541938647	0.3876442495087572	-0.5848729839006872	0.5852835800919627	0.8427796994188929	0.6726447857626243	1.9438433481729052
sp|P35504|UD15_HUMAN	psvid_62829_sp|P35504|UD15_HUMAN	-0.051853776292481335	-0.2834977354871602	0.17979018290219753	0.08871618938190598	-0.5844905721689746	0.5855207346259063	0.8427796994188929	0.03350707721566107	7.701262792438701
sp|P50225|ST1A1_HUMAN	psvid_56215_sp|P50225|ST1A1_HUMAN	-0.11785471897885036	-0.6446456145573035	0.4089361765996028	0.20175307406797016	-0.5841532751027395	0.5857299607635541	0.8427796994188929	0.3243287331045994	4.0773476960711
sp|P19971|TYPH_HUMAN	psvid_41146_sp|P19971|TYPH_HUMAN	-0.14176014818097338	-0.7754513357659975	0.4919310394040507	0.24269429517128244	-0.5841099317185252	0.5857568501395747	0.8427796994188929	0.4035615982707736	1.7596019496313537
sp|Q9NVJ2|ARL8B_HUMAN	psvid_20634_sp|Q9NVJ2|ARL8B_HUMAN	-0.11560888737364561	-0.6325503120822097	0.40133253733491847	0.19798087329035233	-0.5839396778702828	0.585862479691405	0.8427796994188929	0.3168752408036765	4.533327550463247
sp|Q9GZP9|DERL2_HUMAN	psvid_38448_sp|Q9GZP9|DERL2_HUMAN	-0.1286432932074395	-0.7042378359666104	0.4469512495517314	0.22044414471304372	-0.5835641194956522	0.5860955270070473	0.8427796994188929	0.3608332391449234	2.6391236512005394
sp|P29966|MARCS_HUMAN	psvid_58601_sp|P29966|MARCS_HUMAN	-0.18660648085381837	-1.0225364560410877	0.649323494333451	0.3201487413984302	-0.582874322849777	0.5865237206214524	0.8428361422988643	0.5486667188278127	3.7468656723492595
sp|Q9BRX8|PXL2A_HUMAN	psvid_91433_sp|Q9BRX8|PXL2A_HUMAN	-0.05737046153069181	-0.31533233551895873	0.2005914124575751	0.09879555912278742	-0.5806987888938338	0.5878754643897705	0.8437589230029635	0.08433903040573092	4.8428664025317865
sp|P26373|RL13_HUMAN	psvid_30483_sp|P26373|RL13_HUMAN	-0.07944740921398075	-0.43858552843380433	0.27969071000584284	0.1375445554882369	-0.5776121703397795	0.5897966135650032	0.8437589230029635	0.19010294968637087	4.387819832314993
sp|Q6ZV29|PLPL7_HUMAN	psvid_160303_sp|Q6ZV29|PLPL7_HUMAN	-0.2192858130536166	-1.2118067452039774	0.7732351190967443	0.3801207477556356	-0.5768846198171395	0.5902500150192863	0.8437589230029635	0.6588953699273725	2.409560992735899
sp|Q14534|ERG1_HUMAN	psvid_47688_sp|Q14534|ERG1_HUMAN	-0.1020997839637856	-0.5646586986383484	0.3604591307107771	0.17715318118902212	-0.5763361587892984	0.5905919522175367	0.8437589230029635	0.27503833897376184	4.962849494447102
sp|P11117|PPAL_HUMAN	psvid_85558_sp|P11117|PPAL_HUMAN	0.11347131153266343	-0.4006774672400498	0.6276200903053767	0.1969113314530306	0.5762558746383258	0.5906420155127793	0.8437589230029635	0.3147558893010629	4.019672916120347
sp|P98194|AT2C1_HUMAN	psvid_29493_sp|P98194|AT2C1_HUMAN	0.10375937481971098	-0.3664204995916094	0.5739392492310313	0.18007189536412332	0.5762108218492352	0.5906701105129354	0.8437589230029635	0.28098171529211646	2.0943609377704338
sp|Q8NBX0|SCPDL_HUMAN	psvid_92466_sp|Q8NBX0|SCPDL_HUMAN	-0.06375900256275235	-0.3526831299099305	0.2251651247844258	0.11065364142387261	-0.5762033832986618	0.5906747492857924	0.8437589230029635	0.12241340017958378	6.128703313749174
sp|P55263|ADK_HUMAN	psvid_39566_sp|P55263|ADK_HUMAN	-0.14624062518028902	-0.8101945259163892	0.5177132755558111	0.25428446398231025	-0.5751064099238973	0.5913590817306645	0.8437589230029635	0.4255801616607517	1.7193609377704335
sp|P61165|TM258_HUMAN	psvid_18980_sp|P61165|TM258_HUMAN	0.14624062518028902	-0.5177132755558111	0.8101945259163892	0.25428446398231025	0.5751064099238973	0.5913590817306645	0.8437589230029635	0.4255801616607517	1.0731203125901445
sp|Q9BVG9|PTSS2_HUMAN	psvid_61642_sp|Q9BVG9|PTSS2_HUMAN	-0.14624062518028902	-0.8101945259163892	0.5177132755558111	0.25428446398231025	-0.5751064099238973	0.5913590817306645	0.8437589230029635	0.4255801616607517	0.5731203125901445
sp|Q13011|ECH1_HUMAN	psvid_55805_sp|Q13011|ECH1_HUMAN	0.08048202372184088	-0.2850096567618323	0.4459737042055141	0.13997787490780145	0.5749624629953239	0.5914489174164751	0.8437589230029635	0.19565146119992102	4.295095257596966
sp|O14979|HNRDL_HUMAN	psvid_30372_sp|O14979|HNRDL_HUMAN	-0.14176014818097338	-0.786807536351639	0.5032872399896923	0.24704355100906575	-0.5738265484038935	0.5921581242504109	0.844137171628775	0.4118409576358209	1.7596019496313537
sp|P62805|H4_HUMAN	psvid_20925_sp|P62805|H4_HUMAN	0.10737030901054112	-0.38229933901624297	0.5970399570373253	0.18753618864028346	0.5725311460631742	0.5929675458920293	0.844137171628775	0.2960533961066649	4.398631273018365
sp|Q08477|CP4F3_HUMAN	psvid_45213_sp|Q08477|CP4F3_HUMAN	0.05597284658583801	-0.19965547808042733	0.31160117125210335	0.09790184445695958	0.5717241273267866	0.5934721488260064	0.844137171628775	0.08096852531353194	6.805302862239268
sp|P00395|COX1_HUMAN	psvid_151902_sp|P00395|COX1_HUMAN	0.055598105334112025	-0.19845348185641398	0.30964969252463803	0.0972979774664732	0.5714209768982088	0.5936617672183903	0.844137171628775	0.07862759460574922	1.570280303027634
sp|Q6NXT6|TAPT1_HUMAN	psvid_61561_sp|Q6NXT6|TAPT1_HUMAN	-0.055598105334111914	-0.3096496925246378	0.19845348185641398	0.09729797746647317	-0.5714209768982078	0.5936617672183909	0.844137171628775	0.07862759460574914	2.759002178568501
sp|P04632|CPNS1_HUMAN	psvid_51988_sp|P04632|CPNS1_HUMAN	-0.22672264890212956	-1.2684489226405957	0.8150036248363367	0.3989656613813047	-0.5682760970384447	0.5956310598627049	0.8452850776150228	0.693308778876301	0.8633613244510647
sp|Q6PKG0|LARP1_HUMAN	psvid_25812_sp|Q6PKG0|LARP1_HUMAN	-0.22672264890212956	-1.2684489226405957	0.8150036248363367	0.3989656613813047	-0.5682760970384447	0.5956310598627049	0.8452850776150228	0.693308778876301	1.1133613244510647
sp|P05155|IC1_HUMAN	psvid_79219_sp|P05155|IC1_HUMAN	-0.059130123165122006	-0.3308225374872936	0.2125622911570496	0.10405415175267271	-0.5682629877726451	0.5956392771195846	0.8452850776150228	0.10244015753318131	5.202003145157163
sp|P11021|BIP_HUMAN	psvid_56562_sp|P11021|BIP_HUMAN	0.05025047127267035	-0.1817756088755192	0.2822765514208599	0.08886253602093037	0.5654854511560927	0.5973818785716491	0.8472032270057355	0.034714452862606056	10.08502219485942
sp|Q58FF3|ENPLL_HUMAN	psvid_72761_sp|Q58FF3|ENPLL_HUMAN	0.06666141484654342	-0.2415834368217929	0.37490626651487974	0.11805319133586031	0.5646727046699844	0.5978923762818557	0.8473726483994645	0.14264945086724148	4.366763680853689
sp|P36578|RL4_HUMAN	psvid_54845_sp|P36578|RL4_HUMAN	-0.05283327471179344	-0.29778196454281086	0.19211541511922398	0.09381170323390618	-0.5631842604974473	0.5988279784045071	0.8481439406552724	0.06380115963383223	6.018855044141034
sp|O14657|TOR1B_HUMAN	psvid_65748_sp|O14657|TOR1B_HUMAN	-0.14624062518028935	-0.8266120518894697	0.534130801528891	0.260572132128174	-0.5612289540938108	0.6000583922825855	0.8489124391691077	0.437468760121408	2.8803249852141146
sp|P60228|EIF3E_HUMAN	psvid_78761_sp|P60228|EIF3E_HUMAN	-0.12986146189619463	-0.7348422985906573	0.47511937479826805	0.2316986580060266	-0.5604756756632439	0.600532816489895	0.8489124391691077	0.38252983193952567	4.240744414385134
sp|O95816|BAG2_HUMAN	psvid_72301_sp|O95816|BAG2_HUMAN	0.06839126833149112	-0.2505678050630772	0.3873503417260594	0.12215657882348861	0.5598656166551109	0.6009172060157159	0.8489124391691077	0.15320885968929246	3.7324948489309815
sp|P11940|PABP1_HUMAN	psvid_38730_sp|P11940|PABP1_HUMAN	-0.09064251984617688	-0.514175796307802	0.33289075661544815	0.16220694247645112	-0.5588078935606359	0.6015840156498103	0.8489124391691077	0.2440694702264541	4.218202620214599
sp|Q99624|S38A3_HUMAN	psvid_53394_sp|Q99624|S38A3_HUMAN	0.090642519846177	-0.333464190169999	0.514749229862353	0.16242655899483713	0.5580523308941006	0.6020606115508941	0.8489124391691077	0.2445319511166787	1.3934006156177785
sp|Q9NRK6|ABCBA_HUMAN	psvid_34336_sp|Q9NRK6|ABCBA_HUMAN	-0.090642519846177	-0.514749229862353	0.333464190169999	0.16242655899483713	-0.5580523308941006	0.6020606115508941	0.8489124391691077	0.2445319511166787	1.3934006156177785
sp|O00303|EIF3F_HUMAN	psvid_93468_sp|O00303|EIF3F_HUMAN	0.07404567051270106	-0.2727807274039251	0.42087206842932723	0.13282934943430413	0.5574496210969037	0.6024409542157563	0.8489124391691077	0.17916037670156582	4.20990419554786
sp|Q8WVC6|DCAKD_HUMAN	psvid_76249_sp|Q8WVC6|DCAKD_HUMAN	-0.1326286791746949	-0.7541873443680204	0.4889299860186306	0.23804771963387525	-0.557151647487663	0.602629045415295	0.8489124391691077	0.39469219772050645	2.4392776136697663
sp|P07205|PGK2_HUMAN	psvid_56005_sp|P07205|PGK2_HUMAN	0.34807935569469006	-1.284763883068341	1.980922594457721	0.6253546628398042	0.5566111142659806	0.6029703391462673	0.8489124391691077	1.10257282386356	1.924039677847345
sp|Q03154|ACY1_HUMAN	psvid_33222_sp|Q03154|ACY1_HUMAN	0.07887545643198268	-0.2914646433662964	0.44921555623026177	0.14183474735814655	0.5561081321829726	0.6032880278359142	0.8489124391691077	0.1998450900665828	4.481359379801777
sp|P57105|SYJ2B_HUMAN	psvid_91317_sp|P57105|SYJ2B_HUMAN	-0.1164332871100281	-0.6640036824478922	0.431137108227836	0.20971131326542697	-0.5552074673370676	0.6038571493946321	0.8491618706931653	0.3399525592965905	3.380505231985853
sp|O60656|UD19_HUMAN	psvid_62814_sp|O60656|UD19_HUMAN	-0.04985777637354327	-0.28463189269614525	0.1849163399490587	0.089914992983439	-0.5544990297972479	0.6043050317110226	0.8492405990387716	0.04244351299523996	7.953814169374207
sp|Q9NQE9|HINT3_HUMAN	psvid_97340_sp|Q9NQE9|HINT3_HUMAN	-0.1286432932074394	-0.7350969883003579	0.4778104018854791	0.23226274085569124	-0.553869694009026	0.6047030727970597	0.8492492279657993	0.38361252524454065	2.5104803579931
sp|Q9UHQ9|NB5R1_HUMAN	psvid_65336_sp|Q9UHQ9|NB5R1_HUMAN	-0.13933950983163856	-0.7986907929547651	0.520011773291488	0.2525217299260256	-0.5517921561540745	0.6060181895669973	0.8505449590619709	0.42224040409764524	4.793776508958219
sp|P49326|FMO5_HUMAN	psvid_67434_sp|P49326|FMO5_HUMAN	-0.06890263648504225	-0.39672688489953295	0.25892161192944846	0.12555180893743342	-0.5487984368220349	0.6079162818821404	0.8510222006078889	0.16167432126507628	7.1356481675451775
sp|P49368|TCPG_HUMAN	psvid_27914_sp|P49368|TCPG_HUMAN	-0.05162010409388085	-0.2972220883064366	0.1939818801186749	0.09406190526065526	-0.5487886296884611	0.6079225056922507	0.8510222006078889	0.064958251388438	4.881753173654369
sp|P52895|AK1C2_HUMAN	psvid_92432_sp|P52895|AK1C2_HUMAN	0.06698061031926539	-0.25220328478992515	0.38616450542845593	0.12224268219471804	0.5479314517377265	0.6084666358352487	0.8510222006078889	0.1534263741667665	5.302083171646641
sp|P21397|AOFA_HUMAN	psvid_72509_sp|P21397|AOFA_HUMAN	-0.05387000014498988	-0.31073623281835083	0.20299623252837107	0.09837594480292446	-0.5475932175584907	0.6086814244465688	0.8510222006078889	0.082769805414761	6.571496404220397
sp|P51571|SSRD_HUMAN	psvid_89039_sp|P51571|SSRD_HUMAN	-0.07834152034598452	-0.451906344643198	0.295223303951229	0.14306976885556236	-0.5475756407006923	0.6086925875044078	0.8510222006078889	0.2026161123003746	3.807496954736412
sp|P10620|MGST1_HUMAN	psvid_97758_sp|P10620|MGST1_HUMAN	-0.08816486165920345	-0.5085979876808655	0.3322682643624586	0.1610196309898908	-0.54754107382558	0.6087145412746783	0.8510222006078889	0.24156478824382138	7.431718051591136
sp|P09382|LEG1_HUMAN	psvid_79765_sp|P09382|LEG1_HUMAN	-0.07386397088154262	-0.42706328950250966	0.2793353477394244	0.13527008323149767	-0.5460480922092268	0.6096632001885653	0.8511308048441961	0.18485786371317342	3.40037824931481
sp|P13667|PDIA4_HUMAN	psvid_28028_sp|P13667|PDIA4_HUMAN	0.051961714228703215	-0.19670135624035828	0.3006247846977647	0.09523425574624804	0.5456199958884055	0.6099353804902649	0.8511308048441961	0.07016376211622484	8.79793632772292
sp|B5ME19|EIFCL_HUMAN	psvid_30063_sp|B5ME19|EIFCL_HUMAN	-0.08643636418583756	-0.5001199731578371	0.32724724478616196	0.15843466639640003	-0.5455647185798068	0.6099705306520704	0.8511308048441961	0.23608525339031108	4.548009978904867
sp|Q9NQ94|A1CF_HUMAN	psvid_39347_sp|Q9NQ94|A1CF_HUMAN	-0.14753105145923362	-0.8546396053782517	0.5595775024597844	0.2708120539863675	-0.5447728389027331	0.6104742097276828	0.8512854649162733	0.45675507298367385	3.3066345842013147
sp|Q92597|NDRG1_HUMAN	psvid_49957_sp|Q92597|NDRG1_HUMAN	-0.19896482080494338	-1.1559992505662866	0.7580696089563999	0.36652994539933625	-0.5428337392410604	0.6117086289562488	0.8522205926907311	0.6340192347483538	2.2882042859433387
sp|Q00610|CLH1_HUMAN	psvid_68932_sp|Q00610|CLH1_HUMAN	-0.05070839303281183	-0.29477643614376275	0.1933596500781391	0.0934744286446288	-0.542484118577446	0.6119313531272624	0.8522205926907311	0.062212385382510414	7.9172183243751455
sp|Q9NX63|MIC19_HUMAN	psvid_33740_sp|Q9NX63|MIC19_HUMAN	0.11644769993587001	-0.4455698461153643	0.6784652459871043	0.21524435700709052	0.5410023359266697	0.6128758499936462	0.8529877758100394	0.3507423166446793	3.7165720025518865
sp|A5A3E0|POTEF_HUMAN	psvid_32631_sp|A5A3E0|POTEF_HUMAN	-0.07966648067176596	-0.46552858283847887	0.30619562149494695	0.14777944328931505	-0.5390904099956514	0.6140957986146959	0.854137096019285	0.21306074360101915	4.701915613305754
sp|O15027|SC16A_HUMAN	psvid_35392_sp|O15027|SC16A_HUMAN	0.13441419648569997	-0.5187711080491627	0.7875995010205626	0.25016025187987695	0.5373123646767176	0.6152316095094641	0.8547849350339755	0.4177613405623765	3.1362381995614093
sp|Q9H223|EHD4_HUMAN	psvid_54761_sp|Q9H223|EHD4_HUMAN	0.0896134927281188	-0.3462769327307287	0.5255039181869663	0.1669395466612064	0.5368020611076889	0.6155578190483	0.8547849350339755	0.25398246681870446	2.7623979262599105
sp|Q8N0U8|VKORL_HUMAN	psvid_95269_sp|Q8N0U8|VKORL_HUMAN	-0.08048202372184055	-0.4721694607205555	0.3112054132768744	0.1500104598457821	-0.5365094127741485	0.6157449393576537	0.8547849350339755	0.21794635053301833	2.2669636607630497
sp|O75964|ATP5L_HUMAN	psvid_94579_sp|O75964|ATP5L_HUMAN	0.09172888741516794	-0.35622979676629213	0.5396875715966281	0.17156151016963245	0.5346705524127787	0.6169214796413829	0.8555797774720214	0.26356383462130645	3.639080708735731
sp|P11908|PRPS2_HUMAN	psvid_86843_sp|P11908|PRPS2_HUMAN	-0.05986648367384728	-0.3525658661850744	0.23283289883737984	0.11209950797382788	-0.5340476934816203	0.6173202971837177	0.8555797774720214	0.12651420577220474	3.9139950457589556
sp|P11168|GTR2_HUMAN	psvid_49999_sp|P11168|GTR2_HUMAN	-0.11391987094404732	-0.6711932183402954	0.4433534764522008	0.21342739951851897	-0.5337640396736528	0.6175019713734387	0.8555797774720214	0.34720530094463975	4.20922575571554
sp|P30086|PEBP1_HUMAN	psvid_81261_sp|P30086|PEBP1_HUMAN	-0.047270890359837336	-0.2798831141836394	0.18534133346396478	0.08908702032654937	-0.5306147875028866	0.6195211082088582	0.8578289082994222	0.03649252956372919	5.674558951646576
sp|P39023|RL3_HUMAN	psvid_60920_sp|P39023|RL3_HUMAN	0.08974672932337668	-0.3533649290686865	0.5328583877154398	0.16970517141870595	0.528839095315184	0.6206612920125177	0.858646990043847	0.2597267766805451	7.583962809921264
sp|P62191|PRS4_HUMAN	psvid_24571_sp|P62191|PRS4_HUMAN	0.3231954373069612	-1.2736783723220717	1.9200692469359941	0.6115789067263933	0.52846073295257	0.6209043993533494	0.858646990043847	1.0778031312292566	2.7531782722149347
sp|Q9BPW8|NIPS1_HUMAN	psvid_60951_sp|Q9BPW8|NIPS1_HUMAN	0.07096868727891392	-0.28076789558811877	0.4227052701459466	0.13470987720405422	0.5268261596839913	0.6219552921954508	0.8595013012834444	0.18355669773444067	5.12138487807589
sp|Q9BWM7|SFXN3_HUMAN	psvid_65934_sp|Q9BWM7|SFXN3_HUMAN	-0.16951797627815934	-1.0126249106409184	0.6735889580845996	0.3228974099655385	-0.524990201365354	0.6231368931704414	0.8595013012834444	0.5537484247505621	2.076205059304601
sp|P63241|IF5A1_HUMAN	psvid_75227_sp|P63241|IF5A1_HUMAN	0.06608068420327906	-0.26273256133154704	0.39489392973810516	0.1259305801177002	0.5247389803296164	0.6232986774999422	0.8595013012834444	0.16260533263286708	5.500191730996388
sp|P14209|CD99_HUMAN	psvid_63586_sp|P14209|CD99_HUMAN	-0.16951797627815934	-1.0137800711183196	0.6747441185620009	0.32333981923895927	-0.52427188422741	0.6235995484975508	0.8595013012834444	0.5545660294485474	2.197561766097162
sp|P01857|IGHG1_HUMAN	psvid_35056_sp|P01857|IGHG1_HUMAN	-0.12785550892579645	-0.7647445234011698	0.5090335055495769	0.2439190152848614	-0.5241719624707409	0.6236639221300919	0.8595013012834444	0.40589514964519924	3.485990331746193
sp|Q9UBC5|MYO1A_HUMAN	psvid_24971_sp|Q9UBC5|MYO1A_HUMAN	-0.10375937481971087	-0.6211279799798688	0.41360923034044705	0.19814447704663243	-0.5236551448027066	0.6239969385236754	0.8595013012834444	0.3171991892094111	1.674842961492274
sp|Q96A57|TM230_HUMAN	psvid_25004_sp|Q96A57|TM230_HUMAN	-0.1462406251802889	-0.8760830007765478	0.58360175041597	0.2795187693969669	-0.523187138723414	0.6242985917028803	0.8595013012834444	0.4730878035852963	2.049842961492274
sp|Q460N5|PAR14_HUMAN	psvid_51830_sp|Q460N5|PAR14_HUMAN	-0.13514209534067567	-0.8128077497579368	0.5425235590765854	0.2595358616037504	-0.5207068283573294	0.6258986852663779	0.8600239993164828	0.4355119341019666	2.182428952329662
sp|P0CG08|GPHRB_HUMAN,sp|B7ZAQ6|GPHRA_HUMAN	psvid_79480_sp|P0CG08|GPHRB_HUMAN	0.10536594210956918	-0.4234339487419291	0.6341658329610674	0.20252248936259062	0.5202678598371607	0.6261821187050023	0.8600239993164828	0.3258450815540454	2.7545217015691854
sp|P31513|FMO3_HUMAN	psvid_72482_sp|P31513|FMO3_HUMAN	-0.05815678506519406	-0.3500821039697523	0.2337685338393642	0.11180305313096636	-0.5201717076283155	0.6262442122158984	0.8600239993164828	0.12568000097193321	8.67472010889343
sp|P31930|QCR1_HUMAN	psvid_65377_sp|P31930|QCR1_HUMAN	-0.058599529190282995	-0.3528328138934764	0.23563375551291044	0.11268696968804179	-0.5200204544723107	0.6263418962074505	0.8600239993164828	0.12815766506577891	6.283378062143302
sp|P61619|S61A1_HUMAN	psvid_60555_sp|P61619|S61A1_HUMAN	-0.07710091215237336	-0.4646328257642711	0.3104310014595244	0.14841895622510715	-0.5194815683478756	0.6266899971362702	0.8600239993164828	0.21446504363302604	4.6982831545454955
sp|Q9BT09|CNPY3_HUMAN	psvid_94382_sp|Q9BT09|CNPY3_HUMAN	-0.0650880206425637	-0.39273731088785485	0.26256126960272747	0.1254848025621039	-0.5186924576810875	0.6271999354531416	0.8600239993164828	0.1615093554518216	4.483475891959561
sp|O95292|VAPB_HUMAN	psvid_59440_sp|O95292|VAPB_HUMAN	-0.05665347919678365	-0.34218496583094293	0.22887800743737563	0.1093543105151482	-0.5180726660878703	0.6276006242586888	0.8600239993164828	0.11865495585203373	5.016787751327203
sp|P33947|ERD22_HUMAN	psvid_27932_sp|P33947|ERD22_HUMAN	0.31921005133970604	-1.2920388417399626	1.9304589444193747	0.6170843497788301	0.5172875498367678	0.6281084053798485	0.8600239993164828	1.0877036006632437	2.230955580385415
sp|O14678|ABCD4_HUMAN	psvid_59000_sp|O14678|ABCD4_HUMAN	-0.13475655413857424	-0.8152436659298244	0.545730557652676	0.260616437793149	-0.5170685137118264	0.6282501111758155	0.8600239993164828	0.4375524023826369	3.261692105867268
sp|P04040|CATA_HUMAN	psvid_30671_sp|P04040|CATA_HUMAN	-0.05973291176340356	-0.3624768405743878	0.24301101704758066	0.11594641973825538	-0.5151768540869854	0.6294746884244362	0.8611444001316134	0.1370633282800599	6.300242516592816
sp|O14949|QCR8_HUMAN	psvid_108947_sp|O14949|QCR8_HUMAN	0.06025202487594905	-0.24547895358491112	0.3659830033368092	0.11709041530521441	0.5145769166408093	0.6298633475812677	0.8611444001316134	0.1401118185180958	3.0968226476117
sp|P26232|CTNA2_HUMAN	psvid_27831_sp|P26232|CTNA2_HUMAN	0.08791885957035361	-0.3591834191996802	0.5350211383403874	0.17123351964084024	0.5134442120605949	0.6305975257926172	0.8615108139037576	0.2628869288146322	2.5206820786873063
sp|Q8NE62|CHDH_HUMAN	psvid_74012_sp|Q8NE62|CHDH_HUMAN	0.08762431177103303	-0.3586736629090422	0.5339222864511082	0.1709254831428738	0.5126462722810577	0.6311150156439241	0.8615108139037576	0.2622507970097079	3.393498078870065
sp|P08865|RSSA_HUMAN	psvid_97390_sp|P08865|RSSA_HUMAN	-0.05483519419919736	-0.3344512111631009	0.22478082276470618	0.107088773656886	-0.5120536198770015	0.6314995271471345	0.8615108139037576	0.11191427644321338	6.142331251098566
sp|P05177|CP1A2_HUMAN	psvid_82849_sp|P05177|CP1A2_HUMAN	-0.08181698020582573	-0.4993887431239218	0.3357547827122703	0.15992377149988346	-0.511599866852098	0.6317940115468088	0.8615108139037576	0.23924633147440574	6.588932770893159
sp|P30837|AL1B1_HUMAN	psvid_883231_sp|P30837|AL1B1_HUMAN	-0.11391987094404765	-0.6959058641636577	0.46806612227556244	0.22289197513108996	-0.5110990239870579	0.632119148180422	0.8615108139037576	0.36556832494136426	2.8817619400688432
sp|O96011|PX11B_HUMAN	psvid_66965_sp|O96011|PX11B_HUMAN	-0.11231330365418934	-0.6902859779256284	0.4656593706172497	0.22135493369433612	-0.5073901077320471	0.634529866979874	0.8639513488734153	0.3625961753235177	2.193843348172905
sp|O94979|SC31A_HUMAN	psvid_25878_sp|O94979|SC31A_HUMAN	0.2132896529176822	-0.8855945412559312	1.3121738470912956	0.42085629436663874	0.5067992466137858	0.6349143965920669	0.8639513488734153	0.7331835858086547	3.8308225303903702
sp|P13671|CO6_HUMAN	psvid_26930_sp|P13671|CO6_HUMAN	-0.14428797717279562	-0.8887478535001407	0.6001718991545495	0.2851170546605137	-0.5060657537466429	0.6353919342436882	0.8639513488734153	0.483560567109613	3.7359987177528495
sp|Q96A26|F162A_HUMAN	psvid_54187_sp|Q96A26|F162A_HUMAN	-0.10082705167418449	-0.6212263529667702	0.4195722496184012	0.19930518856692514	-0.5058927587343144	0.6355045916493881	0.8639513488734153	0.3194956829113072	3.8299865840938394
sp|P61224|RAP1B_HUMAN	psvid_57822_sp|P61224|RAP1B_HUMAN	-0.05998769818018812	-0.3703594940595524	0.25038409769917613	0.11886777931858304	-0.5046590297561824	0.6363083459516011	0.8645016838101064	0.14477760965442996	4.756628432124316
sp|P00738|HPT_HUMAN	psvid_50866_sp|P00738|HPT_HUMAN	-0.05066372252332396	-0.3134808187049334	0.21215337365828546	0.10065503697445809	-0.5033401610709282	0.637168203358517	0.8651275041841517	0.09104150441102096	9.037881265205304
sp|P22413|ENPP1_HUMAN	psvid_25706_sp|P22413|ENPP1_HUMAN	-0.07468089934002031	-0.46267798518925973	0.3133161865092191	0.14859711026998998	-0.5025730258437101	0.637668651266936	0.8652648511555731	0.21485569014098924	4.348357065718714
sp|P56199|ITA1_HUMAN	psvid_36218_sp|P56199|ITA1_HUMAN	0.05036496859217188	-0.2117128233778856	0.31244276056222936	0.1003718944626874	0.501783580570901	0.6381838849066089	0.8653856283272188	0.09004526715787728	5.196993296193335
sp|Q15392|DHC24_HUMAN	psvid_81984_sp|Q15392|DHC24_HUMAN	-0.06852097904303345	-0.42548072412763877	0.28843876604157187	0.13671027060985486	-0.501213103721953	0.6385563542663696	0.8653856283272188	0.18818589147681195	6.945101015074423
sp|P11217|PYGM_HUMAN	psvid_53905_sp|P11217|PYGM_HUMAN	-0.11900703229199783	-0.7399689478510674	0.5019548832670717	0.23781917340391837	-0.5004097465677132	0.6390810808456093	0.8655554388702721	0.3942552780053722	4.222434624423014
sp|P07900|HS90A_HUMAN	psvid_68313_sp|P07900|HS90A_HUMAN	-0.04859165008064892	-0.30376999117559206	0.20658669101429422	0.09772950744514648	-0.49720551500704524	0.6411763910475266	0.8677682985343053	0.08030594033952596	6.067550397006657
sp|Q15084|PDIA6_HUMAN	psvid_88475_sp|Q15084|PDIA6_HUMAN	-0.047799800704097395	-0.2994055678677234	0.2038059664595286	0.09636126479131917	-0.4960478757477196	0.641934340278116	0.8677682985343053	0.07488218997697184	7.244932877132468
sp|Q92604|LGAT1_HUMAN	psvid_69463_sp|Q92604|LGAT1_HUMAN	-0.07187186238958299	-0.4507768109769241	0.30703308619775815	0.14511495699469154	-0.4952753587778835	0.6424404144870896	0.8677682985343053	0.20717471944279858	3.862878439167467
sp|P49327|FAS_HUMAN	psvid_52701_sp|P49327|FAS_HUMAN	-0.059855087663460926	-0.3761330320727964	0.25642285674587456	0.12112974631881997	-0.4941402874395455	0.6431844015986466	0.8677682985343053	0.15060268687155398	6.653740404477247
sp|Q9UJM8|HAOX1_HUMAN	psvid_54014_sp|Q9UJM8|HAOX1_HUMAN	-0.06170274348241622	-0.3879304418075586	0.26452495484272615	0.12494035401075741	-0.49385760086051617	0.6433697644320469	0.8677682985343053	0.16016594952758825	4.9801590922304975
sp|Q6UW68|TM205_HUMAN	psvid_95127_sp|Q6UW68|TM205_HUMAN	-0.061887736342641775	-0.38916028586730333	0.2653848131820198	0.12534051647221212	-0.4937568320644525	0.6434358476048505	0.8677682985343053	0.16115385794196327	4.472032190226063
sp|Q9HCE6|ARGAL_HUMAN	psvid_418934_sp|Q9HCE6|ARGAL_HUMAN	-0.19533992838116498	-1.2285920165927489	0.8379121598304189	0.3957201744250552	-0.4936314623457746	0.6435180691022744	0.8677682985343053	0.687388159275415	2.324392613092712
sp|P10321|HLAC_HUMAN	psvid_29535_sp|P10321|HLAC_HUMAN	0.14549956521088792	-0.6260863417315101	0.917085472153286	0.2955059207358078	0.4923744500570241	0.6443427819260622	0.8682327388851175	0.502940618885126	4.177805637442606
sp|Q8NBS9|TXND5_HUMAN	psvid_69415_sp|Q8NBS9|TXND5_HUMAN	0.04419626806013355	-0.1904100903478161	0.2788026264680832	0.0898507441984573	0.49188538675333954	0.6446638102751058	0.8682327388851175	0.04201005801098752	6.5380288295107025
sp|P25311|ZA2G_HUMAN	psvid_23271_sp|P25311|ZA2G_HUMAN	-0.059898290522513165	-0.37889863221221015	0.2591020511671838	0.12217238396642795	-0.49027684144211153	0.6457203102391503	0.8685489544703711	0.15324879831171007	4.803896262473934
sp|P23258|TBG1_HUMAN	psvid_90918_sp|P23258|TBG1_HUMAN	0.1286432932074396	-0.5572827798513232	0.8145693662662025	0.26269947902386803	0.48969755739695053	0.6461010219687301	0.8685489544703711	0.4414828832068025	2.266160377118121
sp|Q9NRH3|TBG2_HUMAN	psvid_44095_sp|Q9NRH3|TBG2_HUMAN	0.1286432932074396	-0.5572827798513232	0.8145693662662025	0.26269947902386803	0.48969755739695053	0.6461010219687301	0.8685489544703711	0.4414828832068025	2.266160377118121
sp|Q05639|EF1A2_HUMAN	psvid_59807_sp|Q05639|EF1A2_HUMAN	-0.05523761179063569	-0.3502988475524477	0.23982362397117635	0.1130040626231251	-0.4888108489944846	0.6466840173319114	0.8686374040776298	0.12903957603260327	4.610067890450494
sp|P09493|TPM1_HUMAN	psvid_50423_sp|P09493|TPM1_HUMAN	-0.20751874963942185	-1.3169977329489249	0.9019602336700813	0.4249139409493887	-0.48837830355897716	0.6469685141584193	0.8686374040776298	0.740564219029122	1.7267226489021295
sp|Q96BM9|ARL8A_HUMAN	psvid_48490_sp|Q96BM9|ARL8A_HUMAN	-0.13415752342573883	-0.854633003262112	0.5863179564106343	0.275931387705497	-0.48619885016098946	0.6484030526710985	0.8697323163968246	0.4663651953351081	4.431343808595123
sp|P17174|AATC_HUMAN	psvid_26719_sp|P17174|AATC_HUMAN	0.04942457641716991	-0.21700416167668574	0.31585331451102555	0.10203824208362815	0.4843730684488144	0.6496061510376033	0.8697323163968246	0.09579757609352801	4.380113450645336
sp|O14773|TPP1_HUMAN	psvid_59353_sp|O14773|TPP1_HUMAN	0.1382795541228813	-0.6089486392215792	0.8855077474673417	0.28617727888398736	0.4831954327825518	0.6503828053107289	0.8697323163968246	0.48554153885686724	3.787164198763405
sp|O00330|ODPX_HUMAN	psvid_56029_sp|O00330|ODPX_HUMAN	-0.08048202372184077	-0.5157206685332986	0.35475662108961703	0.16668992437211105	-0.4828247659539177	0.6506273667698288	0.8697323163968246	0.25346229217671085	2.430801617916188
sp|P10768|ESTD_HUMAN	psvid_77018_sp|P10768|ESTD_HUMAN	-0.08048202372184043	-0.5157206685332982	0.35475662108961736	0.16668992437211105	-0.4828247659539157	0.6506273667698302	0.8697323163968246	0.2534622921767108	2.4688023912774506
sp|A0A2R8Y4L2|RA1L3_HUMAN	psvid_1633342_sp|A0A2R8Y4L2|RA1L3_HUMAN	0.07173316838278954	-0.31672146838121323	0.4601878051467923	0.14877234546173482	0.4821673554998147	0.6510612423840825	0.8697323163968246	0.21523970062177525	3.7464541700448466
sp|Q9NZB2|F120A_HUMAN	psvid_39462_sp|Q9NZB2|F120A_HUMAN	-0.16951797627815957	-1.0882529025821541	0.7492169500258349	0.3518618054928708	-0.48177430352438244	0.6513207233769985	0.8697323163968246	0.6071094801792116	3.625828597714372
sp|Q6P1A2|MBOA5_HUMAN	psvid_86564_sp|Q6P1A2|MBOA5_HUMAN	-0.09236411624248686	-0.593285811944411	0.40855757945943727	0.1918455554631973	-0.4814503834580913	0.6515346082063576	0.8697323163968246	0.3046791861868083	3.223021841141464
sp|P04003|C4BPA_HUMAN	psvid_64954_sp|P04003|C4BPA_HUMAN	-0.046114125757846125	-0.29641041534732365	0.2041821638316314	0.0958597543661676	-0.48105825080354553	0.6517935854050296	0.8697323163968246	0.07281346237289565	6.012669133998227
sp|P48047|ATPO_HUMAN	psvid_57016_sp|P48047|ATPO_HUMAN	-0.08503492209970687	-0.5465896069194454	0.3765197627200317	0.17676857609811764	-0.4810522547429876	0.651797545836845	0.8697323163968246	0.2742529047983013	4.974583958045118
sp|P46776|RL27A_HUMAN	psvid_89445_sp|P46776|RL27A_HUMAN	-0.07748886330532134	-0.5004114141324026	0.34543368752175996	0.1619730436463546	-0.4784059221268164	0.6535467489409353	0.871037545518647	0.24357663735528337	3.589810795686871
sp|Q9Y3A6|TMED5_HUMAN	psvid_86377_sp|Q9Y3A6|TMED5_HUMAN	-0.11160541677066738	-0.7214336642641833	0.49822283072284856	0.23355514420992235	-0.47785467174448104	0.6539114430667781	0.871037545518647	0.3860915486691208	3.7972487795508556
sp|Q16851|UGPA_HUMAN	psvid_24468_sp|Q16851|UGPA_HUMAN	0.05426038067988248	-0.24229202106211745	0.3508127824218824	0.11357515700416623	0.4777486741919456	0.6539815812454263	0.871037545518647	0.1306190605438713	5.604339370236206
sp|P62834|RAP1A_HUMAN	psvid_57819_sp|P62834|RAP1A_HUMAN	-0.04758471819777643	-0.30864598608286686	0.213476549687314	0.09998258086458311	-0.4759300848837399	0.6551855733355556	0.8712054729316764	0.08866186992231173	4.662521997177069
sp|Q9BVA1|TBB2B_HUMAN	psvid_22585_sp|Q9BVA1|TBB2B_HUMAN	-0.05121515468275328	-0.33410567794869217	0.2316753685831856	0.10834286084410882	-0.47271370059578893	0.6573179189232187	0.8712054729316764	0.11567673974216569	7.378270177321115
sp|P05181|CP2E1_HUMAN	psvid_37478_sp|P05181|CP2E1_HUMAN	-0.0543132840164402	-0.35470422310014066	0.24607765506726026	0.1150452596864884	-0.4721036239515662	0.6577228012495647	0.8712054729316764	0.13463503337836008	8.134329050725977
sp|P24557|THAS_HUMAN	psvid_24249_sp|P24557|THAS_HUMAN	-0.08495957318628244	-0.5558910033397777	0.38597185696721276	0.18035973002981304	-0.47105622287324794	0.6584182319106776	0.8712054729316764	0.28156623158843125	3.9351808960242654
sp|P61978|HNRPK_HUMAN	psvid_15783_sp|P61978|HNRPK_HUMAN	-0.060651410556488816	-0.3975409477632362	0.27623812665025854	0.12902367964837916	-0.4700796839911761	0.659066970550523	0.8712054729316764	0.17011747441767464	3.9882514800818196
sp|P0DP25|CALM3_HUMAN,sp|P0DP23|CALM1_HUMAN,sp|P0DP24|CALM2_HUMAN	psvid_61549_sp|P0DP25|CALM3_HUMAN	-0.0627654410419296	-0.4114117517233469	0.28588086963948767	0.13352634894191515	-0.47006034044436423	0.659079824422677	0.8712054729316764	0.18079506854614258	4.318303202463584
sp|Q14118|DAG1_HUMAN	psvid_61403_sp|Q14118|DAG1_HUMAN	-0.09726057268647492	-0.6379315084658828	0.4434103630929329	0.20706892292229526	-0.46970144681233966	0.6593183353404819	0.8712054729316764	0.33477931433247615	2.679030396274169
sp|P40222|TXLNA_HUMAN	psvid_72498_sp|P40222|TXLNA_HUMAN	-0.18424139854155153	-1.2085998354196414	0.8401170383365383	0.39231403830675565	-0.46962734073128093	0.6593675900145182	0.8712054729316764	0.6811718385882253	1.9650839733531942
sp|Q7L2E3|DHX30_HUMAN	psvid_77251_sp|Q7L2E3|DHX30_HUMAN	-0.16096404744368087	-1.058409181327448	0.7364810864400864	0.3437081317997572	-0.46831608725934304	0.6602394435708454	0.8712054729316764	0.5921201592973347	1.5804820237218404
sp|P20337|RAB3B_HUMAN	psvid_64166_sp|P20337|RAB3B_HUMAN	0.11848279708310305	-0.5442579767503049	0.781223570916511	0.25381985443057536	0.4667987748590818	0.6612490791708615	0.8712054729316764	0.4247001892484727	2.2479632740824185
sp|Q15771|RAB30_HUMAN	psvid_14695_sp|Q15771|RAB30_HUMAN	0.11848279708310305	-0.5442579767503049	0.781223570916511	0.25381985443057536	0.4667987748590818	0.6612490791708615	0.8712054729316764	0.4247001892484727	2.2479632740824185
sp|Q96AX2|RAB37_HUMAN	psvid_103114_sp|Q96AX2|RAB37_HUMAN	0.11848279708310305	-0.5442579767503049	0.781223570916511	0.25381985443057536	0.4667987748590818	0.6612490791708615	0.8712054729316764	0.4247001892484727	2.2479632740824185
sp|Q53GQ0|DHB12_HUMAN	psvid_65944_sp|Q53GQ0|DHB12_HUMAN	-0.05973904083043924	-0.39427917428385106	0.2748010926229726	0.12812389297127308	-0.4662599570232654	0.6616078135141391	0.8712054729316764	0.16794821711243452	5.787218290395826
sp|P0CG47|UBB_HUMAN	psvid_34274_sp|P0CG47|UBB_HUMAN	-0.06988063215559137	-0.4614787222748585	0.32171745796367573	0.14997624132048434	-0.46594468257317767	0.6618177654432452	0.8712054729316764	0.21787169736194972	4.363844910107629
sp|P0CG48|UBC_HUMAN	psvid_34279_sp|P0CG48|UBC_HUMAN	-0.06988063215559137	-0.4614787222748585	0.32171745796367573	0.14997624132048434	-0.46594468257317767	0.6618177654432452	0.8712054729316764	0.21787169736194972	4.363844910107629
sp|P62987|RL40_HUMAN	psvid_18614_sp|P62987|RL40_HUMAN	-0.06988063215559137	-0.4614787222748585	0.32171745796367573	0.14997624132048434	-0.46594468257317767	0.6618177654432452	0.8712054729316764	0.21787169736194972	4.363844910107629
sp|P06737|PYGL_HUMAN	psvid_72592_sp|P06737|PYGL_HUMAN	-0.07033853291486447	-0.46488904104716633	0.3242119752174374	0.15110697348587102	-0.46548833116190597	0.662121728532483	0.8712054729316764	0.22033409596521725	6.998757284585569
sp|A8MWD9|RUXGL_HUMAN	psvid_110166_sp|A8MWD9|RUXGL_HUMAN	-0.29248125036057804	-1.9332524259074437	1.3482899251862877	0.6283909446559485	-0.4654447248929009	0.6621507773792008	0.8712054729316764	1.1080307896319541	1.042481250360578
sp|P62308|RUXG_HUMAN	psvid_100787_sp|P62308|RUXG_HUMAN	-0.29248125036057804	-1.9332524259074437	1.3482899251862877	0.6283909446559485	-0.4654447248929009	0.6621507773792008	0.8712054729316764	1.1080307896319541	1.042481250360578
sp|P09110|THIK_HUMAN	psvid_80719_sp|P09110|THIK_HUMAN	-0.05972687702986623	-0.39525389716729475	0.2758001431075623	0.12850185588583424	-0.46479388657958204	0.6625844223305989	0.8712054729316764	0.16886097514401405	5.261275227286082
sp|P00338|LDHA_HUMAN	psvid_51626_sp|P00338|LDHA_HUMAN	-0.05328226673208958	-0.3526354184564194	0.24607088499224022	0.11464780257069675	-0.46474738754136563	0.6626154098396374	0.8712054729316764	0.1335561267143955	5.132685781718753
sp|Q13885|TBB2A_HUMAN	psvid_40984_sp|Q13885|TBB2A_HUMAN	-0.05038443546129945	-0.3337651253835972	0.2329962544609983	0.10853058737954452	-0.4642418020377888	0.6629523880315341	0.8712054729316764	0.11623316001085786	7.381703943788011
sp|Q6UXB4|CLC4G_HUMAN	psvid_41268_sp|Q6UXB4|CLC4G_HUMAN	-0.05626663890869321	-0.3734577407209454	0.260924462903559	0.12147947201585213	-0.46317816479603113	0.6636616126744884	0.871376935304426	0.15149287271043332	2.38731120498865
sp|Q8NBN7|RDH13_HUMAN	psvid_96916_sp|Q8NBN7|RDH13_HUMAN	0.10375937481971098	-0.4818231675890188	0.6893419172284407	0.22426939995189057	0.46265506949217794	0.6640105568734203	0.871376935304426	0.36822872168794407	1.8443609377704335
sp|P51659|DHB4_HUMAN	psvid_26690_sp|P51659|DHB4_HUMAN	-0.05072687275373555	-0.3372822564410012	0.23582851093353008	0.109746447850336	-0.46221881206499793	0.6643016484436393	0.871376935304426	0.11979696983080657	6.321138489625815
sp|Q4KWH8|PLCH1_HUMAN	psvid_31493_sp|Q4KWH8|PLCH1_HUMAN	-0.25	-1.6640325117525567	1.1640325117525567	0.5415534104188877	-0.46163498408518333	0.6646913124403396	0.871376935304426	0.9516969278171752	1.021240625180289
sp|O00410|IPO5_HUMAN	psvid_53917_sp|O00410|IPO5_HUMAN	-0.10387862552677296	-0.6960398959594469	0.488282644905901	0.22678895488996598	-0.4580409375631765	0.6670927611527043	0.873996380542872	0.373087679576894	2.8387405439989433
sp|P67812|SC11A_HUMAN	psvid_34817_sp|P67812|SC11A_HUMAN	-0.042481250360577816	-0.2853961448021255	0.20043364408096984	0.09303278986373446	-0.4566266412390759	0.6680390162972345	0.8743656041536928	0.060077560406496394	3.078445297804259
sp|O60488|ACSL4_HUMAN	psvid_50204_sp|O60488|ACSL4_HUMAN	-0.08009189522493654	-0.53909091863077	0.37890712818089695	0.175789795806241	-0.4556117427499342	0.668718485534612	0.8743656041536928	0.2722516025659661	3.4653725631021244
sp|Q9H082|RB33B_HUMAN	psvid_74342_sp|Q9H082|RB33B_HUMAN	0.058230772207154446	-0.27739243911723843	0.3938539835315473	0.12853869567906376	0.45302134037944036	0.6704543973834654	0.8743656041536928	0.16894982065381423	3.1115644706587524
sp|P36268|GGT2_HUMAN	psvid_38858_sp|P36268|GGT2_HUMAN	0.051154429902117826	-0.2439088663291029	0.34621772613333857	0.11300485175224771	0.4526746339552659	0.670686916162683	0.8743656041536928	0.1290417663508008	3.180861243269719
sp|P19440|GGT1_HUMAN	psvid_54296_sp|P19440|GGT1_HUMAN	-0.06717151840259539	-0.4556836672903281	0.32134063048513734	0.14879437174931132	-0.4514385699733719	0.6715162273441406	0.8743656041536928	0.21528795256265879	4.071815403235453
sp|Q96JB5|CK5P3_HUMAN	psvid_46568_sp|Q96JB5|CK5P3_HUMAN	-0.04673285668700078	-0.31736461335016075	0.2238988999761592	0.10364793565244121	-0.45088072804178503	0.6718906756822045	0.8743656041536928	0.1011265019262992	4.335811457190803
sp|Q9Y276|BCS1_HUMAN	psvid_86464_sp|Q9Y276|BCS1_HUMAN	0.1417601481809735	-0.6794754328461481	0.9629957292080951	0.3145210070957694	0.4507175831909012	0.6720002064362444	0.8743656041536928	0.5382513475496421	2.770700479470967
sp|Q13637|RAB32_HUMAN	psvid_31410_sp|Q13637|RAB32_HUMAN	-0.10841329436154779	-0.7366367821484323	0.5198101934253367	0.2406002475109785	-0.45059510737452974	0.672082439315687	0.8743656041536928	0.3995676430205691	3.4422538370700613
sp|P47756|CAPZB_HUMAN	psvid_31859_sp|P47756|CAPZB_HUMAN	-0.07776398017418418	-0.530155993537478	0.37462803318910964	0.17325940927589556	-0.448829766297737	0.6732683117326482	0.8743656041536928	0.26706093538382564	3.2054379907878867
sp|O14617|AP3D1_HUMAN	psvid_41470_sp|O14617|AP3D1_HUMAN	-0.25	-1.706477169050607	1.206477169050607	0.5578090825641704	-0.44818201749384384	0.6737037125477194	0.8743656041536928	0.9810039294335609	0.771240625180289
sp|P48509|CD151_HUMAN	psvid_86608_sp|P48509|CD151_HUMAN	-0.25	-1.706477169050607	1.206477169050607	0.5578090825641704	-0.44818201749384384	0.6737037125477194	0.8743656041536928	0.9810039294335609	0.521240625180289
sp|P61457|PHS_HUMAN	psvid_86236_sp|P61457|PHS_HUMAN	-0.25	-1.706477169050607	1.206477169050607	0.5578090825641704	-0.44818201749384384	0.6737037125477194	0.8743656041536928	0.9810039294335609	0.521240625180289
sp|Q53FV1|ORML2_HUMAN	psvid_91450_sp|Q53FV1|ORML2_HUMAN	0.25	-1.206477169050607	1.706477169050607	0.5578090825641704	0.44818201749384384	0.6737037125477194	0.8743656041536928	0.9810039294335609	0.917481250360578
sp|Q7Z3Y8|K1C27_HUMAN	psvid_30186_sp|Q7Z3Y8|K1C27_HUMAN	0.25	-1.206477169050607	1.706477169050607	0.5578090825641704	0.44818201749384384	0.6737037125477194	0.8743656041536928	0.981003929433561	0.771240625180289
sp|Q7Z3Z0|K1C25_HUMAN	psvid_30183_sp|Q7Z3Z0|K1C25_HUMAN	0.25	-1.206477169050607	1.706477169050607	0.5578090825641704	0.44818201749384384	0.6737037125477194	0.8743656041536928	0.981003929433561	0.771240625180289
sp|P14618|KPYM_HUMAN	psvid_37927_sp|P14618|KPYM_HUMAN	-0.1286432932074395	-0.8793602881751954	0.6220737017603164	0.28751343799042045	-0.44743401945520794	0.6742066810745547	0.8743656041536928	0.4880370250719751	2.1624010022984095
sp|Q9UJ68|MSRA_HUMAN	psvid_55231_sp|Q9UJ68|MSRA_HUMAN	-0.2880007733612625	-1.9695120895977851	1.3935105428752599	0.643993812304362	-0.44721046671353515	0.6743570402798195	0.8743656041536928	1.136070314028465	0.9364816370412092
sp|P0DMM9|ST1A3_HUMAN,sp|P0DMN0|ST1A4_HUMAN	psvid_86388_sp|P0DMM9|ST1A3_HUMAN	-0.09508619527817086	-0.6507710486795817	0.46059865812323997	0.21281902995616153	-0.4467936692398119	0.674637420463763	0.8743656041536928	0.3460196845277397	2.673499532138023
sp|P07737|PROF1_HUMAN	psvid_30177_sp|P07737|PROF1_HUMAN	0.05161271936685652	-0.25213732127616445	0.3553627600098775	0.11633174559842743	0.4436683993810389	0.6767417232977584	0.8753412786082172	0.1380942962482881	3.772266843934264
sp|P19404|NDUV2_HUMAN	psvid_91777_sp|P19404|NDUV2_HUMAN	0.04640287152196754	-0.2267667056867404	0.3195724487306755	0.10461988315721904	0.44353778767115376	0.6768297406093423	0.8753412786082172	0.10425044750132405	3.911743716682331
sp|P42330|AK1C3_HUMAN	psvid_90372_sp|P42330|AK1C3_HUMAN	-0.04661882767554726	-0.32106753458298626	0.22782987923189174	0.10510977079767883	-0.4435251577637039	0.676838252032605	0.8753412786082172	0.10580076734253031	4.9624566382027275
sp|O14745|NHRF1_HUMAN	psvid_84351_sp|O14745|NHRF1_HUMAN	-0.06875176187496745	-0.47380822361355196	0.33630469986361705	0.15513059738270302	-0.443186341282234	0.6770666045897522	0.8753412786082172	0.22902514799380055	2.897178658895566
sp|Q8N6M3|FITM2_HUMAN	psvid_50514_sp|Q8N6M3|FITM2_HUMAN	0.1417601481809735	-0.6943919024518007	0.9779121988137477	0.3202337929894536	0.44267704184999035	0.6774099327300325	0.8753412786082172	0.5488240124956353	1.7596019496313537
sp|Q5T8D3|ACBD5_HUMAN	psvid_28355_sp|Q5T8D3|ACBD5_HUMAN	0.08616204284686158	-0.4229920208719624	0.5953161065656856	0.1949984299115011	0.44186018772543817	0.6779607770419436	0.8755309915672776	0.3109584330270116	2.3678830260202504
sp|O75828|CBR3_HUMAN	psvid_56400_sp|O75828|CBR3_HUMAN	0.09359887869537453	-0.46094378765926025	0.6481415450500093	0.21238158931361845	0.44071088740728587	0.6787361973408492	0.8759262558708882	0.34516676514549244	2.687360045402955
sp|Q8IZ83|A16A1_HUMAN	psvid_29152_sp|Q8IZ83|A16A1_HUMAN	0.07316322097979833	-0.3607995305972282	0.5071259725568249	0.16620127624931771	0.44020853889260475	0.6790752698952894	0.8759262558708882	0.2524431862017441	4.56692451697964
sp|Q9NRG9|AAAS_HUMAN	psvid_75281_sp|Q9NRG9|AAAS_HUMAN	0.29248125036057804	-1.4516387210036543	2.03660122172481	0.6679719955670143	0.4378645396837372	0.680658561865242	0.8770126827493545	1.1791367695090864	1.792481250360578
sp|O14983|AT2A1_HUMAN	psvid_25369_sp|O14983|AT2A1_HUMAN	0.04556921764361599	-0.22644669458435146	0.31758512987158344	0.10417804663676555	0.4374167026043481	0.6809612760796049	0.8770126827493545	0.1028384917890167	5.188437796134508
sp|P08708|RS17_HUMAN	psvid_102576_sp|P08708|RS17_HUMAN	0.04682008340638455	-0.232823746438314	0.3264639132510831	0.1070994255763595	0.43716465475347366	0.6811316774652347	0.8770126827493545	0.11194657889116091	4.570194890730687
sp|P00734|THRB_HUMAN	psvid_80667_sp|P00734|THRB_HUMAN	-0.04494665077227089	-0.315452669524446	0.22555936797990422	0.10359977990358336	-0.4338489021318495	0.6833753813065612	0.8789241967038396	0.10096998211524524	5.652283522981745
sp|Q9UJ14|GGT7_HUMAN	psvid_63697_sp|Q9UJ14|GGT7_HUMAN	-0.06871496030764579	-0.4823409843259791	0.3449110637106875	0.1584126122160417	-0.4337720295523752	0.6834274441375033	0.8789241967038396	0.2360383423161841	2.119319980874979
sp|P14923|PLAK_HUMAN	psvid_22947_sp|P14923|PLAK_HUMAN	0.07032152759750399	-0.3553197542484429	0.4959628094434509	0.16301427717036562	0.43138262990309256	0.685046698834048	0.8801328934332863	0.24576838005821147	2.8276420141593297
sp|P13639|EF2_HUMAN	psvid_47501_sp|P13639|EF2_HUMAN	-0.038403086576676904	-0.2709544700430011	0.19414829688964733	0.08906371937497336	-0.43118664756176867	0.6851795990871961	0.8801328934332863	0.03631181457568002	5.898311226940326
sp|Q3ZCM7|TBB8_HUMAN	psvid_34265_sp|Q3ZCM7|TBB8_HUMAN	-0.04883140580520773	-0.3460033706992788	0.24834055908886332	0.11381244047196863	-0.42905156591589505	0.6866282950439336	0.8814712768721589	0.1312720462620808	6.649273780228169
sp|P15144|AMPN_HUMAN	psvid_43272_sp|P15144|AMPN_HUMAN	-0.03882779892813004	-0.2765282003551155	0.1988726024988554	0.0910357166336843	-0.4265117073155801	0.6883536548416552	0.8831630373249655	0.049438972885400605	6.255569755070008
sp|Q8NBJ5|GT251_HUMAN	psvid_52711_sp|Q8NBJ5|GT251_HUMAN	-0.11485790465932422	-0.8192091612442848	0.5894933519256363	0.26975605013752596	-0.42578435071527704	0.6888481598581768	0.8832745339719936	0.4547701786421964	3.605502155947354
sp|Q71UM5|RS27L_HUMAN	psvid_100491_sp|Q71UM5|RS27L_HUMAN	-0.048161269485598956	-0.34452642040514564	0.24820388143394773	0.11350344272556198	-0.42431549501143556	0.6898473291354579	0.8838830659976025	0.13042133430567607	3.3239987209518906
sp|P78417|GSTO1_HUMAN	psvid_86359_sp|P78417|GSTO1_HUMAN	-0.06230715157719113	-0.44636390698527734	0.32174960383089507	0.14708802234531482	-0.4236045232215728	0.690331219140223	0.8838830659976025	0.2115388651133875	3.1439563537466775
sp|Q9BV23|ABHD6_HUMAN	psvid_87476_sp|Q9BV23|ABHD6_HUMAN	-0.05101564785257717	-0.36577139190330094	0.2637400961981466	0.12054676623265115	-0.4232021268336532	0.6906051669465648	0.8838830659976025	0.1491127452912939	4.781608782829775
sp|Q00266|METK1_HUMAN	psvid_60161_sp|Q00266|METK1_HUMAN	-0.04290978021795344	-0.30797514694796313	0.22215558651205625	0.10151609113899172	-0.42268944495905686	0.6909542749422882	0.8838830659976025	0.09402288167439278	4.559862688634391
sp|Q96HY6|DDRGK_HUMAN	psvid_31516_sp|Q96HY6|DDRGK_HUMAN	0.05424545637577194	-0.2821120589499386	0.3906029717014825	0.12881992318472058	0.42109523926657666	0.6920404044180887	0.8842999062370829	0.1696273514166125	4.306310245242532
sp|Q9NUI1|DECR2_HUMAN	psvid_23299_sp|Q9NUI1|DECR2_HUMAN	0.0823269063132398	-0.4282534747777378	0.5929072874042174	0.19554468824064813	0.421013258165948	0.6920962810235776	0.8842999062370829	0.3120437776366016	3.339236656774312
sp|P50416|CPT1A_HUMAN	psvid_26148_sp|P50416|CPT1A_HUMAN	-0.04416830762131574	-0.31959853376739866	0.23126191852476718	0.10548567806053276	-0.4187137859223869	0.693664468894587	0.8857813223892576	0.10697996762226952	5.807621048228761
sp|P35222|CTNB1_HUMAN	psvid_30133_sp|P35222|CTNB1_HUMAN	-0.06677244263261961	-0.4850978465960014	0.3515529613307622	0.1602124048056342	-0.41677448580605425	0.6949883986090779	0.8867176671197872	0.23985761350583332	4.076668860662278
sp|Q6IC98|GRAM4_HUMAN	psvid_46340_sp|Q6IC98|GRAM4_HUMAN	-0.10375937481971087	-0.7543447881314684	0.5468260384920467	0.24916453222924062	-0.41642915181944273	0.6952242839380731	0.8867176671197872	0.4158710184408933	3.0053249852141146
sp|Q08380|LG3BP_HUMAN	psvid_35482_sp|Q08380|LG3BP_HUMAN	0.055598105334111914	-0.29350164432382914	0.40469785499205296	0.13370000932250212	0.41584219489470586	0.6956253041548861	0.8867176671197872	0.18120138639834596	2.320280303027634
sp|Q9Y285|SYFA_HUMAN	psvid_58177_sp|Q9Y285|SYFA_HUMAN	0.03800077336126262	-0.20169973545736494	0.2777012821798902	0.09180172800198398	0.4139439876386789	0.6969229778479923	0.8873923433894717	0.05374120906816351	3.252699534725232
sp|Q86U17|SPA11_HUMAN	psvid_60593_sp|Q86U17|SPA11_HUMAN	-0.08997398627159592	-0.6578283432286666	0.47788037068547473	0.21747976872906583	-0.4137119824864474	0.6970816656175761	0.8873923433894717	0.3550860156750281	2.1679502672182167
sp|P62249|RS16_HUMAN	psvid_84008_sp|P62249|RS16_HUMAN	0.06301090547895405	-0.33509489864443004	0.46111670960233814	0.15246859894569362	0.4132713615437453	0.6973830921976328	0.8873923433894717	0.22328735896303323	4.916173941010143
sp|Q96HV5|TM41A_HUMAN	psvid_89321_sp|Q96HV5|TM41A_HUMAN	-0.14624062518028902	-1.0737417370554097	0.7812604866948317	0.35521912412094425	-0.4116913061541623	0.6984645271916661	0.8877258829468273	0.6132747950467041	1.0731203125901445
sp|Q9BTU6|P4K2A_HUMAN	psvid_47878_sp|Q9BTU6|P4K2A_HUMAN	-0.1462406251802889	-1.0737417370554097	0.7812604866948318	0.35521912412094425	-0.41169130615416194	0.6984645271916662	0.8877258829468273	0.6132747950467041	1.799842961492274
sp|P50226|ST1A2_HUMAN	psvid_37719_sp|P50226|ST1A2_HUMAN	-0.08220362011815041	-0.6063469599214232	0.44193971968512236	0.20073909960316377	-0.40950477650172157	0.6999624065241716	0.8889878503007009	0.32232840811631425	3.7604228434398737
sp|P05141|ADT2_HUMAN	psvid_70839_sp|P05141|ADT2_HUMAN	0.06472549019706508	-0.3484389143267188	0.477889894720849	0.15823581881878152	0.4090444924558548	0.7002779236101968	0.8889878503007009	0.23566218700512492	5.565050078268689
sp|P27338|AOFB_HUMAN	psvid_86668_sp|P27338|AOFB_HUMAN	0.04354192344745478	-0.23611526868107918	0.32319911557598874	0.10710454313223033	0.4065366619761246	0.7019982185969306	0.8897202198341283	0.11196209594854131	7.116162424704591
sp|P22309|UD11_HUMAN	psvid_62824_sp|P22309|UD11_HUMAN	-0.03608190341642259	-0.2678978386799338	0.19573403184708857	0.08878205365717015	-0.40640987598408146	0.7020852444988186	0.8897202198341283	0.0340555156066098	8.081696963616833
sp|CRP_HUMAN|,sp|P02741|CRP_HUMAN	psvid_76331_sp|CRP_HUMAN|	0.04854888237644883	-0.26336530693454874	0.3604630716874464	0.1194584930512351	0.40640795925348294	0.7020865601829069	0.8897202198341283	0.14631051268500875	4.463250608514059
sp|P20813|CP2B6_HUMAN	psvid_58442_sp|P20813|CP2B6_HUMAN	-0.05782902698549153	-0.43202573196619615	0.3163676779952131	0.14331176975460697	-0.40351903465090333	0.7040709388068677	0.8917134566887681	0.2031574501949791	7.916808960071073
sp|Q7Z2K6|ERMP1_HUMAN	psvid_45196_sp|Q7Z2K6|ERMP1_HUMAN	0.18424139854155153	-1.0120096853624312	1.380492482445534	0.45814636426044075	0.40214528132065785	0.7050155099573039	0.8917255207042222	0.80090456820436	1.9650839733531942
sp|P12814|ACTN1_HUMAN	psvid_44478_sp|P12814|ACTN1_HUMAN	-0.0824421475065591	-0.6177754952900253	0.4528912002769071	0.20502470614609788	-0.40210835589644456	0.7050409077367233	0.8917255207042222	0.3307675595353454	5.2192845983092635
sp|P39656|OST48_HUMAN	psvid_68699_sp|P39656|OST48_HUMAN	0.05411882309546123	-0.29764718061836787	0.40588482680929033	0.13472114495057885	0.40170994030160745	0.7053149711523012	0.8917255207042222	0.18358290632174035	5.601206698533657
sp|Q9NP72|RAB18_HUMAN	psvid_89916_sp|Q9NP72|RAB18_HUMAN	-0.08982559138769886	-0.6756577256676531	0.49600654289225543	0.22436498992450513	-0.40035475863646813	0.7062475620906734	0.8923839458020345	0.3684132396394131	4.68310633322573
sp|Q9Y2P5|S27A5_HUMAN	psvid_39274_sp|Q9Y2P5|S27A5_HUMAN	-0.056053788282776296	-0.422795543770833	0.3106879672052804	0.14045663503267597	-0.3990825230131413	0.707123611674083	0.8929702019217587	0.19673594868266697	8.128626882661738
sp|Q9HAV0|GBB4_HUMAN	psvid_70096_sp|Q9HAV0|GBB4_HUMAN	-0.08190907231883005	-0.6275097056432346	0.4636915610055745	0.20895692372541524	-0.3919902286964398	0.7120168132679078	0.8986257625809879	0.33847701898953103	3.59474297922931
sp|P80303|NUCB2_HUMAN	psvid_33474_sp|P80303|NUCB2_HUMAN	-0.040806731473654656	-0.3140086350614884	0.2323951721141791	0.10463226367938992	-0.39000142058182974	0.7133918332873157	0.8998370795888317	0.10428982146490107	5.995170024373934
sp|Q9UBR1|BUP1_HUMAN	psvid_78389_sp|Q9UBR1|BUP1_HUMAN	0.04816126948559907	-0.27648824200306016	0.3728107809742583	0.12433593193667344	0.38734795915736153	0.7152283283573259	0.901628730395768	0.15866817422236115	2.5608818659783568
sp|O00748|EST2_HUMAN	psvid_42951_sp|O00748|EST2_HUMAN	-0.04440886291510626	-0.3451066718965569	0.2562889460663444	0.11516278629093367	-0.38561817011718486	0.7164267317093621	0.9023083113658258	0.13495312048270083	6.616384229424023
sp|P13010|XRCC5_HUMAN	psvid_48170_sp|P13010|XRCC5_HUMAN	0.0532905238207273	-0.3080465678299279	0.4146276154713825	0.1383867292073249	0.38508406207715035	0.7167969532466976	0.9023083113658258	0.19203037648511634	5.190835267661704
sp|Q13595|TRA2A_HUMAN	psvid_37594_sp|Q13595|TRA2A_HUMAN	-0.08048202372184043	-0.6267606189503485	0.46579657150666764	0.2092165730462405	-0.38468283152717786	0.717075128420248	0.9023083113658258	0.3389850016895865	1.1864816370412092
sp|P21108|PRPS3_HUMAN	psvid_77988_sp|P21108|PRPS3_HUMAN	0.047073320676468744	-0.27287002842122077	0.36701666977415826	0.12253354177121964	0.38416681666117647	0.7174329582294959	0.9023083113658258	0.15416000180290992	3.3271164405384255
sp|P63010|AP2B1_HUMAN	psvid_41382_sp|P63010|AP2B1_HUMAN	-0.03623995719036066	-0.28517414656489937	0.21269423218417807	0.09533809025264722	-0.380120443930902	0.7202417900943512	0.9035036668375966	0.07060928728629504	5.7468560733582885
sp|P09211|GSTP1_HUMAN	psvid_40086_sp|P09211|GSTP1_HUMAN	0.06575860145844858	-0.3868682341292654	0.5183854370461626	0.17334934269356447	0.3793415102513097	0.7207830793314502	0.9035036668375966	0.26724584526382905	1.3633613244510647
sp|Q9Y5S2|MRCKB_HUMAN	psvid_34216_sp|Q9Y5S2|MRCKB_HUMAN	0.06575860145844847	-0.3868682341292655	0.5183854370461625	0.17334934269356447	0.3793415102513091	0.7207830793314507	0.9035036668375966	0.26724584526382905	1.2596019496313537
sp|Q15836|VAMP3_HUMAN	psvid_103652_sp|Q15836|VAMP3_HUMAN	0.16951797627815957	-1.0001191409011703	1.3391550934574894	0.44795361103537723	0.37842752486433656	0.7214184570313452	0.9035036668375966	0.7824166170325472	2.0614816370412092
sp|Q8IXQ6|PARP9_HUMAN	psvid_73729_sp|Q8IXQ6|PARP9_HUMAN	-0.034375880937484116	-0.2717103643482775	0.20295860247330927	0.0908955754785443	-0.378190915855948	0.7215829832595959	0.9035036668375966	0.04861483704031231	3.129990718426824
sp|O43175|SERA_HUMAN	psvid_67941_sp|O43175|SERA_HUMAN	-0.040537632559767056	-0.32133436882543975	0.24025910370590564	0.10754097157971026	-0.37695058882483895	0.722445728310268	0.9035036668375966	0.11328027666949875	4.517306840702519
sp|P60468|SC61B_HUMAN	psvid_60577_sp|P60468|SC61B_HUMAN	0.10375937481971098	-0.6152562071379748	0.8227749567773968	0.275372268542044	0.37679674634291993	0.7225527709411882	0.9035036668375966	0.4653165760708937	2.3999590431045457
sp|Q01581|HMCS1_HUMAN	psvid_72414_sp|Q01581|HMCS1_HUMAN	0.10375937481971098	-0.6152562071379749	0.8227749567773969	0.27537226854204405	0.3767967463429199	0.7225527709411883	0.9035036668375966	0.4653165760708938	0.9481203125901445
sp|Q13488|VPP3_HUMAN	psvid_83110_sp|Q13488|VPP3_HUMAN	0.10375937481971098	-0.6152562071379749	0.8227749567773969	0.27537226854204405	0.3767967463429199	0.7225527709411883	0.9035036668375966	0.4653165760708938	0.4481203125901445
sp|Q8IYT4|KATL2_HUMAN	psvid_51903_sp|Q8IYT4|KATL2_HUMAN	-0.10375937481971098	-0.8227749567773969	0.6152562071379749	0.27537226854204405	-0.3767967463429199	0.7225527709411883	0.9035036668375966	0.4653165760708938	1.0943609377704335
sp|P12956|XRCC6_HUMAN	psvid_53670_sp|P12956|XRCC6_HUMAN	-0.03440300028485699	-0.2732421788507217	0.20443617828100774	0.09147185133224423	-0.3761047774128715	0.7230343287050205	0.9035844234739212	0.05192780753977627	5.197046198461985
sp|P00558|PGK1_HUMAN	psvid_51790_sp|P00558|PGK1_HUMAN	0.07151594855841092	-0.426664338737447	0.5696962358542689	0.19079563683734047	0.3748301048381972	0.7239217894068752	0.9041720562793653	0.302582363252979	5.083804082996969
sp|P18077|RL35A_HUMAN	psvid_77140_sp|P18077|RL35A_HUMAN	-0.05372811405390532	-0.42988180628035455	0.3224255781725439	0.14406126674867942	-0.37295322515548984	0.725229429822949	0.904622261362002	0.20483069140434979	4.0719190525695
sp|O43772|MCAT_HUMAN	psvid_55316_sp|O43772|MCAT_HUMAN	-0.04301077698932909	-0.3454036171644072	0.259382063185749	0.11581195801509556	-0.37138459384067085	0.7263231368277964	0.904622261362002	0.13670254617900737	5.362733549492451
sp|O60256|KPRB_HUMAN	psvid_72529_sp|O60256|KPRB_HUMAN	0.08997398627159592	-0.5446661599631025	0.7246141325062944	0.24305773221308052	0.37017537130939226	0.7271667627512532	0.904622261362002	0.40425426067468817	3.2104315175787947
sp|P62857|RS28_HUMAN	psvid_94812_sp|P62857|RS28_HUMAN	-0.05197321291033319	-0.41923008408551565	0.3152836582648493	0.1406539166756401	-0.3695113093095576	0.7276302411944671	0.904622261362002	0.19718216767281235	3.448049183738461
sp|P05089|ARGI1_HUMAN	psvid_26504_sp|P05089|ARGI1_HUMAN	-0.03752363737612896	-0.3027570734202668	0.2277097986680089	0.10158045918533888	-0.3693981861970629	0.7277092081980742	0.904622261362002	0.09424296721350296	5.707978257368321
sp|O43676|NDUB3_HUMAN	psvid_107485_sp|O43676|NDUB3_HUMAN	-0.07887545643198246	-0.6367538326419564	0.4790029197779915	0.21365911655101408	-0.36916494697360525	0.7278720360094653	0.904622261362002	0.34765670497507034	2.1624010022984095
sp|Q96ER9|MITOK_HUMAN	psvid_29034_sp|Q96ER9|MITOK_HUMAN	0.08048202372184066	-0.4891291559210741	0.6500932033647554	0.21815260567525524	0.3689253377135785	0.7280393280181492	0.904622261362002	0.35639176201858075	2.0169636607630497
sp|Q15287|RNPS1_HUMAN	psvid_60270_sp|Q15287|RNPS1_HUMAN	-0.08048202372184043	-0.6500932033647552	0.4891291559210743	0.2181526056752552	-0.3689253377135775	0.7280393280181499	0.904622261362002	0.3563917620185807	1.9364816370412092
sp|Q99470|SDF2_HUMAN	psvid_104963_sp|Q99470|SDF2_HUMAN	-0.08048202372184032	-0.6500932033647551	0.4891291559210744	0.2181526056752552	-0.368925337713577	0.7280393280181502	0.904622261362002	0.3563917620185807	2.0169636607630497
sp|Q92928|RAB1C_HUMAN	psvid_85851_sp|Q92928|RAB1C_HUMAN	0.04816126948559907	-0.29390894493395747	0.3902314839051556	0.13100780192955566	0.3676213841943239	0.7289500358740856	0.9046868069538352	0.17485767514915979	3.348882639339619
sp|Q9UI17|M2GD_HUMAN	psvid_65395_sp|Q9UI17|M2GD_HUMAN	-0.17695481212667252	-1.4353687873018348	1.08145916304849	0.4819538265992536	-0.3671613386188779	0.7292714638471467	0.9046868069538352	0.8440295493701948	1.5652000549654657
sp|P22059|OSBP1_HUMAN	psvid_37445_sp|P22059|OSBP1_HUMAN	-0.0504978073191813	-0.4097140888295333	0.3087184741911707	0.13757449048241138	-0.3670579272516902	0.7293437248492617	0.9046868069538352	0.19017159213431006	3.889080708735731
sp|O00186|STXB3_HUMAN	psvid_37230_sp|O00186|STXB3_HUMAN	-0.1082398518190264	-0.8815508112314449	0.665071107593392	0.296166590162095	-0.36546948715513666	0.7304540880597779	0.9052398529976607	0.5041708260455477	2.482681305326044
sp|O43826|G6PT1_HUMAN	psvid_28411_sp|O43826|G6PT1_HUMAN	0.03984565595266165	-0.24501900978889735	0.32471032169422065	0.10909892803594431	0.3652249996400871	0.7306250590184166	0.9052398529976607	0.11790748549772351	4.02999525823276
sp|Q13505|MTX1_HUMAN	psvid_59325_sp|Q13505|MTX1_HUMAN	-0.06074711590800874	-0.49613376555853284	0.37463953374251535	0.16674660802307995	-0.36430795581521236	0.7312665109869764	0.9055168738907301	0.2535804375220474	3.1775522168495702
sp|Q9BVK6|TMED9_HUMAN	psvid_65675_sp|Q9BVK6|TMED9_HUMAN	0.07323187920635332	-0.45460917919484556	0.6010729376075522	0.20215527080208076	0.36225560142852115	0.7327030014180765	0.9067775008983278	0.3251215367602534	5.7678190655046215
sp|Q9NRG7|D39U1_HUMAN	psvid_36339_sp|Q9NRG7|D39U1_HUMAN	-0.1286432932074395	-1.0708099697174953	0.8135233833026163	0.36083581714444773	-0.3565147557287578	0.7367278178670535	0.9112381171905851	0.6235809852075016	2.058641627478699
sp|P53621|COPA_HUMAN	psvid_40294_sp|P53621|COPA_HUMAN	-0.055775357119958846	-0.46595511146894664	0.35440439722902894	0.15709274221507255	-0.3550473200321242	0.7377581790804073	0.9116317273798876	0.23322572418380094	5.782445195558415
sp|Q7Z3Y7|K1C28_HUMAN	psvid_30184_sp|Q7Z3Y7|K1C28_HUMAN	0.14624062518028902	-0.9297909928886507	1.2222722432492288	0.4121040977774638	0.3548633123741928	0.7378874249304674	0.9116317273798876	0.7172529590963881	1.3231203125901445
sp|A0A8I5KQE6|RPSA2_HUMAN	psvid_1210968_sp|A0A8I5KQE6|RPSA2_HUMAN	0.041064447942892546	-0.2628613737808204	0.3449902696666055	0.11639906713661319	0.35279018082418784	0.7393442664847683	0.9125356411094354	0.13827398045472317	5.754480314502758
sp|O94973|AP2A2_HUMAN	psvid_57742_sp|O94973|AP2A2_HUMAN	0.04522105335804527	-0.2896265653559185	0.38006867207200906	0.1282416552505145	0.35262374982378314	0.7394612763212591	0.9125356411094354	0.16823284850337186	5.494296642372088
sp|Q99643|C560_HUMAN	psvid_84921_sp|Q99643|C560_HUMAN	0.05214665545285457	-0.33648465093216845	0.4407779618378776	0.14884000729764432	0.35035375501274846	0.7410580106398448	0.9136125729044224	0.2153879125085788	2.5452772269891346
sp|Q15125|EBP_HUMAN	psvid_108796_sp|Q15125|EBP_HUMAN	0.08048202372184066	-0.5196131392150357	0.680577186658717	0.2298275176583866	0.3501844537235457	0.7411771588214003	0.9136125729044224	0.37893529573832624	2.5244004966115625
sp|P10253|LYAG_HUMAN	psvid_70365_sp|P10253|LYAG_HUMAN	-0.11485790465932444	-0.9733938042609089	0.7436779949422601	0.3288064740605107	-0.34931764950037747	0.7417873150889924	0.9138448617384005	0.5646617744368332	2.6803922264120805
sp|Q9NSE4|SYIM_HUMAN	psvid_32737_sp|Q9NSE4|SYIM_HUMAN	0.03138272052096469	-0.20416111922569677	0.2669265602676262	0.09020978560094542	0.3478859894401056	0.7427955589901128	0.9145670320065764	0.04438186898491279	0.8805492649198067
sp|P11226|MBL2_HUMAN	psvid_62834_sp|P11226|MBL2_HUMAN	0.050253782543452585	-0.3287947304780874	0.42930229556499255	0.14516994003667186	0.3461720968594312	0.7440033441469287	0.9154126050331053	0.2072967725163449	5.053908129758803
sp|P35908|K22E_HUMAN	psvid_22944_sp|P35908|K22E_HUMAN	0.32319543730696143	-2.1178053148058003	2.764196189419723	0.9348669646239808	0.3457127586457781	0.7443271850799869	0.9154126050331053	1.6571786364156846	2.718802391277451
sp|Q13423|NNTM_HUMAN	psvid_38304_sp|Q13423|NNTM_HUMAN	0.03269785455562535	-0.21473124389834553	0.2801269530095962	0.09476166282665134	0.34505361746806756	0.7447919964306337	0.9154646944215447	0.06810552243542736	6.822675999409719
sp|Q8NFW8|NEUA_HUMAN	psvid_73389_sp|Q8NFW8|NEUA_HUMAN	0.06288469174899114	-0.415613028454305	0.5413824119522872	0.18325750652832484	0.34314933636440964	0.7461355527628479	0.9161426655292358	0.2874355263349064	2.4220029519297634
sp|Q9UHE5|NAT8_HUMAN	psvid_105838_sp|Q9UHE5|NAT8_HUMAN	-0.06938349388222709	-0.5980140355221298	0.45924704775767566	0.20245763113455906	-0.3427062417623214	0.7464483249568825	0.9161426655292358	0.325717310359352	3.380752777501883
sp|Q02878|RL6_HUMAN	psvid_26499_sp|Q02878|RL6_HUMAN	-0.031465529328635	-0.2719339534020643	0.2090028947447943	0.09209582811757125	-0.34166074589682305	0.7471865431984118	0.9161426655292358	0.05531308606299582	5.88323275333202
sp|Q96HR9|REEP6_HUMAN	psvid_415045_sp|Q96HR9|REEP6_HUMAN	0.0716674011780114	-0.4779084564808467	0.6212432588368695	0.21047937549198412	0.340496074784015	0.7480092771954129	0.9161426655292358	0.34145371894047155	4.676196710888886
sp|P46976|GLYG_HUMAN	psvid_65454_sp|P46976|GLYG_HUMAN	-0.07225740359168464	-0.6268353790613268	0.4823205718779575	0.2123951121792472	-0.3402027610254244	0.7482165374576006	0.9161426655292358	0.34519313720470285	2.458191279079137
sp|Q9NZ43|USE1_HUMAN	psvid_62779_sp|Q9NZ43|USE1_HUMAN	-0.05281518902743576	-0.4593668425081798	0.35373646445330825	0.15570323357067373	-0.3392041887393619	0.74892232796176	0.9161426655292358	0.2302534947986055	2.941183585382133
sp|P01009|A1AT_HUMAN	psvid_25500_sp|P01009|A1AT_HUMAN	-0.03444347027772299	-0.2998399050557227	0.23095296450027675	0.10164288527489707	-0.33886749854226694	0.7491603641952569	0.9161426655292358	0.09445605583194326	7.203145172819199
sp|P26599|PTBP1_HUMAN	psvid_71919_sp|P26599|PTBP1_HUMAN	0.04224606784165186	-0.28337477953379203	0.36786691521709575	0.12470793912729916	0.33876005118269165	0.7492363350436183	0.9161426655292358	0.15959082357623638	4.337371109683168
sp|P62829|RL23_HUMAN	psvid_41166_sp|P62829|RL23_HUMAN	-0.07237665429874629	-0.6318515178023286	0.48709820920483604	0.21427054742785612	-0.3377816277951834	0.7499282813249282	0.9161426655292358	0.34884736091580304	3.480502155947354
sp|Q9UBS3|DNJB9_HUMAN	psvid_40926_sp|Q9UBS3|DNJB9_HUMAN	0.14624062518028902	-0.9849896090145398	1.2774708593751178	0.433244346367879	0.33754768274832214	0.7500937685932754	0.9161426655292358	0.7557072677167809	0.5731203125901445
sp|Q9P035|HACD3_HUMAN	psvid_38408_sp|Q9P035|HACD3_HUMAN	0.05675060634742435	-0.38302749562756166	0.49652870832241036	0.16842846891612034	0.3369418882248874	0.7505223652753252	0.9161426655292358	0.2570792478255819	4.403042813797269
sp|P00326|ADH1G_HUMAN	psvid_59638_sp|P00326|ADH1G_HUMAN	0.04208755936112296	-0.28546899018297883	0.36964410890522476	0.12544928425358107	0.3354946153064363	0.7515467222568516	0.9161426655292358	0.16142187881801817	6.8859595088706715
sp|Q9H936|GHC1_HUMAN	psvid_58898_sp|Q9H936|GHC1_HUMAN	-0.0782687720833477	-0.6894147111718862	0.5328771670051908	0.23405980048283953	-0.3343964744133246	0.7523243617026326	0.9161426655292358	0.38705895782565897	3.05244616751978
sp|P09429|HMGB1_HUMAN	psvid_6810_sp|P09429|HMGB1_HUMAN	-0.08549350927228028	-0.7537448343449197	0.5827578158003591	0.2559303135551645	-0.33404995322624254	0.7525698179813044	0.9161426655292358	0.4286957151319506	3.7257886110519864
sp|P00167|CYB5_HUMAN	psvid_88729_sp|P00167|CYB5_HUMAN	0.03532309921051935	-0.24086489096755181	0.3115110893885905	0.10577589040883824	0.3339428207504636	0.7526457114525918	0.9161426655292358	0.1078843711048447	7.977269974890386
sp|P13929|ENOB_HUMAN	psvid_49740_sp|P13929|ENOB_HUMAN	0.08903595255631913	-0.6089692800717348	0.787041185184373	0.26732561739436134	0.33306180464168694	0.7532699517554116	0.9161426655292358	0.45019844844437606	2.4979632740824185
sp|O75947|ATP5H_HUMAN	psvid_84557_sp|O75947|ATP5H_HUMAN	-0.035021255193032674	-0.30983200094318836	0.239789490557123	0.10524842628710201	-0.3327484925760307	0.7534919999730513	0.9161426655292358	0.10623675477193593	5.545306805785908
sp|P08133|ANXA6_HUMAN	psvid_50160_sp|P08133|ANXA6_HUMAN	0.034638738922413426	-0.23737962554433328	0.30665710338916013	0.10417898580772736	0.3324925718353858	0.7536733945531233	0.9161426655292358	0.10284150723072753	7.392024227864932
sp|P63027|VAMP2_HUMAN	psvid_80240_sp|P63027|VAMP2_HUMAN	0.2119992266387376	-1.4532294344759227	1.8772278877533979	0.6377577976875622	0.3324133823332664	0.7537295271401431	0.9161426655292358	1.1248652850493819	1.4364816370412092
sp|P62241|RS8_HUMAN	psvid_83725_sp|P62241|RS8_HUMAN	-0.029312750972739332	-0.2596287938710381	0.20100329192555946	0.08820761720051805	-0.33231541564153233	0.7537989721451904	0.9161426655292358	0.028940242965661278	5.316824514901276
sp|Q9BWD1|THIC_HUMAN	psvid_69241_sp|Q9BWD1|THIC_HUMAN	-0.055598105334111914	-0.49507640876897213	0.3838801981007483	0.1683136505364195	-0.33032439827025	0.7552109101155777	0.9173441940697629	0.2568407944471886	3.070280303027634
sp|P31937|3HIDH_HUMAN	psvid_61648_sp|P31937|3HIDH_HUMAN	-0.06575860145844847	-0.5869412541903656	0.45542405127346863	0.1996052005114883	-0.32944332757835	0.7558360760791223	0.9173808601143587	0.32008875322521463	2.009601949631354
sp|Q9NQ39|RS10L_HUMAN	psvid_44006_sp|Q9NQ39|RS10L_HUMAN	-0.08894788668841158	-0.7946814817950957	0.6167857084182725	0.27028546522138774	-0.3290886789474801	0.7560877785714096	0.9173808601143587	0.45576539320199644	2.9554379907878867
sp|P0DJI8|SAA1_HUMAN	psvid_36397_sp|P0DJI8|SAA1_HUMAN	0.046553153970576355	-0.3255664198831677	0.4186727278243204	0.1425162594418359	0.3266515284143824	0.7578184204634247	0.9189661539699169	0.20137594773461642	5.652769838040097
sp|P62280|RS11_HUMAN	psvid_42815_sp|P62280|RS11_HUMAN	-0.03944326904674478	-0.35701238520581674	0.2781258471123272	0.12162424588562248	-0.32430432566741585	0.7594867322638176	0.9204741324472555	0.15186059757471337	4.651438129371828
sp|E9PAV3|NACAM_HUMAN	psvid_33698_sp|E9PAV3|NACAM_HUMAN	0.07460993549124795	-0.5287492909383165	0.6779691619208124	0.2310776054050242	0.322878261441538	0.7605010654354967	0.920673636200403	0.3813372950575132	3.9125154376348563
sp|Q13765|NACA_HUMAN	psvid_44711_sp|Q13765|NACA_HUMAN	0.07460993549124795	-0.5287492909383165	0.6779691619208124	0.2310776054050242	0.322878261441538	0.7605010654354967	0.920673636200403	0.3813372950575132	3.9125154376348563
sp|Q9NZN3|EHD3_HUMAN	psvid_70898_sp|Q9NZN3|EHD3_HUMAN	-0.0321744065936489	-0.2949008898981187	0.2305520767108209	0.1006203335908831	-0.31976048424236314	0.7627206072069417	0.9228450897919835	0.09091983721337679	4.729170811293432
sp|Q9NRW1|RAB6B_HUMAN	psvid_86759_sp|Q9NRW1|RAB6B_HUMAN	0.03800077336126251	-0.2729322494293722	0.34893379615189724	0.11908272087423419	0.3191124042370172	0.7631823046057266	0.9228884230360545	0.1453363737958488	2.9344449111236277
sp|P02647|APOA1_HUMAN	psvid_54328_sp|P02647|APOA1_HUMAN	0.054779322325896995	-0.3959514314778189	0.505510076129613	0.17262317158503415	0.3173346997561837	0.7644493358871723	0.9239050255814291	0.26575186313667376	4.644672916120346
sp|Q9UKY3|CES1P_HUMAN	psvid_103296_sp|Q9UKY3|CES1P_HUMAN	-0.027937781210949808	-0.25976600387804943	0.20389044145614982	0.0887867595499012	-0.3146615706280824	0.7663561611678602	0.9250482747326492	0.03409437837289962	8.37747637847878
sp|P62910|RL32_HUMAN	psvid_88642_sp|P62910|RL32_HUMAN	-0.039833397543648896	-0.37078227216106513	0.29111547707376734	0.12674849427699558	-0.31427116961718826	0.7666348057729825	0.9250482747326492	0.1646072089540303	4.495510477393331
sp|Q9UBU6|FA8A1_HUMAN	psvid_51504_sp|Q9UBU6|FA8A1_HUMAN	-0.02939061202900528	-0.27362216819096374	0.21484094413295318	0.09353705171000046	-0.3142135815882574	0.7666759120534554	0.9250482747326492	0.06250999596919755	3.935731783714613
sp|O60884|DNJA2_HUMAN	psvid_48547_sp|O60884|DNJA2_HUMAN	-0.03609747733379365	-0.33928809417098005	0.26709313950339275	0.11611749460532703	-0.3108702737385589	0.7690638694919714	0.9261475533513664	0.1375215834099627	4.199975683035068
sp|Q9Y281|COF2_HUMAN	psvid_66580_sp|Q9Y281|COF2_HUMAN	-0.08335593343129788	-0.7865454947263553	0.6198336278637595	0.2693111381281586	-0.30951535837196165	0.7700324580678135	0.9261475533513664	0.4539336422237128	2.4526420141593297
sp|Q6UXV4|MIC27_HUMAN	psvid_40646_sp|Q6UXV4|MIC27_HUMAN	0.04564785331961807	-0.3396693856447475	0.43096509228398366	0.14757076879068048	0.3093285594003144	0.7701660329304938	0.9261475533513664	0.21260182952399187	3.2438665564369176
sp|Q86UB9|TM135_HUMAN	psvid_63078_sp|Q86UB9|TM135_HUMAN	0.14624062518028902	-1.0886799714004431	1.3811612217610212	0.47295621219199574	0.3092054220041049	0.7702540901408823	0.9261475533513664	0.8277402069671046	0.9693609377704335
sp|Q14964|RB39A_HUMAN	psvid_55640_sp|Q14964|RB39A_HUMAN	0.06288469174899114	-0.46892212123627164	0.5946915047342539	0.2036740957951655	0.30875154497916174	0.770578698058382	0.9261475533513664	0.3281122361020976	2.4220029519297634
sp|Q96DA2|RB39B_HUMAN	psvid_80535_sp|Q96DA2|RB39B_HUMAN	0.06288469174899114	-0.46892212123627164	0.5946915047342539	0.2036740957951655	0.30875154497916174	0.770578698058382	0.9261475533513664	0.3281122361020976	2.4220029519297634
sp|Q96E17|RAB3C_HUMAN	psvid_53566_sp|Q96E17|RAB3C_HUMAN	0.06288469174899114	-0.46892212123627164	0.5946915047342539	0.2036740957951655	0.30875154497916174	0.770578698058382	0.9261475533513664	0.3281122361020976	2.4220029519297634
sp|Q08043|ACTN3_HUMAN	psvid_34128_sp|Q08043|ACTN3_HUMAN	-0.08698082585507672	-0.8295014317776125	0.655539780067459	0.28437434295288305	-0.30586734707458557	0.7726427036276209	0.9267264140276593	0.4821724038067299	3.2564276732815527
sp|Q7KZF4|SND1_HUMAN	psvid_39774_sp|Q7KZF4|SND1_HUMAN	0.029344992850043328	-0.22225570770244457	0.2809456934025312	0.09635932435464725	0.304537137911429	0.773595364920335	0.9267264140276593	0.07487427531835056	6.729723165254964
sp|Q9Y490|TLN1_HUMAN	psvid_37836_sp|Q9Y490|TLN1_HUMAN	-0.041294299926890154	-0.3959367791275048	0.3133481792737245	0.13582279225847868	-0.3040307097228917	0.773958176188661	0.9267264140276593	0.18613793997637026	5.458895418434304
sp|P35998|PRS7_HUMAN	psvid_59834_sp|P35998|PRS7_HUMAN	-0.09659203911189351	-0.9273421735605004	0.7341580953367134	0.31816493947440466	-0.3035910847733869	0.7742731825947718	0.9267264140276593	0.5449969487515248	2.633258520277103
sp|O14672|ADA10_HUMAN	psvid_41325_sp|O14672|ADA10_HUMAN	0.08048202372184055	-0.617385018408528	0.7783490658522091	0.2672726924900985	0.3011232571947922	0.7760423908963422	0.9267264140276593	0.45009884097653513	1.5827222622214983
sp|Q9H2A2|AL8A1_HUMAN	psvid_24222_sp|Q9H2A2|AL8A1_HUMAN	-0.09166861942936133	-0.8880655487240011	0.7047283098652785	0.3050081730950428	-0.30054479687925184	0.77645732082794	0.9267264140276593	0.5206103712055721	2.8995056186664843
sp|P11216|PYGB_HUMAN	psvid_48062_sp|P11216|PYGB_HUMAN	-0.05629761525531429	-0.5454387600611781	0.43284352955054944	0.1873337797710899	-0.3005203616993499	0.7764748500844656	0.9267264140276593	0.29564695414217285	5.3228138047759535
sp|Q15041|AR6P1_HUMAN	psvid_50981_sp|Q15041|AR6P1_HUMAN	0.07144226741801707	-0.5494364960490014	0.6923210308850355	0.23778732739001168	0.3004460675098955	0.7765281480285547	0.9267264140276593	0.39419439177776056	4.9664626130787095
sp|P84243|H33_HUMAN	psvid_20396_sp|P84243|H33_HUMAN	0.06708217637582692	-0.5164026324937229	0.6505669852453767	0.22346599922181473	0.3001896333644942	0.7767121222971755	0.9267264140276593	0.3666773638271729	3.2821294474026277
sp|P25789|PSA4_HUMAN	psvid_83437_sp|P25789|PSA4_HUMAN	0.10375937481971098	-0.7987754653124721	1.006294214951894	0.3456574135552691	0.3001798044847093	0.7767191741928231	0.9267264140276593	0.5957057571144397	1.8443609377704335
sp|Q9HC07|TM165_HUMAN	psvid_78328_sp|Q9HC07|TM165_HUMAN	0.10375937481971098	-0.7987754653124719	1.0062942149518939	0.345657413555269	0.3001798044847094	0.7767191741928231	0.9267264140276593	0.5957057571144397	0.9481203125901445
sp|Q07075|AMPE_HUMAN	psvid_67756_sp|Q07075|AMPE_HUMAN	-0.03709795997316734	-0.3600089466690085	0.28581302672267384	0.12367010281123027	-0.29997516885543124	0.7768659990905167	0.9267264140276593	0.15701022835322473	3.1906115572698783
sp|A6NNZ2|TBB8B_HUMAN	psvid_34264_sp|A6NNZ2|TBB8B_HUMAN	-0.036703162667580225	-0.3562657847269205	0.28285945939176005	0.12238772898095984	-0.2998925053449617	0.7769253127244903	0.9267264140276593	0.15379244145781265	6.5757205860673205
sp|TRFL_HUMAN|,sp|P02788|TRFL_HUMAN	psvid_28989_sp|TRFL_HUMAN|	-0.07703057384058298	-0.7488578120052614	0.5947966643240954	0.2572998350578597	-0.2993805799496953	0.7772926739679616	0.9267264140276593	0.43128620486103264	3.5337733015105472
sp|Q16850|CP51A_HUMAN	psvid_33865_sp|Q16850|CP51A_HUMAN	-0.04153746371303435	-0.40413404221740157	0.32105911479133287	0.13886909393043875	-0.29911236933569235	0.7774851704894369	0.9267264140276593	0.1931309112477044	5.880240269001246
sp|Q9Y394|DHRS7_HUMAN	psvid_24281_sp|Q9Y394|DHRS7_HUMAN	-0.04003930629837349	-0.39023905140625365	0.31016043880950667	0.13412129121129085	-0.2985305758449396	0.7779027905474446	0.9267264140276593	0.1821854855331485	5.220048721399371
sp|P61353|RL27_HUMAN	psvid_85833_sp|P61353|RL27_HUMAN	0.026967506226110993	-0.21003949218705564	0.26397450463927763	0.09077015359761033	0.29709662435583845	0.778932470027727	0.9274432211813651	0.047866333373235315	4.508741767703311
sp|P11233|RALA_HUMAN	psvid_82803_sp|P11233|RALA_HUMAN	-0.03697467377807828	-0.3629811635569201	0.28903181600076355	0.12485563442922927	-0.29613940890297813	0.7796201093426096	0.9277522113923311	0.15995642087632828	3.5063085156307823
sp|O95168|NDUB4_HUMAN	psvid_99900_sp|O95168|NDUB4_HUMAN	-0.07480200459681952	-0.7362890554436885	0.5866850462500495	0.2533396971828193	-0.29526365361856266	0.7802494327074052	0.9279915042134727	0.42379054584722015	2.5374010022984095
sp|Q14677|EPN4_HUMAN	psvid_59839_sp|Q14677|EPN4_HUMAN	0.07970554600488544	-0.6292949243521605	0.7887060163619314	0.2715366298293739	0.29353515234747596	0.7814921120211106	0.9285776669173642	0.4581164941259527	3.670390869453028
sp|P30040|ERP29_HUMAN	psvid_46244_sp|P30040|ERP29_HUMAN	-0.030573426166816242	-0.3026697320384249	0.24152287970479241	0.10420883620597846	-0.2933861204090699	0.7815992913969877	0.9285776669173642	0.1029373174783924	6.591971094217587
sp|Q9BY64|UDB28_HUMAN	psvid_42937_sp|Q9BY64|UDB28_HUMAN	0.0406404032572063	-0.3229728152362454	0.404253621750658	0.1392584519180953	0.2918343748436103	0.7827155916045466	0.9293943490449602	0.19401746654360805	4.272864802633738
sp|P30419|NMT1_HUMAN	psvid_62349_sp|P30419|NMT1_HUMAN	-0.038627487263906524	-0.3849811539659173	0.30772617943810426	0.1326483004136072	-0.2912022780801802	0.783170484103204	0.9294252130622361	0.17873472088255377	4.303766664568556
sp|Q9HCE1|MOV10_HUMAN	psvid_57584_sp|Q9HCE1|MOV10_HUMAN	-0.10375937481971098	-1.0449499408748384	0.8374311912354163	0.36046198136527113	-0.2878510916094846	0.7855838459431909	0.931394181121368	0.6228953365685669	2.0943609377704338
sp|P62879|GBB2_HUMAN	psvid_21038_sp|P62879|GBB2_HUMAN	-0.04982191485640808	-0.5019810852036243	0.4023372554908081	0.1731702338655701	-0.28770484247936173	0.785689230775201	0.931394181121368	0.26687755236588745	4.561920851533465
sp|Q99623|PHB2_HUMAN	psvid_90957_sp|Q99623|PHB2_HUMAN	0.025675582048570567	-0.21091221764126508	0.26226338173840624	0.09060960672448237	0.28336489889689725	0.7888189169591943	0.9341189542186976	0.046892326673324033	5.316265740550703
sp|P42677|RS27_HUMAN	psvid_100492_sp|P42677|RS27_HUMAN	0.033137682694719284	-0.2724104379494119	0.33868580333885046	0.1170203834824322	0.2831787224461977	0.7889532783414733	0.9341189542186976	0.13992625612105997	3.5108888222223387
sp|Q9BY49|PECR_HUMAN	psvid_78667_sp|Q9BY49|PECR_HUMAN	0.04962826451069646	-0.4088633843167178	0.5081199133381107	0.1755954788927195	0.2826283730289945	0.7893505084077134	0.9341189542186976	0.27185386074770207	4.632965918206468
sp|Q8TAA3|PSMA8_HUMAN	psvid_76109_sp|Q8TAA3|PSMA8_HUMAN	-0.048161269485598956	-0.4938897964641478	0.3975672574929499	0.17070739314688455	-0.28212761379443463	0.789712009288719	0.9341189542186976	0.26180017536254285	2.6646412407980673
sp|P0CG39|POTEJ_HUMAN	psvid_32629_sp|P0CG39|POTEJ_HUMAN	-0.04075139687563034	-0.42308194932515975	0.34157915557389906	0.14642691229903804	-0.27830537594350446	0.7924733004501834	0.9366885943947716	0.21008013830888933	3.6739381303601655
sp|P46777|RL5_HUMAN	psvid_67743_sp|P46777|RL5_HUMAN	0.0371023839733593	-0.3114705341599062	0.3856753021066248	0.13349824068809454	0.27792414178734653	0.7927489073004204	0.9366885943947716	0.18072926674724185	6.112326614953488
sp|P51648|AL3A2_HUMAN	psvid_73585_sp|P51648|AL3A2_HUMAN	0.031125566606435617	-0.26200690579775504	0.3242580390106263	0.11226537495821684	0.2772499233892907	0.7932364073236033	0.9367538390573561	0.1269795108726054	7.101723534934271
sp|P22492|H1T_HUMAN	psvid_46313_sp|P22492|H1T_HUMAN	0.14624062518028902	-1.2481956086024586	1.5406768589630366	0.5340483275598568	0.2738340663821257	0.7957079385379195	0.9386494843830548	0.938158488993374	1.8656015629507225
sp|Q02539|H11_HUMAN	psvid_41620_sp|Q02539|H11_HUMAN	0.14624062518028902	-1.2481956086024586	1.5406768589630366	0.5340483275598568	0.2738340663821257	0.7957079385379195	0.9386494843830548	0.938158488993374	1.8656015629507225
sp|P14406|CX7A2_HUMAN	psvid_80162_sp|P14406|CX7A2_HUMAN	0.04547441077709724	-0.39325517367171	0.48420399522590446	0.16802690230611197	0.27063767856799387	0.7980231704091973	0.9399482057168517	0.25624502236234614	3.2012985848050795
sp|P08319|ADH4_HUMAN	psvid_56289_sp|P08319|ADH4_HUMAN	0.02873687023019511	-0.24933132246203804	0.30680506292242826	0.10649597999331363	0.2698399529446967	0.7986013584966603	0.9399482057168517	0.11010681203794047	6.676883443158509
sp|O75323|NIPS2_HUMAN	psvid_44331_sp|O75323|NIPS2_HUMAN	0.03800077336126251	-0.3304169511701733	0.4064184978926983	0.141098506236948	0.26932087641982166	0.7989776626351814	0.9399482057168517	0.19818635563351195	1.4577222622214983
sp|O75832|PSD10_HUMAN	psvid_98849_sp|O75832|PSD10_HUMAN	-0.03800077336126251	-0.4064184978926983	0.3304169511701733	0.141098506236948	-0.26932087641982166	0.7989776626351814	0.9399482057168517	0.19818635563351195	1.9577222622214983
sp|O94906|PRP6_HUMAN	psvid_61944_sp|O94906|PRP6_HUMAN	-0.038000773361262286	-0.40641849789269807	0.3304169511701735	0.141098506236948	-0.26932087641982005	0.7989776626351826	0.9399482057168517	0.19818635563351195	1.6419636607630497
sp|P33121|ACSL1_HUMAN	psvid_68886_sp|P33121|ACSL1_HUMAN	0.024548885606690884	-0.21518813739496678	0.26428590860834855	0.09181571239073337	0.2673712915521474	0.8003915720184007	0.9409657452471374	0.0538168757234086	9.232915055041076
sp|Q6UX53|TMT1B_HUMAN	psvid_37390_sp|Q6UX53|TMT1B_HUMAN	0.024571107176802442	-0.21577876336259935	0.26492097771620426	0.09205042387818058	0.26693095090273367	0.800711044871122	0.9409657452471374	0.05507301762629675	5.401434518858384
sp|Q9H2F3|3BHS7_HUMAN	psvid_73123_sp|Q9H2F3|3BHS7_HUMAN	-0.056206370922886606	-0.609105428364	0.49669268651822673	0.21175211155754534	-0.26543476005721944	0.8017968849273671	0.9417310838144198	0.3439387956016403	4.36672579893356
sp|P27824|CALX_HUMAN	psvid_46419_sp|P27824|CALX_HUMAN	-0.02347858072866127	-0.25515424126404823	0.2081970798067257	0.08872833052366377	-0.26461199698104937	0.8023942133759514	0.9418092195179564	0.03360881608954842	7.736138216014266
sp|P17516|AK1C4_HUMAN	psvid_24139_sp|P17516|AK1C4_HUMAN	-0.034188469262588006	-0.37248633234016065	0.30410939381498464	0.12956304750024086	-0.26387515516354654	0.8029292944271607	0.9418092195179564	0.17141182967994542	4.8451687390882245
sp|Q15233|NONO_HUMAN	psvid_65729_sp|Q15233|NONO_HUMAN	0.03249419677876242	-0.28943840805021975	0.3544268016077446	0.12329539711508415	0.26354752520430486	0.803167253192978	0.9418092195179564	0.15607340783449994	2.966067503769862
sp|P02675|FIBB_HUMAN	psvid_42040_sp|P02675|FIBB_HUMAN	-0.024888238970478982	-0.2745385692213544	0.22476209128039643	0.09561236155171363	-0.2603035691887784	0.8055246681189941	0.9440627127170689	0.07177510020205796	7.356551739838397
sp|P46782|RS5_HUMAN	psvid_17903_sp|P46782|RS5_HUMAN	-0.029414833310045685	-0.32530720792587275	0.2664775413057814	0.11332237643640908	-0.25956774147382833	0.8060597330384356	0.944179157564481	0.129921328639093	5.718152714459282
sp|Q8WUY1|THEM6_HUMAN	psvid_89265_sp|Q8WUY1|THEM6_HUMAN	0.026316366674354663	-0.2439272668632494	0.2965600002119587	0.10349929027083911	0.2542661558885036	0.809918423680319	0.9477843067223692	0.10064281360528075	4.72219543439855
sp|Q9Y3E5|PTH2_HUMAN	psvid_68452_sp|Q9Y3E5|PTH2_HUMAN	-0.029537837929565658	-0.33301659222463004	0.2739409163654987	0.11622784696405028	-0.25413735779431434	0.8100122455236861	0.9477843067223692	0.13781673091787516	3.8637863083747495
sp|Q6ZWL3|CP4V2_HUMAN	psvid_68049_sp|Q6ZWL3|CP4V2_HUMAN	0.05223254038247149	-0.4871539134285513	0.5916189941934943	0.2065769854422027	0.2528478197639563	0.8109518000918315	0.9483715870474899	0.333814671905944	4.379167758127425
sp|Q9NYQ3|HAOX2_HUMAN	psvid_96753_sp|Q9NYQ3|HAOX2_HUMAN	-0.055598105334111914	-0.6356398400405526	0.5244436293723288	0.22214735305218325	-0.2502757947381516	0.81282686301262	0.9495491435471455	0.36412892403512365	2.943243577110053
sp|Q02252|MMSA_HUMAN	psvid_37592_sp|Q02252|MMSA_HUMAN	-0.03580292953447328	-0.40934318635288297	0.3377373272839364	0.1430603598767581	-0.25026450069967915	0.8128350998061628	0.9495491435471455	0.20259505441024664	4.4537846509258285
sp|Q5T2W1|NHRF3_HUMAN	psvid_43533_sp|Q5T2W1|NHRF3_HUMAN	-0.03873014420683596	-0.4441726250689033	0.3667123366552314	0.15527843696281984	-0.24942384122600086	0.8134482745796924	0.9497534542102335	0.2293424708273233	4.098037433561042
sp|P10606|COX5B_HUMAN	psvid_42721_sp|P10606|COX5B_HUMAN	-0.046192027713974015	-0.531607180085012	0.439223124657064	0.18590678011337058	-0.24846876313927316	0.8141450923680104	0.9500551508677859	0.2927780783815646	4.396911436725065
sp|P11498|PYC_HUMAN	psvid_47551_sp|P11498|PYC_HUMAN	0.02191282942308237	-0.2106951115496674	0.25452077039583215	0.08908538005832752	0.24597559564470875	0.815965018074341	0.9516664123611931	0.03647983589800209	6.56024678692299
sp|P41567|EIF1_HUMAN	psvid_107427_sp|P41567|EIF1_HUMAN	-0.0555981053341118	-0.6538265833180931	0.5426303726498695	0.22911260509872772	-0.2426671605874929	0.8183821189324022	0.9539720557969421	0.3775606444842811	2.0045217015691854
sp|P68371|TBB4B_HUMAN	psvid_40982_sp|P68371|TBB4B_HUMAN	0.023959283176844925	-0.23563095122558114	0.283549517579271	0.09941919693051084	0.24099252374359142	0.819606474041045	0.9548856071220132	0.08663063423169308	7.66725157260834
sp|P13796|PLSL_HUMAN	psvid_32869_sp|P13796|PLSL_HUMAN	-0.026939045088971048	-0.3236164528431914	0.2697383626652493	0.11362303244668838	-0.2370914110359691	0.8224609284958381	0.9576963095381414	0.13075096275346415	2.893869632475417
sp|Q9UBR2|CATZ_HUMAN	psvid_46983_sp|Q9UBR2|CATZ_HUMAN	0.04248125036057815	-0.43497360383762207	0.5199361045587784	0.18285810436679348	0.2323181163213055	0.8259578545497762	0.9585091486915374	0.2866281821045962	2.3035613794165304
sp|Q8IX05|CD302_HUMAN	psvid_70450_sp|Q8IX05|CD302_HUMAN	-0.04248125036057826	-0.5252691324222827	0.4403066317011262	0.18490057468012464	-0.22975185682397267	0.8278398268467585	0.9585091486915374	0.29075150516342774	3.362821178741743
sp|O95249|GOSR1_HUMAN	psvid_77819_sp|O95249|GOSR1_HUMAN	0.04248125036057815	-0.44030663170112644	0.5252691324222827	0.18490057468012466	0.22975185682397203	0.8278398268467589	0.9585091486915374	0.2907515051634278	2.3035613794165304
sp|Q9BQE4|SELS_HUMAN	psvid_28685_sp|Q9BQE4|SELS_HUMAN	0.04248125036057815	-0.4403066317011263	0.5252691324222827	0.18490057468012464	0.22975185682397206	0.8278398268467589	0.9585091486915374	0.29075150516342774	2.4979632740824185
sp|P10114|RAP2A_HUMAN	psvid_77499_sp|P10114|RAP2A_HUMAN	-0.04248125036057804	-0.5252691324222825	0.4403066317011264	0.1849005746801246	-0.2297518568239715	0.8278398268467594	0.9585091486915374	0.2907515051634277	0.771240625180289
sp|Q92947|GCDH_HUMAN	psvid_80610_sp|Q92947|GCDH_HUMAN	-0.04248125036057804	-0.5252691324222825	0.4403066317011264	0.1849005746801246	-0.2297518568239715	0.8278398268467594	0.9585091486915374	0.2907515051634277	2.563721875540867
sp|Q9NS86|LANC2_HUMAN	psvid_53082_sp|Q9NS86|LANC2_HUMAN	0.04248125036057804	-0.4403066317011264	0.5252691324222825	0.1849005746801246	0.2297518568239715	0.8278398268467594	0.9585091486915374	0.2907515051634277	1.271240625180289
sp|P35221|CTNA1_HUMAN	psvid_45204_sp|P35221|CTNA1_HUMAN	-0.03159138339066825	-0.39088370938147793	0.32770094260014143	0.13760361438684293	-0.22958251156002252	0.8279640634676688	0.9585091486915374	0.1902383652707692	4.667454827590216
sp|P01889|HLAB_HUMAN	psvid_43427_sp|P01889|HLAB_HUMAN	0.06021042707182889	-0.6249386147783725	0.7453594689220303	0.2624018876336412	0.2294588183599241	0.828054812058442	0.9585091486915374	0.4409215949095202	4.442187586505786
sp|P62318|SMD3_HUMAN	psvid_19791_sp|P62318|SMD3_HUMAN	-0.0555981053341118	-0.6891908970564022	0.5779946863881786	0.24265661102004007	-0.22912256583654408	0.8283015222225855	0.9585091486915374	0.403489768648027	2.1507623267494744
sp|P51572|BAP31_HUMAN	psvid_40168_sp|P51572|BAP31_HUMAN	-0.022632761040822347	-0.2830736095571335	0.23780808747548882	0.09974496947852246	-0.22690629070467294	0.8299281822453533	0.9585091486915374	0.08780951374657431	5.797107992182407
sp|Q58FF7|H90B3_HUMAN	psvid_47967_sp|Q58FF7|H90B3_HUMAN	0.04566524734244348	-0.4812427781651477	0.5725732728500347	0.2017979330878722	0.2262919478097861	0.8303792599233876	0.9585091486915374	0.3244171761653542	4.1177279823840465
sp|O75643|U520_HUMAN	psvid_27287_sp|O75643|U520_HUMAN	-0.06714848279392327	-0.842946126223195	0.7086491606353484	0.2971189531373225	-0.2259986516675985	0.8305946373964977	0.9585091486915374	0.5059437324891991	4.080257563679178
sp|Q9UBQ5|EIF3K_HUMAN	psvid_92222_sp|Q9UBQ5|EIF3K_HUMAN	-0.090642519846177	-1.1388548842998998	0.9575698446075457	0.4014497376086468	-0.2257879663494508	0.8307493614446149	0.9585091486915374	0.6978387698753767	2.473882639339619
sp|P08238|HS90B_HUMAN	psvid_47970_sp|P08238|HS90B_HUMAN	0.025436157304872475	-0.2696412469886983	0.32051356159844324	0.11301025493019203	0.2250783109956237	0.8312705861923027	0.9585091486915374	0.12905676290179907	6.020438230605333
sp|Q15286|RAB35_HUMAN	psvid_85840_sp|Q15286|RAB35_HUMAN	0.03138272052096469	-0.3345888889040349	0.39735432994596426	0.14016168055072253	0.22390371175385362	0.8321335199840024	0.9585091486915374	0.1960680889643323	3.889592668058178
sp|P60709|ACTB_HUMAN	psvid_7063_sp|P60709|ACTB_HUMAN	0.02837517900681763	-0.30516056403545566	0.3619109220490909	0.12773922638968935	0.22213363747995873	0.8334344399510517	0.9585091486915374	0.1670169319053996	7.27117471583105
sp|P63261|ACTG_HUMAN	psvid_7061_sp|P63261|ACTG_HUMAN	0.02837517900681763	-0.30516056403545566	0.3619109220490909	0.12773922638968935	0.22213363747995873	0.8334344399510517	0.9585091486915374	0.1670169319053996	7.27117471583105
sp|P01877|IGHA2_HUMAN	psvid_159721_sp|P01877|IGHA2_HUMAN	-0.06575860145844847	-0.8392299908140528	0.7077127878971559	0.29622803244304935	-0.22198642348640907	0.8335426628662	0.9585091486915374	0.504285222257151	1.5096019496313537
sp|Q7Z434|MAVS_HUMAN	psvid_44044_sp|Q7Z434|MAVS_HUMAN	-0.06575860145844847	-0.8392299908140528	0.7077127878971559	0.29622803244304935	-0.22198642348640907	0.8335426628662	0.9585091486915374	0.504285222257151	1.0096019496313537
sp|Q8IX95|CTGE3_HUMAN	psvid_64301_sp|Q8IX95|CTGE3_HUMAN	-0.06575860145844847	-0.8392299908140527	0.7077127878971557	0.2962280324430493	-0.2219864234864091	0.8335426628662	0.9585091486915374	0.5042852222571509	1.3633613244510647
sp|Q68D91|MBLC2_HUMAN	psvid_26960_sp|Q68D91|MBLC2_HUMAN	-0.06575860145844836	-0.8392299908140527	0.707712787897156	0.29622803244304935	-0.22198642348640868	0.8335426628662004	0.9585091486915374	0.504285222257151	1.4438433481729052
sp|Q96AQ6|PBIP1_HUMAN	psvid_32380_sp|Q96AQ6|PBIP1_HUMAN	-0.10375937481971098	-1.3272380065078733	1.1197192568684513	0.46857410990087905	-0.2214364230274267	0.833947027740089	0.9585091486915374	0.8198029543759525	2.980441066826386
sp|Q14764|MVP_HUMAN	psvid_69470_sp|Q14764|MVP_HUMAN	0.029098178074766556	-0.3143705725091159	0.372566928658649	0.13154342046950432	0.22120587993614155	0.8341165424794544	0.9585091486915374	0.17612757933451975	5.557047766552216
sp|Q9UHG3|PCYOX_HUMAN	psvid_79974_sp|Q9UHG3|PCYOX_HUMAN	-0.02438051323940793	-0.3134737241978765	0.26471269771906064	0.11071839793093961	-0.22020290841469028	0.8348541322062185	0.9585091486915374	0.12259884238160287	6.142023223304695
sp|Q9H8H3|TMT1A_HUMAN	psvid_41230_sp|Q9H8H3|TMT1A_HUMAN	-0.04112694251748872	-0.5298349688992678	0.44758108386429035	0.18716790185970608	-0.2197328821280259	0.8351998588560557	0.9585091486915374	0.29531377800671815	7.093554430806828
sp|Q9NRP2|COXM2_HUMAN	psvid_81588_sp|Q9NRP2|COXM2_HUMAN	-0.06575860145844847	-0.8485610043128139	0.717043801395917	0.2998016717624563	-0.2193403428068653	0.835488622953982	0.9585091486915374	0.5109350214797113	2.009601949631354
sp|O60506|HNRPQ_HUMAN	psvid_32727_sp|O60506|HNRPQ_HUMAN	0.02179296204994785	-0.23794403596963004	0.28152996006952574	0.09947540521195655	0.21907889697471092	0.8356809671483179	0.9585091486915374	0.08683490220518658	3.8504219078851856
sp|Q8N766|EMC1_HUMAN	psvid_79495_sp|Q8N766|EMC1_HUMAN	0.05197321291033341	-0.5709680641499145	0.6749144899705813	0.2385772394048807	0.21784648460170827	0.8365878233813682	0.9585091486915374	0.39570425282555705	3.6812706347738273
sp|P19338|NUCL_HUMAN	psvid_34462_sp|P19338|NUCL_HUMAN	0.032952229147261036	-0.366314154792223	0.4322186130867451	0.15291308374519322	0.21549646596736613	0.838317864586144	0.9585091486915374	0.2242486659021984	5.106741451293756
sp|Q9H330|TM245_HUMAN	psvid_36294_sp|Q9H330|TM245_HUMAN	-0.05264174648491449	-0.6943441169845689	0.5890606240147399	0.24576245901677315	-0.21419767158710645	0.8392744649077332	0.9585091486915374	0.40940441758075097	1.9548822526589877
sp|Q9BSE5|GDAH_HUMAN	psvid_57941_sp|Q9BSE5|GDAH_HUMAN	-0.023348314946642246	-0.30828098224009176	0.26158435234680727	0.10912497161841786	-0.21395941369208632	0.8394499835543547	0.9585091486915374	0.11798384818982578	4.81619197138879
sp|Q9UKR5|ERG28_HUMAN	psvid_54526_sp|Q9UKR5|ERG28_HUMAN	-0.090642519846177	-1.198091653947725	1.0168066142553713	0.42413653890801584	-0.2137107075932333	0.8396332105743275	0.9585091486915374	0.7391504078816202	2.223882639339619
sp|P02792|FRIL_HUMAN	psvid_74784_sp|P02792|FRIL_HUMAN	0.03211237864142236	-0.3608340140275819	0.42505877131042663	0.15049262113354936	0.21338174855048447	0.8398755795602135	0.9585091486915374	0.21899735837537856	5.240371318957931
sp|P02100|HBE_HUMAN	psvid_35318_sp|P02100|HBE_HUMAN	-0.090642519846177	-1.202172732578871	1.0208876928865172	0.42569953129504756	-0.21292605037742848	0.8402113605328541	0.9585091486915374	0.7419928075857922	1.6434006156177785
sp|P69891|HBG1_HUMAN	psvid_1633386_sp|P69891|HBG1_HUMAN	-0.090642519846177	-1.202172732578871	1.0208876928865172	0.42569953129504756	-0.21292605037742848	0.8402113605328541	0.9585091486915374	0.7419928075857922	1.6434006156177785
sp|P69892|HBG2_HUMAN	psvid_35490_sp|P69892|HBG2_HUMAN	-0.090642519846177	-1.202172732578871	1.0208876928865172	0.42569953129504756	-0.21292605037742848	0.8402113605328541	0.9585091486915374	0.7419928075857922	1.6434006156177785
sp|P60763|RAC3_HUMAN	psvid_79269_sp|P60763|RAC3_HUMAN	0.048161269485598734	-0.5425625474994331	0.6388850864706306	0.2262384316096178	0.21287837412479355	0.8402464930145381	0.9585091486915374	0.37202679698133945	2.5887221432152825
sp|A6NIZ1|RP1BL_HUMAN	psvid_57820_sp|A6NIZ1|RP1BL_HUMAN	-0.03008905428387898	-0.40115293664697566	0.3409748280792177	0.14211194531018861	-0.21172783342176774	0.8410944522969931	0.9585091486915374	0.20046827496695702	4.273185116892216
sp|P50454|SERPH_HUMAN	psvid_32310_sp|P50454|SERPH_HUMAN	-0.033789895820409255	-0.45073779046946433	0.3831579988286458	0.1596848392363441	-0.21160365618928906	0.8411859869140292	0.9585091486915374	0.23873996142985962	5.370999498668121
sp|P23141|EST1_HUMAN	psvid_33457_sp|P23141|EST1_HUMAN	-0.01891011496578132	-0.25241196554289097	0.21459173561132833	0.08942773413493024	-0.2114569394909345	0.8412941397375653	0.9585091486915374	0.039044605102950165	10.988063587367023
sp|Q9BZV2|S19A3_HUMAN	psvid_109803_sp|Q9BZV2|S19A3_HUMAN	-0.10375937481971098	-1.3896116984192095	1.1820929487797875	0.4924623057480422	-0.21069505951750397	0.8418558273590181	0.9586450750851246	0.8630413370980897	1.0943609377704335
sp|P04844|RPN2_HUMAN	psvid_79108_sp|P04844|RPN2_HUMAN	-0.027527536103079786	-0.372754769765509	0.3176996975593494	0.1322168933213913	-0.20819984051634133	0.8436961551449902	0.9602361177516774	0.17771870720237007	6.190135217337598
sp|Q15181|IPYR_HUMAN	psvid_85198_sp|Q15181|IPYR_HUMAN	0.08048202372184055	-0.9329007001257149	1.0938647475693961	0.38811050354071414	0.2073688369358901	0.8443093100959262	0.9604295406707991	0.6734964072513774	1.0402410118609202
sp|Q06520|ST2A1_HUMAN	psvid_86138_sp|Q06520|ST2A1_HUMAN	-0.023499372502370885	-0.3220439677121649	0.27504522270742315	0.11433813745739568	-0.20552523440507459	0.8456700617601041	0.9614727302382715	0.13271206931433258	4.643936655282889
sp|Q9HCM4|E41L5_HUMAN	psvid_32887_sp|Q9HCM4|E41L5_HUMAN	-0.04166246735236301	-0.5761436685806491	0.4928187338759231	0.20469834669587386	-0.20353103981959422	0.8471426608952218	0.9626419224750633	0.330126283416742	2.4669899450655617
sp|P11177|ODPB_HUMAN	psvid_84787_sp|P11177|ODPB_HUMAN	0.04013128385632514	-0.47788536290609396	0.5581479306187442	0.1983926673370826	0.20228209235243239	0.8480653032093062	0.9631852788545946	0.3176905048216143	4.446011126484963
sp|P35573|GDE_HUMAN	psvid_41656_sp|P35573|GDE_HUMAN	0.018523912806768905	-0.22292884761041998	0.2599766732239578	0.0924728142897644	0.20031739002474888	0.8495172648912902	0.9643289224826745	0.057271899355453924	8.555165455777804
sp|P09543|CN37_HUMAN	psvid_61195_sp|P09543|CN37_HUMAN	-0.03498256528611843	-0.49715509816605385	0.427189967593817	0.17700520271125372	-0.1976358025090654	0.8515001276616577	0.9654013895195267	0.2747362035570637	3.932935807086056
sp|P61006|RAB8A_HUMAN	psvid_17967_sp|P61006|RAB8A_HUMAN	0.0264273602927787	-0.3228302198087206	0.375684940394278	0.13376045603378103	0.19757229510420107	0.8515471026934974	0.9654013895195267	0.18134272526262332	4.746232036207396
sp|P54920|SNAA_HUMAN	psvid_29792_sp|P54920|SNAA_HUMAN	-0.021689566448063635	-0.3090379207137257	0.26565878781759844	0.11005014378202305	-0.19708803371510614	0.8519053234550112	0.9654013895195267	0.12067676678861897	5.990141177308131
sp|Q12906|ILF3_HUMAN	psvid_28959_sp|Q12906|ILF3_HUMAN	-0.03168092124917288	-0.45309795333408553	0.3897361108357398	0.16139645237105182	-0.19629255032408127	0.8524938522878113	0.9654013895195267	0.24236051522447924	4.044357372415902
sp|O96000|NDUBA_HUMAN	psvid_70176_sp|O96000|NDUBA_HUMAN	0.04248125036057826	-0.5242126902849865	0.609175191006143	0.2170353465493927	0.19573424806595002	0.8529069714308755	0.9654013895195267	0.3542231260714389	2.94980200459682
sp|Q9NP58|ABCB6_HUMAN	psvid_30892_sp|Q9NP58|ABCB6_HUMAN	-0.05925979932521208	-0.8519690022753843	0.7334494036249601	0.3035958287805102	-0.1951930616545294	0.8533074773411621	0.9654013895195267	0.5179872506793374	3.170190505717874
sp|Q8N2K0|ABD12_HUMAN	psvid_69529_sp|Q8N2K0|ABD12_HUMAN	0.090642519846177	-1.1241647562741348	1.3054497959664886	0.4652531097529376	0.19482410315174617	0.8535805548312936	0.9654013895195267	0.8137859152152964	0.7471599904374895
sp|Q96QV6|H2A1A_HUMAN	psvid_48115_sp|Q96QV6|H2A1A_HUMAN	-0.022285125547134133	-0.3246733568562882	0.2801031057620199	0.11581019288802909	-0.19242801511159274	0.8553545447060525	0.9668409158464899	0.13669780651916472	2.9685732465450814
sp|RS27A_HUMAN|,sp|P62979|RS27A_HUMAN	psvid_34278_sp|RS27A_HUMAN|	-0.030099057652473782	-0.43963897770562443	0.37944086240067687	0.15684769520085354	-0.19189990400515614	0.8557456744778807	0.9668409158464899	0.2327024034700888	5.042507192395936
sp|P15291|B4GT1_HUMAN	psvid_69069_sp|P15291|B4GT1_HUMAN	-0.0380007733612624	-0.5583428125871925	0.48234126586466775	0.19928325804748712	-0.19068723451022268	0.8566439820238396	0.9669933689681302	0.31945232201148455	1.5614816370412092
sp|P36871|PGM1_HUMAN	psvid_86725_sp|P36871|PGM1_HUMAN	-0.02189535270094911	-0.32198116695032625	0.278190461548428	0.1149284014153681	-0.19051298400833136	0.8567730818730087	0.9669933689681302	0.13431833141637775	5.542266356312644
sp|Q9NX40|OCAD1_HUMAN	psvid_29437_sp|Q9NX40|OCAD1_HUMAN	-0.028856675943007004	-0.42786850775449137	0.37015515586847736	0.15281559406804515	-0.18883331978644674	0.858017785790121	0.9670292502715117	0.22403793451184387	3.685998751757612
sp|P29401|TKT_HUMAN	psvid_58607_sp|P29401|TKT_HUMAN	-0.04337070521387543	-0.6437624598135518	0.557021049385801	0.2299411078517918	-0.18861657934530762	0.8581784344805707	0.9670292502715117	0.3791536442269582	3.805612674133038
sp|P00352|AL1A1_HUMAN	psvid_25280_sp|P00352|AL1A1_HUMAN	-0.026963002725370222	-0.4016903918779779	0.34776438642723745	0.14351501389557317	-0.18787583259399954	0.8587275377912463	0.9670292502715117	0.2036116844956981	6.280518250419844
sp|Q9H1E5|TMX4_HUMAN	psvid_77976_sp|Q9H1E5|TMX4_HUMAN	-0.14624062518028902	-2.1828355495287703	1.8903542991681923	0.7799855503716445	-0.18749145431041492	0.8590125072585951	0.9670292502715117	1.3800097129416502	0.8231203125901445
sp|O95487|SC24B_HUMAN	psvid_26055_sp|O95487|SC24B_HUMAN	0.016778548964634155	-0.2172489756138589	0.25080607354312723	0.0896290594551415	0.18719987765833535	0.859228692131727	0.9670292502715117	0.04048132018507036	4.6367710592793285
sp|P46778|RL21_HUMAN	psvid_10179_sp|P46778|RL21_HUMAN	-0.03739408901262742	-0.559922589996049	0.4851344119707942	0.20012064036485155	-0.18685773213823464	0.859482388566189	0.9670292502715117	0.32110720301942447	3.997993438590413
sp|P14780|MMP9_HUMAN	psvid_46749_sp|P14780|MMP9_HUMAN	-0.08048202372184055	-1.2128701882194122	1.0519061407757309	0.433687816443189	-0.18557593889055748	0.8604329945117902	0.9675964188412296	0.7565130626690715	1.2902410118609202
sp|Q86Y82|STX12_HUMAN	psvid_23188_sp|Q86Y82|STX12_HUMAN	-0.06127812445913283	-0.9336732400533617	0.811116991135096	0.3341143475529287	-0.18340464846223184	0.8620438901714785	0.9681634391459866	0.5744522816653691	2.549842961492274
sp|P20853|CP2A7_HUMAN	psvid_53338_sp|P20853|CP2A7_HUMAN	-0.020827361513697795	-0.31831635451379386	0.2766616314863983	0.11393385751902345	-0.18280221496248616	0.8624909768588567	0.9681634391459866	0.13160544792852646	7.323183211738005
sp|Q9NRW7|VPS45_HUMAN	psvid_40083_sp|Q9NRW7|VPS45_HUMAN	-0.08048202372184043	-1.2319443413621503	1.0709802939184694	0.44099293326295674	-0.18250184447706408	0.8627139142814908	0.9681634391459866	0.7697817659110866	1.1864816370412092
sp|Q9H4B7|TBB1_HUMAN	psvid_55472_sp|Q9H4B7|TBB1_HUMAN	0.01828418920736441	-0.24354886697736183	0.28011724539209065	0.10027816429870878	0.18233470202844393	0.8628379751318229	0.9681634391459866	0.08971366421938269	4.676553679880014
sp|O95721|SNP29_HUMAN	psvid_92333_sp|O95721|SNP29_HUMAN	-0.03399033973538246	-0.5219394116539198	0.4539587321831548	0.18687723359394476	-0.18188593164450514	0.8631710957222178	0.9681634391459866	0.29472975796162415	3.3808269749438313
sp|Q969I6|S38A4_HUMAN	psvid_60944_sp|Q969I6|S38A4_HUMAN	-0.038000773361262286	-0.5910306247103919	0.5150290779878673	0.21180220367803024	-0.17941632665460328	0.8650048571219107	0.9697183266338233	0.34403654089129265	3.317073590298323
sp|P62820|RAB1A_HUMAN	psvid_85852_sp|P62820|RAB1A_HUMAN	-0.020885173885675457	-0.32722458422893813	0.2854542364575872	0.11732343566237316	-0.17801365743991376	0.8660468201668075	0.970316685773402	0.14072828318741085	5.216461629929066
sp|P00439|PH4H_HUMAN	psvid_31594_sp|P00439|PH4H_HUMAN	-0.027631614367222834	-0.4341167755910853	0.37885354685663963	0.1556777680257295	-0.17749235949127973	0.8664341425803105	0.970316685773402	0.23019891266383496	3.189629490620648
sp|Q14749|GNMT_HUMAN	psvid_29758_sp|Q14749|GNMT_HUMAN	-0.02886930435498425	-0.4578629152068586	0.4001243064968901	0.16429816929513444	-0.17571287908342623	0.8677566137103964	0.9705799034279209	0.24846332954362554	2.9298791766204886
sp|P29144|TPP2_HUMAN	psvid_64211_sp|P29144|TPP2_HUMAN	-0.01563721489869052	-0.2488006809285602	0.21752625113117915	0.08929813788868571	-0.17511244095798548	0.8682029587232972	0.9705799034279209	0.038092895471639104	5.961587802606068
sp|P40429|RL13A_HUMAN	psvid_40434_sp|P40429|RL13A_HUMAN	-0.025049707294449775	-0.3990259251738695	0.34892651058496993	0.14322732647578432	-0.17489474886403727	0.8683647974755679	0.9705799034279209	0.20296861702265528	5.1980627322062265
sp|P55795|HNRH2_HUMAN	psvid_36262_sp|P55795|HNRH2_HUMAN	0.03902980047932081	-0.5440906130974529	0.6221502140560945	0.2233264412470841	0.1747656939383142	0.8684607442301516	0.9705799034279209	0.3664077785086139	2.948076279656191
sp|O60610|DIAP1_HUMAN	psvid_27014_sp|O60610|DIAP1_HUMAN	0.10943939394473201	-1.5371511032599374	1.7560298911494014	0.6306196582561769	0.17354262987512895	0.869370168401661	0.970817457250661	1.1120367591661626	2.195280303027634
sp|Q8NEN9|PDZD8_HUMAN	psvid_35246_sp|Q8NEN9|PDZD8_HUMAN	0.04816126948559907	-0.678512430747369	0.7748349697185671	0.2783052138844606	0.17305198423480989	0.8697350592827432	0.970817457250661	0.4708146966164991	1.8064013889790411
sp|P61313|RL15_HUMAN	psvid_17606_sp|P61313|RL15_HUMAN	0.017154942514626237	-0.24241149468231699	0.27672137971156946	0.09941008295492643	0.17256742982906942	0.870095456716025	0.970817457250661	0.08659747839386575	5.51450793913412
sp|P02042|HBD_HUMAN	psvid_33159_sp|P02042|HBD_HUMAN	-0.03893880707653963	-0.6298130178540917	0.5519354037010125	0.22629603019421063	-0.17207021724208668	0.8704653066165364	0.970817457250661	0.3721378127413616	3.934913927981267
sp|Q04446|GLGB_HUMAN	psvid_57833_sp|Q04446|GLGB_HUMAN	0.04816126948559907	-0.691316185215099	0.7876387241862971	0.28320886131868495	0.1700556587860607	0.871964217557113	0.9719889194682426	0.479993313287449	2.220239346132179
sp|Q32P51|RA1L2_HUMAN	psvid_31215_sp|Q32P51|RA1L2_HUMAN	-0.026728800979127665	-0.4390446612431978	0.38558705928494247	0.15791083899411693	-0.16926514449159163	0.8725525605545176	0.9721446780059844	0.23497027112357047	3.599438377468518
sp|P30085|KCY_HUMAN	psvid_62755_sp|P30085|KCY_HUMAN	0.027372286895084752	-0.40340325381223274	0.45814782760240225	0.16498062191367177	0.16591213305892163	0.8750490987595897	0.973909950079632	0.2498925094190943	3.721116827219057
sp|ALBU_HUMAN|,sp|P02768|ALBU_HUMAN	psvid_22960_sp|ALBU_HUMAN|	-0.01451048154759027	-0.24388502488717695	0.2148640617919964	0.08784703687956313	-0.16517895267752633	0.8755952237943613	0.973909950079632	0.025225626380938046	7.685346260468485
sp|Q96A33|CCD47_HUMAN	psvid_41895_sp|Q96A33|CCD47_HUMAN	-0.01654459269803432	-0.2780821775252226	0.24499299212915393	0.10016500316554823	-0.1651733856653522	0.8755993708069599	0.973909950079632	0.08931209241990426	5.798844310407046
sp|Q9UI14|PRAF1_HUMAN	psvid_106828_sp|Q9UI14|PRAF1_HUMAN	0.03800077336126251	-0.567438773653025	0.64344032037555	0.23187433723265738	0.1638852053003753	0.8765590930486387	0.973909950079632	0.3828670742199529	1.8539628874017873
sp|O75438|NDUB1_HUMAN	psvid_61949_sp|O75438|NDUB1_HUMAN	-0.0380007733612624	-0.6434403203755499	0.5674387736530251	0.23187433723265738	-0.16388520530037481	0.876559093048639	0.973909950079632	0.3828670742199529	1.9577222622214983
sp|P09467|F16P1_HUMAN	psvid_46462_sp|P09467|F16P1_HUMAN	0.018983338949378314	-0.2851251668140053	0.3230918447127619	0.11646903240536795	0.16299044095521645	0.8772258554847367	0.973909950079632	0.13846058373744047	5.0300091087439815
sp|P16435|NCPR_HUMAN	psvid_60158_sp|P16435|NCPR_HUMAN	-0.02071040883736508	-0.3551554111217594	0.31373459344702925	0.12808745914914355	-0.16168959065110441	0.8781954345575729	0.973909950079632	0.1678601118562165	9.94891556283936
sp|P33897|ABCD1_HUMAN	psvid_34711_sp|P33897|ABCD1_HUMAN	0.06288469174899103	-0.9577869186743594	1.0835563021723416	0.3909020386365981	0.1608707183219675	0.8788059009776956	0.973909950079632	0.6785940801509955	1.8795217015691856
sp|Q9BZK3|NACP4_HUMAN	psvid_81120_sp|Q9BZK3|NACP4_HUMAN	-0.04005590006250459	-0.690412269414537	0.6103004692895279	0.2490768118009661	-0.16081745937278463	0.8788456086938438	0.973909950079632	0.4157044360757627	2.344829954628072
sp|Q86VD7|S2542_HUMAN	psvid_30325_sp|Q86VD7|S2542_HUMAN	-0.06575860145844836	-1.134648657173916	1.0031314542570193	0.409368985666464	-0.16063405817466006	0.8789823483330764	0.973909950079632	0.7122713792408093	1.8400839733531942
sp|P08670|VIME_HUMAN	psvid_29719_sp|P08670|VIME_HUMAN	0.0228653878774997	-0.34911136396055553	0.39484213971555493	0.14246156073509733	0.1605021576312585	0.8790806932883065	0.973909950079632	0.20125323968766845	3.101370084019332
sp|Q07955|SRSF1_HUMAN	psvid_62257_sp|Q07955|SRSF1_HUMAN	0.027788049200745735	-0.42925813327237067	0.48483423167386214	0.17504188678835866	0.15875085507015801	0.8803867000817313	0.9746145306985893	0.27071994852638775	4.33383293853065
sp|Q8NEW0|ZNT7_HUMAN	psvid_105053_sp|Q8NEW0|ZNT7_HUMAN	-0.023277351097870436	-0.40976942699792607	0.3632147248021852	0.1480207138548293	-0.1572573898049134	0.8815007742876283	0.9746145306985893	0.2135909188881512	2.2808425748116425
sp|Q9Y5L4|TIM13_HUMAN	psvid_96472_sp|Q9Y5L4|TIM13_HUMAN	0.023277351097870325	-0.3632147248021854	0.40976942699792607	0.14802071385482934	0.1572573898049126	0.881500774287629	0.9746145306985893	0.21359091888815132	3.280842574811643
sp|Q562R1|ACTBL_HUMAN	psvid_39530_sp|Q562R1|ACTBL_HUMAN	0.02493449542820736	-0.38933784511914965	0.43920683597556437	0.15866014182911195	0.1571566440112196	0.8815759385940471	0.9746145306985893	0.23656469853219858	5.038063708243511
sp|O75356|ENTP5_HUMAN	psvid_47461_sp|O75356|ENTP5_HUMAN	-0.021287204805815474	-0.37614061600858945	0.3335662063969585	0.13590357607652137	-0.1566346186051026	0.8819654336409476	0.9746145306985893	0.18632473426034266	6.262200635287982
sp|Q86VR2|RETR3_HUMAN	psvid_43886_sp|Q86VR2|RETR3_HUMAN	-0.021727016305791436	-0.3858840106990579	0.34242997808747505	0.13946670999603958	-0.155786397387652	0.88259839254275	0.9746754016588	0.19449101857498585	3.6465610235416204
sp|P46781|RS9_HUMAN	psvid_8817_sp|P46781|RS9_HUMAN	-0.026550518655350297	-0.47429497042991786	0.42119393311921727	0.17147946234568878	-0.15483206147349932	0.883310656651847	0.9746754016588	0.26339454632823317	5.07797426859904
sp|P11586|C1TC_HUMAN	psvid_787176_sp|P11586|C1TC_HUMAN	-0.01555239158164512	-0.27837105614562896	0.24726627298233872	0.10065563764156908	-0.15451088429866788	0.8835503942666733	0.9746754016588	0.09104360923797117	6.215745451981835
sp|Q32P28|P3H1_HUMAN	psvid_51227_sp|Q32P28|P3H1_HUMAN	-0.03519466394569881	-0.6324705779775422	0.5620812500861446	0.228747787279735	-0.1538579426897772	0.8840378163303105	0.9746754016588	0.3768588880963653	2.57480200459682
sp|Q9NYU1|UGGG2_HUMAN	psvid_41231_sp|Q9NYU1|UGGG2_HUMAN	-0.0555981053341118	-1.0010397665248694	0.8898435558566458	0.36209008754358124	-0.1535477143582949	0.884269423009322	0.9746754016588	0.6258811134650375	2.272119033542035
sp|P31040|SDHA_HUMAN	psvid_67745_sp|P31040|SDHA_HUMAN	0.013398983866137026	-0.21719253696924032	0.24399050470151437	0.08831312115115575	0.15172132624781176	0.8856332152492976	0.9752299697557605	0.02994269855204493	7.173996662672144
sp|P22392|NDKB_HUMAN	psvid_50116_sp|P22392|NDKB_HUMAN	-0.01677854896463471	-0.305971950609257	0.2724148526799876	0.11075676947284394	-0.15149005378627067	0.885805942556723	0.9752299697557605	0.12270864524485586	3.448049183738461
sp|P0CG38|POTEI_HUMAN	psvid_32632_sp|P0CG38|POTEI_HUMAN	-0.021348367990718486	-0.390339583925962	0.34764284794452505	0.14131814491073852	-0.1510660078661722	0.8861226628745235	0.9752299697557605	0.19868174091997282	4.018513333059287
sp|P04350|TBB4A_HUMAN	psvid_40983_sp|P04350|TBB4A_HUMAN	0.015607379443851599	-0.257730119209758	0.2889448780974612	0.10468419457185284	0.14909012299023852	0.8875987744409982	0.9754641707208827	0.10445486704943548	7.486483170687617
sp|P13797|PLST_HUMAN	psvid_31240_sp|P13797|PLST_HUMAN	0.02237050222174808	-0.37145739790987675	0.4161984023533729	0.15083022537441662	0.1483157779961953	0.888177402631753	0.9754641707208827	0.2197322667118329	3.3592646068055636
sp|P07478|TRY2_HUMAN	psvid_33408_sp|P07478|TRY2_HUMAN	-0.06575860145844847	-1.2239053293398627	1.092388126422966	0.443552962917595	-0.14825422656609638	0.8882234002904281	0.9754641707208827	0.7744295806492009	1.3633613244510647
sp|Q2TV78|MST1L_HUMAN	psvid_58569_sp|Q2TV78|MST1L_HUMAN	-0.03150197122802678	-0.5907267519958873	0.5277228095398337	0.21417476946144348	-0.14708535140362497	0.8890970016757004	0.9754641707208827	0.3486608939774625	3.383034240571411
sp|Q99497|PARK7_HUMAN	psvid_73787_sp|Q99497|PARK7_HUMAN	-0.01573982096947335	-0.29586943027134666	0.26438978833239996	0.10728547187979165	-0.1467097146863378	0.8893777859374299	0.9754641707208827	0.11250979293388233	3.783199699090556
sp|P31943|HNRH1_HUMAN	psvid_64172_sp|P31943|HNRH1_HUMAN	0.029149439328463034	-0.499246587211598	0.557545465868524	0.20236781534103349	0.1440418738490601	0.8913725009895516	0.9754641707208827	0.3255403573938983	3.318154499864423
sp|P62269|RS18_HUMAN	psvid_105195_sp|P62269|RS18_HUMAN	0.018577007110882837	-0.318642794096828	0.35579680831859367	0.12915016584623798	0.14384036589623914	0.8915232039908264	0.9754641707208827	0.17042140811621762	4.59060608229881
sp|P01019|ANGT_HUMAN	psvid_882441_sp|P01019|ANGT_HUMAN	0.013544935147246973	-0.2328226776418406	0.25991254793633456	0.09435512961249218	0.14355271624208216	0.8917383394388404	0.9754641707208827	0.06629241430497398	5.381664850812568
sp|P10412|H14_HUMAN	psvid_37904_sp|P10412|H14_HUMAN	-0.04166246735236301	-0.8011899445674261	0.7178650098627001	0.2908877215863122	-0.14322525242785444	0.8919832652417204	0.9754641707208827	0.4943339050140327	3.297471968787402
sp|P16402|H13_HUMAN	psvid_38364_sp|P16402|H13_HUMAN	-0.04166246735236301	-0.8011899445674261	0.7178650098627001	0.2908877215863122	-0.14322525242785444	0.8919832652417204	0.9754641707208827	0.4943339050140327	3.297471968787402
sp|O14975|S27A2_HUMAN	psvid_39450_sp|O14975|S27A2_HUMAN	0.013369081278975514	-0.23098902174431354	0.2577271843022646	0.0935855172748031	0.14285416876757484	0.892260833139134	0.9754641707208827	0.06273949120437906	7.543217371818086
sp|Q9HAW9|UD18_HUMAN	psvid_62823_sp|Q9HAW9|UD18_HUMAN	-0.01260918625083196	-0.24328233615915318	0.21806396365748926	0.08834438387140771	-0.14272764943593513	0.8923554727413257	0.9754641707208827	0.030233585123943463	7.697784663112481
sp|P00751|CFAB_HUMAN	psvid_85533_sp|P00751|CFAB_HUMAN	-0.01269867521455903	-0.24549800192561547	0.2201006514964974	0.0891586779481738	-0.1424278096848915	0.8925797685430242	0.9754641707208827	0.03704305083289954	5.562910634384173
sp|O43852|CALU_HUMAN	psvid_61808_sp|O43852|CALU_HUMAN	-0.017843880688519276	-0.3451453649085208	0.3094576035314823	0.12535159802996312	-0.14235064386059126	0.8926374944806231	0.9754641707208827	0.1611811743857088	5.657606965456607
sp|P08709|FA7_HUMAN	psvid_78968_sp|P08709|FA7_HUMAN	-0.0380007733612624	-0.741773309431342	0.6657717627088172	0.26953440879200646	-0.1409867242240924	0.8936579364321688	0.9760870706897731	0.45435346209734506	2.159560992735899
sp|Q9NNX6|CD209_HUMAN	psvid_98020_sp|Q9NNX6|CD209_HUMAN	0.024883918387728743	-0.43940524836994216	0.48917308514539964	0.1778158419897489	0.13994207776584555	0.8944396682722527	0.9764487461692553	0.27639035722231253	3.062360045402955
sp|Q969H8|MYDGF_HUMAN	psvid_72099_sp|Q969H8|MYDGF_HUMAN	-0.02327735109786999	-0.46069125676336353	0.41413655456762355	0.16752301691012753	-0.1389501665335802	0.8951820647100357	0.9765128708698627	0.25519721245410043	3.7550518075477917
sp|P49458|SRP09_HUMAN	psvid_28702_sp|P49458|SRP09_HUMAN	0.04248125036057804	-0.7652982178685471	0.8502607185897032	0.30936751612850416	0.137316454203719	0.896405085981265	0.9765128708698627	0.5287002345329385	1.521240625180289
sp|Q8N5G0|SIM20_HUMAN	psvid_104736_sp|Q8N5G0|SIM20_HUMAN	0.04248125036057804	-0.7652982178685471	0.8502607185897032	0.30936751612850416	0.137316454203719	0.896405085981265	0.9765128708698627	0.5287002345329385	1.021240625180289
sp|Q9Y385|UB2J1_HUMAN	psvid_77498_sp|Q9Y385|UB2J1_HUMAN	-0.04248125036057804	-0.8502607185897032	0.7652982178685471	0.30936751612850416	-0.137316454203719	0.896405085981265	0.9765128708698627	0.5287002345329385	1.3517226489021295
sp|P00480|OTC_HUMAN	psvid_75352_sp|P00480|OTC_HUMAN	-0.02141587474233908	-0.43056019474197826	0.3877284452573001	0.15669618626710527	-0.13667132080568606	0.8968881337287092	0.9765128708698627	0.23237866217985242	3.8893864509057914
sp|Q9BT40|INP5K_HUMAN	psvid_82994_sp|Q9BT40|INP5K_HUMAN	0.023277351097870436	-0.4227987805140491	0.46935348270979	0.17084052054891719	0.136251932639162	0.8972021808499754	0.9765128708698627	0.26207526943405096	2.4650839733531944
sp|O15126|SCAM1_HUMAN	psvid_39773_sp|O15126|SCAM1_HUMAN	-0.0380007733612624	-0.7918850936255022	0.7158835469029774	0.28872647644742944	-0.13161513217919757	0.9006757469873201	0.9793331058451965	0.49030155938103764	1.8114816370412092
sp|P04439|HLAA_HUMAN	psvid_85706_sp|P04439|HLAA_HUMAN	0.014440651758729883	-0.2724708127657736	0.3013521162832334	0.1098828215123192	0.13141864724606575	0.9008229968338431	0.9793331058451965	0.12019253555118217	4.482814104500871
sp|P61604|CH10_HUMAN	psvid_105309_sp|P61604|CH10_HUMAN	-0.014145882091591844	-0.29645206190849716	0.26816029772531347	0.10811906599848121	-0.13083614773171048	0.9012595608615583	0.9793331058451965	0.1150111648114939	3.912356969364456
sp|O15144|ARPC2_HUMAN	psvid_95074_sp|O15144|ARPC2_HUMAN	-0.04248125036057804	-0.8932328082617518	0.8082703075405957	0.325825187024544	-0.13038049866101353	0.9016010826770499	0.9793331058451965	0.5591575710430509	1.667481250360578
sp|P61160|ARP2_HUMAN	psvid_46235_sp|P61160|ARP2_HUMAN	-0.02122222439662802	-0.4512633471480275	0.4088188983547715	0.16469935076509873	-0.12885432940713934	0.9027451672968758	0.9800845578819288	0.24930375170802582	2.8141908923985053
sp|P51858|HDGF_HUMAN	psvid_26666_sp|P51858|HDGF_HUMAN	0.08048202372184055	-1.5808078337408324	1.7417718811845133	0.6362492945004181	0.12649448010002887	0.9045147488550208	0.9815140013864948	1.1221544607565652	1.1864816370412092
sp|Q9ULA0|DNPEP_HUMAN	psvid_659581_sp|Q9ULA0|DNPEP_HUMAN	0.04816126948559862	-0.9537718930511672	1.0500944320223644	0.38372549193445815	0.12550969507604348	0.9052533993034737	0.9818049900369609	0.6654849517500455	2.0739987209518906
sp|P05062|ALDOB_HUMAN	psvid_52184_sp|P05062|ALDOB_HUMAN	-0.014224894827151946	-0.3115311864115047	0.2830813967572008	0.11386388559549142	-0.12492894259455342	0.9056890517230664	0.9818049900369609	0.1314133703873454	6.539956886813562
sp|P09651|ROA1_HUMAN	psvid_31212_sp|P09651|ROA1_HUMAN	0.018769779198626213	-0.3788879866406838	0.4164275450379362	0.1522970069499496	0.12324457042543621	0.9069528013115293	0.9818862001192014	0.222915891800114	3.8879401169388452
sp|Q6NVV1|R13P3_HUMAN	psvid_89779_sp|Q6NVV1|R13P3_HUMAN	0.01593139940259647	-0.32173908627080855	0.3536018850760015	0.12932277129016587	0.12319098364239853	0.9069930115840458	0.9818862001192014	0.1708357682398827	4.539934061373872
sp|P55072|TERA_HUMAN	psvid_31360_sp|P55072|TERA_HUMAN	-0.018154107788572293	-0.40507134417549256	0.368763128598348	0.14818354399467631	-0.1225109570143936	0.907503315482903	0.9818862001192014	0.21394847165172137	6.878045648966433
sp|O75131|CPNE3_HUMAN	psvid_27999_sp|O75131|CPNE3_HUMAN	0.014145882091591733	-0.28758416964784494	0.3158759338310284	0.11555811990690174	0.1224135707900771	0.9075764000178866	0.9818862001192014	0.13601999824707778	2.8567588640303443
sp|O75880|SCO1_HUMAN	psvid_44365_sp|O75880|SCO1_HUMAN	-0.02279760684733212	-0.5140826007316234	0.46848738703695914	0.18815484206647293	-0.12116407208525619	0.9085141926856761	0.9824103071606088	0.2972949303639738	3.531082446936912
sp|P23396|RS3_HUMAN	psvid_64401_sp|P23396|RS3_HUMAN	-0.014521240445256156	-0.33798241187404915	0.30893993098353684	0.12388081537689906	-0.1172194451665196	0.9114758897980614	0.9851213232879796	0.15753583506498914	6.390991398509922
sp|P04080|CYTB_HUMAN	psvid_71441_sp|P04080|CYTB_HUMAN	-0.027757828097185966	-0.6541178207145774	0.5986021645202054	0.2398865565908968	-0.11571231206809243	0.9126079119803515	0.9858531132908384	0.3982052495896103	1.821083586672563
sp|Q8IZP2|ST134_HUMAN	psvid_50259_sp|Q8IZP2|ST134_HUMAN	-0.014723422263391961	-0.3507167814915101	0.32126993696472617	0.1286804568181859	-0.11441847991101596	0.9135799119804972	0.9859327760224177	0.1692915041565676	1.903602336311985
sp|Q9UQ80|PA2G4_HUMAN	psvid_42074_sp|Q9UQ80|PA2G4_HUMAN	0.012381614473526481	-0.2711606765552068	0.2959239055022598	0.1085924781985959	0.11401908013262907	0.913879998891532	0.9859327760224177	0.11641623138925841	5.708519012055057
sp|P24723|KPCL_HUMAN	psvid_80000_sp|P24723|KPCL_HUMAN	-0.04248125036057804	-1.0172085967744373	0.9322460960532812	0.3733060691969084	-0.11379737396707146	0.9140465837697448	0.9859327760224177	0.6464284732962589	1.021240625180289
sp|P62841|RS15_HUMAN	psvid_100762_sp|P62841|RS15_HUMAN	-0.012538631762039287	-0.3069103785358144	0.2818331150117358	0.11273999860068272	-0.11121724248418925	0.9159856053463049	0.987342722869165	0.1283054002518652	4.5898201758168895
sp|Q10567|AP1B1_HUMAN	psvid_880481_sp|Q10567|AP1B1_HUMAN	0.013256128388426935	-0.2990039521586798	0.3255162089355337	0.11959096424761288	0.11084556824025722	0.9162649818596635	0.987342722869165	0.14665311137753817	5.587391754279626
sp|Q7Z4W1|DCXR_HUMAN	psvid_38673_sp|Q7Z4W1|DCXR_HUMAN	0.009888392180670058	-0.23025476252881796	0.25003154689015805	0.09197125479136896	0.10751611689001371	0.9187682461089527	0.9895481060229128	0.054652185963360835	5.5267218405350125
sp|P60866|RS20_HUMAN	psvid_33096_sp|P60866|RS20_HUMAN	-0.016761955200502943	-0.42693474815686855	0.39341083775586266	0.1570900761052876	-0.10670282691357573	0.9193798878647841	0.9897149612533468	0.23322003238560832	4.017338495809006
sp|P21333|FLNA_HUMAN	psvid_43869_sp|P21333|FLNA_HUMAN	0.04389289114586348	-1.0512946397984346	1.1390804220901618	0.41944052735819526	0.1046462806594263	0.9209268161050486	0.9904768897983098	0.7306076469714998	2.6010168285094863
sp|P31150|GDIA_HUMAN	psvid_84214_sp|P31150|GDIA_HUMAN	-0.023277351097870547	-0.6046328616251999	0.5580781594294588	0.22265050964187602	-0.10454658799259516	0.9210018149255165	0.9904768897983098	0.36510165147451207	2.2808425748116425
sp|P07948|LYN_HUMAN	psvid_41237_sp|P07948|LYN_HUMAN	-0.017597331972849406	-0.46148043659111576	0.42628577264541695	0.17000062384379716	-0.10351333762762237	0.9217791848846044	0.9908211774032429	0.26033845470014405	1.3392806897082652
sp|O95881|TXD12_HUMAN	psvid_96398_sp|O95881|TXD12_HUMAN	-0.01777077451537068	-0.49459665939882796	0.4590551103680866	0.18261721847865664	-0.09731160436795086	0.9264471587264375	0.9940056214948344	0.2861410127688122	3.1985452965138297
sp|P61018|RAB4B_HUMAN	psvid_109057_sp|P61018|RAB4B_HUMAN	0.017597331972849406	-0.45561808221393285	0.49081274615963166	0.181234461927622	0.0970970519937709	0.9266087120005414	0.9940056214948344	0.2833408686879157	2.839280689708265
sp|P07108|ACBP_HUMAN	psvid_99088_sp|P07108|ACBP_HUMAN	0.02488391838772841	-0.6526124524741529	0.7023802892496097	0.25947102852107246	0.09590249258100701	0.9275082633562511	0.9940056214948344	0.43538947502488967	3.305861243269719
sp|Q6YN16|HSDL2_HUMAN	psvid_58560_sp|Q6YN16|HSDL2_HUMAN	-0.013785388548115174	-0.3903889473642889	0.36281817026805857	0.14423355895828135	-0.095576845275672	0.9277535105543918	0.9940056214948344	0.20521462914811983	3.116070579808361
sp|Q9UNU6|CP8B1_HUMAN	psvid_58581_sp|Q9UNU6|CP8B1_HUMAN	0.010153498465671928	-0.2673287865979675	0.28763578352931135	0.10627158609019034	0.09554292769334297	0.9277790546468443	0.9940056214948344	0.10941748699070526	6.266525265886404
sp|P60033|CD81_HUMAN	psvid_97981_sp|P60033|CD81_HUMAN	-0.01584051524935748	-0.44982910960125194	0.418148079102537	0.1662111736475374	-0.09530355211225701	0.9279593366104386	0.9940056214948344	0.2524638389138955	3.430801617916188
sp|P55769|NH2L1_HUMAN	psvid_100029_sp|P55769|NH2L1_HUMAN	0.04248125036057804	-1.1277823652722014	1.2127448659933575	0.4481935506204065	0.0947832700889468	0.9283511959728903	0.9940056214948344	0.7828520111288706	1.271240625180289
sp|Q9HB55|CP343_HUMAN	psvid_64115_sp|Q9HB55|CP343_HUMAN	0.01850014536094413	-0.49425706511386513	0.5312573558357534	0.19637838150223585	0.09420662915858434	0.9287855302866862	0.9940056214948344	0.3136987913568571	4.8141402911310625
sp|P33261|CP2CJ_HUMAN	psvid_356276_sp|P33261|CP2CJ_HUMAN	0.01128462066636704	-0.3041350469176739	0.326704288250408	0.12080103906636389	0.09341493048058687	0.9293818956147988	0.9940056214948344	0.14976353704967096	6.842596609960054
sp|Q9HAW7|UD17_HUMAN	psvid_62827_sp|Q9HAW7|UD17_HUMAN	-0.008330212637463807	-0.2412664246321233	0.2246059993571957	0.08921110297486538	-0.09337641122776823	0.9294109124952725	0.9940056214948344	0.03744096284334864	7.739522779201536
sp|O43747|AP1G1_HUMAN	psvid_35173_sp|O43747|AP1G1_HUMAN	0.012407691931150544	-0.3390031844740078	0.3638185683363089	0.13458513647584783	0.09219214139131318	0.9303030943095665	0.9940056214948344	0.1832664492005593	3.7901311674916744
sp|Q01082|SPTB2_HUMAN	psvid_25064_sp|Q01082|SPTB2_HUMAN	-0.026927474529430784	-0.7922193062606396	0.7383643572017781	0.293095383589227	-0.0918727350792042	0.9305437425415731	0.9940056214948344	0.49844983888530486	4.600494483771538
sp|Q9HBI6|CP4FB_HUMAN	psvid_72297_sp|Q9HBI6|CP4FB_HUMAN	0.008845606168269349	-0.24313725976122974	0.26082847209776844	0.0965056880072113	0.09165890996609827	0.9307048481832114	0.9940056214948344	0.07546937781131759	6.76385931525382
sp|Q8TCT8|SPP2A_HUMAN	psvid_40457_sp|Q8TCT8|SPP2A_HUMAN	0.04816126948559907	-1.3432386504142735	1.4395611893854716	0.532885464524738	0.09037827580557566	0.9316698162021463	0.9945460550295818	0.9360603419627026	1.1221599904374895
sp|P51991|ROA3_HUMAN	psvid_49958_sp|P51991|ROA3_HUMAN	-0.008105369423094921	-0.2454160327906307	0.22920529394444086	0.09088645275643199	-0.08918127154567937	0.9325718904878768	0.9947613230488085	0.048560748108310854	4.308570498627016
sp|Q9GZV4|IF5A2_HUMAN	psvid_44504_sp|Q9GZV4|IF5A2_HUMAN	-0.011882092520646204	-0.3608987902863716	0.3371346052450792	0.1336682016836414	-0.08889243942076883	0.9327895747278168	0.9947613230488085	0.1811269939196434	4.085537028607382
sp|Q4VXU2|PAP1L_HUMAN	psvid_883404_sp|Q4VXU2|PAP1L_HUMAN	0.010160496124336449	-0.295831052252354	0.3161520445010269	0.11719020970555359	0.0867008954917413	0.93444149512224	0.9960328184603512	0.1403760099365597	1.9336416274786987
sp|Q9NTN3|S35D1_HUMAN	psvid_86857_sp|Q9NTN3|S35D1_HUMAN	-0.01920389926270738	-0.6096054778237392	0.5711976792983244	0.22611501908831097	-0.084929781931943	0.9357767852603234	0.9964850990536956	0.371788914771234	2.5900839733531944
sp|Q56VL3|OCAD2_HUMAN	psvid_36323_sp|Q56VL3|OCAD2_HUMAN	-0.011657513584236057	-0.370103004927415	0.3467879777589429	0.1372792893181662	-0.08491822504425958	0.9357854991113386	0.9964850990536956	0.1894942494662231	3.8868723526390063
sp|P50440|GATM_HUMAN	psvid_62039_sp|P50440|GATM_HUMAN	0.012496434259768208	-0.3782284161524216	0.403221284671958	0.14964180350696138	0.08350897922175116	0.9368481423492941	0.9971266819601771	0.21714161648667862	4.397017486054855
sp|Q9Y2R0|COA3_HUMAN	psvid_79221_sp|Q9Y2R0|COA3_HUMAN	-0.03800077336126251	-1.2639656326036244	1.1879640858810996	0.46952629805770263	-0.08093428103699611	0.9387899846653811	0.9980007033822554	0.8215278632496074	1.5614816370412092
sp|P10644|KAP0_HUMAN	psvid_35851_sp|P10644|KAP0_HUMAN	0.023277351097870547	-0.7309107255517384	0.7774654277474795	0.2888428106229636	0.08058830007804928	0.9390509617888408	0.9980007033822554	0.49051868554813505	1.7808425748116428
sp|Q96CN7|ISOC1_HUMAN	psvid_70174_sp|Q96CN7|ISOC1_HUMAN	0.023277351097870436	-0.7309107255517385	0.7774654277474794	0.2888428106229636	0.08058830007804889	0.9390509617888412	0.9980007033822554	0.49051868554813505	1.3846019496313537
sp|Q14103|HNRPD_HUMAN	psvid_49097_sp|Q14103|HNRPD_HUMAN	0.011186595707520675	-0.3580725473647756	0.38044573877981697	0.1414207570173264	0.07910151199480661	0.9401725615213673	0.9980591511715557	0.1989130185876391	3.505505231985853
sp|P63267|ACTH_HUMAN	psvid_9912_sp|P63267|ACTH_HUMAN	0.009116516689684051	-0.2999569425024521	0.3181899758818202	0.11837053568733945	0.07701677310782945	0.9417455098631218	0.9980591511715557	0.14348054196023496	6.141601181887865
sp|P11712|CP2C9_HUMAN	psvid_41130_sp|P11712|CP2C9_HUMAN	-0.011754006991585797	-0.4105946687203231	0.3870866547371515	0.1527500384734581	-0.07694928989250746	0.941796431510818	0.9980591511715557	0.22389619520863946	8.156371595119188
sp|P17980|PRS6A_HUMAN	psvid_70738_sp|P17980|PRS6A_HUMAN	-0.016778548964634266	-0.5877000289492358	0.5541429310199673	0.21865443120813072	-0.07673546276619136	0.9419577838102428	0.9980591511715557	0.357365141615407	2.388789384413249
sp|Q06136|KDSR_HUMAN	psvid_58670_sp|Q06136|KDSR_HUMAN	-0.012131011404703296	-0.43113939076188035	0.40687736795247376	0.16047397421840787	-0.07559488361765615	0.9428185098846141	0.9980591511715557	0.24041118443993398	4.153203908583564
sp|Q8NC51|SERB1_HUMAN	psvid_31401_sp|Q8NC51|SERB1_HUMAN	-0.01200134322770885	-0.43222621814143	0.4082235316860123	0.16093987391444056	-0.07457035311267267	0.9435917375995339	0.9980591511715557	0.2413962693740413	4.660381886544419
sp|P55145|MANF_HUMAN	psvid_88639_sp|P55145|MANF_HUMAN	0.006618052840297484	-0.22653674992978273	0.2397728556103777	0.08929481998910042	0.07411463331361552	0.9439356988078473	0.9980591511715557	0.038068235966271284	5.4504296690739436
sp|P22314|UBA1_HUMAN	psvid_65281_sp|P22314|UBA1_HUMAN	-0.014145882091591844	-0.5139435465315907	0.48565178234840695	0.19141506821608398	-0.07390161194427436	0.9440964846357739	0.9980591511715557	0.30381980704573947	2.912356969364456
sp|Q99460|PSMD1_HUMAN	psvid_52632_sp|Q99460|PSMD1_HUMAN	0.009491962549755484	-0.32633342860571557	0.34531735370522654	0.1286161275458195	0.07380071792609345	0.94417263922956	0.9980591511715557	0.16913649171461093	2.8119506538988475
sp|P38117|ETFB_HUMAN	psvid_54313_sp|P38117|ETFB_HUMAN	-0.014428874464071595	-0.5279583950820204	0.49910064615387717	0.1966741647946581	-0.07336436119678644	0.9445020082577378	0.9980591511715557	0.3142855582641487	3.4300957975235455
sp|P40925|MDHC_HUMAN	psvid_74728_sp|P40925|MDHC_HUMAN	-0.015257358349390016	-0.5596031438976755	0.5290884271988955	0.20847633569998747	-0.07318508500334761	0.9446373324905539	0.9980591511715557	0.337536440957399	3.690670535590541
sp|Q99832|TCPH_HUMAN	psvid_63242_sp|Q99832|TCPH_HUMAN	0.015469386873097624	-0.536897971635021	0.5678367453812162	0.21154847877818123	0.07312454791659373	0.9446830285845207	0.9980591511715557	0.3435413967999507	4.213427187047621
sp|Q96AC1|FERM2_HUMAN	psvid_68828_sp|Q96AC1|FERM2_HUMAN	-0.03138272052096458	-1.1603625820159618	1.0975971409740328	0.4323824871106284	-0.07258092419671722	0.9450933909570984	0.9980591511715557	0.7541411518389003	1.857271913821936
sp|Q8TC12|RDH11_HUMAN	psvid_54668_sp|Q8TC12|RDH11_HUMAN	-0.006736684143234806	-0.25251048572040463	0.23903711743393502	0.09412770875456547	-0.07156961783485521	0.9458568424325245	0.9983788492699858	0.06525966581868914	5.3972646942400795
sp|P08571|CD14_HUMAN	psvid_103710_sp|P08571|CD14_HUMAN	0.013760340889490186	-0.5021639829177833	0.5296846646967637	0.19759133878017945	0.06964040516370294	0.9473134206855912	0.9993404620243064	0.31610367556936897	4.553215183901996
sp|O75306|NDUS2_HUMAN	psvid_84456_sp|O75306|NDUS2_HUMAN	-0.007258906253542641	-0.2816311820367919	0.2671133695297066	0.10508049881445138	-0.06907948035496332	0.9477369702038044	0.9993404620243064	0.10570856851605578	4.987728552170843
sp|Q9Y6A9|SPCS1_HUMAN	psvid_93540_sp|Q9Y6A9|SPCS1_HUMAN	-0.007436835848513068	-0.29414318872015266	0.2792695170231265	0.10980426680144666	-0.06772811353461074	0.9487574568999335	0.9993404620243064	0.11996477886833362	2.626681692006675
sp|P15954|COX7C_HUMAN	psvid_105138_sp|P15954|COX7C_HUMAN	0.03800077336126251	-1.4343308480565726	1.5103323947790974	0.563881101897838	0.0673914646782175	0.94901169545228	0.9993404620243064	0.9919455156841196	1.4577222622214983
sp|P20336|RAB3A_HUMAN	psvid_60964_sp|P20336|RAB3A_HUMAN	0.014723422263392072	-0.5616462353165839	0.591093079843368	0.22074100215527673	0.06669998831044137	0.9495339229868843	0.9993404620243064	0.36140798616709663	2.4460835866725628
sp|Q96HE7|ERO1A_HUMAN	psvid_98250_sp|Q96HE7|ERO1A_HUMAN	-0.008085578824707174	-0.32767297465027495	0.3115018170008606	0.12239721696477768	-0.06606015255260228	0.9500171756478504	0.9993404620243064	0.1538163718626934	5.6573084925970925
sp|O00461|GOLI4_HUMAN	psvid_46370_sp|O00461|GOLI4_HUMAN	-0.015694035945381102	-0.6381397511259683	0.6067516792352061	0.23838744657920427	-0.06583415431721047	0.9501878726307627	0.9993404620243064	0.39534154696889945	3.480792943777267
sp|P63208|SKP1_HUMAN	psvid_6979_sp|P63208|SKP1_HUMAN	-0.023277351097870436	-0.9540756028769075	0.9075209006811666	0.356481879640887	-0.06529743144678095	0.9505932729279419	0.9993404620243064	0.6155927338466709	1.2383613244510647
sp|Q99613|EIF3C_HUMAN	psvid_30062_sp|Q99613|EIF3C_HUMAN	0.010966472404529082	-0.4304623177359358	0.45239526254499396	0.16906065792034997	0.06486708699368571	0.9509183353456945	0.9993404620243064	0.2583911250559092	4.694205111743132
sp|O15488|GLYG2_HUMAN	psvid_87167_sp|O15488|GLYG2_HUMAN	-0.017042875660394863	-0.7374424239513917	0.703356672630602	0.2759023070535211	-0.06177141410089329	0.9532569833277874	1.0	0.4663106607768874	3.6200337895093346
sp|P52907|CAZA1_HUMAN	psvid_86737_sp|P52907|CAZA1_HUMAN	-0.016778548964634044	-0.7493264970252617	0.7157693990959936	0.2805549633904122	-0.05980485521222271	0.9547429167976116	1.0	0.4750278634546419	2.686950653898848
sp|Q09666|AHNK_HUMAN	psvid_23288_sp|Q09666|AHNK_HUMAN	-0.009454010872946061	-0.4323547896429603	0.4134467678970682	0.1619647052724781	-0.05837080897990271	0.9558266169404405	1.0	0.24355906284850368	4.396894178781599
sp|P16403|H12_HUMAN	psvid_52364_sp|P16403|H12_HUMAN	-0.016778548964634044	-0.8046134645684899	0.7710563666392218	0.30172904925895055	-0.055607999978266334	0.9579147621267526	1.0	0.5145184505811693	3.333191279079137
sp|P0DJI9|SAA2_HUMAN	psvid_85654_sp|P0DJI9|SAA2_HUMAN	-0.007624356772950591	-0.3726422144912488	0.3573935009453476	0.13979640783940644	-0.05453900347503352	0.9587228203345091	1.0	0.1952398000975356	5.408108638585075
sp|O14681|EI24_HUMAN	psvid_63611_sp|O14681|EI24_HUMAN	-0.010160496124336449	-0.5449347213559333	0.5246137291072605	0.20481057052878335	-0.04960923695541646	0.9624499681883237	1.0	0.33034682145306327	2.0374010022984095
sp|O76094|SRP72_HUMAN	psvid_55030_sp|O76094|SRP72_HUMAN	0.014723422263392072	-0.7860903471860445	0.8155371917128287	0.3066997571493166	0.0480059795294327	0.963662353219435	1.0	0.5237507149732544	1.653602336311985
sp|Q9BRR6|ADPGK_HUMAN	psvid_53027_sp|Q9BRR6|ADPGK_HUMAN	-0.006618052840297928	-0.36754680545050117	0.3543106997699053	0.13823034143114155	-0.04787699120018931	0.963759899292676	1.0	0.1916730408775033	3.0225129256828565
sp|P61019|RAB2A_HUMAN	psvid_89618_sp|P61019|RAB2A_HUMAN	-0.0053670981604119206	-0.2996016763632448	0.28886748004242097	0.11268746507915572	-0.04762817369830689	0.9639480669799343	1.0	0.12815904566022346	5.236728004724397
sp|P00739|HPTR_HUMAN	psvid_33247_sp|P00739|HPTR_HUMAN	0.004768635938819044	-0.2680161171900056	0.2775533890676437	0.10447250126101794	0.04564489105994417	0.9654480153855796	1.0	0.10378093877138538	7.15132397577387
sp|P53985|MOT1_HUMAN	psvid_87023_sp|P53985|MOT1_HUMAN	-0.013116854973533876	-0.7742366233274555	0.7480029133803877	0.2914975453983262	-0.044998166127299385	0.9659371666260128	1.0	0.4954711532432867	1.695280303027634
sp|P13987|CD59_HUMAN	psvid_44080_sp|P13987|CD59_HUMAN	-0.014723422263392072	-0.8715195420746963	0.8420726975479121	0.3281401642897146	-0.04486930850193876	0.9660346303232924	1.0	0.563431926881774	2.549842961492274
sp|P62314|SMD1_HUMAN	psvid_104065_sp|P62314|SMD1_HUMAN	-0.007286586414878893	-0.4386854554948881	0.4241122826651303	0.1652193474049433	-0.044102500883385534	0.9666146325828688	1.0	0.2503919099809604	2.4878027779580822
sp|Q08426|ECHP_HUMAN	psvid_39857_sp|Q08426|ECHP_HUMAN	-0.004838461716216047	-0.29870711013806	0.2890301867056279	0.11254731941827358	-0.04299046606551571	0.967455801785787	1.0	0.12776812474834312	6.911546374206003
sp|O75915|PRAF3_HUMAN	psvid_86741_sp|O75915|PRAF3_HUMAN	-0.008733447527346838	-0.5409255457790145	0.5234586507243209	0.20382165431894164	-0.04284847729515861	0.9675632089490595	1.0	0.3284025267662805	3.7124408934511446
sp|P68032|ACTC_HUMAN	psvid_9914_sp|P68032|ACTC_HUMAN	-0.004911158181104547	-0.3143058125600337	0.3044834961978246	0.11849354866431994	-0.04144662925926334	0.968623676526576	1.0	0.14380200502435406	6.224201962769424
sp|Q99714|HCD2_HUMAN	psvid_79401_sp|Q99714|HCD2_HUMAN	-0.008314032292797369	-0.5342132037364321	0.5175851391508374	0.20141155699368082	-0.04127882439763979	0.968750622303577	1.0	0.32365525923628935	3.661496171166301
sp|B2RPK0|HGB1A_HUMAN	psvid_58488_sp|B2RPK0|HGB1A_HUMAN	0.010160496124336449	-0.6473001332926883	0.6676211255413612	0.2517976376905568	0.040351832596710255	0.9694519183854294	1.0	0.4208676065278635	2.239239732812811
sp|P17813|EGLN_HUMAN	psvid_78615_sp|P17813|EGLN_HUMAN	0.017597331972849628	-1.1487497944145941	1.1839444583602932	0.44669359351895926	0.03939463701330817	0.9701760978013588	1.0	0.7801300413665284	1.8392806897082654
sp|P12111|CO6A3_HUMAN	psvid_43301_sp|P12111|CO6A3_HUMAN	-0.004998453310362083	-0.34363732732833313	0.33364042070760896	0.1296936496159829	-0.03854046304628083	0.9708223627265357	1.0	0.17172458418074368	4.515450153915871
sp|Q99685|MGLL_HUMAN	psvid_58073_sp|Q99685|MGLL_HUMAN	-0.005260603890471449	-0.3656966457069835	0.3551754379260406	0.13804164052896573	-0.03810881897891962	0.9711489528891355	1.0	0.19124152267960112	4.546693071937048
sp|P00325|ADH1B_HUMAN	psvid_162542_sp|P00325|ADH1B_HUMAN	0.00397380074042486	-0.2738141374768676	0.28176173895771733	0.10638864669975225	0.03735173689763754	0.9717217913361881	1.0	0.10977744905153142	7.42762854796157
sp|P84103|SRSF3_HUMAN	psvid_22022_sp|P84103|SRSF3_HUMAN	-0.007647079958355452	-0.5568819389419105	0.5415877790251996	0.21034877807359106	-0.03635428752374355	0.9724765311066206	1.0	0.34119854870089583	3.3286255445759974
sp|P14866|HNRPL_HUMAN	psvid_68276_sp|P14866|HNRPL_HUMAN	-0.005680019125020808	-0.415717548228922	0.40435750997888037	0.15703827206259433	-0.0361696486494502	0.9726162454173232	1.0	0.2331094290794071	3.6201232645199086
sp|P04792|HSPB1_HUMAN	psvid_56555_sp|P04792|HSPB1_HUMAN	-0.0031201005146159755	-0.23547341185284887	0.22923321082361692	0.0889878606973367	-0.03506209150513218	0.97345434585553	1.0	0.03571747845162874	5.0382550406263285
sp|P62244|RS15A_HUMAN	psvid_9975_sp|P62244|RS15A_HUMAN	-0.005888681994724143	-0.4465136910127428	0.4347363270232945	0.16875282171115874	-0.034895309808824104	0.9735805548063742	1.0	0.2577525436732008	4.847979271974948
sp|P37108|SRP14_HUMAN	psvid_105690_sp|P37108|SRP14_HUMAN	-0.007286586414878893	-0.5594473924582495	0.5448742196284917	0.21146937225779713	-0.03445693500236996	0.973912291025998	1.0	0.34338699594916205	2.7378027779580822
sp|O95674|CDS2_HUMAN	psvid_89073_sp|O95674|CDS2_HUMAN	-0.006601280826984857	-0.5079199620008654	0.4947174003468957	0.19199759499159422	-0.03438210164702253	0.9739689211073189	1.0	0.3049825833576297	4.0290201138227495
sp|Q9H3N1|TMX1_HUMAN	psvid_69914_sp|Q9H3N1|TMX1_HUMAN	-0.004268378339735257	-0.3434336328898597	0.33489687621038916	0.1298952455269655	-0.03286015837161004	0.975120688173862	1.0	0.1722068496185193	3.92156409958012
sp|Q6IAN0|PEXRP_HUMAN	psvid_44217_sp|Q6IAN0|PEXRP_HUMAN	-0.005506576582499756	-0.4549510914683537	0.4439379383033542	0.17213056121943632	-0.03199069673327699	0.9757787056077621	1.0	0.2647371897328629	3.94455370092325
sp|Q96HD1|CREL1_HUMAN	psvid_53277_sp|Q96HD1|CREL1_HUMAN	0.0029931604165189807	-0.2650641858878009	0.27105050672083886	0.10266197479364908	0.02915549230896097	0.977924567943621	1.0	0.09788693053748555	3.605167889160063
sp|Q9NZP8|C1RL_HUMAN	psvid_66144_sp|Q9NZP8|C1RL_HUMAN	-0.0059648660472382264	-0.5575246987571334	0.5455949666626569	0.21123920841389016	-0.02823749479098125	0.9786194136376337	1.0	0.342937693564662	3.419898927267891
sp|B2MG_HUMAN|,sp|P61769|B2MG_HUMAN	psvid_66466_sp|B2MG_HUMAN|	-0.007436835848513068	-0.7052942679258741	0.690420596228848	0.2672690119827995	-0.027825282824002345	0.9789314300137751	1.0	0.45009191398097836	2.2961996682848342
sp|Q15363|TMED2_HUMAN	psvid_41617_sp|Q15363|TMED2_HUMAN	0.004621649750736312	-0.4349055479471393	0.44414884744861194	0.16833237631158085	0.02745550114602852	0.9792113332388096	1.0	0.2568796879086164	5.059217748335551
sp|Q14697|GANAB_HUMAN	psvid_54848_sp|Q14697|GANAB_HUMAN	0.002738911657106602	-0.2607700016115262	0.2662478249257394	0.10091999262416886	0.02713943576379803	0.9794505790795711	1.0	0.09196647954950705	8.269493208140121
sp|Q93050|VPP1_HUMAN	psvid_66423_sp|Q93050|VPP1_HUMAN	0.003985385967255617	-0.41817741132288494	0.4261481832573962	0.16168206934725723	0.024649523495990713	0.9813354038793993	1.0	0.24296314532383098	3.3749559670660467
sp|P60953|CDC42_HUMAN	psvid_47223_sp|P60953|CDC42_HUMAN	-0.0040712708968728695	-0.44094354598426183	0.4328010041905161	0.1673155804584747	-0.02433288571044524	0.9815751040790476	1.0	0.2547655221169607	4.024605099662785
sp|P27105|STOM_HUMAN	psvid_24065_sp|P27105|STOM_HUMAN	-0.0032004590846137493	-0.3499892848030181	0.3435883666337906	0.13281495984148017	-0.02409712797740271	0.9817535781538155	1.0	0.17912656179235661	5.204418813443922
sp|P68133|ACTS_HUMAN	psvid_9911_sp|P68133|ACTS_HUMAN	0.002839662685330868	-0.30528757728207756	0.3109669026527393	0.11800814780453178	0.024063276461507334	0.9817792046379101	1.0	0.14253127540579397	6.198485357888536
sp|P43490|NAMPT_HUMAN	psvid_85176_sp|P43490|NAMPT_HUMAN	0.005238992021724065	-0.6003146385880979	0.610792622631546	0.23191802955212037	0.02258984362639505	0.9828946558753763	1.0	0.38295094164284943	3.80604744553728
sp|Q8IWB9|TEX2_HUMAN	psvid_36395_sp|Q8IWB9|TEX2_HUMAN	0.01016049612433656	-1.164611467004999	1.1849324592536719	0.44992018062489436	0.02258288594706875	0.9828999232430344	1.0	0.7859848856818302	1.9336416274786987
sp|Q9C037|TRIM4_HUMAN	psvid_71060_sp|Q9C037|TRIM4_HUMAN	-0.013116854973533987	-1.532028894698462	1.5057951847513942	0.5817207089671831	-0.022548372047511128	0.9829260522858864	1.0	1.0240757612353124	1.445280303027634
sp|Q9UBQ7|GRHPR_HUMAN	psvid_82367_sp|Q9UBQ7|GRHPR_HUMAN	-0.004562926139055401	-0.549335353360091	0.5402095010819802	0.20863973311198775	-0.021869881019289085	0.9834397146713248	1.0	0.3378562832549619	4.7714853623322355
sp|P36542|ATPG_HUMAN	psvid_71346_sp|P36542|ATPG_HUMAN	-0.0022844888025057575	-0.280499549896504	0.2759305722914925	0.10655222840570698	-0.021440084704820676	0.9837651035729005	1.0	0.11027915533503373	5.243443900142312
sp|P37059|DHB2_HUMAN	psvid_73637_sp|P37059|DHB2_HUMAN	-0.002492456880300864	-0.3200421865796748	0.3150572728190731	0.12161682116003936	-0.020494343270335627	0.9844811153299119	1.0	0.1518417498322918	6.128658995835029
sp|Q9H361|PABP3_HUMAN	psvid_38457_sp|Q9H361|PABP3_HUMAN	0.004653919541836249	-0.5884220462262835	0.597729885309956	0.22713926959227146	0.0204892775704981	0.9844849505685213	1.0	0.37376252177191904	3.5457462438467733
sp|P98187|CP4F8_HUMAN	psvid_30112_sp|P98187|CP4F8_HUMAN	-0.0023399736234601676	-0.30277675127568876	0.2980968040287684	0.11506281517613154	-0.02033648855086911	0.9846006272785663	1.0	0.13468257458906457	4.673317940769638
sp|P62753|RS6_HUMAN	psvid_44788_sp|P62753|RS6_HUMAN	0.0018990012440962545	-0.25250090492536437	0.2562989074135569	0.09743137845222698	0.01949065356832021	0.9852410175174139	1.0	0.07914943401431154	5.012272101143068
sp|Q92820|GGH_HUMAN	psvid_29058_sp|Q92820|GGH_HUMAN	0.005472702550051611	-0.7614277050679358	0.772373110168039	0.2937114442173683	0.018632922406664566	0.9858904275193351	1.0	0.49959788011796125	3.062934184315515
sp|O00483|CXFA4_HUMAN	psvid_106504_sp|O00483|CXFA4_HUMAN	-0.0029931604165192027	-0.44873178996510177	0.44274546913206336	0.17071126228087566	-0.01753346777785802	0.9867228707753136	1.0	0.26180817158074055	3.55870125283223
sp|P18859|ATP5J_HUMAN	psvid_60821_sp|P18859|ATP5J_HUMAN	-0.0024524451980008077	-0.40229875724081676	0.39739386684481515	0.15313518757911984	-0.01601490315041872	0.9878726714894719	1.0	0.22472852296313195	4.748685711533092
sp|P38606|VATA_HUMAN	psvid_24762_sp|P38606|VATA_HUMAN	-0.0017215963963104208	-0.3194977165320957	0.31605452373947485	0.12170352532837053	-0.014145821919828121	0.9892879164755294	1.0	0.15206177524555708	3.8006638553007948
sp|Q03519|TAP2_HUMAN	psvid_37658_sp|Q03519|TAP2_HUMAN	-0.004480476999315641	-0.8979983777908185	0.8890374237921872	0.3422040599648107	-0.013092997785521232	0.9900851220963698	1.0	0.5893525576279468	2.284560992735899
sp|P10809|CH60_HUMAN	psvid_23050_sp|P10809|CH60_HUMAN	-0.0019504507935939053	-0.42394060979859466	0.42003970821140685	0.16161595145300142	-0.01206842997896222	0.9908609446117564	1.0	0.24282367991409587	5.873313316966664
sp|Q92930|RAB8B_HUMAN	psvid_67046_sp|Q92930|RAB8B_HUMAN	0.0017298534849474745	-0.3899066671527148	0.3933663741226098	0.1499909596371624	0.011533051652793603	0.9912663480931219	1.0	0.21790380876469512	3.68707338611736
sp|P31327|CPSM_HUMAN	psvid_70920_sp|P31327|CPSM_HUMAN	-0.0010681720108842718	-0.26459309491125627	0.2624567508894877	0.10092612407489283	-0.010583701897554575	0.9919852297090455	1.0	0.0919878033159536	8.237265745409477
sp|P22303|ACES_HUMAN	psvid_22952_sp|P22303|ACES_HUMAN	-0.003985385967255506	-1.0101099441134131	1.002139172178902	0.38533073408258073	-0.010342766913581807	0.9921676757248987	1.0	0.6684183058599266	2.1249559670660463
sp|Q5XG92|EST4A_HUMAN	psvid_42952_sp|Q5XG92|EST4A_HUMAN	-0.003985385967255506	-1.0101099441134131	1.002139172178902	0.38533073408258073	-0.010342766913581807	0.9921676757248987	1.0	0.6684183058599266	2.1249559670660463
sp|Q8TCT9|SPP_HUMAN	psvid_34340_sp|Q8TCT9|SPP_HUMAN	0.0011149120476752206	-0.2987464402449706	0.30097626434032104	0.1148424358260575	0.009708188786276592	0.9926482073419858	1.0	0.13408508139205197	4.164887068419159
sp|P07437|TBB5_HUMAN	psvid_7084_sp|P07437|TBB5_HUMAN	0.0010770260671391085	-0.2940054235927362	0.2961594757270144	0.11301218723040883	0.009530176289246324	0.9927830072100368	1.0	0.12906212576302756	7.751007859891924
sp|P07954|FUMH_HUMAN	psvid_55024_sp|P07954|FUMH_HUMAN	-0.0016065672898578631	-0.6369605228500369	0.6337473882703212	0.24333111056286383	-0.00660239163887271	0.9950001064616923	1.0	0.40477518372362103	3.2451232645199077
sp|P69905|HBA_HUMAN	psvid_29358_sp|P69905|HBA_HUMAN	-0.0005859851170748609	-0.2471868362651515	0.24601486603100178	0.09444445643326979	-0.006204547510831318	0.9953013831064798	1.0	0.06669435747308203	5.1524776195941415
sp|Q15029|U5S1_HUMAN	psvid_52330_sp|Q15029|U5S1_HUMAN	0.0008187830082154735	-0.36679687812610356	0.3684344441425345	0.14079132789099724	0.0058155784200670906	0.9955959397951527	1.0	0.19749274286068508	3.7382305702458503
sp|P62736|ACTA_HUMAN	psvid_9913_sp|P62736|ACTA_HUMAN	0.0004582894647386926	-0.31248002118782753	0.3133966001173049	0.11985071628556644	0.003823835842972631	0.997104248748648	1.0	0.1473236686343974	6.162031382728762
sp|P68871|HBB_HUMAN	psvid_33160_sp|P68871|HBB_HUMAN	-0.0003130600859291288	-0.2956825718917475	0.29505645171988926	0.11312212776066226	-0.0027674522405685704	0.9979042341580883	1.0	0.12936703666805552	5.317017802139996
sp|P50395|GDIB_HUMAN	psvid_85725_sp|P50395|GDIB_HUMAN	-0.0005906768387797801	-0.6029366671340395	0.6017553134564799	0.23068955104309705	-0.002560483715491001	0.9980609690658074	1.0	0.38059189198375043	4.106008637405456
sp|P51970|NDUA8_HUMAN	psvid_79003_sp|P51970|NDUA8_HUMAN	1.1102230246251565e-16	-0.2263711837550193	0.22637118375501952	0.08669679485031814	1.2805813946662672e-15	0.999999999999999	1.0	8.107922592650824e-16	1.59807935569469
sp|O15400|STX7_HUMAN	psvid_85423_sp|O15400|STX7_HUMAN	1.1102230246251565e-16	-0.27902267094929606	0.2790226709492963	0.10686153096260677	1.0389361022851604e-15	0.9999999999999992	1.0	0.11122368760809867	2.7341594847506427
sp|P04083|ANXA1_HUMAN	psvid_46613_sp|P04083|ANXA1_HUMAN	2.220446049250313e-16	-0.6090157135647044	0.6090157135647049	0.23324395580613985	9.519843897244786e-16	0.9999999999999993	1.0	0.3854948445516728	2.7267226489021295
sp|Q01130|SRSF2_HUMAN	psvid_31475_sp|Q01130|SRSF2_HUMAN	1.1102230246251565e-16	-0.42220447118102533	0.42220447118102555	0.1616980298273357	6.86602691331907e-16	0.9999999999999994	1.0	0.24299680802320334	2.4285613794165304
sp|A0A0U1RRL7|MMPOS_HUMAN	psvid_100287_sp|A0A0U1RRL7|MMPOS_HUMAN	0.0	-0.41803486728387396	0.41803486728387396	0.16010113358072844	0.0	1.0	1.0	0.23962201193242966	2.188721875540867
sp|A4FU01|MTMRB_HUMAN	psvid_74870_sp|A4FU01|MTMRB_HUMAN	0.0	-0.2263711837550194	0.2263711837550194	0.08669679485031814	0.0	1.0	1.0	2.7194799110210365e-16	0.25
sp|O00124|UBXN8_HUMAN	psvid_62858_sp|O00124|UBXN8_HUMAN	0.0	-0.7911181281630659	0.7911181281630659	0.30298647081311736	0.0	1.0	1.0	0.5168551678983829	2.4285613794165304
sp|O00560|SDCB1_HUMAN	psvid_82107_sp|O00560|SDCB1_HUMAN	0.0	-0.8765005268772097	0.8765005268772097	0.33568665898353	0.0	1.0	1.0	0.5773502691896257	1.0
sp|O15270|SPTC2_HUMAN	psvid_72102_sp|O15270|SPTC2_HUMAN	0.0	-0.2263711837550194	0.2263711837550194	0.08669679485031814	0.0	1.0	1.0	5.438959822042073e-16	1.0
sp|O43264|ZW10_HUMAN	psvid_24311_sp|O43264|ZW10_HUMAN	0.0	-0.7511151654259346	0.7511151654259346	0.28766593135090723	0.0	1.0	1.0	0.488321756219669	2.3729632740824185
sp|O75460|ERN1_HUMAN	psvid_42688_sp|O75460|ERN1_HUMAN	0.0	-0.8765005268772097	0.8765005268772097	0.33568665898353	0.0	1.0	1.0	0.5773502691896257	0.25
sp|P08631|HCK_HUMAN	psvid_37528_sp|P08631|HCK_HUMAN	0.0	-0.2263711837550194	0.2263711837550194	0.08669679485031814	0.0	1.0	1.0	5.438959822042073e-16	0.792481250360578
sp|P14136|GFAP_HUMAN	psvid_30558_sp|P14136|GFAP_HUMAN	0.0	-0.8765005268772097	0.8765005268772097	0.33568665898353	0.0	1.0	1.0	0.5773502691896257	0.5
sp|P14174|MIF_HUMAN	psvid_27448_sp|P14174|MIF_HUMAN	0.0	-0.2263711837550194	0.2263711837550194	0.08669679485031814	0.0	1.0	1.0	5.438959822042073e-16	1.146240625180289
sp|P19022|CADH2_HUMAN	psvid_83022_sp|P19022|CADH2_HUMAN	0.0	-0.2263711837550194	0.2263711837550194	0.08669679485031814	0.0	1.0	1.0	8.107922592650824e-16	1.25
sp|P43034|LIS1_HUMAN	psvid_47516_sp|P43034|LIS1_HUMAN	0.0	-0.2263711837550194	0.2263711837550194	0.08669679485031814	0.0	1.0	1.0	5.733167046599011e-16	1.25
sp|P52815|RM12_HUMAN	psvid_67649_sp|P52815|RM12_HUMAN	0.0	-0.2263711837550194	0.2263711837550194	0.08669679485031814	0.0	1.0	1.0	2.2055934006209998e-15	2.542481250360578
sp|P53597|SUCA_HUMAN	psvid_57510_sp|P53597|SUCA_HUMAN	0.0	-1.361046388325047	1.361046388325047	0.5212605136088423	0.0	1.0	1.0	0.9150785264468219	1.042481250360578
sp|Q01484|ANK2_HUMAN	psvid_26878_sp|Q01484|ANK2_HUMAN	0.0	-0.2263711837550194	0.2263711837550194	0.08669679485031814	0.0	1.0	1.0	2.5639502485114184e-16	0.5
sp|Q14141|SEPT6_HUMAN	psvid_52707_sp|Q14141|SEPT6_HUMAN	0.0	-0.5446016433481199	0.5446016433481199	0.20857432543001914	0.0	1.0	1.0	0.33772825725719613	0.896240625180289
sp|Q14232|EI2BA_HUMAN	psvid_90184_sp|Q14232|EI2BA_HUMAN	0.0	-0.2263711837550194	0.2263711837550194	0.08669679485031814	0.0	1.0	1.0	5.513983501552499e-16	0.75
sp|Q2TAY7|SMU1_HUMAN	psvid_46300_sp|Q2TAY7|SMU1_HUMAN	0.0	-0.2263711837550194	0.2263711837550194	0.08669679485031814	0.0	1.0	1.0	3.6259732146947156e-16	1.25
sp|Q53EU6|GPAT3_HUMAN	psvid_57619_sp|Q53EU6|GPAT3_HUMAN	0.0	-1.4840052881235908	1.4840052881235908	0.5683519425355543	0.0	1.0	1.0	1.0	0.896240625180289
sp|Q71RG4|TMUB2_HUMAN	psvid_82998_sp|Q71RG4|TMUB2_HUMAN	0.0	-0.8765005268772097	0.8765005268772097	0.33568665898353	0.0	1.0	1.0	0.5773502691896257	1.0
sp|Q7L1Q6|5MP2_HUMAN	psvid_4705_sp|Q7L1Q6|5MP2_HUMAN	0.0	-0.9443317272264146	0.9443317272264146	0.3616649993516664	0.0	1.0	1.0	0.6251016252865439	1.896240625180289
sp|Q86VI3|IQGA3_HUMAN	psvid_23820_sp|Q86VI3|IQGA3_HUMAN	0.0	-0.2263711837550194	0.2263711837550194	0.08669679485031814	0.0	1.0	1.0	5.513983501552499e-16	0.75
sp|Q8TBQ9|KISHA_HUMAN	psvid_89725_sp|Q8TBQ9|KISHA_HUMAN	0.0	-1.4840052881235908	1.4840052881235908	0.5683519425355543	0.0	1.0	1.0	1.0	1.25
sp|Q92781|RDH5_HUMAN	psvid_64251_sp|Q92781|RDH5_HUMAN	0.0	-0.6090157135647046	0.6090157135647046	0.23324395580613985	0.0	1.0	1.0	0.38549484455167277	1.7267226489021295
sp|Q969M3|YIPF5_HUMAN	psvid_88888_sp|Q969M3|YIPF5_HUMAN	0.0	-0.8765005268772097	0.8765005268772097	0.33568665898353	0.0	1.0	1.0	0.5773502691896257	1.0
sp|Q96H55|MYO19_HUMAN	psvid_52938_sp|Q96H55|MYO19_HUMAN	0.0	-0.8765005268772097	0.8765005268772097	0.33568665898353	0.0	1.0	1.0	0.5773502691896257	0.25
sp|Q9BUV8|RCAF1_HUMAN	psvid_72280_sp|Q9BUV8|RCAF1_HUMAN	0.0	-0.2263711837550194	0.2263711837550194	0.08669679485031814	0.0	1.0	1.0	5.438959822042073e-16	0.896240625180289
sp|Q9BWJ5|SF3B5_HUMAN	psvid_17729_sp|Q9BWJ5|SF3B5_HUMAN	0.0	-0.5446016433481199	0.5446016433481199	0.20857432543001914	0.0	1.0	1.0	0.33772825725719613	0.896240625180289
sp|Q9BZM1|PG12A_HUMAN	psvid_58451_sp|Q9BZM1|PG12A_HUMAN	0.0	-0.8765005268772097	0.8765005268772097	0.33568665898353	0.0	1.0	1.0	0.5773502691896257	1.292481250360578
sp|Q9C0K3|ARP3C_HUMAN	psvid_51710_sp|Q9C0K3|ARP3C_HUMAN	0.0	-1.1970896962825102	1.1970896962825102	0.45846754032240283	0.0	1.0	1.0	0.8014868740807309	0.646240625180289
sp|Q9NRX5|SERC1_HUMAN	psvid_61108_sp|Q9NRX5|SERC1_HUMAN	0.0	-0.5446016433481199	0.5446016433481199	0.20857432543001914	0.0	1.0	1.0	0.33772825725719613	1.042481250360578
sp|Q9NY64|SL2A8_HUMAN	psvid_93320_sp|Q9NY64|SL2A8_HUMAN	0.0	-0.8765005268772097	0.8765005268772097	0.33568665898353	0.0	1.0	1.0	0.5773502691896257	0.25
sp|Q9P1U1|ARP3B_HUMAN	psvid_42114_sp|Q9P1U1|ARP3B_HUMAN	0.0	-1.1970896962825102	1.1970896962825102	0.45846754032240283	0.0	1.0	1.0	0.8014868740807309	0.646240625180289
sp|Q9Y2V2|CHSP1_HUMAN	psvid_82947_sp|Q9Y2V2|CHSP1_HUMAN	0.0	-0.8765005268772097	0.8765005268772097	0.33568665898353	0.0	1.0	1.0	0.5773502691896257	0.75
sp|Q9Y5I4|PCDC2_HUMAN	psvid_42310_sp|Q9Y5I4|PCDC2_HUMAN	0.0	-0.2263711837550194	0.2263711837550194	0.08669679485031814	0.0	1.0	1.0	4.622227044373279e-16	0.5
